{"display":{"thirdperson_righthand":{"rotation":[0,-90,0],"translation":[0,14.25,1]},"thirdperson_lefthand":{"rotation":[0,-90,0],"translation":[0,14.25,1]},"firstperson_righthand":{"rotation":[0,-67,12],"translation":[3,4.5,0]},"firstperson_lefthand":{"rotation":[0,-67,12],"translation":[3,4.5,0]},"ground":{"rotation":[53,0,0],"translation":[0,6.5,3],"scale":[0.7,0.7,0.7]},"gui":{"rotation":[0,0,-45],"translation":[1,1.5,0],"scale":[0.6,0.6,0.6]},"head":{"rotation":[0,0,140],"translation":[-1,-46.25,8.75],"scale":[2,2,2]},"fixed":{"translation":[0,4.25,-1.25]}},"texture_size":[32,32],"textures":{"0":"gear/sword/heroic_sword","particle":"gear/sword/heroic_sword"},"elements":[{"from":[7.5,-14.25,7.5],"to":[8.5,-4.25,8.5],"rotation":{"angle":0,"axis":"y","origin":[7.5,1,0]},"faces":{"north":{"uv":[5.5,0,6,5],"texture":"#0"},"east":{"uv":[5.5,0,6,5],"texture":"#0"},"south":{"uv":[5.5,0,6,5],"texture":"#0"},"west":{"uv":[5.5,0,6,5],"texture":"#0"},"up":{"uv":[12,2.5,11.5,2],"texture":"#0"},"down":{"uv":[12,2.5,11.5,3],"texture":"#0"}}},{"from":[6.5,-3,7.75],"to":[9.5,21,8.25],"rotation":{"angle":0,"axis":"y","origin":[7.5,1,0]},"faces":{"north":{"uv":[13,3.5,14.75,15.75],"texture":"#0"},"east":{"uv":[4.5,0,4.75,12],"texture":"#0"},"south":{"uv":[14.75,3.5,13,15.75],"texture":"#0"},"west":{"uv":[5,0,5.25,12],"texture":"#0"},"up":{"uv":[12,5.75,10.5,5.5],"texture":"#0"},"down":{"uv":[12,6,10.5,6.25],"texture":"#0"}}},{"from":[6.5,21,8],"to":[9.5,27,8],"rotation":{"angle":0,"axis":"y","origin":[7.5,1,0]},"faces":{"north":{"uv":[13.25,0,15,3.25],"texture":"#0"},"east":{"uv":[0,0,0,3],"texture":"#0"},"south":{"uv":[15,0,13.25,3.25],"texture":"#0"},"west":{"uv":[0,0,0,3],"texture":"#0"},"up":{"uv":[1.5,0,0,0],"texture":"#0"},"down":{"uv":[1.5,0,0,0],"texture":"#0"}}},{"from":[7.75,-15.25,7.75],"to":[8.25,-14.25,8.25],"rotation":{"angle":0,"axis":"y","origin":[7.5,1,0]},"faces":{"north":{"uv":[8.5,12,8.75,12.5],"texture":"#0"},"east":{"uv":[12,8.5,12.25,9],"texture":"#0"},"south":{"uv":[9,12,9.25,12.5],"texture":"#0"},"west":{"uv":[12,9,12.25,9.5],"texture":"#0"},"up":{"uv":[9.75,12.25,9.5,12],"texture":"#0"},"down":{"uv":[12.25,9.5,12,9.75],"texture":"#0"}}},{"from":[7.25,-11.75,7.25],"to":[8.75,-10.75,8.75],"rotation":{"angle":0,"axis":"y","origin":[7.5,1,0]},"faces":{"north":{"uv":[10.5,6.5,11.25,7],"texture":"#0"},"east":{"uv":[7,10.5,7.75,11],"texture":"#0"},"south":{"uv":[10.5,7,11.25,7.5],"texture":"#0"},"west":{"uv":[10.5,7.5,11.25,8],"texture":"#0"},"up":{"uv":[6.75,9.75,6,9],"texture":"#0"},"down":{"uv":[9.75,6,9,6.75],"texture":"#0"}}},{"from":[7.25,-5.75,7.25],"to":[8.75,-4.75,8.75],"rotation":{"angle":0,"axis":"y","origin":[7.5,1,0]},"faces":{"north":{"uv":[8,10.5,8.75,11],"texture":"#0"},"east":{"uv":[10.5,8,11.25,8.5],"texture":"#0"},"south":{"uv":[10.5,8.5,11.25,9],"texture":"#0"},"west":{"uv":[9,10.5,9.75,11],"texture":"#0"},"up":{"uv":[9.75,7.75,9,7],"texture":"#0"},"down":{"uv":[9.75,8,9,8.75],"texture":"#0"}}},{"from":[7,-4.25,7],"to":[9,-2.25,9],"rotation":{"angle":0,"axis":"y","origin":[7.75,1,0]},"faces":{"north":{"uv":[3.5,6,4.5,7],"texture":"#0"},"east":{"uv":[6,5,7,6],"texture":"#0"},"south":{"uv":[6,6,7,7],"texture":"#0"},"west":{"uv":[6.5,0,7.5,1],"texture":"#0"},"up":{"uv":[7.5,2,6.5,1],"texture":"#0"},"down":{"uv":[7.5,2,6.5,3],"texture":"#0"}}},{"from":[7,-2.25,7.25],"to":[9,-0.25,8.75],"rotation":{"angle":0,"axis":"y","origin":[7.75,1,0]},"faces":{"north":{"uv":[6.5,3,7.5,4],"texture":"#0"},"east":{"uv":[3.5,7,4.25,8],"texture":"#0"},"south":{"uv":[6.5,4,7.5,5],"texture":"#0"},"west":{"uv":[7.5,7,8.25,8],"texture":"#0"},"up":{"uv":[4.5,8.75,3.5,8],"texture":"#0"},"down":{"uv":[7,8,6,8.75],"texture":"#0"}}},{"from":[7.5,-0.25,7.5],"to":[8.5,2.75,8.5],"rotation":{"angle":0,"axis":"y","origin":[7.25,0.5,0]},"faces":{"north":{"uv":[7,8,7.5,9.5],"texture":"#0"},"east":{"uv":[7.5,8,8,9.5],"texture":"#0"},"south":{"uv":[8,8,8.5,9.5],"texture":"#0"},"west":{"uv":[8.5,5,9,6.5],"texture":"#0"},"up":{"uv":[3.5,12,3,11.5],"texture":"#0"},"down":{"uv":[12,3,11.5,3.5],"texture":"#0"}}},{"from":[6.25,3.25,7.6],"to":[7,5.25,8.4],"rotation":{"angle":0,"axis":"y","origin":[7.25,-1,0]},"faces":{"north":{"uv":[8,9.5,8.5,10.5],"texture":"#0"},"east":{"uv":[8.5,9.5,9,10.5],"texture":"#0"},"south":{"uv":[5.5,10,6,11],"texture":"#0"},"west":{"uv":[6,10,6.5,11],"texture":"#0"},"up":{"uv":[4,12,3.5,11.5],"texture":"#0"},"down":{"uv":[12,3.5,11.5,4],"texture":"#0"}}},{"from":[6.275,5.15,7.5],"to":[7.275,6.15,8.5],"rotation":{"angle":-45,"axis":"z","origin":[6.5,5.75,8.25]},"faces":{"north":{"uv":[11.5,4,12,4.5],"texture":"#0"},"east":{"uv":[11.5,4.5,12,5],"texture":"#0"},"south":{"uv":[11.5,5,12,5.5],"texture":"#0"},"west":{"uv":[5.5,11.5,6,12],"texture":"#0"},"up":{"uv":[6.5,12,6,11.5],"texture":"#0"},"down":{"uv":[7,11.5,6.5,12],"texture":"#0"}}},{"from":[11.175,0.775,7.4],"to":[12.575,2.175,8.6],"rotation":{"angle":-45,"axis":"z","origin":[7.775,5.25,8.25]},"faces":{"north":{"uv":[9,9,9.75,9.75],"texture":"#0"},"east":{"uv":[10,10.5,10.5,11.25],"texture":"#0"},"south":{"uv":[9.5,0,10.25,0.75],"texture":"#0"},"west":{"uv":[10.5,10.5,11,11.25],"texture":"#0"},"up":{"uv":[3.75,11.5,3,11],"texture":"#0"},"down":{"uv":[6.25,11,5.5,11.5],"texture":"#0"}}},{"from":[8.725,5.15,7.5],"to":[9.725,6.15,8.5],"rotation":{"angle":45,"axis":"z","origin":[9.5,5.75,8.25]},"faces":{"north":{"uv":[11.5,6.5,12,7],"texture":"#0"},"east":{"uv":[7,11.5,7.5,12],"texture":"#0"},"south":{"uv":[11.5,7,12,7.5],"texture":"#0"},"west":{"uv":[7.5,11.5,8,12],"texture":"#0"},"up":{"uv":[12,8,11.5,7.5],"texture":"#0"},"down":{"uv":[8.5,11.5,8,12],"texture":"#0"}}},{"from":[9,3.25,7.6],"to":[9.75,5.25,8.4],"rotation":{"angle":0,"axis":"y","origin":[8.75,-1,0]},"faces":{"north":{"uv":[10,6,10.5,7],"texture":"#0"},"east":{"uv":[6.5,10,7,11],"texture":"#0"},"south":{"uv":[10,7,10.5,8],"texture":"#0"},"west":{"uv":[10,8,10.5,9],"texture":"#0"},"up":{"uv":[12,8.5,11.5,8],"texture":"#0"},"down":{"uv":[12,8.5,11.5,9],"texture":"#0"}}},{"from":[5.5,-4,7.275],"to":[8,-2.5,8.725],"rotation":{"angle":-22.5,"axis":"z","origin":[8.25,-2.25,8]},"faces":{"north":{"uv":[7,5,8.25,5.75],"texture":"#0"},"east":{"uv":[9.5,1,10.25,1.75],"texture":"#0"},"south":{"uv":[6,7,7.25,7.75],"texture":"#0"},"west":{"uv":[9.5,2,10.25,2.75],"texture":"#0"},"up":{"uv":[8.25,6.75,7,6],"texture":"#0"},"down":{"uv":[8.75,0,7.5,0.75],"texture":"#0"}}},{"from":[8,-4,7.275],"to":[10.5,-2.5,8.725],"rotation":{"angle":22.5,"axis":"z","origin":[7.75,-2.25,8]},"faces":{"north":{"uv":[8.25,5,7,5.75],"texture":"#0"},"east":{"uv":[10.25,2,9.5,2.75],"texture":"#0"},"south":{"uv":[7.25,7,6,7.75],"texture":"#0"},"west":{"uv":[10.25,1,9.5,1.75],"texture":"#0"},"up":{"uv":[7,6.75,8.25,6],"texture":"#0"},"down":{"uv":[7.5,0,8.75,0.75],"texture":"#0"}}},{"from":[4.25,-4.7,7.4],"to":[6.25,-3.5,8.6],"rotation":{"angle":-45,"axis":"z","origin":[8.25,-2.25,8]},"faces":{"north":{"uv":[9,10,10,10.5],"texture":"#0"},"east":{"uv":[9,11.5,9.5,12],"texture":"#0"},"south":{"uv":[10,9,11,9.5],"texture":"#0"},"west":{"uv":[9.5,11.5,10,12],"texture":"#0"},"up":{"uv":[11,10,10,9.5],"texture":"#0"},"down":{"uv":[11,10,10,10.5],"texture":"#0"}}},{"from":[9.75,-4.7,7.4],"to":[11.75,-3.5,8.6],"rotation":{"angle":45,"axis":"z","origin":[7.75,-2.25,8]},"faces":{"north":{"uv":[10,10,9,10.5],"texture":"#0"},"east":{"uv":[10,11.5,9.5,12],"texture":"#0"},"south":{"uv":[11,9,10,9.5],"texture":"#0"},"west":{"uv":[9.5,11.5,9,12],"texture":"#0"},"up":{"uv":[10,10,11,9.5],"texture":"#0"},"down":{"uv":[10,10,11,10.5],"texture":"#0"}}},{"from":[6.75,-1.7,7.4],"to":[8.75,-0.5,8.6],"rotation":{"angle":45,"axis":"z","origin":[7.75,-2.25,8]},"faces":{"north":{"uv":[10.5,2,11.5,2.5],"texture":"#0"},"east":{"uv":[11.5,10,12,10.5],"texture":"#0"},"south":{"uv":[10.5,2.5,11.5,3],"texture":"#0"},"west":{"uv":[10.5,11.5,11,12],"texture":"#0"},"up":{"uv":[11.5,3.5,10.5,3],"texture":"#0"},"down":{"uv":[4.5,10.5,3.5,11],"texture":"#0"}}},{"from":[7.25,-1.7,7.4],"to":[9.25,-0.5,8.6],"rotation":{"angle":-45,"axis":"z","origin":[8.25,-2.25,8]},"faces":{"north":{"uv":[11.5,2,10.5,2.5],"texture":"#0"},"east":{"uv":[11,11.5,10.5,12],"texture":"#0"},"south":{"uv":[11.5,2.5,10.5,3],"texture":"#0"},"west":{"uv":[12,10,11.5,10.5],"texture":"#0"},"up":{"uv":[10.5,3.5,11.5,3],"texture":"#0"},"down":{"uv":[3.5,10.5,4.5,11],"texture":"#0"}}},{"from":[12.75,-0.2,7.65],"to":[14.75,0.5,8.35],"rotation":{"angle":45,"axis":"z","origin":[7.75,-4.25,8]},"faces":{"north":{"uv":[11.5,11,12.5,11.25],"texture":"#0"},"east":{"uv":[10,12,10.25,12.25],"texture":"#0"},"south":{"uv":[11.5,11.5,12.5,11.75],"texture":"#0"},"west":{"uv":[12,10,12.25,10.25],"texture":"#0"},"up":{"uv":[1,12.25,0,12],"texture":"#0"},"down":{"uv":[2,12,1,12.25],"texture":"#0"}}},{"from":[1.25,-0.2,7.65],"to":[3.25,0.5,8.35],"rotation":{"angle":-45,"axis":"z","origin":[8.25,-4.25,8]},"faces":{"north":{"uv":[2,12,3,12.25],"texture":"#0"},"east":{"uv":[10.5,12,10.75,12.25],"texture":"#0"},"south":{"uv":[12,2,13,2.25],"texture":"#0"},"west":{"uv":[12,10.5,12.25,10.75],"texture":"#0"},"up":{"uv":[13,2.75,12,2.5],"texture":"#0"},"down":{"uv":[4,12,3,12.25],"texture":"#0"}}},{"from":[4.7,0.5,7.55],"to":[5.5,3,8.45],"rotation":{"angle":22.5,"axis":"z","origin":[8.25,-2.25,8]},"faces":{"north":{"uv":[8.5,6.5,9,7.75],"texture":"#0"},"east":{"uv":[8.5,8,9,9.25],"texture":"#0"},"south":{"uv":[9,0,9.5,1.25],"texture":"#0"},"west":{"uv":[9,1.5,9.5,2.75],"texture":"#0"},"up":{"uv":[12.5,3.5,12,3],"texture":"#0"},"down":{"uv":[12.5,3.5,12,4],"texture":"#0"}}},{"from":[10.5,0.5,7.55],"to":[11.3,3,8.45],"rotation":{"angle":-22.5,"axis":"z","origin":[7.75,-2.25,8]},"faces":{"north":{"uv":[9,6.5,8.5,7.75],"texture":"#0"},"east":{"uv":[9.5,1.5,9,2.75],"texture":"#0"},"south":{"uv":[9.5,0,9,1.25],"texture":"#0"},"west":{"uv":[9,8,8.5,9.25],"texture":"#0"},"up":{"uv":[12,3.5,12.5,3],"texture":"#0"},"down":{"uv":[12,3.5,12.5,4],"texture":"#0"}}},{"from":[6.55,3.5,7.4],"to":[7.75,4.7,8.65],"rotation":{"angle":45,"axis":"z","origin":[8.25,-2.25,8]},"faces":{"north":{"uv":[4.5,12,5,12.5],"texture":"#0"},"east":{"uv":[6.5,11,7.25,11.5],"texture":"#0"},"south":{"uv":[12,4.5,12.5,5],"texture":"#0"},"west":{"uv":[7.5,11,8.25,11.5],"texture":"#0"},"up":{"uv":[4.5,11.75,4,11],"texture":"#0"},"down":{"uv":[9,11,8.5,11.75],"texture":"#0"}}},{"from":[8.25,3.5,7.4],"to":[9.45,4.7,8.65],"rotation":{"angle":-45,"axis":"z","origin":[7.75,-2.25,8]},"faces":{"north":{"uv":[5,12,4.5,12.5],"texture":"#0"},"east":{"uv":[8.25,11,7.5,11.5],"texture":"#0"},"south":{"uv":[12.5,4.5,12,5],"texture":"#0"},"west":{"uv":[7.25,11,6.5,11.5],"texture":"#0"},"up":{"uv":[4,11.75,4.5,11],"texture":"#0"},"down":{"uv":[8.5,11,9,11.75],"texture":"#0"}}},{"from":[3.25,1.75,7.4],"to":[4.45,2.95,8.6],"rotation":{"angle":-45,"axis":"z","origin":[7.75,-4.25,8]},"faces":{"north":{"uv":[5.5,12,6,12.5],"texture":"#0"},"east":{"uv":[12,5.5,12.5,6],"texture":"#0"},"south":{"uv":[6,12,6.5,12.5],"texture":"#0"},"west":{"uv":[12,6,12.5,6.5],"texture":"#0"},"up":{"uv":[7,12.5,6.5,12],"texture":"#0"},"down":{"uv":[12.5,6.5,12,7],"texture":"#0"}}},{"from":[11.55,1.75,7.4],"to":[12.75,2.95,8.6],"rotation":{"angle":45,"axis":"z","origin":[8.25,-4.25,8]},"faces":{"north":{"uv":[7,12,7.5,12.5],"texture":"#0"},"east":{"uv":[12,7,12.5,7.5],"texture":"#0"},"south":{"uv":[7.5,12,8,12.5],"texture":"#0"},"west":{"uv":[12,7.5,12.5,8],"texture":"#0"},"up":{"uv":[8.5,12.5,8,12],"texture":"#0"},"down":{"uv":[12.5,8,12,8.5],"texture":"#0"}}},{"from":[7.25,-13.25,7.25],"to":[8.75,-12.25,8.75],"rotation":{"angle":0,"axis":"y","origin":[7.5,1,0]},"faces":{"north":{"uv":[11.5,0,12.25,0.5],"texture":"#0"},"east":{"uv":[11.5,0.5,12.25,1],"texture":"#0"},"south":{"uv":[11.5,1,12.25,1.5],"texture":"#0"},"west":{"uv":[11.5,1.5,12.25,2],"texture":"#0"},"up":{"uv":[10.25,5.75,9.5,5],"texture":"#0"},"down":{"uv":[7.75,9.5,7,10.25],"texture":"#0"}}}],"gui_light":"front"}