{"textures":{"0":"modelengine:custom/mechadino","particle":"modelengine:custom/mechadino"},"elements":[{"from":[15.099144,15.71767,16.510784],"to":[15.739143,20.19767,24.190784],"faces":{"east":{"uv":[6.0,3.9375,5.25,4.375],"tintindex":0,"rotation":0,"texture":"#0"},"south":{"uv":[6.5,9.5625,6.4375,10.0],"tintindex":0,"rotation":0,"texture":"#0"},"north":{"uv":[6.25,9.5625,6.1875,10.0],"tintindex":0,"rotation":0,"texture":"#0"},"west":{"uv":[6.0,3.5,5.25,3.9375],"tintindex":0,"rotation":0,"texture":"#0"},"up":{"uv":[5.0625,10.0,5.125,9.25],"tintindex":0,"rotation":0,"texture":"#0"},"down":{"uv":[5.125,9.25,5.1875,10.0],"tintindex":0,"rotation":0,"texture":"#0"}},"rotation":{"origin":[15.2,15.700001,17.066668],"angle":-22.5,"axis":"z"}}],"display":{"gui":{"rotation":[30,225,0]}}}