{"textures":{"0":"modelengine:custom/mechadino","particle":"modelengine:custom/mechadino"},"elements":[{"from":[0.32000017,27.11915,10.10817],"to":[15.68,29.03915,12.268169],"faces":{"east":{"uv":[9.9375,4.5625,10.0625,4.6875],"tintindex":0,"rotation":0,"texture":"#0"},"south":{"uv":[8.0,5.0625,9.0,5.1875],"tintindex":0,"rotation":0,"texture":"#0"},"north":{"uv":[8.0,4.9375,9.0,5.0625],"tintindex":0,"rotation":0,"texture":"#0"},"west":{"uv":[9.9375,4.6875,10.0625,4.8125],"tintindex":0,"rotation":0,"texture":"#0"},"up":{"uv":[9.0,5.3125,8.0,5.1875],"tintindex":0,"rotation":0,"texture":"#0"},"down":{"uv":[9.0,5.3125,8.0,5.4375],"tintindex":0,"rotation":0,"texture":"#0"}}},{"from":[-2.08,27.59915,7.4681683],"to":[-1.1199999,28.55915,8.668169],"faces":{"east":{"uv":[10.0625,1.0625,10.125,1.125],"tintindex":0,"rotation":0,"texture":"#0"},"south":{"uv":[1.125,10.0625,1.1875,10.125],"tintindex":0,"rotation":0,"texture":"#0"},"north":{"uv":[1.0625,10.0625,1.125,10.125],"tintindex":0,"rotation":0,"texture":"#0"},"west":{"uv":[10.0625,1.125,10.125,1.1875],"tintindex":0,"rotation":0,"texture":"#0"},"up":{"uv":[1.25,10.125,1.1875,10.0625],"tintindex":0,"rotation":0,"texture":"#0"},"down":{"uv":[10.125,1.1875,10.0625,1.25],"tintindex":0,"rotation":0,"texture":"#0"}}},{"from":[-2.08,27.59915,10.10817],"to":[0.32000017,28.55915,12.268169],"faces":{"east":{"uv":[10.0,7.0625,10.125,7.125],"tintindex":0,"rotation":0,"texture":"#0"},"south":{"uv":[8.4375,2.6875,8.625,2.75],"tintindex":0,"rotation":0,"texture":"#0"},"north":{"uv":[0.25,7.4375,0.4375,7.5],"tintindex":0,"rotation":0,"texture":"#0"},"west":{"uv":[10.0,7.125,10.125,7.1875],"tintindex":0,"rotation":0,"texture":"#0"},"up":{"uv":[9.9375,4.9375,9.75,4.8125],"tintindex":0,"rotation":0,"texture":"#0"},"down":{"uv":[9.9375,5.0625,9.75,5.1875],"tintindex":0,"rotation":0,"texture":"#0"}}},{"from":[0.32000017,27.11915,5.3081684],"to":[15.68,29.03915,7.4681683],"faces":{"east":{"uv":[9.9375,4.4375,10.0625,4.5625],"tintindex":0,"rotation":0,"texture":"#0"},"south":{"uv":[7.9375,4.5625,8.9375,4.6875],"tintindex":0,"rotation":0,"texture":"#0"},"north":{"uv":[7.9375,4.4375,8.9375,4.5625],"tintindex":0,"rotation":0,"texture":"#0"},"west":{"uv":[4.5,9.9375,4.625,10.0625],"tintindex":0,"rotation":0,"texture":"#0"},"up":{"uv":[8.9375,4.8125,7.9375,4.6875],"tintindex":0,"rotation":0,"texture":"#0"},"down":{"uv":[8.9375,4.8125,7.9375,4.9375],"tintindex":0,"rotation":0,"texture":"#0"}}},{"from":[-2.08,27.59915,12.268169],"to":[-1.1199999,28.55915,13.468168],"faces":{"east":{"uv":[10.0625,0.875,10.125,0.9375],"tintindex":0,"rotation":0,"texture":"#0"},"south":{"uv":[0.9375,10.0625,1.0,10.125],"tintindex":0,"rotation":0,"texture":"#0"},"north":{"uv":[0.875,10.0625,0.9375,10.125],"tintindex":0,"rotation":0,"texture":"#0"},"west":{"uv":[10.0625,0.9375,10.125,1.0],"tintindex":0,"rotation":0,"texture":"#0"},"up":{"uv":[1.0625,10.125,1.0,10.0625],"tintindex":0,"rotation":0,"texture":"#0"},"down":{"uv":[10.125,1.0,10.0625,1.0625],"tintindex":0,"rotation":0,"texture":"#0"}}},{"from":[-2.08,27.59915,5.3081684],"to":[0.32000017,28.55915,7.4681683],"faces":{"east":{"uv":[10.0,7.1875,10.125,7.25],"tintindex":0,"rotation":0,"texture":"#0"},"south":{"uv":[7.0625,8.75,7.25,8.8125],"tintindex":0,"rotation":0,"texture":"#0"},"north":{"uv":[4.5,8.5,4.6875,8.5625],"tintindex":0,"rotation":0,"texture":"#0"},"west":{"uv":[10.0,7.25,10.125,7.3125],"tintindex":0,"rotation":0,"texture":"#0"},"up":{"uv":[9.9375,5.4375,9.75,5.3125],"tintindex":0,"rotation":0,"texture":"#0"},"down":{"uv":[9.9375,6.875,9.75,7.0],"tintindex":0,"rotation":0,"texture":"#0"}}}],"display":{"gui":{"rotation":[30,225,0]}}}