{"textures":{"0":"modelengine:custom/mechadino","particle":"modelengine:custom/mechadino"},"elements":[{"from":[8.0,-0.30490112,4.00775],"to":[15.679999,9.295099,11.68775],"faces":{"east":{"uv":[8.0625,8.4375,8.3125,8.75],"tintindex":0,"rotation":0,"texture":"#0"},"south":{"uv":[0.0,8.5,0.25,8.8125],"tintindex":0,"rotation":0,"texture":"#0"},"north":{"uv":[8.4375,3.4375,8.6875,3.75],"tintindex":0,"rotation":0,"texture":"#0"},"west":{"uv":[0.25,8.5,0.5,8.8125],"tintindex":0,"rotation":0,"texture":"#0"},"up":{"uv":[8.9375,3.6875,8.6875,3.4375],"tintindex":0,"rotation":0,"texture":"#0"},"down":{"uv":[5.8125,8.6875,5.5625,8.9375],"tintindex":0,"rotation":0,"texture":"#0"}}}],"display":{"gui":{"rotation":[30,225,0]}}}