{"textures":{"0":"modelengine:custom/mechadino","particle":"modelengine:custom/mechadino"},"elements":[{"from":[3.1999998,13.002104,-4.4386253],"to":[12.8,16.842104,-0.5986252],"faces":{"east":{"uv":[8.8125,3.125,9.0625,3.375],"tintindex":0,"rotation":0,"texture":"#0"},"south":{"uv":[5.5625,7.3125,6.1875,7.5625],"tintindex":0,"rotation":0,"texture":"#0"},"north":{"uv":[7.3125,4.4375,7.9375,4.6875],"tintindex":0,"rotation":0,"texture":"#0"},"west":{"uv":[6.25,8.8125,6.5,9.0625],"tintindex":0,"rotation":0,"texture":"#0"},"up":{"uv":[6.8125,7.5625,6.1875,7.3125],"tintindex":0,"rotation":0,"texture":"#0"},"down":{"uv":[7.4375,7.3125,6.8125,7.5625],"tintindex":0,"rotation":0,"texture":"#0"}}},{"from":[6.08,13.962105,-6.3586235],"to":[9.92,17.802105,1.3213749],"faces":{"east":{"uv":[7.9375,2.5,8.4375,2.75],"tintindex":0,"rotation":0,"texture":"#0"},"south":{"uv":[7.3125,8.8125,7.5625,9.0625],"tintindex":0,"rotation":0,"texture":"#0"},"north":{"uv":[7.0625,8.8125,7.3125,9.0625],"tintindex":0,"rotation":0,"texture":"#0"},"west":{"uv":[3.3125,7.9375,3.8125,8.1875],"tintindex":0,"rotation":0,"texture":"#0"},"up":{"uv":[2.125,3.25,1.875,2.75],"tintindex":0,"rotation":0,"texture":"#0"},"down":{"uv":[4.0625,7.9375,3.8125,8.4375],"tintindex":0,"rotation":0,"texture":"#0"}}},{"from":[5.12,14.922104,-3.9586258],"to":[10.88,18.762104,-1.0786247],"faces":{"east":{"uv":[2.75,7.0625,2.9375,7.3125],"tintindex":0,"rotation":0,"texture":"#0"},"south":{"uv":[3.375,6.8125,3.75,7.0625],"tintindex":0,"rotation":0,"texture":"#0"},"north":{"uv":[3.75,0.5625,4.125,0.8125],"tintindex":0,"rotation":0,"texture":"#0"},"west":{"uv":[5.4375,9.0625,5.625,9.3125],"tintindex":0,"rotation":0,"texture":"#0"},"up":{"uv":[3.375,4.5625,3.0,4.375],"tintindex":0,"rotation":0,"texture":"#0"},"down":{"uv":[5.875,5.1875,5.5,5.375],"tintindex":0,"rotation":0,"texture":"#0"}}},{"from":[7.04,18.762104,-3.9586258],"to":[8.96,21.642105,-1.0786247],"faces":{"east":{"uv":[9.4375,0.375,9.625,0.5625],"tintindex":0,"rotation":0,"texture":"#0"},"south":{"uv":[8.25,9.75,8.375,9.9375],"tintindex":0,"rotation":0,"texture":"#0"},"north":{"uv":[8.125,9.75,8.25,9.9375],"tintindex":0,"rotation":0,"texture":"#0"},"west":{"uv":[9.4375,1.0,9.625,1.1875],"tintindex":0,"rotation":0,"texture":"#0"},"up":{"uv":[8.5,9.9375,8.375,9.75],"tintindex":0,"rotation":0,"texture":"#0"},"down":{"uv":[8.75,9.75,8.625,9.9375],"tintindex":0,"rotation":0,"texture":"#0"}}},{"from":[7.04,20.682106,-1.0786247],"to":[8.96,21.642105,-0.11862373],"faces":{"east":{"uv":[10.0,8.875,10.0625,8.9375],"tintindex":0,"rotation":0,"texture":"#0"},"south":{"uv":[10.0,5.875,10.125,5.9375],"tintindex":0,"rotation":0,"texture":"#0"},"north":{"uv":[10.0,5.8125,10.125,5.875],"tintindex":0,"rotation":0,"texture":"#0"},"west":{"uv":[10.0,8.9375,10.0625,9.0],"tintindex":0,"rotation":0,"texture":"#0"},"up":{"uv":[6.0625,10.0625,5.9375,10.0],"tintindex":0,"rotation":0,"texture":"#0"},"down":{"uv":[10.125,5.9375,10.0,6.0],"tintindex":0,"rotation":0,"texture":"#0"}}},{"from":[4.16,7.2421036,-3.9586296],"to":[11.72,15.882105,5.641371],"faces":{"east":{"uv":[4.625,1.75,5.25,2.3125],"tintindex":0,"rotation":0,"texture":"#0"},"south":{"uv":[2.25,5.875,2.75,6.4375],"tintindex":0,"rotation":0,"texture":"#0"},"north":{"uv":[5.875,1.0,6.375,1.5625],"tintindex":0,"rotation":0,"texture":"#0"},"west":{"uv":[1.8125,4.625,2.4375,5.1875],"tintindex":0,"rotation":0,"texture":"#0"},"up":{"uv":[5.875,6.0,5.375,5.375],"tintindex":0,"rotation":0,"texture":"#0"},"down":{"uv":[1.0625,5.625,0.5625,6.25],"tintindex":0,"rotation":0,"texture":"#0"}}}],"display":{"gui":{"rotation":[30,225,0]}}}