{"textures":{"0":"modelengine:custom/mechadino","particle":"modelengine:custom/mechadino"},"elements":[{"from":[10.9472,7.35487,-3.7675],"to":[11.907199,9.274868,-0.6187],"faces":{"east":{"uv":[10.125,6.0625,10.0,6.125],"tintindex":0,"rotation":0,"texture":"#0"},"south":{"uv":[0.5,10.0625,0.4375,10.125],"tintindex":0,"rotation":0,"texture":"#0"},"north":{"uv":[10.125,0.375,10.0625,0.4375],"tintindex":0,"rotation":0,"texture":"#0"},"west":{"uv":[10.125,6.0,10.0,6.0625],"tintindex":0,"rotation":0,"texture":"#0"},"up":{"uv":[5.375,10.125,5.4375,10.0],"tintindex":0,"rotation":0,"texture":"#0"},"down":{"uv":[6.125,10.0,6.1875,10.125],"tintindex":0,"rotation":0,"texture":"#0"}}},{"from":[2.6527996,3.4380684,-4.727499],"to":[10.9472,13.114868,11.8612995],"faces":{"east":{"uv":[3.3125,7.3125,2.75,7.625],"tintindex":0,"rotation":0,"texture":"#0"},"south":{"uv":[1.625,8.5625,1.375,8.875],"tintindex":0,"rotation":0,"texture":"#0"},"north":{"uv":[1.0,8.5625,0.75,8.875],"tintindex":0,"rotation":0,"texture":"#0"},"west":{"uv":[5.25,7.25,4.6875,7.5625],"tintindex":0,"rotation":0,"texture":"#0"},"up":{"uv":[0.25,8.0625,0.5,7.5],"tintindex":0,"rotation":0,"texture":"#0"},"down":{"uv":[0.5,7.5,0.75,8.0625],"tintindex":0,"rotation":0,"texture":"#0"}}},{"from":[10.9472,4.474869,-3.7675],"to":[11.907199,6.394867,1.301302],"faces":{"east":{"uv":[2.0,3.875,1.8125,3.9375],"tintindex":0,"rotation":0,"texture":"#0"},"south":{"uv":[0.4375,10.0625,0.375,10.125],"tintindex":0,"rotation":0,"texture":"#0"},"north":{"uv":[0.375,10.0625,0.3125,10.125],"tintindex":0,"rotation":0,"texture":"#0"},"west":{"uv":[0.9375,3.3125,0.75,3.375],"tintindex":0,"rotation":0,"texture":"#0"},"up":{"uv":[6.75,10.125,6.8125,9.9375],"tintindex":0,"rotation":0,"texture":"#0"},"down":{"uv":[9.9375,6.75,10.0,6.9375],"tintindex":0,"rotation":0,"texture":"#0"}}}],"display":{"gui":{"rotation":[30,225,0]}}}