{"file_name":"67pos","texture_size":[128,128],"textures":{"layer0":"manamodels/kilton"},"elements":[{"name":"67pos_0","from":[5.6,11.000002,8.615],"to":[12.8,12.200002,9.800001],"rotation":{"angle":0.0,"axis":"z","origin":[8.0,8.0,8.0]},"faces":{"east":{"uv":[12.5,13.5,12.75,13.75],"texture":"#layer0","tintindex":0},"south":{"uv":[10.375,4.0,11.875,4.25],"texture":"#layer0","tintindex":0},"north":{"uv":[9.625,10.375,11.125,10.625],"texture":"#layer0","tintindex":0},"west":{"uv":[12.875,13.5,13.125,13.75],"texture":"#layer0","tintindex":0},"up":{"uv":[11.875,6.875,10.375,6.625],"texture":"#layer0","tintindex":0},"down":{"uv":[10.375,7.0,11.875,7.25],"texture":"#layer0","tintindex":0}}},{"name":"67pos_1","from":[5.6,7.4,8.915001],"to":[12.8,11.0,9.5],"rotation":{"angle":0.0,"axis":"z","origin":[8.0,8.0,8.0]},"faces":{"east":{"uv":[0.0,13.25,0.125,14.0],"texture":"#layer0","tintindex":0},"south":{"uv":[7.0,3.5,8.5,4.25],"texture":"#layer0","tintindex":0},"north":{"uv":[3.875,6.875,5.375,7.625],"texture":"#layer0","tintindex":0},"west":{"uv":[0.25,13.25,0.375,14.0],"texture":"#layer0","tintindex":0},"up":{"uv":[12.625,2.875,11.125,2.75],"texture":"#layer0","tintindex":0},"down":{"uv":[11.25,7.75,12.75,7.875],"texture":"#layer0","tintindex":0}}}],"display":{"head":{"translation":[0.0,-6.4,0.0],"rotation":[0.0,0.0,0.0],"scale":[3.8095,3.8095,3.8095]},"gui":{"translation":[0.0,0.0,0.0],"rotation":[35.0,225.0,0.0],"scale":[0.625,0.625,0.625]}}}