{"file_name":"bone9","texture_size":[128,128],"textures":{"layer0":"manamodels/kilton"},"elements":[{"name":"bone9_0","from":[7.849999,5.8999996,6.6499996],"to":[8.449999,7.7,9.05],"rotation":{"angle":22.5,"axis":"z","origin":[8.0,8.0,8.0]},"faces":{"east":{"uv":[12.25,4.375,11.75,4.75],"texture":"#layer0","tintindex":0},"south":{"uv":[1.125,13.625,1.0,14.0],"texture":"#layer0","tintindex":0},"north":{"uv":[13.625,12.0,13.5,12.375],"texture":"#layer0","tintindex":0},"west":{"uv":[12.25,2.125,11.75,2.5],"texture":"#layer0","tintindex":0},"up":{"uv":[9.75,14.0,9.875,13.5],"texture":"#layer0","tintindex":0},"down":{"uv":[11.625,13.5,11.5,14.0],"texture":"#layer0","tintindex":0}}}],"display":{"head":{"translation":[0.0,-6.4,0.0],"rotation":[0.0,0.0,0.0],"scale":[3.8095,3.8095,3.8095]},"gui":{"translation":[0.0,0.0,0.0],"rotation":[35.0,225.0,0.0],"scale":[0.625,0.625,0.625]}}}