{"file_name":"leg2","texture_size":[128,128],"textures":{"layer0":"manamodels/kilton"},"elements":[{"name":"leg2_0","from":[6.2,5.45,5.8999996],"to":[9.8,7.85,10.1],"rotation":{"angle":0.0,"axis":"z","origin":[8.0,8.0,8.0]},"faces":{"east":{"uv":[10.375,6.0,9.5,6.5],"texture":"#layer0","tintindex":0},"south":{"uv":[7.375,10.375,6.625,10.875],"texture":"#layer0","tintindex":0},"north":{"uv":[3.0,10.0,2.25,10.5],"texture":"#layer0","tintindex":0},"west":{"uv":[10.375,5.375,9.5,5.875],"texture":"#layer0","tintindex":0},"up":{"uv":[5.0,9.875,5.75,9.0],"texture":"#layer0","tintindex":0},"down":{"uv":[9.75,0.0,9.0,0.875],"texture":"#layer0","tintindex":0}}},{"name":"leg2_1","from":[7.1,4.85,6.8],"to":[8.9,5.45,9.2],"rotation":{"angle":0.0,"axis":"z","origin":[8.0,8.0,8.0]},"faces":{"east":{"uv":[14.0,5.125,13.5,5.25],"texture":"#layer0","tintindex":0},"south":{"uv":[13.875,11.75,13.5,11.875],"texture":"#layer0","tintindex":0},"north":{"uv":[13.875,11.125,13.5,11.25],"texture":"#layer0","tintindex":0},"west":{"uv":[13.875,7.5,13.375,7.625],"texture":"#layer0","tintindex":0},"up":{"uv":[0.75,12.25,1.125,11.75],"texture":"#layer0","tintindex":0},"down":{"uv":[3.75,11.75,3.375,12.25],"texture":"#layer0","tintindex":0}}}],"display":{"head":{"translation":[0.0,-6.4,0.0],"rotation":[0.0,0.0,0.0],"scale":[3.8095,3.8095,3.8095]},"gui":{"translation":[0.0,0.0,0.0],"rotation":[35.0,225.0,0.0],"scale":[0.625,0.625,0.625]}}}