{"credit":"Copyright ManaLabs Inc","texture_size":[32,32],"textures":{"1":"manalabs:crates/pixar/angers_fire","particle":"manalabs:crates/pixar/angers_fire"},"elements":[{"from":[11.5,8,4.5],"to":[11.5,17,11.5],"rotation":{"angle":0,"axis":"y","origin":[7.5,4,7.5]},"faces":{"north":{"uv":[0,0,3.5,4.5],"texture":"#1"},"east":{"uv":[0,0,3.5,4.5],"texture":"#1"},"south":{"uv":[0,0,3.5,4.5],"texture":"#1"},"west":{"uv":[0,0,3.5,4.5],"texture":"#1"},"up":{"uv":[10.5,3.5,7,0],"texture":"#1"},"down":{"uv":[10.5,3.5,7,7],"texture":"#1"}}},{"from":[4.5,8,4.5],"to":[4.5,17,11.5],"rotation":{"angle":0,"axis":"y","origin":[8.5,4,7.5]},"faces":{"north":{"uv":[3.5,0,0,4.5],"texture":"#1"},"east":{"uv":[3.5,0,0,4.5],"texture":"#1"},"south":{"uv":[3.5,0,0,4.5],"texture":"#1"},"west":{"uv":[3.5,0,0,4.5],"texture":"#1"},"up":{"uv":[7,3.5,10.5,0],"texture":"#1"},"down":{"uv":[7,3.5,10.5,7],"texture":"#1"}}},{"from":[4.5,8,4.5],"to":[11.5,17,4.5],"rotation":{"angle":0,"axis":"y","origin":[7.5,4,7.5]},"faces":{"north":{"uv":[0,0,3.5,4.5],"texture":"#1"},"east":{"uv":[0,0,3.5,4.5],"texture":"#1"},"south":{"uv":[0,0,3.5,4.5],"texture":"#1"},"west":{"uv":[0,0,3.5,4.5],"texture":"#1"},"up":{"uv":[10.5,3.5,7,0],"texture":"#1"},"down":{"uv":[10.5,3.5,7,7],"texture":"#1"}}},{"from":[4.5,8,11.5],"to":[11.5,17,11.5],"rotation":{"angle":0,"axis":"y","origin":[7.5,4,8.5]},"faces":{"north":{"uv":[3.5,0,0,4.5],"texture":"#1"},"east":{"uv":[3.5,0,0,4.5],"texture":"#1"},"south":{"uv":[3.5,0,0,4.5],"texture":"#1"},"west":{"uv":[3.5,0,0,4.5],"texture":"#1"},"up":{"uv":[10.5,0,7,3.5],"texture":"#1"},"down":{"uv":[10.5,7,7,3.5],"texture":"#1"}}}],"gui_light":"front","display":{"thirdperson_righthand":{"rotation":[75,45,0],"translation":[0,1.25,0],"scale":[0.375,0.375,0.375]},"thirdperson_lefthand":{"rotation":[75,45,0],"translation":[0,1.5,0],"scale":[0.375,0.375,0.375]},"firstperson_righthand":{"rotation":[0,45,0],"translation":[2.5,0,0],"scale":[0.4,0.4,0.4]},"firstperson_lefthand":{"rotation":[0,225,0],"translation":[4.5,1,0],"scale":[0.4,0.4,0.4]},"ground":{"translation":[0,-3.25,0],"scale":[0.8,0.8,0.8]},"gui":{"rotation":[30,225,0],"translation":[0,-2.75,0],"scale":[1.3,1.3,1.3]},"head":{"translation":[0,5.75,0],"scale":[1.7,1.7,1.7]},"fixed":{"translation":[0,-3.5,0],"scale":[1.4,1.4,1.4]}},"groups":[{"name":"root","origin":[8,8,8],"color":0,"children":[0,1,2,3]}]}