{"credit":"Copyright ManaLabs Inc","texture_size":[128,128],"textures":{"0":"manalabs:crates/pixar/meridas_bow_2","particle":"manalabs:crates/pixar/meridas_bow_2"},"elements":[{"from":[7,6,6],"to":[9,10,8],"rotation":{"angle":0,"axis":"y","origin":[8,17.46967,9.57322]},"faces":{"north":{"uv":[2.625,5.875,2.875,6.375],"texture":"#0"},"east":{"uv":[2.875,5.875,3.125,6.375],"texture":"#0"},"south":{"uv":[3.125,5.875,3.375,6.375],"texture":"#0"},"west":{"uv":[3.375,5.875,3.625,6.375],"texture":"#0"},"up":{"uv":[6.125,5.875,5.875,5.625],"texture":"#0"},"down":{"uv":[6.125,5.875,5.875,6.125],"texture":"#0"}}},{"from":[7.9,6.5,-3],"to":[7.9,9.5,26],"rotation":{"angle":0,"axis":"y","origin":[7.9,8,10.25]},"faces":{"north":{"uv":[0,0,0,0.375],"texture":"#0"},"east":{"uv":[5,0,8.625,0.375],"texture":"#0"},"south":{"uv":[0,0,0,0.375],"texture":"#0"},"west":{"uv":[5,0.375,8.625,0.75],"texture":"#0"},"up":{"uv":[0,3.625,0,0],"texture":"#0"},"down":{"uv":[0,0,0,3.625],"texture":"#0"}}},{"from":[7.4,7.5,-4],"to":[8.4,8.5,-1],"rotation":{"angle":45,"axis":"z","origin":[7.9,8,10.25]},"faces":{"north":{"uv":[5.125,6,5.25,6.125],"texture":"#0"},"east":{"uv":[6,1.875,6.375,2],"texture":"#0"},"south":{"uv":[6.125,3.125,6.25,3.25],"texture":"#0"},"west":{"uv":[6,2,6.375,2.125],"texture":"#0"},"up":{"uv":[5.625,2.25,5.5,1.875],"texture":"#0"},"down":{"uv":[5,5.875,4.875,6.25],"texture":"#0"}}},{"from":[6.4,8,20],"to":[9.4,8,26],"rotation":{"angle":0,"axis":"y","origin":[7.9,8,10.25]},"faces":{"north":{"uv":[0,0,0.375,0],"texture":"#0"},"east":{"uv":[0,0,0.75,0],"texture":"#0"},"south":{"uv":[0,0,0.375,0],"texture":"#0"},"west":{"uv":[0,0,0.75,0],"texture":"#0"},"up":{"uv":[6,2.625,5.625,1.875],"texture":"#0"},"down":{"uv":[6,2.625,5.625,3.375],"texture":"#0"}}},{"from":[7,-4,5.5],"to":[9,5,8.5],"rotation":{"angle":0,"axis":"y","origin":[8,-6.96967,9.57322]},"faces":{"north":{"uv":[5.625,5.625,5.875,6.75],"texture":"#0"},"east":{"uv":[5.25,4.75,5.625,5.875],"texture":"#0"},"south":{"uv":[0,5.875,0.25,7],"texture":"#0"},"west":{"uv":[5.5,0.75,5.875,1.875],"texture":"#0"},"up":{"uv":[4.625,6.25,4.375,5.875],"texture":"#0"},"down":{"uv":[6.125,4.5,5.875,4.875],"texture":"#0"}}},{"from":[7.5,-15.91624,7.95487],"to":[8.5,-1.91624,9.95487],"rotation":{"angle":-22.5,"axis":"x","origin":[8,-6.96967,9.57322]},"faces":{"north":{"uv":[0.5,5.875,0.625,7.625],"texture":"#0"},"east":{"uv":[5,4.25,5.25,6],"texture":"#0"},"south":{"uv":[0.625,5.875,0.75,7.625],"texture":"#0"},"west":{"uv":[5.25,0.75,5.5,2.5],"texture":"#0"},"up":{"uv":[6.125,3.375,6,3.125],"texture":"#0"},"down":{"uv":[5.125,6,5,6.25],"texture":"#0"}}},{"from":[8,-15.91624,11.70487],"to":[8,31.08376,31.75],"rotation":{"angle":0,"axis":"y","origin":[8.5,-6.96967,9.57322]},"faces":{"north":{"uv":[0,0,0,5.875],"texture":"#0"},"east":{"uv":[0,0,2.5,5.875],"texture":"#0"},"south":{"uv":[0,0,0,5.875],"texture":"#0"},"west":{"uv":[2.5,0,5,5.875],"texture":"#0"},"up":{"uv":[0,2.5,0,0],"texture":"#0"},"down":{"uv":[0,0,0,2.5],"texture":"#0"}}},{"from":[7,-15.57107,4.61091],"to":[9,-12.57107,7.61091],"rotation":{"angle":-45,"axis":"x","origin":[8,-6.96967,9.57322]},"faces":{"north":{"uv":[4.625,5.875,4.875,6.25],"texture":"#0"},"east":{"uv":[1.125,5.875,1.5,6.25],"texture":"#0"},"south":{"uv":[5.875,4.875,6.125,5.25],"texture":"#0"},"west":{"uv":[5.875,1.125,6.25,1.5],"texture":"#0"},"up":{"uv":[5.5,6.25,5.25,5.875],"texture":"#0"},"down":{"uv":[6.125,5.25,5.875,5.625],"texture":"#0"}}},{"from":[6.5,5,5.5],"to":[9.5,6,8.5],"rotation":{"angle":0,"axis":"y","origin":[8,17.46967,9.57322]},"faces":{"north":{"uv":[6,2.625,6.375,2.75],"texture":"#0"},"east":{"uv":[6,2.75,6.375,2.875],"texture":"#0"},"south":{"uv":[6,2.875,6.375,3],"texture":"#0"},"west":{"uv":[6,3,6.375,3.125],"texture":"#0"},"up":{"uv":[2.25,6.25,1.875,5.875],"texture":"#0"},"down":{"uv":[2.625,5.875,2.25,6.25],"texture":"#0"}}},{"from":[6.5,10,5.5],"to":[9.5,11,8.5],"rotation":{"angle":0,"axis":"y","origin":[8,-1.46967,9.57322]},"faces":{"north":{"uv":[6,2.75,6.375,2.625],"texture":"#0"},"east":{"uv":[6,2.875,6.375,2.75],"texture":"#0"},"south":{"uv":[6,3,6.375,2.875],"texture":"#0"},"west":{"uv":[6,3.125,6.375,3],"texture":"#0"},"up":{"uv":[2.625,6.25,2.25,5.875],"texture":"#0"},"down":{"uv":[2.25,5.875,1.875,6.25],"texture":"#0"}}},{"from":[7,28.57107,4.61091],"to":[9,31.57107,7.61091],"rotation":{"angle":45,"axis":"x","origin":[8,22.96967,9.57322]},"faces":{"north":{"uv":[4.625,6.25,4.875,5.875],"texture":"#0"},"east":{"uv":[1.125,6.25,1.5,5.875],"texture":"#0"},"south":{"uv":[5.875,5.25,6.125,4.875],"texture":"#0"},"west":{"uv":[5.875,1.5,6.25,1.125],"texture":"#0"},"up":{"uv":[6.125,5.625,5.875,5.25],"texture":"#0"},"down":{"uv":[5.5,5.875,5.25,6.25],"texture":"#0"}}},{"from":[7.5,17.91624,7.95487],"to":[8.5,31.91624,9.95487],"rotation":{"angle":22.5,"axis":"x","origin":[8,22.96967,9.57322]},"faces":{"north":{"uv":[0.5,7.625,0.625,5.875],"texture":"#0"},"east":{"uv":[5,6,5.25,4.25],"texture":"#0"},"south":{"uv":[0.625,7.625,0.75,5.875],"texture":"#0"},"west":{"uv":[5.25,2.5,5.5,0.75],"texture":"#0"},"up":{"uv":[5.125,6.25,5,6],"texture":"#0"},"down":{"uv":[6.125,3.125,6,3.375],"texture":"#0"}}},{"from":[7,11,5.5],"to":[9,20,8.5],"rotation":{"angle":0,"axis":"y","origin":[8,22.96967,9.57322]},"faces":{"north":{"uv":[5.625,6.75,5.875,5.625],"texture":"#0"},"east":{"uv":[5.25,5.875,5.625,4.75],"texture":"#0"},"south":{"uv":[0,7,0.25,5.875],"texture":"#0"},"west":{"uv":[5.5,1.875,5.875,0.75],"texture":"#0"},"up":{"uv":[6.125,4.875,5.875,4.5],"texture":"#0"},"down":{"uv":[4.625,5.875,4.375,6.25],"texture":"#0"}}}],"display":{"thirdperson_righthand":{"translation":[0,-2,0.75],"scale":[0.7,0.7,0.7]},"thirdperson_lefthand":{"translation":[0,-2,0.75],"scale":[0.7,0.7,0.7]},"firstperson_righthand":{"rotation":[21,0,0],"translation":[4,5,-2],"scale":[0.4,0.4,0.4]},"firstperson_lefthand":{"rotation":[21,0,0],"translation":[4,5,-2],"scale":[0.4,0.4,0.4]},"ground":{"rotation":[40,54,0],"translation":[0,10.5,0],"scale":[0.6,0.6,0.6]},"gui":{"rotation":[96,45,-100],"translation":[-1,1.25,0],"scale":[0.4,0.4,0.4]}},"groups":[{"name":"root","origin":[8,8,8],"color":0,"children":[0,{"name":"group","origin":[7.9,8,15.5],"color":0,"children":[1,2,3]},4,5,6,7,8,9,10,11,12]}]}