{"file_name":"octagon","texture_size":[128,128],"textures":{"layer0":"manamodels/mario_kart"},"elements":[{"name":"octagon_0","from":[6.8238797,6.772664,3.7900696],"to":[10.73132,9.2078,9.64151],"rotation":{"angle":45.0,"axis":"x","origin":[8.7776,7.9902325,6.71579]},"faces":{"east":{"uv":[8.125,3.625,7.375,3.9375],"texture":"#layer0","tintindex":0},"south":{"uv":[3.625,7.875,3.125,8.1875],"texture":"#layer0","tintindex":0},"north":{"uv":[8.375,3.0,7.875,3.3125],"texture":"#layer0","tintindex":0},"west":{"uv":[7.75,4.875,7.0,5.1875],"texture":"#layer0","tintindex":0},"up":{"uv":[2.625,6.625,3.125,5.875],"texture":"#layer0","tintindex":0},"down":{"uv":[6.375,3.75,5.875,4.5],"texture":"#layer0","tintindex":0}}},{"name":"octagon_1","from":[6.833601,6.782384,3.7997894],"to":[10.7216015,9.19808,9.63179],"rotation":{"angle":0.0,"axis":"z","origin":[8.0,8.0,8.0]},"faces":{"east":{"uv":[8.125,4.375,7.375,4.6875],"texture":"#layer0","tintindex":0},"south":{"uv":[7.875,7.875,7.375,8.1875],"texture":"#layer0","tintindex":0},"north":{"uv":[8.375,6.25,7.875,6.5625],"texture":"#layer0","tintindex":0},"west":{"uv":[8.125,4.0,7.375,4.3125],"texture":"#layer0","tintindex":0},"up":{"uv":[6.0,5.25,6.5,4.5],"texture":"#layer0","tintindex":0},"down":{"uv":[3.625,6.125,3.125,6.875],"texture":"#layer0","tintindex":0}}},{"name":"octagon_2","from":[2.9456007,6.539384,6.47279],"to":[6.833601,8.483384,8.41679],"rotation":{"angle":45.0,"axis":"x","origin":[4.8896003,8.726384,7.6877904]},"faces":{"east":{"uv":[10.125,9.75,9.875,10.0],"texture":"#layer0","tintindex":0},"south":{"uv":[10.375,13.25,9.875,13.5],"texture":"#layer0","tintindex":0},"north":{"uv":[10.875,11.625,10.375,11.875],"texture":"#layer0","tintindex":0},"west":{"uv":[10.125,9.375,9.875,9.625],"texture":"#layer0","tintindex":0},"up":{"uv":[8.5,10.125,9.0,9.875],"texture":"#layer0","tintindex":0},"down":{"uv":[6.125,11.5,5.625,11.75],"texture":"#layer0","tintindex":0}}},{"name":"octagon_3","from":[6.814162,5.054792,5.4885015],"to":[10.741042,10.925673,7.9430776],"rotation":{"angle":45.0,"axis":"x","origin":[8.7776,7.9902325,6.71579]},"faces":{"east":{"uv":[5.4375,7.375,5.125,8.125],"texture":"#layer0","tintindex":0},"south":{"uv":[6.25,6.125,5.75,6.875],"texture":"#layer0","tintindex":0},"north":{"uv":[4.125,6.125,3.625,6.875],"texture":"#layer0","tintindex":0},"west":{"uv":[2.8125,7.375,2.5,8.125],"texture":"#layer0","tintindex":0},"up":{"uv":[7.875,8.1875,8.375,7.875],"texture":"#layer0","tintindex":0},"down":{"uv":[1.0,8.0,0.5,8.3125],"texture":"#layer0","tintindex":0}}},{"name":"octagon_4","from":[6.833601,5.074232,5.507942],"to":[10.7216015,10.906233,7.923638],"rotation":{"angle":0.0,"axis":"z","origin":[8.0,8.0,8.0]},"faces":{"east":{"uv":[6.1875,7.375,5.875,8.125],"texture":"#layer0","tintindex":0},"south":{"uv":[2.625,6.25,2.125,7.0],"texture":"#layer0","tintindex":0},"north":{"uv":[2.125,6.25,1.625,7.0],"texture":"#layer0","tintindex":0},"west":{"uv":[5.8125,7.375,5.5,8.125],"texture":"#layer0","tintindex":0},"up":{"uv":[8.0,2.0625,8.5,1.75],"texture":"#layer0","tintindex":0},"down":{"uv":[8.5,2.125,8.0,2.4375],"texture":"#layer0","tintindex":0}}}],"display":{"head":{"translation":[0.0,-6.4,0.0],"rotation":[0.0,0.0,0.0],"scale":[3.8095,3.8095,3.8095]},"gui":{"translation":[0.0,0.0,0.0],"rotation":[35.0,225.0,0.0],"scale":[0.625,0.625,0.625]}}}