{"file_name":"torso","texture_size":[128,128],"textures":{"layer0":"manamodels/ares"},"elements":[{"name":"torso_0","from":[6.134678,7.3731804,6.565136],"to":[9.865322,13.290801,9.434864],"rotation":{"angle":0.0,"axis":"z","origin":[8.0,8.0,8.0]},"faces":{"east":{"uv":[0.0,4.25,0.625,5.5],"texture":"#layer0","tintindex":0},"south":{"uv":[3.625,1.25,4.375,2.5],"texture":"#layer0","tintindex":0},"north":{"uv":[3.625,0.0,4.375,1.25],"texture":"#layer0","tintindex":0},"west":{"uv":[0.625,4.25,1.25,5.5],"texture":"#layer0","tintindex":0},"up":{"uv":[4.125,6.625,3.375,6.0],"texture":"#layer0","tintindex":0},"down":{"uv":[4.875,6.0,5.625,6.625],"texture":"#layer0","tintindex":0}}}],"display":{"head":{"translation":[0.0,-6.4,0.0],"rotation":[0.0,0.0,0.0],"scale":[3.8095,3.8095,3.8095]},"gui":{"translation":[0.0,0.0,0.0],"rotation":[35.0,225.0,0.0],"scale":[0.625,0.625,0.625]}}}