{"display":{"thirdperson_righthand":{"rotation":[75,45,0],"translation":[0,2.5,2],"scale":[0.375,0.375,0.375]},"thirdperson_lefthand":{"rotation":[75,45,0],"translation":[0,2.5,1.5],"scale":[0.375,0.375,0.375]},"firstperson_righthand":{"rotation":[0,45,0],"translation":[2,1.25,0],"scale":[0.4,0.4,0.4]},"firstperson_lefthand":{"rotation":[0,45,0],"translation":[2,1.25,0],"scale":[0.4,0.4,0.4]},"ground":{"translation":[0,3,0],"scale":[0.25,0.25,0.25]},"gui":{"rotation":[30,225,0],"translation":[0,1.25,0],"scale":[0.725,0.725,0.725]},"head":{"translation":[0,-30.25,0],"scale":[1.6,1.6,1.6]},"fixed":{"translation":[0,2,0]}},"texture_size":[32,32],"textures":{"0":"furniture/event/candybowl","particle":"furniture/event/candybowl"},"elements":[{"from":[2,0,2],"to":[14,7,14],"faces":{"north":{"uv":[6,0,12,3.5],"texture":"#0"},"east":{"uv":[6,0,12,3.5],"texture":"#0"},"south":{"uv":[6,0,12,3.5],"texture":"#0"},"west":{"uv":[6,0,12,3.5],"texture":"#0"},"up":{"uv":[6,6,0,0],"texture":"#0"},"down":{"uv":[6,6,0,12],"texture":"#0"}}},{"from":[9.5,6.5,4.75],"to":[11.5,8.5,7.75],"rotation":{"angle":-22.5,"axis":"z","origin":[10.5,8,8]},"faces":{"north":{"uv":[4.5,13.5,5.5,14.5],"rotation":90,"texture":"#0"},"east":{"uv":[15,1,13.5,2],"rotation":180,"texture":"#0"},"south":{"uv":[13.5,3.5,14.5,4.5],"rotation":270,"texture":"#0"},"west":{"uv":[15,1,13.5,0],"texture":"#0"},"up":{"uv":[12,13,13.5,14],"rotation":270,"texture":"#0"},"down":{"uv":[0,13.5,1.5,14.5],"rotation":270,"texture":"#0"}}},{"from":[3,6.5,7],"to":[7,8.5,9],"rotation":{"angle":22.5,"axis":"x","origin":[5,8,8]},"faces":{"north":{"uv":[12,9,14,10],"texture":"#0"},"east":{"uv":[13.5,4.5,14.5,5.5],"texture":"#0"},"south":{"uv":[12,10,14,11],"texture":"#0"},"west":{"uv":[13.5,5.5,14.5,6.5],"texture":"#0"},"up":{"uv":[14,9,12,10],"texture":"#0"},"down":{"uv":[14,12,12,13],"texture":"#0"}}},{"from":[3.5,6,4],"to":[5.5,9,6],"rotation":{"angle":-22.5,"axis":"z","origin":[6,7.5,8]},"faces":{"north":{"uv":[1.5,13.5,2.5,15],"texture":"#0"},"east":{"uv":[3.5,13.5,4.5,15],"texture":"#0"},"south":{"uv":[1.5,13.5,2.5,15],"texture":"#0"},"west":{"uv":[3.5,13.5,4.5,15],"texture":"#0"},"up":{"uv":[14.5,7.5,13.5,6.5],"texture":"#0"},"down":{"uv":[14.5,7.5,13.5,8.5],"texture":"#0"}}},{"from":[10.5,5.75,3.5],"to":[12.5,8.75,5.5],"rotation":{"angle":22.5,"axis":"z","origin":[10,7.5,8]},"faces":{"north":{"uv":[2.5,13.5,1.5,15],"texture":"#0"},"east":{"uv":[4.5,13.5,3.5,15],"texture":"#0"},"south":{"uv":[2.5,13.5,1.5,15],"texture":"#0"},"west":{"uv":[4.5,13.5,3.5,15],"texture":"#0"},"up":{"uv":[13.5,7.5,14.5,6.5],"texture":"#0"},"down":{"uv":[13.5,7.5,14.5,8.5],"texture":"#0"}}},{"from":[6,6.14805,3.72836],"to":[9,9.14805,6.72836],"rotation":{"angle":45,"axis":"x","origin":[7.5,7.64805,5.22836]},"faces":{"north":{"uv":[0,12,1.5,13.5],"texture":"#0"},"east":{"uv":[12,0,13.5,1.5],"texture":"#0"},"south":{"uv":[1.5,12,3,13.5],"texture":"#0"},"west":{"uv":[12,1.5,13.5,3],"texture":"#0"},"up":{"uv":[4.5,13.5,3,12],"texture":"#0"},"down":{"uv":[13.5,3,12,4.5],"texture":"#0"}}},{"from":[9,7.5,7.5],"to":[12,7.5,10.5],"rotation":{"angle":-22.5,"axis":"z","origin":[10.5,8,8]},"faces":{"north":{"uv":[0,0,0,1.5],"rotation":90,"texture":"#0"},"east":{"uv":[1.5,0,0,0],"rotation":180,"texture":"#0"},"south":{"uv":[0,0,0,1.5],"rotation":270,"texture":"#0"},"west":{"uv":[1.5,0,0,0],"texture":"#0"},"up":{"uv":[4.5,12,6,13.5],"rotation":270,"texture":"#0"},"down":{"uv":[12,4.5,13.5,6],"rotation":270,"texture":"#0"}}},{"from":[9,7.5,2.25],"to":[12,7.5,5.25],"rotation":{"angle":-22.5,"axis":"z","origin":[10.5,8,8]},"faces":{"north":{"uv":[0,0,0,1.5],"rotation":90,"texture":"#0"},"east":{"uv":[1.5,0,0,0],"rotation":180,"texture":"#0"},"south":{"uv":[0,0,0,1.5],"rotation":270,"texture":"#0"},"west":{"uv":[1.5,0,0,0],"texture":"#0"},"up":{"uv":[12,6,13.5,7.5],"rotation":270,"texture":"#0"},"down":{"uv":[12,7.5,13.5,9],"rotation":270,"texture":"#0"}}},{"from":[4.5,6.5,8],"to":[6.5,8.5,11],"rotation":{"angle":22.5,"axis":"z","origin":[5.5,8,8]},"faces":{"north":{"uv":[13.5,3.5,14.5,4.5],"rotation":270,"texture":"#0"},"east":{"uv":[15,1,13.5,0],"texture":"#0"},"south":{"uv":[4.5,13.5,5.5,14.5],"rotation":90,"texture":"#0"},"west":{"uv":[15,1,13.5,2],"rotation":180,"texture":"#0"},"up":{"uv":[13.5,14,12,13],"rotation":270,"texture":"#0"},"down":{"uv":[1.5,14.5,0,13.5],"rotation":270,"texture":"#0"}}},{"from":[4,7.5,5.5],"to":[7,7.5,8.5],"rotation":{"angle":22.5,"axis":"z","origin":[5.5,8,8]},"faces":{"north":{"uv":[0,0,0,1.5],"rotation":270,"texture":"#0"},"east":{"uv":[1.5,0,0,0],"texture":"#0"},"south":{"uv":[0,0,0,1.5],"rotation":90,"texture":"#0"},"west":{"uv":[1.5,0,0,0],"rotation":180,"texture":"#0"},"up":{"uv":[6,13.5,4.5,12],"rotation":270,"texture":"#0"},"down":{"uv":[13.5,6,12,4.5],"rotation":270,"texture":"#0"}}},{"from":[4,7.5,10.5],"to":[7,7.5,13.5],"rotation":{"angle":22.5,"axis":"z","origin":[5.5,8,8]},"faces":{"north":{"uv":[0,0,0,1.5],"rotation":270,"texture":"#0"},"east":{"uv":[1.5,0,0,0],"texture":"#0"},"south":{"uv":[0,0,0,1.5],"rotation":90,"texture":"#0"},"west":{"uv":[1.5,0,0,0],"rotation":180,"texture":"#0"},"up":{"uv":[13.5,7.5,12,6],"rotation":270,"texture":"#0"},"down":{"uv":[13.5,9,12,7.5],"rotation":270,"texture":"#0"}}},{"from":[7,6.14805,9.27164],"to":[10,9.14805,12.27164],"rotation":{"angle":-45,"axis":"x","origin":[8.5,7.64805,10.77164]},"faces":{"north":{"uv":[1.5,12,3,13.5],"texture":"#0"},"east":{"uv":[12,1.5,13.5,3],"texture":"#0"},"south":{"uv":[0,12,1.5,13.5],"texture":"#0"},"west":{"uv":[12,0,13.5,1.5],"texture":"#0"},"up":{"uv":[3,12,4.5,13.5],"texture":"#0"},"down":{"uv":[12,4.5,13.5,3],"texture":"#0"}}},{"from":[10.5,6,10],"to":[12.5,9,12],"rotation":{"angle":22.5,"axis":"z","origin":[10,7.5,8]},"faces":{"north":{"uv":[1.5,13.5,2.5,15],"texture":"#0"},"east":{"uv":[3.5,13.5,4.5,15],"texture":"#0"},"south":{"uv":[1.5,13.5,2.5,15],"texture":"#0"},"west":{"uv":[3.5,13.5,4.5,15],"texture":"#0"},"up":{"uv":[13.5,6.5,14.5,7.5],"texture":"#0"},"down":{"uv":[13.5,8.5,14.5,7.5],"texture":"#0"}}},{"from":[9,6.5,7],"to":[13,8.5,9],"rotation":{"angle":-22.5,"axis":"x","origin":[11,8,8]},"faces":{"north":{"uv":[12,10,14,11],"texture":"#0"},"east":{"uv":[13.5,5.5,14.5,6.5],"texture":"#0"},"south":{"uv":[12,9,14,10],"texture":"#0"},"west":{"uv":[13.5,4.5,14.5,5.5],"texture":"#0"},"up":{"uv":[12,10,14,9],"texture":"#0"},"down":{"uv":[12,13,14,12],"texture":"#0"}}},{"from":[3,5.75,9.25],"to":[5,8.75,11.25],"rotation":{"angle":-22.5,"axis":"z","origin":[6,7.5,8]},"faces":{"north":{"uv":[2.5,13.5,1.5,15],"texture":"#0"},"east":{"uv":[4.5,13.5,3.5,15],"texture":"#0"},"south":{"uv":[2.5,13.5,1.5,15],"texture":"#0"},"west":{"uv":[4.5,13.5,3.5,15],"texture":"#0"},"up":{"uv":[14.5,6.5,13.5,7.5],"texture":"#0"},"down":{"uv":[14.5,8.5,13.5,7.5],"texture":"#0"}}}]}