{"display":{"thirdperson_righthand":{"rotation":[75,45,0],"translation":[0,2.5,0],"scale":[0.375,0.375,0.375]},"thirdperson_lefthand":{"rotation":[75,45,0],"translation":[0,2.5,0],"scale":[0.375,0.375,0.375]},"firstperson_righthand":{"rotation":[0,45,0],"scale":[0.4,0.4,0.4]},"firstperson_lefthand":{"rotation":[0,225,0],"scale":[0.4,0.4,0.4]},"ground":{"translation":[0,3,0],"scale":[0.25,0.25,0.25]},"gui":{"rotation":[30,225,0],"translation":[0,-2,0],"scale":[0.625,0.625,0.625]},"head":{"translation":[0,-19.5,0],"scale":[3.2,3.2,3.2]},"fixed":{"translation":[0,-2.5,-1],"scale":[0.5,0.5,0.5]}},"texture_size":[128,128],"textures":{"0":"furniture/event/dead_tree"},"elements":[{"from":[5.90736,0,5.5],"to":[9.90736,11.5,9.5],"rotation":{"angle":0,"axis":"y","origin":[7.90736,5.25,7.5]},"faces":{"north":{"uv":[6.375,1.625,7.375,4.5],"texture":"#0"},"east":{"uv":[6.375,1.625,7.375,4.5],"texture":"#0"},"south":{"uv":[6.375,1.625,7.375,4.5],"texture":"#0"},"west":{"uv":[6.375,1.625,7.375,4.5],"texture":"#0"},"up":{"uv":[1,8.875,0,7.875],"texture":"#0"},"down":{"uv":[9.125,4.5,8.125,5.5],"texture":"#0"}}},{"from":[6.90736,11,3],"to":[8.40736,13,7.5],"rotation":{"angle":45,"axis":"x","origin":[7.65736,12.75,5]},"faces":{"north":{"uv":[1,10.375,1.375,10.875],"texture":"#0"},"east":{"uv":[9.375,3,10.5,3.5],"texture":"#0"},"south":{"uv":[10.375,1.625,10.75,2.125],"texture":"#0"},"west":{"uv":[9.375,3.5,10.5,3],"texture":"#0"},"up":{"uv":[6.5,8.75,6.125,7.625],"texture":"#0"},"down":{"uv":[6.5,8.75,6.125,9.875],"texture":"#0"}}},{"from":[6.90736,7,3.5],"to":[8.40736,9,8],"rotation":{"angle":-45,"axis":"x","origin":[7.65736,12.75,9]},"faces":{"north":{"uv":[10.375,2.125,10.75,2.625],"texture":"#0"},"east":{"uv":[10.625,1.125,9.5,1.625],"texture":"#0"},"south":{"uv":[10.375,3.875,10.75,4.375],"texture":"#0"},"west":{"uv":[9.5,1.125,10.625,1.625],"texture":"#0"},"up":{"uv":[3.5,11,3.125,9.875],"texture":"#0"},"down":{"uv":[3.5,9.875,3.125,11],"texture":"#0"}}},{"from":[7.90736,4.5,5],"to":[7.90736,11,14],"rotation":{"angle":-45,"axis":"x","origin":[7.65736,12.75,9]},"faces":{"north":{"uv":[0,0,0,1.625],"texture":"#0"},"east":{"uv":[1.75,5.75,4,7.375],"texture":"#0"},"south":{"uv":[0,0,0,1.625],"texture":"#0"},"west":{"uv":[1.75,5.75,4,7.375],"texture":"#0"},"up":{"uv":[0,2.25,0,0],"texture":"#0"},"down":{"uv":[0,0,0,2.25],"texture":"#0"}}},{"from":[6.40736,9.5,6.25],"to":[9.90736,19.5,8.75],"rotation":{"angle":-22.5,"axis":"z","origin":[7.90736,10.75,7.75]},"faces":{"north":{"uv":[2.75,7.375,3.625,9.875],"texture":"#0"},"east":{"uv":[7.5,4.5,8.125,7],"texture":"#0"},"south":{"uv":[3.625,7.375,2.75,9.875],"texture":"#0"},"west":{"uv":[7.5,4.5,8.125,7],"texture":"#0"},"up":{"uv":[10.375,2.25,9.5,1.625],"texture":"#0"},"down":{"uv":[10.375,2.25,9.5,2.875],"texture":"#0"}}},{"from":[3.90736,21.875,6.75],"to":[5.90736,25.375,8.25],"rotation":{"angle":-22.5,"axis":"z","origin":[7.90736,10.75,7.75]},"faces":{"north":{"uv":[9.375,9.5,9.875,10.375],"texture":"#0"},"east":{"uv":[4.625,10.125,5,11],"texture":"#0"},"south":{"uv":[9.375,9.5,9.875,10.375],"texture":"#0"},"west":{"uv":[4.625,10.125,5,11],"texture":"#0"},"up":{"uv":[10,8.5,9.5,8.125],"texture":"#0"},"down":{"uv":[10.5,7.375,10,7.75],"texture":"#0"}}},{"from":[-0.09264,19,7.25],"to":[9.40736,31,7.25],"rotation":{"angle":-22.5,"axis":"z","origin":[7.90736,10.75,7.75]},"faces":{"north":{"uv":[0,0,2.375,3],"texture":"#0"},"east":{"uv":[0,0,0,3],"texture":"#0"},"south":{"uv":[0,0,2.375,3],"texture":"#0"},"west":{"uv":[0,0,0,3],"texture":"#0"},"up":{"uv":[2.375,0,0,0],"texture":"#0"},"down":{"uv":[2.375,0,0,0],"texture":"#0"}}},{"from":[10.90736,5.5,6],"to":[12.90736,12.5,8],"rotation":{"angle":-45,"axis":"z","origin":[7.90736,10.75,7]},"faces":{"north":{"uv":[8.375,8.5,8.875,10.25],"texture":"#0"},"east":{"uv":[8.375,8.5,8.875,10.25],"texture":"#0"},"south":{"uv":[8.375,8.5,8.875,10.25],"texture":"#0"},"west":{"uv":[8.375,8.5,8.875,10.25],"texture":"#0"},"up":{"uv":[10.75,10,10.25,9.5],"texture":"#0"},"down":{"uv":[10.75,10,10.25,10.5],"texture":"#0"}}},{"from":[8.40736,8,7],"to":[14.90736,19,7],"rotation":{"angle":-45,"axis":"z","origin":[7.90736,10.75,7]},"faces":{"north":{"uv":[4.75,0,6.375,2.75],"texture":"#0"},"east":{"uv":[0,0,0,2.75],"texture":"#0"},"south":{"uv":[4.75,0,6.375,2.75],"texture":"#0"},"west":{"uv":[0,0,0,2.75],"texture":"#0"},"up":{"uv":[1.625,0,0,0],"texture":"#0"},"down":{"uv":[1.625,0,0,0],"texture":"#0"}}},{"from":[7.78011,9.5,6.4375],"to":[10.28011,20.5,8.4375],"rotation":{"angle":22.5,"axis":"z","origin":[7.28011,8.25,7.4375]},"faces":{"north":{"uv":[6.5,7.375,7.125,10.125],"texture":"#0"},"east":{"uv":[5.625,7.625,6.125,10.375],"texture":"#0"},"south":{"uv":[6.5,7.375,7.125,10.125],"texture":"#0"},"west":{"uv":[5.625,7.625,6.125,10.375],"texture":"#0"},"up":{"uv":[10.75,5.75,10.125,5.25],"texture":"#0"},"down":{"uv":[7.125,10.125,6.5,10.625],"texture":"#0"}}},{"from":[-4.71989,15.125,6.9375],"to":[-3.21989,19.625,7.9375],"rotation":{"angle":-22.5,"axis":"z","origin":[7.28011,8.25,7.4375]},"faces":{"north":{"uv":[3.5,9.875,3.875,11],"texture":"#0"},"east":{"uv":[2.125,10.25,2.375,11.375],"texture":"#0"},"south":{"uv":[3.5,9.875,3.875,11],"texture":"#0"},"west":{"uv":[2.375,10.25,2.625,11.375],"texture":"#0"},"up":{"uv":[8.5,7,8.125,6.75],"texture":"#0"},"down":{"uv":[8.75,4.25,8.375,4.5],"texture":"#0"}}},{"from":[-7,16.125,7.4375],"to":[0,24.625,7.4375],"rotation":{"angle":-22.5,"axis":"z","origin":[7.28011,8.25,7.4375]},"faces":{"north":{"uv":[4.75,5.5,6.5,7.625],"texture":"#0"},"east":{"uv":[0,0,0,2.125],"texture":"#0"},"south":{"uv":[4.75,5.5,6.5,7.625],"texture":"#0"},"west":{"uv":[0,0,0,2.125],"texture":"#0"},"up":{"uv":[1.75,0,0,0],"texture":"#0"},"down":{"uv":[1.75,0,0,0],"texture":"#0"}}},{"from":[2.78011,19.125,6.9375],"to":[4.28011,23.625,7.9375],"rotation":{"angle":-45,"axis":"z","origin":[7.28011,8.25,7.4375]},"faces":{"north":{"uv":[6.125,9.875,6.5,11],"texture":"#0"},"east":{"uv":[8.25,10.25,8.5,11.375],"texture":"#0"},"south":{"uv":[6.125,9.875,6.5,11],"texture":"#0"},"west":{"uv":[8.25,10.25,8.5,11.375],"texture":"#0"},"up":{"uv":[8.875,7,8.5,6.75],"texture":"#0"},"down":{"uv":[9.125,4.25,8.75,4.5],"texture":"#0"}}},{"from":[-1.21989,20,7.4375],"to":[8.28011,31,7.4375],"rotation":{"angle":-45,"axis":"z","origin":[7.28011,8.25,7.4375]},"faces":{"north":{"uv":[0,3,2.375,5.75],"texture":"#0"},"east":{"uv":[0,0,0,2.75],"texture":"#0"},"south":{"uv":[0,3,2.375,5.75],"texture":"#0"},"west":{"uv":[0,0,0,2.75],"texture":"#0"},"up":{"uv":[2.375,0,0,0],"texture":"#0"},"down":{"uv":[2.375,0,0,0],"texture":"#0"}}},{"from":[13.78011,15,6.4375],"to":[16.28011,21,8.4375],"rotation":{"angle":22.5,"axis":"z","origin":[7.28011,8.25,7.4375]},"faces":{"north":{"uv":[4,5.75,4.625,7.25],"texture":"#0"},"east":{"uv":[9,1.5,9.5,3],"texture":"#0"},"south":{"uv":[4,5.75,4.625,7.25],"texture":"#0"},"west":{"uv":[9,1.5,9.5,3],"texture":"#0"},"up":{"uv":[7.75,10.625,7.125,10.125],"texture":"#0"},"down":{"uv":[2.125,10.25,1.5,10.75],"texture":"#0"}}},{"from":[0.28011,18.625,6.8125],"to":[5.28011,20.625,8.3125],"rotation":{"angle":0,"axis":"y","origin":[4.03011,20,7.5625]},"faces":{"north":{"uv":[9.125,4.25,10.375,4.75],"texture":"#0"},"east":{"uv":[10.375,4.375,10.75,4.875],"texture":"#0"},"south":{"uv":[10.375,4.25,9.125,4.75],"texture":"#0"},"west":{"uv":[5,10.375,5.375,10.875],"texture":"#0"},"up":{"uv":[10.625,3.875,9.375,3.5],"texture":"#0"},"down":{"uv":[10.625,3.5,9.375,3.875],"texture":"#0"}}},{"from":[6.65736,-1,0],"to":[9.15736,1.5,6],"rotation":{"angle":-22.5,"axis":"x","origin":[7.90736,1,3.5]},"faces":{"north":{"uv":[9.625,6.125,10.25,6.75],"texture":"#0"},"east":{"uv":[8.125,5.5,9.625,6.125],"texture":"#0"},"south":{"uv":[10,6.75,10.625,7.375],"texture":"#0"},"west":{"uv":[8.125,6.125,9.625,6.75],"texture":"#0"},"up":{"uv":[9,3.125,8.375,1.625],"texture":"#0"},"down":{"uv":[8.375,8.5,7.75,10],"texture":"#0"}}},{"from":[9.65736,-1,7],"to":[11.65736,2,11],"rotation":{"angle":45,"axis":"y","origin":[10.90736,0.25,9.75]},"faces":{"north":{"uv":[7.75,10,8.25,10.75],"texture":"#0"},"east":{"uv":[8.375,3.125,9.375,3.875],"texture":"#0"},"south":{"uv":[10.125,0,10.625,0.75],"texture":"#0"},"west":{"uv":[9.125,0,10.125,0.75],"texture":"#0"},"up":{"uv":[1.5,10.375,1,9.375],"texture":"#0"},"down":{"uv":[10,6.75,9.5,7.75],"texture":"#0"}}},{"from":[0.65736,-1,7],"to":[7.65736,2,8.5],"rotation":{"angle":22.5,"axis":"z","origin":[4.90736,0.25,9.75]},"faces":{"north":{"uv":[7.75,7,9.5,7.75],"texture":"#0"},"east":{"uv":[10.25,5.75,10.625,6.5],"texture":"#0"},"south":{"uv":[9.5,7,7.75,7.75],"texture":"#0"},"west":{"uv":[8.75,10.25,9.125,11],"texture":"#0"},"up":{"uv":[10.125,4.25,8.375,3.875],"texture":"#0"},"down":{"uv":[10.875,0.75,9.125,1.125],"texture":"#0"}}}]}