{"display":{"thirdperson_righthand":{"rotation":[75,45,0],"translation":[0,2.5,0],"scale":[0.375,0.375,0.375]},"thirdperson_lefthand":{"rotation":[75,45,0],"translation":[0,2.5,0],"scale":[0.375,0.375,0.375]},"firstperson_righthand":{"rotation":[0,45,0],"scale":[0.4,0.4,0.4]},"firstperson_lefthand":{"rotation":[0,225,0],"scale":[0.4,0.4,0.4]},"ground":{"translation":[0,3,0],"scale":[0.25,0.25,0.25]},"gui":{"rotation":[30,225,0],"scale":[0.625,0.625,0.625]},"head":{"translation":[0,-31,0],"scale":[1.6,1.6,1.6]},"fixed":{"scale":[0.5,0.5,0.5]}},"texture_size":[64,64],"textures":{"0":"furniture/event/pumpkin","particle":"furniture/event/pumpkin"},"elements":[{"from":[2,0,0],"to":[14,11,16],"rotation":{"angle":0,"axis":"y","origin":[1,0,-1]},"faces":{"north":{"uv":[8.5,2.75,11.5,5.5],"texture":"#0"},"east":{"uv":[4.25,6.75,8.25,9.5],"texture":"#0"},"south":{"uv":[0,9.5,3,12.25],"texture":"#0"},"west":{"uv":[8.25,6.75,12.25,9.5],"texture":"#0"},"up":{"uv":[3,4,0,0],"texture":"#0"},"down":{"uv":[6,0,3,4],"texture":"#0"}}},{"from":[5,9,7],"to":[8,15,9],"rotation":{"angle":22.5,"axis":"z","origin":[7,14.5,8]},"faces":{"north":{"uv":[7,12.25,7.75,13.75],"texture":"#0"},"east":{"uv":[10.5,12.25,11,13.75],"texture":"#0"},"south":{"uv":[7.75,12.25,8.5,13.75],"texture":"#0"},"west":{"uv":[11,12.25,11.5,13.75],"texture":"#0"},"up":{"uv":[12.25,6,11.5,5.5],"texture":"#0"},"down":{"uv":[12.25,6,11.5,6.5],"texture":"#0"}}},{"from":[-0.49,0.01,2.51],"to":[16.49,10.99,13.49],"rotation":{"angle":0,"axis":"y","origin":[1.5,0,-1.5]},"faces":{"north":{"uv":[0,4,4.25,6.75],"texture":"#0"},"east":{"uv":[3,9.5,5.75,12.25],"texture":"#0"},"south":{"uv":[4.25,4,8.5,6.75],"texture":"#0"},"west":{"uv":[5.75,9.5,8.5,12.25],"texture":"#0"},"up":{"uv":[10.25,2.75,6,0],"texture":"#0"},"down":{"uv":[4.25,6.75,0,9.5],"texture":"#0"}}},{"from":[-1.89421,0.02,1.02],"to":[1.56579,10.98,4.98],"rotation":{"angle":45,"axis":"y","origin":[0.58579,0,0]},"faces":{"north":{"uv":[8.5,9.5,9.5,12.25],"texture":"#0"},"east":{"uv":[9.5,9.5,10.5,12.25],"texture":"#0"},"south":{"uv":[10.25,0,11.25,2.75],"texture":"#0"},"west":{"uv":[10.5,9.5,11.5,12.25],"texture":"#0"},"up":{"uv":[7,3.75,6,2.75],"texture":"#0"},"down":{"uv":[8,2.75,7,3.75],"texture":"#0"}}},{"from":[14.43421,0.02,1.02],"to":[17.89421,10.98,4.98],"rotation":{"angle":-45,"axis":"y","origin":[15.41421,0,0]},"faces":{"north":{"uv":[11.25,0,12.25,2.75],"texture":"#0"},"east":{"uv":[11.5,2.75,12.5,5.5],"texture":"#0"},"south":{"uv":[11.5,9.5,12.5,12.25],"texture":"#0"},"west":{"uv":[0,12.25,1,15],"texture":"#0"},"up":{"uv":[9.5,6.5,8.5,5.5],"texture":"#0"},"down":{"uv":[10.5,5.5,9.5,6.5],"texture":"#0"}}},{"from":[-1.89421,0.02,11.02],"to":[1.56579,10.98,14.98],"rotation":{"angle":-45,"axis":"y","origin":[0.58579,0,16]},"faces":{"north":{"uv":[12.25,0,13.25,2.75],"texture":"#0"},"east":{"uv":[1,12.25,2,15],"texture":"#0"},"south":{"uv":[2,12.25,3,15],"texture":"#0"},"west":{"uv":[3,12.25,4,15],"texture":"#0"},"up":{"uv":[11.5,6.5,10.5,5.5],"texture":"#0"},"down":{"uv":[13.25,8.25,12.25,9.25],"texture":"#0"}}},{"from":[14.43421,0.02,11.02],"to":[17.89421,10.98,14.98],"rotation":{"angle":45,"axis":"y","origin":[15.41421,0,16]},"faces":{"north":{"uv":[4,12.25,5,15],"texture":"#0"},"east":{"uv":[5,12.25,6,15],"texture":"#0"},"south":{"uv":[12.25,5.5,13.25,8.25],"texture":"#0"},"west":{"uv":[6,12.25,7,15],"texture":"#0"},"up":{"uv":[9.5,13.25,8.5,12.25],"texture":"#0"},"down":{"uv":[10.5,12.25,9.5,13.25],"texture":"#0"}}}]}