{"file_name":"egg","texture_size":[64,64],"textures":{"layer0":"manamodels/easter_bunny"},"elements":[{"name":"egg_0","from":[6.3908052,6.545222,6.5],"to":[9.390806,9.545221,9.5],"rotation":{"angle":0.0,"axis":"z","origin":[8.0,8.0,8.0]},"faces":{"east":{"uv":[5.0,0.0,6.25,1.25],"texture":"#layer0","tintindex":0},"south":{"uv":[5.0,1.5,6.25,2.75],"texture":"#layer0","tintindex":0},"north":{"uv":[5.0,5.0,6.25,6.25],"texture":"#layer0","tintindex":0},"west":{"uv":[5.0,3.0,6.25,4.25],"texture":"#layer0","tintindex":0},"up":{"uv":[2.75,6.75,1.5,5.5],"texture":"#layer0","tintindex":0},"down":{"uv":[3.0,5.5,4.25,6.75],"texture":"#layer0","tintindex":0}}},{"name":"egg_1","from":[6.9908056,9.545221,7.1],"to":[8.790806,10.145222,8.9],"rotation":{"angle":0.0,"axis":"z","origin":[8.0,8.0,8.0]},"faces":{"east":{"uv":[9.5,5.75,10.25,6.0],"texture":"#layer0","tintindex":0},"south":{"uv":[9.5,6.5,10.25,6.75],"texture":"#layer0","tintindex":0},"north":{"uv":[9.5,5.0,10.25,5.25],"texture":"#layer0","tintindex":0},"west":{"uv":[9.5,7.25,10.25,7.5],"texture":"#layer0","tintindex":0},"up":{"uv":[9.5,0.75,8.75,0.0],"texture":"#layer0","tintindex":0},"down":{"uv":[8.75,1.0,9.5,1.75],"texture":"#layer0","tintindex":0}}},{"name":"egg_2","from":[6.6908054,5.945222,6.8],"to":[9.090805,6.545222,9.2],"rotation":{"angle":0.0,"axis":"z","origin":[8.0,8.0,8.0]},"faces":{"east":{"uv":[9.25,8.75,10.25,9.0],"texture":"#layer0","tintindex":0},"south":{"uv":[9.5,7.75,10.5,8.0],"texture":"#layer0","tintindex":0},"north":{"uv":[5.0,4.5,6.0,4.75],"texture":"#layer0","tintindex":0},"west":{"uv":[9.75,1.5,10.75,1.75],"texture":"#layer0","tintindex":0},"up":{"uv":[2.5,8.0,1.5,7.0],"texture":"#layer0","tintindex":0},"down":{"uv":[2.75,7.0,3.75,8.0],"texture":"#layer0","tintindex":0}}}],"display":{"head":{"translation":[0.0,-6.4,0.0],"rotation":[0.0,0.0,0.0],"scale":[3.8095,3.8095,3.8095]},"gui":{"translation":[0.0,0.0,0.0],"rotation":[35.0,225.0,0.0],"scale":[0.625,0.625,0.625]}}}