{"file_name":"dress_front","texture_size":[128,128],"textures":{"layer0":"manamodels/athena"},"elements":[{"name":"dress_front_0","from":[5.8999996,2.6,8.0],"to":[10.1,8.0,10.4],"rotation":{"angle":22.5,"axis":"x","origin":[8.0,7.993244,8.019476]},"faces":{"east":{"uv":[3.125,6.0,3.625,7.125],"texture":"#layer0","tintindex":0},"south":{"uv":[2.625,0.0,3.5,1.125],"texture":"#layer0","tintindex":0},"north":{"uv":[2.625,2.625,3.5,3.75],"texture":"#layer0","tintindex":0},"west":{"uv":[3.625,6.0,4.125,7.125],"texture":"#layer0","tintindex":0},"up":{"uv":[7.25,4.875,6.375,4.375],"texture":"#layer0","tintindex":0},"down":{"uv":[6.5,0.0,7.375,0.5],"texture":"#layer0","tintindex":0}}}],"display":{"head":{"translation":[0.0,-6.4,0.0],"rotation":[0.0,0.0,0.0],"scale":[3.8095,3.8095,3.8095]},"gui":{"translation":[0.0,0.0,0.0],"rotation":[35.0,225.0,0.0],"scale":[0.625,0.625,0.625]}}}