{"file_name":"torso","texture_size":[128,128],"textures":{"layer0":"manamodels/athena"},"elements":[{"name":"torso_0","from":[6.05,7.1274977,6.039998],"to":[9.950001,8.057498,9.939999],"rotation":{"angle":0.0,"axis":"z","origin":[8.0,8.0,8.0]},"faces":{"east":{"uv":[0.0,7.625,0.875,7.875],"texture":"#layer0","tintindex":0},"south":{"uv":[2.125,7.625,3.0,7.875],"texture":"#layer0","tintindex":0},"north":{"uv":[4.125,3.25,5.0,3.5],"texture":"#layer0","tintindex":0},"west":{"uv":[7.75,3.875,8.625,4.125],"texture":"#layer0","tintindex":0},"up":{"uv":[4.375,6.0,3.5,5.125],"texture":"#layer0","tintindex":0},"down":{"uv":[4.375,5.125,5.25,6.0],"texture":"#layer0","tintindex":0}}},{"name":"torso_1","from":[6.2,6.677498,6.1899977],"to":[9.8,12.077498,9.789998],"rotation":{"angle":0.0,"axis":"z","origin":[8.0,8.0,8.0]},"faces":{"east":{"uv":[3.5,1.75,4.25,2.875],"texture":"#layer0","tintindex":0},"south":{"uv":[2.625,3.75,3.375,4.875],"texture":"#layer0","tintindex":0},"north":{"uv":[3.5,0.625,4.25,1.75],"texture":"#layer0","tintindex":0},"west":{"uv":[0.0,4.125,0.75,5.25],"texture":"#layer0","tintindex":0},"up":{"uv":[6.75,5.625,6.0,4.875],"texture":"#layer0","tintindex":0},"down":{"uv":[0.0,6.125,0.75,6.875],"texture":"#layer0","tintindex":0}}},{"name":"torso_2","from":[6.035,13.052498,3.5499976],"to":[9.965,14.702498,5.3499975],"rotation":{"angle":-45.0,"axis":"x","origin":[11.6,14.402498,8.949998]},"faces":{"east":{"uv":[6.0,5.625,6.375,6.0],"texture":"#layer0","tintindex":0},"south":{"uv":[7.125,2.125,8.0,2.5],"texture":"#layer0","tintindex":0},"north":{"uv":[7.125,1.75,8.0,2.125],"texture":"#layer0","tintindex":0},"west":{"uv":[0.875,7.625,1.25,8.0],"texture":"#layer0","tintindex":0},"up":{"uv":[1.375,7.625,0.5,7.25],"texture":"#layer0","tintindex":0},"down":{"uv":[2.125,7.25,3.0,7.625],"texture":"#layer0","tintindex":0}}}],"display":{"head":{"translation":[0.0,-6.4,0.0],"rotation":[0.0,0.0,0.0],"scale":[3.8095,3.8095,3.8095]},"gui":{"translation":[0.0,0.0,0.0],"rotation":[35.0,225.0,0.0],"scale":[0.625,0.625,0.625]}}}