{"file_name":"wing_right","texture_size":[128,128],"textures":{"layer0":"manamodels/athena"},"elements":[{"name":"wing_right_0","from":[7.9999995,8.0,6.2],"to":[12.2,8.0,10.4],"rotation":{"angle":22.5,"axis":"z","origin":[8.0,8.0,8.0]},"faces":{"east":{"uv":[0.0,0.0,0.875,0.0],"texture":"#layer0","tintindex":0},"south":{"uv":[0.0,0.0,0.875,0.0],"texture":"#layer0","tintindex":0},"north":{"uv":[0.0,0.0,0.875,0.0],"texture":"#layer0","tintindex":0},"west":{"uv":[0.0,0.0,0.875,0.0],"texture":"#layer0","tintindex":0},"up":{"uv":[0.875,0.875,1.75,0.0],"texture":"#layer0","tintindex":0},"down":{"uv":[1.75,0.0,0.875,0.875],"texture":"#layer0","tintindex":0}}}],"display":{"head":{"translation":[0.0,-6.4,0.0],"rotation":[0.0,0.0,0.0],"scale":[3.8095,3.8095,3.8095]},"gui":{"translation":[0.0,0.0,0.0],"rotation":[35.0,225.0,0.0],"scale":[0.625,0.625,0.625]}}}