{"credit":"MadewithBlockbench","texture_size":[64,64],"textures":{"0":"manalabs:furniture/chinese/chinese_lamp_road","particle":"manalabs:furniture/chinese/chinese_lamp_road"},"elements":[{"from":[7.5,16,11],"to":[8.5,30,12],"faces":{"north":{"uv":[5.875,0,6.125,3.5],"texture":"#0"},"east":{"uv":[0.5,3.75,0.75,7.25],"texture":"#0"},"south":{"uv":[0,3.75,0.25,7.25],"texture":"#0"},"west":{"uv":[0.75,3.75,0.5,7.25],"texture":"#0"},"up":{"uv":[5.5,4.75,5.25,4.5],"texture":"#0"},"down":{"uv":[5.5,4.75,5.25,5],"texture":"#0"}}},{"from":[7,-16,12],"to":[9,31,13],"faces":{"north":{"uv":[3.5,0,4,11.75],"texture":"#0"},"east":{"uv":[0.25,3.75,0.5,15.5],"texture":"#0"},"south":{"uv":[3.5,0,4,11.75],"texture":"#0"},"west":{"uv":[0.5,3.75,0.25,15.5],"texture":"#0"},"up":{"uv":[5.25,4.75,4.75,4.5],"texture":"#0"},"down":{"uv":[5.25,4.75,4.75,5],"texture":"#0"}}},{"from":[8,17,4],"to":[8,32,11],"faces":{"north":{"uv":[0,0,0,3.75],"texture":"#0"},"east":{"uv":[0,0,1.75,3.75],"texture":"#0"},"south":{"uv":[0,0,0,3.75],"texture":"#0"},"west":{"uv":[1.75,0,0,3.75],"texture":"#0"},"up":{"uv":[0,1.75,0,0],"texture":"#0"},"down":{"uv":[0,0,0,1.75],"texture":"#0"}}},{"from":[7.5,26,5],"to":[8.5,27,6],"faces":{"north":{"uv":[3.25,4.75,3.5,5],"texture":"#0"},"east":{"uv":[5,3,5.25,3.25],"texture":"#0"},"south":{"uv":[3.25,5,3.5,5.25],"texture":"#0"},"west":{"uv":[5,3.25,5.25,3.5],"texture":"#0"},"up":{"uv":[5.25,3.75,5,3.5],"texture":"#0"},"down":{"uv":[5.25,3.75,5,4],"texture":"#0"}}},{"from":[6.25,23.5,3.75],"to":[9.75,24,7.25],"faces":{"north":{"uv":[5,0,5.875,0.125],"texture":"#0"},"east":{"uv":[5,0.25,5.875,0.375],"texture":"#0"},"south":{"uv":[5,0.5,5.875,0.625],"texture":"#0"},"west":{"uv":[5,0.75,5.875,0.875],"texture":"#0"},"up":{"uv":[4.875,0.875,4,0],"texture":"#0"},"down":{"uv":[4.875,1,4,1.875],"texture":"#0"}}},{"from":[6.75,19.5,4.25],"to":[9.25,23.5,6.75],"faces":{"north":{"uv":[6.125,0.625,6.75,1.625],"texture":"#0"},"east":{"uv":[6.125,0.625,6.75,1.625],"texture":"#0"},"south":{"uv":[6.125,0.625,6.75,1.625],"texture":"#0"},"west":{"uv":[6.125,0.625,6.75,1.625],"texture":"#0"},"up":{"uv":[6.75,0.625,6.125,0],"texture":"#0"},"down":{"uv":[6.75,0,6.125,0.625],"texture":"#0"}}},{"from":[6.25,19,3.75],"to":[9.75,19.5,7.25],"faces":{"north":{"uv":[5,1.25,5.875,1.375],"texture":"#0"},"east":{"uv":[5,1.25,5.875,1.375],"texture":"#0"},"south":{"uv":[5,1.25,5.875,1.375],"texture":"#0"},"west":{"uv":[5,1.25,5.875,1.375],"texture":"#0"},"up":{"uv":[4.875,2.875,4,2],"texture":"#0"},"down":{"uv":[4.875,3,4,3.875],"texture":"#0"}}},{"from":[6.25,19.5,7.25],"to":[9.75,23.5,7.25],"rotation":{"angle":0,"axis":"y","origin":[3.875,21.5,4.625]},"faces":{"north":{"uv":[1.875,3.75,1,4.75],"texture":"#0"},"east":{"uv":[0,0,0,1],"texture":"#0"},"south":{"uv":[1,3.75,1.875,4.75],"texture":"#0"},"west":{"uv":[0,0,0,1],"texture":"#0"},"up":{"uv":[0,0.875,0,0],"rotation":90,"texture":"#0"},"down":{"uv":[0,0,0,0.875],"rotation":270,"texture":"#0"}}},{"from":[6.25,19.5,3.75],"to":[6.25,23.5,7.25],"rotation":{"angle":0,"axis":"y","origin":[3.875,21.5,4.625]},"faces":{"north":{"uv":[0,0,0,1],"texture":"#0"},"east":{"uv":[1.875,3.75,1,4.75],"texture":"#0"},"south":{"uv":[0,0,0,1],"texture":"#0"},"west":{"uv":[1,3.75,1.875,4.75],"texture":"#0"},"up":{"uv":[0,0.875,0,0],"rotation":180,"texture":"#0"},"down":{"uv":[0,0,0,0.875],"rotation":180,"texture":"#0"}}},{"from":[6.25,19.5,3.75],"to":[9.75,23.5,3.75],"rotation":{"angle":0,"axis":"y","origin":[9.75,21.5,5.5]},"faces":{"north":{"uv":[1,3.75,1.875,4.75],"texture":"#0"},"east":{"uv":[0,0,0,1],"texture":"#0"},"south":{"uv":[1.875,3.75,1,4.75],"texture":"#0"},"west":{"uv":[0,0,0,1],"texture":"#0"},"up":{"uv":[0,0.875,0,0],"rotation":270,"texture":"#0"},"down":{"uv":[0,0,0,0.875],"rotation":90,"texture":"#0"}}},{"from":[9.75,19.5,3.75],"to":[9.75,23.5,7.25],"faces":{"north":{"uv":[0,0,0,1],"texture":"#0"},"east":{"uv":[1,3.75,1.875,4.75],"texture":"#0"},"south":{"uv":[0,0,0,1],"texture":"#0"},"west":{"uv":[1.875,3.75,1,4.75],"texture":"#0"},"up":{"uv":[0,0.875,0,0],"texture":"#0"},"down":{"uv":[0,0,0,0.875],"texture":"#0"}}},{"from":[7.25,18,4.75],"to":[8.75,19,6.25],"faces":{"north":{"uv":[5,2.25,5.375,2.5],"texture":"#0"},"east":{"uv":[5,2.25,5.375,2.5],"texture":"#0"},"south":{"uv":[5,2.25,5.375,2.5],"texture":"#0"},"west":{"uv":[5,2.25,5.375,2.5],"texture":"#0"},"up":{"uv":[3.375,4.125,3,3.75],"texture":"#0"},"down":{"uv":[3.375,4.25,3,4.625],"texture":"#0"}}},{"from":[7.75,17,5.25],"to":[8.25,18,5.75],"faces":{"north":{"uv":[5,5,5.125,5.25],"texture":"#0"},"east":{"uv":[5,5,5.125,5.25],"texture":"#0"},"south":{"uv":[5,5,5.125,5.25],"texture":"#0"},"west":{"uv":[5,5,5.125,5.25],"texture":"#0"},"up":{"uv":[2.375,5.375,2.25,5.25],"texture":"#0"},"down":{"uv":[2.625,5.25,2.5,5.375],"texture":"#0"}}},{"from":[6.5,24,4],"to":[9.5,26,7],"faces":{"north":{"uv":[1.75,4.75,2.5,5.25],"texture":"#0"},"east":{"uv":[2.5,4.75,3.25,5.25],"texture":"#0"},"south":{"uv":[2.5,4.75,1.75,5.25],"texture":"#0"},"west":{"uv":[3.25,4.75,2.5,5.25],"texture":"#0"},"up":{"uv":[4.75,4.75,4,4],"texture":"#0"},"down":{"uv":[1.75,4.75,1,5.5],"texture":"#0"}}}],"gui_light":"front","display":{"thirdperson_righthand":{"rotation":[67.5,0,0],"translation":[0,1.75,-0.75],"scale":[0.61328,0.61328,0.61328]},"thirdperson_lefthand":{"rotation":[67.5,0,0],"translation":[0,1.75,-0.75],"scale":[0.61328,0.61328,0.61328]},"firstperson_righthand":{"translation":[0.75,4.75,0],"scale":[0.4043,0.4043,0.4043]},"firstperson_lefthand":{"translation":[0.75,4.75,0],"scale":[0.4043,0.4043,0.4043]},"ground":{"translation":[0,15,0],"scale":[0.6,0.6,0.6]},"gui":{"rotation":[30,225,0],"translation":[1,-0.5,0],"scale":[0.34867,0.34867,0.34867]},"head":{"scale":[2,2,2]},"fixed":{"rotation":[-90,0,0],"translation":[-0.25,0,-48],"scale":[2,2,2]}},"groups":[{"name":"group","origin":[8,8,8],"color":0,"children":[0,1,2,{"name":"group","origin":[0,0,0],"color":0,"children":[3,4,5,6,{"name":"group","origin":[0,0,0],"color":0,"children":[7,8,9,10]},11,12,13]}]}]}