{"credit":"MadewithBlockbench","texture_size":[32,32],"textures":{"0":"manalabs:furniture/chinese/chinese_sword_stand","particle":"manalabs:furniture/chinese/chinese_sword_stand"},"elements":[{"from":[-2,5,8.25],"to":[22,7,9.75],"rotation":{"angle":0,"axis":"y","origin":[8,9,8]},"faces":{"north":{"uv":[12,0,0,1],"texture":"#0"},"east":{"uv":[5,8.5,5.75,9.5],"texture":"#0"},"south":{"uv":[0,0,12,1],"texture":"#0"},"west":{"uv":[8.5,9,9.25,10],"texture":"#0"},"up":{"uv":[12,2.75,0,2],"texture":"#0"},"down":{"uv":[12,2,0,2.75],"texture":"#0"}}},{"from":[-3,4.75,7.75],"to":[-2,7.25,10.25],"rotation":{"angle":0,"axis":"y","origin":[8,9,8]},"faces":{"north":{"uv":[4.5,10,5,11.25],"texture":"#0"},"east":{"uv":[8,4.5,9.25,5.75],"texture":"#0"},"south":{"uv":[4.5,10,5,11.25],"texture":"#0"},"west":{"uv":[6,8,7.25,9.25],"texture":"#0"},"up":{"uv":[9,11.25,8.5,10],"texture":"#0"},"down":{"uv":[9,10,8.5,11.25],"texture":"#0"}}},{"from":[-9,4.75,7.75],"to":[-8,7.25,10.25],"rotation":{"angle":0,"axis":"y","origin":[8,9,8]},"faces":{"north":{"uv":[4.5,10,5,11.25],"texture":"#0"},"east":{"uv":[8,4.5,9.25,5.75],"texture":"#0"},"south":{"uv":[4.5,10,5,11.25],"texture":"#0"},"west":{"uv":[6,8,7.25,9.25],"texture":"#0"},"up":{"uv":[9,11.25,8.5,10],"texture":"#0"},"down":{"uv":[9,10,8.5,11.25],"texture":"#0"}}},{"from":[-8,5.5,8.5],"to":[-3,6.5,9.5],"rotation":{"angle":0,"axis":"y","origin":[8,9,8]},"faces":{"north":{"uv":[8,6,10.5,6.5],"texture":"#0"},"east":{"uv":[5,11,5.5,11.5],"texture":"#0"},"south":{"uv":[10.5,6,8,6.5],"texture":"#0"},"west":{"uv":[11,5,11.5,5.5],"texture":"#0"},"up":{"uv":[11,8.5,8.5,8],"texture":"#0"},"down":{"uv":[11,8,8.5,8.5],"texture":"#0"}}},{"from":[-2,11,8.25],"to":[22,13,9.75],"rotation":{"angle":0,"axis":"y","origin":[8,9,8]},"faces":{"north":{"uv":[12,0,0,1],"texture":"#0"},"east":{"uv":[5,8.5,5.75,9.5],"texture":"#0"},"south":{"uv":[0,0,12,1],"texture":"#0"},"west":{"uv":[8.5,9,9.25,10],"texture":"#0"},"up":{"uv":[12,2.75,0,2],"texture":"#0"},"down":{"uv":[12,2,0,2.75],"texture":"#0"}}},{"from":[-3,10.75,7.75],"to":[-2,13.25,10.25],"rotation":{"angle":0,"axis":"y","origin":[8,9,8]},"faces":{"north":{"uv":[4.5,10,5,11.25],"texture":"#0"},"east":{"uv":[8,4.5,9.25,5.75],"texture":"#0"},"south":{"uv":[4.5,10,5,11.25],"texture":"#0"},"west":{"uv":[6,8,7.25,9.25],"texture":"#0"},"up":{"uv":[9,11.25,8.5,10],"texture":"#0"},"down":{"uv":[9,10,8.5,11.25],"texture":"#0"}}},{"from":[-9,10.75,7.75],"to":[-8,13.25,10.25],"rotation":{"angle":0,"axis":"y","origin":[8,9,8]},"faces":{"north":{"uv":[4.5,10,5,11.25],"texture":"#0"},"east":{"uv":[8,4.5,9.25,5.75],"texture":"#0"},"south":{"uv":[4.5,10,5,11.25],"texture":"#0"},"west":{"uv":[6,8,7.25,9.25],"texture":"#0"},"up":{"uv":[9,11.25,8.5,10],"texture":"#0"},"down":{"uv":[9,10,8.5,11.25],"texture":"#0"}}},{"from":[-8,11.5,8.5],"to":[-3,12.5,9.5],"rotation":{"angle":0,"axis":"y","origin":[8,9,8]},"faces":{"north":{"uv":[8,6,10.5,6.5],"texture":"#0"},"east":{"uv":[5,11,5.5,11.5],"texture":"#0"},"south":{"uv":[10.5,6,8,6.5],"texture":"#0"},"west":{"uv":[11,5,11.5,5.5],"texture":"#0"},"up":{"uv":[11,8.5,8.5,8],"texture":"#0"},"down":{"uv":[11,8,8.5,8.5],"texture":"#0"}}},{"from":[4,3,10],"to":[12,4,11],"rotation":{"angle":0,"axis":"y","origin":[8,9,8]},"faces":{"north":{"uv":[2,7,6,7.5],"texture":"#0"},"east":{"uv":[5.5,11,6,11.5],"texture":"#0"},"south":{"uv":[6,7,2,7.5],"texture":"#0"},"west":{"uv":[11,5.5,11.5,6],"texture":"#0"},"up":{"uv":[6,8,2,7.5],"texture":"#0"},"down":{"uv":[10,7.5,6,8],"texture":"#0"}}},{"from":[4,5,10],"to":[12,8,11],"rotation":{"angle":0,"axis":"y","origin":[8,9,8]},"faces":{"north":{"uv":[0,4,4,5.5],"texture":"#0"},"east":{"uv":[9.5,4.5,10,6],"texture":"#0"},"south":{"uv":[4,4,0,5.5],"texture":"#0"},"west":{"uv":[5,9.5,5.5,11],"texture":"#0"},"up":{"uv":[6,8.5,2,8],"texture":"#0"},"down":{"uv":[12,4,8,4.5],"texture":"#0"}}},{"from":[12,5,10],"to":[13,8,12],"rotation":{"angle":0,"axis":"y","origin":[8,9,8]},"faces":{"north":{"uv":[7.5,9.5,8,11],"texture":"#0"},"east":{"uv":[7.5,8,8.5,9.5],"texture":"#0"},"south":{"uv":[8,9.5,8.5,11],"texture":"#0"},"west":{"uv":[8.5,8,7.5,9.5],"texture":"#0"},"up":{"uv":[10.5,8,10,7],"texture":"#0"},"down":{"uv":[10.5,9,10,10],"texture":"#0"}}},{"from":[12,0,12],"to":[13,12,13],"rotation":{"angle":0,"axis":"y","origin":[8,9,8]},"faces":{"north":{"uv":[0,5.5,0.5,11.5],"texture":"#0"},"east":{"uv":[0.5,5.5,1,11.5],"texture":"#0"},"south":{"uv":[1,5.5,1.5,11.5],"texture":"#0"},"west":{"uv":[1,5.5,0.5,11.5],"texture":"#0"},"up":{"uv":[11.5,9,11,8.5],"texture":"#0"},"down":{"uv":[11.5,9,11,9.5],"texture":"#0"}}},{"from":[12,2,9],"to":[13,5,12],"rotation":{"angle":0,"axis":"y","origin":[8,9,8]},"faces":{"north":{"uv":[5.5,9.5,6,11],"texture":"#0"},"east":{"uv":[2,5.5,3.5,7],"texture":"#0"},"south":{"uv":[6,9.5,6.5,11],"texture":"#0"},"west":{"uv":[3.5,5.5,2,7],"texture":"#0"},"up":{"uv":[7,11,6.5,9.5],"texture":"#0"},"down":{"uv":[7.5,9.5,7,11],"texture":"#0"}}},{"from":[12,4,7],"to":[13,5,9],"rotation":{"angle":0,"axis":"y","origin":[8,9,8]},"faces":{"north":{"uv":[6.5,11,7,11.5],"texture":"#0"},"east":{"uv":[10,10,11,10.5],"texture":"#0"},"south":{"uv":[11,6.5,11.5,7],"texture":"#0"},"west":{"uv":[11,10,10,10.5],"texture":"#0"},"up":{"uv":[11,6,10.5,5],"texture":"#0"},"down":{"uv":[11,6,10.5,7],"texture":"#0"}}},{"from":[12,5,7],"to":[13,5.5,8],"rotation":{"angle":0,"axis":"y","origin":[8,9,8]},"faces":{"north":{"uv":[11,9.5,11.5,9.75],"texture":"#0"},"east":{"uv":[11,10,11.5,10.25],"texture":"#0"},"south":{"uv":[11,10.5,11.5,10.75],"texture":"#0"},"west":{"uv":[11.5,10,11,10.25],"texture":"#0"},"up":{"uv":[6.5,11.5,6,11],"texture":"#0"},"down":{"uv":[11.5,6,11,6.5],"texture":"#0"}}},{"from":[12,8,9],"to":[13,11,12],"rotation":{"angle":0,"axis":"y","origin":[8,9,8]},"faces":{"north":{"uv":[9.5,9,10,10.5],"texture":"#0"},"east":{"uv":[5,5.5,6.5,7],"texture":"#0"},"south":{"uv":[2,10,2.5,11.5],"texture":"#0"},"west":{"uv":[6.5,5.5,5,7],"texture":"#0"},"up":{"uv":[3,11.5,2.5,10],"texture":"#0"},"down":{"uv":[3.5,10,3,11.5],"texture":"#0"}}},{"from":[12,11,10],"to":[13,14,12],"rotation":{"angle":0,"axis":"y","origin":[8,9,8]},"faces":{"north":{"uv":[3.5,10,4,11.5],"texture":"#0"},"east":{"uv":[3,8.5,4,10],"texture":"#0"},"south":{"uv":[4,10,4.5,11.5],"texture":"#0"},"west":{"uv":[4,8.5,3,10],"texture":"#0"},"up":{"uv":[10.5,11.5,10,10.5],"texture":"#0"},"down":{"uv":[11,10.5,10.5,11.5],"texture":"#0"}}},{"from":[12,10,7],"to":[13,11,9],"rotation":{"angle":0,"axis":"y","origin":[8,9,8]},"faces":{"north":{"uv":[8,11,8.5,11.5],"texture":"#0"},"east":{"uv":[10.5,7,11.5,7.5],"texture":"#0"},"south":{"uv":[11,8,11.5,8.5],"texture":"#0"},"west":{"uv":[11.5,7,10.5,7.5],"texture":"#0"},"up":{"uv":[11,10,10.5,9],"texture":"#0"},"down":{"uv":[10,10.5,9.5,11.5],"texture":"#0"}}},{"from":[12,11,7],"to":[13,11.5,8],"rotation":{"angle":0,"axis":"y","origin":[8,9,8]},"faces":{"north":{"uv":[0,11.5,0.5,11.75],"texture":"#0"},"east":{"uv":[0.5,11.5,1,11.75],"texture":"#0"},"south":{"uv":[1,11.5,1.5,11.75],"texture":"#0"},"west":{"uv":[1,11.5,0.5,11.75],"texture":"#0"},"up":{"uv":[7.5,11.5,7,11],"texture":"#0"},"down":{"uv":[8,11,7.5,11.5],"texture":"#0"}}},{"from":[3,5,10],"to":[4,8,12],"rotation":{"angle":0,"axis":"y","origin":[8,9,8]},"faces":{"north":{"uv":[7.5,9.5,8,11],"texture":"#0"},"east":{"uv":[7.5,8,8.5,9.5],"texture":"#0"},"south":{"uv":[8,9.5,8.5,11],"texture":"#0"},"west":{"uv":[8.5,8,7.5,9.5],"texture":"#0"},"up":{"uv":[10.5,8,10,7],"texture":"#0"},"down":{"uv":[10.5,9,10,10],"texture":"#0"}}},{"from":[3,0,12],"to":[4,12,13],"rotation":{"angle":0,"axis":"y","origin":[8,9,8]},"faces":{"north":{"uv":[0,5.5,0.5,11.5],"texture":"#0"},"east":{"uv":[0.5,5.5,1,11.5],"texture":"#0"},"south":{"uv":[1,5.5,1.5,11.5],"texture":"#0"},"west":{"uv":[1,5.5,0.5,11.5],"texture":"#0"},"up":{"uv":[11.5,9,11,8.5],"texture":"#0"},"down":{"uv":[11.5,9,11,9.5],"texture":"#0"}}},{"from":[3,2,9],"to":[4,5,12],"rotation":{"angle":0,"axis":"y","origin":[8,9,8]},"faces":{"north":{"uv":[5.5,9.5,6,11],"texture":"#0"},"east":{"uv":[2,5.5,3.5,7],"texture":"#0"},"south":{"uv":[6,9.5,6.5,11],"texture":"#0"},"west":{"uv":[3.5,5.5,2,7],"texture":"#0"},"up":{"uv":[7,11,6.5,9.5],"texture":"#0"},"down":{"uv":[7.5,9.5,7,11],"texture":"#0"}}},{"from":[3,4,7],"to":[4,5,9],"rotation":{"angle":0,"axis":"y","origin":[8,9,8]},"faces":{"north":{"uv":[6.5,11,7,11.5],"texture":"#0"},"east":{"uv":[10,10,11,10.5],"texture":"#0"},"south":{"uv":[11,6.5,11.5,7],"texture":"#0"},"west":{"uv":[11,10,10,10.5],"texture":"#0"},"up":{"uv":[11,6,10.5,5],"texture":"#0"},"down":{"uv":[11,6,10.5,7],"texture":"#0"}}},{"from":[3,5,7],"to":[4,5.5,8],"rotation":{"angle":0,"axis":"y","origin":[8,9,8]},"faces":{"north":{"uv":[11,9.5,11.5,9.75],"texture":"#0"},"east":{"uv":[11,10,11.5,10.25],"texture":"#0"},"south":{"uv":[11,10.5,11.5,10.75],"texture":"#0"},"west":{"uv":[11.5,10,11,10.25],"texture":"#0"},"up":{"uv":[6.5,11.5,6,11],"texture":"#0"},"down":{"uv":[11.5,6,11,6.5],"texture":"#0"}}},{"from":[3,8,9],"to":[4,11,12],"rotation":{"angle":0,"axis":"y","origin":[8,9,8]},"faces":{"north":{"uv":[9.5,9,10,10.5],"texture":"#0"},"east":{"uv":[5,5.5,6.5,7],"texture":"#0"},"south":{"uv":[2,10,2.5,11.5],"texture":"#0"},"west":{"uv":[6.5,5.5,5,7],"texture":"#0"},"up":{"uv":[3,11.5,2.5,10],"texture":"#0"},"down":{"uv":[3.5,10,3,11.5],"texture":"#0"}}},{"from":[3,11,10],"to":[4,14,12],"rotation":{"angle":0,"axis":"y","origin":[8,9,8]},"faces":{"north":{"uv":[3.5,10,4,11.5],"texture":"#0"},"east":{"uv":[3,8.5,4,10],"texture":"#0"},"south":{"uv":[4,10,4.5,11.5],"texture":"#0"},"west":{"uv":[4,8.5,3,10],"texture":"#0"},"up":{"uv":[10.5,11.5,10,10.5],"texture":"#0"},"down":{"uv":[11,10.5,10.5,11.5],"texture":"#0"}}},{"from":[3,10,7],"to":[4,11,9],"rotation":{"angle":0,"axis":"y","origin":[8,9,8]},"faces":{"north":{"uv":[8,11,8.5,11.5],"texture":"#0"},"east":{"uv":[10.5,7,11.5,7.5],"texture":"#0"},"south":{"uv":[11,8,11.5,8.5],"texture":"#0"},"west":{"uv":[11.5,7,10.5,7.5],"texture":"#0"},"up":{"uv":[11,10,10.5,9],"texture":"#0"},"down":{"uv":[10,10.5,9.5,11.5],"texture":"#0"}}},{"from":[3,11,7],"to":[4,11.5,8],"rotation":{"angle":0,"axis":"y","origin":[8,9,8]},"faces":{"north":{"uv":[0,11.5,0.5,11.75],"texture":"#0"},"east":{"uv":[0.5,11.5,1,11.75],"texture":"#0"},"south":{"uv":[1,11.5,1.5,11.75],"texture":"#0"},"west":{"uv":[1,11.5,0.5,11.75],"texture":"#0"},"up":{"uv":[7.5,11.5,7,11],"texture":"#0"},"down":{"uv":[8,11,7.5,11.5],"texture":"#0"}}}],"gui_light":"front","display":{"thirdperson_righthand":{"rotation":[67.5,0,0],"translation":[0,1.75,-0.25],"scale":[0.36164,0.36164,0.36164]},"thirdperson_lefthand":{"rotation":[67.5,0,0],"translation":[0,1.75,-0.25],"scale":[0.36164,0.36164,0.36164]},"firstperson_righthand":{"translation":[-1.75,4,0],"scale":[0.53992,0.53992,0.53992]},"firstperson_lefthand":{"translation":[-1.75,4,0],"scale":[0.53992,0.53992,0.53992]},"ground":{"translation":[0,3,-0.5],"scale":[0.51,0.51,0.51]},"gui":{"rotation":[30,225,0],"translation":[-0.25,-1,0],"scale":[0.57938,0.57938,0.57938]},"head":{"rotation":[0,-180,0],"translation":[0,-7.5,12.75],"scale":[2,2,2]},"fixed":{"translation":[-0.25,2,-10],"scale":[2,2,2]}},"groups":[{"name":"group","origin":[0,0,-4.5],"color":0,"children":[{"name":"group","origin":[8,9,8],"color":0,"children":[0,1,2,3]},{"name":"group","origin":[8,9,8],"color":0,"children":[4,5,6,7]},8,9,{"name":"group","origin":[8,9,8],"color":0,"children":[10,11,12,13,14,15,16,17,18]},{"name":"group","origin":[8,9,8],"color":0,"children":[19,20,21,22,23,24,25,26,27]}]}]}