{"credit":"MadewithBlockbench","texture_size":[64,64],"textures":{"0":"manalabs:furniture/chinese/chinese_table_2","particle":"manalabs:furniture/chinese/chinese_table_2"},"elements":[{"from":[-8,10,10.5],"to":[24,14,10.5],"rotation":{"angle":0,"axis":"y","origin":[8,11.75,8]},"faces":{"north":{"uv":[8,8,0,9],"texture":"#0"},"east":{"uv":[0,0,0,1],"texture":"#0"},"south":{"uv":[0,8,8,9],"texture":"#0"},"west":{"uv":[0,0,0,1],"texture":"#0"},"up":{"uv":[0,0,8,0],"texture":"#0"},"down":{"uv":[0,0,8,0],"texture":"#0"}}},{"from":[-8,10,25.5],"to":[24,14,25.5],"rotation":{"angle":0,"axis":"y","origin":[8,11.75,8]},"faces":{"north":{"uv":[8,8,0,9],"texture":"#0"},"east":{"uv":[0,0,0,1],"texture":"#0"},"south":{"uv":[0,8,8,9],"texture":"#0"},"west":{"uv":[0,0,0,1],"texture":"#0"},"up":{"uv":[0,0,8,0],"texture":"#0"},"down":{"uv":[0,0,8,0],"texture":"#0"}}},{"from":[-8,14,10],"to":[24,16,26],"rotation":{"angle":0,"axis":"y","origin":[8,11.75,8]},"faces":{"north":{"uv":[16,1,8,1.5],"texture":"#0"},"east":{"uv":[8,2,12,2.5],"texture":"#0"},"south":{"uv":[8,1,16,1.5],"texture":"#0"},"west":{"uv":[12,2,8,2.5],"texture":"#0"},"up":{"uv":[0,4,8,0],"texture":"#0"},"down":{"uv":[0,4,8,8],"texture":"#0"}}},{"from":[-4,10,11],"to":[-3,11,25],"rotation":{"angle":0,"axis":"y","origin":[8,11.75,8]},"faces":{"north":{"uv":[0.75,9.25,0.5,9.5],"texture":"#0"},"east":{"uv":[8.75,3.5,12.25,3.75],"texture":"#0"},"south":{"uv":[1,9.25,0.75,9.5],"texture":"#0"},"west":{"uv":[12.25,3.5,8.75,3.75],"texture":"#0"},"up":{"uv":[12.25,3.5,8.75,3.75],"rotation":90,"texture":"#0"},"down":{"uv":[8.75,3.75,12.25,3.5],"rotation":90,"texture":"#0"}}},{"from":[19,10,11],"to":[20,11,25],"rotation":{"angle":0,"axis":"y","origin":[8,11.75,8]},"faces":{"north":{"uv":[0.75,9.25,0.5,9.5],"texture":"#0"},"east":{"uv":[8.75,3.5,12.25,3.75],"texture":"#0"},"south":{"uv":[1,9.25,0.75,9.5],"texture":"#0"},"west":{"uv":[12.25,3.5,8.75,3.75],"texture":"#0"},"up":{"uv":[12.25,3.5,8.75,3.75],"rotation":90,"texture":"#0"},"down":{"uv":[8.75,3.75,12.25,3.5],"rotation":90,"texture":"#0"}}},{"from":[-4,7,11],"to":[-3,8,25],"rotation":{"angle":0,"axis":"y","origin":[8,11.75,8]},"faces":{"north":{"uv":[0.75,9.25,0.5,9.5],"texture":"#0"},"east":{"uv":[8.75,3.5,12.25,3.75],"texture":"#0"},"south":{"uv":[1,9.25,0.75,9.5],"texture":"#0"},"west":{"uv":[12.25,3.5,8.75,3.75],"texture":"#0"},"up":{"uv":[12.25,3.5,8.75,3.75],"rotation":90,"texture":"#0"},"down":{"uv":[8.75,3.75,12.25,3.5],"rotation":90,"texture":"#0"}}},{"from":[19,7,11],"to":[20,8,25],"rotation":{"angle":0,"axis":"y","origin":[8,11.75,8]},"faces":{"north":{"uv":[0.75,9.25,0.5,9.5],"texture":"#0"},"east":{"uv":[8.75,3.5,12.25,3.75],"texture":"#0"},"south":{"uv":[1,9.25,0.75,9.5],"texture":"#0"},"west":{"uv":[12.25,3.5,8.75,3.75],"texture":"#0"},"up":{"uv":[12.25,3.5,8.75,3.75],"rotation":90,"texture":"#0"},"down":{"uv":[8.75,3.75,12.25,3.5],"rotation":90,"texture":"#0"}}},{"from":[-8,16,10],"to":[-7,17,26],"rotation":{"angle":0,"axis":"y","origin":[8,11.75,8]},"faces":{"north":{"uv":[1.5,9.25,1.75,9.5],"texture":"#0"},"east":{"uv":[8,3,12,3.25],"texture":"#0"},"south":{"uv":[1.75,9.25,1.5,9.5],"texture":"#0"},"west":{"uv":[12,3,8,3.25],"texture":"#0"},"up":{"uv":[8,7.5,8.25,3.5],"texture":"#0"},"down":{"uv":[8,7.5,8.25,11.5],"texture":"#0"}}},{"from":[23,16,10],"to":[24,17,26],"rotation":{"angle":0,"axis":"y","origin":[8,11.75,8]},"faces":{"north":{"uv":[1.75,9.25,1.5,9.5],"texture":"#0"},"east":{"uv":[8,3,12,3.25],"texture":"#0"},"south":{"uv":[1.5,9.25,1.75,9.5],"texture":"#0"},"west":{"uv":[12,3,8,3.25],"texture":"#0"},"up":{"uv":[8,7.5,8.25,3.5],"texture":"#0"},"down":{"uv":[8,7.5,8.25,11.5],"texture":"#0"}}},{"from":[-8,13.5,10.5],"to":[-8,14,25.5],"rotation":{"angle":0,"axis":"y","origin":[8,11.75,8]},"faces":{"north":{"uv":[1.75,9.25,1.5,9.5],"texture":"#0"},"east":{"uv":[9.25,4,13.25,4.25],"texture":"#0"},"south":{"uv":[1.75,9.25,1.5,9.5],"texture":"#0"},"west":{"uv":[13.25,4,9.25,4.25],"texture":"#0"},"up":{"uv":[8,7.5,8.25,3.5],"texture":"#0"},"down":{"uv":[8,7.5,8.25,11.5],"texture":"#0"}}},{"from":[24,13.5,10.5],"to":[24,14,25.5],"rotation":{"angle":0,"axis":"y","origin":[8,11.75,8]},"faces":{"north":{"uv":[1.75,9.25,1.5,9.5],"texture":"#0"},"east":{"uv":[9.25,4,13.25,4.25],"texture":"#0"},"south":{"uv":[1.75,9.25,1.5,9.5],"texture":"#0"},"west":{"uv":[13.25,4,9.25,4.25],"texture":"#0"},"up":{"uv":[8,7.5,8.25,3.5],"texture":"#0"},"down":{"uv":[8,7.5,8.25,11.5],"texture":"#0"}}},{"from":[-4,0,10],"to":[-3,14,11],"rotation":{"angle":0,"axis":"y","origin":[8,11.75,8]},"faces":{"north":{"uv":[7.25,9,7.5,12.5],"texture":"#0"},"east":{"uv":[7.75,9,7.5,12.5],"texture":"#0"},"south":{"uv":[7.5,9,7.75,12.5],"texture":"#0"},"west":{"uv":[7.5,9,7.25,12.5],"texture":"#0"},"up":{"uv":[2,9.5,2.25,9.25],"texture":"#0"},"down":{"uv":[2.25,9.25,2.5,9.5],"texture":"#0"}}},{"from":[19,0,10],"to":[20,14,11],"rotation":{"angle":0,"axis":"y","origin":[8,11.75,8]},"faces":{"north":{"uv":[7.5,9,7.25,12.5],"texture":"#0"},"east":{"uv":[7.25,9,7.5,12.5],"texture":"#0"},"south":{"uv":[7.75,9,7.5,12.5],"texture":"#0"},"west":{"uv":[7.5,9,7.75,12.5],"texture":"#0"},"up":{"uv":[2.25,9.5,2,9.25],"texture":"#0"},"down":{"uv":[2.5,9.25,2.25,9.5],"texture":"#0"}}},{"from":[19,0,25],"to":[20,14,26],"rotation":{"angle":0,"axis":"y","origin":[8,11.75,8]},"faces":{"north":{"uv":[7.5,9,7.75,12.5],"texture":"#0"},"east":{"uv":[7.5,9,7.25,12.5],"texture":"#0"},"south":{"uv":[7.25,9,7.5,12.5],"texture":"#0"},"west":{"uv":[7.75,9,7.5,12.5],"texture":"#0"},"up":{"uv":[2.25,9.25,2,9.5],"texture":"#0"},"down":{"uv":[2.5,9.5,2.25,9.25],"texture":"#0"}}},{"from":[-4,0,25],"to":[-3,14,26],"rotation":{"angle":0,"axis":"y","origin":[8,11.75,8]},"faces":{"north":{"uv":[7.75,9,7.5,12.5],"texture":"#0"},"east":{"uv":[7.5,9,7.75,12.5],"texture":"#0"},"south":{"uv":[7.5,9,7.25,12.5],"texture":"#0"},"west":{"uv":[7.25,9,7.5,12.5],"texture":"#0"},"up":{"uv":[2,9.25,2.25,9.5],"texture":"#0"},"down":{"uv":[2.25,9.5,2.5,9.25],"texture":"#0"}}}],"gui_light":"front","display":{"thirdperson_righthand":{"rotation":[67.5,0,0],"translation":[0,3.25,0.25],"scale":[0.26,0.26,0.26]},"thirdperson_lefthand":{"rotation":[67.5,0,0],"translation":[0,3.25,0.25],"scale":[0.26,0.26,0.26]},"firstperson_righthand":{"translation":[-4,4,0],"scale":[0.27305,0.27305,0.27305]},"firstperson_lefthand":{"translation":[-4,4,0],"scale":[0.27305,0.27305,0.27305]},"ground":{"translation":[0,3,-2.75],"scale":[0.25,0.25,0.25]},"gui":{"rotation":[30,225,0],"translation":[3.25,-2.25,0],"scale":[0.42133,0.42133,0.42133]},"head":{"rotation":[0,-180,0],"translation":[10,-26.25,20.5],"scale":[2,2,2]},"fixed":{"rotation":[-90,0,0],"translation":[0.25,-20,-16],"scale":[2,2,2]}},"groups":[{"name":"group","origin":[-8,0,16],"color":0,"children":[0,1,2,3,4,5,6,7,8,9,10,11,12,13,14]}]}