{"display":{"thirdperson_righthand":{"rotation":[180,0,0],"translation":[0,5.75,2],"scale":[0.8,0.8,0.8]},"thirdperson_lefthand":{"rotation":[180,0,0],"translation":[0,5.75,2],"scale":[0.8,0.8,0.8]},"firstperson_righthand":{"rotation":[139,62,42],"translation":[4,4.5,0],"scale":[0.4,0.4,0.4]},"firstperson_lefthand":{"rotation":[-180,22,3],"translation":[3.25,4.5,0],"scale":[0.4,0.4,0.4]},"ground":{"translation":[0,3,0],"scale":[0.25,0.25,0.25]},"gui":{"rotation":[0,0,145],"translation":[3.25,4,0],"scale":[0.625,0.625,0.625]},"fixed":{"translation":[0,-7.5,-1.75]}},"texture_size":[32,32],"textures":{"1":"crates/halloween22/candy_corn_shovel","particle":"crates/halloween22/candy_corn_shovel"},"elements":[{"from":[5.5,3,6],"to":[10.5,8,10],"rotation":{"angle":0,"axis":"y","origin":[-2.5,0,0]},"faces":{"north":{"uv":[0.5,2,3,4.5],"texture":"#1"},"east":{"uv":[0.625,2,2.625,4.5],"texture":"#1"},"south":{"uv":[0.5,2,3,4.5],"texture":"#1"},"west":{"uv":[0.625,2,2.625,4.5],"texture":"#1"},"up":{"uv":[6.5,6.5,4,4.5],"texture":"#1"},"down":{"uv":[6.5,6.5,4,8.5],"texture":"#1"}}},{"from":[4.5,8,6],"to":[11.5,12,10],"rotation":{"angle":0,"axis":"y","origin":[-2.5,0,0]},"faces":{"north":{"uv":[0,0,3.5,2],"texture":"#1"},"east":{"uv":[0.625,0,2.625,2],"texture":"#1"},"south":{"uv":[0,0,3.5,2],"texture":"#1"},"west":{"uv":[0.75,0,2.75,2],"texture":"#1"},"up":{"uv":[7.5,6.5,4,4.5],"texture":"#1"},"down":{"uv":[7.5,6.5,4,8.5],"texture":"#1"}}},{"from":[7,10,7],"to":[9,21,9],"rotation":{"angle":0,"axis":"y","origin":[-3,0,0]},"faces":{"north":{"uv":[7.5,0,8.5,5.5],"texture":"#1"},"east":{"uv":[7.5,5.5,8.5,11],"texture":"#1"},"south":{"uv":[7.5,0,8.5,5.5],"texture":"#1"},"west":{"uv":[4,8.5,5,14],"texture":"#1"},"up":{"uv":[9.5,10.5,8.5,9.5],"texture":"#1"},"down":{"uv":[10.5,9.5,9.5,10.5],"texture":"#1"}}},{"from":[4,21,7],"to":[12,23,9],"rotation":{"angle":0,"axis":"y","origin":[-3,0,0]},"faces":{"north":{"uv":[8.5,5.5,12.5,6.5],"texture":"#1"},"east":{"uv":[0,10,1,11],"texture":"#1"},"south":{"uv":[8.5,5.5,12.5,6.5],"texture":"#1"},"west":{"uv":[1,10,2,11],"texture":"#1"},"up":{"uv":[12.5,8.5,8.5,7.5],"texture":"#1"},"down":{"uv":[12.5,8.5,8.5,9.5],"texture":"#1"}}},{"from":[5,26,7],"to":[11,28,9],"rotation":{"angle":45,"axis":"x","origin":[8,27,8]},"faces":{"north":{"uv":[0,9,3,10],"texture":"#1"},"east":{"uv":[2,10,3,11],"texture":"#1"},"south":{"uv":[0,9,3,10],"texture":"#1"},"west":{"uv":[10.5,3,11.5,4],"texture":"#1"},"up":{"uv":[3,10,0,9],"texture":"#1"},"down":{"uv":[3,9,0,10],"texture":"#1"}}},{"from":[11,23,7],"to":[12,27,9],"rotation":{"angle":0,"axis":"y","origin":[-3,0,0]},"faces":{"north":{"uv":[7,0,7.5,2],"texture":"#1"},"east":{"uv":[5,8.5,6,10.5],"texture":"#1"},"south":{"uv":[7.5,0,7,2],"texture":"#1"},"west":{"uv":[6,8.5,7,10.5],"texture":"#1"},"up":{"uv":[11,5,10.5,4],"texture":"#1"},"down":{"uv":[6,10.5,5.5,11.5],"texture":"#1"}}},{"from":[4,23,7],"to":[5,27,9],"rotation":{"angle":0,"axis":"y","origin":[19,0,0]},"faces":{"north":{"uv":[7,8.5,7.5,10.5],"texture":"#1"},"east":{"uv":[3,9,4,11],"texture":"#1"},"south":{"uv":[7.5,8.5,7,10.5],"texture":"#1"},"west":{"uv":[9.5,3,10.5,5],"texture":"#1"},"up":{"uv":[6.5,11.5,6,10.5],"texture":"#1"},"down":{"uv":[7,10.5,6.5,11.5],"texture":"#1"}}}]}