{"file_name":"bone11","texture_size":[128,128],"textures":{"layer0":"manamodels/manawolf"},"elements":[{"name":"bone11_0","from":[7.4,6.5,9.5],"to":[9.2,10.1,11.900001],"rotation":{"angle":-45.0,"axis":"x","origin":[8.0,7.0999994,11.3]},"faces":{"east":{"uv":[10.375,7.875,10.875,8.625],"texture":"#layer0","tintindex":0},"south":{"uv":[11.5,1.5,11.875,2.25],"texture":"#layer0","tintindex":0},"north":{"uv":[1.5,8.5,1.875,9.25],"texture":"#layer0","tintindex":0},"west":{"uv":[1.25,10.5,1.75,11.25],"texture":"#layer0","tintindex":0},"up":{"uv":[6.25,12.5,5.875,12.0],"texture":"#layer0","tintindex":0},"down":{"uv":[6.375,12.0,6.75,12.5],"texture":"#layer0","tintindex":0}}}],"display":{"head":{"translation":[0.0,-6.4,0.0],"rotation":[0.0,0.0,0.0],"scale":[3.8095,3.8095,3.8095]},"gui":{"translation":[0.0,0.0,0.0],"rotation":[35.0,225.0,0.0],"scale":[0.625,0.625,0.625]}}}