{"file_name":"front_leg_bottom3","texture_size":[128,128],"textures":{"layer0":"manamodels/manawolf"},"elements":[{"name":"front_leg_bottom3_0","from":[7.1,3.7104795,7.0878077],"to":[8.9,7.9104795,8.887808],"rotation":{"angle":0.0,"axis":"z","origin":[8.0,8.0,8.0]},"faces":{"east":{"uv":[11.375,0.0,11.0,0.875],"texture":"#layer0","tintindex":0},"south":{"uv":[0.375,11.0,0.0,11.875],"texture":"#layer0","tintindex":0},"north":{"uv":[10.5,10.75,10.125,11.625],"texture":"#layer0","tintindex":0},"west":{"uv":[6.125,10.875,5.75,11.75],"texture":"#layer0","tintindex":0},"up":{"uv":[12.25,8.125,12.625,7.75],"texture":"#layer0","tintindex":0},"down":{"uv":[12.625,9.75,12.25,10.125],"texture":"#layer0","tintindex":0}}},{"name":"front_leg_bottom3_1","from":[8.0,3.7104795,7.0878077],"to":[8.0,8.51048,11.287808],"rotation":{"angle":0.0,"axis":"z","origin":[8.0,8.0,8.0]},"faces":{"east":{"uv":[3.375,6.125,2.5,7.125],"texture":"#layer0","tintindex":0},"south":{"uv":[1.0,12.875,1.0,13.875],"texture":"#layer0","tintindex":0},"north":{"uv":[12.875,0.0,12.875,1.0],"texture":"#layer0","tintindex":0},"west":{"uv":[6.75,3.25,5.875,4.25],"texture":"#layer0","tintindex":0},"up":{"uv":[1.125,13.75,1.125,12.875],"texture":"#layer0","tintindex":0},"down":{"uv":[1.25,12.875,1.25,13.75],"texture":"#layer0","tintindex":0}}}],"display":{"head":{"translation":[0.0,-6.4,0.0],"rotation":[0.0,0.0,0.0],"scale":[3.8095,3.8095,3.8095]},"gui":{"translation":[0.0,0.0,0.0],"rotation":[35.0,225.0,0.0],"scale":[0.625,0.625,0.625]}}}