{"file_name":"tail","texture_size":[128,128],"textures":{"layer0":"manamodels/manawolf"},"elements":[{"name":"tail_0","from":[6.2,5.5698504,8.030149],"to":[9.8,9.16985,12.23015],"rotation":{"angle":0.0,"axis":"z","origin":[8.0,8.0,8.0]},"faces":{"east":{"uv":[7.875,3.375,8.75,4.125],"texture":"#layer0","tintindex":0},"south":{"uv":[8.625,8.125,9.375,8.875],"texture":"#layer0","tintindex":0},"north":{"uv":[8.625,0.0,9.375,0.75],"texture":"#layer0","tintindex":0},"west":{"uv":[7.875,4.25,8.75,5.0],"texture":"#layer0","tintindex":0},"up":{"uv":[6.25,8.75,5.5,7.875],"texture":"#layer0","tintindex":0},"down":{"uv":[6.375,7.875,7.125,8.75],"texture":"#layer0","tintindex":0}}},{"name":"tail_1","from":[5.8999996,5.3,12.200001],"to":[10.1,9.5,16.400002],"rotation":{"angle":0.0,"axis":"z","origin":[8.0,8.0,8.0]},"faces":{"east":{"uv":[6.875,5.0,7.75,5.875],"texture":"#layer0","tintindex":0},"south":{"uv":[0.0,7.125,0.875,8.0],"texture":"#layer0","tintindex":0},"north":{"uv":[6.875,4.0,7.75,4.875],"texture":"#layer0","tintindex":0},"west":{"uv":[3.5,7.125,4.375,8.0],"texture":"#layer0","tintindex":0},"up":{"uv":[5.375,8.0,4.5,7.125],"texture":"#layer0","tintindex":0},"down":{"uv":[2.375,7.25,3.25,8.125],"texture":"#layer0","tintindex":0}}},{"name":"tail_2","from":[6.5,6.5,16.400002],"to":[9.5,8.9,19.400002],"rotation":{"angle":0.0,"axis":"z","origin":[8.0,8.0,8.0]},"faces":{"east":{"uv":[11.125,3.75,11.75,4.25],"texture":"#layer0","tintindex":0},"south":{"uv":[11.125,6.5,11.75,7.0],"texture":"#layer0","tintindex":0},"north":{"uv":[5.125,1.0,5.75,1.5],"texture":"#layer0","tintindex":0},"west":{"uv":[11.125,7.125,11.75,7.625],"texture":"#layer0","tintindex":0},"up":{"uv":[10.625,5.625,10.0,5.0],"texture":"#layer0","tintindex":0},"down":{"uv":[0.0,10.25,0.625,10.875],"texture":"#layer0","tintindex":0}}},{"name":"tail_3","from":[8.0,5.3,16.400002],"to":[8.0,9.5,21.2],"rotation":{"angle":0.0,"axis":"z","origin":[8.0,8.0,8.0]},"faces":{"east":{"uv":[5.75,4.625,6.75,5.5],"texture":"#layer0","tintindex":0},"south":{"uv":[10.375,12.75,10.375,13.625],"texture":"#layer0","tintindex":0},"north":{"uv":[10.25,12.75,10.25,13.625],"texture":"#layer0","tintindex":0},"west":{"uv":[5.75,5.625,6.75,6.5],"texture":"#layer0","tintindex":0},"up":{"uv":[10.5,13.75,10.5,12.75],"texture":"#layer0","tintindex":0},"down":{"uv":[12.75,10.5,12.75,11.5],"texture":"#layer0","tintindex":0}}}],"display":{"head":{"translation":[0.0,-6.4,0.0],"rotation":[0.0,0.0,0.0],"scale":[3.8095,3.8095,3.8095]},"gui":{"translation":[0.0,0.0,0.0],"rotation":[35.0,225.0,0.0],"scale":[0.625,0.625,0.625]}}}