{"display":{"thirdperson_righthand":{"rotation":[75,45,0],"translation":[0,2.5,0],"scale":[0.375,0.375,0.375]},"thirdperson_lefthand":{"rotation":[75,45,0],"translation":[0,2.5,0],"scale":[0.375,0.375,0.375]},"firstperson_righthand":{"rotation":[0,45,0],"scale":[0.4,0.4,0.4]},"firstperson_lefthand":{"rotation":[0,225,0],"scale":[0.4,0.4,0.4]},"ground":{"translation":[0,3,0],"scale":[0.25,0.25,0.25]},"gui":{"rotation":[30,225,0],"translation":[0,-2,0],"scale":[0.425,0.425,0.425]},"head":{"translation":[0,-31.25,0],"scale":[1.5,1.5,1.5]},"fixed":{"translation":[0,-2,-2.5],"scale":[0.5,0.5,0.5]}},"texture_size":[64,64],"textures":{"0":"furniture/cat_post","particle":"furniture/cat_post"},"elements":[{"from":[0,0,0],"to":[16,2,16],"faces":{"north":{"uv":[3.5,8,7.5,8.5],"texture":"#0","tintindex":0},"east":{"uv":[8.25,3,12.25,3.5],"texture":"#0","tintindex":0},"south":{"uv":[8.25,3.5,12.25,4],"texture":"#0","tintindex":0},"west":{"uv":[8.25,4,12.25,4.5],"texture":"#0","tintindex":0},"up":{"uv":[4,4,0,0],"texture":"#0","tintindex":0},"down":{"uv":[4,4,0,8],"texture":"#0","tintindex":0}}},{"from":[9,10,0],"to":[16,12,16],"faces":{"north":{"uv":[4.5,9.5,6.25,10],"texture":"#0","tintindex":0},"east":{"uv":[8.25,4.5,12.25,5],"texture":"#0","tintindex":0},"south":{"uv":[9.25,9.5,11,10],"texture":"#0","tintindex":0},"west":{"uv":[8.25,5,12.25,5.5],"texture":"#0","tintindex":0},"up":{"uv":[5.75,4,4,0],"texture":"#0","tintindex":0},"down":{"uv":[5.75,4,4,8],"texture":"#0","tintindex":0}}},{"from":[7,1,1],"to":[9,12,2],"rotation":{"angle":-22.5,"axis":"z","origin":[8,11,2.5]},"faces":{"north":{"uv":[8.25,5.5,8.75,8.25],"texture":"#0","tintindex":0},"east":{"uv":[6,10,6.25,12.75],"texture":"#0","tintindex":0},"south":{"uv":[8.25,8.25,8.75,11],"texture":"#0","tintindex":0},"west":{"uv":[8.75,10.5,9,13.25],"texture":"#0","tintindex":0},"up":{"uv":[10.5,11.25,10,11],"texture":"#0","tintindex":0},"down":{"uv":[11,11,10.5,11.25],"texture":"#0","tintindex":0}}},{"from":[7,11,2],"to":[9,12,8],"rotation":{"angle":-22.5,"axis":"z","origin":[8,11,2.5]},"faces":{"north":{"uv":[6.25,11,6.75,11.25],"texture":"#0","tintindex":0},"east":{"uv":[10.5,1.5,12,1.75],"texture":"#0","tintindex":0},"south":{"uv":[8.25,11,8.75,11.25],"texture":"#0","tintindex":0},"west":{"uv":[10.5,1.75,12,2],"texture":"#0","tintindex":0},"up":{"uv":[5,11.5,4.5,10],"texture":"#0","tintindex":0},"down":{"uv":[5.5,10,5,11.5],"texture":"#0","tintindex":0}}},{"from":[7,8,2],"to":[9,9,8],"rotation":{"angle":-22.5,"axis":"z","origin":[8,11,2.5]},"faces":{"north":{"uv":[6.25,11,6.75,11.25],"texture":"#0","tintindex":0},"east":{"uv":[10.5,1.5,12,1.75],"texture":"#0","tintindex":0},"south":{"uv":[8.25,11,8.75,11.25],"texture":"#0","tintindex":0},"west":{"uv":[10.5,1.75,12,2],"texture":"#0","tintindex":0},"up":{"uv":[5,11.5,4.5,10],"texture":"#0","tintindex":0},"down":{"uv":[5.5,10,5,11.5],"texture":"#0","tintindex":0}}},{"from":[7,5,2],"to":[9,6,8],"rotation":{"angle":-22.5,"axis":"z","origin":[8,11,2.5]},"faces":{"north":{"uv":[6.25,11,6.75,11.25],"texture":"#0","tintindex":0},"east":{"uv":[10.5,1.5,12,1.75],"texture":"#0","tintindex":0},"south":{"uv":[8.25,11,8.75,11.25],"texture":"#0","tintindex":0},"west":{"uv":[10.5,1.75,12,2],"texture":"#0","tintindex":0},"up":{"uv":[5,11.5,4.5,10],"texture":"#0","tintindex":0},"down":{"uv":[5.5,10,5,11.5],"texture":"#0","tintindex":0}}},{"from":[7,2,2],"to":[9,3,8],"rotation":{"angle":-22.5,"axis":"z","origin":[8,11,2.5]},"faces":{"north":{"uv":[6.25,11,6.75,11.25],"texture":"#0","tintindex":0},"east":{"uv":[10.5,1.5,12,1.75],"texture":"#0","tintindex":0},"south":{"uv":[8.25,11,8.75,11.25],"texture":"#0","tintindex":0},"west":{"uv":[10.5,1.75,12,2],"texture":"#0","tintindex":0},"up":{"uv":[5,11.5,4.5,10],"texture":"#0","tintindex":0},"down":{"uv":[5.5,10,5,11.5],"texture":"#0","tintindex":0}}},{"from":[7,1,8],"to":[9,12,9],"rotation":{"angle":-22.5,"axis":"z","origin":[8,11,2.5]},"faces":{"north":{"uv":[3.5,8.5,4,11.25],"texture":"#0","tintindex":0},"east":{"uv":[9,10.5,9.25,13.25],"texture":"#0","tintindex":0},"south":{"uv":[4,8.5,4.5,11.25],"texture":"#0","tintindex":0},"west":{"uv":[9.75,10.5,10,13.25],"texture":"#0","tintindex":0},"up":{"uv":[11.5,10.75,11,10.5],"texture":"#0","tintindex":0},"down":{"uv":[11.5,10.75,11,11],"texture":"#0","tintindex":0}}},{"from":[0,10,10],"to":[9,12,16],"faces":{"north":{"uv":[4.5,8.5,6.75,9],"texture":"#0","tintindex":0},"east":{"uv":[9.75,10,11.25,10.5],"texture":"#0","tintindex":0},"south":{"uv":[8.75,5.5,11,6],"texture":"#0","tintindex":0},"west":{"uv":[10.5,0,12,0.5],"texture":"#0","tintindex":0},"up":{"uv":[10,1.5,7.75,0],"texture":"#0","tintindex":0},"down":{"uv":[10,1.5,7.75,3],"texture":"#0","tintindex":0}}},{"from":[1,2,12],"to":[3,20,14],"faces":{"north":{"uv":[1.5,8,2,12.5],"texture":"#0","tintindex":0},"east":{"uv":[2,8,2.5,12.5],"texture":"#0","tintindex":0},"south":{"uv":[2.5,8,3,12.5],"texture":"#0","tintindex":0},"west":{"uv":[3,8,3.5,12.5],"texture":"#0","tintindex":0},"up":{"uv":[11,3,10.5,2.5],"texture":"#0","tintindex":0},"down":{"uv":[10.5,10.5,10,11],"texture":"#0","tintindex":0}}},{"from":[13,2,1],"to":[15,11,3],"faces":{"north":{"uv":[6.75,8.5,7.25,10.75],"texture":"#0","tintindex":0},"east":{"uv":[7.25,8.5,7.75,10.75],"texture":"#0","tintindex":0},"south":{"uv":[8.75,6,9.25,8.25],"texture":"#0","tintindex":0},"west":{"uv":[8.75,8.25,9.25,10.5],"texture":"#0","tintindex":0},"up":{"uv":[11,11,10.5,10.5],"texture":"#0","tintindex":0},"down":{"uv":[7.25,10.75,6.75,11.25],"texture":"#0","tintindex":0}}},{"from":[13,2,12],"to":[15,27,14],"faces":{"north":{"uv":[7.75,3,8.25,9.25],"texture":"#0","tintindex":0},"east":{"uv":[0,8,0.5,14.25],"texture":"#0","tintindex":0},"south":{"uv":[0.5,8,1,14.25],"texture":"#0","tintindex":0},"west":{"uv":[1,8,1.5,14.25],"texture":"#0","tintindex":0},"up":{"uv":[7.75,11.25,7.25,10.75],"texture":"#0","tintindex":0},"down":{"uv":[8.25,10.75,7.75,11.25],"texture":"#0","tintindex":0}}},{"from":[-2,19,9],"to":[6,21,17],"rotation":{"angle":0,"axis":"y","origin":[16,0,0]},"faces":{"north":{"uv":[4.5,9,6.5,9.5],"texture":"#0","tintindex":0},"east":{"uv":[9.25,6,11.25,6.5],"texture":"#0","tintindex":0},"south":{"uv":[9.25,6.5,11.25,7],"texture":"#0","tintindex":0},"west":{"uv":[9.25,7,11.25,7.5],"texture":"#0","tintindex":0},"up":{"uv":[7.75,2,5.75,0],"texture":"#0","tintindex":0},"down":{"uv":[7.75,2,5.75,4],"texture":"#0","tintindex":0}}},{"from":[10,26,9],"to":[18,28,17],"rotation":{"angle":0,"axis":"y","origin":[16,0,0]},"faces":{"north":{"uv":[9.25,7.5,11.25,8],"texture":"#0","tintindex":0},"east":{"uv":[9.25,8,11.25,8.5],"texture":"#0","tintindex":0},"south":{"uv":[9.25,8.5,11.25,9],"texture":"#0","tintindex":0},"west":{"uv":[9.25,9,11.25,9.5],"texture":"#0","tintindex":0},"up":{"uv":[7.75,6,5.75,4],"texture":"#0","tintindex":0},"down":{"uv":[7.75,6,5.75,8],"texture":"#0","tintindex":0}}}],"gui_light":"front"}