{"display":{"thirdperson_righthand":{"rotation":[75,45,0],"translation":[0,2.25,0],"scale":[0.375,0.375,0.375]},"thirdperson_lefthand":{"rotation":[75,45,0],"translation":[0,2.25,0],"scale":[0.375,0.375,0.375]},"firstperson_righthand":{"rotation":[0,45,0],"scale":[0.4,0.4,0.4]},"firstperson_lefthand":{"rotation":[0,45,0],"scale":[0.4,0.4,0.4]},"ground":{"translation":[0,-0.5,0],"scale":[0.25,0.25,0.25]},"gui":{"rotation":[30,225,0],"translation":[0,-1.5,0],"scale":[0.425,0.425,0.425]},"head":{"translation":[0,-30.5,0],"scale":[1.6,1.6,1.6]},"fixed":{"translation":[0,-2.25,-3],"scale":[0.5,0.5,0.5]}},"texture_size":[64,64],"textures":{"0":"furniture/computer_chair","particle":"furniture/computer_chair"},"elements":[{"from":[7,2,7],"to":[9,9,9],"rotation":{"angle":0,"axis":"y","origin":[7,0,8]},"faces":{"north":{"uv":[0.5,4,1,5.75],"texture":"#0"},"east":{"uv":[0,4,0.5,5.75],"texture":"#0"},"south":{"uv":[1.5,4,2,5.75],"texture":"#0"},"west":{"uv":[1,4,1.5,5.75],"texture":"#0"},"up":{"uv":[1,4,0.5,3.5],"texture":"#0"},"down":{"uv":[1.5,3.5,1,4],"texture":"#0"}}},{"from":[2,9,2],"to":[14,11,14],"rotation":{"angle":0,"axis":"y","origin":[5,0,8]},"faces":{"north":{"uv":[3,3,6,3.5],"texture":"#0","tintindex":0},"east":{"uv":[0,3,3,3.5],"texture":"#0","tintindex":0},"south":{"uv":[9,3,12,3.5],"texture":"#0","tintindex":0},"west":{"uv":[6,3,9,3.5],"texture":"#0","tintindex":0},"up":{"uv":[6,3,3,0],"texture":"#0","tintindex":0},"down":{"uv":[9,0,6,3],"texture":"#0","tintindex":0}}},{"from":[2,14,12],"to":[14,22,14],"rotation":{"angle":0,"axis":"y","origin":[5,0,8]},"faces":{"north":{"uv":[4,4,7,6],"texture":"#0","tintindex":0},"east":{"uv":[3.5,4,4,6],"texture":"#0","tintindex":0},"south":{"uv":[7.5,4,10.5,6],"texture":"#0","tintindex":0},"west":{"uv":[7,4,7.5,6],"texture":"#0","tintindex":0},"up":{"uv":[7,4,4,3.5],"texture":"#0","tintindex":0},"down":{"uv":[10,3.5,7,4],"texture":"#0","tintindex":0}}},{"from":[7,9.1,13],"to":[9,19.1,15],"rotation":{"angle":0,"axis":"y","origin":[7,0,8]},"faces":{"north":{"uv":[0.5,0.5,1,3],"texture":"#0"},"east":{"uv":[0,0.5,0.5,3],"texture":"#0"},"south":{"uv":[1.5,0.5,2,3],"texture":"#0"},"west":{"uv":[1,0.5,1.5,3],"texture":"#0"},"up":{"uv":[1,0.5,0.5,0],"texture":"#0"},"down":{"uv":[1.5,0,1,0.5],"texture":"#0"}}},{"from":[2,1,7.5],"to":[14,3,8.5],"rotation":{"angle":0,"axis":"y","origin":[5,0,7.5]},"faces":{"north":{"uv":[6.75,6.25,9.75,6.75],"texture":"#0"},"east":{"uv":[6.5,6.25,6.75,6.75],"texture":"#0"},"south":{"uv":[10,6.25,13,6.75],"texture":"#0"},"west":{"uv":[9.75,6.25,10,6.75],"texture":"#0"},"up":{"uv":[9.75,6.25,6.75,6],"texture":"#0"},"down":{"uv":[12.75,6,9.75,6.25],"texture":"#0"}}},{"from":[13,0,7],"to":[15,2,9],"rotation":{"angle":0,"axis":"y","origin":[6.5,0,7.5]},"faces":{"north":{"uv":[4.5,7.5,5,8],"texture":"#0"},"east":{"uv":[4,7.5,4.5,8],"texture":"#0"},"south":{"uv":[5.5,7.5,6,8],"texture":"#0"},"west":{"uv":[5,7.5,5.5,8],"texture":"#0"},"up":{"uv":[5,7.5,4.5,7],"texture":"#0"},"down":{"uv":[5.5,7,5,7.5],"texture":"#0"}}},{"from":[1,0,7],"to":[3,2,9],"rotation":{"angle":0,"axis":"y","origin":[9.5,0,7.5]},"faces":{"north":{"uv":[2.5,7.5,3,8],"texture":"#0"},"east":{"uv":[2,7.5,2.5,8],"texture":"#0"},"south":{"uv":[3.5,7.5,4,8],"texture":"#0"},"west":{"uv":[3,7.5,3.5,8],"texture":"#0"},"up":{"uv":[3,7.5,2.5,7],"texture":"#0"},"down":{"uv":[3.5,7,3,7.5],"texture":"#0"}}},{"from":[7.5,1,2],"to":[8.5,3,14],"rotation":{"angle":0,"axis":"y","origin":[7.5,0,8]},"faces":{"north":{"uv":[3,6.5,3.25,7],"texture":"#0"},"east":{"uv":[0,6.5,3,7],"texture":"#0"},"south":{"uv":[6.25,6.5,6.5,7],"texture":"#0"},"west":{"uv":[3.25,6.5,6.25,7],"texture":"#0"},"up":{"uv":[3.25,6.5,3,3.5],"texture":"#0"},"down":{"uv":[3.5,3.5,3.25,6.5],"texture":"#0"}}},{"from":[7,0,1],"to":[9,2,3],"rotation":{"angle":0,"axis":"y","origin":[8,0,8]},"faces":{"north":{"uv":[0.5,7.5,1,8],"texture":"#0"},"east":{"uv":[0,7.5,0.5,8],"texture":"#0"},"south":{"uv":[1.5,7.5,2,8],"texture":"#0"},"west":{"uv":[1,7.5,1.5,8],"texture":"#0"},"up":{"uv":[1,7.5,0.5,7],"texture":"#0"},"down":{"uv":[1.5,7,1,7.5],"texture":"#0"}}},{"from":[7,0,13],"to":[9,2,15],"rotation":{"angle":0,"axis":"y","origin":[8,0,8]},"faces":{"north":{"uv":[6.5,7.25,7,7.75],"texture":"#0"},"east":{"uv":[6,7.25,6.5,7.75],"texture":"#0"},"south":{"uv":[7.5,7.25,8,7.75],"texture":"#0"},"west":{"uv":[7,7.25,7.5,7.75],"texture":"#0"},"up":{"uv":[7,7.25,6.5,6.75],"texture":"#0"},"down":{"uv":[7.5,6.75,7,7.25],"texture":"#0"}}}]}