{"display":{"thirdperson_righthand":{"translation":[-11.25,0.5,0],"scale":[0.5,0.5,0.5]},"thirdperson_lefthand":{"translation":[-11.5,0.5,0.25],"scale":[0.5,0.5,0.5]},"firstperson_righthand":{"translation":[3.75,1.75,0],"scale":[0.5,0.5,0.5]},"firstperson_lefthand":{"translation":[3.5,1.75,0],"scale":[0.5,0.5,0.5]},"ground":{"scale":[0.5,0.5,0.5]},"gui":{"rotation":[19,44,0],"translation":[0,-0.75,0]},"head":{"translation":[0,-30.25,0],"scale":[1.6,1.6,1.6]},"fixed":{"translation":[0,-1.5,-1.75]}},"texture_size":[64,64],"textures":{"0":"furniture/crystal_table_colourless","particle":"furniture/crystal_table_colourless"},"elements":[{"from":[10.7664,6.275,7.525],"to":[11.7664,13.225,8.475],"rotation":{"angle":0,"axis":"y","origin":[6.2664,-0.75,-6.5]},"faces":{"north":{"uv":[1.75,4,2,5.75],"texture":"#0","tintindex":0},"east":{"uv":[0,4.25,0.25,6],"texture":"#0","tintindex":0},"south":{"uv":[0.25,4.25,0.5,6],"texture":"#0","tintindex":0},"west":{"uv":[0.5,4.25,0.75,6],"texture":"#0","tintindex":0},"up":{"uv":[8,7.5,7.75,7.25],"texture":"#0","tintindex":0},"down":{"uv":[8,7.5,7.75,7.75],"texture":"#0","tintindex":0}}},{"from":[4.2664,6.275,7.525],"to":[5.2664,13.225,8.475],"rotation":{"angle":0,"axis":"y","origin":[9.7664,-0.75,-6.5]},"faces":{"north":{"uv":[2,4,1.75,5.75],"texture":"#0","tintindex":0},"east":{"uv":[0.75,4.25,0.5,6],"texture":"#0","tintindex":0},"south":{"uv":[0.5,4.25,0.25,6],"texture":"#0","tintindex":0},"west":{"uv":[0.25,4.25,0,6],"texture":"#0","tintindex":0},"up":{"uv":[7.75,7.5,8,7.25],"texture":"#0","tintindex":0},"down":{"uv":[7.75,7.5,8,7.75],"texture":"#0","tintindex":0}}},{"from":[12.37004,4.40346,7.5],"to":[13.37004,7.35346,8.5],"rotation":{"angle":45,"axis":"z","origin":[12.87004,4.87846,8]},"faces":{"north":{"uv":[7.25,5.75,7.5,6.5],"texture":"#0","tintindex":0},"east":{"uv":[7.25,6.5,7.5,7.25],"texture":"#0","tintindex":0},"south":{"uv":[5.5,7.5,5.75,8.25],"texture":"#0","tintindex":0},"west":{"uv":[5.75,7.5,6,8.25],"texture":"#0","tintindex":0},"up":{"uv":[8.25,3,8,2.75],"texture":"#0","tintindex":0},"down":{"uv":[8.25,3,8,3.25],"texture":"#0","tintindex":0}}},{"from":[2.66276,4.40346,7.5],"to":[3.66276,7.35346,8.5],"rotation":{"angle":-45,"axis":"z","origin":[3.16276,4.87846,8]},"faces":{"north":{"uv":[7.5,5.75,7.25,6.5],"texture":"#0","tintindex":0},"east":{"uv":[6,7.5,5.75,8.25],"texture":"#0","tintindex":0},"south":{"uv":[5.75,7.5,5.5,8.25],"texture":"#0","tintindex":0},"west":{"uv":[7.5,6.5,7.25,7.25],"texture":"#0","tintindex":0},"up":{"uv":[8,3,8.25,2.75],"texture":"#0","tintindex":0},"down":{"uv":[8,3,8.25,3.25],"texture":"#0","tintindex":0}}},{"from":[7.5164,4.40346,2.57136],"to":[8.5164,7.35346,3.57136],"rotation":{"angle":45,"axis":"x","origin":[8.0164,4.87846,3.07136]},"faces":{"north":{"uv":[7.5,7.5,7.75,8.25],"texture":"#0","tintindex":0},"east":{"uv":[7.5,0.5,7.75,1.25],"texture":"#0","tintindex":0},"south":{"uv":[7.5,4,7.75,4.75],"texture":"#0","tintindex":0},"west":{"uv":[7.5,4.75,7.75,5.5],"texture":"#0","tintindex":0},"up":{"uv":[0.5,8.5,0.25,8.25],"texture":"#0","tintindex":0},"down":{"uv":[0.75,8.25,0.5,8.5],"texture":"#0","tintindex":0}}},{"from":[7.5164,4.40346,12.42864],"to":[8.5164,7.35346,13.42864],"rotation":{"angle":-45,"axis":"x","origin":[8.0164,4.87846,12.92864]},"faces":{"north":{"uv":[7.75,4,7.5,4.75],"texture":"#0","tintindex":0},"east":{"uv":[7.75,0.5,7.5,1.25],"texture":"#0","tintindex":0},"south":{"uv":[7.75,7.5,7.5,8.25],"texture":"#0","tintindex":0},"west":{"uv":[7.75,4.75,7.5,5.5],"texture":"#0","tintindex":0},"up":{"uv":[0.5,8.25,0.25,8.5],"texture":"#0","tintindex":0},"down":{"uv":[0.75,8.5,0.5,8.25],"texture":"#0","tintindex":0}}},{"from":[14.69272,0.17156,7.525],"to":[15.69272,5.12156,8.475],"rotation":{"angle":22.5,"axis":"z","origin":[15.19272,-0.35344,8]},"faces":{"north":{"uv":[2,6.5,2.25,7.75],"texture":"#0","tintindex":0},"east":{"uv":[5,6.75,5.25,8],"texture":"#0","tintindex":0},"south":{"uv":[5.25,6.75,5.5,8],"texture":"#0","tintindex":0},"west":{"uv":[0.25,7,0.5,8.25],"texture":"#0","tintindex":0},"up":{"uv":[8.25,3.5,8,3.25],"texture":"#0","tintindex":0},"down":{"uv":[8.25,3.5,8,3.75],"texture":"#0","tintindex":0}}},{"from":[0.34008,0.17156,7.525],"to":[1.34008,5.12156,8.475],"rotation":{"angle":-22.5,"axis":"z","origin":[0.84008,-0.35344,8]},"faces":{"north":{"uv":[2.25,6.5,2,7.75],"texture":"#0","tintindex":0},"east":{"uv":[0.5,7,0.25,8.25],"texture":"#0","tintindex":0},"south":{"uv":[5.5,6.75,5.25,8],"texture":"#0","tintindex":0},"west":{"uv":[5.25,6.75,5,8],"texture":"#0","tintindex":0},"up":{"uv":[8,3.5,8.25,3.25],"texture":"#0","tintindex":0},"down":{"uv":[8,3.5,8.25,3.75],"texture":"#0","tintindex":0}}},{"from":[7.5414,0.09544,0.63136],"to":[8.4914,5.04544,1.63136],"rotation":{"angle":22.5,"axis":"x","origin":[8.0164,0.57044,1.13136]},"faces":{"north":{"uv":[1.75,7,2,8.25],"texture":"#0","tintindex":0},"east":{"uv":[2.5,7,2.75,8.25],"texture":"#0","tintindex":0},"south":{"uv":[2.75,7,3,8.25],"texture":"#0","tintindex":0},"west":{"uv":[3,7,3.25,8.25],"texture":"#0","tintindex":0},"up":{"uv":[1,8.5,0.75,8.25],"texture":"#0","tintindex":0},"down":{"uv":[1.25,8.25,1,8.5],"texture":"#0","tintindex":0}}},{"from":[7.5414,0.09544,14.36864],"to":[8.4914,5.04544,15.36864],"rotation":{"angle":-22.5,"axis":"x","origin":[8.0164,0.57044,14.86864]},"faces":{"north":{"uv":[3,7,2.75,8.25],"texture":"#0","tintindex":0},"east":{"uv":[2.75,7,2.5,8.25],"texture":"#0","tintindex":0},"south":{"uv":[2,7,1.75,8.25],"texture":"#0","tintindex":0},"west":{"uv":[3.25,7,3,8.25],"texture":"#0","tintindex":0},"up":{"uv":[1,8.25,0.75,8.5],"texture":"#0","tintindex":0},"down":{"uv":[1.25,8.5,1,8.25],"texture":"#0","tintindex":0}}},{"from":[7.5414,6.275,4.175],"to":[8.4914,13.225,5.175],"rotation":{"angle":0,"axis":"y","origin":[8.0164,6.75,7.925]},"faces":{"north":{"uv":[3,4.25,3.25,6],"texture":"#0","tintindex":0},"east":{"uv":[3.25,4.25,3.5,6],"texture":"#0","tintindex":0},"south":{"uv":[3.5,4.25,3.75,6],"texture":"#0","tintindex":0},"west":{"uv":[3.75,4.25,4,6],"texture":"#0","tintindex":0},"up":{"uv":[8.25,8,8,7.75],"texture":"#0","tintindex":0},"down":{"uv":[0.25,8.25,0,8.5],"texture":"#0","tintindex":0}}},{"from":[7.5414,6.275,10.825],"to":[8.4914,13.225,11.825],"rotation":{"angle":0,"axis":"y","origin":[8.0164,6.75,8.075]},"faces":{"north":{"uv":[3.75,4.25,3.5,6],"texture":"#0","tintindex":0},"east":{"uv":[3.5,4.25,3.25,6],"texture":"#0","tintindex":0},"south":{"uv":[3.25,4.25,3,6],"texture":"#0","tintindex":0},"west":{"uv":[4,4.25,3.75,6],"texture":"#0","tintindex":0},"up":{"uv":[8.25,7.75,8,8],"texture":"#0","tintindex":0},"down":{"uv":[0.25,8.5,0,8.25],"texture":"#0","tintindex":0}}},{"from":[9.68797,7.05,4.37868],"to":[10.68797,8,7.37868],"rotation":{"angle":45,"axis":"y","origin":[10.18797,7.525,5.87868]},"faces":{"north":{"uv":[2.25,8,2.5,8.25],"texture":"#0","tintindex":0},"east":{"uv":[2,3.5,2.75,3.75],"texture":"#0","tintindex":0},"south":{"uv":[5,8,5.25,8.25],"texture":"#0","tintindex":0},"west":{"uv":[3.75,6,4.5,6.25],"texture":"#0","tintindex":0},"up":{"uv":[4.5,7.75,4.25,7],"texture":"#0","tintindex":0},"down":{"uv":[4.75,7,4.5,7.75],"texture":"#0","tintindex":0}}},{"from":[9.68797,7.05,8.79289],"to":[10.68797,8,11.79289],"rotation":{"angle":-45,"axis":"y","origin":[10.18797,7.525,10.29289]},"faces":{"north":{"uv":[8,8,8.25,8.25],"texture":"#0","tintindex":0},"east":{"uv":[5.5,7,6.25,7.25],"texture":"#0","tintindex":0},"south":{"uv":[8,0,8.25,0.25],"texture":"#0","tintindex":0},"west":{"uv":[6.25,7,7,7.25],"texture":"#0","tintindex":0},"up":{"uv":[5,7.75,4.75,7],"texture":"#0","tintindex":0},"down":{"uv":[7.25,7,7,7.75],"texture":"#0","tintindex":0}}},{"from":[6.48087,7.05,10.70711],"to":[9.48087,8,11.70711],"rotation":{"angle":0,"axis":"y","origin":[7.98087,7.525,11.20711]},"faces":{"north":{"uv":[7,1.5,7.75,1.75],"texture":"#0","tintindex":0},"east":{"uv":[8,0.25,8.25,0.5],"texture":"#0","tintindex":0},"south":{"uv":[7,1.75,7.75,2],"texture":"#0","tintindex":0},"west":{"uv":[8,0.5,8.25,0.75],"texture":"#0","tintindex":0},"up":{"uv":[7.75,2.25,7,2],"texture":"#0","tintindex":0},"down":{"uv":[7.75,2.75,7,3],"texture":"#0","tintindex":0}}},{"from":[5.27376,7.05,8.79289],"to":[6.27376,8,11.79289],"rotation":{"angle":45,"axis":"y","origin":[5.77376,7.525,10.29289]},"faces":{"north":{"uv":[8,0.75,8.25,1],"texture":"#0","tintindex":0},"east":{"uv":[7,3,7.75,3.25],"texture":"#0","tintindex":0},"south":{"uv":[8,1,8.25,1.25],"texture":"#0","tintindex":0},"west":{"uv":[7,3.25,7.75,3.5],"texture":"#0","tintindex":0},"up":{"uv":[0.25,8,0,7.25],"texture":"#0","tintindex":0},"down":{"uv":[1.75,7.25,1.5,8],"texture":"#0","tintindex":0}}},{"from":[5.27376,7.05,4.37868],"to":[6.27376,8,7.37868],"rotation":{"angle":-45,"axis":"y","origin":[5.77376,7.525,5.87868]},"faces":{"north":{"uv":[8,1.75,8.25,2],"texture":"#0","tintindex":0},"east":{"uv":[7.25,0,8,0.25],"texture":"#0","tintindex":0},"south":{"uv":[8,2,8.25,2.25],"texture":"#0","tintindex":0},"west":{"uv":[7.25,0.25,8,0.5],"texture":"#0","tintindex":0},"up":{"uv":[7.5,1.25,7.25,0.5],"texture":"#0","tintindex":0},"down":{"uv":[7.5,4,7.25,4.75],"texture":"#0","tintindex":0}}},{"from":[4.35955,7.05,6.58579],"to":[5.35955,8,9.58579],"rotation":{"angle":0,"axis":"y","origin":[9.85955,2.025,-6.41421]},"faces":{"north":{"uv":[8,1.25,8.25,1.5],"texture":"#0","tintindex":0},"east":{"uv":[5.5,7.25,6.25,7.5],"texture":"#0","tintindex":0},"south":{"uv":[8,1.5,8.25,1.75],"texture":"#0","tintindex":0},"west":{"uv":[6.25,7.25,7,7.5],"texture":"#0","tintindex":0},"up":{"uv":[2.5,8,2.25,7.25],"texture":"#0","tintindex":0},"down":{"uv":[7.5,7.25,7.25,8],"texture":"#0","tintindex":0}}},{"from":[6.48087,7.05,4.46447],"to":[9.48087,8,5.46447],"rotation":{"angle":0,"axis":"y","origin":[7.98087,7.525,4.96447]},"faces":{"north":{"uv":[3.75,6.25,4.5,6.5],"texture":"#0","tintindex":0},"east":{"uv":[5.25,8,5.5,8.25],"texture":"#0","tintindex":0},"south":{"uv":[6.75,2.25,7.5,2.5],"texture":"#0","tintindex":0},"west":{"uv":[7.25,8,7.5,8.25],"texture":"#0","tintindex":0},"up":{"uv":[7.5,3.75,6.75,3.5],"texture":"#0","tintindex":0},"down":{"uv":[7.5,5.5,6.75,5.75],"texture":"#0","tintindex":0}}},{"from":[10.60219,7.05,6.58579],"to":[11.60219,8,9.58579],"rotation":{"angle":0,"axis":"y","origin":[6.10219,2.025,-6.41421]},"faces":{"north":{"uv":[0,8,0.25,8.25],"texture":"#0","tintindex":0},"east":{"uv":[2,3,2.75,3.25],"texture":"#0","tintindex":0},"south":{"uv":[1.5,8,1.75,8.25],"texture":"#0","tintindex":0},"west":{"uv":[2,3.25,2.75,3.5],"texture":"#0","tintindex":0},"up":{"uv":[7,2.25,6.75,1.5],"texture":"#0","tintindex":0},"down":{"uv":[7,2.75,6.75,3.5],"texture":"#0","tintindex":0}}},{"from":[14.6664,0,7.5],"to":[15.6664,1,8.5],"rotation":{"angle":0,"axis":"y","origin":[14.6664,0,7.5]},"faces":{"north":{"uv":[8,3.75,8.25,4],"texture":"#0","tintindex":0},"east":{"uv":[8,4,8.25,4.25],"texture":"#0","tintindex":0},"south":{"uv":[8,4.25,8.25,4.5],"texture":"#0","tintindex":0},"west":{"uv":[8,4.5,8.25,4.75],"texture":"#0","tintindex":0},"up":{"uv":[8.25,5,8,4.75],"texture":"#0","tintindex":0},"down":{"uv":[8.25,5,8,5.25],"texture":"#0","tintindex":0}}},{"from":[0.3664,0,7.5],"to":[1.3664,1,8.5],"rotation":{"angle":0,"axis":"y","origin":[1.3664,0,7.5]},"faces":{"north":{"uv":[8.25,3.75,8,4],"texture":"#0","tintindex":0},"east":{"uv":[8.25,4.5,8,4.75],"texture":"#0","tintindex":0},"south":{"uv":[8.25,4.25,8,4.5],"texture":"#0","tintindex":0},"west":{"uv":[8.25,4,8,4.25],"texture":"#0","tintindex":0},"up":{"uv":[8,5,8.25,4.75],"texture":"#0","tintindex":0},"down":{"uv":[8,5,8.25,5.25],"texture":"#0","tintindex":0}}},{"from":[7.5164,0,0.28463],"to":[8.5164,1,1.28463],"rotation":{"angle":0,"axis":"y","origin":[7.5164,0.15224,1.28463]},"faces":{"north":{"uv":[1.25,8.25,1.5,8.5],"texture":"#0","tintindex":0},"east":{"uv":[1.5,8.25,1.75,8.5],"texture":"#0","tintindex":0},"south":{"uv":[1.75,8.25,2,8.5],"texture":"#0","tintindex":0},"west":{"uv":[2.25,8.25,2.5,8.5],"texture":"#0","tintindex":0},"up":{"uv":[2.75,8.5,2.5,8.25],"texture":"#0","tintindex":0},"down":{"uv":[3,8.25,2.75,8.5],"texture":"#0","tintindex":0}}},{"from":[7.5164,0,14.71537],"to":[8.5164,1,15.71537],"rotation":{"angle":0,"axis":"y","origin":[7.5164,0.15224,14.71537]},"faces":{"north":{"uv":[2,8.25,1.75,8.5],"texture":"#0","tintindex":0},"east":{"uv":[1.75,8.25,1.5,8.5],"texture":"#0","tintindex":0},"south":{"uv":[1.5,8.25,1.25,8.5],"texture":"#0","tintindex":0},"west":{"uv":[2.5,8.25,2.25,8.5],"texture":"#0","tintindex":0},"up":{"uv":[2.75,8.25,2.5,8.5],"texture":"#0","tintindex":0},"down":{"uv":[3,8.5,2.75,8.25],"texture":"#0","tintindex":0}}},{"name":"change","from":[6.0164,15,6],"to":[10.0164,19,10],"rotation":{"angle":0,"axis":"y","origin":[7.5164,4.5,-7.5]},"faces":{"north":{"uv":[2.75,1,3.75,2],"texture":"#0","tintindex":0},"east":{"uv":[2.75,0,3.75,1],"texture":"#0","tintindex":0},"south":{"uv":[2.75,1,3.75,2],"texture":"#0","tintindex":0},"west":{"uv":[2.75,0,3.75,1],"texture":"#0","tintindex":0},"up":{"uv":[2,4,1,3],"texture":"#0","tintindex":0},"down":{"uv":[3,3.75,2,4.75],"texture":"#0","tintindex":0}}},{"from":[6.68018,13.25038,7.6353],"to":[6.68018,15.25038,8.6353],"rotation":{"angle":-22.5,"axis":"z","origin":[6.43018,15.50038,8.6353]},"faces":{"north":{"uv":[0,0,0,0.5],"texture":"#0","tintindex":0},"east":{"uv":[7,7.75,7.25,8.25],"texture":"#0","tintindex":0},"south":{"uv":[0,0,0,0.5],"texture":"#0","tintindex":0},"west":{"uv":[7.75,7.75,8,8.25],"texture":"#0","tintindex":0},"up":{"uv":[0,0.25,0,0],"texture":"#0","tintindex":0},"down":{"uv":[0,0,0,0.25],"texture":"#0","tintindex":0}}},{"from":[7.5164,13.25,6.75],"to":[8.5164,15.25,6.75],"rotation":{"angle":22.5,"axis":"x","origin":[7.5164,15.5,6.5]},"faces":{"north":{"uv":[7.5,2.25,7.75,2.75],"texture":"#0","tintindex":0},"east":{"uv":[0,0,0,0.5],"texture":"#0","tintindex":0},"south":{"uv":[7.5,7,7.75,7.5],"texture":"#0","tintindex":0},"west":{"uv":[0,0,0,0.5],"texture":"#0","tintindex":0},"up":{"uv":[0.25,0,0,0],"texture":"#0","tintindex":0},"down":{"uv":[0.25,0,0,0],"texture":"#0","tintindex":0}}},{"from":[9.35262,13.25038,7.6353],"to":[9.35262,15.25038,8.6353],"rotation":{"angle":22.5,"axis":"z","origin":[9.60262,15.50038,8.6353]},"faces":{"north":{"uv":[0,0,0,0.5],"texture":"#0","tintindex":0},"east":{"uv":[7.75,0.5,8,1],"texture":"#0","tintindex":0},"south":{"uv":[0,0,0,0.5],"texture":"#0","tintindex":0},"west":{"uv":[7.75,1,8,1.5],"texture":"#0","tintindex":0},"up":{"uv":[0,0.25,0,0],"texture":"#0","tintindex":0},"down":{"uv":[0,0,0,0.25],"texture":"#0","tintindex":0}}},{"from":[7.5164,13.25,9.25],"to":[8.5164,15.25,9.25],"rotation":{"angle":-22.5,"axis":"x","origin":[7.5164,15.5,9.5]},"faces":{"north":{"uv":[4.5,7.75,4.75,8.25],"texture":"#0","tintindex":0},"east":{"uv":[0,0,0,0.5],"texture":"#0","tintindex":0},"south":{"uv":[4.75,7.75,5,8.25],"texture":"#0","tintindex":0},"west":{"uv":[0,0,0,0.5],"texture":"#0","tintindex":0},"up":{"uv":[0.25,0,0,0],"texture":"#0","tintindex":0},"down":{"uv":[0.25,0,0,0],"texture":"#0","tintindex":0}}},{"from":[13.0164,13,5.5],"to":[14.0164,14,10.5],"rotation":{"angle":0,"axis":"y","origin":[13.5164,13.5,8]},"faces":{"north":{"uv":[4.5,6.25,4.75,6.5],"texture":"#0","tintindex":0},"east":{"uv":[4.75,4,6,4.25],"texture":"#0","tintindex":0},"south":{"uv":[7.25,1.25,7.5,1.5],"texture":"#0","tintindex":0},"west":{"uv":[4.75,4.5,6,4.75],"texture":"#0","tintindex":0},"up":{"uv":[2.5,6,2.25,4.75],"texture":"#0","tintindex":0},"down":{"uv":[2.75,4.75,2.5,6],"texture":"#0","tintindex":0}}},{"from":[5.5164,13.025,13],"to":[10.5164,13.975,14],"rotation":{"angle":0,"axis":"y","origin":[8.0164,4,-8]},"faces":{"north":{"uv":[6,0.5,7.25,0.75],"texture":"#0","tintindex":0},"east":{"uv":[7.75,6.25,8,6.5],"texture":"#0","tintindex":0},"south":{"uv":[6,0.75,7.25,1],"texture":"#0","tintindex":0},"west":{"uv":[7.75,6.5,8,6.75],"texture":"#0","tintindex":0},"up":{"uv":[7.25,1.25,6,1],"texture":"#0","tintindex":0},"down":{"uv":[7.25,1.25,6,1.5],"texture":"#0","tintindex":0}}},{"from":[5.5164,13.025,2],"to":[10.5164,13.975,3],"rotation":{"angle":0,"axis":"y","origin":[8.0164,4,-8]},"faces":{"north":{"uv":[6,4,7.25,4.25],"texture":"#0","tintindex":0},"east":{"uv":[7.75,6.75,8,7],"texture":"#0","tintindex":0},"south":{"uv":[6,4.25,7.25,4.5],"texture":"#0","tintindex":0},"west":{"uv":[7.75,7,8,7.25],"texture":"#0","tintindex":0},"up":{"uv":[7.25,4.75,6,4.5],"texture":"#0","tintindex":0},"down":{"uv":[7.25,5,6,5.25],"texture":"#0","tintindex":0}}},{"from":[14.0164,12,5.5],"to":[14.0164,13,10.5],"rotation":{"angle":0,"axis":"y","origin":[13.5164,12.5,8]},"faces":{"north":{"uv":[0,0,0,0.25],"texture":"#0","tintindex":0},"east":{"uv":[6,5.75,7.25,6],"texture":"#0","tintindex":0},"south":{"uv":[0,0,0,0.25],"texture":"#0","tintindex":0},"west":{"uv":[0.25,6.25,1.5,6.5],"texture":"#0","tintindex":0},"up":{"uv":[0,1.25,0,0],"texture":"#0","tintindex":0},"down":{"uv":[0,0,0,1.25],"texture":"#0","tintindex":0}}},{"from":[16.34483,13,-0.46447],"to":[17.34483,14,4.53553],"rotation":{"angle":45,"axis":"y","origin":[16.84483,13.5,9.03553]},"faces":{"north":{"uv":[7.25,5,7.5,5.25],"texture":"#0","tintindex":0},"east":{"uv":[4.75,5,6,5.25],"texture":"#0","tintindex":0},"south":{"uv":[7.5,1.25,7.75,1.5],"texture":"#0","tintindex":0},"west":{"uv":[5,2.5,6.25,2.75],"texture":"#0","tintindex":0},"up":{"uv":[3,6,2.75,4.75],"texture":"#0","tintindex":0},"down":{"uv":[5,5.25,4.75,6.5],"texture":"#0","tintindex":0}}},{"from":[16.34483,13,11.46447],"to":[17.34483,14,16.46447],"rotation":{"angle":-45,"axis":"y","origin":[16.84483,13.5,6.96447]},"faces":{"north":{"uv":[7.5,3.5,7.75,3.75],"texture":"#0","tintindex":0},"east":{"uv":[5,5.25,6.25,5.5],"texture":"#0","tintindex":0},"south":{"uv":[7.75,1.5,8,1.75],"texture":"#0","tintindex":0},"west":{"uv":[5.25,3.75,6.5,4],"texture":"#0","tintindex":0},"up":{"uv":[5.25,6.75,5,5.5],"texture":"#0","tintindex":0},"down":{"uv":[5.5,5.5,5.25,6.75],"texture":"#0","tintindex":0}}},{"from":[17.34483,12,11.46447],"to":[17.34483,13,16.46447],"rotation":{"angle":-45,"axis":"y","origin":[16.84483,12.5,6.96447]},"faces":{"north":{"uv":[0,0,0,0.25],"texture":"#0","tintindex":0},"east":{"uv":[2.5,6.25,3.75,6.5],"texture":"#0","tintindex":0},"south":{"uv":[0,0,0,0.25],"texture":"#0","tintindex":0},"west":{"uv":[6,6.25,7.25,6.5],"texture":"#0","tintindex":0},"up":{"uv":[0,1.25,0,0],"texture":"#0","tintindex":0},"down":{"uv":[0,0,0,1.25],"texture":"#0","tintindex":0}}},{"from":[17.34483,12,-0.46447],"to":[17.34483,13,4.53553],"rotation":{"angle":45,"axis":"y","origin":[16.84483,12.5,9.03553]},"faces":{"north":{"uv":[0,0,0,0.25],"texture":"#0","tintindex":0},"east":{"uv":[3.75,6.75,5,7],"texture":"#0","tintindex":0},"south":{"uv":[0,0,0,0.25],"texture":"#0","tintindex":0},"west":{"uv":[6,6.75,7.25,7],"texture":"#0","tintindex":0},"up":{"uv":[0,1.25,0,0],"texture":"#0","tintindex":0},"down":{"uv":[0,0,0,1.25],"texture":"#0","tintindex":0}}},{"from":[5.48087,13,1.96447],"to":[10.48087,14,2.96447],"rotation":{"angle":0,"axis":"y","origin":[15.98087,13.5,4.46447]},"faces":{"north":{"uv":[5.5,5.5,6.75,5.75],"texture":"#0","tintindex":0},"east":{"uv":[7.75,1.75,8,2],"texture":"#0","tintindex":0},"south":{"uv":[5.5,1.5,6.75,1.75],"texture":"#0","tintindex":0},"west":{"uv":[7.75,2,8,2.25],"texture":"#0","tintindex":0},"up":{"uv":[6.75,2,5.5,1.75],"texture":"#0","tintindex":0},"down":{"uv":[6.75,2,5.5,2.25],"texture":"#0","tintindex":0}}},{"from":[-1.38309,13,-0.46447],"to":[-0.38309,14,4.53553],"rotation":{"angle":-45,"axis":"y","origin":[-0.88309,13.5,9.03553]},"faces":{"north":{"uv":[7.75,2.25,8,2.5],"texture":"#0","tintindex":0},"east":{"uv":[5.5,2.25,6.75,2.5],"texture":"#0","tintindex":0},"south":{"uv":[7.75,2.5,8,2.75],"texture":"#0","tintindex":0},"west":{"uv":[5.5,2.75,6.75,3],"texture":"#0","tintindex":0},"up":{"uv":[2,7,1.75,5.75],"texture":"#0","tintindex":0},"down":{"uv":[5.75,5.75,5.5,7],"texture":"#0","tintindex":0}}},{"from":[1.94533,13,5.5],"to":[2.94533,14,10.5],"rotation":{"angle":0,"axis":"y","origin":[2.44533,13.5,8]},"faces":{"north":{"uv":[7.75,2.75,8,3],"texture":"#0","tintindex":0},"east":{"uv":[5.5,3,6.75,3.25],"texture":"#0","tintindex":0},"south":{"uv":[7.75,3,8,3.25],"texture":"#0","tintindex":0},"west":{"uv":[5.5,3.25,6.75,3.5],"texture":"#0","tintindex":0},"up":{"uv":[6,7,5.75,5.75],"texture":"#0","tintindex":0},"down":{"uv":[0.25,6,0,7.25],"texture":"#0","tintindex":0}}},{"from":[1.94533,12,5.5],"to":[1.94533,13,10.5],"rotation":{"angle":0,"axis":"y","origin":[2.44533,12.5,8]},"faces":{"north":{"uv":[0,0,0,0.25],"texture":"#0","tintindex":0},"east":{"uv":[2.5,6.5,3.75,6.75],"texture":"#0","tintindex":0},"south":{"uv":[0,0,0,0.25],"texture":"#0","tintindex":0},"west":{"uv":[3.75,6.5,5,6.75],"texture":"#0","tintindex":0},"up":{"uv":[0,1.25,0,0],"texture":"#0","tintindex":0},"down":{"uv":[0,0,0,1.25],"texture":"#0","tintindex":0}}},{"from":[-1.38309,13,11.46447],"to":[-0.38309,14,16.46447],"rotation":{"angle":45,"axis":"y","origin":[-0.88309,13.5,6.96447]},"faces":{"north":{"uv":[7.75,3.25,8,3.5],"texture":"#0","tintindex":0},"east":{"uv":[5.5,3.5,6.75,3.75],"texture":"#0","tintindex":0},"south":{"uv":[7.75,3.5,8,3.75],"texture":"#0","tintindex":0},"west":{"uv":[0.25,6,1.5,6.25],"texture":"#0","tintindex":0},"up":{"uv":[1.75,7.25,1.5,6],"texture":"#0","tintindex":0},"down":{"uv":[2.5,6,2.25,7.25],"texture":"#0","tintindex":0}}},{"from":[-1.38309,12,11.46447],"to":[-1.38309,13,16.46447],"rotation":{"angle":45,"axis":"y","origin":[-0.88309,12.5,6.96447]},"faces":{"north":{"uv":[0,0,0,0.25],"texture":"#0","tintindex":0},"east":{"uv":[6.25,5.25,7.5,5.5],"texture":"#0","tintindex":0},"south":{"uv":[0,0,0,0.25],"texture":"#0","tintindex":0},"west":{"uv":[0.25,6.5,1.5,6.75],"texture":"#0","tintindex":0},"up":{"uv":[0,1.25,0,0],"texture":"#0","tintindex":0},"down":{"uv":[0,0,0,1.25],"texture":"#0","tintindex":0}}},{"from":[-1.38309,12,-0.46447],"to":[-1.38309,13,4.53553],"rotation":{"angle":-45,"axis":"y","origin":[-0.88309,12.5,9.03553]},"faces":{"north":{"uv":[0,0,0,0.25],"texture":"#0","tintindex":0},"east":{"uv":[6,6.5,7.25,6.75],"texture":"#0","tintindex":0},"south":{"uv":[0,0,0,0.25],"texture":"#0","tintindex":0},"west":{"uv":[6.5,3.75,7.75,4],"texture":"#0","tintindex":0},"up":{"uv":[0,1.25,0,0],"texture":"#0","tintindex":0},"down":{"uv":[0,0,0,1.25],"texture":"#0","tintindex":0}}},{"from":[5.48087,13,13.03553],"to":[10.48087,14,14.03553],"rotation":{"angle":0,"axis":"y","origin":[15.98087,13.5,11.53553]},"faces":{"north":{"uv":[2.5,6,3.75,6.25],"texture":"#0","tintindex":0},"east":{"uv":[7.75,3.75,8,4],"texture":"#0","tintindex":0},"south":{"uv":[6,6,7.25,6.25],"texture":"#0","tintindex":0},"west":{"uv":[7.75,4,8,4.25],"texture":"#0","tintindex":0},"up":{"uv":[7.25,0.25,6,0],"texture":"#0","tintindex":0},"down":{"uv":[7.25,0.25,6,0.5],"texture":"#0","tintindex":0}}},{"from":[5.48087,12,14.03553],"to":[10.48087,13,14.03553],"rotation":{"angle":0,"axis":"y","origin":[15.98087,12.5,11.53553]},"faces":{"north":{"uv":[6.25,2.5,7.5,2.75],"texture":"#0","tintindex":0},"east":{"uv":[0,0,0,0.25],"texture":"#0","tintindex":0},"south":{"uv":[6.25,4.75,7.5,5],"texture":"#0","tintindex":0},"west":{"uv":[0,0,0,0.25],"texture":"#0","tintindex":0},"up":{"uv":[1.25,0,0,0],"texture":"#0","tintindex":0},"down":{"uv":[1.25,0,0,0],"texture":"#0","tintindex":0}}},{"from":[5.48087,12,1.96447],"to":[10.48087,13,1.96447],"rotation":{"angle":0,"axis":"y","origin":[15.98087,12.5,4.46447]},"faces":{"north":{"uv":[0.25,6.75,1.5,7],"texture":"#0","tintindex":0},"east":{"uv":[0,0,0,0.25],"texture":"#0","tintindex":0},"south":{"uv":[2.5,6.75,3.75,7],"texture":"#0","tintindex":0},"west":{"uv":[0,0,0,0.25],"texture":"#0","tintindex":0},"up":{"uv":[1.25,0,0,0],"texture":"#0","tintindex":0},"down":{"uv":[1.25,0,0,0],"texture":"#0","tintindex":0}}},{"from":[4.5164,13.025,12],"to":[11.5164,13.975,13],"rotation":{"angle":0,"axis":"y","origin":[8.0164,4,-8]},"faces":{"north":{"uv":[3.75,3.25,5.5,3.5],"texture":"#0","tintindex":0},"east":{"uv":[7.75,5.25,8,5.5],"texture":"#0","tintindex":0},"south":{"uv":[3.75,3.5,5.5,3.75],"texture":"#0","tintindex":0},"west":{"uv":[7.75,5.5,8,5.75],"texture":"#0","tintindex":0},"up":{"uv":[1.75,4.25,0,4],"texture":"#0","tintindex":0},"down":{"uv":[4.75,4,3,4.25],"texture":"#0","tintindex":0}}},{"from":[3.5164,13.025,11],"to":[12.5164,13.975,12],"rotation":{"angle":0,"axis":"y","origin":[8.0164,4,-8]},"faces":{"north":{"uv":[2.75,2.5,5,2.75],"texture":"#0","tintindex":0},"east":{"uv":[7.75,4.25,8,4.5],"texture":"#0","tintindex":0},"south":{"uv":[3,3.75,5.25,4],"texture":"#0","tintindex":0},"west":{"uv":[7.75,4.5,8,4.75],"texture":"#0","tintindex":0},"up":{"uv":[6,0.25,3.75,0],"texture":"#0","tintindex":0},"down":{"uv":[6,0.25,3.75,0.5],"texture":"#0","tintindex":0}}},{"from":[2.5164,13.025,5],"to":[13.5164,13.975,11],"rotation":{"angle":0,"axis":"y","origin":[8.0164,4,-8]},"faces":{"north":{"uv":[2.75,2,5.5,2.25],"texture":"#0","tintindex":0},"east":{"uv":[4.5,4.25,6,4.5],"texture":"#0","tintindex":0},"south":{"uv":[2.75,2.25,5.5,2.5],"texture":"#0","tintindex":0},"west":{"uv":[4.75,4.75,6.25,5],"texture":"#0","tintindex":0},"up":{"uv":[2.75,1.5,0,0],"texture":"#0","tintindex":0},"down":{"uv":[2.75,1.5,0,3],"texture":"#0","tintindex":0}}},{"from":[3.5164,13.025,4],"to":[12.5164,13.975,5],"rotation":{"angle":0,"axis":"y","origin":[8.0164,4,-8]},"faces":{"north":{"uv":[3.75,0.5,6,0.75],"texture":"#0","tintindex":0},"east":{"uv":[7.75,5.75,8,6],"texture":"#0","tintindex":0},"south":{"uv":[3.75,0.75,6,1],"texture":"#0","tintindex":0},"west":{"uv":[7.75,6,8,6.25],"texture":"#0","tintindex":0},"up":{"uv":[6,1.25,3.75,1],"texture":"#0","tintindex":0},"down":{"uv":[6,1.25,3.75,1.5],"texture":"#0","tintindex":0}}},{"from":[4.5164,13.025,3],"to":[11.5164,13.975,4],"rotation":{"angle":0,"axis":"y","origin":[8.0164,4,-8]},"faces":{"north":{"uv":[3.75,1.5,5.5,1.75],"texture":"#0","tintindex":0},"east":{"uv":[7.75,4.75,8,5],"texture":"#0","tintindex":0},"south":{"uv":[3.75,1.75,5.5,2],"texture":"#0","tintindex":0},"west":{"uv":[7.75,5,8,5.25],"texture":"#0","tintindex":0},"up":{"uv":[5.5,3,3.75,2.75],"texture":"#0","tintindex":0},"down":{"uv":[5.5,3,3.75,3.25],"texture":"#0","tintindex":0}}}],"gui_light":"front"}