{"display":{"thirdperson_righthand":{"rotation":[42,0,0],"translation":[0,0.5,1.75],"scale":[0.3,0.3,0.3]},"thirdperson_lefthand":{"rotation":[42,0,0],"translation":[0,0,1.75],"scale":[0.3,0.3,0.3]},"firstperson_righthand":{"scale":[0.3,0.3,0.3]},"firstperson_lefthand":{"scale":[0.3,0.3,0.3]},"ground":{"scale":[0.3,0.3,0.3]},"gui":{"rotation":[21,-152,0],"translation":[0,-2,0],"scale":[0.7,0.7,0.7]},"head":{"translation":[0.75,-34.75,0]},"fixed":{"translation":[0,-8,-12.5]}},"texture_size":[128,128],"textures":{"0":"furniture/fairy_stump","particle":"furniture/fairy_stump"},"elements":[{"from":[1,0,2],"to":[12,7,14],"rotation":{"angle":0,"axis":"y","origin":[8,0,4]},"faces":{"north":{"uv":[7.875,1.25,9.25,2.125],"texture":"#0"},"east":{"uv":[7.625,6.25,9.125,7.125],"texture":"#0"},"south":{"uv":[8.25,2.125,9.625,3],"texture":"#0"},"west":{"uv":[2.5,7.75,4,8.625],"texture":"#0"},"up":{"uv":[7.125,5,5.75,3.5],"texture":"#0"},"down":{"uv":[1.375,5.875,0,7.375],"texture":"#0"}}},{"from":[12,6,4],"to":[14,7,14],"rotation":{"angle":0,"axis":"y","origin":[10,0,4]},"faces":{"north":{"uv":[13.125,2.5,13.375,2.625],"texture":"#0"},"east":{"uv":[11.875,1.125,13.125,1.25],"texture":"#0"},"south":{"uv":[13.125,4.25,13.375,4.375],"texture":"#0"},"west":{"uv":[11.875,1.25,13.125,1.375],"texture":"#0"},"up":{"uv":[4.125,11.625,3.875,10.375],"texture":"#0"},"down":{"uv":[3.25,10.75,3,12],"texture":"#0"}}},{"from":[13.975,0,13],"to":[14.975,7,14],"rotation":{"angle":0,"axis":"y","origin":[10.975,0,4]},"faces":{"north":{"uv":[2.375,12.375,2.5,13.25],"texture":"#0"},"east":{"uv":[11.5,12.375,11.625,13.25],"texture":"#0"},"south":{"uv":[11.625,12.375,11.75,13.25],"texture":"#0"},"west":{"uv":[11.75,12.375,11.875,13.25],"texture":"#0"},"up":{"uv":[13.25,12.75,13.125,12.625],"texture":"#0"},"down":{"uv":[0.75,13.25,0.625,13.375],"texture":"#0"}}},{"from":[3,-8.41904,16.67465],"to":[14,-0.41904,20.67465],"rotation":{"angle":-22.5,"axis":"x","origin":[8,-8.41904,-1.32535]},"faces":{"north":{"uv":[1.125,7.625,2.5,8.625],"texture":"#0"},"east":{"uv":[9,7.5,9.5,8.5],"texture":"#0"},"south":{"uv":[7.625,7.625,9,8.625],"texture":"#0"},"west":{"uv":[9.875,8.375,10.375,9.375],"texture":"#0"},"up":{"uv":[10.625,1.75,9.25,1.25],"texture":"#0"},"down":{"uv":[10.75,3,9.375,3.5],"texture":"#0"}}},{"from":[16.5,-8.41904,4.42465],"to":[19.5,-0.41904,13.42465],"rotation":{"angle":22.5,"axis":"z","origin":[-2.5,-8.41904,-0.57535]},"faces":{"north":{"uv":[10.375,10.375,10.75,11.375],"texture":"#0"},"east":{"uv":[8.25,3,9.375,4],"texture":"#0"},"south":{"uv":[10.375,8.375,10.75,9.375],"texture":"#0"},"west":{"uv":[0,8.625,1.125,9.625],"texture":"#0"},"up":{"uv":[3.375,10.75,3,9.625],"texture":"#0"},"down":{"uv":[7.75,10,7.375,11.125],"texture":"#0"}}},{"from":[-3.5,-8.41904,4.42465],"to":[-0.5,-0.41904,13.42465],"rotation":{"angle":-22.5,"axis":"z","origin":[18.5,-8.41904,-0.57535]},"faces":{"north":{"uv":[10.75,10.375,10.375,11.375],"texture":"#0"},"east":{"uv":[1.125,8.625,0,9.625],"texture":"#0"},"south":{"uv":[10.75,8.375,10.375,9.375],"texture":"#0"},"west":{"uv":[9.375,3,8.25,4],"texture":"#0"},"up":{"uv":[3,10.75,3.375,9.625],"texture":"#0"},"down":{"uv":[7.375,10,7.75,11.125],"texture":"#0"}}},{"from":[3,7,15],"to":[13,21,16],"rotation":{"angle":0,"axis":"y","origin":[9,1,4]},"faces":{"north":{"uv":[5.75,0,7,1.75],"texture":"#0"},"east":{"uv":[1.875,4,2,5.75],"texture":"#0"},"south":{"uv":[5.75,1.75,7,3.5],"texture":"#0"},"west":{"uv":[8.75,11,8.875,12.75],"texture":"#0"},"up":{"uv":[12.875,4.875,11.625,4.75],"texture":"#0"},"down":{"uv":[12.875,4.875,11.625,5],"texture":"#0"}}},{"from":[10,14,15.5],"to":[11,20,16.5],"rotation":{"angle":0,"axis":"y","origin":[11,1,4.5]},"faces":{"north":{"uv":[10.875,12.5,11,13.25],"texture":"#0"},"east":{"uv":[12.5,6.625,12.625,7.375],"texture":"#0"},"south":{"uv":[12.5,7.375,12.625,8.125],"texture":"#0"},"west":{"uv":[0.5,12.625,0.625,13.375],"texture":"#0"},"up":{"uv":[13.25,12.5,13.125,12.375],"texture":"#0"},"down":{"uv":[13.25,12.5,13.125,12.625],"texture":"#0"}}},{"from":[2,9,15.05],"to":[4,16,17],"rotation":{"angle":-22.5,"axis":"z","origin":[4,-4,5]},"faces":{"north":{"uv":[11.25,5.5,11.5,6.375],"texture":"#0"},"east":{"uv":[11.25,10.25,11.5,11.125],"texture":"#0"},"south":{"uv":[0,11.375,0.25,12.25],"texture":"#0"},"west":{"uv":[0.25,11.375,0.5,12.25],"texture":"#0"},"up":{"uv":[13.125,9,12.875,8.75],"texture":"#0"},"down":{"uv":[13.125,9.25,12.875,9.5],"texture":"#0"}}},{"from":[6.72488,-1.55936,23.56711],"to":[9.72488,6.44064,25.56711],"rotation":{"angle":-22.5,"axis":"x","origin":[9.72488,-13.55936,13.56711]},"faces":{"north":{"uv":[5.125,10.25,5.5,11.25],"texture":"#0"},"east":{"uv":[7.375,9,7.625,10],"texture":"#0"},"south":{"uv":[2.625,10.375,3,11.375],"texture":"#0"},"west":{"uv":[5.5,11,5.75,12],"texture":"#0"},"up":{"uv":[12.875,8.625,12.5,8.375],"texture":"#0"},"down":{"uv":[12.875,9.375,12.5,9.625],"texture":"#0"}}},{"from":[0.72488,-0.55936,16.31711],"to":[4.72488,3.44064,20.31711],"rotation":{"angle":-22.5,"axis":"z","origin":[4.72488,-11.55936,8.31711]},"faces":{"north":{"uv":[6.625,11,7.125,11.5],"texture":"#0"},"east":{"uv":[11,0.5,11.5,1],"texture":"#0"},"south":{"uv":[11,1,11.5,1.5],"texture":"#0"},"west":{"uv":[2,11.125,2.5,11.625],"texture":"#0"},"up":{"uv":[3.875,11.625,3.375,11.125],"texture":"#0"},"down":{"uv":[6.25,11.125,5.75,11.625],"texture":"#0"}}},{"from":[5,-0.025,-4],"to":[14.975,1,6],"rotation":{"angle":0,"axis":"y","origin":[8,0,4]},"faces":{"north":{"uv":[2,1.875,3.25,2],"texture":"#0"},"east":{"uv":[3.875,3.75,5.125,3.875],"texture":"#0"},"south":{"uv":[2.5,7.625,3.75,7.75],"texture":"#0"},"west":{"uv":[7.625,7.5,8.875,7.625],"texture":"#0"},"up":{"uv":[8,6.25,6.75,5],"texture":"#0"},"down":{"uv":[8.25,2.25,7,3.5],"texture":"#0"}}},{"from":[4.5,1,-3],"to":[13.5,2,7],"rotation":{"angle":0,"axis":"y","origin":[8,0,4]},"faces":{"north":{"uv":[11.875,1.375,13,1.5],"texture":"#0"},"east":{"uv":[11.25,11.125,12.5,11.25],"texture":"#0"},"south":{"uv":[11.875,2.625,13,2.75],"texture":"#0"},"west":{"uv":[11.375,2.25,12.625,2.375],"texture":"#0"},"up":{"uv":[8.25,4.75,7.125,3.5],"texture":"#0"},"down":{"uv":[1.125,7.375,0,8.625],"texture":"#0"}}},{"from":[4,2,-2],"to":[10,3,8],"rotation":{"angle":0,"axis":"y","origin":[8,0,4]},"faces":{"north":{"uv":[8.25,4.625,9,4.75],"texture":"#0"},"east":{"uv":[11.5,3.375,12.75,3.5],"texture":"#0"},"south":{"uv":[9.75,4.5,10.5,4.625],"texture":"#0"},"west":{"uv":[11.5,6.25,12.75,6.375],"texture":"#0"},"up":{"uv":[9.625,1.25,8.875,0],"texture":"#0"},"down":{"uv":[4.875,9,4.125,10.25],"texture":"#0"}}},{"from":[4,3,-1],"to":[8,4,9],"rotation":{"angle":0,"axis":"y","origin":[8,0,4]},"faces":{"north":{"uv":[10.875,7.25,11.375,7.375],"texture":"#0"},"east":{"uv":[11.5,11.25,12.75,11.375],"texture":"#0"},"south":{"uv":[12.625,0.875,13.125,1],"texture":"#0"},"west":{"uv":[11.5,11.375,12.75,11.5],"texture":"#0"},"up":{"uv":[10.125,1.25,9.625,0],"texture":"#0"},"down":{"uv":[10.125,1.75,9.625,3],"texture":"#0"}}},{"from":[1.5,-0.025,0],"to":[3.5,4,10],"rotation":{"angle":0,"axis":"y","origin":[8,0,3.5]},"faces":{"north":{"uv":[0,12.25,0.25,12.75],"texture":"#0"},"east":{"uv":[9.375,3.5,10.625,4],"texture":"#0"},"south":{"uv":[0.25,12.25,0.5,12.75],"texture":"#0"},"west":{"uv":[9.625,6.875,10.875,7.375],"texture":"#0"},"up":{"uv":[9.125,11.25,8.875,10],"texture":"#0"},"down":{"uv":[7.375,10.25,7.125,11.5],"texture":"#0"}}},{"from":[3,4,0.025],"to":[7,5,10],"rotation":{"angle":0,"axis":"y","origin":[8,0,4]},"faces":{"north":{"uv":[12.625,2.25,13.125,2.375],"texture":"#0"},"east":{"uv":[11.625,1.5,12.875,1.625],"texture":"#0"},"south":{"uv":[12.625,4.25,13.125,4.375],"texture":"#0"},"west":{"uv":[11.625,1.625,12.875,1.75],"texture":"#0"},"up":{"uv":[10.25,6.875,9.75,5.625],"texture":"#0"},"down":{"uv":[10.375,9.875,9.875,11.125],"texture":"#0"}}},{"from":[3,5,1.025],"to":[8,6,11.025],"rotation":{"angle":0,"axis":"y","origin":[8,0,4]},"faces":{"north":{"uv":[3.25,1.875,3.875,2],"texture":"#0"},"east":{"uv":[11.625,1.75,12.875,1.875],"texture":"#0"},"south":{"uv":[5.125,3.75,5.75,3.875],"texture":"#0"},"west":{"uv":[11.625,1.875,12.875,2],"texture":"#0"},"up":{"uv":[5.5,10.25,4.875,9],"texture":"#0"},"down":{"uv":[7.375,9,6.75,10.25],"texture":"#0"}}},{"from":[3,0,-3.5],"to":[5,2.025,0.5],"rotation":{"angle":0,"axis":"y","origin":[4.475,-5.65,3.5]},"faces":{"north":{"uv":[9.875,12.75,10.125,13],"texture":"#0"},"east":{"uv":[12,4.5,12.5,4.75],"texture":"#0"},"south":{"uv":[11.875,12.75,12.125,13],"texture":"#0"},"west":{"uv":[12,6.875,12.5,7.125],"texture":"#0"},"up":{"uv":[12.25,7.625,12,7.125],"texture":"#0"},"down":{"uv":[0.75,12.125,0.5,12.625],"texture":"#0"}}},{"from":[5.57258,0.70713,-2.5],"to":[7.57258,2.70713,0.5],"rotation":{"angle":22.5,"axis":"z","origin":[4.54758,-5.29287,4]},"faces":{"north":{"uv":[0,12.75,0.25,13],"texture":"#0"},"east":{"uv":[12.375,9.75,12.75,10],"texture":"#0"},"south":{"uv":[0.25,12.75,0.5,13],"texture":"#0"},"west":{"uv":[12.375,10,12.75,10.25],"texture":"#0"},"up":{"uv":[12.625,10.625,12.375,10.25],"texture":"#0"},"down":{"uv":[2.75,12.5,2.5,12.875],"texture":"#0"}}},{"from":[5.57258,2.70713,-1.5],"to":[7.57258,4.70713,2.5],"rotation":{"angle":22.5,"axis":"z","origin":[4.54758,-5.29287,4]},"faces":{"north":{"uv":[12.625,12,12.875,12.25],"texture":"#0"},"east":{"uv":[11.875,8.875,12.375,9.125],"texture":"#0"},"south":{"uv":[12.625,12.375,12.875,12.625],"texture":"#0"},"west":{"uv":[12,2.375,12.5,2.625],"texture":"#0"},"up":{"uv":[12.25,4.5,12,4],"texture":"#0"},"down":{"uv":[12.25,6.375,12,6.875],"texture":"#0"}}},{"from":[3.82258,0.45713,0.25],"to":[5.82258,5.45713,1.25],"rotation":{"angle":22.5,"axis":"z","origin":[4.54758,-5.54287,4]},"faces":{"north":{"uv":[10.75,11.875,11,12.5],"texture":"#0"},"east":{"uv":[8.875,12.625,9,13.25],"texture":"#0"},"south":{"uv":[11.875,0.5,12.125,1.125],"texture":"#0"},"west":{"uv":[9,12.625,9.125,13.25],"texture":"#0"},"up":{"uv":[12.75,13.25,12.5,13.125],"texture":"#0"},"down":{"uv":[13.25,13.125,13,13.25],"texture":"#0"}}},{"from":[4.32258,3.70713,-0.5],"to":[7.32258,7.70713,3.5],"rotation":{"angle":22.5,"axis":"z","origin":[4.54758,-5.29287,4]},"faces":{"north":{"uv":[11.125,8.375,11.5,8.875],"texture":"#0"},"east":{"uv":[10.75,10.25,11.25,10.75],"texture":"#0"},"south":{"uv":[11.25,3.5,11.625,4],"texture":"#0"},"west":{"uv":[10.875,6.75,11.375,7.25],"texture":"#0"},"up":{"uv":[11.625,5,11.25,4.5],"texture":"#0"},"down":{"uv":[2.875,11.375,2.5,11.875],"texture":"#0"}}},{"from":[0.2887,7.01415,1],"to":[2.2887,12.01415,4.975],"rotation":{"angle":0,"axis":"y","origin":[-0.4863,-0.98585,4]},"faces":{"north":{"uv":[11.625,6.625,11.875,7.25],"texture":"#0"},"east":{"uv":[0,10.75,0.5,11.375],"texture":"#0"},"south":{"uv":[11.5,11.75,11.75,12.375],"texture":"#0"},"west":{"uv":[10.75,10.75,11.25,11.375],"texture":"#0"},"up":{"uv":[12.25,12.5,12,12],"texture":"#0"},"down":{"uv":[12.25,3.5,12,4],"texture":"#0"}}},{"from":[-0.47667,6.16639,1.025],"to":[0.52333,10.16639,5],"rotation":{"angle":0,"axis":"y","origin":[-0.25167,-0.83361,4]},"faces":{"north":{"uv":[12.875,4.375,13,4.875],"texture":"#0"},"east":{"uv":[4.125,11,4.625,11.5],"texture":"#0"},"south":{"uv":[12.875,4.875,13,5.375],"texture":"#0"},"west":{"uv":[4.625,11,5.125,11.5],"texture":"#0"},"up":{"uv":[13,6.25,12.875,5.75],"texture":"#0"},"down":{"uv":[13,6.25,12.875,6.75],"texture":"#0"}}},{"from":[-3.86182,11.14805,0.975],"to":[-1.86182,14.14805,4.95],"rotation":{"angle":-22.5,"axis":"z","origin":[-4.63682,2.14805,4]},"faces":{"north":{"uv":[12.375,5.25,12.625,5.625],"texture":"#0"},"east":{"uv":[1.375,7.25,1.875,7.625],"texture":"#0"},"south":{"uv":[12.375,8.75,12.625,9.125],"texture":"#0"},"west":{"uv":[3.375,8.625,3.875,9],"texture":"#0"},"up":{"uv":[10.125,12.5,9.875,12],"texture":"#0"},"down":{"uv":[10.375,12,10.125,12.5],"texture":"#0"}}},{"from":[-6.49711,17.63174,1.525],"to":[-4.49711,19.63174,4.475],"rotation":{"angle":-45,"axis":"z","origin":[-7.27211,6.63174,3.5]},"faces":{"north":{"uv":[12.625,10.25,12.875,10.5],"texture":"#0"},"east":{"uv":[12.25,12.375,12.625,12.625],"texture":"#0"},"south":{"uv":[12.625,11.5,12.875,11.75],"texture":"#0"},"west":{"uv":[12.375,0,12.75,0.25],"texture":"#0"},"up":{"uv":[12.625,0.625,12.375,0.25],"texture":"#0"},"down":{"uv":[12.625,0.625,12.375,1],"texture":"#0"}}},{"from":[-3.86182,14.14805,1.5],"to":[-1.86182,15.14805,4.5],"rotation":{"angle":-22.5,"axis":"z","origin":[-4.63682,2.14805,4]},"faces":{"north":{"uv":[11.875,9.75,12.125,9.875],"texture":"#0"},"east":{"uv":[13,2.625,13.375,2.75],"texture":"#0"},"south":{"uv":[12.625,4.375,12.875,4.5],"texture":"#0"},"west":{"uv":[13,3.125,13.375,3.25],"texture":"#0"},"up":{"uv":[4.375,12.875,4.125,12.5],"texture":"#0"},"down":{"uv":[4.625,12.5,4.375,12.875],"texture":"#0"}}},{"from":[4.47081,9.00761,1.575],"to":[7.47081,11.00761,2.425],"rotation":{"angle":-22.5,"axis":"z","origin":[18.47081,11.78261,3.5]},"faces":{"north":{"uv":[12.25,4.25,12.625,4.5],"texture":"#0"},"east":{"uv":[2.5,11.125,2.625,11.375],"texture":"#0"},"south":{"uv":[12.25,6,12.625,6.25],"texture":"#0"},"west":{"uv":[11.625,4.5,11.75,4.75],"texture":"#0"},"up":{"uv":[8.25,2.25,7.875,2.125],"texture":"#0"},"down":{"uv":[10.75,10.25,10.375,10.375],"texture":"#0"}}},{"from":[14.97695,17.63174,1.525],"to":[16.97695,19.63174,2.475],"rotation":{"angle":45,"axis":"z","origin":[17.75195,6.63174,3.5]},"faces":{"north":{"uv":[12.625,7.875,12.875,8.125],"texture":"#0"},"east":{"uv":[8.875,6,9,6.25],"texture":"#0"},"south":{"uv":[12.625,8.75,12.875,9],"texture":"#0"},"west":{"uv":[0.5,10.75,0.625,11],"texture":"#0"},"up":{"uv":[9.875,7.5,9.625,7.375],"texture":"#0"},"down":{"uv":[11.25,5.5,11,5.625],"texture":"#0"}}},{"from":[3.00903,9.00761,1.55],"to":[6.00903,11.00761,2.45],"rotation":{"angle":22.5,"axis":"z","origin":[-7.99097,11.78261,3.5]},"faces":{"north":{"uv":[12.25,11.5,12.625,11.75],"texture":"#0"},"east":{"uv":[9.125,13.125,9.25,13.375],"texture":"#0"},"south":{"uv":[12.25,12,12.625,12.25],"texture":"#0"},"west":{"uv":[10.375,13.125,10.5,13.375],"texture":"#0"},"up":{"uv":[11.25,2.75,10.875,2.625],"texture":"#0"},"down":{"uv":[13.375,1.375,13,1.5],"texture":"#0"}}},{"from":[12.34166,13.14805,1.5],"to":[14.34166,15.14805,2.5],"rotation":{"angle":22.5,"axis":"z","origin":[15.11666,2.14805,4]},"faces":{"north":{"uv":[12.125,12.75,12.375,13],"texture":"#0"},"east":{"uv":[10.5,13.125,10.625,13.375],"texture":"#0"},"south":{"uv":[12.375,12.75,12.625,13],"texture":"#0"},"west":{"uv":[10.625,13.125,10.75,13.375],"texture":"#0"},"up":{"uv":[11.875,7.375,11.625,7.25],"texture":"#0"},"down":{"uv":[12.125,5.875,11.875,6],"texture":"#0"}}},{"from":[12.34166,11.14805,1],"to":[14.34166,13.14805,3],"rotation":{"angle":22.5,"axis":"z","origin":[15.11666,2.14805,4]},"faces":{"north":{"uv":[12.625,6,12.875,6.25],"texture":"#0"},"east":{"uv":[12.625,6.625,12.875,6.875],"texture":"#0"},"south":{"uv":[12.625,6.875,12.875,7.125],"texture":"#0"},"west":{"uv":[12.625,7.125,12.875,7.375],"texture":"#0"},"up":{"uv":[12.875,7.625,12.625,7.375],"texture":"#0"},"down":{"uv":[12.875,7.625,12.625,7.875],"texture":"#0"}}},{"from":[8.67251,7.46297,-2],"to":[10.67251,10.46297,0],"rotation":{"angle":22.5,"axis":"x","origin":[11.67251,2.46297,1]},"faces":{"north":{"uv":[12.25,7.875,12.5,8.25],"texture":"#0"},"east":{"uv":[12.25,8.375,12.5,8.75],"texture":"#0"},"south":{"uv":[12.25,9.375,12.5,9.75],"texture":"#0"},"west":{"uv":[12.25,10.75,12.5,11.125],"texture":"#0"},"up":{"uv":[12.875,5.5,12.625,5.25],"texture":"#0"},"down":{"uv":[12.875,5.75,12.625,6],"texture":"#0"}}},{"from":[5,0,0],"to":[7,9,2],"rotation":{"angle":-22.5,"axis":"z","origin":[8,0,3]},"faces":{"north":{"uv":[10.875,1.5,11.125,2.625],"texture":"#0"},"east":{"uv":[0.5,11,0.75,12.125],"texture":"#0"},"south":{"uv":[0.75,11,1,12.125],"texture":"#0"},"west":{"uv":[1,11,1.25,12.125],"texture":"#0"},"up":{"uv":[1.375,7.625,1.125,7.375],"texture":"#0"},"down":{"uv":[10.875,1.5,10.625,1.75],"texture":"#0"}}},{"from":[8,2.23255,-3.64178],"to":[9,7.23255,-0.64178],"rotation":{"angle":22.5,"axis":"x","origin":[11,-2.76745,-0.64178]},"faces":{"north":{"uv":[9,5.625,9.125,6.25],"texture":"#0"},"east":{"uv":[9.125,8.5,9.5,9.125],"texture":"#0"},"south":{"uv":[0.625,12.625,0.75,13.25],"texture":"#0"},"west":{"uv":[6.25,11.125,6.625,11.75],"texture":"#0"},"up":{"uv":[4,9,3.875,8.625],"texture":"#0"},"down":{"uv":[9.625,6.75,9.5,7.125],"texture":"#0"}}},{"from":[8.5,11.25,1],"to":[11.5,15.25,1],"rotation":{"angle":-45,"axis":"y","origin":[8,0,3.5]},"faces":{"north":{"uv":[10.375,11.375,10.75,11.875],"texture":"#0"},"east":{"uv":[0,0,0,0.5],"texture":"#0"},"south":{"uv":[10.75,11.375,11.125,11.875],"texture":"#0"},"west":{"uv":[0,0,0,0.5],"texture":"#0"},"up":{"uv":[0.375,0,0,0],"texture":"#0"},"down":{"uv":[0.375,0,0,0],"texture":"#0"}}},{"from":[14.251,11,5],"to":[14.251,21,13],"rotation":{"angle":0,"axis":"y","origin":[16.751,-0.25,9.5]},"faces":{"north":{"uv":[0,0,0,1.25],"texture":"#0"},"east":{"uv":[7.875,0,8.875,1.25],"texture":"#0"},"south":{"uv":[0,0,0,1.25],"texture":"#0"},"west":{"uv":[8,4.75,9,6],"texture":"#0"},"up":{"uv":[0,1,0,0],"texture":"#0"},"down":{"uv":[0,0,0,1],"texture":"#0"}}},{"from":[1.749,11,5],"to":[1.749,21,13],"rotation":{"angle":0,"axis":"y","origin":[-0.751,-0.25,9.5]},"faces":{"north":{"uv":[0,0,0,1.25],"texture":"#0"},"east":{"uv":[9,4.75,8,6],"texture":"#0"},"south":{"uv":[0,0,0,1.25],"texture":"#0"},"west":{"uv":[8.875,0,7.875,1.25],"texture":"#0"},"up":{"uv":[0,1,0,0],"texture":"#0"},"down":{"uv":[0,0,0,1],"texture":"#0"}}},{"from":[9.5,11.25,0.75],"to":[10.5,15.25,1.75],"rotation":{"angle":-45,"axis":"y","origin":[8,0,3.5]},"faces":{"north":{"uv":[7.5,6.25,7.625,6.75],"texture":"#0"},"east":{"uv":[10.625,3.5,10.75,4],"texture":"#0"},"south":{"uv":[11.625,3.5,11.75,4],"texture":"#0"},"west":{"uv":[2.875,12.75,3,13.25],"texture":"#0"},"up":{"uv":[9,7.625,8.875,7.5],"texture":"#0"},"down":{"uv":[6,9,5.875,9.125],"texture":"#0"}}},{"from":[13.5,11,8.5],"to":[14.5,21,9.5],"rotation":{"angle":0,"axis":"y","origin":[16.25,-0.25,7]},"faces":{"north":{"uv":[6.875,12,7,13.25],"texture":"#0"},"east":{"uv":[7,12,7.125,13.25],"texture":"#0"},"south":{"uv":[7.125,12,7.25,13.25],"texture":"#0"},"west":{"uv":[7.25,12,7.375,13.25],"texture":"#0"},"up":{"uv":[13.25,12.125,13.125,12],"texture":"#0"},"down":{"uv":[13.25,12.125,13.125,12.25],"texture":"#0"}}},{"from":[1.5,11,8.5],"to":[2.5,21,9.5],"rotation":{"angle":0,"axis":"y","origin":[-0.25,-0.25,7]},"faces":{"north":{"uv":[7,12,6.875,13.25],"texture":"#0"},"east":{"uv":[7.375,12,7.25,13.25],"texture":"#0"},"south":{"uv":[7.25,12,7.125,13.25],"texture":"#0"},"west":{"uv":[7.125,12,7,13.25],"texture":"#0"},"up":{"uv":[13.125,12.125,13.25,12],"texture":"#0"},"down":{"uv":[13.125,12.125,13.25,12.25],"texture":"#0"}}},{"from":[13.475,14,5],"to":[14.475,15,13],"rotation":{"angle":0,"axis":"y","origin":[16.225,-0.25,6.5]},"faces":{"north":{"uv":[13.125,11.75,13.25,11.875],"texture":"#0"},"east":{"uv":[12.25,4,13.25,4.125],"texture":"#0"},"south":{"uv":[13.125,11.875,13.25,12],"texture":"#0"},"west":{"uv":[12.25,4.125,13.25,4.25],"texture":"#0"},"up":{"uv":[9.625,13.25,9.5,12.25],"texture":"#0"},"down":{"uv":[9.75,12.25,9.625,13.25],"texture":"#0"}}},{"from":[1.525,14,5],"to":[2.525,15,13],"rotation":{"angle":0,"axis":"y","origin":[-0.225,-0.25,6.5]},"faces":{"north":{"uv":[13.25,11.75,13.125,11.875],"texture":"#0"},"east":{"uv":[13.25,4.125,12.25,4.25],"texture":"#0"},"south":{"uv":[13.25,11.875,13.125,12],"texture":"#0"},"west":{"uv":[13.25,4,12.25,4.125],"texture":"#0"},"up":{"uv":[9.5,13.25,9.625,12.25],"texture":"#0"},"down":{"uv":[9.625,12.25,9.75,13.25],"texture":"#0"}}},{"from":[8.5,12.75,0.75],"to":[11.5,13.75,1.75],"rotation":{"angle":-45,"axis":"y","origin":[8,0,3.5]},"faces":{"north":{"uv":[13,3.25,13.375,3.375],"texture":"#0"},"east":{"uv":[9,8.5,9.125,8.625],"texture":"#0"},"south":{"uv":[13,4.375,13.375,4.5],"texture":"#0"},"west":{"uv":[9.625,6.75,9.75,6.875],"texture":"#0"},"up":{"uv":[13.375,4.625,13,4.5],"texture":"#0"},"down":{"uv":[13.375,4.625,13,4.75],"texture":"#0"}}},{"from":[0,21,1],"to":[16,22,17],"rotation":{"angle":0,"axis":"y","origin":[8,18,4]},"faces":{"north":{"uv":[10.5,5,12.5,5.125],"texture":"#0"},"east":{"uv":[10.5,5.125,12.5,5.25],"texture":"#0"},"south":{"uv":[10.75,9.125,12.75,9.25],"texture":"#0"},"west":{"uv":[10.75,9.25,12.75,9.375],"texture":"#0"},"up":{"uv":[2,2,0,0],"texture":"#0"},"down":{"uv":[2,2,0,4],"texture":"#0"}}},{"from":[0,19.57926,14.88478],"to":[16,21.57926,16.88478],"rotation":{"angle":-22.5,"axis":"x","origin":[8,22.07926,15.88478]},"faces":{"north":{"uv":[9.875,9.375,11.875,9.625],"texture":"#0"},"east":{"uv":[12.875,7.75,13.125,8],"texture":"#0"},"south":{"uv":[9.875,9.625,11.875,9.875],"texture":"#0"},"west":{"uv":[12.875,8.25,13.125,8.5],"texture":"#0"},"up":{"uv":[12.125,0.25,10.125,0],"texture":"#0"},"down":{"uv":[12.125,0.25,10.125,0.5],"texture":"#0"}}},{"from":[3.25,14,2],"to":[10.25,20,4],"rotation":{"angle":0,"axis":"y","origin":[8,18,4]},"faces":{"north":{"uv":[5.75,5,6.625,5.75],"texture":"#0"},"east":{"uv":[9.375,11.5,9.625,12.25],"texture":"#0"},"south":{"uv":[2.125,9.625,3,10.375],"texture":"#0"},"west":{"uv":[9.625,11.5,9.875,12.25],"texture":"#0"},"up":{"uv":[11.875,5.5,11,5.25],"texture":"#0"},"down":{"uv":[12,2.375,11.125,2.625],"texture":"#0"}}},{"from":[7.93338,13.92238,-0.31282],"to":[10.93338,19.92238,1.68718],"rotation":{"angle":45,"axis":"y","origin":[9.68338,18.92238,10.18718]},"faces":{"north":{"uv":[10.75,8.375,11.125,9.125],"texture":"#0"},"east":{"uv":[2,11.625,2.25,12.375],"texture":"#0"},"south":{"uv":[1.25,11,1.625,11.75],"texture":"#0"},"west":{"uv":[2.25,11.625,2.5,12.375],"texture":"#0"},"up":{"uv":[12.875,10.875,12.5,10.625],"texture":"#0"},"down":{"uv":[12.875,10.875,12.5,11.125],"texture":"#0"}}},{"from":[6.85876,16,6.18718],"to":[8.85876,20,8.18718],"rotation":{"angle":-45,"axis":"y","origin":[13.60876,18,8.18718]},"faces":{"north":{"uv":[12.125,0.5,12.375,1],"texture":"#0"},"east":{"uv":[12.125,5.25,12.375,5.75],"texture":"#0"},"south":{"uv":[12.125,9.75,12.375,10.25],"texture":"#0"},"west":{"uv":[12.125,10.25,12.375,10.75],"texture":"#0"},"up":{"uv":[13.125,2.625,12.875,2.375],"texture":"#0"},"down":{"uv":[13.125,3.375,12.875,3.625],"texture":"#0"}}},{"from":[7.76241,15.9218,-2.58579],"to":[10.76241,19.9218,-0.58579],"rotation":{"angle":-45,"axis":"y","origin":[4.76241,-0.0782,5.41421]},"faces":{"north":{"uv":[6.625,11.5,7,12],"texture":"#0"},"east":{"uv":[3.625,12.125,3.875,12.625],"texture":"#0"},"south":{"uv":[7,11.5,7.375,12],"texture":"#0"},"west":{"uv":[3.875,12.125,4.125,12.625],"texture":"#0"},"up":{"uv":[10.25,12.75,9.875,12.5],"texture":"#0"},"down":{"uv":[12.25,12.5,11.875,12.75],"texture":"#0"}}},{"from":[17.92323,13.68092,2.5],"to":[19.92323,19.68092,4.5],"rotation":{"angle":22.5,"axis":"z","origin":[15.42323,0.68092,5.5]},"faces":{"north":{"uv":[4.125,11.5,4.375,12.25],"texture":"#0"},"east":{"uv":[4.375,11.5,4.625,12.25],"texture":"#0"},"south":{"uv":[4.625,11.5,4.875,12.25],"texture":"#0"},"west":{"uv":[4.875,11.5,5.125,12.25],"texture":"#0"},"up":{"uv":[13,3.125,12.75,2.875],"texture":"#0"},"down":{"uv":[13,3.125,12.75,3.375],"texture":"#0"}}},{"from":[12.92323,6.68092,3],"to":[13.92323,14.68092,6],"rotation":{"angle":-22.5,"axis":"x","origin":[13.42323,13.18092,3.75]},"faces":{"north":{"uv":[9.25,12,9.375,13],"texture":"#0"},"east":{"uv":[8.5,10,8.875,11],"texture":"#0"},"south":{"uv":[0.75,12.125,0.875,13.125],"texture":"#0"},"west":{"uv":[10.125,1.75,10.5,2.75],"texture":"#0"},"up":{"uv":[9.5,11.5,9.375,11.125],"texture":"#0"},"down":{"uv":[2,13,1.875,13.375],"texture":"#0"}}},{"from":[11.56516,11.25,2.8417],"to":[12.56516,15.25,4.8417],"rotation":{"angle":-45,"axis":"y","origin":[12.06516,0.25,5.0917]},"faces":{"north":{"uv":[3.25,12.75,3.375,13.25],"texture":"#0"},"east":{"uv":[0.875,12.125,1.125,12.625],"texture":"#0"},"south":{"uv":[8.75,12.75,8.875,13.25],"texture":"#0"},"west":{"uv":[3.375,12.125,3.625,12.625],"texture":"#0"},"up":{"uv":[12.125,13.375,12,13.125],"texture":"#0"},"down":{"uv":[12.25,13.125,12.125,13.375],"texture":"#0"}}},{"from":[7.56516,15.25,3.8417],"to":[12.56516,16.25,4.8417],"rotation":{"angle":-45,"axis":"y","origin":[12.06516,0.25,5.0917]},"faces":{"north":{"uv":[10.25,6.75,10.875,6.875],"texture":"#0"},"east":{"uv":[2,11,2.125,11.125],"texture":"#0"},"south":{"uv":[12.5,8.625,13.125,8.75],"texture":"#0"},"west":{"uv":[5.75,11,5.875,11.125],"texture":"#0"},"up":{"uv":[13.125,9.75,12.5,9.625],"texture":"#0"},"down":{"uv":[13.125,11.125,12.5,11.25],"texture":"#0"}}},{"from":[7.56516,10.25,3.8417],"to":[12.56516,11.25,4.8417],"rotation":{"angle":-45,"axis":"y","origin":[12.06516,0.25,5.0917]},"faces":{"north":{"uv":[12.25,12.625,12.875,12.75],"texture":"#0"},"east":{"uv":[12.75,6.25,12.875,6.375],"texture":"#0"},"south":{"uv":[12.625,0.25,13.25,0.375],"texture":"#0"},"west":{"uv":[12.75,9.25,12.875,9.375],"texture":"#0"},"up":{"uv":[13.25,0.5,12.625,0.375],"texture":"#0"},"down":{"uv":[13.25,0.5,12.625,0.625],"texture":"#0"}}},{"from":[9.25627,1.25,1.79715],"to":[14.25627,10.25,2.79715],"rotation":{"angle":-45,"axis":"y","origin":[11.18127,9.75,3.14715]},"faces":{"north":{"uv":[9.125,5.625,9.75,6.75],"texture":"#0"},"east":{"uv":[6.625,9.125,6.75,10.25],"texture":"#0"},"south":{"uv":[0,9.625,0.625,10.75],"texture":"#0"},"west":{"uv":[9.125,12,9.25,13.125],"texture":"#0"},"up":{"uv":[13.25,0.75,12.625,0.625],"texture":"#0"},"down":{"uv":[13.25,0.75,12.625,0.875],"texture":"#0"}}},{"from":[8.77469,1.25,0.83138],"to":[10.77469,8.25,1.83138],"rotation":{"angle":0,"axis":"y","origin":[8.69969,9.75,1.18138]},"faces":{"north":{"uv":[9.125,11.125,9.375,12],"texture":"#0"},"east":{"uv":[2.125,12.375,2.25,13.25],"texture":"#0"},"south":{"uv":[9.875,11.125,10.125,12],"texture":"#0"},"west":{"uv":[2.25,12.375,2.375,13.25],"texture":"#0"},"up":{"uv":[12.875,5.625,12.625,5.5],"texture":"#0"},"down":{"uv":[12.875,10.5,12.625,10.625],"texture":"#0"}}},{"from":[7.56516,11.25,3.8417],"to":[8.56516,15.25,4.8417],"rotation":{"angle":-45,"axis":"y","origin":[12.06516,0.25,5.0917]},"faces":{"north":{"uv":[10.125,12.75,10.25,13.25],"texture":"#0"},"east":{"uv":[11.125,12.75,11.25,13.25],"texture":"#0"},"south":{"uv":[12.75,3.375,12.875,3.875],"texture":"#0"},"west":{"uv":[12.75,9.75,12.875,10.25],"texture":"#0"},"up":{"uv":[11.375,6.75,11.25,6.625],"texture":"#0"},"down":{"uv":[11.5,10.125,11.375,10.25],"texture":"#0"}}},{"from":[23.64532,18.53706,1],"to":[24.64532,20.53706,17],"rotation":{"angle":22.5,"axis":"z","origin":[16.64532,-0.46294,4]},"faces":{"north":{"uv":[11,13.125,11.125,13.375],"texture":"#0"},"east":{"uv":[9.75,4,11.75,4.25],"texture":"#0"},"south":{"uv":[11.875,13.125,12,13.375],"texture":"#0"},"west":{"uv":[9.75,4.25,11.75,4.5],"texture":"#0"},"up":{"uv":[3.375,12.75,3.25,10.75],"texture":"#0"},"down":{"uv":[1.75,11,1.625,13],"texture":"#0"}}},{"from":[-8.64532,18.53706,1],"to":[-7.64532,20.53706,17],"rotation":{"angle":-22.5,"axis":"z","origin":[-0.64532,-0.46294,4]},"faces":{"north":{"uv":[11.125,13.125,11,13.375],"texture":"#0"},"east":{"uv":[11.75,4.25,9.75,4.5],"texture":"#0"},"south":{"uv":[12,13.125,11.875,13.375],"texture":"#0"},"west":{"uv":[11.75,4,9.75,4.25],"texture":"#0"},"up":{"uv":[3.25,12.75,3.375,10.75],"texture":"#0"},"down":{"uv":[1.625,11,1.75,13],"texture":"#0"}}},{"from":[21.64532,18.53706,6],"to":[23.64532,20.53706,13],"rotation":{"angle":22.5,"axis":"z","origin":[16.64532,-0.46294,4]},"faces":{"north":{"uv":[12.875,1.5,13.125,1.75],"texture":"#0"},"east":{"uv":[7.125,4.75,8,5],"texture":"#0"},"south":{"uv":[12.875,1.75,13.125,2],"texture":"#0"},"west":{"uv":[8,6,8.875,6.25],"texture":"#0"},"up":{"uv":[10.375,12,10.125,11.125],"texture":"#0"},"down":{"uv":[11.375,1.5,11.125,2.375],"texture":"#0"}}},{"from":[0,24.27731,-6.50351],"to":[16,26.27731,-3.50351],"rotation":{"angle":22.5,"axis":"x","origin":[13,5.27731,-13.50351]},"faces":{"north":{"uv":[9.875,7.875,11.875,8.125],"texture":"#0"},"east":{"uv":[12.5,5,12.875,5.25],"texture":"#0"},"south":{"uv":[9.875,8.125,11.875,8.375],"texture":"#0"},"west":{"uv":[12.5,6.375,12.875,6.625],"texture":"#0"},"up":{"uv":[9.625,7.5,7.625,7.125],"texture":"#0"},"down":{"uv":[11,5.25,9,5.625],"texture":"#0"}}},{"from":[14.13438,19.47666,2],"to":[16.13438,21.47666,8],"rotation":{"angle":45,"axis":"z","origin":[15.13438,20.47666,5]},"faces":{"north":{"uv":[12.625,12.75,12.875,13],"texture":"#0"},"east":{"uv":[11.125,8.875,11.875,9.125],"texture":"#0"},"south":{"uv":[12.75,0,13,0.25],"texture":"#0"},"west":{"uv":[11.25,6.375,12,6.625],"texture":"#0"},"up":{"uv":[11.625,2.25,11.375,1.5],"texture":"#0"},"down":{"uv":[11.625,6.625,11.375,7.375],"texture":"#0"}}},{"from":[15.4992,0.01008,4],"to":[16.4992,4.01008,5],"rotation":{"angle":0,"axis":"y","origin":[35.4992,8.01008,4]},"faces":{"north":{"uv":[2.5,12.875,2.625,13.375],"texture":"#0"},"east":{"uv":[2.625,12.875,2.75,13.375],"texture":"#0"},"south":{"uv":[4.125,12.875,4.25,13.375],"texture":"#0"},"west":{"uv":[4.25,12.875,4.375,13.375],"texture":"#0"},"up":{"uv":[12.5,10.75,12.375,10.625],"texture":"#0"},"down":{"uv":[12.75,9,12.625,9.125],"texture":"#0"}}},{"from":[13.4992,0.01008,3.5],"to":[15.4992,4.01008,5.5],"rotation":{"angle":0,"axis":"y","origin":[35.4992,8.01008,4]},"faces":{"north":{"uv":[5.125,12.125,5.375,12.625],"texture":"#0"},"east":{"uv":[5.75,12.125,6,12.625],"texture":"#0"},"south":{"uv":[7.375,12.125,7.625,12.625],"texture":"#0"},"west":{"uv":[8.875,12.125,9.125,12.625],"texture":"#0"},"up":{"uv":[13,9.25,12.75,9],"texture":"#0"},"down":{"uv":[13,11.25,12.75,11.5],"texture":"#0"}}},{"from":[15.53726,3.81874,4],"to":[16.53726,8.81874,5],"rotation":{"angle":22.5,"axis":"z","origin":[16.03726,3.81874,4.5]},"faces":{"north":{"uv":[5.75,12.625,5.875,13.25],"texture":"#0"},"east":{"uv":[5.875,12.625,6,13.25],"texture":"#0"},"south":{"uv":[7.375,12.625,7.5,13.25],"texture":"#0"},"west":{"uv":[7.5,12.625,7.625,13.25],"texture":"#0"},"up":{"uv":[12.375,8.875,12.25,8.75],"texture":"#0"},"down":{"uv":[12,12.375,11.875,12.5],"texture":"#0"}}},{"from":[13.46114,4.20143,3.525],"to":[15.46114,9.20143,5.5],"rotation":{"angle":22.5,"axis":"z","origin":[15.96114,4.20143,4.5]},"faces":{"north":{"uv":[11.75,11.75,12,12.375],"texture":"#0"},"east":{"uv":[11.75,3.5,12,4.125],"texture":"#0"},"south":{"uv":[11.75,4.125,12,4.75],"texture":"#0"},"west":{"uv":[2.5,11.875,2.75,12.5],"texture":"#0"},"up":{"uv":[4.625,13.125,4.375,12.875],"texture":"#0"},"down":{"uv":[5.375,12.875,5.125,13.125],"texture":"#0"}}},{"from":[-0.46114,6.20143,5.5],"to":[1.53886,13.20143,7.5],"rotation":{"angle":-22.5,"axis":"z","origin":[-6.96114,8.20143,6.5]},"faces":{"north":{"uv":[5.125,11.25,5.375,12.125],"texture":"#0"},"east":{"uv":[8.875,11.25,9.125,12.125],"texture":"#0"},"south":{"uv":[11.25,11.25,11.5,12.125],"texture":"#0"},"west":{"uv":[11.25,2.625,11.5,3.5],"texture":"#0"},"up":{"uv":[13.125,3.875,12.875,3.625],"texture":"#0"},"down":{"uv":[13.125,5.375,12.875,5.625],"texture":"#0"}}},{"from":[-1.575,-2.375,4],"to":[0.425,2.625,5],"rotation":{"angle":-22.5,"axis":"x","origin":[-6.325,8.5,2]},"faces":{"north":{"uv":[11.875,5.25,12.125,5.875],"texture":"#0"},"east":{"uv":[11.25,12.625,11.375,13.25],"texture":"#0"},"south":{"uv":[11.875,10.125,12.125,10.75],"texture":"#0"},"west":{"uv":[11.375,12.625,11.5,13.25],"texture":"#0"},"up":{"uv":[13.375,1,13.125,0.875],"texture":"#0"},"down":{"uv":[13.375,1,13.125,1.125],"texture":"#0"}}},{"from":[13.975,7,5],"to":[14.975,10,13],"rotation":{"angle":0,"axis":"y","origin":[20.975,1,4]},"faces":{"north":{"uv":[13,11.625,13.125,12],"texture":"#0"},"east":{"uv":[10.25,6.375,11.25,6.75],"texture":"#0"},"south":{"uv":[13,12.375,13.125,12.75],"texture":"#0"},"west":{"uv":[10.375,9.875,11.375,10.25],"texture":"#0"},"up":{"uv":[9.875,13.25,9.75,12.25],"texture":"#0"},"down":{"uv":[2.125,12.375,2,13.375],"texture":"#0"}}},{"from":[1.025,7,5],"to":[2.025,10,13],"rotation":{"angle":0,"axis":"y","origin":[-4.975,1,4]},"faces":{"north":{"uv":[13.125,11.625,13,12],"texture":"#0"},"east":{"uv":[11.375,9.875,10.375,10.25],"texture":"#0"},"south":{"uv":[13.125,12.375,13,12.75],"texture":"#0"},"west":{"uv":[11.25,6.375,10.25,6.75],"texture":"#0"},"up":{"uv":[9.75,13.25,9.875,12.25],"texture":"#0"},"down":{"uv":[2,12.375,2.125,13.375],"texture":"#0"}}},{"from":[1.58198,2.92238,13.35355],"to":[2.58198,18.92238,16.35355],"rotation":{"angle":45,"axis":"y","origin":[2.08198,13.42238,14.35355]},"faces":{"north":{"uv":[1.75,11,1.875,13],"texture":"#0"},"east":{"uv":[6.25,9.125,6.625,11.125],"texture":"#0"},"south":{"uv":[1.875,11,2,13],"texture":"#0"},"west":{"uv":[9.125,9.125,9.5,11.125],"texture":"#0"},"up":{"uv":[13.125,6.125,13,5.75],"texture":"#0"},"down":{"uv":[13.125,6.125,13,6.5],"texture":"#0"}}},{"from":[1.58198,-0.07762,13.35355],"to":[2.58198,2.92238,16.35355],"rotation":{"angle":45,"axis":"y","origin":[2.08198,10.42238,14.35355]},"faces":{"north":{"uv":[0.75,13.125,0.875,13.5],"texture":"#0"},"east":{"uv":[11.875,2.75,12.25,3.125],"texture":"#0"},"south":{"uv":[1.125,13.125,1.25,13.5],"texture":"#0"},"west":{"uv":[11.875,7.875,12.25,8.25],"texture":"#0"},"up":{"uv":[1.375,13.5,1.25,13.125],"texture":"#0"},"down":{"uv":[1.5,13.125,1.375,13.5],"texture":"#0"}}},{"from":[13.41802,2.92238,13.35355],"to":[14.41802,18.92238,16.35355],"rotation":{"angle":-45,"axis":"y","origin":[13.91802,13.42238,14.35355]},"faces":{"north":{"uv":[8.5,11,8.625,13],"texture":"#0"},"east":{"uv":[9.5,9.5,9.875,11.5],"texture":"#0"},"south":{"uv":[8.625,11,8.75,13],"texture":"#0"},"west":{"uv":[9.5,7.5,9.875,9.5],"texture":"#0"},"up":{"uv":[13.125,10.5,13,10.125],"texture":"#0"},"down":{"uv":[13.125,11.25,13,11.625],"texture":"#0"}}},{"from":[13.41802,-0.07762,13.35355],"to":[14.41802,2.92238,16.35355],"rotation":{"angle":-45,"axis":"y","origin":[13.91802,10.42238,14.35355]},"faces":{"north":{"uv":[1.5,13.125,1.625,13.5],"texture":"#0"},"east":{"uv":[11.875,9.375,12.25,9.75],"texture":"#0"},"south":{"uv":[2.75,13.125,2.875,13.5],"texture":"#0"},"west":{"uv":[11.875,10.75,12.25,11.125],"texture":"#0"},"up":{"uv":[4.5,13.5,4.375,13.125],"texture":"#0"},"down":{"uv":[4.625,13.125,4.5,13.5],"texture":"#0"}}},{"from":[16,0,7],"to":[17,11,11],"rotation":{"angle":0,"axis":"y","origin":[10,4,4]},"faces":{"north":{"uv":[8.125,11.625,8.25,13],"texture":"#0"},"east":{"uv":[1.125,9.625,1.625,11],"texture":"#0"},"south":{"uv":[8.25,11.625,8.375,13],"texture":"#0"},"west":{"uv":[1.625,9.625,2.125,11],"texture":"#0"},"up":{"uv":[13,12,12.875,11.5],"texture":"#0"},"down":{"uv":[13,12.375,12.875,12.875],"texture":"#0"}}},{"from":[-1,0,7],"to":[0,11,11],"rotation":{"angle":0,"axis":"y","origin":[6,4,4]},"faces":{"north":{"uv":[8.25,11.625,8.125,13],"texture":"#0"},"east":{"uv":[2.125,9.625,1.625,11],"texture":"#0"},"south":{"uv":[8.375,11.625,8.25,13],"texture":"#0"},"west":{"uv":[1.625,9.625,1.125,11],"texture":"#0"},"up":{"uv":[12.875,12,13,11.5],"texture":"#0"},"down":{"uv":[12.875,12.375,13,12.875],"texture":"#0"}}},{"from":[15,0,6],"to":[16,11,12],"rotation":{"angle":0,"axis":"y","origin":[10,4,5]},"faces":{"north":{"uv":[1.25,11.75,1.375,13.125],"texture":"#0"},"east":{"uv":[8.375,8.625,9.125,10],"texture":"#0"},"south":{"uv":[1.375,11.75,1.5,13.125],"texture":"#0"},"west":{"uv":[3.375,9,4.125,10.375],"texture":"#0"},"up":{"uv":[10.375,13.25,10.25,12.5],"texture":"#0"},"down":{"uv":[10.875,12.5,10.75,13.25],"texture":"#0"}}},{"from":[0,0,6],"to":[1,11,12],"rotation":{"angle":0,"axis":"y","origin":[6,4,5]},"faces":{"north":{"uv":[1.375,11.75,1.25,13.125],"texture":"#0"},"east":{"uv":[4.125,9,3.375,10.375],"texture":"#0"},"south":{"uv":[1.5,11.75,1.375,13.125],"texture":"#0"},"west":{"uv":[9.125,8.625,8.375,10],"texture":"#0"},"up":{"uv":[10.25,13.25,10.375,12.5],"texture":"#0"},"down":{"uv":[10.75,12.5,10.875,13.25],"texture":"#0"}}},{"from":[14,10,5],"to":[15,11,13],"rotation":{"angle":0,"axis":"y","origin":[10,4,6]},"faces":{"north":{"uv":[13.125,10.875,13.25,11],"texture":"#0"},"east":{"uv":[12.25,2.125,13.25,2.25],"texture":"#0"},"south":{"uv":[13.125,11.125,13.25,11.25],"texture":"#0"},"west":{"uv":[12.25,2.75,13.25,2.875],"texture":"#0"},"up":{"uv":[5.125,13.25,5,12.25],"texture":"#0"},"down":{"uv":[9.5,12.25,9.375,13.25],"texture":"#0"}}},{"from":[1,10,5],"to":[2,11,13],"rotation":{"angle":0,"axis":"y","origin":[6,4,6]},"faces":{"north":{"uv":[13.25,10.875,13.125,11],"texture":"#0"},"east":{"uv":[13.25,2.75,12.25,2.875],"texture":"#0"},"south":{"uv":[13.25,11.125,13.125,11.25],"texture":"#0"},"west":{"uv":[13.25,2.125,12.25,2.25],"texture":"#0"},"up":{"uv":[5,13.25,5.125,12.25],"texture":"#0"},"down":{"uv":[9.375,12.25,9.5,13.25],"texture":"#0"}}},{"from":[14.2233,15.32991,3],"to":[15.2233,19.32991,6],"rotation":{"angle":-22.5,"axis":"z","origin":[14.7233,18.32991,4.5]},"faces":{"north":{"uv":[0,13,0.125,13.5],"texture":"#0"},"east":{"uv":[11.5,2.625,11.875,3.125],"texture":"#0"},"south":{"uv":[0.125,13,0.25,13.5],"texture":"#0"},"west":{"uv":[11.5,5.5,11.875,6],"texture":"#0"},"up":{"uv":[13.125,6.875,13,6.5],"texture":"#0"},"down":{"uv":[13.125,6.875,13,7.25],"texture":"#0"}}},{"from":[0.7767,15.32991,3],"to":[1.7767,19.32991,6],"rotation":{"angle":22.5,"axis":"z","origin":[1.2767,18.32991,4.5]},"faces":{"north":{"uv":[0.125,13,0,13.5],"texture":"#0"},"east":{"uv":[11.875,5.5,11.5,6],"texture":"#0"},"south":{"uv":[0.25,13,0.125,13.5],"texture":"#0"},"west":{"uv":[11.875,2.625,11.5,3.125],"texture":"#0"},"up":{"uv":[13,6.875,13.125,6.5],"texture":"#0"},"down":{"uv":[13,6.875,13.125,7.25],"texture":"#0"}}},{"from":[13.97868,7.92238,3.975],"to":[14.97868,17.92238,5],"rotation":{"angle":0,"axis":"y","origin":[14.47868,12.92238,4.475]},"faces":{"north":{"uv":[5.5,12,5.625,13.25],"texture":"#0"},"east":{"uv":[5.625,12,5.75,13.25],"texture":"#0"},"south":{"uv":[6.625,12,6.75,13.25],"texture":"#0"},"west":{"uv":[6.75,12,6.875,13.25],"texture":"#0"},"up":{"uv":[13.25,11.375,13.125,11.25],"texture":"#0"},"down":{"uv":[13.25,11.375,13.125,11.5],"texture":"#0"}}},{"from":[1.02132,7.92238,3.975],"to":[2.02132,17.92238,5],"rotation":{"angle":0,"axis":"y","origin":[1.52132,12.92238,4.475]},"faces":{"north":{"uv":[5.625,12,5.5,13.25],"texture":"#0"},"east":{"uv":[6.875,12,6.75,13.25],"texture":"#0"},"south":{"uv":[6.75,12,6.625,13.25],"texture":"#0"},"west":{"uv":[5.75,12,5.625,13.25],"texture":"#0"},"up":{"uv":[13.125,11.375,13.25,11.25],"texture":"#0"},"down":{"uv":[13.125,11.375,13.25,11.5],"texture":"#0"}}},{"from":[12.35115,19.15224,2.025],"to":[16.35115,21.15224,8],"rotation":{"angle":45,"axis":"z","origin":[15.35115,20.15224,5]},"faces":{"north":{"uv":[12.25,2.875,12.75,3.125],"texture":"#0"},"east":{"uv":[11.5,3.125,12.25,3.375],"texture":"#0"},"south":{"uv":[12.25,3.125,12.75,3.375],"texture":"#0"},"west":{"uv":[11.5,6,12.25,6.25],"texture":"#0"},"up":{"uv":[5.125,11,4.625,10.25],"texture":"#0"},"down":{"uv":[7.125,10.25,6.625,11],"texture":"#0"}}},{"from":[-0.35115,19.15224,2.025],"to":[3.64885,21.15224,8],"rotation":{"angle":-45,"axis":"z","origin":[0.64885,20.15224,5]},"faces":{"north":{"uv":[12.75,2.875,12.25,3.125],"texture":"#0"},"east":{"uv":[12.25,6,11.5,6.25],"texture":"#0"},"south":{"uv":[12.75,3.125,12.25,3.375],"texture":"#0"},"west":{"uv":[12.25,3.125,11.5,3.375],"texture":"#0"},"up":{"uv":[4.625,11,5.125,10.25],"texture":"#0"},"down":{"uv":[6.625,10.25,7.125,11],"texture":"#0"}}},{"from":[12.35115,19.15224,10],"to":[16.35115,21.15224,15.975],"rotation":{"angle":45,"axis":"z","origin":[15.35115,20.15224,13]},"faces":{"north":{"uv":[12.25,3.5,12.75,3.75],"texture":"#0"},"east":{"uv":[11.5,8.375,12.25,8.625],"texture":"#0"},"south":{"uv":[12.25,3.75,12.75,4],"texture":"#0"},"west":{"uv":[11.5,8.625,12.25,8.875],"texture":"#0"},"up":{"uv":[2.625,11.125,2.125,10.375],"texture":"#0"},"down":{"uv":[3.875,10.375,3.375,11.125],"texture":"#0"}}},{"from":[-0.35115,19.15224,10],"to":[3.64885,21.15224,15.975],"rotation":{"angle":-45,"axis":"z","origin":[0.64885,20.15224,13]},"faces":{"north":{"uv":[12.75,3.5,12.25,3.75],"texture":"#0"},"east":{"uv":[12.25,8.625,11.5,8.875],"texture":"#0"},"south":{"uv":[12.75,3.75,12.25,4],"texture":"#0"},"west":{"uv":[12.25,8.375,11.5,8.625],"texture":"#0"},"up":{"uv":[2.125,11.125,2.625,10.375],"texture":"#0"},"down":{"uv":[3.375,10.375,3.875,11.125],"texture":"#0"}}},{"from":[14.2233,15.32991,12],"to":[15.2233,19.32991,15],"rotation":{"angle":-22.5,"axis":"z","origin":[14.7233,18.32991,13.5]},"faces":{"north":{"uv":[0.25,13,0.375,13.5],"texture":"#0"},"east":{"uv":[11.5,10.125,11.875,10.625],"texture":"#0"},"south":{"uv":[0.375,13,0.5,13.5],"texture":"#0"},"west":{"uv":[11.5,10.625,11.875,11.125],"texture":"#0"},"up":{"uv":[13.125,7.625,13,7.25],"texture":"#0"},"down":{"uv":[13.125,9.75,13,10.125],"texture":"#0"}}},{"from":[0.7767,15.32991,12],"to":[1.7767,19.32991,15],"rotation":{"angle":22.5,"axis":"z","origin":[1.2767,18.32991,13.5]},"faces":{"north":{"uv":[0.375,13,0.25,13.5],"texture":"#0"},"east":{"uv":[11.875,10.625,11.5,11.125],"texture":"#0"},"south":{"uv":[0.5,13,0.375,13.5],"texture":"#0"},"west":{"uv":[11.875,10.125,11.5,10.625],"texture":"#0"},"up":{"uv":[13,7.625,13.125,7.25],"texture":"#0"},"down":{"uv":[13,9.75,13.125,10.125],"texture":"#0"}}},{"from":[13.97868,6.92238,13],"to":[14.97868,17.92238,14],"rotation":{"angle":0,"axis":"y","origin":[14.47868,12.92238,13.5]},"faces":{"north":{"uv":[1.5,11.75,1.625,13.125],"texture":"#0"},"east":{"uv":[6.25,11.75,6.375,13.125],"texture":"#0"},"south":{"uv":[6.375,11.75,6.5,13.125],"texture":"#0"},"west":{"uv":[6.5,11.75,6.625,13.125],"texture":"#0"},"up":{"uv":[13.25,11.625,13.125,11.5],"texture":"#0"},"down":{"uv":[13.25,11.625,13.125,11.75],"texture":"#0"}}},{"from":[1.02132,6.92238,13],"to":[2.02132,17.92238,14],"rotation":{"angle":0,"axis":"y","origin":[1.52132,12.92238,13.5]},"faces":{"north":{"uv":[1.625,11.75,1.5,13.125],"texture":"#0"},"east":{"uv":[6.625,11.75,6.5,13.125],"texture":"#0"},"south":{"uv":[6.5,11.75,6.375,13.125],"texture":"#0"},"west":{"uv":[6.375,11.75,6.25,13.125],"texture":"#0"},"up":{"uv":[13.125,11.625,13.25,11.5],"texture":"#0"},"down":{"uv":[13.125,11.625,13.25,11.75],"texture":"#0"}}},{"from":[-8,0.025,-7],"to":[7,0.025,8],"rotation":{"angle":0,"axis":"y","origin":[7,0.025,-11]},"faces":{"north":{"uv":[0,0,1.875,0],"texture":"#0"},"east":{"uv":[0,0,1.875,0],"texture":"#0"},"south":{"uv":[0,0,1.875,0],"texture":"#0"},"west":{"uv":[0,0,1.875,0],"texture":"#0"},"up":{"uv":[5.75,1.875,3.875,0],"texture":"#0"},"down":{"uv":[5.75,1.875,3.875,3.75],"texture":"#0"}}},{"from":[-8,0.025,8],"to":[7,0.025,23],"rotation":{"angle":0,"axis":"y","origin":[7,0.025,4]},"faces":{"north":{"uv":[0,0,1.875,0],"texture":"#0"},"east":{"uv":[0,0,1.875,0],"texture":"#0"},"south":{"uv":[0,0,1.875,0],"texture":"#0"},"west":{"uv":[0,0,1.875,0],"texture":"#0"},"up":{"uv":[3.875,5.75,2,3.875],"texture":"#0"},"down":{"uv":[5.75,3.875,3.875,5.75],"texture":"#0"}}},{"from":[7,0.025,8],"to":[22,0.025,23],"rotation":{"angle":0,"axis":"y","origin":[21,0.025,4]},"faces":{"north":{"uv":[0,0,1.875,0],"texture":"#0"},"east":{"uv":[0,0,1.875,0],"texture":"#0"},"south":{"uv":[0,0,1.875,0],"texture":"#0"},"west":{"uv":[0,0,1.875,0],"texture":"#0"},"up":{"uv":[3.875,3.875,2,2],"texture":"#0"},"down":{"uv":[3.875,0,2,1.875],"texture":"#0"}}},{"from":[14,0.025,13],"to":[17,1.025,17],"rotation":{"angle":0,"axis":"y","origin":[21,1.025,4]},"faces":{"north":{"uv":[13,7.625,13.375,7.75],"texture":"#0"},"east":{"uv":[12.875,8.5,13.375,8.625],"texture":"#0"},"south":{"uv":[13,9,13.375,9.125],"texture":"#0"},"west":{"uv":[12.875,9.5,13.375,9.625],"texture":"#0"},"up":{"uv":[3.75,12.125,3.375,11.625],"texture":"#0"},"down":{"uv":[4.125,11.625,3.75,12.125],"texture":"#0"}}},{"from":[0,0.025,13],"to":[3,1.025,17],"rotation":{"angle":0,"axis":"y","origin":[7,1.025,4]},"faces":{"north":{"uv":[13,9.125,13.375,9.25],"texture":"#0"},"east":{"uv":[12.875,11,13.375,11.125],"texture":"#0"},"south":{"uv":[13,10.5,13.375,10.625],"texture":"#0"},"west":{"uv":[11.875,13,12.375,13.125],"texture":"#0"},"up":{"uv":[6.125,12.125,5.75,11.625],"texture":"#0"},"down":{"uv":[7.75,11.625,7.375,12.125],"texture":"#0"}}},{"from":[-1,0.025,1],"to":[3,1.025,5],"rotation":{"angle":0,"axis":"y","origin":[7,1.025,-8]},"faces":{"north":{"uv":[12.375,13,12.875,13.125],"texture":"#0"},"east":{"uv":[13,13,13.5,13.125],"texture":"#0"},"south":{"uv":[13,0,13.5,0.125],"texture":"#0"},"west":{"uv":[13,0.125,13.5,0.25],"texture":"#0"},"up":{"uv":[7.875,11.625,7.375,11.125],"texture":"#0"},"down":{"uv":[8.375,11.125,7.875,11.625],"texture":"#0"}}},{"from":[7,0.025,-7],"to":[22,0.025,8],"rotation":{"angle":0,"axis":"y","origin":[21,0.025,-11]},"faces":{"north":{"uv":[0,0,1.875,0],"texture":"#0"},"east":{"uv":[0,0,1.875,0],"texture":"#0"},"south":{"uv":[0,0,1.875,0],"texture":"#0"},"west":{"uv":[0,0,1.875,0],"texture":"#0"},"up":{"uv":[1.875,5.875,0,4],"texture":"#0"},"down":{"uv":[3.75,5.75,1.875,7.625],"texture":"#0"}}},{"from":[9,7,2],"to":[9,11,4],"rotation":{"angle":45,"axis":"y","origin":[16,1,13]},"faces":{"north":{"uv":[0,0,0,0.5],"texture":"#0"},"east":{"uv":[12.25,6.375,12.5,6.875],"texture":"#0"},"south":{"uv":[0,0,0,0.5],"texture":"#0"},"west":{"uv":[12.25,7.125,12.5,7.625],"texture":"#0"},"up":{"uv":[0,0.25,0,0],"texture":"#0"},"down":{"uv":[0,0,0,0.25],"texture":"#0"}}},{"from":[11,7,2],"to":[11,9,4],"rotation":{"angle":45,"axis":"y","origin":[16,1,13]},"faces":{"north":{"uv":[0,0,0,0.25],"texture":"#0"},"east":{"uv":[12.875,10.75,13.125,11],"texture":"#0"},"south":{"uv":[0,0,0,0.25],"texture":"#0"},"west":{"uv":[12.875,12,13.125,12.25],"texture":"#0"},"up":{"uv":[0,0.25,0,0],"texture":"#0"},"down":{"uv":[0,0,0,0.25],"texture":"#0"}}},{"from":[9,9,2],"to":[11,9,4],"rotation":{"angle":45,"axis":"y","origin":[16,1,13]},"faces":{"north":{"uv":[0,0,0.25,0],"texture":"#0"},"east":{"uv":[0,0,0.25,0],"texture":"#0"},"south":{"uv":[0,0,0.25,0],"texture":"#0"},"west":{"uv":[0,0,0.25,0],"texture":"#0"},"up":{"uv":[1.125,13.25,0.875,13],"texture":"#0"},"down":{"uv":[1.875,13,1.625,13.25],"texture":"#0"}}},{"from":[3,9,3],"to":[6,9,6],"rotation":{"angle":-45,"axis":"y","origin":[3,8,5]},"faces":{"north":{"uv":[0,0,0.375,0],"texture":"#0"},"east":{"uv":[0,0,0.375,0],"texture":"#0"},"south":{"uv":[0,0,0.375,0],"texture":"#0"},"west":{"uv":[0,0,0.375,0],"texture":"#0"},"up":{"uv":[9.5,7.125,9.125,6.75],"texture":"#0"},"down":{"uv":[9.625,1.75,9.25,2.125],"texture":"#0"}}},{"from":[3.91421,7.001,4.08579],"to":[4.91421,9.001,4.08579],"rotation":{"angle":0,"axis":"y","origin":[4.41421,8.0005,5.70711]},"faces":{"north":{"uv":[12.75,13.125,12.875,13.375],"texture":"#0"},"east":{"uv":[0,0,0,0.25],"texture":"#0"},"south":{"uv":[13.125,1.125,13.25,1.375],"texture":"#0"},"west":{"uv":[0,0,0,0.25],"texture":"#0"},"up":{"uv":[0.125,0,0,0],"texture":"#0"},"down":{"uv":[0.125,0,0,0],"texture":"#0"}}},{"from":[2.79289,7.001,5.20711],"to":[2.79289,9.001,6.20711],"rotation":{"angle":0,"axis":"y","origin":[4.41421,8.0005,5.70711]},"faces":{"north":{"uv":[0,0,0,0.25],"texture":"#0"},"east":{"uv":[13.125,3.625,13.25,3.875],"texture":"#0"},"south":{"uv":[0,0,0,0.25],"texture":"#0"},"west":{"uv":[13.125,4.75,13.25,5],"texture":"#0"},"up":{"uv":[0,0.125,0,0],"texture":"#0"},"down":{"uv":[0,0,0,0.125],"texture":"#0"}}},{"from":[3.91421,7,7.32843],"to":[4.91421,9,7.32843],"rotation":{"angle":0,"axis":"y","origin":[4.41421,8.0005,5.70711]},"faces":{"north":{"uv":[13.125,1.5,13.25,1.75],"texture":"#0"},"east":{"uv":[0,0,0,0.25],"texture":"#0"},"south":{"uv":[13.125,1.75,13.25,2],"texture":"#0"},"west":{"uv":[0,0,0,0.25],"texture":"#0"},"up":{"uv":[0.125,0,0,0],"texture":"#0"},"down":{"uv":[0.125,0,0,0],"texture":"#0"}}},{"from":[6.03553,7,5.20711],"to":[6.03553,9,6.20711],"rotation":{"angle":0,"axis":"y","origin":[4.41421,8.0005,5.70711]},"faces":{"north":{"uv":[0,0,0,0.25],"texture":"#0"},"east":{"uv":[13.125,2.25,13.25,2.5],"texture":"#0"},"south":{"uv":[0,0,0,0.25],"texture":"#0"},"west":{"uv":[13.125,3.375,13.25,3.625],"texture":"#0"},"up":{"uv":[0,0.125,0,0],"texture":"#0"},"down":{"uv":[0,0,0,0.125],"texture":"#0"}}},{"from":[7,7,9],"to":[13,8,13],"rotation":{"angle":0,"axis":"y","origin":[7,7,12]},"faces":{"north":{"uv":[12.375,5.625,13.125,5.75],"texture":"#0"},"east":{"uv":[12.75,3.875,13.25,4],"texture":"#0"},"south":{"uv":[12.5,8.125,13.25,8.25],"texture":"#0"},"west":{"uv":[12.875,8,13.375,8.125],"texture":"#0"},"up":{"uv":[7.5,6.75,6.75,6.25],"texture":"#0"},"down":{"uv":[11.25,4.5,10.5,5],"texture":"#0"}}},{"from":[10.5,8.5,9.5],"to":[12.5,8.5,12.5],"rotation":{"angle":0,"axis":"y","origin":[6.5,8.5,11.5]},"faces":{"north":{"uv":[0,0,0.25,0],"texture":"#0"},"east":{"uv":[0,0,0.375,0],"texture":"#0"},"south":{"uv":[0,0,0.25,0],"texture":"#0"},"west":{"uv":[0,0,0.375,0],"texture":"#0"},"up":{"uv":[1.125,13,0.875,12.625],"texture":"#0"},"down":{"uv":[3.625,12.625,3.375,13],"texture":"#0"}}},{"from":[0,8,0.25],"to":[2,11,1.25],"rotation":{"angle":0,"axis":"y","origin":[0,10,0.25]},"faces":{"north":{"uv":[3.625,12.625,3.875,13],"texture":"#0"},"east":{"uv":[5.125,13.125,5.25,13.5],"texture":"#0"},"south":{"uv":[3.875,12.625,4.125,13],"texture":"#0"},"west":{"uv":[5.25,13.125,5.375,13.5],"texture":"#0"},"up":{"uv":[13.375,5.125,13.125,5],"texture":"#0"},"down":{"uv":[13.375,5.375,13.125,5.5],"texture":"#0"}}},{"from":[-0.5,7.975,0.25],"to":[2.5,7.975,1.25],"rotation":{"angle":0,"axis":"y","origin":[-0.5,9.975,0.25]},"faces":{"north":{"uv":[0,0,0.375,0],"texture":"#0"},"east":{"uv":[0,0,0.125,0],"texture":"#0"},"south":{"uv":[0,0,0.375,0],"texture":"#0"},"west":{"uv":[0,0,0.125,0],"texture":"#0"},"up":{"uv":[13.375,5.25,13,5.125],"texture":"#0"},"down":{"uv":[13.375,5.25,13,5.375],"texture":"#0"}}},{"from":[2,11.43921,-0.275],"to":[4,12.43921,1.725],"rotation":{"angle":-45,"axis":"z","origin":[1,13.43921,-0.25]},"faces":{"north":{"uv":[13.125,5.5,13.375,5.625],"texture":"#0"},"east":{"uv":[13.125,5.625,13.375,5.75],"texture":"#0"},"south":{"uv":[13.125,5.75,13.375,5.875],"texture":"#0"},"west":{"uv":[13.125,5.875,13.375,6],"texture":"#0"},"up":{"uv":[3.625,13.25,3.375,13],"texture":"#0"},"down":{"uv":[3.875,13,3.625,13.25],"texture":"#0"}}},{"from":[-2,11.41421,-0.25],"to":[0,12.41421,1.75],"rotation":{"angle":45,"axis":"z","origin":[1,13.41421,-0.25]},"faces":{"north":{"uv":[13.125,6,13.375,6.125],"texture":"#0"},"east":{"uv":[13.125,6.125,13.375,6.25],"texture":"#0"},"south":{"uv":[13.125,6.25,13.375,6.375],"texture":"#0"},"west":{"uv":[13.125,6.375,13.375,6.5],"texture":"#0"},"up":{"uv":[4.125,13.25,3.875,13],"texture":"#0"},"down":{"uv":[8,13,7.75,13.25],"texture":"#0"}}},{"from":[-2,10.91421,0],"to":[-1,11.91421,0],"rotation":{"angle":45,"axis":"z","origin":[1,13.91421,0]},"faces":{"north":{"uv":[4.75,13.25,4.875,13.375],"texture":"#0"},"east":{"uv":[0,0,0,0.125],"texture":"#0"},"south":{"uv":[4.875,13.25,5,13.375],"texture":"#0"},"west":{"uv":[0,0,0,0.125],"texture":"#0"},"up":{"uv":[0.125,0,0,0],"texture":"#0"},"down":{"uv":[0.125,0,0,0],"texture":"#0"}}},{"from":[9.075,3,-2.25],"to":[12.075,5,-2.25],"rotation":{"angle":-22.5,"axis":"y","origin":[10.075,3,-2.25]},"faces":{"north":{"uv":[12.5,11.75,12.875,12],"texture":"#0"},"east":{"uv":[0,0,0,0.25],"texture":"#0"},"south":{"uv":[5.125,12.625,5.5,12.875],"texture":"#0"},"west":{"uv":[0,0,0,0.25],"texture":"#0"},"up":{"uv":[0.375,0,0,0],"texture":"#0"},"down":{"uv":[0.375,0,0,0],"texture":"#0"}}},{"from":[10.075,2,-2.25],"to":[11.075,3,-2.25],"rotation":{"angle":-22.5,"axis":"y","origin":[10.075,2,-2.25]},"faces":{"north":{"uv":[2.125,13.25,2.25,13.375],"texture":"#0"},"east":{"uv":[0,0,0,0.125],"texture":"#0"},"south":{"uv":[2.25,13.25,2.375,13.375],"texture":"#0"},"west":{"uv":[0,0,0,0.125],"texture":"#0"},"up":{"uv":[0.125,0,0,0],"texture":"#0"},"down":{"uv":[0.125,0,0,0],"texture":"#0"}}},{"from":[11.99888,3.75,-1.86732],"to":[12.99888,4.75,-1.86732],"rotation":{"angle":-22.5,"axis":"y","origin":[10.99888,3.75,-1.86732]},"faces":{"north":{"uv":[0.875,13.25,1,13.375],"texture":"#0"},"east":{"uv":[0,0,0,0.125],"texture":"#0"},"south":{"uv":[1,13.25,1.125,13.375],"texture":"#0"},"west":{"uv":[0,0,0,0.125],"texture":"#0"},"up":{"uv":[0.125,0,0,0],"texture":"#0"},"down":{"uv":[0.125,0,0,0],"texture":"#0"}}},{"from":[8.30298,3.75,-3.39713],"to":[9.30298,4.75,-3.39713],"rotation":{"angle":-22.5,"axis":"y","origin":[7.30298,3.75,-3.39713]},"faces":{"north":{"uv":[1.625,13.25,1.75,13.375],"texture":"#0"},"east":{"uv":[0,0,0,0.125],"texture":"#0"},"south":{"uv":[1.75,13.25,1.875,13.375],"texture":"#0"},"west":{"uv":[0,0,0,0.125],"texture":"#0"},"up":{"uv":[0.125,0,0,0],"texture":"#0"},"down":{"uv":[0.125,0,0,0],"texture":"#0"}}},{"from":[15.76537,20.15224,8.5],"to":[18.76537,21.15224,9.5],"rotation":{"angle":-22.5,"axis":"z","origin":[15.76537,20.15224,8.5]},"faces":{"north":{"uv":[13,10.625,13.375,10.75],"texture":"#0"},"east":{"uv":[2.375,13.25,2.5,13.375],"texture":"#0"},"south":{"uv":[13,12.75,13.375,12.875],"texture":"#0"},"west":{"uv":[2.875,13.25,3,13.375],"texture":"#0"},"up":{"uv":[13.375,13,13,12.875],"texture":"#0"},"down":{"uv":[6.625,13.125,6.25,13.25],"texture":"#0"}}},{"from":[18.53701,19.00419,8.525],"to":[20.53701,20.00419,9.475],"rotation":{"angle":0,"axis":"y","origin":[15.53701,20.00419,8.5]},"faces":{"north":{"uv":[13.125,6.5,13.375,6.625],"texture":"#0"},"east":{"uv":[3,13.25,3.125,13.375],"texture":"#0"},"south":{"uv":[13.125,6.625,13.375,6.75],"texture":"#0"},"west":{"uv":[3.125,13.25,3.25,13.375],"texture":"#0"},"up":{"uv":[13.375,6.875,13.125,6.75],"texture":"#0"},"down":{"uv":[13.375,6.875,13.125,7],"texture":"#0"}}},{"from":[19.53701,16.00419,8.525],"to":[19.53701,19.00419,9.475],"rotation":{"angle":0,"axis":"y","origin":[15.53701,19.00419,8.5]},"faces":{"north":{"uv":[0,0,0,0.375],"texture":"#0"},"east":{"uv":[6,13.125,6.125,13.5],"texture":"#0"},"south":{"uv":[0,0,0,0.375],"texture":"#0"},"west":{"uv":[7.625,13.125,7.75,13.5],"texture":"#0"},"up":{"uv":[0,0.125,0,0],"texture":"#0"},"down":{"uv":[0,0,0,0.125],"texture":"#0"}}},{"from":[19.03701,15.00419,8.525],"to":[20.03701,16.00419,9.475],"rotation":{"angle":0,"axis":"y","origin":[15.03701,16.00419,8.5]},"faces":{"north":{"uv":[3.25,13.25,3.375,13.375],"texture":"#0"},"east":{"uv":[3.375,13.25,3.5,13.375],"texture":"#0"},"south":{"uv":[3.5,13.25,3.625,13.375],"texture":"#0"},"west":{"uv":[3.625,13.25,3.75,13.375],"texture":"#0"},"up":{"uv":[3.875,13.375,3.75,13.25],"texture":"#0"},"down":{"uv":[4,13.25,3.875,13.375],"texture":"#0"}}},{"from":[19.03701,12.50519,8.525],"to":[20.03701,14.50519,9.475],"rotation":{"angle":0,"axis":"y","origin":[15.03701,13.50519,8.5]},"faces":{"north":{"uv":[13.125,7.75,13.25,8],"texture":"#0"},"east":{"uv":[13.125,8.25,13.25,8.5],"texture":"#0"},"south":{"uv":[13.125,8.625,13.25,8.875],"texture":"#0"},"west":{"uv":[13.125,9.25,13.25,9.5],"texture":"#0"},"up":{"uv":[4.125,13.375,4,13.25],"texture":"#0"},"down":{"uv":[4.75,13.25,4.625,13.375],"texture":"#0"}}},{"from":[18.53701,14.50419,8.025],"to":[20.53701,15.50419,9.975],"rotation":{"angle":0,"axis":"y","origin":[14.53701,15.50419,8]},"faces":{"north":{"uv":[13.125,7,13.375,7.125],"texture":"#0"},"east":{"uv":[13.125,7.125,13.375,7.25],"texture":"#0"},"south":{"uv":[13.125,7.25,13.375,7.375],"texture":"#0"},"west":{"uv":[13.125,7.375,13.375,7.5],"texture":"#0"},"up":{"uv":[8.25,13.25,8,13],"texture":"#0"},"down":{"uv":[8.75,13,8.5,13.25],"texture":"#0"}}},{"from":[18.53701,12.50419,8.025],"to":[20.53701,12.50419,9.975],"rotation":{"angle":0,"axis":"y","origin":[14.53701,12.50419,8]},"faces":{"north":{"uv":[0,0,0.25,0],"texture":"#0"},"east":{"uv":[0,0,0.25,0],"texture":"#0"},"south":{"uv":[0,0,0.25,0],"texture":"#0"},"west":{"uv":[0,0,0.25,0],"texture":"#0"},"up":{"uv":[10.125,13.25,9.875,13],"texture":"#0"},"down":{"uv":[13.25,2.875,13,3.125],"texture":"#0"}}}],"gui_light":"front"}