{"display":{"thirdperson_righthand":{"rotation":[54,0,0],"translation":[0,2.75,3],"scale":[0.34,0.3,0.3]},"thirdperson_lefthand":{"rotation":[54,0,0],"translation":[0,2.75,3],"scale":[0.3,0.3,0.3]},"firstperson_righthand":{"rotation":[0,172,0],"translation":[0,2.25,-2.5],"scale":[0.4,0.4,0.4]},"firstperson_lefthand":{"rotation":[0,172,0],"translation":[0,2.25,-2.5],"scale":[0.4,0.4,0.4]},"ground":{"translation":[-1,0,0.25],"scale":[0.2,0.2,0.2]},"gui":{"rotation":[90,-180,0],"translation":[1,0.5,0],"scale":[0.5,0.5,0.5]},"head":{"translation":[-4,-27.25,1.75],"scale":[2,2,2]},"fixed":{"rotation":[-90,0,0],"translation":[-2,0.75,-10],"scale":[1.25,1.25,1.25]}},"texture_size":[64,64],"textures":{"1":"furniture/penguin_rug","particle":"furniture/penguin_rug"},"elements":[{"from":[24,0,4],"to":[25,1,12],"faces":{"north":{"uv":[8.5,8.25,8.75,8.5],"texture":"#1"},"east":{"uv":[2,0,4,0.25],"texture":"#1"},"south":{"uv":[8.75,8.25,9,8.5],"texture":"#1"},"west":{"uv":[2,0.25,4,0.5],"texture":"#1"},"up":{"uv":[9.25,11,9,9],"texture":"#1"},"down":{"uv":[9.5,9.25,9.25,11.25],"texture":"#1"}}},{"from":[-5,0,4],"to":[-4,1,12],"rotation":{"angle":0,"axis":"y","origin":[16,0,0]},"faces":{"north":{"uv":[9.5,8.25,9.75,8.5],"texture":"#1"},"east":{"uv":[2,1,4,1.25],"texture":"#1"},"south":{"uv":[9.5,8.75,9.75,9],"texture":"#1"},"west":{"uv":[2,1.25,4,1.5],"texture":"#1"},"up":{"uv":[2.25,11.5,2,9.5],"texture":"#1"},"down":{"uv":[2.5,9.5,2.25,11.5],"texture":"#1"}}},{"from":[23,0,2],"to":[24,1,14],"faces":{"north":{"uv":[9,8.25,9.25,8.5],"texture":"#1"},"east":{"uv":[7.5,7.25,10.5,7.5],"texture":"#1"},"south":{"uv":[9,8.75,9.25,9],"texture":"#1"},"west":{"uv":[8,8,11,8.25],"texture":"#1"},"up":{"uv":[8.25,11.25,8,8.25],"texture":"#1"},"down":{"uv":[8.5,8.25,8.25,11.25],"texture":"#1"}}},{"from":[-4,0,2],"to":[-3,1,14],"rotation":{"angle":0,"axis":"y","origin":[16,0,0]},"faces":{"north":{"uv":[9.5,9,9.75,9.25],"texture":"#1"},"east":{"uv":[8,7.75,11,8],"texture":"#1"},"south":{"uv":[9.5,9.25,9.75,9.5],"texture":"#1"},"west":{"uv":[8.5,8.5,11.5,8.75],"texture":"#1"},"up":{"uv":[8.75,11.75,8.5,8.75],"texture":"#1"},"down":{"uv":[9,8.75,8.75,11.75],"texture":"#1"}}},{"from":[22,0,0],"to":[23,1,16],"faces":{"north":{"uv":[9.25,8.25,9.5,8.5],"texture":"#1"},"east":{"uv":[7,6.5,11,6.75],"texture":"#1"},"south":{"uv":[9.25,8.75,9.5,9],"texture":"#1"},"west":{"uv":[7,6.75,11,7],"texture":"#1"},"up":{"uv":[4.25,4,4,0],"texture":"#1"},"down":{"uv":[4.5,0,4.25,4],"texture":"#1"}}},{"from":[-3,0,0],"to":[-2,1,16],"rotation":{"angle":0,"axis":"y","origin":[16,0,0]},"faces":{"north":{"uv":[2.5,9.75,2.75,10],"texture":"#1"},"east":{"uv":[7.5,7.5,11.5,7.75],"texture":"#1"},"south":{"uv":[2.75,9.75,3,10],"texture":"#1"},"west":{"uv":[7.5,7,11.5,7.25],"texture":"#1"},"up":{"uv":[7.75,11.75,7.5,7.75],"texture":"#1"},"down":{"uv":[8,7.75,7.75,11.75],"texture":"#1"}}},{"from":[21,0,-1],"to":[22,1,17],"faces":{"north":{"uv":[9.25,9,9.5,9.25],"texture":"#1"},"east":{"uv":[7,5.5,11.5,5.75],"texture":"#1"},"south":{"uv":[2.5,9.5,2.75,9.75],"texture":"#1"},"west":{"uv":[7,5.75,11.5,6],"texture":"#1"},"up":{"uv":[4.75,4.5,4.5,0],"texture":"#1"},"down":{"uv":[5,0,4.75,4.5],"texture":"#1"}}},{"from":[-2,0,-1],"to":[-1,1,17],"rotation":{"angle":0,"axis":"y","origin":[16,0,0]},"faces":{"north":{"uv":[3,9.75,3.25,10],"texture":"#1"},"east":{"uv":[7,6,11.5,6.25],"texture":"#1"},"south":{"uv":[3.25,9.75,3.5,10],"texture":"#1"},"west":{"uv":[7,6.25,11.5,6.5],"texture":"#1"},"up":{"uv":[1.75,12,1.5,7.5],"texture":"#1"},"down":{"uv":[2,7.5,1.75,12],"texture":"#1"}}},{"from":[19,0,-3],"to":[20,1,19],"faces":{"north":{"uv":[3.75,9.5,4,9.75],"texture":"#1"},"east":{"uv":[7,3.5,12.5,3.75],"texture":"#1"},"south":{"uv":[9.5,9.5,9.75,9.75],"texture":"#1"},"west":{"uv":[7,3.75,12.5,4],"texture":"#1"},"up":{"uv":[5.75,5.5,5.5,0],"texture":"#1"},"down":{"uv":[6,0,5.75,5.5],"texture":"#1"}}},{"from":[0,0,-3],"to":[1,1,19],"rotation":{"angle":0,"axis":"y","origin":[16,0,0]},"faces":{"north":{"uv":[9.75,8.25,10,8.5],"texture":"#1"},"east":{"uv":[7,4,12.5,4.25],"texture":"#1"},"south":{"uv":[9.75,8.75,10,9],"texture":"#1"},"west":{"uv":[7,4.25,12.5,4.5],"texture":"#1"},"up":{"uv":[0.75,13,0.5,7.5],"texture":"#1"},"down":{"uv":[1,7.5,0.75,13],"texture":"#1"}}},{"from":[20,0,-2],"to":[21,1,18],"faces":{"north":{"uv":[2.75,9.5,3,9.75],"texture":"#1"},"east":{"uv":[7,4.5,12,4.75],"texture":"#1"},"south":{"uv":[3,9.5,3.25,9.75],"texture":"#1"},"west":{"uv":[7,4.75,12,5],"texture":"#1"},"up":{"uv":[5.25,5,5,0],"texture":"#1"},"down":{"uv":[5.5,0,5.25,5],"texture":"#1"}}},{"from":[-1,0,-2],"to":[0,1,18],"rotation":{"angle":0,"axis":"y","origin":[16,0,0]},"faces":{"north":{"uv":[3.5,9.75,3.75,10],"texture":"#1"},"east":{"uv":[7,5,12,5.25],"texture":"#1"},"south":{"uv":[3.75,9.75,4,10],"texture":"#1"},"west":{"uv":[7,5.25,12,5.5],"texture":"#1"},"up":{"uv":[1.25,12.5,1,7.5],"texture":"#1"},"down":{"uv":[1.5,7.5,1.25,12.5],"texture":"#1"}}},{"from":[18,0,-4],"to":[19,1,20],"faces":{"north":{"uv":[3.25,9.5,3.5,9.75],"texture":"#1"},"east":{"uv":[7,2.5,13,2.75],"texture":"#1"},"south":{"uv":[3.5,9.5,3.75,9.75],"texture":"#1"},"west":{"uv":[7,2.75,13,3],"texture":"#1"},"up":{"uv":[6.25,6,6,0],"texture":"#1"},"down":{"uv":[6.5,0,6.25,6],"texture":"#1"}}},{"from":[1,0,-4],"to":[2,1,20],"rotation":{"angle":0,"axis":"y","origin":[16,0,0]},"faces":{"north":{"uv":[9.5,9.75,9.75,10],"texture":"#1"},"east":{"uv":[7,3,13,3.25],"texture":"#1"},"south":{"uv":[9.75,9.75,10,10],"texture":"#1"},"west":{"uv":[7,3.25,13,3.5],"texture":"#1"},"up":{"uv":[0.25,13.5,0,7.5],"texture":"#1"},"down":{"uv":[0.5,7.5,0.25,13.5],"texture":"#1"}}},{"from":[16,0,-5],"to":[18,1,21],"faces":{"north":{"uv":[2,1.5,2.5,1.75],"texture":"#1"},"east":{"uv":[7,1.5,13.5,1.75],"texture":"#1"},"south":{"uv":[2,1.75,2.5,2],"texture":"#1"},"west":{"uv":[7,1.75,13.5,2],"texture":"#1"},"up":{"uv":[6.5,12.5,6,6],"texture":"#1"},"down":{"uv":[7,6.5,6.5,13],"texture":"#1"}}},{"from":[2,0,-5],"to":[4,1,21],"rotation":{"angle":0,"axis":"y","origin":[16,0,0]},"faces":{"north":{"uv":[3,1.5,3.5,1.75],"texture":"#1"},"east":{"uv":[7,2,13.5,2.25],"texture":"#1"},"south":{"uv":[3,1.75,3.5,2],"texture":"#1"},"west":{"uv":[7,2.25,13.5,2.5],"texture":"#1"},"up":{"uv":[7,6.5,6.5,0],"texture":"#1"},"down":{"uv":[7.5,7,7,13.5],"texture":"#1"}}},{"from":[14,0,-6],"to":[16,1,22],"faces":{"north":{"uv":[2.5,1.5,3,1.75],"texture":"#1"},"east":{"uv":[7,0.5,14,0.75],"texture":"#1"},"south":{"uv":[2.5,1.75,3,2],"texture":"#1"},"west":{"uv":[7,0.75,14,1],"texture":"#1"},"up":{"uv":[4.5,11,4,4],"texture":"#1"},"down":{"uv":[5,4.5,4.5,11.5],"texture":"#1"}}},{"from":[4,0,-6],"to":[6,1,22],"rotation":{"angle":0,"axis":"y","origin":[16,0,0]},"faces":{"north":{"uv":[3.5,1.5,4,1.75],"texture":"#1"},"east":{"uv":[7,1,14,1.25],"texture":"#1"},"south":{"uv":[3.5,1.75,4,2],"texture":"#1"},"west":{"uv":[7,1.25,14,1.5],"texture":"#1"},"up":{"uv":[5.5,12,5,5],"texture":"#1"},"down":{"uv":[6,5.5,5.5,12.5],"texture":"#1"}}},{"from":[6,0,-7],"to":[14,1,23],"faces":{"north":{"uv":[2,0.5,4,0.75],"texture":"#1"},"east":{"uv":[7,0,14.5,0.25],"texture":"#1"},"south":{"uv":[2,0.75,4,1],"texture":"#1"},"west":{"uv":[7,0.25,14.5,0.5],"texture":"#1"},"up":{"uv":[2,7.5,0,0],"texture":"#1"},"down":{"uv":[4,2,2,9.5],"texture":"#1"}}},{"from":[6,0,-8],"to":[14,1,-7],"faces":{"north":{"uv":[14,14,16,14.25],"texture":"#1"},"east":{"uv":[15.75,6,16,6.25],"texture":"#1"},"south":{"uv":[0,0,2,0.25],"texture":"#1"},"west":{"uv":[15.75,4.25,16,4.5],"texture":"#1"},"up":{"uv":[14,15.75,16,16],"texture":"#1"},"down":{"uv":[14,12.25,16,12.5],"texture":"#1"}}},{"from":[11,0,-9],"to":[13,1,-8],"faces":{"north":{"uv":[0,14.5,0.5,14.75],"texture":"#1"},"east":{"uv":[4,14,4.25,14.25],"texture":"#1"},"south":{"uv":[0,0,0.5,0.25],"texture":"#1"},"west":{"uv":[7.25,14.25,7.5,14.5],"texture":"#1"},"up":{"uv":[0,15.75,0.5,16],"texture":"#1"},"down":{"uv":[8.75,13.5,9.25,13.75],"texture":"#1"}}},{"from":[7,0,-9],"to":[9,1,-8],"faces":{"north":{"uv":[0,14.5,0.5,14.75],"texture":"#1"},"east":{"uv":[4,14,4.25,14.25],"texture":"#1"},"south":{"uv":[0,0,0.5,0.25],"texture":"#1"},"west":{"uv":[7.25,14.25,7.5,14.5],"texture":"#1"},"up":{"uv":[0,15.75,0.5,16],"texture":"#1"},"down":{"uv":[8.75,13.5,9.25,13.75],"texture":"#1"}}}],"gui_light":"front"}