{"display":{"thirdperson_righthand":{"rotation":[75,45,0],"translation":[0,2.5,0],"scale":[0.375,0.375,0.375]},"thirdperson_lefthand":{"rotation":[75,45,0],"translation":[0,2.5,0],"scale":[0.375,0.375,0.375]},"firstperson_righthand":{"rotation":[0,-11,0],"translation":[0.75,2,0],"scale":[0.4,0.4,0.4]},"firstperson_lefthand":{"rotation":[0,-11,0],"translation":[0.75,2,0],"scale":[0.4,0.4,0.4]},"ground":{"translation":[0,3,0],"scale":[0.25,0.25,0.25]},"gui":{"rotation":[30,225,0],"translation":[0,1.25,0],"scale":[0.625,0.625,0.625]},"head":{"translation":[0,-30.5,0],"scale":[1.7,1.7,1.7]},"fixed":{"translation":[0,1.25,0],"scale":[0.5,0.5,0.5]}},"texture_size":[64,64],"textures":{"0":"furniture/piano_bench","particle":"furniture/piano_bench"},"elements":[{"from":[14,0,3],"to":[16,8,5],"faces":{"north":{"uv":[4.5,6.25,5,8.25],"texture":"#0"},"east":{"uv":[4,6.25,4.5,8.25],"texture":"#0"},"south":{"uv":[5.5,6.25,6,8.25],"texture":"#0"},"west":{"uv":[5,6.25,5.5,8.25],"texture":"#0"},"up":{"uv":[5,6.25,4.5,5.75],"texture":"#0"},"down":{"uv":[5.5,5.75,5,6.25],"texture":"#0"}}},{"from":[-1,8,3],"to":[17,9,13],"rotation":{"angle":0,"axis":"y","origin":[-1,0,0]},"faces":{"north":{"uv":[2.5,2.5,7,2.75],"texture":"#0"},"east":{"uv":[0,2.5,2.5,2.75],"texture":"#0"},"south":{"uv":[9.5,2.5,14,2.75],"texture":"#0"},"west":{"uv":[7,2.5,9.5,2.75],"texture":"#0"},"up":{"uv":[7,2.5,2.5,0],"texture":"#0"},"down":{"uv":[11.5,0,7,2.5],"texture":"#0"}}},{"from":[0.5,5,3.5],"to":[15.5,8,12.5],"rotation":{"angle":0,"axis":"y","origin":[-1.5,0,0]},"faces":{"north":{"uv":[2.25,5,6,5.75],"texture":"#0"},"east":{"uv":[0,5,2.25,5.75],"texture":"#0"},"south":{"uv":[8.25,5,12,5.75],"texture":"#0"},"west":{"uv":[6,5,8.25,5.75],"texture":"#0"},"up":{"uv":[6,5,2.25,2.75],"texture":"#0"},"down":{"uv":[9.75,2.75,6,5],"texture":"#0"}}},{"from":[0,0,3],"to":[2,8,5],"rotation":{"angle":0,"axis":"y","origin":[16,0,0]},"faces":{"north":{"uv":[2.5,6.25,3,8.25],"texture":"#0"},"east":{"uv":[2,6.25,2.5,8.25],"texture":"#0"},"south":{"uv":[3.5,6.25,4,8.25],"texture":"#0"},"west":{"uv":[3,6.25,3.5,8.25],"texture":"#0"},"up":{"uv":[3,6.25,2.5,5.75],"texture":"#0"},"down":{"uv":[3.5,5.75,3,6.25],"texture":"#0"}}},{"from":[0,0,11],"to":[2,8,13],"rotation":{"angle":0,"axis":"y","origin":[16,0,0]},"faces":{"north":{"uv":[0.5,6.25,1,8.25],"texture":"#0"},"east":{"uv":[0,6.25,0.5,8.25],"texture":"#0"},"south":{"uv":[1.5,6.25,2,8.25],"texture":"#0"},"west":{"uv":[1,6.25,1.5,8.25],"texture":"#0"},"up":{"uv":[1,6.25,0.5,5.75],"texture":"#0"},"down":{"uv":[1.5,5.75,1,6.25],"texture":"#0"}}},{"from":[14,0,11],"to":[16,8,13],"faces":{"north":{"uv":[0.5,0.5,1,2.5],"texture":"#0"},"east":{"uv":[0,0.5,0.5,2.5],"texture":"#0"},"south":{"uv":[1.5,0.5,2,2.5],"texture":"#0"},"west":{"uv":[1,0.5,1.5,2.5],"texture":"#0"},"up":{"uv":[1,0.5,0.5,0],"texture":"#0"},"down":{"uv":[1.5,0,1,0.5],"texture":"#0"}}}]}