{"display":{"firstperson_righthand":{"scale":[0.6,0.6,0.6]},"gui":{"rotation":[-21,-25,0],"translation":[0,-0.5,0],"scale":[0.8,0.8,0.8]},"head":{"translation":[0,-33.75,0],"scale":[1.2,1.2,1.2]}},"texture_size":[64,64],"textures":{"0":"furniture/traditional_lamp"},"elements":[{"from":[5,0,5],"to":[11,1,11],"rotation":{"angle":0,"axis":"y","origin":[8,0,8]},"faces":{"north":{"uv":[6,6,7.5,6.25],"texture":"#0"},"east":{"uv":[4.5,6,6,6.25],"texture":"#0"},"south":{"uv":[9,6,10.5,6.25],"texture":"#0"},"west":{"uv":[7.5,6,9,6.25],"texture":"#0"},"up":{"uv":[7.5,6,6,4.5],"texture":"#0"},"down":{"uv":[9,4.5,7.5,6],"texture":"#0"}}},{"from":[7.5,1,7.5],"to":[8.5,10,8.5],"rotation":{"angle":0,"axis":"y","origin":[7.5,0,7.5]},"faces":{"north":{"uv":[4.75,2.5,5,4.75],"texture":"#0"},"east":{"uv":[4.5,2.5,4.75,4.75],"texture":"#0"},"south":{"uv":[5.25,2.5,5.5,4.75],"texture":"#0"},"west":{"uv":[5,2.5,5.25,4.75],"texture":"#0"},"up":{"uv":[5,2.5,4.75,2.25],"texture":"#0"},"down":{"uv":[5.25,2.25,5,2.5],"texture":"#0"}}},{"from":[7,10,7],"to":[9,14,9],"rotation":{"angle":0,"axis":"y","origin":[8,10,8]},"faces":{"north":{"uv":[0.5,0.5,1,1.5],"texture":"#0"},"east":{"uv":[0,0.5,0.5,1.5],"texture":"#0"},"south":{"uv":[1.5,0.5,2,1.5],"texture":"#0"},"west":{"uv":[1,0.5,1.5,1.5],"texture":"#0"},"up":{"uv":[1,0.5,0.5,0],"texture":"#0"},"down":{"uv":[1.5,0,1,0.5],"texture":"#0"}}},{"from":[8.5,10.25,7.5],"to":[8.5,17,8.5],"rotation":{"angle":0,"axis":"y","origin":[8.5,8,7.5]},"faces":{"north":{"uv":[6.25,2.25,6.25,4.5],"texture":"#0"},"east":{"uv":[6,2.25,6.25,4.5],"texture":"#0"},"south":{"uv":[6,2.25,6.25,4.5],"texture":"#0"},"west":{"uv":[6,2.25,6.25,4.5],"texture":"#0"},"up":{"uv":[6.25,2.25,6.25,2],"texture":"#0"},"down":{"uv":[6.25,2,6.25,2.25],"texture":"#0"}}},{"from":[12.5,7,3.5],"to":[12.5,17,12.5],"rotation":{"angle":0,"axis":"y","origin":[11.5,11,7.5]},"faces":{"north":{"uv":[2.25,4.75,2.25,7.25],"texture":"#0","tintindex":0},"east":{"uv":[0,4.75,2.25,7.25],"texture":"#0","tintindex":0},"south":{"uv":[4.5,4.75,4.5,7.25],"texture":"#0","tintindex":0},"west":{"uv":[0,4.75,2.25,7.25],"texture":"#0","tintindex":0},"up":{"uv":[2.25,4.75,2.25,2.5],"texture":"#0","tintindex":0},"down":{"uv":[2.25,2.5,2.25,4.75],"texture":"#0","tintindex":0}}},{"from":[3.5,7,3.5],"to":[3.5,17,12.5],"rotation":{"angle":0,"axis":"y","origin":[4.5,11,7.5]},"faces":{"north":{"uv":[2.25,2.25,2.25,4.75],"texture":"#0","tintindex":0},"east":{"uv":[2.25,2.25,4.5,4.75],"texture":"#0","tintindex":0},"south":{"uv":[4.5,2.25,4.5,4.75],"texture":"#0","tintindex":0},"west":{"uv":[2.25,2.25,4.5,4.75],"texture":"#0","tintindex":0},"up":{"uv":[2.25,2.25,2.25,0],"texture":"#0","tintindex":0},"down":{"uv":[2.25,0,2.25,2.25],"texture":"#0","tintindex":0}}},{"from":[3.5,7,12.5],"to":[12.5,17,12.5],"rotation":{"angle":0,"axis":"y","origin":[7.5,10,11.5]},"faces":{"north":{"uv":[9,0,11.25,2.5],"texture":"#0","tintindex":0},"east":{"uv":[6.75,0,6.75,2.5],"texture":"#0","tintindex":0},"south":{"uv":[9,0,11.25,2.5],"texture":"#0","tintindex":0},"west":{"uv":[9,0,9,2.5],"texture":"#0","tintindex":0},"up":{"uv":[9,0,6.75,0],"texture":"#0","tintindex":0},"down":{"uv":[11.25,0,9,0],"texture":"#0","tintindex":0}}},{"from":[3.5,7,3.5],"to":[12.5,17,3.5],"rotation":{"angle":0,"axis":"y","origin":[7.5,10,4.5]},"faces":{"north":{"uv":[4.5,6.25,6.75,8.75],"texture":"#0","tintindex":0},"east":{"uv":[4.5,6.25,4.5,8.75],"texture":"#0","tintindex":0},"south":{"uv":[6.75,6.25,4.5,8.75],"texture":"#0","tintindex":0},"west":{"uv":[6.75,6.25,6.75,8.75],"texture":"#0","tintindex":0},"up":{"uv":[6.75,6.25,4.5,6.25],"texture":"#0","tintindex":0},"down":{"uv":[9,6.25,6.75,6.25],"texture":"#0","tintindex":0}}},{"from":[7.5,10.25,7.5],"to":[7.5,17,8.5],"rotation":{"angle":0,"axis":"y","origin":[7.5,8,7.5]},"faces":{"north":{"uv":[5.75,2.25,5.75,4.5],"texture":"#0","tintindex":0},"east":{"uv":[5.5,2.25,5.75,4.5],"texture":"#0","tintindex":0},"south":{"uv":[6,2.25,6,4.5],"texture":"#0","tintindex":0},"west":{"uv":[5.75,2.25,6,4.5],"texture":"#0","tintindex":0},"up":{"uv":[5.75,2.25,5.75,2],"texture":"#0","tintindex":0},"down":{"uv":[5.75,2,5.75,2.25],"texture":"#0","tintindex":0}}},{"from":[3.5,17,3.5],"to":[12.5,17,12.5],"rotation":{"angle":0,"axis":"y","origin":[7.5,17,8.5]},"faces":{"north":{"uv":[2.25,2.25,4.5,2.25],"texture":"#0","tintindex":0},"east":{"uv":[0,2.25,2.25,2.25],"texture":"#0","tintindex":0},"south":{"uv":[6.75,2.25,9,2.25],"texture":"#0","tintindex":0},"west":{"uv":[4.5,2.25,6.75,2.25],"texture":"#0","tintindex":0},"up":{"uv":[4.5,2.25,2.25,0],"texture":"#0","tintindex":0},"down":{"uv":[4.5,2.25,2.25,0],"texture":"#0","tintindex":0}}}],"gui_light":"front"}