{"display":{"thirdperson_righthand":{"rotation":[75,45,0],"translation":[-0.75,0.75,0],"scale":[0.175,0.175,0.175]},"thirdperson_lefthand":{"rotation":[75,45,0],"translation":[-0.75,0.75,0],"scale":[0.175,0.175,0.175]},"firstperson_righthand":{"rotation":[0,106,0],"translation":[0.75,0.75,0],"scale":[0.1,0.1,0.1]},"firstperson_lefthand":{"rotation":[0,225,0],"scale":[0.4,0.4,0.4]},"ground":{"translation":[0,3,0],"scale":[0.25,0.25,0.25]},"gui":{"rotation":[30,225,0],"translation":[0,-2.5,0],"scale":[0.325,0.325,0.325]},"head":{"translation":[0,-32.5,0],"scale":[1.5,1.5,1.5]},"fixed":{"translation":[0,-3.5,-1],"scale":[0.5,0.5,0.5]}},"texture_size":[128,128],"textures":{"1":"furniture/traditional_fireplace","particle":"furniture/traditional_fireplace"},"elements":[{"from":[19,3,0],"to":[24,29,16],"rotation":{"angle":0,"axis":"y","origin":[-3,0,0]},"faces":{"north":{"uv":[5.5,9.75,6.125,13],"texture":"#1"},"east":{"uv":[0,4.5,2,7.75],"texture":"#1"},"south":{"uv":[6.125,9.75,6.75,13],"texture":"#1"},"west":{"uv":[2,4.5,4,7.75],"texture":"#1"},"up":{"uv":[5,11.875,4.375,9.875],"texture":"#1"},"down":{"uv":[10.625,7.625,10,9.625],"texture":"#1"}}},{"from":[16,3,-1],"to":[20,20,2],"rotation":{"angle":0,"axis":"y","origin":[-3,3,0]},"faces":{"north":{"uv":[5,9.875,5.5,12],"texture":"#1"},"east":{"uv":[8,10.25,8.375,12.375],"texture":"#1"},"south":{"uv":[0.625,10.25,1.125,12.375],"texture":"#1"},"west":{"uv":[8.375,10.25,8.75,12.375],"texture":"#1"},"up":{"uv":[3.625,11.75,3.125,11.375],"texture":"#1"},"down":{"uv":[12,0,11.5,0.375],"texture":"#1"}}},{"from":[-4,3,-1],"to":[0,20,2],"rotation":{"angle":0,"axis":"y","origin":[19,3,0]},"faces":{"north":{"uv":[1.125,10.25,1.625,12.375],"texture":"#1"},"east":{"uv":[8.75,10.25,9.125,12.375],"texture":"#1"},"south":{"uv":[1.625,10.25,2.125,12.375],"texture":"#1"},"west":{"uv":[9.125,10.25,9.5,12.375],"texture":"#1"},"up":{"uv":[12,0.75,11.5,0.375],"texture":"#1"},"down":{"uv":[12,0.75,11.5,1.125],"texture":"#1"}}},{"from":[6,20,-2],"to":[10,26,2],"rotation":{"angle":0,"axis":"y","origin":[19,3,0]},"faces":{"north":{"uv":[3.625,11,4.125,11.75],"texture":"#1"},"east":{"uv":[11,9.5,11.5,10.25],"texture":"#1"},"south":{"uv":[11,10.25,11.5,11],"texture":"#1"},"west":{"uv":[11,11,11.5,11.75],"texture":"#1"},"up":{"uv":[2.625,11.875,2.125,11.375],"texture":"#1"},"down":{"uv":[3.125,11.375,2.625,11.875],"texture":"#1"}}},{"from":[8.0609,16.90343,-0.9],"to":[19.8609,20.70343,1.9],"rotation":{"angle":-22.5,"axis":"z","origin":[17.9609,20.30343,0.5]},"faces":{"north":{"uv":[10.75,2.25,12.25,2.75],"texture":"#1"},"east":{"uv":[10.625,11.25,11,11.75],"texture":"#1"},"south":{"uv":[10.75,2.75,12.25,3.25],"texture":"#1"},"west":{"uv":[11.5,1.125,11.875,1.625],"texture":"#1"},"up":{"uv":[12.25,6.125,10.75,5.75],"texture":"#1"},"down":{"uv":[12.25,6.125,10.75,6.5],"texture":"#1"}}},{"from":[-3.8609,16.90343,-0.9],"to":[7.9391,20.70343,1.9],"rotation":{"angle":22.5,"axis":"z","origin":[-1.9609,20.30343,0.5]},"faces":{"north":{"uv":[12.25,2.25,10.75,2.75],"texture":"#1"},"east":{"uv":[11.875,1.125,11.5,1.625],"texture":"#1"},"south":{"uv":[12.25,2.75,10.75,3.25],"texture":"#1"},"west":{"uv":[11,11.25,10.625,11.75],"texture":"#1"},"up":{"uv":[10.75,6.125,12.25,5.75],"texture":"#1"},"down":{"uv":[10.75,6.125,12.25,6.5],"texture":"#1"}}},{"from":[-8,3,0],"to":[-3,29,16],"rotation":{"angle":0,"axis":"y","origin":[19,0,0]},"faces":{"north":{"uv":[6.75,9.75,7.375,13],"texture":"#1"},"east":{"uv":[4,4.5,6,7.75],"texture":"#1"},"south":{"uv":[7.375,9.75,8,13],"texture":"#1"},"west":{"uv":[6,4.5,8,7.75],"texture":"#1"},"up":{"uv":[10.625,11.625,10,9.625],"texture":"#1"},"down":{"uv":[0.625,10.25,0,12.25],"texture":"#1"}}},{"from":[-3,3,13],"to":[19,20,16],"rotation":{"angle":0,"axis":"y","origin":[19,0,0]},"faces":{"north":{"uv":[0,7.75,2.75,9.875],"texture":"#1"},"east":{"uv":[9.5,10.25,9.875,12.375],"texture":"#1"},"south":{"uv":[2.75,7.75,5.5,9.875],"texture":"#1"},"west":{"uv":[10.625,9.125,11,11.25],"texture":"#1"},"up":{"uv":[13.375,8,10.625,7.625],"texture":"#1"},"down":{"uv":[13.375,8,10.625,8.375],"texture":"#1"}}},{"from":[-3,20,0],"to":[19,29,16],"rotation":{"angle":0,"axis":"y","origin":[19,0,0]},"faces":{"north":{"uv":[8.75,0,11.5,1.125],"texture":"#1"},"east":{"uv":[8.75,2.25,10.75,3.375],"texture":"#1"},"south":{"uv":[8.75,1.125,11.5,2.25],"texture":"#1"},"west":{"uv":[8.75,3.375,10.75,4.5],"texture":"#1"},"up":{"uv":[8.25,9.75,5.5,7.75],"texture":"#1"},"down":{"uv":[10.75,4.5,8,6.5],"texture":"#1"}}},{"from":[-9.5,0,-2],"to":[25.5,3,16],"rotation":{"angle":0,"axis":"y","origin":[-2.5,0,0]},"faces":{"north":{"uv":[0,9.875,4.375,10.25],"texture":"#1"},"east":{"uv":[2.125,10.25,4.375,10.625],"texture":"#1"},"south":{"uv":[10,6.5,14.375,6.875],"texture":"#1"},"west":{"uv":[2.125,10.625,4.375,11],"texture":"#1"},"up":{"uv":[4.375,2.25,0,0],"texture":"#1"},"down":{"uv":[4.375,2.25,0,4.5],"texture":"#1"}}},{"from":[3,3,7],"to":[14,6,10],"rotation":{"angle":0,"axis":"y","origin":[-5,0,0]},"faces":{"north":{"uv":[10.75,4.25,12.125,4.625],"texture":"#1"},"east":{"uv":[11.5,10,11.875,10.375],"texture":"#1"},"south":{"uv":[10.75,4.625,12.125,5],"texture":"#1"},"west":{"uv":[11.5,10.375,11.875,10.75],"texture":"#1"},"up":{"uv":[12.125,5.375,10.75,5],"texture":"#1"},"down":{"uv":[12.125,5.375,10.75,5.75],"texture":"#1"}}},{"from":[3,3,3],"to":[14,6,6],"rotation":{"angle":0,"axis":"y","origin":[-5,0,0]},"faces":{"north":{"uv":[10.75,4.25,12.125,4.625],"texture":"#1"},"east":{"uv":[11.5,10,11.875,10.375],"texture":"#1"},"south":{"uv":[10.75,4.625,12.125,5],"texture":"#1"},"west":{"uv":[11.5,10.375,11.875,10.75],"texture":"#1"},"up":{"uv":[12.125,5.375,10.75,5],"texture":"#1"},"down":{"uv":[12.125,5.375,10.75,5.75],"texture":"#1"}}},{"from":[3,6,6],"to":[14,9,9],"rotation":{"angle":45,"axis":"y","origin":[8.5,4.5,7.5]},"faces":{"north":{"uv":[10.75,4.25,12.125,4.625],"texture":"#1"},"east":{"uv":[11.5,10,11.875,10.375],"texture":"#1"},"south":{"uv":[10.75,4.625,12.125,5],"texture":"#1"},"west":{"uv":[11.5,10.375,11.875,10.75],"texture":"#1"},"up":{"uv":[12.125,5.375,10.75,5],"texture":"#1"},"down":{"uv":[12.125,5.375,10.75,5.75],"texture":"#1"}}},{"from":[1,4,8],"to":[15,19,8],"rotation":{"angle":0,"axis":"y","origin":[8,11.5,5]},"faces":{"north":{"uv":[8.25,6.5,10,8.375],"texture":"#1"},"east":{"uv":[0,0,0,1.875],"texture":"#1"},"south":{"uv":[8.25,8.375,10,10.25],"texture":"#1"},"west":{"uv":[0,0,0,1.875],"texture":"#1"},"up":{"uv":[1.75,0,0,0],"texture":"#1"},"down":{"uv":[1.75,0,0,0],"texture":"#1"}}},{"from":[-9.5,29,-2],"to":[25.5,32,16],"rotation":{"angle":0,"axis":"y","origin":[-2.5,0,0]},"faces":{"north":{"uv":[10,6.875,14.375,7.25],"texture":"#1"},"east":{"uv":[10.625,8.375,12.875,8.75],"texture":"#1"},"south":{"uv":[10,7.25,14.375,7.625],"texture":"#1"},"west":{"uv":[10.625,8.75,12.875,9.125],"texture":"#1"},"up":{"uv":[8.75,2.25,4.375,0],"texture":"#1"},"down":{"uv":[8.75,2.25,4.375,4.5],"texture":"#1"}}}]}