{"file_name":"finger_upper3_right","texture_size":[128,128],"textures":{"layer0":"manamodels/mage"},"elements":[{"name":"finger_upper3_right_0","from":[7.4,5.6,7.7],"to":[8.0,8.0,8.3],"rotation":{"angle":0.0,"axis":"z","origin":[8.0,8.0,8.0]},"faces":{"east":{"uv":[0.75,9.625,0.875,10.125],"texture":"#layer0","tintindex":0},"south":{"uv":[0.875,9.625,1.0,10.125],"texture":"#layer0","tintindex":0},"north":{"uv":[0.625,9.625,0.75,10.125],"texture":"#layer0","tintindex":0},"west":{"uv":[1.0,9.625,1.125,10.125],"texture":"#layer0","tintindex":0},"up":{"uv":[7.625,8.75,7.5,8.625],"texture":"#layer0","tintindex":0},"down":{"uv":[7.625,8.625,7.75,8.75],"texture":"#layer0","tintindex":0}}}],"display":{"head":{"translation":[0.0,-6.4,0.0],"rotation":[0.0,0.0,0.0],"scale":[3.8095,3.8095,3.8095]},"gui":{"translation":[0.0,0.0,0.0],"rotation":[35.0,225.0,0.0],"scale":[0.625,0.625,0.625]}}}