{"file_name":"hips","texture_size":[128,128],"textures":{"layer0":"manamodels/mage"},"elements":[{"name":"hips_0","from":[5.45,6.05,6.6499996],"to":[10.55,8.15,9.35],"rotation":{"angle":0.0,"axis":"z","origin":[8.0,8.0,8.0]},"faces":{"east":{"uv":[7.25,4.0,7.75,4.375],"texture":"#layer0","tintindex":0},"south":{"uv":[4.5,9.0,5.5,9.375],"texture":"#layer0","tintindex":0},"north":{"uv":[8.75,4.5,9.75,4.875],"texture":"#layer0","tintindex":0},"west":{"uv":[7.0,8.375,7.5,8.75],"texture":"#layer0","tintindex":0},"up":{"uv":[4.0,9.25,3.0,8.75],"texture":"#layer0","tintindex":0},"down":{"uv":[7.0,8.75,8.0,9.25],"texture":"#layer0","tintindex":0}}},{"name":"hips_1","from":[6.8,6.2,6.2],"to":[8.6,8.0,6.8],"rotation":{"angle":0.0,"axis":"z","origin":[8.0,8.0,8.0]},"faces":{"east":{"uv":[2.125,9.625,2.25,10.0],"texture":"#layer0","tintindex":0},"south":{"uv":[9.25,2.375,9.625,2.75],"texture":"#layer0","tintindex":0},"north":{"uv":[9.25,2.0,9.625,2.375],"texture":"#layer0","tintindex":0},"west":{"uv":[2.25,9.625,2.375,10.0],"texture":"#layer0","tintindex":0},"up":{"uv":[9.875,9.5,9.5,9.375],"texture":"#layer0","tintindex":0},"down":{"uv":[9.625,2.0,10.0,2.125],"texture":"#layer0","tintindex":0}}},{"name":"hips_2","from":[5.0,-0.40000033,6.2],"to":[11.0,6.2,9.8],"rotation":{"angle":0.0,"axis":"z","origin":[8.0,8.0,8.0]},"faces":{"east":{"uv":[3.0,6.375,3.75,7.75],"texture":"#layer0","tintindex":0},"south":{"uv":[5.75,5.75,7.0,7.125],"texture":"#layer0","tintindex":0},"north":{"uv":[4.5,4.5,5.75,5.875],"texture":"#layer0","tintindex":0},"west":{"uv":[3.75,6.375,4.5,7.75],"texture":"#layer0","tintindex":0},"up":{"uv":[9.0,5.75,7.75,5.0],"texture":"#layer0","tintindex":0},"down":{"uv":[7.75,6.75,9.0,7.5],"texture":"#layer0","tintindex":0}}},{"name":"hips_3","from":[4.85,-0.5500004,6.05],"to":[11.15,6.35,9.950001],"rotation":{"angle":0.0,"axis":"z","origin":[8.0,8.0,8.0]},"faces":{"east":{"uv":[7.0,7.0,7.75,8.375],"texture":"#layer0","tintindex":0},"south":{"uv":[6.0,0.0,7.25,1.375],"texture":"#layer0","tintindex":0},"north":{"uv":[4.5,5.875,5.75,7.25],"texture":"#layer0","tintindex":0},"west":{"uv":[7.0,4.375,7.75,5.75],"texture":"#layer0","tintindex":0},"up":{"uv":[1.25,8.625,0.0,7.875],"texture":"#layer0","tintindex":0},"down":{"uv":[1.25,7.875,2.5,8.625],"texture":"#layer0","tintindex":0}}}],"display":{"head":{"translation":[0.0,-6.4,0.0],"rotation":[0.0,0.0,0.0],"scale":[3.8095,3.8095,3.8095]},"gui":{"translation":[0.0,0.0,0.0],"rotation":[35.0,225.0,0.0],"scale":[0.625,0.625,0.625]}}}