{"file_name":"thumb_upper1_right","texture_size":[128,128],"textures":{"layer0":"manamodels/mage"},"elements":[{"name":"thumb_upper1_right_0","from":[7.4,7.7,5.6],"to":[8.0,8.3,8.0],"rotation":{"angle":0.0,"axis":"z","origin":[8.0,8.0,8.0]},"faces":{"east":{"uv":[9.5,5.375,10.0,5.5],"texture":"#layer0","tintindex":0},"south":{"uv":[9.125,7.375,9.25,7.5],"texture":"#layer0","tintindex":0},"north":{"uv":[9.0,7.375,9.125,7.5],"texture":"#layer0","tintindex":0},"west":{"uv":[9.5,9.25,10.0,9.375],"texture":"#layer0","tintindex":0},"up":{"uv":[1.5,10.125,1.375,9.625],"texture":"#layer0","tintindex":0},"down":{"uv":[1.5,9.625,1.625,10.125],"texture":"#layer0","tintindex":0}}}],"display":{"head":{"translation":[0.0,-6.4,0.0],"rotation":[0.0,0.0,0.0],"scale":[3.8095,3.8095,3.8095]},"gui":{"translation":[0.0,0.0,0.0],"rotation":[35.0,225.0,0.0],"scale":[0.625,0.625,0.625]}}}