{"file_name":"leg2","texture_size":[128,128],"textures":{"layer0":"manamodels/npc_bart_ender"},"elements":[{"name":"leg2_0","from":[7.4,-8.8,7.4],"to":[8.6,8.0,8.6],"rotation":{"angle":0.0,"axis":"z","origin":[8.0,8.0,8.0]},"faces":{"east":{"uv":[1.5,2.75,1.75,6.25],"texture":"#layer0","tintindex":0},"south":{"uv":[1.875,2.75,2.125,6.25],"texture":"#layer0","tintindex":0},"north":{"uv":[1.125,2.75,1.375,6.25],"texture":"#layer0","tintindex":0},"west":{"uv":[3.375,0.0,3.625,3.5],"texture":"#layer0","tintindex":0},"up":{"uv":[2.25,7.875,2.0,7.625],"texture":"#layer0","tintindex":0},"down":{"uv":[7.625,2.0,7.875,2.25],"texture":"#layer0","tintindex":0}}},{"name":"leg2_1","from":[7.4,-8.8,6.2],"to":[8.6,-7.6000004,7.4],"rotation":{"angle":0.0,"axis":"z","origin":[8.0,8.0,8.0]},"faces":{"east":{"uv":[7.75,0.0,8.0,0.25],"texture":"#layer0","tintindex":0},"south":{"uv":[0.375,7.75,0.625,8.0],"texture":"#layer0","tintindex":0},"north":{"uv":[6.125,7.625,6.375,7.875],"texture":"#layer0","tintindex":0},"west":{"uv":[7.75,0.375,8.0,0.625],"texture":"#layer0","tintindex":0},"up":{"uv":[1.0,8.0,0.75,7.75],"texture":"#layer0","tintindex":0},"down":{"uv":[1.125,7.75,1.375,8.0],"texture":"#layer0","tintindex":0}}},{"name":"leg2_2","from":[7.1,-7.000001,7.1],"to":[8.9,-5.8,8.9],"rotation":{"angle":0.0,"axis":"z","origin":[8.0,8.0,8.0]},"faces":{"east":{"uv":[6.75,7.375,7.125,7.625],"texture":"#layer0","tintindex":0},"south":{"uv":[7.25,7.375,7.625,7.625],"texture":"#layer0","tintindex":0},"north":{"uv":[7.375,4.625,7.75,4.875],"texture":"#layer0","tintindex":0},"west":{"uv":[7.5,5.5,7.875,5.75],"texture":"#layer0","tintindex":0},"up":{"uv":[7.25,3.375,6.875,3.0],"texture":"#layer0","tintindex":0},"down":{"uv":[6.875,3.5,7.25,3.875],"texture":"#layer0","tintindex":0}}}],"display":{"head":{"translation":[0.0,-6.4,0.0],"rotation":[0.0,0.0,0.0],"scale":[3.8095,3.8095,3.8095]},"gui":{"translation":[0.0,0.0,0.0],"rotation":[35.0,225.0,0.0],"scale":[0.625,0.625,0.625]}}}