{"display":{"thirdperson_righthand":{"rotation":[30.5,-15,0],"translation":[1.25,4,0]},"thirdperson_lefthand":{"rotation":[30.5,-15,0],"translation":[1,4,0]},"firstperson_righthand":{"rotation":[-10.75,7.5,4.25],"translation":[-1.25,4.25,-0.75]},"firstperson_lefthand":{"rotation":[-10,7.5,4.2],"translation":[-1.25,4.25,-0.75]},"ground":{"translation":[0,3.75,0]},"gui":{"rotation":[0,-136,0],"translation":[0,2.25,0],"scale":[1.2,1.2,1.2]},"head":{"translation":[0,14,0]},"fixed":{"rotation":[0,90,0],"translation":[0,2,-0.75],"scale":[1.25,1.25,1.25]}},"texture_size":[32,32],"textures":{"0":"crates/valentine20_crate/harp","particle":"crates/valentine20_crate/harp"},"elements":[{"from":[6.75,9.96991,6.21267],"to":[9.25,11.96991,10.46267],"rotation":{"angle":22.5,"axis":"x","origin":[8,1.00587,7.1683]},"faces":{"north":{"uv":[0,10.5,1.5,11.5],"texture":"#0"},"east":{"uv":[1.5,10,3.5,11],"texture":"#0"},"south":{"uv":[4.5,10.5,6,11.5],"texture":"#0"},"west":{"uv":[8.5,10,10.5,11],"texture":"#0"},"up":{"uv":[6,10.5,4.5,8.5],"texture":"#0"},"down":{"uv":[10,1.5,8.5,3.5],"texture":"#0"}}},{"from":[7,9.86521,7.65715],"to":[9,11.36521,10.65715],"rotation":{"angle":0,"axis":"y","origin":[8,1.00587,7.1683]},"faces":{"north":{"uv":[11.5,11.5,12.5,12.5],"texture":"#0"},"east":{"uv":[2.5,11,4,12],"texture":"#0"},"south":{"uv":[11.5,4.5,12.5,5.5],"texture":"#0"},"west":{"uv":[6,11,7.5,12],"texture":"#0"},"up":{"uv":[9.5,12.5,8.5,11],"texture":"#0"},"down":{"uv":[10.5,11,9.5,12.5],"texture":"#0"}}},{"from":[6.999,9.3769,1.22861],"to":[9.001,10.8789,4.23061],"rotation":{"angle":22.5,"axis":"x","origin":[8,1.00587,7.1683]},"faces":{"north":{"uv":[0,11.5,1,12.5],"texture":"#0"},"east":{"uv":[10.5,10.5,12,11.5],"texture":"#0"},"south":{"uv":[4,11.5,5,12.5],"texture":"#0"},"west":{"uv":[10.5,3.5,12,4.5],"texture":"#0"},"up":{"uv":[11.5,6,10.5,4.5],"texture":"#0"},"down":{"uv":[2.5,11,1.5,12.5],"texture":"#0"}}},{"from":[7.25,10.68574,5.9496],"to":[8.75,12.18574,9.9496],"rotation":{"angle":-22.5,"axis":"x","origin":[8,1.00587,7.1683]},"faces":{"north":{"uv":[5,11.5,6,12.5],"texture":"#0"},"east":{"uv":[10,1.5,12,2.5],"texture":"#0"},"south":{"uv":[10.5,11.5,11.5,12.5],"texture":"#0"},"west":{"uv":[10,2.5,12,3.5],"texture":"#0"},"up":{"uv":[4.5,11,3.5,9],"texture":"#0"},"down":{"uv":[11,6.5,10,8.5],"texture":"#0"}}},{"from":[8,2,3],"to":[8,11,12],"rotation":{"angle":0,"axis":"y","origin":[8,1.00587,7.1683]},"faces":{"north":{"uv":[0,0,0,4.5],"texture":"#0"},"east":{"uv":[0,0,4.5,4.5],"texture":"#0"},"south":{"uv":[0,0,0,4.5],"texture":"#0"},"west":{"uv":[0,4.5,4.5,9],"texture":"#0"},"up":{"uv":[0,4.5,0,0],"texture":"#0"},"down":{"uv":[0,0,0,4.5],"texture":"#0"}}},{"from":[7,1.96991,8.21267],"to":[9,10.96991,10.21267],"rotation":{"angle":22.5,"axis":"x","origin":[8,1.00587,7.1683]},"faces":{"north":{"uv":[6.5,6.5,7.5,11],"texture":"#0"},"east":{"uv":[6.5,0,7.5,4.5],"texture":"#0"},"south":{"uv":[7.5,7.5,8.5,12],"texture":"#0"},"west":{"uv":[7.5,0,8.5,4.5],"texture":"#0"},"up":{"uv":[8.5,7.5,7.5,6.5],"texture":"#0"},"down":{"uv":[12,9.5,11,10.5],"texture":"#0"}}},{"from":[6,0,3],"to":[10,2,11],"rotation":{"angle":0,"axis":"y","origin":[8,1.00587,7.1683]},"faces":{"north":{"uv":[8.5,3.5,10.5,4.5],"texture":"#0"},"east":{"uv":[6.5,4.5,10.5,5.5],"texture":"#0"},"south":{"uv":[1.5,9,3.5,10],"texture":"#0"},"west":{"uv":[6.5,5.5,10.5,6.5],"texture":"#0"},"up":{"uv":[6.5,8.5,4.5,4.5],"texture":"#0"},"down":{"uv":[6.5,0,4.5,4],"texture":"#0"}}},{"from":[6.75,5.18203,17.15394],"to":[9.25,8.43203,18.65394],"rotation":{"angle":-22.5,"axis":"x","origin":[8,1.00587,7.1683]},"faces":{"north":{"uv":[8.5,6.5,10,8],"texture":"#0"},"east":{"uv":[11,0,12,1.5],"texture":"#0"},"south":{"uv":[0,9,1.5,10.5],"texture":"#0"},"west":{"uv":[11,6,12,7.5],"texture":"#0"},"up":{"uv":[12.5,8.5,11,7.5],"texture":"#0"},"down":{"uv":[12.5,8.5,11,9.5],"texture":"#0"}}},{"from":[5.75,5.19024,17.98084],"to":[10.25,8.44024,17.98084],"rotation":{"angle":-22.5,"axis":"x","origin":[8,1.00587,7.1683]},"faces":{"north":{"uv":[8.5,8.5,11,10],"texture":"#0"},"east":{"uv":[0,0,0,1.5],"texture":"#0"},"south":{"uv":[8.5,0,11,1.5],"texture":"#0"},"west":{"uv":[0,0,0,1.5],"texture":"#0"},"up":{"uv":[2.5,0,0,0],"texture":"#0"},"down":{"uv":[2.5,0,0,0],"texture":"#0"}}},{"from":[7.25,8.43203,16.90394],"to":[8.75,9.93203,18.40394],"rotation":{"angle":-22.5,"axis":"x","origin":[8,1.00587,7.1683]},"faces":{"north":{"uv":[2.5,12,3.5,13],"texture":"#0"},"east":{"uv":[6,12,7,13],"texture":"#0"},"south":{"uv":[7,12,8,13],"texture":"#0"},"west":{"uv":[12,0,13,1],"texture":"#0"},"up":{"uv":[13,2,12,1],"texture":"#0"},"down":{"uv":[13,2,12,3],"texture":"#0"}}},{"from":[8,8.68203,15.40394],"to":[8,9.68203,17.40394],"rotation":{"angle":-22.5,"axis":"x","origin":[8,1.00587,7.1683]},"faces":{"north":{"uv":[0,0,0,0.5],"texture":"#0"},"east":{"uv":[12,3.5,13,4],"texture":"#0"},"south":{"uv":[0,0,0,0.5],"texture":"#0"},"west":{"uv":[12,4,13,4.5],"texture":"#0"},"up":{"uv":[0,1,0,0],"texture":"#0"},"down":{"uv":[0,0,0,1],"texture":"#0"}}},{"from":[6.75,4.20264,17.81402],"to":[9.25,5.45264,17.81402],"rotation":{"angle":-22.5,"axis":"x","origin":[8,1.00587,7.1683]},"faces":{"north":{"uv":[4.5,4,6,4.5],"texture":"#0"},"east":{"uv":[0,0,0,0.5],"texture":"#0"},"south":{"uv":[8.5,8,10,8.5],"texture":"#0"},"west":{"uv":[0,0,0,0.5],"texture":"#0"},"up":{"uv":[1.5,0,0,0],"texture":"#0"},"down":{"uv":[1.5,0,0,0],"texture":"#0"}}},{"from":[6.75,-1.36502,18.22694],"to":[9.25,-0.11502,18.22694],"rotation":{"angle":-45,"axis":"x","origin":[8,1.00587,7.1683]},"faces":{"north":{"uv":[11.5,5.5,13,6],"texture":"#0"},"east":{"uv":[0,0,0,0.5],"texture":"#0"},"south":{"uv":[12,3,13.5,3.5],"texture":"#0"},"west":{"uv":[0,0,0,0.5],"texture":"#0"},"up":{"uv":[1.5,0,0,0],"texture":"#0"},"down":{"uv":[1.5,0,0,0],"texture":"#0"}}}],"gui_light":"front"}