{"display":{"thirdperson_righthand":{"translation":[0,7,1.75],"scale":[0.6,0.6,0.6]},"thirdperson_lefthand":{"translation":[0,7,1.75],"scale":[0.6,0.6,0.6]},"firstperson_righthand":{"rotation":[-16,0,0],"translation":[2,5.75,0],"scale":[0.6,0.6,0.6]},"firstperson_lefthand":{"rotation":[-16,0,0],"translation":[2,5.75,0],"scale":[0.6,0.6,0.6]},"ground":{"rotation":[78,0,0],"scale":[0.6,0.6,0.6]},"gui":{"rotation":[-120.93,37.83,113.49],"translation":[0.5,-0.75,0],"scale":[0.5,0.5,0.5]},"fixed":{"rotation":[-89.35,30.47,89.39]}},"texture_size":[64,64],"textures":{"1":"crates/pride/rainbow_sword_4"},"elements":[{"from":[7,-8,6.5],"to":[9,-1,9.5],"rotation":{"angle":0,"axis":"y","origin":[8,-1,8]},"faces":{"north":{"uv":[4,8,4.5,9.75],"texture":"#1"},"east":{"uv":[0,8,0.75,9.75],"texture":"#1"},"south":{"uv":[4.5,8,5,9.75],"texture":"#1"},"west":{"uv":[0.75,8,1.5,9.75],"texture":"#1"},"up":{"uv":[7,8.75,6.5,8],"texture":"#1"},"down":{"uv":[7.5,8,7,8.75],"texture":"#1"}}},{"from":[6.5,-10,6.5],"to":[9.5,-8,9.5],"rotation":{"angle":45,"axis":"y","origin":[8,-8.5,8]},"faces":{"north":{"uv":[7.5,8,8.25,8.5],"texture":"#1"},"east":{"uv":[8.25,0,9,0.5],"texture":"#1"},"south":{"uv":[8.25,0.5,9,1],"texture":"#1"},"west":{"uv":[8.25,1,9,1.5],"texture":"#1"},"up":{"uv":[5.75,8.75,5,8],"texture":"#1"},"down":{"uv":[6.5,8,5.75,8.75],"texture":"#1"}}},{"from":[8,-1,1.5],"to":[8,31,16.5],"rotation":{"angle":0,"axis":"y","origin":[8,-1,8]},"faces":{"north":{"uv":[0,0,0,8],"texture":"#1"},"east":{"uv":[7.5,0,3.75,8],"texture":"#1"},"south":{"uv":[0,0,0,8],"texture":"#1"},"west":{"uv":[3.75,0,7.5,8],"texture":"#1"},"up":{"uv":[0,3.75,0,0],"texture":"#1"},"down":{"uv":[0,0,0,3.75],"texture":"#1"}}},{"from":[6,-1,5.5],"to":[10,0,10.5],"rotation":{"angle":0,"axis":"y","origin":[9,-1,8]},"faces":{"north":{"uv":[8.25,2,9.25,2.25],"texture":"#1"},"east":{"uv":[8.25,1.5,9.5,1.75],"texture":"#1"},"south":{"uv":[8.25,2.25,9.25,2.5],"texture":"#1"},"west":{"uv":[8.25,1.75,9.5,2],"texture":"#1"},"up":{"uv":[2.5,9.25,1.5,8],"texture":"#1"},"down":{"uv":[3.5,8,2.5,9.25],"texture":"#1"}}},{"from":[7.5,0,6.5],"to":[8.5,16,9.5],"rotation":{"angle":0,"axis":"y","origin":[8,4.5,8.5]},"faces":{"north":{"uv":[3.5,8,3.75,12],"texture":"#1"},"east":{"uv":[5.75,3.75,5,7.75],"texture":"#1"},"south":{"uv":[3.75,8,4,12],"texture":"#1"},"west":{"uv":[5,3.75,5.75,7.75],"texture":"#1"},"up":{"uv":[8.5,3.25,8.25,2.5],"texture":"#1"},"down":{"uv":[8.5,3.25,8.25,4],"texture":"#1"}}}]}