{"display":{"thirdperson_righthand":{"rotation":[75,45,0],"translation":[0,2.5,3.5],"scale":[0.375,0.375,0.375]},"thirdperson_lefthand":{"rotation":[75,45,0],"translation":[0,2.5,3.5],"scale":[0.375,0.375,0.375]},"firstperson_righthand":{"rotation":[0,45,0],"translation":[2,4,0],"scale":[0.4,0.4,0.4]},"firstperson_lefthand":{"rotation":[0,45,0],"translation":[2,4,0],"scale":[0.4,0.4,0.4]},"ground":{"translation":[0,-0.5,0],"scale":[0.5,0.5,0.5]},"gui":{"rotation":[56,167,0],"translation":[0,4.75,0]},"head":{"rotation":[0,10,0],"translation":[2,-28,0],"scale":[1.6,1.6,1.6]},"fixed":{"rotation":[-90,0,0],"translation":[0,0,-9.5],"scale":[1.2,1.2,1.2]}},"texture_size":[32,32],"textures":{"3":"crates/zelda_crate/pile_of_rupees"},"elements":[{"from":[6.5,0,4.75],"to":[9.5,2,8.75],"rotation":{"angle":0,"axis":"y","origin":[-0.5,0,0]},"faces":{"north":{"uv":[4,7,5.5,8],"texture":"#3"},"east":{"uv":[0,6,2,7],"texture":"#3"},"south":{"uv":[5.5,7,7,8],"texture":"#3"},"west":{"uv":[6,0,8,1],"texture":"#3"},"up":{"uv":[1.5,2,0,0],"texture":"#3"},"down":{"uv":[3,0,1.5,2],"texture":"#3"}}},{"from":[6.71612,0.1,3.35],"to":[8.51612,1.9,5.15],"rotation":{"angle":-45,"axis":"y","origin":[7.11612,1,5]},"faces":{"north":{"uv":[8,5,9,6],"texture":"#3"},"east":{"uv":[6,8,7,9],"texture":"#3"},"south":{"uv":[8,6,9,7],"texture":"#3"},"west":{"uv":[7,8,8,9],"texture":"#3"},"up":{"uv":[9,9,8,8],"texture":"#3"},"down":{"uv":[9.5,7,8.5,8],"texture":"#3"}}},{"from":[8.46612,0.1,9.1],"to":[10.26612,1.9,10.9],"rotation":{"angle":45,"axis":"y","origin":[7.11612,1,11]},"faces":{"north":{"uv":[0,9,1,10],"texture":"#3"},"east":{"uv":[1,9,2,10],"texture":"#3"},"south":{"uv":[2,9,3,10],"texture":"#3"},"west":{"uv":[3,9,4,10],"texture":"#3"},"up":{"uv":[5,10,4,9],"texture":"#3"},"down":{"uv":[6,9,5,10],"texture":"#3"}}},{"from":[11.5,0,8.75],"to":[14.5,2,12.75],"rotation":{"angle":-22.5,"axis":"y","origin":[13,1,10.76256]},"faces":{"north":{"uv":[7,7,8.5,8],"texture":"#3"},"east":{"uv":[6,1,8,2],"texture":"#3"},"south":{"uv":[0,8,1.5,9],"texture":"#3"},"west":{"uv":[2,6,4,7],"texture":"#3"},"up":{"uv":[1.5,4,0,2],"texture":"#3"},"down":{"uv":[3,2,1.5,4],"texture":"#3"}}},{"from":[13.47132,0.1,8.49124],"to":[15.27132,1.9,10.29124],"rotation":{"angle":22.5,"axis":"y","origin":[13,1,10.76256]},"faces":{"north":{"uv":[9,5,10,6],"texture":"#3"},"east":{"uv":[6,9,7,10],"texture":"#3"},"south":{"uv":[9,6,10,7],"texture":"#3"},"west":{"uv":[7,9,8,10],"texture":"#3"},"up":{"uv":[9,10,8,9],"texture":"#3"},"down":{"uv":[10,8,9,9],"texture":"#3"}}},{"from":[10.72868,0.1,11.23388],"to":[12.52868,1.9,13.03388],"rotation":{"angle":22.5,"axis":"y","origin":[13,1,10.76256]},"faces":{"north":{"uv":[9,9,10,10],"texture":"#3"},"east":{"uv":[9.5,0,10.5,1],"texture":"#3"},"south":{"uv":[9.5,1,10.5,2],"texture":"#3"},"west":{"uv":[9.5,2,10.5,3],"texture":"#3"},"up":{"uv":[10.5,4,9.5,3],"texture":"#3"},"down":{"uv":[10.5,4,9.5,5],"texture":"#3"}}},{"from":[6.5,0,10.75],"to":[9.5,2,14.75],"rotation":{"angle":-45,"axis":"y","origin":[8,1,12.76256]},"faces":{"north":{"uv":[8,0,9.5,1],"texture":"#3"},"east":{"uv":[6,2,8,3],"texture":"#3"},"south":{"uv":[8,1,9.5,2],"texture":"#3"},"west":{"uv":[6,3,8,4],"texture":"#3"},"up":{"uv":[4.5,2,3,0],"texture":"#3"},"down":{"uv":[4.5,2,3,4],"texture":"#3"}}},{"from":[8.47132,0.1,10.49124],"to":[10.27132,1.9,12.29124],"rotation":{"angle":0,"axis":"y","origin":[8,1,12.76256]},"faces":{"north":{"uv":[9.5,7,10.5,8],"texture":"#3"},"east":{"uv":[0,10,1,11],"texture":"#3"},"south":{"uv":[1,10,2,11],"texture":"#3"},"west":{"uv":[2,10,3,11],"texture":"#3"},"up":{"uv":[4,11,3,10],"texture":"#3"},"down":{"uv":[5,10,4,11],"texture":"#3"}}},{"from":[5.72868,0.1,13.23388],"to":[7.52868,1.9,15.03388],"rotation":{"angle":0,"axis":"y","origin":[8,1,12.76256]},"faces":{"north":{"uv":[5,10,6,11],"texture":"#3"},"east":{"uv":[10,5,11,6],"texture":"#3"},"south":{"uv":[6,10,7,11],"texture":"#3"},"west":{"uv":[10,6,11,7],"texture":"#3"},"up":{"uv":[8,11,7,10],"texture":"#3"},"down":{"uv":[9,10,8,11],"texture":"#3"}}},{"from":[10.5,0,2.75],"to":[13.5,2,6.75],"rotation":{"angle":-22.5,"axis":"y","origin":[12,1,4.76256]},"faces":{"north":{"uv":[1.5,8,3,9],"texture":"#3"},"east":{"uv":[4,6,6,7],"texture":"#3"},"south":{"uv":[8,2,9.5,3],"texture":"#3"},"west":{"uv":[6,4,8,5],"texture":"#3"},"up":{"uv":[1.5,6,0,4],"texture":"#3"},"down":{"uv":[3,4,1.5,6],"texture":"#3"}}},{"from":[12.47132,0.1,2.49124],"to":[14.27132,1.9,4.29124],"rotation":{"angle":22.5,"axis":"y","origin":[12,1,4.76256]},"faces":{"north":{"uv":[10,8,11,9],"texture":"#3"},"east":{"uv":[9,10,10,11],"texture":"#3"},"south":{"uv":[10,9,11,10],"texture":"#3"},"west":{"uv":[10,10,11,11],"texture":"#3"},"up":{"uv":[11.5,1,10.5,0],"texture":"#3"},"down":{"uv":[11.5,1,10.5,2],"texture":"#3"}}},{"from":[9.72868,0.1,5.23388],"to":[11.52868,1.9,7.03388],"rotation":{"angle":22.5,"axis":"y","origin":[12,1,4.76256]},"faces":{"north":{"uv":[10.5,2,11.5,3],"texture":"#3"},"east":{"uv":[10.5,3,11.5,4],"texture":"#3"},"south":{"uv":[10.5,4,11.5,5],"texture":"#3"},"west":{"uv":[10.5,7,11.5,8],"texture":"#3"},"up":{"uv":[1,12,0,11],"texture":"#3"},"down":{"uv":[2,11,1,12],"texture":"#3"}}},{"from":[2.5,0,7.75],"to":[5.5,2,11.75],"rotation":{"angle":22.5,"axis":"y","origin":[4,1,9.76256]},"faces":{"north":{"uv":[3,8,4.5,9],"texture":"#3"},"east":{"uv":[6,5,8,6],"texture":"#3"},"south":{"uv":[8,3,9.5,4],"texture":"#3"},"west":{"uv":[6,6,8,7],"texture":"#3"},"up":{"uv":[4.5,6,3,4],"texture":"#3"},"down":{"uv":[6,0,4.5,2],"texture":"#3"}}},{"from":[1.72868,0.1,7.49124],"to":[3.52868,1.9,9.29124],"rotation":{"angle":-22.5,"axis":"y","origin":[4,1,9.76256]},"faces":{"north":{"uv":[2,11,3,12],"texture":"#3"},"east":{"uv":[3,11,4,12],"texture":"#3"},"south":{"uv":[4,11,5,12],"texture":"#3"},"west":{"uv":[5,11,6,12],"texture":"#3"},"up":{"uv":[12,6,11,5],"texture":"#3"},"down":{"uv":[7,11,6,12],"texture":"#3"}}},{"from":[4.47132,0.1,10.23388],"to":[6.27132,1.9,12.03388],"rotation":{"angle":-22.5,"axis":"y","origin":[4,1,9.76256]},"faces":{"north":{"uv":[11,6,12,7],"texture":"#3"},"east":{"uv":[7,11,8,12],"texture":"#3"},"south":{"uv":[8,11,9,12],"texture":"#3"},"west":{"uv":[11,8,12,9],"texture":"#3"},"up":{"uv":[10,12,9,11],"texture":"#3"},"down":{"uv":[12,9,11,10],"texture":"#3"}}},{"from":[2.5,0,0.75],"to":[5.5,2,4.75],"rotation":{"angle":-22.5,"axis":"y","origin":[4,1,2.76256]},"faces":{"north":{"uv":[8,4,9.5,5],"texture":"#3"},"east":{"uv":[0,7,2,8],"texture":"#3"},"south":{"uv":[4.5,8,6,9],"texture":"#3"},"west":{"uv":[2,7,4,8],"texture":"#3"},"up":{"uv":[6,4,4.5,2],"texture":"#3"},"down":{"uv":[6,4,4.5,6],"texture":"#3"}}},{"from":[4.47132,0.1,0.49124],"to":[6.27132,1.9,2.29124],"rotation":{"angle":22.5,"axis":"y","origin":[4,1,2.76256]},"faces":{"north":{"uv":[10,11,11,12],"texture":"#3"},"east":{"uv":[11,10,12,11],"texture":"#3"},"south":{"uv":[11,11,12,12],"texture":"#3"},"west":{"uv":[11.5,0,12.5,1],"texture":"#3"},"up":{"uv":[12.5,2,11.5,1],"texture":"#3"},"down":{"uv":[12.5,2,11.5,3],"texture":"#3"}}},{"from":[1.72868,0.1,3.23388],"to":[3.52868,1.9,5.03388],"rotation":{"angle":22.5,"axis":"y","origin":[4,1,2.76256]},"faces":{"north":{"uv":[11.5,3,12.5,4],"texture":"#3"},"east":{"uv":[11.5,4,12.5,5],"texture":"#3"},"south":{"uv":[11.5,7,12.5,8],"texture":"#3"},"west":{"uv":[0,12,1,13],"texture":"#3"},"up":{"uv":[2,13,1,12],"texture":"#3"},"down":{"uv":[3,12,2,13],"texture":"#3"}}}]}