{"parent":"item/handheld","textures":{"layer0":"item/iron_hoe"},"overrides":[{"predicate":{"damaged":1},"model":"item/iron_hoe"},{"predicate":{"custom_model_data":100002},"model":"manalabs:wardrobe/head/batman"},{"predicate":{"custom_model_data":100003},"model":"manalabs:wardrobe/head/ironman"},{"predicate":{"custom_model_data":100004},"model":"manalabs:wardrobe/head/xxxtentacion"},{"predicate":{"custom_model_data":100005},"model":"manalabs:wardrobe/head/clown"},{"predicate":{"custom_model_data":100006},"model":"manalabs:wardrobe/head/roblox"},{"predicate":{"custom_model_data":100007},"model":"manalabs:wardrobe/head/shark"},{"predicate":{"custom_model_data":100008},"model":"manalabs:wardrobe/head/astronaut"},{"predicate":{"custom_model_data":100009},"model":"manalabs:wardrobe/head/bunnyears"},{"predicate":{"custom_model_data":100010},"model":"manalabs:wardrobe/head/toilet"},{"predicate":{"custom_model_data":100011},"model":"manalabs:wardrobe/head/beerhat"},{"predicate":{"custom_model_data":100012},"model":"manalabs:wardrobe/head/demogorgon"},{"predicate":{"custom_model_data":100018},"model":"manalabs:wardrobe/head/catinthehat"},{"predicate":{"custom_model_data":100019},"model":"manalabs:wardrobe/head/halo"},{"predicate":{"custom_model_data":100020},"model":"manalabs:wardrobe/head/groot"},{"predicate":{"custom_model_data":100021},"model":"manalabs:wardrobe/head/hulk"},{"predicate":{"custom_model_data":100022},"model":"manalabs:wardrobe/head/witch"},{"predicate":{"custom_model_data":100023},"model":"manalabs:wardrobe/head/wizard"},{"predicate":{"custom_model_data":100024},"model":"manalabs:wardrobe/head/fishbowl"},{"predicate":{"custom_model_data":100025},"model":"manalabs:wardrobe/head/koala"},{"predicate":{"custom_model_data":100026},"model":"manalabs:wardrobe/head/panda"},{"predicate":{"custom_model_data":100027},"model":"manalabs:wardrobe/head/penguin"},{"predicate":{"custom_model_data":100028},"model":"manalabs:wardrobe/head/shrek"},{"predicate":{"custom_model_data":100029},"model":"manalabs:wardrobe/head/stormtrooper"},{"predicate":{"custom_model_data":100030},"model":"manalabs:wardrobe/head/horse"},{"predicate":{"custom_model_data":100031},"model":"manalabs:wardrobe/head/trex"},{"predicate":{"custom_model_data":100032},"model":"manalabs:wardrobe/head/lion"},{"predicate":{"custom_model_data":100033},"model":"manalabs:wardrobe/head/cowboy"},{"predicate":{"custom_model_data":100034},"model":"manalabs:wardrobe/head/devil"},{"predicate":{"custom_model_data":100035},"model":"manalabs:wardrobe/head/glasses"},{"predicate":{"custom_model_data":100037},"model":"manalabs:wardrobe/head/joker"},{"predicate":{"custom_model_data":100038},"model":"manalabs:wardrobe/head/frankenstein"},{"predicate":{"custom_model_data":100039},"model":"manalabs:wardrobe/head/dayofthedead"},{"predicate":{"custom_model_data":100040},"model":"manalabs:wardrobe/head/friday13th"},{"predicate":{"custom_model_data":100041},"model":"manalabs:wardrobe/head/santa"},{"predicate":{"custom_model_data":100042},"model":"manalabs:wardrobe/hand/babyyoda"},{"predicate":{"custom_model_data":100043},"model":"manalabs:wardrobe/head/darthvader"},{"predicate":{"custom_model_data":100044},"model":"manalabs:wardrobe/head/mandalorian"},{"predicate":{"custom_model_data":100045},"model":"manalabs:wardrobe/head/yoda"},{"predicate":{"custom_model_data":100046},"model":"manalabs:wardrobe/head/valentinesbear"},{"predicate":{"custom_model_data":100047},"model":"manalabs:wardrobe/head/emerald_helmet"},{"predicate":{"custom_model_data":100049},"model":"manalabs:wardrobe/head/beaverhat"},{"predicate":{"custom_model_data":100050},"model":"manalabs:wardrobe/head/emerald_crown"},{"predicate":{"custom_model_data":100051},"model":"manalabs:crates/thanksgiving20_crate/turkey"},{"predicate":{"custom_model_data":100052},"model":"manalabs:crates/cybermonday_crate/cybermask"},{"predicate":{"custom_model_data":100053},"model":"manalabs:crates/christmas20_crate/dearhat"},{"predicate":{"custom_model_data":100054},"model":"manalabs:crates/christmas20_crate/snowmanhat"},{"predicate":{"custom_model_data":100055},"model":"manalabs:crates/newyear20_crate/partyhat"},{"predicate":{"custom_model_data":100056},"model":"manalabs:crates/newyear20_crate/glasses"},{"predicate":{"custom_model_data":100057},"model":"manalabs:crates/valentine20_crate/hat"},{"predicate":{"custom_model_data":100058},"model":"manalabs:crates/chinese21_crate/chinese_lantern"},{"predicate":{"custom_model_data":100059},"model":"manalabs:crates/chinese21_crate/oxe_helmet"},{"predicate":{"custom_model_data":100060},"model":"manalabs:crates/stpatrick21_crate/hat"},{"predicate":{"custom_model_data":100061},"model":"manalabs:crates/stpatrick21_crate/rainbow"},{"predicate":{"custom_model_data":100062},"model":"manalabs:crates/pokemon21_crate/bulbasaur_hat"},{"predicate":{"custom_model_data":100063},"model":"manalabs:crates/pokemon21_crate/eevee_hat"},{"predicate":{"custom_model_data":100064},"model":"manalabs:crates/easter21_crate/whipped_cream_hat"},{"predicate":{"custom_model_data":100065},"model":"manalabs:crates/toystory21_crate/bo_peep_bowtie"},{"predicate":{"custom_model_data":100066},"model":"manalabs:crates/harrypotter21_crate/magical_eye"},{"predicate":{"custom_model_data":100067},"model":"manalabs:crates/harrypotter21_crate/sorting_hat"},{"predicate":{"custom_model_data":100068},"model":"manalabs:crates/harrypotter21_crate/roweba_ravenclaws"},{"predicate":{"custom_model_data":100069},"model":"manalabs:crates/drseuss21_crate/thing_hat"},{"predicate":{"custom_model_data":100070},"model":"manalabs:crates/drseuss21_crate/kingderwin_hat"},{"predicate":{"custom_model_data":100071},"model":"manalabs:crates/easter21_crate/easter_egg_basket"},{"predicate":{"custom_model_data":100072},"model":"manalabs:crates/easter21_crate/whipped_cream_hat"},{"predicate":{"custom_model_data":100073},"model":"manalabs:wardrobe/head/donkeykonghat"},{"predicate":{"custom_model_data":100074},"model":"manalabs:wardrobe/head/impostorhat"},{"predicate":{"custom_model_data":100075},"model":"manalabs:wardrobe/head/tetrishat"},{"predicate":{"custom_model_data":100076},"model":"manalabs:wardrobe/head/partyhat"},{"predicate":{"custom_model_data":100077},"model":"manalabs:wardrobe/head/flowercrownblue"},{"predicate":{"custom_model_data":100078},"model":"manalabs:wardrobe/head/flowercrownpink"},{"predicate":{"custom_model_data":100079},"model":"manalabs:wardrobe/head/flowercrownrainbow"},{"predicate":{"custom_model_data":100080},"model":"manalabs:crates/spongebob21_crate/chum_bucket"},{"predicate":{"custom_model_data":100081},"model":"manalabs:crates/spongebob21_crate/krusty_hat"},{"predicate":{"custom_model_data":100082},"model":"manalabs:crates/anime21_crate/jotaro_hat"},{"predicate":{"custom_model_data":100083},"model":"manalabs:crates/anime21_crate/luffy_hat"},{"predicate":{"custom_model_data":100084},"model":"manalabs:crates/anime21_crate/obito_mask"},{"predicate":{"custom_model_data":100085},"model":"manalabs:crates/anime21_crate/tokyo_ghoul_mask"},{"predicate":{"custom_model_data":100086},"model":"manalabs:crates/anime21_crate/happy_preview"},{"predicate":{"custom_model_data":100087},"model":"manalabs:crates/anime21_crate/totoro_preview"},{"predicate":{"custom_model_data":100088},"model":"manalabs:crates/halloween21_crate/frontman_mask"},{"predicate":{"custom_model_data":100089},"model":"manalabs:crates/halloween21_crate/pumpkin_king"},{"predicate":{"custom_model_data":100090},"model":"manalabs:crates/halloween21_crate/reaper_hoodie"},{"predicate":{"custom_model_data":100091},"model":"manalabs:crates/halloween21_crate/scream_mask"},{"predicate":{"custom_model_data":100092},"model":"manalabs:crates/ocean21_crate/angler_fish_hat"},{"predicate":{"custom_model_data":100093},"model":"manalabs:crates/ocean21_crate/scuba_goggles"},{"predicate":{"custom_model_data":100094},"model":"manalabs:crates/christmas21_crate/christmas_scarf"},{"predicate":{"custom_model_data":100095},"model":"manalabs:crates/christmas21_crate/ice_crown"},{"predicate":{"custom_model_data":100096},"model":"manalabs:crates/christmas21_crate/santa_hat"},{"predicate":{"custom_model_data":100097},"model":"manalabs:crates/christmas21_crate/xmas_hat"},{"predicate":{"custom_model_data":100098},"model":"manalabs:crates/arctic21_crate/ice_cap"},{"predicate":{"custom_model_data":100099},"model":"manalabs:crates/arctic21_crate/narwal_horn"},{"predicate":{"custom_model_data":100100},"model":"manalabs:crates/valentines22_crate/bear_hood"},{"predicate":{"custom_model_data":100101},"model":"manalabs:crates/valentines22_crate/heart_hat"},{"predicate":{"custom_model_data":100102},"model":"manalabs:crates/banana_crate/strawberry_crown"},{"predicate":{"custom_model_data":100103},"model":"manalabs:crates/banana_crate/banana_hat"},{"predicate":{"custom_model_data":100104},"model":"manalabs:crates/blossom_crate/sunflower_hat"},{"predicate":{"custom_model_data":100105},"model":"manalabs:crates/blossom_crate/mushroom_hat"},{"predicate":{"custom_model_data":100106},"model":"manalabs:crates/skyrim_crate/crown_of_barenziah"},{"predicate":{"custom_model_data":100107},"model":"manalabs:crates/skyrim_crate/miraaks_mask"},{"predicate":{"custom_model_data":100108},"model":"manalabs:crates/mario_crate/luigis_hat"},{"predicate":{"custom_model_data":100109},"model":"manalabs:crates/mario_crate/marios_hat"},{"predicate":{"custom_model_data":100110},"model":"manalabs:crates/mario_crate/peach_crown"},{"predicate":{"custom_model_data":100111},"model":"manalabs:crates/space_crate/alien_antena"},{"predicate":{"custom_model_data":100112},"model":"manalabs:crates/space_crate/et_mask"},{"predicate":{"custom_model_data":100113},"model":"manalabs:crates/valentine20_crate/harp"},{"predicate":{"custom_model_data":100114},"model":"manalabs:crates/valentine20_crate/teddy_bear"},{"predicate":{"custom_model_data":100115},"model":"manalabs:crates/pokemon21_crate/pikachu"},{"predicate":{"custom_model_data":100116},"model":"manalabs:crates/pokemon21_crate/dragonite_wings"},{"predicate":{"custom_model_data":100117},"model":"manalabs:crates/toystory21_crate/alien_plushie"},{"predicate":{"custom_model_data":100118},"model":"manalabs:crates/toystory21_crate/penguin_plushie"},{"predicate":{"custom_model_data":100119},"model":"manalabs:crates/toystory21_crate/zurg_blaster"},{"predicate":{"custom_model_data":100120},"model":"manalabs:crates/toystory21_crate/zurg_cloak"},{"predicate":{"custom_model_data":200001},"model":"manalabs:wardrobe/head/ice_crown"},{"predicate":{"custom_model_data":200002},"model":"manalabs:wardrobe/head/gamer_headset"},{"predicate":{"custom_model_data":200003},"model":"manalabs:wardrobe/head/impostor_note"}]}