{"textures":{"0":"modelengine:custom/wither","particle":"modelengine:custom/wither"},"elements":[{"from":[2.12,-14.986231,7.152689],"to":[13.88,8.533768,18.91269],"faces":{"east":{"uv":[5.125,4.5625,5.4375,5.1875],"tintindex":0,"rotation":0,"texture":"#0"},"south":{"uv":[4.625,5.125,4.9375,5.75],"tintindex":0,"rotation":0,"texture":"#0"},"north":{"uv":[4.3125,5.125,4.625,5.75],"tintindex":0,"rotation":0,"texture":"#0"},"west":{"uv":[0.0,5.1875,0.3125,5.8125],"tintindex":0,"rotation":0,"texture":"#0"},"up":{"uv":[7.375,4.4375,7.0625,4.125],"tintindex":0,"rotation":0,"texture":"#0"},"down":{"uv":[4.75,7.0625,4.4375,7.375],"tintindex":0,"rotation":0,"texture":"#0"}},"rotation":{"origin":[8.0,-4.486231,8.412689],"angle":-22.5,"axis":"x"}},{"from":[-1.2399998,-8.266232,12.19269],"to":[17.24,-3.2262306,17.232689],"faces":{"east":{"uv":[8.8125,4.4375,8.9375,4.5625],"tintindex":0,"rotation":0,"texture":"#0"},"south":{"uv":[7.5625,1.375,8.03125,1.5],"tintindex":0,"rotation":0,"texture":"#0"},"north":{"uv":[4.65625,0.25,5.125,0.375],"tintindex":0,"rotation":0,"texture":"#0"},"west":{"uv":[8.8125,4.5625,8.9375,4.6875],"tintindex":0,"rotation":0,"texture":"#0"},"up":{"uv":[8.28125,5.9375,7.8125,5.8125],"tintindex":0,"rotation":0,"texture":"#0"},"down":{"uv":[8.28125,5.9375,7.8125,6.0625],"tintindex":0,"rotation":0,"texture":"#0"}},"rotation":{"origin":[8.0,-4.486231,8.412689],"angle":-22.5,"axis":"x"}},{"from":[4.6400003,-4.906231,17.232689],"to":[11.36,0.13376999,22.272688],"faces":{"east":{"uv":[8.8125,5.15625,8.9375,5.28125],"tintindex":0,"rotation":0,"texture":"#0"},"south":{"uv":[8.625,2.875,8.8125,3.0],"tintindex":0,"rotation":0,"texture":"#0"},"north":{"uv":[7.34375,3.15625,7.53125,3.28125],"tintindex":0,"rotation":0,"texture":"#0"},"west":{"uv":[8.8125,5.28125,8.9375,5.40625],"tintindex":0,"rotation":0,"texture":"#0"},"up":{"uv":[0.8125,8.84375,0.625,8.71875],"tintindex":0,"rotation":0,"texture":"#0"},"down":{"uv":[8.90625,1.1875,8.71875,1.3125],"tintindex":0,"rotation":0,"texture":"#0"}},"rotation":{"origin":[8.84,-4.486231,8.412689],"angle":-22.5,"axis":"x"}}],"display":{"gui":{"rotation":[30,225,0]}}}