{"file_name":"bottle","texture_size":[64,64],"textures":{"layer0":"manamodels/dionysus"},"elements":[{"name":"bottle_0","from":[7.4,5.7000017,6.5],"to":[8.6,9.300002,7.7],"rotation":{"angle":-45.0,"axis":"x","origin":[12.2,8.700002,7.1]},"faces":{"east":{"uv":[0.5,9.75,1.0,11.25],"texture":"#layer0","tintindex":0},"south":{"uv":[1.0,9.75,1.5,11.25],"texture":"#layer0","tintindex":0},"north":{"uv":[0.0,9.75,0.5,11.25],"texture":"#layer0","tintindex":0},"west":{"uv":[3.0,10.0,3.5,11.5],"texture":"#layer0","tintindex":0},"up":{"uv":[5.5,11.5,5.0,11.0],"texture":"#layer0","tintindex":0},"down":{"uv":[11.0,11.0,11.5,11.5],"texture":"#layer0","tintindex":0}}},{"name":"bottle_1","from":[7.6099997,9.300002,6.71],"to":[8.389999,11.100002,7.4900002],"rotation":{"angle":-45.0,"axis":"x","origin":[12.2,8.700002,7.1]},"faces":{"east":{"uv":[2.75,4.75,3.0,5.5],"texture":"#layer0","tintindex":0},"south":{"uv":[2.0,11.5,2.25,12.25],"texture":"#layer0","tintindex":0},"north":{"uv":[2.75,4.0,3.0,4.75],"texture":"#layer0","tintindex":0},"west":{"uv":[2.25,11.5,2.5,12.25],"texture":"#layer0","tintindex":0},"up":{"uv":[4.75,8.5,4.5,8.25],"texture":"#layer0","tintindex":0},"down":{"uv":[8.0,8.5,8.25,8.75],"texture":"#layer0","tintindex":0}}},{"name":"bottle_2","from":[7.4900002,11.100002,6.5899997],"to":[8.51,11.4000025,7.6099997],"rotation":{"angle":-45.0,"axis":"x","origin":[12.2,8.700002,7.1]},"faces":{"east":{"uv":[10.0,6.5,10.5,6.75],"texture":"#layer0","tintindex":0},"south":{"uv":[5.0,11.5,5.5,11.75],"texture":"#layer0","tintindex":0},"north":{"uv":[7.25,1.25,7.75,1.5],"texture":"#layer0","tintindex":0},"west":{"uv":[11.0,11.5,11.5,11.75],"texture":"#layer0","tintindex":0},"up":{"uv":[11.5,5.5,11.0,5.0],"texture":"#layer0","tintindex":0},"down":{"uv":[11.0,5.5,11.5,6.0],"texture":"#layer0","tintindex":0}}}],"display":{"head":{"translation":[0.0,-6.4,0.0],"rotation":[0.0,0.0,0.0],"scale":[3.8095,3.8095,3.8095]},"gui":{"translation":[0.0,0.0,0.0],"rotation":[35.0,225.0,0.0],"scale":[0.625,0.625,0.625]}}}