{"textures":{"0":"modelengine:custom/manawolf","particle":"modelengine:custom/manawolf"},"elements":[{"from":[6.5,0.85079956,6.47968],"to":[9.5,7.8507996,9.47968],"faces":{"east":{"uv":[11.375,0.0,11.0,0.875],"tintindex":0,"rotation":0,"texture":"#0"},"south":{"uv":[0.375,11.0,0.0,11.875],"tintindex":0,"rotation":0,"texture":"#0"},"north":{"uv":[10.5,10.75,10.125,11.625],"tintindex":0,"rotation":0,"texture":"#0"},"west":{"uv":[6.125,10.875,5.75,11.75],"tintindex":0,"rotation":0,"texture":"#0"},"up":{"uv":[12.25,8.125,12.625,7.75],"tintindex":0,"rotation":0,"texture":"#0"},"down":{"uv":[12.25,9.75,12.625,10.125],"tintindex":0,"rotation":0,"texture":"#0"}}},{"from":[8.0,0.85079956,6.47968],"to":[8.0,8.8508,13.47968],"faces":{"east":{"uv":[3.375,6.125,2.5,7.125],"tintindex":0,"rotation":0,"texture":"#0"},"west":{"uv":[6.75,3.25,5.875,4.25],"tintindex":0,"rotation":0,"texture":"#0"}}}],"display":{"gui":{"rotation":[30,225,0]}}}