{"textures":{"0":"modelengine:custom/toothless_pet","particle":"modelengine:custom/toothless_pet"},"elements":[{"from":[6.5,6.5,8.0],"to":[9.5,9.5,13.0],"faces":{"east":{"uv":[4.5,7.5,5.125,7.875],"tintindex":0,"rotation":0,"texture":"#0"},"south":{"uv":[6.125,7.5,6.5,7.875],"tintindex":0,"rotation":0,"texture":"#0"},"north":{"uv":[5.125,7.5,5.5,7.875],"tintindex":0,"rotation":0,"texture":"#0"},"west":{"uv":[5.5,7.5,6.125,7.875],"tintindex":0,"rotation":0,"texture":"#0"},"up":{"uv":[5.5,7.5,5.125,6.875],"tintindex":0,"rotation":0,"texture":"#0"},"down":{"uv":[5.875,6.875,5.5,7.5],"tintindex":0,"rotation":0,"texture":"#0"}}}],"display":{"gui":{"rotation":[30,225,0]}}}