{"display":{"thirdperson_righthand":{"rotation":[0,6,0],"translation":[0,8.5,1.5],"scale":[0.8,0.8,0.8]},"thirdperson_lefthand":{"rotation":[0,6,0],"translation":[0,8.5,1.5],"scale":[0.8,0.8,0.8]},"firstperson_righthand":{"rotation":[0,15,0],"translation":[2.5,3.75,1.25],"scale":[0.4,0.4,0.4]},"firstperson_lefthand":{"rotation":[0,15,0],"translation":[2.5,3.75,1.25],"scale":[0.4,0.4,0.4]},"ground":{"translation":[0,6.75,0],"scale":[0.6,0.6,0.6]},"gui":{"rotation":[63,47,-88.23],"translation":[1.75,1.75,0],"scale":[0.47,0.47,0.47]},"head":{"translation":[0,0,-1]},"fixed":{"rotation":[0,90,0],"translation":[0,4.75,-1.5],"scale":[0.6,0.6,0.6]}},"texture_size":[64,64],"textures":{"0":"crates/easter23/easter_egg_blaster","particle":"crates/easter23/easter_egg_blaster"},"elements":[{"from":[5.35355,0,-2],"to":[10.35355,5,20],"rotation":{"angle":-45,"axis":"z","origin":[8.35355,2.5,8]},"faces":{"north":{"uv":[7.75,6,9,7.25],"texture":"#0"},"east":{"uv":[2.5,8,1.25,2.5],"rotation":90,"texture":"#0"},"south":{"uv":[6.25,8,7.5,9.25],"texture":"#0"},"west":{"uv":[0,1.25,5.5,2.5],"texture":"#0"},"up":{"uv":[0,2.5,5.5,1.25],"rotation":90,"texture":"#0"},"down":{"uv":[2.5,2.5,1.25,8],"texture":"#0"}}},{"from":[4.85355,-0.5,6],"to":[10.85355,5.5,15],"rotation":{"angle":-45,"axis":"z","origin":[8.35355,2.5,8]},"faces":{"north":{"uv":[4,5.5,2.5,7],"texture":"#0"},"east":{"uv":[6.25,4.75,4.75,7],"rotation":90,"texture":"#0"},"south":{"uv":[2.5,5.5,4,7],"texture":"#0"},"west":{"uv":[2.5,4,4.75,5.5],"texture":"#0"},"up":{"uv":[4.75,5.5,2.5,4],"rotation":90,"texture":"#0"},"down":{"uv":[6.25,4.75,4.75,7],"texture":"#0"}}},{"from":[7,3.5,0],"to":[9,8.5,1],"rotation":{"angle":0,"axis":"y","origin":[6.5,2.5,8]},"faces":{"north":{"uv":[4.5,9.5,5,10.75],"texture":"#0"},"east":{"uv":[4.5,5.5,4.75,6.75],"texture":"#0"},"south":{"uv":[8.75,9.5,9.25,10.75],"texture":"#0"},"west":{"uv":[9,6,9.25,7.25],"texture":"#0"},"up":{"uv":[6,2.5,5.5,2.25],"texture":"#0"},"down":{"uv":[10,3.5,9.5,3.75],"texture":"#0"}}},{"from":[7,3.5,3],"to":[9,7.5,4],"rotation":{"angle":0,"axis":"y","origin":[6.5,2.5,8]},"faces":{"north":{"uv":[9.75,0,10.25,1],"texture":"#0"},"east":{"uv":[5,9.5,5.25,10.5],"texture":"#0"},"south":{"uv":[9.75,1,10.25,2],"texture":"#0"},"west":{"uv":[2.5,9.75,2.75,10.75],"texture":"#0"},"up":{"uv":[10,6,9.5,5.75],"texture":"#0"},"down":{"uv":[10.25,2,9.75,2.25],"texture":"#0"}}},{"from":[7,-7.5,10],"to":[9,1.5,14],"rotation":{"angle":0,"axis":"y","origin":[6.5,2.5,8]},"faces":{"north":{"uv":[8.75,7.25,9.25,9.5],"texture":"#0"},"east":{"uv":[6.25,1.5,7.25,3.75],"texture":"#0"},"south":{"uv":[8.75,7.25,9.25,9.5],"texture":"#0"},"west":{"uv":[6.25,3.75,7.25,6],"texture":"#0"},"up":{"uv":[2,10.75,1.5,9.75],"texture":"#0"},"down":{"uv":[2.5,9.75,2,10.75],"texture":"#0"}}},{"from":[7,-4.5,4],"to":[9,1.5,6],"rotation":{"angle":0,"axis":"y","origin":[6.5,2.5,8]},"faces":{"north":{"uv":[4,9.5,4.5,11],"texture":"#0"},"east":{"uv":[8.25,9.25,8.75,10.75],"texture":"#0"},"south":{"uv":[8.25,9.25,8.75,10.75],"texture":"#0"},"west":{"uv":[4,9.5,4.5,11],"texture":"#0"},"up":{"uv":[2,8.5,1.5,8],"texture":"#0"},"down":{"uv":[2.5,8,2,8.5],"texture":"#0"}}},{"from":[7,2,-5],"to":[9,4,4],"rotation":{"angle":0,"axis":"y","origin":[9,2.5,8]},"faces":{"north":{"uv":[9.5,3,10,3.5],"texture":"#0"},"east":{"uv":[8.5,4.75,10.75,5.25],"texture":"#0"},"south":{"uv":[9.5,5.25,10,5.75],"texture":"#0"},"west":{"uv":[8.75,2.5,11,3],"texture":"#0"},"up":{"uv":[6.75,11.5,6.25,9.25],"texture":"#0"},"down":{"uv":[7.25,9.25,6.75,11.5],"texture":"#0"}}},{"from":[6.5,1.5,16],"to":[9.5,4.5,25],"rotation":{"angle":0,"axis":"y","origin":[9.5,2.5,8]},"faces":{"north":{"uv":[5.5,1.5,6.25,2.25],"texture":"#0"},"east":{"uv":[7.25,5.25,9.5,6],"texture":"#0"},"south":{"uv":[8.75,3,9.5,3.75],"texture":"#0"},"west":{"uv":[6.25,7.25,8.5,8],"texture":"#0"},"up":{"uv":[0.75,10.25,0,8],"texture":"#0"},"down":{"uv":[1.5,8,0.75,10.25],"texture":"#0"}}},{"from":[5.5,0.5,21],"to":[10.5,5.5,27],"rotation":{"angle":0,"axis":"y","origin":[9.5,2.5,8]},"faces":{"north":{"uv":[7.5,8,8.75,9.25],"texture":"#0"},"east":{"uv":[6.25,6,7.75,7.25],"texture":"#0"},"south":{"uv":[8.5,0,9.75,1.25],"texture":"#0"},"west":{"uv":[7,0,8.5,1.25],"texture":"#0"},"up":{"uv":[3.75,8.5,2.5,7],"texture":"#0"},"down":{"uv":[5,7,3.75,8.5],"texture":"#0"}}},{"from":[5.5,0.75,-9],"to":[10.5,5.75,-3],"rotation":{"angle":0,"axis":"y","origin":[11.5,2.5,8]},"faces":{"north":{"uv":[1.5,8.5,2.75,9.75],"texture":"#0"},"east":{"uv":[7.25,1.25,8.75,2.5],"texture":"#0"},"south":{"uv":[2.75,8.5,4,9.75],"texture":"#0"},"west":{"uv":[7.25,2.5,8.75,3.75],"texture":"#0"},"up":{"uv":[7.25,3.75,8.75,2.5],"rotation":90,"texture":"#0"},"down":{"uv":[8.75,3.75,7.25,2.5],"rotation":90,"texture":"#0"}}},{"from":[6,1.25,-11],"to":[10,5.25,-6],"rotation":{"angle":0,"axis":"y","origin":[11,2.5,8]},"faces":{"north":{"uv":[7.25,9.25,8.25,10.25],"texture":"#0"},"east":{"uv":[8.5,3.75,9.75,4.75],"texture":"#0"},"south":{"uv":[9.25,8.25,10.25,9.25],"texture":"#0"},"west":{"uv":[4,8.5,5.25,9.5],"texture":"#0"},"up":{"uv":[6.25,9.75,5.25,8.5],"texture":"#0"},"down":{"uv":[8.5,4.75,9.75,3.75],"rotation":90,"texture":"#0"}}}],"gui_light":"front"}