{"textures":{"0":"modelengine:custom/samurai_wolf","particle":"modelengine:custom/samurai_wolf"},"elements":[{"from":[6.6,-1.65,7.7999997],"to":[9.4,5.15,11.599999],"faces":{"east":{"uv":[10.25,0.0,9.75,0.875],"tintindex":0,"rotation":0,"texture":"#0"},"south":{"uv":[10.875,3.75,10.5,4.625],"tintindex":0,"rotation":0,"texture":"#0"},"north":{"uv":[2.0,10.5,1.625,11.375],"tintindex":0,"rotation":0,"texture":"#0"},"west":{"uv":[10.125,9.5,9.625,10.375],"tintindex":0,"rotation":0,"texture":"#0"},"up":{"uv":[6.625,1.625,7.0,1.125],"tintindex":0,"rotation":0,"texture":"#0"},"down":{"uv":[11.0,4.375,11.375,4.875],"tintindex":0,"rotation":0,"texture":"#0"}}}],"display":{"gui":{"rotation":[30,225,0]}}}