{"file_name":"arm_left","texture_size":[64,64],"textures":{"layer0":"manamodels/aphrodite"},"elements":[{"name":"arm_left_0","from":[6.5,7.4,3.6499999],"to":[8.0,8.9,8.45],"rotation":{"angle":-22.5,"axis":"x","origin":[6.2,8.15,8.45]},"faces":{"east":{"uv":[11.25,10.5,13.25,11.25],"texture":"#layer0","tintindex":0},"south":{"uv":[14.25,7.25,15.0,8.0],"texture":"#layer0","tintindex":0},"north":{"uv":[14.25,6.5,15.0,7.25],"texture":"#layer0","tintindex":0},"west":{"uv":[12.25,7.0,14.25,7.75],"texture":"#layer0","tintindex":0},"up":{"uv":[3.25,13.0,2.5,11.0],"texture":"#layer0","tintindex":0},"down":{"uv":[3.25,12.75,4.0,14.75],"texture":"#layer0","tintindex":0}}},{"name":"arm_left_1","from":[6.4700003,7.3700004,3.9499998],"to":[8.030001,8.93,5.8999996],"rotation":{"angle":-22.5,"axis":"x","origin":[6.2,8.15,8.45]},"faces":{"east":{"uv":[14.0,11.75,14.75,12.5],"texture":"#layer0","tintindex":0},"south":{"uv":[14.0,12.5,14.75,13.25],"texture":"#layer0","tintindex":0},"north":{"uv":[14.0,11.0,14.75,11.75],"texture":"#layer0","tintindex":0},"west":{"uv":[11.0,14.25,11.75,15.0],"texture":"#layer0","tintindex":0},"up":{"uv":[15.0,0.75,14.25,0.0],"texture":"#layer0","tintindex":0},"down":{"uv":[14.25,0.75,15.0,1.5],"texture":"#layer0","tintindex":0}}},{"name":"arm_left_2","from":[6.35,7.25,1.8499998],"to":[8.15,9.05,3.6499999],"rotation":{"angle":-22.5,"axis":"x","origin":[6.2,8.15,8.45]},"faces":{"east":{"uv":[13.25,10.25,14.0,11.0],"texture":"#layer0","tintindex":0},"south":{"uv":[13.25,12.0,14.0,12.75],"texture":"#layer0","tintindex":0},"north":{"uv":[10.5,13.25,11.25,14.0],"texture":"#layer0","tintindex":0},"west":{"uv":[11.25,13.5,12.0,14.25],"texture":"#layer0","tintindex":0},"up":{"uv":[14.25,8.5,13.5,7.75],"texture":"#layer0","tintindex":0},"down":{"uv":[13.5,8.5,14.25,9.25],"texture":"#layer0","tintindex":0}}},{"name":"arm_left_3","from":[6.5,5.8999996,1.5499997],"to":[8.0,7.4,3.0499997],"rotation":{"angle":0.0,"axis":"z","origin":[8.0,8.0,8.0]},"faces":{"east":{"uv":[0.75,13.75,1.5,14.5],"texture":"#layer0","tintindex":0},"south":{"uv":[4.0,13.75,4.75,14.5],"texture":"#layer0","tintindex":0},"north":{"uv":[0.0,13.75,0.75,14.5],"texture":"#layer0","tintindex":0},"west":{"uv":[4.75,13.75,5.5,14.5],"texture":"#layer0","tintindex":0},"up":{"uv":[6.25,14.5,5.5,13.75],"texture":"#layer0","tintindex":0},"down":{"uv":[6.25,13.75,7.0,14.5],"texture":"#layer0","tintindex":0}}},{"name":"arm_left_4","from":[7.1,7.4,2.1499996],"to":[7.4,8.0,2.4499998],"rotation":{"angle":0.0,"axis":"z","origin":[8.0,8.0,8.0]},"faces":{"east":{"uv":[12.75,10.25,13.0,10.5],"texture":"#layer0","tintindex":0},"south":{"uv":[8.75,13.0,9.0,13.25],"texture":"#layer0","tintindex":0},"north":{"uv":[12.75,3.0,13.0,3.25],"texture":"#layer0","tintindex":0},"west":{"uv":[13.0,10.25,13.25,10.5],"texture":"#layer0","tintindex":0},"up":{"uv":[13.5,11.25,13.25,11.0],"texture":"#layer0","tintindex":0},"down":{"uv":[13.5,9.25,13.75,9.5],"texture":"#layer0","tintindex":0}}}],"display":{"head":{"translation":[0.0,-6.4,0.0],"rotation":[0.0,0.0,0.0],"scale":[3.8095,3.8095,3.8095]},"gui":{"translation":[0.0,0.0,0.0],"rotation":[35.0,225.0,0.0],"scale":[0.625,0.625,0.625]}}}