{"file_name":"torso","texture_size":[64,64],"textures":{"layer0":"manamodels/aphrodite"},"elements":[{"name":"torso_0","from":[6.035,13.400001,3.695],"to":[9.965,15.05,5.495],"rotation":{"angle":-45.0,"axis":"x","origin":[11.6,14.75,9.095]},"faces":{"east":{"uv":[7.25,11.0,8.0,11.75],"texture":"#layer0","tintindex":0},"south":{"uv":[12.25,11.25,14.0,12.0],"texture":"#layer0","tintindex":0},"north":{"uv":[5.25,4.5,7.0,5.25],"texture":"#layer0","tintindex":0},"west":{"uv":[1.75,13.25,2.5,14.0],"texture":"#layer0","tintindex":0},"up":{"uv":[14.5,2.25,12.75,1.5],"texture":"#layer0","tintindex":0},"down":{"uv":[12.75,2.25,14.5,3.0],"texture":"#layer0","tintindex":0}}},{"name":"torso_1","from":[6.2,7.0249996,6.335],"to":[9.8,12.425,9.935],"rotation":{"angle":0.0,"axis":"z","origin":[8.0,8.0,8.0]},"faces":{"east":{"uv":[7.0,0.0,8.5,2.25],"texture":"#layer0","tintindex":0},"south":{"uv":[7.0,2.25,8.5,4.5],"texture":"#layer0","tintindex":0},"north":{"uv":[7.0,7.0,8.5,9.25],"texture":"#layer0","tintindex":0},"west":{"uv":[7.0,4.5,8.5,6.75],"texture":"#layer0","tintindex":0},"up":{"uv":[11.75,10.25,10.25,8.75],"texture":"#layer0","tintindex":0},"down":{"uv":[0.0,11.75,1.5,13.25],"texture":"#layer0","tintindex":0}}}],"display":{"head":{"translation":[0.0,-6.4,0.0],"rotation":[0.0,0.0,0.0],"scale":[3.8095,3.8095,3.8095]},"gui":{"translation":[0.0,0.0,0.0],"rotation":[35.0,225.0,0.0],"scale":[0.625,0.625,0.625]}}}