{"file_name":"back_leg_right","texture_size":[64,64],"textures":{"layer0":"manamodels/otter"},"elements":[{"name":"back_leg_right_0","from":[7.1599994,5.72,7.16],"to":[8.839998,8.599999,8.84],"rotation":{"angle":0.0,"axis":"z","origin":[8.0,8.0,8.0]},"faces":{"east":{"uv":[9.25,4.5,10.0,5.75],"texture":"#layer0","tintindex":0},"south":{"uv":[9.25,8.25,10.0,9.5],"texture":"#layer0","tintindex":0},"north":{"uv":[9.25,3.0,10.0,4.25],"texture":"#layer0","tintindex":0},"west":{"uv":[9.5,0.0,10.25,1.25],"texture":"#layer0","tintindex":0},"up":{"uv":[10.25,11.25,9.5,10.5],"texture":"#layer0","tintindex":0},"down":{"uv":[10.5,10.5,11.25,11.25],"texture":"#layer0","tintindex":0}}}],"display":{"head":{"translation":[0.0,-6.4,0.0],"rotation":[0.0,0.0,0.0],"scale":[3.8095,3.8095,3.8095]},"gui":{"translation":[0.0,0.0,0.0],"rotation":[35.0,225.0,0.0],"scale":[0.625,0.625,0.625]}}}