{"file_name":"head","texture_size":[64,64],"textures":{"layer0":"manamodels/otter"},"elements":[{"name":"head_0","from":[6.2,6.6500006,5.45],"to":[9.8,10.25,9.05],"rotation":{"angle":0.0,"axis":"z","origin":[8.0,8.0,8.0]},"faces":{"east":{"uv":[3.25,3.0,4.75,4.5],"texture":"#layer0","tintindex":0},"south":{"uv":[4.5,0.0,6.0,1.5],"texture":"#layer0","tintindex":0},"north":{"uv":[1.5,3.0,3.0,4.5],"texture":"#layer0","tintindex":0},"west":{"uv":[1.5,4.75,3.0,6.25],"texture":"#layer0","tintindex":0},"up":{"uv":[4.75,6.25,3.25,4.75],"texture":"#layer0","tintindex":0},"down":{"uv":[5.0,1.75,6.5,3.25],"texture":"#layer0","tintindex":0}}},{"name":"head_1","from":[6.1850004,7.9700003,5.4049997],"to":[6.785,8.570001,5.4049997],"rotation":{"angle":0.0,"axis":"z","origin":[8.0,8.0,8.0]},"faces":{"east":{"uv":[6.0,8.5,6.0,8.75],"texture":"#layer0","tintindex":0},"south":{"uv":[5.5,10.0,5.75,10.25],"texture":"#layer0","tintindex":0},"north":{"uv":[9.75,2.5,10.0,2.75],"texture":"#layer0","tintindex":0},"west":{"uv":[6.0,9.0,6.0,9.25],"texture":"#layer0","tintindex":0},"up":{"uv":[6.5,8.0,6.25,8.0],"texture":"#layer0","tintindex":0},"down":{"uv":[4.0,8.25,4.25,8.25],"texture":"#layer0","tintindex":0}}},{"name":"head_2","from":[6.455,8.225,5.345],"to":[6.6949997,8.465,5.345],"rotation":{"angle":0.0,"axis":"z","origin":[8.0,8.0,8.0]},"faces":{"east":{"uv":[1.25,6.0,1.25,6.25],"texture":"#layer0","tintindex":0},"south":{"uv":[8.75,3.5,9.0,3.75],"texture":"#layer0","tintindex":0},"north":{"uv":[8.75,3.0,9.0,3.25],"texture":"#layer0","tintindex":0},"west":{"uv":[4.75,6.5,4.75,6.75],"texture":"#layer0","tintindex":0},"up":{"uv":[4.75,2.75,4.5,2.75],"texture":"#layer0","tintindex":0},"down":{"uv":[8.0,1.5,8.25,1.5],"texture":"#layer0","tintindex":0}}},{"name":"head_3","from":[9.305,8.225,5.345],"to":[9.545,8.465,5.345],"rotation":{"angle":0.0,"axis":"z","origin":[8.0,8.0,8.0]},"faces":{"east":{"uv":[7.25,10.75,7.25,11.0],"texture":"#layer0","tintindex":0},"south":{"uv":[1.5,10.75,1.75,11.0],"texture":"#layer0","tintindex":0},"north":{"uv":[5.5,10.5,5.75,10.75],"texture":"#layer0","tintindex":0},"west":{"uv":[7.5,10.75,7.5,11.0],"texture":"#layer0","tintindex":0},"up":{"uv":[9.0,4.0,8.75,4.0],"texture":"#layer0","tintindex":0},"down":{"uv":[7.75,10.75,8.0,10.75],"texture":"#layer0","tintindex":0}}},{"name":"head_4","from":[9.215,7.9700003,5.4049997],"to":[9.815001,8.570001,5.4049997],"rotation":{"angle":0.0,"axis":"z","origin":[8.0,8.0,8.0]},"faces":{"east":{"uv":[8.25,10.75,8.25,11.0],"texture":"#layer0","tintindex":0},"south":{"uv":[2.5,10.75,2.75,11.0],"texture":"#layer0","tintindex":0},"north":{"uv":[2.0,10.75,2.25,11.0],"texture":"#layer0","tintindex":0},"west":{"uv":[8.5,10.75,8.5,11.0],"texture":"#layer0","tintindex":0},"up":{"uv":[9.0,10.75,8.75,10.75],"texture":"#layer0","tintindex":0},"down":{"uv":[1.0,11.0,1.25,11.0],"texture":"#layer0","tintindex":0}}},{"name":"head_5","from":[9.815001,7.9700003,5.4049997],"to":[9.815001,8.570001,5.705],"rotation":{"angle":0.0,"axis":"z","origin":[8.0,8.0,8.0]},"faces":{"east":{"uv":[4.0,10.75,4.25,11.0],"texture":"#layer0","tintindex":0},"south":{"uv":[11.0,1.0,11.0,1.25],"texture":"#layer0","tintindex":0},"north":{"uv":[9.25,10.75,9.25,11.0],"texture":"#layer0","tintindex":0},"west":{"uv":[4.5,10.75,4.75,11.0],"texture":"#layer0","tintindex":0},"up":{"uv":[11.0,1.75,11.0,1.5],"texture":"#layer0","tintindex":0},"down":{"uv":[11.0,2.0,11.0,2.25],"texture":"#layer0","tintindex":0}}},{"name":"head_6","from":[6.1850004,7.9700003,5.4049997],"to":[6.1850004,8.570001,5.705],"rotation":{"angle":0.0,"axis":"z","origin":[8.0,8.0,8.0]},"faces":{"east":{"uv":[1.0,10.5,1.25,10.75],"texture":"#layer0","tintindex":0},"south":{"uv":[5.0,10.75,5.0,11.0],"texture":"#layer0","tintindex":0},"north":{"uv":[10.0,7.75,10.0,8.0],"texture":"#layer0","tintindex":0},"west":{"uv":[10.5,1.0,10.75,1.25],"texture":"#layer0","tintindex":0},"up":{"uv":[5.25,11.0,5.25,10.75],"texture":"#layer0","tintindex":0},"down":{"uv":[7.0,10.75,7.0,11.0],"texture":"#layer0","tintindex":0}}},{"name":"head_7","from":[2.8053977,5.552486,6.05],"to":[6.405398,9.152487,6.05],"rotation":{"angle":22.5,"axis":"z","origin":[4.5453978,7.3524866,6.05]},"faces":{"east":{"uv":[3.0,11.0,3.0,12.5],"texture":"#layer0","tintindex":0},"south":{"uv":[5.0,5.25,6.5,6.75],"texture":"#layer0","tintindex":0},"north":{"uv":[5.0,3.5,6.5,5.0],"texture":"#layer0","tintindex":0},"west":{"uv":[3.25,11.0,3.25,12.5],"texture":"#layer0","tintindex":0},"up":{"uv":[12.5,6.0,11.0,6.0],"texture":"#layer0","tintindex":0},"down":{"uv":[11.0,6.25,12.5,6.25],"texture":"#layer0","tintindex":0}}},{"name":"head_8","from":[9.594602,5.552486,6.05],"to":[13.194602,9.152487,6.05],"rotation":{"angle":-22.5,"axis":"z","origin":[11.454602,7.3524866,6.05]},"faces":{"east":{"uv":[3.5,11.0,3.5,12.5],"texture":"#layer0","tintindex":0},"south":{"uv":[0.0,6.5,1.5,8.0],"texture":"#layer0","tintindex":0},"north":{"uv":[6.25,0.0,7.75,1.5],"texture":"#layer0","tintindex":0},"west":{"uv":[3.75,11.0,3.75,12.5],"texture":"#layer0","tintindex":0},"up":{"uv":[12.5,6.5,11.0,6.5],"texture":"#layer0","tintindex":0},"down":{"uv":[11.0,6.75,12.5,6.75],"texture":"#layer0","tintindex":0}}},{"name":"head_9","from":[6.8,6.6500006,4.85],"to":[9.2,8.45,5.45],"rotation":{"angle":0.0,"axis":"z","origin":[8.0,8.0,8.0]},"faces":{"east":{"uv":[4.5,1.75,4.75,2.5],"texture":"#layer0","tintindex":0},"south":{"uv":[8.25,9.75,9.25,10.5],"texture":"#layer0","tintindex":0},"north":{"uv":[7.0,9.75,8.0,10.5],"texture":"#layer0","tintindex":0},"west":{"uv":[6.25,7.0,6.5,7.75],"texture":"#layer0","tintindex":0},"up":{"uv":[1.0,6.25,0.0,6.0],"texture":"#layer0","tintindex":0},"down":{"uv":[10.25,5.5,11.25,5.75],"texture":"#layer0","tintindex":0}}}],"display":{"head":{"translation":[0.0,-6.4,0.0],"rotation":[0.0,0.0,0.0],"scale":[3.8095,3.8095,3.8095]},"gui":{"translation":[0.0,0.0,0.0],"rotation":[35.0,225.0,0.0],"scale":[0.625,0.625,0.625]}}}