{"display":{"thirdperson_righthand":{"rotation":[0,-90,0],"translation":[0,-3.25,1.25]},"thirdperson_lefthand":{"rotation":[0,90,0]},"firstperson_righthand":{"rotation":[5,-88,11],"translation":[2,1.5,-1.25]}},"texture_size":[64,64],"textures":{"0":"gear/axe/cupidaxe","particle":"gear/axe/cupidaxe"},"elements":[{"from":[7.5,0.25,7.5],"to":[8.5,15,8.5],"faces":{"north":{"uv":[2.5,7.5,3,15],"texture":"#0"},"east":{"uv":[3,7.5,3.5,15],"texture":"#0"},"south":{"uv":[7.5,0,8,7.5],"texture":"#0"},"west":{"uv":[8,0,8.5,7.5],"texture":"#0"},"up":{"uv":[10.5,4.75,11,5.25],"texture":"#0"},"down":{"uv":[10.75,9.25,11.25,9.75],"texture":"#0"}}},{"from":[8.25,15,7.75],"to":[9.25,18,8.25],"rotation":{"angle":-45,"axis":"z","origin":[7.98604,15.99998,8.01399]},"faces":{"north":{"uv":[6.5,10,7,11.5],"texture":"#0"},"east":{"uv":[10.5,3.25,10.75,4.75],"texture":"#0"},"south":{"uv":[9.75,10,10.25,11.5],"texture":"#0"},"west":{"uv":[10.75,3.25,11,4.75],"texture":"#0"},"up":{"uv":[3.75,3.5,4.25,3.75],"texture":"#0"},"down":{"uv":[4.25,3.5,4.75,3.75],"texture":"#0"}}},{"from":[2.75,15.5,7.25],"to":[7.5,18.5,8.75],"rotation":{"angle":-45,"axis":"z","origin":[7.23691,14.9991,8.01398]},"faces":{"north":{"uv":[3.5,8.5,6,10],"texture":"#0"},"east":{"uv":[9,3.75,9.75,5.25],"texture":"#0"},"south":{"uv":[8.5,0,11,1.5],"texture":"#0"},"west":{"uv":[9.5,2.25,10.25,3.75],"texture":"#0"},"up":{"uv":[3.75,2.75,6.25,3.5],"texture":"#0"},"down":{"uv":[8.5,1.5,11,2.25],"texture":"#0"}}},{"from":[2.25,15.75,7.25],"to":[2.75,18.25,8.75],"rotation":{"angle":-45,"axis":"z","origin":[7.23691,14.9991,8.01398]},"faces":{"north":{"uv":[10.75,8,11,9.25],"texture":"#0"},"east":{"uv":[1.75,10,2.5,11.25],"texture":"#0"},"south":{"uv":[0.75,11,1,12.25],"texture":"#0"},"west":{"uv":[7.5,10,8.25,11.25],"texture":"#0"},"up":{"uv":[3.75,11,4,11.75],"texture":"#0"},"down":{"uv":[4,11,4.25,11.75],"texture":"#0"}}},{"from":[2,16,7.25],"to":[2.25,18,8.75],"rotation":{"angle":-45,"axis":"z","origin":[7.23691,14.9991,8.01398]},"faces":{"north":{"uv":[7.25,2.75,7.5,3.75],"texture":"#0"},"east":{"uv":[10,8,10.75,9],"texture":"#0"},"south":{"uv":[3.5,7.5,3.75,8.5],"texture":"#0"},"west":{"uv":[10,9,10.75,10],"texture":"#0"},"up":{"uv":[4.75,11,5,11.75],"texture":"#0"},"down":{"uv":[5,11,5.25,11.75],"texture":"#0"}}},{"from":[13.25,16,7.25],"to":[13.5,18,8.75],"rotation":{"angle":45,"axis":"z","origin":[8.26309,14.9991,8.01398]},"faces":{"north":{"uv":[1.5,11,1.75,12],"texture":"#0"},"east":{"uv":[10.25,10.25,11,11.25],"texture":"#0"},"south":{"uv":[3.5,11,3.75,12],"texture":"#0"},"west":{"uv":[10.25,2.25,11,3.25],"texture":"#0"},"up":{"uv":[5.25,11,5.5,11.75],"texture":"#0"},"down":{"uv":[5.5,11,5.75,11.75],"texture":"#0"}}},{"from":[12.75,15.75,7.25],"to":[13.25,18.25,8.75],"rotation":{"angle":45,"axis":"z","origin":[8.26309,14.9991,8.01398]},"faces":{"north":{"uv":[1,11,1.25,12.25],"texture":"#0"},"east":{"uv":[8.25,10,9,11.25],"texture":"#0"},"south":{"uv":[1.25,11,1.5,12.25],"texture":"#0"},"west":{"uv":[9,10,9.75,11.25],"texture":"#0"},"up":{"uv":[4.25,11,4.5,11.75],"texture":"#0"},"down":{"uv":[4.5,11,4.75,11.75],"texture":"#0"}}},{"from":[11,15.5,7.25],"to":[12.75,18.5,8.75],"rotation":{"angle":45,"axis":"z","origin":[8.26309,14.9991,8.01398]},"faces":{"north":{"uv":[6,8.5,7,10],"texture":"#0"},"east":{"uv":[9.75,3.75,10.5,5.25],"texture":"#0"},"south":{"uv":[8.5,2.25,9.5,3.75],"texture":"#0"},"west":{"uv":[0,10,0.75,11.5],"texture":"#0"},"up":{"uv":[10,5.25,11,6],"texture":"#0"},"down":{"uv":[10,7.25,11,8],"texture":"#0"}}},{"from":[9,14.25,8],"to":[16.25,19.5,8],"faces":{"north":{"uv":[3.75,0,7.5,2.75],"texture":"#0"},"east":{"uv":[0,0,0,2.75],"texture":"#0"},"south":{"uv":[0,4.75,3.75,7.5],"texture":"#0"},"west":{"uv":[0,0,0,2.75],"texture":"#0"},"up":{"uv":[0,0,3.75,0],"texture":"#0"},"down":{"uv":[0,0,3.75,0],"texture":"#0"}}},{"from":[0.75,12.75,8],"to":[8,22,8],"faces":{"north":{"uv":[0,0,3.75,4.75],"texture":"#0"},"east":{"uv":[0,0,0,4.75],"texture":"#0"},"south":{"uv":[3.75,3.75,7.5,8.5],"texture":"#0"},"west":{"uv":[0,0,0,4.75],"texture":"#0"},"up":{"uv":[0,0,3.75,0],"texture":"#0"},"down":{"uv":[0,0,3.75,0],"texture":"#0"}}},{"from":[5,15.5,7.75],"to":[8,19.5,8.25],"faces":{"north":{"uv":[0,7.5,2.5,10],"texture":"#0"},"east":{"uv":[7,8.5,7.5,11],"texture":"#0"},"south":{"uv":[7.5,7.5,10,10],"texture":"#0"},"west":{"uv":[8.5,3.75,9,6.25],"texture":"#0"},"up":{"uv":[8.5,6.25,11,6.75],"texture":"#0"},"down":{"uv":[8.5,6.75,11,7.25],"texture":"#0"}}},{"from":[7,0,7],"to":[9,2,9],"rotation":{"angle":-45,"axis":"z","origin":[8.01222,1.00002,7.98776]},"faces":{"north":{"uv":[6.25,2.75,7.25,3.75],"texture":"#0"},"east":{"uv":[9,5.25,10,6.25],"texture":"#0"},"south":{"uv":[0.75,10,1.75,11],"texture":"#0"},"west":{"uv":[3.5,10,4.5,11],"texture":"#0"},"up":{"uv":[4.5,10,5.5,11],"texture":"#0"},"down":{"uv":[5.5,10,6.5,11],"texture":"#0"}}}]}