{"display":{"thirdperson_righthand":{"rotation":[75,45,0],"translation":[0,2.5,0],"scale":[0.375,0.375,0.375]},"thirdperson_lefthand":{"rotation":[75,45,0],"translation":[0,2.5,0],"scale":[0.375,0.375,0.375]},"firstperson_righthand":{"rotation":[0,125,0],"translation":[3.5,0,0],"scale":[0.4,0.4,0.4]},"firstperson_lefthand":{"rotation":[0,125,0],"translation":[3.5,0,0],"scale":[0.4,0.4,0.4]},"ground":{"translation":[0,3,0],"scale":[0.25,0.25,0.25]},"gui":{"rotation":[30,225,0],"translation":[3.5,-5,0],"scale":[0.625,0.625,0.625]},"head":{"translation":[0,-24,6.25],"scale":[1.7,1.7,1.7]},"fixed":{"rotation":[2,0,0],"translation":[-29,-24,-11],"scale":[2,2,2]}},"texture_size":[64,64],"textures":{"2":"festivals/winter/christmas_lights_anim","particle":"festivals/winter/christmas_lights"},"elements":[{"from":[-16,6,12],"to":[32,28,12],"faces":{"north":{"uv":[0,0,12,5.5],"texture":"#2"},"east":{"uv":[0,0,0,5.5],"texture":"#2"},"south":{"uv":[0,5.5,12,11],"texture":"#2"},"west":{"uv":[0,0,0,5.5],"texture":"#2"},"up":{"uv":[12,0,0,0],"texture":"#2"},"down":{"uv":[12,0,0,0],"texture":"#2"}}},{"from":[-4.5,11.25,10.5],"to":[-1.5,16.25,13.5],"rotation":{"angle":-22.5,"axis":"z","origin":[4.5,20.25,12]},"faces":{"north":{"uv":[0,11,0.75,12.25],"texture":"#2"},"east":{"uv":[0,11,0.75,12.25],"texture":"#2"},"south":{"uv":[0,11,0.75,12.25],"texture":"#2"},"west":{"uv":[0,11,0.75,12.25],"texture":"#2"},"up":{"uv":[12.75,0.75,12,0],"texture":"#2"},"down":{"uv":[12.75,0.75,12,1.5],"texture":"#2"}}},{"from":[18,14,10.5],"to":[21,19,13.5],"rotation":{"angle":22.5,"axis":"z","origin":[18.5,20.25,12]},"faces":{"north":{"uv":[3,11,3.75,12.25],"texture":"#2"},"east":{"uv":[3,11,3.75,12.25],"texture":"#2"},"south":{"uv":[3,11,3.75,12.25],"texture":"#2"},"west":{"uv":[3,11,3.75,12.25],"texture":"#2"},"up":{"uv":[12.75,2.25,12,1.5],"texture":"#2"},"down":{"uv":[12.75,2.25,12,3],"texture":"#2"}}},{"from":[10,13.25,10.5],"to":[13,18.25,13.5],"rotation":{"angle":0,"axis":"y","origin":[-4.5,20.25,12]},"faces":{"north":{"uv":[6,11,6.75,12.25],"texture":"#2"},"east":{"uv":[6,11,6.75,12.25],"texture":"#2"},"south":{"uv":[6,11,6.75,12.25],"texture":"#2"},"west":{"uv":[6,11,6.75,12.25],"texture":"#2"},"up":{"uv":[12.75,3.75,12,3],"texture":"#2"},"down":{"uv":[12.75,3.75,12,4.5],"texture":"#2"}}},{"from":[26,16,10.5],"to":[29,21,13.5],"rotation":{"angle":45,"axis":"z","origin":[24.5,20.25,12]},"faces":{"north":{"uv":[9,11,9.75,12.25],"texture":"#2"},"east":{"uv":[9,11,9.75,12.25],"texture":"#2"},"south":{"uv":[9,11,9.75,12.25],"texture":"#2"},"west":{"uv":[9,11,9.75,12.25],"texture":"#2"},"up":{"uv":[12.75,5.25,12,4.5],"texture":"#2"},"down":{"uv":[12.75,5.25,12,6],"texture":"#2"}}},{"from":[26.5,21,11],"to":[28.5,23,13],"rotation":{"angle":45,"axis":"z","origin":[24.5,20.25,12]},"faces":{"north":{"uv":[12,6,12.5,6.5],"texture":"#2"},"east":{"uv":[12,6.5,12.5,7],"texture":"#2"},"south":{"uv":[12,7,12.5,7.5],"texture":"#2"},"west":{"uv":[12,7.5,12.5,8],"texture":"#2"},"up":{"uv":[12.5,8.5,12,8],"texture":"#2"},"down":{"uv":[12.5,8.5,12,9],"texture":"#2"}}},{"from":[3.5,18,11],"to":[5.5,20,13],"rotation":{"angle":0,"axis":"y","origin":[24.5,20.25,12]},"faces":{"north":{"uv":[12,6,12.5,6.5],"texture":"#2"},"east":{"uv":[12,6.5,12.5,7],"texture":"#2"},"south":{"uv":[12,7,12.5,7.5],"texture":"#2"},"west":{"uv":[12,7.5,12.5,8],"texture":"#2"},"up":{"uv":[12.5,8.5,12,8],"texture":"#2"},"down":{"uv":[12.5,8.5,12,9],"texture":"#2"}}},{"from":[3,13,10.5],"to":[6,18,13.5],"rotation":{"angle":0,"axis":"y","origin":[24.5,20.25,12]},"faces":{"north":{"uv":[9,11,9.75,12.25],"texture":"#2"},"east":{"uv":[9,11,9.75,12.25],"texture":"#2"},"south":{"uv":[9,11,9.75,12.25],"texture":"#2"},"west":{"uv":[9,11,9.75,12.25],"texture":"#2"},"up":{"uv":[12.75,5.25,12,4.5],"texture":"#2"},"down":{"uv":[12.75,5.25,12,6],"texture":"#2"}}},{"from":[10.5,18,11],"to":[12.5,20,13],"rotation":{"angle":0,"axis":"y","origin":[-8.5,20.25,12]},"faces":{"north":{"uv":[12.5,6,12,6.5],"texture":"#2"},"east":{"uv":[12.5,7.5,12,8],"texture":"#2"},"south":{"uv":[12.5,7,12,7.5],"texture":"#2"},"west":{"uv":[12.5,6.5,12,7],"texture":"#2"},"up":{"uv":[12,8.5,12.5,8],"texture":"#2"},"down":{"uv":[12,8.5,12.5,9],"texture":"#2"}}},{"from":[-8.5,6,11],"to":[-6.5,8,13],"rotation":{"angle":-45,"axis":"z","origin":[11.5,17.375,12]},"faces":{"north":{"uv":[12.5,6,12,6.5],"texture":"#2"},"east":{"uv":[12.5,7.5,12,8],"texture":"#2"},"south":{"uv":[12.5,7,12,7.5],"texture":"#2"},"west":{"uv":[12.5,6.5,12,7],"texture":"#2"},"up":{"uv":[12,8.5,12.5,8],"texture":"#2"},"down":{"uv":[12,8.5,12.5,9],"texture":"#2"}}},{"from":[-9,1.25,10.5],"to":[-6,6.25,13.5],"rotation":{"angle":-45,"axis":"z","origin":[11.5,17.375,12]},"faces":{"north":{"uv":[6,11,6.75,12.25],"texture":"#2"},"east":{"uv":[6,11,6.75,12.25],"texture":"#2"},"south":{"uv":[6,11,6.75,12.25],"texture":"#2"},"west":{"uv":[6,11,6.75,12.25],"texture":"#2"},"up":{"uv":[12.75,3.75,12,3],"texture":"#2"},"down":{"uv":[12.75,3.75,12,4.5],"texture":"#2"}}},{"from":[18.5,19,11],"to":[20.5,21,13],"rotation":{"angle":22.5,"axis":"z","origin":[18.5,20.25,12]},"faces":{"north":{"uv":[12,9,12.5,9.5],"texture":"#2"},"east":{"uv":[12,9.5,12.5,10],"texture":"#2"},"south":{"uv":[12,10,12.5,10.5],"texture":"#2"},"west":{"uv":[12,10.5,12.5,11],"texture":"#2"},"up":{"uv":[12.5,11.5,12,11],"texture":"#2"},"down":{"uv":[12.5,11.5,12,12],"texture":"#2"}}},{"from":[-4.5,19,11],"to":[-2.5,21,13],"rotation":{"angle":-22.5,"axis":"z","origin":[-2.5,20.25,12]},"faces":{"north":{"uv":[12.5,9,12,9.5],"texture":"#2"},"east":{"uv":[12.5,10.5,12,11],"texture":"#2"},"south":{"uv":[12.5,10,12,10.5],"texture":"#2"},"west":{"uv":[12.5,9.5,12,10],"texture":"#2"},"up":{"uv":[12,11.5,12.5,11],"texture":"#2"},"down":{"uv":[12,11.5,12.5,12],"texture":"#2"}}}]}