{"display":{"thirdperson_righthand":{"translation":[0,6,1],"scale":[0.8,0.8,0.8]},"thirdperson_lefthand":{"translation":[0,6,1],"scale":[0.8,0.8,0.8]},"firstperson_righthand":{"rotation":[-20,0,0],"translation":[2.75,3.25,0],"scale":[0.6,0.6,0.6]},"firstperson_lefthand":{"rotation":[-20,0,0],"translation":[2.75,3.25,0],"scale":[0.6,0.6,0.6]},"ground":{"rotation":[-36,0,0],"translation":[0,7.75,0],"scale":[0.5,0.5,0.5]},"gui":{"rotation":[-60,-44,-82],"translation":[0.25,0,0],"scale":[0.45,0.45,0.45]},"fixed":{"rotation":[-92.72,-43.2,-91.89]}},"texture_size":[32,32],"textures":{"0":"crates/wild/crocodile_staff","particle":"crates/wild/crocodile_staff"},"elements":[{"from":[7.5,-16,7.5],"to":[8.5,15,8.5],"rotation":{"angle":0,"axis":"y","origin":[8,14,8]},"faces":{"north":{"uv":[4.5,0,5,15.5],"texture":"#0"},"east":{"uv":[4.5,0,5,15.5],"texture":"#0"},"south":{"uv":[4.5,0,5,15.5],"texture":"#0"},"west":{"uv":[5.5,0,6,15.5],"texture":"#0"},"up":{"uv":[12.5,3,12,2.5],"texture":"#0"},"down":{"uv":[4,12,3.5,12.5],"texture":"#0"}}},{"from":[7,11,7],"to":[9,23,9],"rotation":{"angle":45,"axis":"y","origin":[8,14,8]},"faces":{"north":{"uv":[6,5,7,11],"texture":"#0"},"east":{"uv":[7,5,6,11],"texture":"#0"},"south":{"uv":[6,5,7,11],"texture":"#0"},"west":{"uv":[7,5,6,11],"texture":"#0"},"up":{"uv":[3.5,13,2.5,12],"texture":"#0"},"down":{"uv":[10,12,9,13],"texture":"#0"}}},{"from":[7,8,7],"to":[9,10,9],"rotation":{"angle":45,"axis":"y","origin":[8,14,8]},"faces":{"north":{"uv":[10,12,11,13],"texture":"#0"},"east":{"uv":[11,12,10,13],"texture":"#0"},"south":{"uv":[10,12,11,13],"texture":"#0"},"west":{"uv":[11,12,10,13],"texture":"#0"},"up":{"uv":[13.5,2,12.5,1],"texture":"#0"},"down":{"uv":[13.5,2,12.5,3],"texture":"#0"}}},{"from":[7,5,7],"to":[9,6,9],"rotation":{"angle":45,"axis":"y","origin":[8,14,8]},"faces":{"north":{"uv":[2.5,13,3.5,13.5],"texture":"#0"},"east":{"uv":[3.5,13,2.5,13.5],"texture":"#0"},"south":{"uv":[2.5,13,3.5,13.5],"texture":"#0"},"west":{"uv":[3.5,13,2.5,13.5],"texture":"#0"},"up":{"uv":[13.5,4,12.5,3],"texture":"#0"},"down":{"uv":[13.5,4,12.5,5],"texture":"#0"}}},{"from":[5.49,18.34098,5.94808],"to":[10.51,23.36098,9.96808],"rotation":{"angle":0,"axis":"y","origin":[8,19.65275,5.68664]},"faces":{"north":{"uv":[6,0,8.5,2.5],"texture":"#0"},"east":{"uv":[11,5.5,9,8],"texture":"#0"},"south":{"uv":[6,2.5,8.5,5],"texture":"#0"},"west":{"uv":[9,5.5,11,8],"texture":"#0"},"up":{"uv":[11.5,10,9,8],"texture":"#0"},"down":{"uv":[11.5,10,9,12],"texture":"#0"}}},{"from":[5.5,20.35098,9.95808],"to":[6.5,22.35098,10.95808],"rotation":{"angle":0,"axis":"y","origin":[8,19.65275,5.68664]},"faces":{"north":{"uv":[14.5,8.5,15,9.5],"texture":"#0"},"east":{"uv":[15,8.5,15.5,9.5],"texture":"#0"},"south":{"uv":[15,7.5,15.5,8.5],"texture":"#0"},"west":{"uv":[15.5,8.5,16,9.5],"texture":"#0"},"up":{"uv":[15.5,10,15,9.5],"texture":"#0"},"down":{"uv":[15.5,10,15,10.5],"texture":"#0"}}},{"from":[9.5,20.35098,9.95808],"to":[10.5,22.35098,10.95808],"rotation":{"angle":0,"axis":"y","origin":[8,19.65275,5.68664]},"faces":{"north":{"uv":[15,8.5,14.5,9.5],"texture":"#0"},"east":{"uv":[16,8.5,15.5,9.5],"texture":"#0"},"south":{"uv":[15.5,7.5,15,8.5],"texture":"#0"},"west":{"uv":[15.5,8.5,15,9.5],"texture":"#0"},"up":{"uv":[15,10,15.5,9.5],"texture":"#0"},"down":{"uv":[15,10,15.5,10.5],"texture":"#0"}}},{"from":[8,5.35098,7.95808],"to":[8,23.35098,11.95808],"rotation":{"angle":0,"axis":"y","origin":[10.5,19.65275,5.68664]},"faces":{"north":{"uv":[0,0,0,9],"texture":"#0"},"east":{"uv":[0,0,2,9],"texture":"#0"},"south":{"uv":[0,0,0,9],"texture":"#0"},"west":{"uv":[2,0,4,9],"texture":"#0"},"up":{"uv":[0,2,0,0],"texture":"#0"},"down":{"uv":[0,0,0,2],"texture":"#0"}}},{"from":[6,23.35098,6.95808],"to":[10,29.35098,8.95808],"rotation":{"angle":0,"axis":"y","origin":[8,19.65275,5.68664]},"faces":{"north":{"uv":[8.5,0,10.5,3],"texture":"#0"},"east":{"uv":[3,9,4,12],"texture":"#0"},"south":{"uv":[1,9,3,12],"texture":"#0"},"west":{"uv":[6,11,7,14],"texture":"#0"},"up":{"uv":[13,7,11,6],"texture":"#0"},"down":{"uv":[13,7,11,8],"texture":"#0"}}},{"from":[6.1,23.45098,6.20808],"to":[9.9,29.25098,7.00808],"rotation":{"angle":0,"axis":"y","origin":[8,19.65275,5.68664]},"faces":{"north":{"uv":[14,13,16,16],"texture":"#0"},"east":{"uv":[11.5,13,12,16],"texture":"#0"},"south":{"uv":[12,13,14,16],"texture":"#0"},"west":{"uv":[11,13,11.5,16],"texture":"#0"},"up":{"uv":[10,14.75,8,14.25],"texture":"#0"},"down":{"uv":[10.25,15,8.25,15.5],"texture":"#0"}}},{"from":[6,27.35098,8.95808],"to":[10,29.35098,9.95808],"rotation":{"angle":0,"axis":"y","origin":[8,19.65275,5.68664]},"faces":{"north":{"uv":[11.5,8,13.5,9],"texture":"#0"},"east":{"uv":[8.5,3,9,4],"texture":"#0"},"south":{"uv":[11.5,9,13.5,10],"texture":"#0"},"west":{"uv":[8.5,4,9,5],"texture":"#0"},"up":{"uv":[14.5,5.5,12.5,5],"texture":"#0"},"down":{"uv":[14.5,5.5,12.5,6],"texture":"#0"}}},{"from":[6.5,22.85098,5.95808],"to":[9.5,28.85098,7.95808],"rotation":{"angle":0,"axis":"y","origin":[8,19.65275,5.68664]},"faces":{"north":{"uv":[10.5,0,12,3],"texture":"#0"},"east":{"uv":[7,11,8,14],"texture":"#0"},"south":{"uv":[11,3,12.5,6],"texture":"#0"},"west":{"uv":[8,11,9,14],"texture":"#0"},"up":{"uv":[13,11,11.5,10],"texture":"#0"},"down":{"uv":[13,11,11.5,12],"texture":"#0"}}},{"name":"cube inverted","from":[9.9,29.25098,7.00808],"to":[6.1,23.45098,6.20808],"rotation":{"angle":0,"axis":"y","origin":[8,19.65275,5.68664]},"faces":{"north":{"uv":[12,16,14,13],"texture":"#0"},"east":{"uv":[11,16,11.5,13],"texture":"#0"},"south":{"uv":[14,16,16,13],"texture":"#0"},"west":{"uv":[11.5,16,12,13],"texture":"#0"},"up":{"uv":[8.25,15,10.25,15.5],"texture":"#0"},"down":{"uv":[8,14.75,10,14.25],"texture":"#0"}}}]}