{"display":{"thirdperson_righthand":{"rotation":[75,45,0],"translation":[0,-0.75,0],"scale":[0.375,0.375,0.375]},"thirdperson_lefthand":{"rotation":[75,45,0],"translation":[0,-0.75,0],"scale":[0.375,0.375,0.375]},"firstperson_righthand":{"rotation":[0,110,0],"translation":[4,-2.25,0],"scale":[0.4,0.4,0.4]},"firstperson_lefthand":{"rotation":[0,110,0],"translation":[4,-2.25,0],"scale":[0.4,0.4,0.4]},"ground":{"translation":[0,-4,0],"scale":[0.7,0.7,0.7]},"gui":{"rotation":[14,144,0],"translation":[2,-10.75,0],"scale":[1.45,1.45,1.45]},"head":{"rotation":[-4,0,0],"translation":[0,-61.75,1.5],"scale":[2,2,2]},"fixed":{"translation":[0,-15.25,5.5],"scale":[2,2,2]}},"texture_size":[32,32],"textures":{"0":"crates/wild/kangaroo_pouch","particle":"crates/wild/kangaroo_pouch"},"elements":[{"from":[4.5,11,4],"to":[11.5,16,7],"rotation":{"angle":-22.5,"axis":"x","origin":[8,15,4.5]},"faces":{"north":{"uv":[0,0,3.5,2.5],"texture":"#0"},"east":{"uv":[3.5,3,5,5.5],"texture":"#0"},"south":{"uv":[0,2.5,3.5,5],"texture":"#0"},"west":{"uv":[0,5,1.5,7.5],"texture":"#0"},"up":{"uv":[7,1.5,3.5,0],"texture":"#0"},"down":{"uv":[7,1.5,3.5,3],"texture":"#0"}}},{"from":[7,15,4],"to":[9,18,6],"rotation":{"angle":0,"axis":"y","origin":[8.5,15,4.5]},"faces":{"north":{"uv":[5,6,6,7.5],"texture":"#0"},"east":{"uv":[6,6,7,7.5],"texture":"#0"},"south":{"uv":[3,6.5,4,8],"texture":"#0"},"west":{"uv":[6.5,3,7.5,4.5],"texture":"#0"},"up":{"uv":[8,3,7,2],"texture":"#0"},"down":{"uv":[1,7.5,0,8.5],"texture":"#0"}}},{"from":[6.5,17.25,2],"to":[9.5,19.25,6],"rotation":{"angle":-22.5,"axis":"x","origin":[8,17.5,4.5]},"faces":{"north":{"uv":[7,0,8.5,1],"texture":"#0"},"east":{"uv":[5,5,7,6],"texture":"#0"},"south":{"uv":[7,1,8.5,2],"texture":"#0"},"west":{"uv":[3,5.5,5,6.5],"texture":"#0"},"up":{"uv":[3,7,1.5,5],"texture":"#0"},"down":{"uv":[6.5,3,5,5],"texture":"#0"}}},{"from":[8.5,18.5,4.25],"to":[10.5,21.5,5.25],"rotation":{"angle":-22.5,"axis":"z","origin":[9,19.5,4.75]},"faces":{"north":{"uv":[4,6.5,5,8],"texture":"#0"},"east":{"uv":[2.5,7,3,8.5],"texture":"#0"},"south":{"uv":[1.5,7,2.5,8.5],"texture":"#0"},"west":{"uv":[1,7.5,1.5,9],"texture":"#0"},"up":{"uv":[6.5,8,5.5,7.5],"texture":"#0"},"down":{"uv":[7.5,7.5,6.5,8],"texture":"#0"}}},{"from":[5.5,18.5,4.25],"to":[7.5,21.5,5.25],"rotation":{"angle":22.5,"axis":"z","origin":[7,19.5,4.75]},"faces":{"north":{"uv":[7,4.5,8,6],"texture":"#0"},"east":{"uv":[7.5,3,8,4.5],"texture":"#0"},"south":{"uv":[7,6,8,7.5],"texture":"#0"},"west":{"uv":[5,7.5,5.5,9],"texture":"#0"},"up":{"uv":[8.5,8,7.5,7.5],"texture":"#0"},"down":{"uv":[9,2,8,2.5],"texture":"#0"}}}]}