{"display":{"thirdperson_righthand":{"rotation":[77,18,0],"scale":[0.5,0.5,0.5]},"thirdperson_lefthand":{"rotation":[77,18,0],"scale":[0.5,0.5,0.5]},"firstperson_righthand":{"rotation":[0,14,0],"translation":[2,3.5,0],"scale":[0.5,0.5,0.5]},"firstperson_lefthand":{"rotation":[0,14,0],"translation":[2,3.5,0],"scale":[0.5,0.5,0.5]},"ground":{"scale":[0.6,0.6,0.6]},"gui":{"rotation":[25,24,0],"translation":[0,1,0],"scale":[0.75,0.75,0.75]},"head":{"translation":[0,7,0],"scale":[1.5,1.5,1.5]},"fixed":{"rotation":[-90,0,0],"translation":[0,0,-2.5]}},"texture_size":[64,64],"textures":{"0":"crates/wild/safari_hat","particle":"crates/wild/safari_hat"},"elements":[{"from":[3,5,3],"to":[13,9,13],"faces":{"north":{"uv":[4.75,5,7.25,6],"texture":"#0"},"east":{"uv":[4.75,5,7.25,6],"texture":"#0"},"south":{"uv":[4.75,7,7.25,8],"texture":"#0"},"west":{"uv":[4.75,5,7.25,6],"texture":"#0"},"up":{"uv":[7.25,2.5,4.75,0],"texture":"#0"},"down":{"uv":[7.25,2.5,4.75,5],"texture":"#0"}}},{"from":[-1.5,5.2,-1.5],"to":[17.5,5.2,17.5],"rotation":{"angle":0,"axis":"y","origin":[-0.5,0,-0.5]},"faces":{"north":{"uv":[0,0,4.75,0],"texture":"#0"},"east":{"uv":[0,0,4.75,0],"texture":"#0"},"south":{"uv":[0,0,4.75,0],"texture":"#0"},"west":{"uv":[0,0,4.75,0],"texture":"#0"},"up":{"uv":[4.75,4.75,0,0],"texture":"#0"},"down":{"uv":[4.75,0,0,4.75],"texture":"#0"}}}]}