{"display":{"thirdperson_righthand":{"translation":[0,3.5,-1.75],"scale":[0.6,0.6,0.6]},"thirdperson_lefthand":{"translation":[0,3.5,-1.75],"scale":[0.6,0.6,0.6]},"firstperson_righthand":{"translation":[3,1.25,-0.75],"scale":[0.4,0.4,0.4]},"firstperson_lefthand":{"translation":[3,1.25,-0.75],"scale":[0.4,0.4,0.4]},"ground":{"translation":[0,1.25,0],"scale":[0.5,0.5,0.5]},"gui":{"rotation":[26,-120,0],"translation":[1.25,0,0],"scale":[0.58,0.58,0.58]},"fixed":{"rotation":[-91,135,0],"translation":[0,0,-4]}},"texture_size":[64,64],"textures":{"1":"crates/wild/tranquilizer_crossbow","particle":"block/tranquilizer_crossbow"},"elements":[{"from":[6.51,-1.99,12.76],"to":[9.49,6.99,16.74],"rotation":{"angle":-22.5,"axis":"x","origin":[8.5,3,13.5]},"faces":{"north":{"uv":[2,4.25,2.75,6.5],"texture":"#1"},"east":{"uv":[0,4.25,1,6.5],"texture":"#1"},"south":{"uv":[2.75,4.25,3.5,6.5],"texture":"#1"},"west":{"uv":[1,4.25,2,6.5],"texture":"#1"},"up":{"uv":[5.5,8,4.75,7],"texture":"#1"},"down":{"uv":[6.25,7,5.5,8],"texture":"#1"}}},{"from":[7,6,8.75],"to":[7,8,17.75],"rotation":{"angle":0,"axis":"y","origin":[8.5,3,9.5]},"faces":{"north":{"uv":[0,0,0,0.5],"texture":"#1"},"east":{"uv":[7,3.5,4.75,4],"texture":"#1"},"south":{"uv":[0,0,0,0.5],"texture":"#1"},"west":{"uv":[4.75,3.5,7,4],"texture":"#1"},"up":{"uv":[0,2.25,0,0],"texture":"#1"},"down":{"uv":[0,0,0,2.25],"texture":"#1"}}},{"from":[9,6,8.75],"to":[9,8,17.75],"rotation":{"angle":0,"axis":"y","origin":[7.5,3,9.5]},"faces":{"north":{"uv":[0,0,0,0.5],"texture":"#1"},"east":{"uv":[7,3.5,4.75,4],"texture":"#1"},"south":{"uv":[0,0,0,0.5],"texture":"#1"},"west":{"uv":[4.75,3.5,7,4],"texture":"#1"},"up":{"uv":[0,2.25,0,0],"texture":"#1"},"down":{"uv":[0,0,0,2.25],"texture":"#1"}}},{"from":[6,5,17.75],"to":[10,8,20.75],"rotation":{"angle":0,"axis":"y","origin":[8.5,3,9.5]},"faces":{"north":{"uv":[7,4.25,8,5],"texture":"#1"},"east":{"uv":[0,8,0.75,8.75],"texture":"#1"},"south":{"uv":[6.25,7.5,7.25,8.25],"texture":"#1"},"west":{"uv":[8,3.75,8.75,4.5],"texture":"#1"},"up":{"uv":[8.25,8.25,7.25,7.5],"texture":"#1"},"down":{"uv":[8,5,7,4.25],"texture":"#1"}}},{"from":[8,0,8.75],"to":[8,7,16.75],"rotation":{"angle":0,"axis":"y","origin":[9,3,13.5]},"faces":{"north":{"uv":[0,0,0,1.75],"texture":"#1"},"east":{"uv":[0,2.5,2,4.25],"texture":"#1"},"south":{"uv":[0,0,0,1.75],"texture":"#1"},"west":{"uv":[2,2.5,4,4.25],"texture":"#1"},"up":{"uv":[0,2,0,0],"texture":"#1"},"down":{"uv":[0,0,0,2],"texture":"#1"}}},{"from":[6.5,3,0],"to":[9.5,8,15],"rotation":{"angle":0,"axis":"y","origin":[8.5,3,10.5]},"faces":{"north":{"uv":[1,7,1.75,8.25],"texture":"#1"},"east":{"uv":[0,0,3.75,1.25],"texture":"#1"},"south":{"uv":[7,3,7.75,4.25],"texture":"#1"},"west":{"uv":[0,1.25,3.75,2.5],"texture":"#1"},"up":{"uv":[4.75,3.75,4,0],"texture":"#1"},"down":{"uv":[4.75,3.75,4,7.5],"texture":"#1"}}},{"from":[6.5,8,11],"to":[9.5,10,15],"rotation":{"angle":0,"axis":"y","origin":[8.5,3,10.5]},"faces":{"north":{"uv":[1.5,8.5,2.25,9],"texture":"#1"},"east":{"uv":[8,4.5,9,5],"texture":"#1"},"south":{"uv":[2.25,8.5,3,9],"texture":"#1"},"west":{"uv":[7,8.25,8,8.75],"texture":"#1"},"up":{"uv":[4.75,8.5,4,7.5],"texture":"#1"},"down":{"uv":[8.5,6.5,7.75,7.5],"texture":"#1"}}},{"from":[7,10,12.5],"to":[9,11,13.5],"rotation":{"angle":0,"axis":"y","origin":[9,3,10.5]},"faces":{"north":{"uv":[1.5,8.25,2,8.5],"texture":"#1"},"east":{"uv":[3.75,2,4,2.25],"texture":"#1"},"south":{"uv":[8.25,8,8.75,8.25],"texture":"#1"},"west":{"uv":[3.75,2.25,4,2.5],"texture":"#1"},"up":{"uv":[9.25,8.25,8.75,8],"texture":"#1"},"down":{"uv":[6.75,9,6.25,9.25],"texture":"#1"}}},{"from":[6.79289,9.5,7],"to":[8.79289,11.5,10],"rotation":{"angle":45,"axis":"z","origin":[7.29289,11,13]},"faces":{"north":{"uv":[6.25,7,6.75,7.5],"texture":"#1"},"east":{"uv":[3.5,9.25,3,8.5],"rotation":90,"texture":"#1"},"south":{"uv":[3.5,8.75,4,9.25],"texture":"#1"},"west":{"uv":[8.5,6.5,9.25,7],"texture":"#1"},"up":{"uv":[3.5,9.25,3,8.5],"texture":"#1"},"down":{"uv":[3.5,8.5,3,9.25],"texture":"#1"}}},{"from":[6.99289,9.7,9.2],"to":[8.59289,11.3,16.8],"rotation":{"angle":45,"axis":"z","origin":[7.29289,11,13]},"faces":{"north":{"uv":[8.5,8.75,9,9.25],"texture":"#1"},"east":{"uv":[2,6.5,2.5,8.5],"rotation":90,"texture":"#1"},"south":{"uv":[0.5,9,1,9.5],"texture":"#1"},"west":{"uv":[2,6.5,2.5,8.5],"rotation":90,"texture":"#1"},"up":{"uv":[2.5,8.5,2,6.5],"texture":"#1"},"down":{"uv":[2.5,6.5,2,8.5],"texture":"#1"}}},{"from":[6.79289,9.5,16],"to":[8.79289,11.5,18],"rotation":{"angle":45,"axis":"z","origin":[7.29289,11,13]},"faces":{"north":{"uv":[1,9,1.5,9.5],"texture":"#1"},"east":{"uv":[4,9.5,4.5,9],"rotation":90,"texture":"#1"},"south":{"uv":[2,9,2.5,9.5],"texture":"#1"},"west":{"uv":[2.5,9,3,9.5],"texture":"#1"},"up":{"uv":[4.5,9.5,4,9],"texture":"#1"},"down":{"uv":[3,9,2.5,9.5],"rotation":90,"texture":"#1"}}},{"from":[7.75,5,2.75],"to":[25.75,7,3.75],"rotation":{"angle":-22.5,"axis":"y","origin":[17,5.5,1.5]},"faces":{"north":{"uv":[4.75,0,9.25,0.5],"texture":"#1"},"east":{"uv":[3.75,0,4,0.5],"texture":"#1"},"south":{"uv":[4.75,0.5,9.25,1],"texture":"#1"},"west":{"uv":[3.75,0.5,4,1],"texture":"#1"},"up":{"uv":[9.25,5.25,4.75,5],"texture":"#1"},"down":{"uv":[9.25,5.25,4.75,5.5],"texture":"#1"}}},{"from":[23.05,4.9,5.15],"to":[26.25,7.1,8.35],"rotation":{"angle":45,"axis":"y","origin":[24.15,6,7.25]},"faces":{"north":{"uv":[8.5,7,9.25,7.5],"texture":"#1"},"east":{"uv":[8.75,3,9.5,3.5],"texture":"#1"},"south":{"uv":[9.5,3,8.75,3.5],"texture":"#1"},"west":{"uv":[9.25,7,8.5,7.5],"texture":"#1"},"up":{"uv":[5.5,8.75,4.75,8],"texture":"#1"},"down":{"uv":[5.5,8,4.75,8.75],"texture":"#1"}}},{"from":[-10.25,4.9,5.15],"to":[-7.05,7.1,8.35],"rotation":{"angle":-45,"axis":"y","origin":[-8.15,6,7.25]},"faces":{"north":{"uv":[9.25,7,8.5,7.5],"texture":"#1"},"east":{"uv":[9.5,4,8.75,4.5],"texture":"#1"},"south":{"uv":[9.5,3.5,8.75,4],"texture":"#1"},"west":{"uv":[9.5,3,8.75,3.5],"texture":"#1"},"up":{"uv":[4.75,8.75,5.5,8],"texture":"#1"},"down":{"uv":[4.75,8,5.5,8.75],"texture":"#1"}}},{"from":[-9.75,5,2.75],"to":[8.25,7,3.75],"rotation":{"angle":22.5,"axis":"y","origin":[-1,5.5,1.5]},"faces":{"north":{"uv":[4.75,1,9.25,1.5],"texture":"#1"},"east":{"uv":[3.75,1,4,1.5],"texture":"#1"},"south":{"uv":[4.75,1.5,9.25,2],"texture":"#1"},"west":{"uv":[3.75,1.5,4,2],"texture":"#1"},"up":{"uv":[9.25,5.75,4.75,5.5],"texture":"#1"},"down":{"uv":[9.25,5.75,4.75,6],"texture":"#1"}}},{"from":[-7.15,5.25,4.25],"to":[13.85,6.25,4.25],"rotation":{"angle":-45,"axis":"y","origin":[-8.15,6,3.25]},"faces":{"north":{"uv":[4.75,2.75,10,3],"texture":"#1"},"east":{"uv":[0,0,0,0.25],"texture":"#1"},"south":{"uv":[4.75,2.75,10,3],"texture":"#1"},"west":{"uv":[0,0,0,0.25],"texture":"#1"},"up":{"uv":[5.25,0,0,0],"texture":"#1"},"down":{"uv":[5.25,0,0,0],"texture":"#1"}}},{"from":[2.15,5.25,4.25],"to":[23.15,6.25,4.25],"rotation":{"angle":45,"axis":"y","origin":[24.15,6,3.25]},"faces":{"north":{"uv":[10,2.75,4.75,3],"texture":"#1"},"east":{"uv":[0,0,0,0.25],"texture":"#1"},"south":{"uv":[10,2.75,4.75,3],"texture":"#1"},"west":{"uv":[0,0,0,0.25],"texture":"#1"},"up":{"uv":[0,0,5.25,0],"texture":"#1"},"down":{"uv":[0,0,5.25,0],"texture":"#1"}}},{"from":[5.88645,6.24,-0.01],"to":[9.90645,10.26,2.01],"rotation":{"angle":45,"axis":"z","origin":[7.64645,8.5,1.5]},"faces":{"north":{"uv":[6.75,6.5,7.75,7.5],"texture":"#1"},"east":{"uv":[8.25,7.5,9.25,8],"rotation":90,"texture":"#1"},"south":{"uv":[7.75,6.5,6.75,7.5],"texture":"#1"},"west":{"uv":[3,7.5,3.5,8.5],"texture":"#1"},"up":{"uv":[9.25,8,8.25,7.5],"texture":"#1"},"down":{"uv":[3,7.5,3.5,8.5],"rotation":90,"texture":"#1"}}},{"from":[6.91421,7,-4],"to":[7.91421,8,14],"rotation":{"angle":-45,"axis":"z","origin":[9.41421,7.5,-2.5]},"faces":{"north":{"uv":[1.75,7,2,7.25],"texture":"#1"},"east":{"uv":[3.5,8.75,3.75,4.25],"rotation":90,"texture":"#1"},"south":{"uv":[1.75,7.25,2,7.5],"texture":"#1"},"west":{"uv":[4.75,6.25,9.25,6.5],"texture":"#1"},"up":{"uv":[3.75,8.75,3.5,4.25],"texture":"#1"},"down":{"uv":[3.5,4.25,3.75,8.75],"texture":"#1"}}}]}