{"textures":{"0":"modelengine:custom/kilton","particle":"modelengine:custom/kilton"},"elements":[{"from":[5.8322363,16.041668,6.0630064],"to":[8.332236,22.708334,14.39634],"faces":{"east":{"uv":[7.25,4.75,6.0,5.75],"tintindex":0,"rotation":0,"texture":"#0"},"south":{"uv":[2.625,6.375,2.25,7.375],"tintindex":0,"rotation":0,"texture":"#0"},"north":{"uv":[1.5,4.0,1.125,5.0],"tintindex":0,"rotation":0,"texture":"#0"},"west":{"uv":[7.25,6.0,6.0,7.0],"tintindex":0,"rotation":0,"texture":"#0"},"up":{"uv":[5.875,10.25,6.25,9.0],"tintindex":0,"rotation":0,"texture":"#0"},"down":{"uv":[9.0,5.375,9.375,6.625],"tintindex":0,"rotation":0,"texture":"#0"}},"rotation":{"origin":[9.16557,1.875,6.0630064],"angle":-22.5,"axis":"z"}},{"from":[3.7489033,11.041667,14.45884],"to":[13.748903,21.041668,14.45884],"faces":{"south":{"uv":[1.625,3.625,3.125,5.125],"tintindex":0,"rotation":0,"texture":"#0"},"north":{"uv":[3.25,1.625,4.75,3.125],"tintindex":0,"rotation":0,"texture":"#0"}}},{"from":[18.018036,5.620933,5.2296734],"to":[18.018036,10.620934,15.229673],"faces":{"east":{"uv":[8.875,5.25,7.375,6.0],"tintindex":0,"rotation":0,"texture":"#0"},"west":{"uv":[8.875,4.375,7.375,5.125],"tintindex":0,"rotation":0,"texture":"#0"}},"rotation":{"origin":[8.018037,1.4542665,6.0630064],"angle":22.5,"axis":"z"}},{"from":[13.332237,5.620933,17.832142],"to":[15.832237,10.620934,17.832142],"faces":{"south":{"uv":[0.375,10.75,0.75,11.5],"tintindex":0,"rotation":0,"texture":"#0"},"north":{"uv":[10.625,4.375,11.0,5.125],"tintindex":0,"rotation":0,"texture":"#0"}},"rotation":{"origin":[25.832237,1.4542665,7.83214],"angle":-22.5,"axis":"x"}},{"from":[7.082237,21.041668,3.5630064],"to":[10.41557,22.708334,6.89634],"faces":{"east":{"uv":[12.875,2.125,13.375,2.375],"tintindex":0,"rotation":0,"texture":"#0"},"south":{"uv":[12.875,4.375,13.375,4.625],"tintindex":0,"rotation":0,"texture":"#0"},"north":{"uv":[12.875,0.0,13.375,0.25],"tintindex":0,"rotation":0,"texture":"#0"},"west":{"uv":[12.875,4.75,13.375,5.0],"tintindex":0,"rotation":0,"texture":"#0"},"up":{"uv":[7.875,11.75,7.375,11.25],"tintindex":0,"rotation":0,"texture":"#0"},"down":{"uv":[2.25,11.375,1.75,11.875],"tintindex":0,"rotation":0,"texture":"#0"}},"rotation":{"origin":[8.748903,25.208334,1.8963399],"angle":22.5,"axis":"x"}},{"from":[5.41557,22.708334,2.7296734],"to":[12.082237,31.041668,7.7296734],"faces":{"east":{"uv":[1.375,7.625,2.125,8.875],"tintindex":0,"rotation":0,"texture":"#0"},"south":{"uv":[2.75,6.125,3.75,7.375],"tintindex":0,"rotation":0,"texture":"#0"},"north":{"uv":[0.0,6.0,1.0,7.25],"tintindex":0,"rotation":0,"texture":"#0"},"west":{"uv":[6.625,8.0,7.375,9.25],"tintindex":0,"rotation":0,"texture":"#0"},"up":{"uv":[1.0,9.375,0.0,8.625],"tintindex":0,"rotation":0,"texture":"#0"},"down":{"uv":[4.875,8.75,3.875,9.5],"tintindex":0,"rotation":0,"texture":"#0"}},"rotation":{"origin":[8.748903,25.208334,1.8963399],"angle":22.5,"axis":"x"}},{"from":[1.6655698,5.620933,17.832142],"to":[4.16557,10.620934,17.832142],"faces":{"south":{"uv":[10.625,2.125,11.0,2.875],"tintindex":0,"rotation":0,"texture":"#0"},"north":{"uv":[8.25,10.625,8.625,11.375],"tintindex":0,"rotation":0,"texture":"#0"}},"rotation":{"origin":[13.332237,1.4542665,7.83214],"angle":-22.5,"axis":"x"}},{"from":[4.1447363,26.25,2.7296734],"to":[4.97807,27.083334,4.39634],"faces":{"east":{"uv":[11.75,13.625,12.0,13.75],"tintindex":0,"rotation":0,"texture":"#0"},"south":{"uv":[8.0,11.25,8.125,11.375],"tintindex":0,"rotation":0,"texture":"#0"},"north":{"uv":[0.375,10.5,0.5,10.625],"tintindex":0,"rotation":0,"texture":"#0"},"west":{"uv":[13.625,13.625,13.875,13.75],"tintindex":0,"rotation":0,"texture":"#0"},"up":{"uv":[3.375,13.875,3.25,13.625],"tintindex":0,"rotation":0,"texture":"#0"},"down":{"uv":[13.75,1.25,13.625,1.5],"tintindex":0,"rotation":0,"texture":"#0"}},"rotation":{"origin":[4.9989033,26.875,1.8963399],"angle":45.0,"axis":"y"}},{"from":[-0.5202303,5.620933,5.2296734],"to":[-0.5202303,10.620934,15.229673],"faces":{"east":{"uv":[7.375,4.375,8.875,5.125],"tintindex":0,"rotation":0,"texture":"#0"},"west":{"uv":[7.375,5.25,8.875,6.0],"tintindex":0,"rotation":0,"texture":"#0"}},"rotation":{"origin":[9.47977,1.4542665,6.0630064],"angle":-22.5,"axis":"z"}},{"from":[3.7489033,10.208334,6.89634],"to":[13.748903,22.708334,13.563007],"faces":{"east":{"uv":[0.0,4.0,1.0,5.875],"tintindex":0,"rotation":0,"texture":"#0"},"south":{"uv":[1.625,1.625,3.125,3.5],"tintindex":0,"rotation":0,"texture":"#0"},"north":{"uv":[0.0,0.0,1.5,1.875],"tintindex":0,"rotation":0,"texture":"#0"},"west":{"uv":[4.875,4.875,5.875,6.75],"tintindex":0,"rotation":0,"texture":"#0"},"up":{"uv":[6.375,3.75,4.875,2.75],"tintindex":0,"rotation":0,"texture":"#0"},"down":{"uv":[2.625,5.25,1.125,6.25],"tintindex":0,"rotation":0,"texture":"#0"}}},{"from":[5.41557,30.208334,4.39634],"to":[12.082237,31.875,6.0630064],"faces":{"east":{"uv":[13.375,12.875,13.625,13.125],"tintindex":0,"rotation":0,"texture":"#0"},"south":{"uv":[11.25,7.375,12.25,7.625],"tintindex":0,"rotation":0,"texture":"#0"},"north":{"uv":[2.375,11.25,3.375,11.5],"tintindex":0,"rotation":0,"texture":"#0"},"west":{"uv":[4.75,13.5,5.0,13.75],"tintindex":0,"rotation":0,"texture":"#0"},"up":{"uv":[12.25,10.5,11.25,10.25],"tintindex":0,"rotation":0,"texture":"#0"},"down":{"uv":[4.5,11.375,3.5,11.625],"tintindex":0,"rotation":0,"texture":"#0"}}},{"from":[9.16557,16.041668,6.0630064],"to":[11.66557,22.708334,14.39634],"faces":{"east":{"uv":[6.0,6.0,7.25,7.0],"tintindex":0,"rotation":0,"texture":"#0"},"south":{"uv":[2.25,6.375,2.625,7.375],"tintindex":0,"rotation":0,"texture":"#0"},"north":{"uv":[1.125,4.0,1.5,5.0],"tintindex":0,"rotation":0,"texture":"#0"},"west":{"uv":[6.0,4.75,7.25,5.75],"tintindex":0,"rotation":0,"texture":"#0"},"up":{"uv":[6.25,10.25,5.875,9.0],"tintindex":0,"rotation":0,"texture":"#0"},"down":{"uv":[9.375,5.375,9.0,6.625],"tintindex":0,"rotation":0,"texture":"#0"}},"rotation":{"origin":[8.332236,1.875,6.0630064],"angle":22.5,"axis":"z"}},{"from":[2.4780698,24.583334,2.70884],"to":[6.6447363,28.75,2.70884],"faces":{"south":{"uv":[0.625,10.0,1.25,10.625],"tintindex":0,"rotation":0,"texture":"#0"},"north":{"uv":[9.875,4.625,10.5,5.25],"tintindex":0,"rotation":0,"texture":"#0"}},"rotation":{"origin":[4.9989033,26.875,1.8963399],"angle":45.0,"axis":"y"}},{"from":[6.2489033,8.541667,7.3546734],"to":[11.248903,10.208334,13.125507],"faces":{"east":{"uv":[11.375,10.625,12.25,10.875],"tintindex":0,"rotation":0,"texture":"#0"},"south":{"uv":[6.25,11.625,7.0,11.875],"tintindex":0,"rotation":0,"texture":"#0"},"north":{"uv":[5.0,10.0,5.75,10.25],"tintindex":0,"rotation":0,"texture":"#0"},"west":{"uv":[11.375,11.0,12.25,11.25],"tintindex":0,"rotation":0,"texture":"#0"},"up":{"uv":[9.5,7.875,8.75,7.0],"tintindex":0,"rotation":0,"texture":"#0"},"down":{"uv":[1.875,9.0,1.125,9.875],"tintindex":0,"rotation":0,"texture":"#0"}}},{"from":[3.7489033,11.041667,6.02134],"to":[13.748903,23.541668,6.02134],"faces":{"south":{"uv":[3.25,3.25,4.75,5.125],"tintindex":0,"rotation":0,"texture":"#0"},"north":{"uv":[0.0,2.0,1.5,3.875],"tintindex":0,"rotation":0,"texture":"#0"}}},{"from":[4.5822363,9.791667,11.89634],"to":[12.91557,15.625,14.39634],"faces":{"east":{"uv":[7.0,9.375,7.375,10.25],"tintindex":0,"rotation":0,"texture":"#0"},"south":{"uv":[7.625,0.0,8.875,0.875],"tintindex":0,"rotation":0,"texture":"#0"},"north":{"uv":[0.0,7.625,1.25,8.5],"tintindex":0,"rotation":0,"texture":"#0"},"west":{"uv":[10.5,5.375,10.875,6.25],"tintindex":0,"rotation":0,"texture":"#0"},"up":{"uv":[9.875,4.0,8.625,3.625],"tintindex":0,"rotation":0,"texture":"#0"},"down":{"uv":[10.25,4.125,9.0,4.5],"tintindex":0,"rotation":0,"texture":"#0"}}},{"from":[2.0822363,8.9403,5.9396334],"to":[15.41557,13.9403,5.9396334],"faces":{"south":{"uv":[2.75,5.25,4.75,6.0],"tintindex":0,"rotation":0,"texture":"#0"},"north":{"uv":[4.875,3.875,6.875,4.625],"tintindex":0,"rotation":0,"texture":"#0"}},"rotation":{"origin":[8.748903,11.4403,5.9396334],"angle":22.5,"axis":"x"}}],"display":{"gui":{"rotation":[30,225,0]}}}