{"display":{"thirdperson_righthand":{"translation":[0,-1.25,1]},"thirdperson_lefthand":{"translation":[0,-1.25,1]},"firstperson_righthand":{"rotation":[0,8,0],"translation":[2.25,-0.25,0],"scale":[0.6,0.6,0.6]},"firstperson_lefthand":{"rotation":[0,8,0],"translation":[2.25,-0.25,0],"scale":[0.6,0.6,0.6]},"ground":{"rotation":[-57,-80,0],"translation":[0,3,1.75],"scale":[0.6,0.6,0.6]},"gui":{"rotation":[90,45.5,-90],"translation":[-4.25,-3.25,0],"scale":[0.7,0.7,0.7]},"fixed":{"rotation":[0,90,0],"translation":[0,-5.5,-1.25],"scale":[0.8,0.8,0.8]}},"texture_size":[64,64],"textures":{"0":"crates/arctic21_crate/ice_sword_2","particle":"crates/arctic21_crate/ice_sword_2"},"elements":[{"from":[7,4.5,7.5],"to":[9,12.5,9.5],"rotation":{"angle":0,"axis":"y","origin":[-1,0.25,1]},"faces":{"north":{"uv":[6.5,0.5,7,2.5],"texture":"#0"},"east":{"uv":[6,0.5,6.5,2.5],"texture":"#0"},"south":{"uv":[7.5,0.5,8,2.5],"texture":"#0"},"west":{"uv":[7,0.5,7.5,2.5],"texture":"#0"},"up":{"uv":[7,0.5,6.5,0],"texture":"#0"},"down":{"uv":[7.5,0,7,0.5],"texture":"#0"}}},{"from":[7.5,12,6.5],"to":[8.5,16,10.5],"rotation":{"angle":0,"axis":"y","origin":[8,14.25,8.5]},"faces":{"north":{"uv":[3.5,6.5,3.75,7.5],"texture":"#0"},"east":{"uv":[2.5,6.5,3.5,7.5],"texture":"#0"},"south":{"uv":[4.75,6.5,5,7.5],"texture":"#0"},"west":{"uv":[3.75,6.5,4.75,7.5],"texture":"#0"},"up":{"uv":[3.75,6.5,3.5,5.5],"texture":"#0"},"down":{"uv":[4,5.5,3.75,6.5],"texture":"#0"}}},{"from":[8,12,5.5],"to":[8,27,10.5],"rotation":{"angle":0,"axis":"y","origin":[7.5,14.25,8.5]},"faces":{"north":{"uv":[1.25,1.25,1.25,5],"texture":"#0"},"east":{"uv":[0,1.25,1.25,5],"texture":"#0"},"south":{"uv":[2.5,1.25,2.5,5],"texture":"#0"},"west":{"uv":[1.25,1.25,2.5,5],"texture":"#0"},"up":{"uv":[1.25,1.25,1.25,0],"texture":"#0"},"down":{"uv":[1.25,0,1.25,1.25],"texture":"#0"}}},{"from":[8,10,10.5],"to":[8,25,12.5],"rotation":{"angle":0,"axis":"y","origin":[7.5,14.25,8.5]},"faces":{"north":{"uv":[9.25,1.25,9.25,5],"texture":"#0"},"east":{"uv":[8.75,1.25,9.25,5],"texture":"#0"},"south":{"uv":[9.75,1.25,9.75,5],"texture":"#0"},"west":{"uv":[9.25,1.25,9.75,5],"texture":"#0"},"up":{"uv":[9.25,1.25,9.25,0.75],"texture":"#0"},"down":{"uv":[9.25,0.75,9.25,1.25],"texture":"#0"}}},{"from":[7.5,20,6.5],"to":[8.5,26,10.5],"rotation":{"angle":0,"axis":"y","origin":[8,14.25,8.5]},"faces":{"north":{"uv":[1,6,1.25,7.5],"texture":"#0"},"east":{"uv":[0,6,1,7.5],"texture":"#0"},"south":{"uv":[2.25,6,2.5,7.5],"texture":"#0"},"west":{"uv":[1.25,6,2.25,7.5],"texture":"#0"},"up":{"uv":[1.25,6,1,5],"texture":"#0"},"down":{"uv":[1.5,5,1.25,6],"texture":"#0"}}},{"from":[7.6,21.1,-1.15],"to":[8.4,24.9,2.65],"rotation":{"angle":45,"axis":"x","origin":[8,14.25,8.5]},"faces":{"north":{"uv":[6,5.5,6.25,6.5],"texture":"#0"},"east":{"uv":[5,5.5,6,6.5],"texture":"#0"},"south":{"uv":[7.25,5.5,7.5,6.5],"texture":"#0"},"west":{"uv":[6.25,5.5,7.25,6.5],"texture":"#0"},"up":{"uv":[6.25,5.5,6,4.5],"texture":"#0"},"down":{"uv":[6.5,4.5,6.25,5.5],"texture":"#0"}}},{"from":[8,22,-2.25],"to":[8,27,4.75],"rotation":{"angle":45,"axis":"x","origin":[8.5,14.25,8.5]},"faces":{"north":{"uv":[4.25,4.25,4.25,5.5],"texture":"#0"},"east":{"uv":[2.5,4.25,4.25,5.5],"texture":"#0"},"south":{"uv":[6,4.25,6,5.5],"texture":"#0"},"west":{"uv":[4.25,4.25,6,5.5],"texture":"#0"},"up":{"uv":[4.25,4.25,4.25,2.5],"texture":"#0"},"down":{"uv":[4.25,2.5,4.25,4.25],"texture":"#0"}}},{"from":[7.5,16,7.5],"to":[8.5,20,10.5],"rotation":{"angle":0,"axis":"y","origin":[8,14.25,8.5]},"faces":{"north":{"uv":[6.75,3.25,7,4.25],"texture":"#0"},"east":{"uv":[6,3.25,6.75,4.25],"texture":"#0"},"south":{"uv":[7.75,3.25,8,4.25],"texture":"#0"},"west":{"uv":[7,3.25,7.75,4.25],"texture":"#0"},"up":{"uv":[7,3.25,6.75,2.5],"texture":"#0"},"down":{"uv":[7.25,2.5,7,3.25],"texture":"#0"}}},{"from":[6.5,3,7],"to":[9.5,5,10],"rotation":{"angle":0,"axis":"y","origin":[-0.5,0,1]},"faces":{"north":{"uv":[0.75,0.75,1.5,1.25],"texture":"#0"},"east":{"uv":[0,0.75,0.75,1.25],"texture":"#0"},"south":{"uv":[2.25,0.75,3,1.25],"texture":"#0"},"west":{"uv":[1.5,0.75,2.25,1.25],"texture":"#0"},"up":{"uv":[1.5,0.75,0.75,0],"texture":"#0"},"down":{"uv":[2.25,0,1.5,0.75],"texture":"#0"}}},{"from":[6.9,10.4,6.9],"to":[9.1,13.6,10.1],"rotation":{"angle":45,"axis":"x","origin":[8,12,8.5]},"faces":{"north":{"uv":[3.75,0.75,4.25,1.5],"texture":"#0"},"east":{"uv":[3,0.75,3.75,1.5],"texture":"#0"},"south":{"uv":[5,0.75,5.5,1.5],"texture":"#0"},"west":{"uv":[4.25,0.75,5,1.5],"texture":"#0"},"up":{"uv":[4.25,0.75,3.75,0],"texture":"#0"},"down":{"uv":[4.75,0,4.25,0.75],"texture":"#0"}}},{"from":[8,8.5,2.5],"to":[8,13.5,9.5],"rotation":{"angle":22.5,"axis":"x","origin":[8,12.5,5]},"faces":{"north":{"uv":[4.25,3,4.25,4.25],"texture":"#0"},"east":{"uv":[2.5,3,4.25,4.25],"texture":"#0"},"south":{"uv":[6,3,6,4.25],"texture":"#0"},"west":{"uv":[4.25,3,6,4.25],"texture":"#0"},"up":{"uv":[4.25,3,4.25,1.25],"texture":"#0"},"down":{"uv":[4.25,1.25,4.25,3],"texture":"#0"}}},{"from":[8,8.5,7.5],"to":[8,13.5,14.5],"rotation":{"angle":-22.5,"axis":"x","origin":[8,12.5,12]},"faces":{"north":{"uv":[4.25,1.75,4.25,3],"texture":"#0"},"east":{"uv":[2.5,1.75,4.25,3],"texture":"#0"},"south":{"uv":[6,1.75,6,3],"texture":"#0"},"west":{"uv":[4.25,1.75,6,3],"texture":"#0"},"up":{"uv":[4.25,1.75,4.25,0],"texture":"#0"},"down":{"uv":[4.25,0,4.25,1.75],"texture":"#0"}}},{"from":[7.1,1.6,8.1],"to":[8.9,3.4,9.9],"rotation":{"angle":-45,"axis":"x","origin":[8,2.25,8]},"faces":{"north":{"uv":[7,4.75,7.5,5.25],"texture":"#0"},"east":{"uv":[6.5,4.75,7,5.25],"texture":"#0"},"south":{"uv":[8,4.75,8.5,5.25],"texture":"#0"},"west":{"uv":[7.5,4.75,8,5.25],"texture":"#0"},"up":{"uv":[7.5,4.75,7,4.25],"texture":"#0"},"down":{"uv":[8,4.25,7.5,4.75],"texture":"#0"}}}],"gui_light":"front"}