{"display":{"gui":{"translation":[5.5,-6.5,0],"scale":[0.8,0.8,0.8]}},"texture_size":[32,32],"textures":{"2":"emoji/pins/flags/europe1","particle":"emoji/pins/flags/europe1"},"elements":[{"from":[-8,0,0],"to":[24,32,0],"rotation":{"angle":0,"axis":"y","origin":[0,6,0]},"faces":{"north":{"uv":[12,0,16,4],"texture":"#2","tintindex":0},"east":{"uv":[12,0,16,4],"texture":"#2","tintindex":0},"south":{"uv":[12,0,16,4],"texture":"#2","tintindex":0},"west":{"uv":[12,0,16,4],"texture":"#2","tintindex":0},"up":{"uv":[12,0,16,4],"texture":"#2","tintindex":0},"down":{"uv":[12,0,16,4],"texture":"#2","tintindex":0}}}],"gui_light":"front"}