{"display":{"gui":{"rotation":[-90,0,-180]}},"textures":{"0":"impostor/numbers","particle":"impostor/numbers"},"elements":[{"from":[11,0,2],"to":[14,1,14],"rotation":{"angle":0,"axis":"y","origin":[21,8,9]},"faces":{"north":{"uv":[0,0,2.5,1],"texture":"#0"},"east":{"uv":[0,0,12,1],"texture":"#0"},"south":{"uv":[0,0,2.5,1],"texture":"#0"},"west":{"uv":[0,0,12,1],"texture":"#0"},"up":{"uv":[0,0,2.5,12],"texture":"#0"},"down":{"uv":[0,0,2.5,12],"texture":"#0"}}},{"from":[2,0,2],"to":[5,1,14],"rotation":{"angle":0,"axis":"y","origin":[-5,8,9]},"faces":{"north":{"uv":[2.5,0,0,1],"texture":"#0"},"east":{"uv":[12,0,0,1],"texture":"#0"},"south":{"uv":[2.5,0,0,1],"texture":"#0"},"west":{"uv":[12,0,0,1],"texture":"#0"},"up":{"uv":[2.5,0,0,12],"texture":"#0"},"down":{"uv":[2.5,0,0,12],"texture":"#0"}}},{"from":[5,0,12],"to":[11,1,15],"rotation":{"angle":0,"axis":"y","origin":[17,8,9]},"faces":{"north":{"uv":[0,0,3,1],"texture":"#0"},"east":{"uv":[0,0,3,1],"texture":"#0"},"south":{"uv":[0,0,3,1],"texture":"#0"},"west":{"uv":[0,0,3,1],"texture":"#0"},"up":{"uv":[0,0,3,3],"texture":"#0"},"down":{"uv":[0,0,3,3],"texture":"#0"}}},{"from":[5,0,1],"to":[11,1,4],"rotation":{"angle":0,"axis":"y","origin":[17,8,-2]},"faces":{"north":{"uv":[0,0,3,1],"texture":"#0"},"east":{"uv":[0,0,3,1],"texture":"#0"},"south":{"uv":[0,0,3,1],"texture":"#0"},"west":{"uv":[0,0,3,1],"texture":"#0"},"up":{"uv":[0,0,3,3],"texture":"#0"},"down":{"uv":[0,0,3,3],"texture":"#0"}}}]}