{"file_name":"leg2","texture_size":[64,64],"textures":{"layer0":"manamodels/berry_minion_version5"},"elements":[{"name":"leg2_0","from":[7.4,6.8,7.4],"to":[8.6,8.0,8.6],"rotation":{"angle":0.0,"axis":"z","origin":[8.0,8.0,8.0]},"faces":{"east":{"uv":[5.25,9.5,5.75,10.0],"texture":"#layer0","tintindex":0},"south":{"uv":[6.0,9.5,6.5,10.0],"texture":"#layer0","tintindex":0},"north":{"uv":[4.5,9.5,5.0,10.0],"texture":"#layer0","tintindex":0},"west":{"uv":[6.75,9.5,7.25,10.0],"texture":"#layer0","tintindex":0},"up":{"uv":[8.0,10.0,7.5,9.5],"texture":"#layer0","tintindex":0},"down":{"uv":[8.25,9.5,8.75,10.0],"texture":"#layer0","tintindex":0}}}],"display":{"head":{"translation":[0.0,-6.4,0.0],"rotation":[0.0,0.0,0.0],"scale":[3.8095,3.8095,3.8095]},"gui":{"translation":[0.0,0.0,0.0],"rotation":[35.0,225.0,0.0],"scale":[0.625,0.625,0.625]}}}