{"textures":{"0":"modelengine:custom/penguin_baby","particle":"modelengine:custom/penguin_baby"},"elements":[{"from":[7.25,7.75,5.75],"to":[8.75,8.25,8.25],"faces":{"east":{"uv":[9.0,6.5,10.25,6.75],"tintindex":0,"rotation":0,"texture":"#0"},"south":{"uv":[9.25,4.25,10.0,4.5],"tintindex":0,"rotation":0,"texture":"#0"},"north":{"uv":[7.5,6.5,8.25,6.75],"tintindex":0,"rotation":0,"texture":"#0"},"west":{"uv":[9.0,6.75,10.25,7.0],"tintindex":0,"rotation":0,"texture":"#0"},"up":{"uv":[9.0,7.75,8.25,6.5],"tintindex":0,"rotation":0,"texture":"#0"},"down":{"uv":[9.0,7.75,8.25,9.0],"tintindex":0,"rotation":0,"texture":"#0"}}}],"display":{"gui":{"rotation":[30,225,0]}}}