{"textures":{"0":"modelengine:custom/santa_in_chair","particle":"modelengine:custom/santa_in_chair"},"elements":[{"from":[3.5,5.049999,6.21],"to":[12.5,11.049999,10.21],"faces":{"east":{"uv":[7.125,9.375,7.625,10.125],"tintindex":0,"rotation":0,"texture":"#0"},"south":{"uv":[9.25,9.375,10.375,10.125],"tintindex":0,"rotation":0,"texture":"#0"},"north":{"uv":[7.625,9.375,8.75,10.125],"tintindex":0,"rotation":0,"texture":"#0"},"west":{"uv":[8.75,9.375,9.25,10.125],"tintindex":0,"rotation":0,"texture":"#0"},"up":{"uv":[8.75,9.375,7.625,8.875],"tintindex":0,"rotation":0,"texture":"#0"},"down":{"uv":[9.875,8.875,8.75,9.375],"tintindex":0,"rotation":0,"texture":"#0"}}},{"from":[5.5,4.049999,5.71],"to":[10.5,10.049999,10.71],"faces":{"east":{"uv":[9.75,6.5,10.375,7.25],"tintindex":0,"rotation":0,"texture":"#0"},"south":{"uv":[11.625,6.5,12.25,7.25],"tintindex":0,"rotation":0,"texture":"#0"},"north":{"uv":[10.375,6.5,11.0,7.25],"tintindex":0,"rotation":0,"texture":"#0"},"west":{"uv":[11.0,6.5,11.625,7.25],"tintindex":0,"rotation":0,"texture":"#0"},"up":{"uv":[11.0,6.5,10.375,5.875],"tintindex":0,"rotation":0,"texture":"#0"},"down":{"uv":[11.625,5.875,11.0,6.5],"tintindex":0,"rotation":0,"texture":"#0"}}}],"display":{"gui":{"rotation":[30,225,0]}}}