{"file_name":"torso","texture_size":[64,64],"textures":{"layer0":"manamodels/berry_minion_version5"},"elements":[{"name":"torso_0","from":[6.5,5.0,6.5],"to":[9.5,11.6,9.5],"rotation":{"angle":0.0,"axis":"z","origin":[8.0,8.0,8.0]},"faces":{"east":{"uv":[0.0,7.0,1.25,9.75],"texture":"#layer0","tintindex":0},"south":{"uv":[1.5,7.0,2.75,9.75],"texture":"#layer0","tintindex":0},"north":{"uv":[6.75,4.5,8.0,7.25],"texture":"#layer0","tintindex":0},"west":{"uv":[3.0,7.0,4.25,9.75],"texture":"#layer0","tintindex":0},"up":{"uv":[9.5,7.0,8.25,5.75],"texture":"#layer0","tintindex":0},"down":{"uv":[8.5,7.25,9.75,8.5],"texture":"#layer0","tintindex":0}}}],"display":{"head":{"translation":[0.0,-6.4,0.0],"rotation":[0.0,0.0,0.0],"scale":[3.8095,3.8095,3.8095]},"gui":{"translation":[0.0,0.0,0.0],"rotation":[35.0,225.0,0.0],"scale":[0.625,0.625,0.625]}}}