{"textures":{"1":"modelengine:custom/goblin_outlaw","particle":"modelengine:custom/goblin_outlaw"},"elements":[{"from":[7.760039,7.233118,13.871613],"to":[8.360039,8.433118,16.571613],"faces":{"east":{"uv":[6.5,6.0,7.25,6.25],"tintindex":0,"rotation":0,"texture":"#1"},"south":{"uv":[1.25,5.0,1.5,5.25],"tintindex":0,"rotation":0,"texture":"#1"},"west":{"uv":[1.25,6.0,2.0,6.25],"tintindex":0,"rotation":0,"texture":"#1"},"up":{"uv":[4.75,8.25,5.0,9.0],"tintindex":0,"rotation":0,"texture":"#1"},"down":{"uv":[5.0,9.0,5.25,8.25],"tintindex":0,"rotation":0,"texture":"#1"}}},{"from":[8.060039,4.04128,12.872198],"to":[8.060039,7.64128,21.572197],"faces":{"east":{"uv":[3.75,3.5,6.0,4.5],"tintindex":0,"rotation":0,"texture":"#1"},"west":{"uv":[3.75,2.5,6.0,3.5],"tintindex":0,"rotation":0,"texture":"#1"}},"rotation":{"origin":[7.8910966,7.686729,8.594466],"angle":-22.5,"axis":"x"}},{"from":[7.760039,9.167158,18.974504],"to":[8.360039,10.367158,20.174503],"faces":{"east":{"uv":[8.5,2.25,8.75,2.5],"tintindex":0,"rotation":0,"texture":"#1"},"south":{"uv":[7.5,0.5,7.75,0.75],"tintindex":0,"rotation":0,"texture":"#1"},"north":{"uv":[5.75,7.75,6.0,8.0],"tintindex":0,"rotation":0,"texture":"#1"},"west":{"uv":[1.0,7.5,1.25,7.75],"tintindex":0,"rotation":0,"texture":"#1"},"up":{"uv":[8.5,4.25,8.75,4.5],"tintindex":0,"rotation":0,"texture":"#1"},"down":{"uv":[1.0,9.0,1.25,8.75],"tintindex":0,"rotation":0,"texture":"#1"}}},{"from":[7.8824387,15.160575,14.550138],"to":[8.237638,16.847775,15.260538],"faces":{"east":{"uv":[3.0,8.5,3.25,9.0],"tintindex":0,"rotation":0,"texture":"#1"},"south":{"uv":[8.5,1.25,8.75,1.75],"tintindex":0,"rotation":0,"texture":"#1"},"north":{"uv":[2.75,8.5,3.0,9.0],"tintindex":0,"rotation":0,"texture":"#1"},"west":{"uv":[8.5,1.75,8.75,2.25],"tintindex":0,"rotation":0,"texture":"#1"},"up":{"uv":[7.25,6.0,7.5,6.25],"tintindex":0,"rotation":0,"texture":"#1"}},"rotation":{"origin":[7.8910966,7.686729,8.594466],"angle":45.0,"axis":"x"}},{"from":[7.4600387,8.620593,11.338131],"to":[8.660039,10.420593,14.338132],"faces":{"east":{"uv":[7.75,0.5,8.5,1.0],"tintindex":0,"rotation":0,"texture":"#1"},"south":{"uv":[0.25,8.5,0.5,9.0],"tintindex":0,"rotation":0,"texture":"#1"},"north":{"uv":[0.5,8.5,0.75,9.0],"tintindex":0,"rotation":0,"texture":"#1"},"west":{"uv":[7.5,7.25,8.25,7.75],"tintindex":0,"rotation":0,"texture":"#1"},"up":{"uv":[1.5,8.25,1.75,9.0],"tintindex":0,"rotation":0,"texture":"#1"},"down":{"uv":[8.25,4.5,8.5,3.75],"tintindex":0,"rotation":0,"texture":"#1"}},"rotation":{"origin":[7.8910966,7.686729,8.594466],"angle":22.5,"axis":"x"}},{"from":[7.4600387,7.166434,6.198764],"to":[8.660039,8.366434,10.998764],"faces":{"east":{"uv":[0.0,5.0,1.25,5.25],"tintindex":0,"rotation":0,"texture":"#1"},"south":{"uv":[1.25,8.75,1.5,9.0],"tintindex":0,"rotation":0,"texture":"#1"},"north":{"uv":[8.75,1.25,9.0,1.5],"tintindex":0,"rotation":0,"texture":"#1"},"west":{"uv":[4.5,2.25,5.75,2.5],"tintindex":0,"rotation":0,"texture":"#1"},"up":{"uv":[7.75,1.5,8.0,2.75],"tintindex":0,"rotation":0,"texture":"#1"},"down":{"uv":[1.75,9.0,2.0,7.75],"tintindex":0,"rotation":0,"texture":"#1"}}},{"from":[7.220039,4.0017447,9.752171],"to":[8.900039,6.6417446,12.392171],"faces":{"east":{"uv":[8.0,1.5,8.5,2.0],"tintindex":0,"rotation":0,"texture":"#1"},"south":{"uv":[3.5,8.5,3.75,9.0],"tintindex":0,"rotation":0,"texture":"#1"},"north":{"uv":[3.75,8.5,4.0,9.0],"tintindex":0,"rotation":0,"texture":"#1"},"west":{"uv":[7.5,7.75,8.0,8.25],"tintindex":0,"rotation":0,"texture":"#1"},"up":{"uv":[8.5,3.75,8.75,4.25],"tintindex":0,"rotation":0,"texture":"#1"},"down":{"uv":[4.25,9.0,4.5,8.5],"tintindex":0,"rotation":0,"texture":"#1"}},"rotation":{"origin":[7.8910966,7.686729,8.594466],"angle":-45.0,"axis":"x"}},{"from":[7.820039,4.2905064,15.782294],"to":[8.300039,5.2505064,18.062294],"faces":{"east":{"uv":[8.5,0.5,9.0,0.75],"tintindex":0,"rotation":0,"texture":"#1"},"south":{"uv":[5.75,2.25,6.0,2.5],"tintindex":0,"rotation":0,"texture":"#1"},"west":{"uv":[2.75,6.25,3.25,6.5],"tintindex":0,"rotation":0,"texture":"#1"},"up":{"uv":[0.75,8.5,1.0,9.0],"tintindex":0,"rotation":0,"texture":"#1"},"down":{"uv":[8.5,1.25,8.75,0.75],"tintindex":0,"rotation":0,"texture":"#1"}},"rotation":{"origin":[7.8910966,7.686729,8.594466],"angle":-22.5,"axis":"x"}},{"from":[7.3100386,7.366434,4.798764],"to":[8.810039,8.866434,6.298764],"faces":{"east":{"uv":[8.0,5.25,8.5,5.75],"tintindex":0,"rotation":0,"texture":"#1"},"south":{"uv":[8.0,2.0,8.5,2.5],"tintindex":0,"rotation":0,"texture":"#1"},"north":{"uv":[8.0,4.75,8.5,5.25],"tintindex":0,"rotation":0,"texture":"#1"},"west":{"uv":[3.5,8.0,4.0,8.5],"tintindex":0,"rotation":0,"texture":"#1"},"up":{"uv":[5.75,8.0,6.25,8.5],"tintindex":0,"rotation":0,"texture":"#1"},"down":{"uv":[6.25,8.5,6.75,8.0],"tintindex":0,"rotation":0,"texture":"#1"}},"rotation":{"origin":[8.060039,7.766434,5.198764],"angle":45.0,"axis":"x"}}],"display":{"gui":{"rotation":[30,225,0]}}}