{"display":{"thirdperson_righthand":{"translation":[0,2.5,0],"scale":[0.5,0.5,0.5]},"thirdperson_lefthand":{"translation":[0,2.5,0],"scale":[0.5,0.5,0.5]},"firstperson_righthand":{"rotation":[0,-39,0],"translation":[1.5,5.25,0.25],"scale":[0.7,0.7,0.7]},"firstperson_lefthand":{"rotation":[0,-39,0],"translation":[1.5,5.25,0.25],"scale":[0.7,0.7,0.7]},"ground":{"translation":[0,2.5,0],"scale":[0.7,0.7,0.7]},"gui":{"rotation":[0,31,0],"translation":[0,3.5,0]},"head":{"translation":[0,12,0],"scale":[1.1,1.1,1.1]},"fixed":{"translation":[0,4.25,-1.25],"scale":[1.3,1.3,1.3]}},"texture_size":[32,32],"textures":{"0":"crates/stpatrick21_crate/rainbow","particle":"crates/stpatrick21_crate/rainbow"},"elements":[{"from":[14,0,5],"to":[17,3,9],"rotation":{"angle":0,"axis":"y","origin":[16,0,0]},"faces":{"north":{"uv":[12,0,13.5,1.5],"texture":"#0"},"east":{"uv":[8,8,10,9.5],"texture":"#0"},"south":{"uv":[12,10.5,13.5,12],"texture":"#0"},"west":{"uv":[8,0,10,1.5],"texture":"#0"},"up":{"uv":[9.5,3.5,8,1.5],"texture":"#0"},"down":{"uv":[9.5,3.5,8,5.5],"texture":"#0"}}},{"from":[15,-1,7],"to":[18,2,11],"rotation":{"angle":0,"axis":"y","origin":[16,0,0]},"faces":{"north":{"uv":[10.5,12.5,12,14],"texture":"#0"},"east":{"uv":[8,5.5,10,7],"texture":"#0"},"south":{"uv":[12.5,1.5,14,3],"texture":"#0"},"west":{"uv":[0,9,2,10.5],"texture":"#0"},"up":{"uv":[3.5,11,2,9],"texture":"#0"},"down":{"uv":[5,9,3.5,11],"texture":"#0"}}},{"from":[13,0.5,8],"to":[16,3.5,12],"rotation":{"angle":0,"axis":"y","origin":[16,0,0]},"faces":{"north":{"uv":[12.5,8.5,14,10],"texture":"#0"},"east":{"uv":[5,9,7,10.5],"texture":"#0"},"south":{"uv":[2,13,3.5,14.5],"texture":"#0"},"west":{"uv":[7,9.5,9,11],"texture":"#0"},"up":{"uv":[10.5,11.5,9,9.5],"texture":"#0"},"down":{"uv":[11,1.5,9.5,3.5],"texture":"#0"}}},{"from":[12.25,-0.75,6],"to":[15.25,2.25,10],"rotation":{"angle":0,"axis":"y","origin":[16,0,0]},"faces":{"north":{"uv":[3.5,13,5,14.5],"texture":"#0"},"east":{"uv":[9.5,3.5,11.5,5],"texture":"#0"},"south":{"uv":[13,6.5,14.5,8],"texture":"#0"},"west":{"uv":[10,0,12,1.5],"texture":"#0"},"up":{"uv":[11.5,7,10,5],"texture":"#0"},"down":{"uv":[11.5,7,10,9],"texture":"#0"}}},{"from":[-1,0,5],"to":[2,3,9],"faces":{"north":{"uv":[0,13.5,1.5,15],"texture":"#0"},"east":{"uv":[0,10.5,2,12],"texture":"#0"},"south":{"uv":[5,13.5,6.5,15],"texture":"#0"},"west":{"uv":[5,10.5,7,12],"texture":"#0"},"up":{"uv":[12,12.5,10.5,10.5],"texture":"#0"},"down":{"uv":[3.5,11,2,13],"texture":"#0"}}},{"from":[-2,-1,7],"to":[1,2,11],"faces":{"north":{"uv":[8.5,13.5,10,15],"texture":"#0"},"east":{"uv":[10.5,9,12.5,10.5],"texture":"#0"},"south":{"uv":[13.5,13.5,15,15],"texture":"#0"},"west":{"uv":[7,11,9,12.5],"texture":"#0"},"up":{"uv":[5,13,3.5,11],"texture":"#0"},"down":{"uv":[12.5,1.5,11,3.5],"texture":"#0"}}},{"from":[0,0.5,8],"to":[3,3.5,12],"faces":{"north":{"uv":[13.5,0,15,1.5],"texture":"#0"},"east":{"uv":[11.5,3.5,13.5,5],"texture":"#0"},"south":{"uv":[13.5,3,15,4.5],"texture":"#0"},"west":{"uv":[11.5,5,13.5,6.5],"texture":"#0"},"up":{"uv":[10.5,13.5,9,11.5],"texture":"#0"},"down":{"uv":[13,6.5,11.5,8.5],"texture":"#0"}}},{"from":[0.75,-0.75,6],"to":[3.75,2.25,10],"faces":{"north":{"uv":[13.5,4.5,15,6],"texture":"#0"},"east":{"uv":[0,12,2,13.5],"texture":"#0"},"south":{"uv":[13.5,10,15,11.5],"texture":"#0"},"west":{"uv":[5,12,7,13.5],"texture":"#0"},"up":{"uv":[13.5,14,12,12],"texture":"#0"},"down":{"uv":[8.5,12.5,7,14.5],"texture":"#0"}}},{"from":[0,1,8.75],"to":[16,10,8.75],"faces":{"north":{"uv":[0,0,8,4.5],"texture":"#0"},"south":{"uv":[8,0,0,4.5],"texture":"#0"}}}],"gui_light":"front"}