{"display":{"thirdperson_righthand":{"translation":[0,4.5,1.5],"scale":[0.8,0.8,0.8]},"thirdperson_lefthand":{"translation":[0,4.5,1.5],"scale":[0.8,0.8,0.8]},"firstperson_righthand":{"translation":[0,4.5,0],"scale":[0.6,0.6,0.6]},"firstperson_lefthand":{"translation":[0,4.5,0],"scale":[0.6,0.6,0.6]},"ground":{"rotation":[45,0,0],"scale":[0.25,0.25,0.25]},"gui":{"rotation":[75,45,117],"translation":[1,3.5,0],"scale":[0.65,-0.65,0.65]},"head":{"translation":[0,11.5,0]},"fixed":{"rotation":[90,-45,90],"translation":[-1,2.5,-0.75],"scale":[0.7,0.7,0.7]}},"ambientocclusion":false,"texture_size":[64,64],"textures":{"0":"crates/halloween21_crate/witch_wand","particle":"crates/halloween21_crate/witch_wand"},"elements":[{"from":[7.05,-4,7],"to":[8.95,6,9],"rotation":{"angle":0,"axis":"y","origin":[0,0,16]},"faces":{"north":{"uv":[5,2.75,5.5,5.25],"texture":"#0"},"east":{"uv":[3.5,5,4,7.5],"texture":"#0"},"south":{"uv":[4.25,5,4.75,7.5],"texture":"#0"},"west":{"uv":[5,0,5.5,2.5],"texture":"#0"},"up":{"uv":[8.5,7,8,6.5],"rotation":270,"texture":"#0"},"down":{"uv":[8.5,7.25,8,7.75],"rotation":90,"texture":"#0"}}},{"from":[7.025,2.25137,7.84565],"to":[8.975,9.25137,9.84565],"rotation":{"angle":22.5,"axis":"x","origin":[0,6.25137,16.84565]},"faces":{"north":{"uv":[5.75,0,6.25,1.75],"texture":"#0"},"east":{"uv":[5.75,2,6.25,3.75],"texture":"#0"},"south":{"uv":[5.75,4,6.25,5.75],"texture":"#0"},"west":{"uv":[5,5.5,5.5,7.25],"texture":"#0"},"up":{"uv":[8.75,1.25,8.25,0.75],"rotation":270,"texture":"#0"},"down":{"uv":[8.75,1.5,8.25,2],"rotation":90,"texture":"#0"}}},{"from":[7,10.00419,13.3513],"to":[9,12.00419,17.3513],"rotation":{"angle":-22.5,"axis":"x","origin":[0,3.00419,10.3513]},"faces":{"north":{"uv":[8.25,2.25,8.75,2.75],"texture":"#0"},"east":{"uv":[7.25,3.75,8.25,4.25],"texture":"#0"},"south":{"uv":[4.5,8.25,5,8.75],"texture":"#0"},"west":{"uv":[7.25,3,8.25,3.5],"texture":"#0"},"up":{"uv":[6,8,5,7.5],"rotation":270,"texture":"#0"},"down":{"uv":[7.25,7.5,6.25,8],"rotation":90,"texture":"#0"}}},{"from":[8,2.34462,10.59011],"to":[8,11.34462,15.59011],"rotation":{"angle":-22.5,"axis":"x","origin":[8,6.84462,13.09011]},"faces":{"north":{"uv":[7.25,8.25,7.25,10.5],"texture":"#0"},"east":{"uv":[3.5,2.5,4.75,4.75],"texture":"#0"},"south":{"uv":[8.5,8.75,8.5,11],"texture":"#0"},"west":{"uv":[3.5,0,4.75,2.25],"texture":"#0"},"up":{"uv":[10.25,0.5,9,0.5],"rotation":270,"texture":"#0"},"down":{"uv":[10.25,0.75,9,0.75],"rotation":90,"texture":"#0"}}},{"from":[6.5,13.18118,6.99111],"to":[9.5,16.18118,9.99111],"rotation":{"angle":-45,"axis":"x","origin":[8,14.68118,8.49111]},"faces":{"north":{"uv":[1,7,1.75,7.75],"texture":"#0"},"east":{"uv":[2,7,2.75,7.75],"texture":"#0"},"south":{"uv":[7.25,0,8,0.75],"texture":"#0"},"west":{"uv":[0,7,0.75,7.75],"texture":"#0"},"up":{"uv":[8,1.75,7.25,1],"rotation":270,"texture":"#0"},"down":{"uv":[8,2,7.25,2.75],"rotation":90,"texture":"#0"}}},{"from":[7,17.28772,12.91339],"to":[9,22.28772,14.91339],"rotation":{"angle":-22.5,"axis":"x","origin":[0,14.28772,21.91339]},"faces":{"north":{"uv":[6.5,0,7,1.25],"texture":"#0"},"east":{"uv":[6.5,1.5,7,2.75],"texture":"#0"},"south":{"uv":[6.5,3,7,4.25],"texture":"#0"},"west":{"uv":[5.75,6,6.25,7.25],"texture":"#0"},"up":{"uv":[5.75,8.75,5.25,8.25],"rotation":270,"texture":"#0"},"down":{"uv":[6.5,8.25,6,8.75],"rotation":90,"texture":"#0"}}},{"from":[7.5,15.31908,9.83519],"to":[8.5,17.31908,14.83519],"rotation":{"angle":22.5,"axis":"x","origin":[0,24.31908,17.83519]},"faces":{"north":{"uv":[8.75,7.5,9,8],"texture":"#0"},"east":{"uv":[6.5,5.25,7.75,5.75],"texture":"#0"},"south":{"uv":[8,8.75,8.25,9.25],"texture":"#0"},"west":{"uv":[6.5,4.5,7.75,5],"texture":"#0"},"up":{"uv":[9.25,4.75,8,4.5],"rotation":270,"texture":"#0"},"down":{"uv":[9.25,5,8,5.25],"rotation":90,"texture":"#0"}}},{"from":[7.525,18.98446,-3.06306],"to":[8.475,20.98446,1.93694],"rotation":{"angle":-45,"axis":"x","origin":[0,27.98446,4.93694]},"faces":{"north":{"uv":[8.75,8.25,9,8.75],"texture":"#0"},"east":{"uv":[6.5,6.75,7.75,7.25],"texture":"#0"},"south":{"uv":[0,9,0.25,9.5],"texture":"#0"},"west":{"uv":[6.5,6,7.75,6.5],"texture":"#0"},"up":{"uv":[9.25,5.75,8,5.5],"rotation":270,"texture":"#0"},"down":{"uv":[9.25,6,8,6.25],"rotation":90,"texture":"#0"}}},{"from":[7.55,16.82828,5.91073],"to":[8.45,19.82828,6.91073],"rotation":{"angle":22.5,"axis":"x","origin":[0,22.82828,-1.08927]},"faces":{"north":{"uv":[8.5,3,8.75,3.75],"texture":"#0"},"east":{"uv":[3,8.75,3.25,9.5],"texture":"#0"},"south":{"uv":[8.75,6.5,9,7.25],"texture":"#0"},"west":{"uv":[6.75,8.25,7,9],"texture":"#0"},"up":{"uv":[9.25,0.25,9,0],"rotation":270,"texture":"#0"},"down":{"uv":[0.75,9,0.5,9.25],"rotation":90,"texture":"#0"}}},{"from":[7.5,-12.06645,10.19325],"to":[8.5,-6.06645,11.19325],"rotation":{"angle":-22.5,"axis":"x","origin":[7,-10.30317,10.69325]},"faces":{"north":{"uv":[7.5,7.5,7.75,9],"texture":"#0"},"east":{"uv":[3.5,7.75,3.75,9.25],"texture":"#0"},"south":{"uv":[4,7.75,4.25,9.25],"texture":"#0"},"west":{"uv":[3,7,3.25,8.5],"texture":"#0"},"up":{"uv":[4.75,8,4.5,7.75],"rotation":270,"texture":"#0"},"down":{"uv":[8.75,4,8.5,4.25],"rotation":90,"texture":"#0"}}},{"from":[7.075,-6.06645,9.69325],"to":[8.925,-3.06645,11.69325],"rotation":{"angle":-22.5,"axis":"x","origin":[7,-10.30317,10.69325]},"faces":{"north":{"uv":[0.75,8,1.25,8.75],"texture":"#0"},"east":{"uv":[1.5,8,2,8.75],"texture":"#0"},"south":{"uv":[2.25,8,2.75,8.75],"texture":"#0"},"west":{"uv":[0,8,0.5,8.75],"texture":"#0"},"up":{"uv":[8.5,8.5,8,8],"rotation":270,"texture":"#0"},"down":{"uv":[8.75,0,8.25,0.5],"rotation":90,"texture":"#0"}}},{"from":[8,8.18118,1.99111],"to":[8,21.18118,14.99111],"rotation":{"angle":-45,"axis":"x","origin":[8,14.68118,8.49111]},"faces":{"north":{"uv":[1,9,1,12.25],"texture":"#0"},"east":{"uv":[0,3.5,3.25,6.75],"texture":"#0"},"south":{"uv":[9,1,9,4.25],"texture":"#0"},"west":{"uv":[0,0,3.25,3.25],"texture":"#0"},"up":{"uv":[12,9,8.75,9],"rotation":270,"texture":"#0"},"down":{"uv":[12.5,1,9.25,1],"rotation":90,"texture":"#0"}}}],"gui_light":"front"}