{"file_name":"group3","texture_size":[64,64],"textures":{"layer0":"manamodels/raven"},"elements":[{"name":"group3_0","from":[4.7,8.0,5.8999996],"to":[11.3,8.0,11.3],"rotation":{"angle":0.0,"axis":"z","origin":[8.0,8.0,8.0]},"faces":{"east":{"uv":[0.0,0.0,2.25,0.0],"texture":"#layer0","tintindex":0},"south":{"uv":[0.0,0.0,2.75,0.0],"texture":"#layer0","tintindex":0},"north":{"uv":[0.0,0.0,2.75,0.0],"texture":"#layer0","tintindex":0},"west":{"uv":[0.0,0.0,2.25,0.0],"texture":"#layer0","tintindex":0},"up":{"uv":[2.75,2.25,0.0,0.0],"texture":"#layer0","tintindex":0},"down":{"uv":[0.0,0.0,2.75,2.25],"texture":"#layer0","tintindex":0}}},{"name":"group3_1","from":[11.3,8.0,11.3],"to":[4.7,8.0,5.8999996],"rotation":{"angle":0.0,"axis":"z","origin":[8.0,8.0,8.0]},"faces":{"east":{"uv":[0.0,0.0,2.25,0.0],"texture":"#layer0","tintindex":0},"south":{"uv":[0.0,0.0,2.75,0.0],"texture":"#layer0","tintindex":0},"north":{"uv":[0.0,0.0,2.75,0.0],"texture":"#layer0","tintindex":0},"west":{"uv":[0.0,0.0,2.25,0.0],"texture":"#layer0","tintindex":0},"up":{"uv":[0.0,0.0,2.75,2.25],"texture":"#layer0","tintindex":0},"down":{"uv":[2.75,2.25,0.0,0.0],"texture":"#layer0","tintindex":0}}}],"display":{"head":{"translation":[0.0,-6.4,0.0],"rotation":[0.0,0.0,0.0],"scale":[3.8095,3.8095,3.8095]},"gui":{"translation":[0.0,0.0,0.0],"rotation":[35.0,225.0,0.0],"scale":[0.625,0.625,0.625]}}}