{"file_name":"root","texture_size":[64,64],"textures":{"layer0":"manamodels/raven"},"elements":[{"name":"root_0","from":[6.5,6.8,6.8],"to":[9.5,9.2,11.6],"rotation":{"angle":0.0,"axis":"z","origin":[8.0,8.0,8.0]},"faces":{"east":{"uv":[5.75,0.0,7.75,1.0],"texture":"#layer0","tintindex":0},"south":{"uv":[1.75,6.5,3.0,7.5],"texture":"#layer0","tintindex":0},"north":{"uv":[6.25,4.25,7.5,5.25],"texture":"#layer0","tintindex":0},"west":{"uv":[5.75,1.0,7.75,2.0],"texture":"#layer0","tintindex":0},"up":{"uv":[5.75,2.0,4.5,0.0],"texture":"#layer0","tintindex":0},"down":{"uv":[4.5,0.0,5.75,2.0],"texture":"#layer0","tintindex":0}}},{"name":"root_1","from":[9.5,9.2,11.6],"to":[6.5,6.8,6.8],"rotation":{"angle":0.0,"axis":"z","origin":[8.0,8.0,8.0]},"faces":{"east":{"uv":[5.75,2.0,7.75,1.0],"texture":"#layer0","tintindex":0},"south":{"uv":[6.25,5.25,7.5,4.25],"texture":"#layer0","tintindex":0},"north":{"uv":[1.75,7.5,3.0,6.5],"texture":"#layer0","tintindex":0},"west":{"uv":[5.75,1.0,7.75,0.0],"texture":"#layer0","tintindex":0},"up":{"uv":[4.5,0.0,5.75,2.0],"texture":"#layer0","tintindex":0},"down":{"uv":[5.75,2.0,4.5,0.0],"texture":"#layer0","tintindex":0}}}],"display":{"head":{"translation":[0.0,-6.4,0.0],"rotation":[0.0,0.0,0.0],"scale":[3.8095,3.8095,3.8095]},"gui":{"translation":[0.0,0.0,0.0],"rotation":[35.0,225.0,0.0],"scale":[0.625,0.625,0.625]}}}