{"display":{"thirdperson_righthand":{"rotation":[75,45,0],"translation":[0,1.75,2.25],"scale":[0.375,0.375,0.375]},"thirdperson_lefthand":{"rotation":[75,45,0],"translation":[0,1.75,2.25],"scale":[0.375,0.375,0.375]},"firstperson_righthand":{"rotation":[0,143,0],"translation":[3.75,3,0],"scale":[0.6,0.6,0.6]},"firstperson_lefthand":{"rotation":[0,143,0],"translation":[5.25,2.25,0],"scale":[0.6,0.6,0.6]},"ground":{"translation":[0,3,-2.75]},"gui":{"rotation":[0,0,-23],"translation":[2,4,0],"scale":[1.8,1.8,1.8]},"head":{"translation":[0,-31,0],"scale":[1.6,1.6,1.6]},"fixed":{"translation":[1,5.5,1],"scale":[2,2,2]}},"textures":{"0":"crates/marvel/stone_blue","particle":"crates/marvel/stone_blue"},"elements":[{"from":[6.01,2.01,6.01],"to":[9.99,6.99,8.99],"rotation":{"angle":0,"axis":"y","origin":[8,4.5,7.5]},"faces":{"north":{"uv":[0,0,4,5],"texture":"#0"},"east":{"uv":[8,5,11,10],"texture":"#0"},"south":{"uv":[0,0,4,5],"texture":"#0"},"west":{"uv":[8,5,11,10],"texture":"#0"},"up":{"uv":[4,12,0,9],"texture":"#0"},"down":{"uv":[8,9,4,12],"texture":"#0"}}},{"from":[6,5,6],"to":[10,9,9],"rotation":{"angle":45,"axis":"z","origin":[8,7,7.5]},"faces":{"north":{"uv":[0,5,4,9],"texture":"#0"},"east":{"uv":[8,10,11,14],"texture":"#0"},"south":{"uv":[4,5,0,9],"texture":"#0"},"west":{"uv":[11,0,14,4],"texture":"#0"},"up":{"uv":[15,7,11,4],"texture":"#0"},"down":{"uv":[15,7,11,10],"texture":"#0"}}}],"gui_light":"front"}