{"file_name":"body","texture_size":[256,256],"textures":{"layer0":"manamodels/mechadino"},"elements":[{"name":"body_0","from":[-1.2160006,8.460973,-9.16239],"to":[12.608001,9.612972,-3.114389],"rotation":{"angle":0.0,"axis":"z","origin":[8.0,8.0,8.0]},"faces":{"east":{"uv":[7.9375,2.75,8.25,2.8125],"texture":"#layer0","tintindex":0},"south":{"uv":[8.9375,3.625,9.6875,3.6875],"texture":"#layer0","tintindex":0},"north":{"uv":[0.0,3.3125,0.75,3.375],"texture":"#layer0","tintindex":0},"west":{"uv":[8.625,7.8125,8.9375,7.875],"texture":"#layer0","tintindex":0},"up":{"uv":[7.1875,5.0625,6.4375,4.75],"texture":"#layer0","tintindex":0},"down":{"uv":[0.0,6.625,0.75,6.9375],"texture":"#layer0","tintindex":0}}},{"name":"body_1","from":[3.3919997,8.460973,-9.16239],"to":[17.216,9.612972,-3.114389],"rotation":{"angle":0.0,"axis":"z","origin":[8.0,8.0,8.0]},"faces":{"east":{"uv":[9.6875,7.75,10.0,7.8125],"texture":"#layer0","tintindex":0},"south":{"uv":[9.125,8.75,9.875,8.8125],"texture":"#layer0","tintindex":0},"north":{"uv":[9.125,8.6875,9.875,8.75],"texture":"#layer0","tintindex":0},"west":{"uv":[9.75,8.8125,10.0625,8.875],"texture":"#layer0","tintindex":0},"up":{"uv":[7.4375,0.3125,6.6875,0.0],"texture":"#layer0","tintindex":0},"down":{"uv":[6.6875,0.3125,7.4375,0.625],"texture":"#layer0","tintindex":0}}},{"name":"body_2","from":[-0.928,5.0049734,-8.010389],"to":[12.608001,8.460974,-4.2663894],"rotation":{"angle":0.0,"axis":"z","origin":[8.0,8.0,8.0]},"faces":{"east":{"uv":[8.0,9.3125,8.1875,9.5],"texture":"#layer0","tintindex":0},"south":{"uv":[4.0625,7.5625,4.8125,7.75],"texture":"#layer0","tintindex":0},"north":{"uv":[7.5625,2.125,8.3125,2.3125],"texture":"#layer0","tintindex":0},"west":{"uv":[8.1875,9.3125,8.375,9.5],"texture":"#layer0","tintindex":0},"up":{"uv":[6.3125,7.75,5.5625,7.5625],"texture":"#layer0","tintindex":0},"down":{"uv":[6.3125,7.5625,7.0625,7.75],"texture":"#layer0","tintindex":0}}},{"name":"body_3","from":[3.3920007,5.0049734,-8.010389],"to":[16.928001,8.460974,-4.2663894],"rotation":{"angle":0.0,"axis":"z","origin":[8.0,8.0,8.0]},"faces":{"east":{"uv":[9.3125,8.8125,9.5,9.0],"texture":"#layer0","tintindex":0},"south":{"uv":[7.6875,0.5625,8.4375,0.75],"texture":"#layer0","tintindex":0},"north":{"uv":[7.6875,0.375,8.4375,0.5625],"texture":"#layer0","tintindex":0},"west":{"uv":[9.375,0.0,9.5625,0.1875],"texture":"#layer0","tintindex":0},"up":{"uv":[8.4375,0.9375,7.6875,0.75],"texture":"#layer0","tintindex":0},"down":{"uv":[7.6875,2.3125,8.4375,2.5],"texture":"#layer0","tintindex":0}}},{"name":"body_4","from":[-1.2160006,5.0049734,-4.3239884],"to":[12.608001,8.460974,-3.1143885],"rotation":{"angle":0.0,"axis":"z","origin":[8.0,8.0,8.0]},"faces":{"east":{"uv":[0.125,9.875,0.1875,10.0625],"texture":"#layer0","tintindex":0},"south":{"uv":[7.5625,1.9375,8.3125,2.125],"texture":"#layer0","tintindex":0},"north":{"uv":[7.5,6.4375,8.25,6.625],"texture":"#layer0","tintindex":0},"west":{"uv":[3.1875,9.875,3.25,10.0625],"texture":"#layer0","tintindex":0},"up":{"uv":[9.875,7.9375,9.125,7.875],"texture":"#layer0","tintindex":0},"down":{"uv":[9.125,7.9375,9.875,8.0],"texture":"#layer0","tintindex":0}}},{"name":"body_5","from":[3.3919997,5.0049734,-4.3239884],"to":[17.216,8.460974,-3.1143885],"rotation":{"angle":0.0,"axis":"z","origin":[8.0,8.0,8.0]},"faces":{"east":{"uv":[3.375,9.875,3.4375,10.0625],"texture":"#layer0","tintindex":0},"south":{"uv":[7.0625,7.625,7.8125,7.8125],"texture":"#layer0","tintindex":0},"north":{"uv":[2.25,7.625,3.0,7.8125],"texture":"#layer0","tintindex":0},"west":{"uv":[9.0625,9.875,9.125,10.0625],"texture":"#layer0","tintindex":0},"up":{"uv":[9.875,8.0625,9.125,8.0],"texture":"#layer0","tintindex":0},"down":{"uv":[9.125,8.0625,9.875,8.125],"texture":"#layer0","tintindex":0}}},{"name":"body_6","from":[-1.2160006,3.8529723,-9.16239],"to":[12.608001,5.0049725,-3.114389],"rotation":{"angle":0.0,"axis":"z","origin":[8.0,8.0,8.0]},"faces":{"east":{"uv":[8.6875,1.125,9.0,1.1875],"texture":"#layer0","tintindex":0},"south":{"uv":[9.125,7.8125,9.875,7.875],"texture":"#layer0","tintindex":0},"north":{"uv":[9.125,6.8125,9.875,6.875],"texture":"#layer0","tintindex":0},"west":{"uv":[9.6875,0.625,10.0,0.6875],"texture":"#layer0","tintindex":0},"up":{"uv":[7.375,5.375,6.625,5.0625],"texture":"#layer0","tintindex":0},"down":{"uv":[6.625,5.375,7.375,5.6875],"texture":"#layer0","tintindex":0}}},{"name":"body_7","from":[3.3919997,3.8529723,-9.16239],"to":[17.216,5.0049725,-3.114389],"rotation":{"angle":0.0,"axis":"z","origin":[8.0,8.0,8.0]},"faces":{"east":{"uv":[9.6875,2.9375,10.0,3.0],"texture":"#layer0","tintindex":0},"south":{"uv":[9.125,8.5625,9.875,8.625],"texture":"#layer0","tintindex":0},"north":{"uv":[9.125,8.5,9.875,8.5625],"texture":"#layer0","tintindex":0},"west":{"uv":[9.6875,3.625,10.0,3.6875],"texture":"#layer0","tintindex":0},"up":{"uv":[7.375,6.0,6.625,5.6875],"texture":"#layer0","tintindex":0},"down":{"uv":[6.625,6.0,7.375,6.3125],"texture":"#layer0","tintindex":0}}},{"name":"body_8","from":[-1.2160006,5.0049734,-9.16239],"to":[12.608001,8.460974,-7.9527884],"rotation":{"angle":0.0,"axis":"z","origin":[8.0,8.0,8.0]},"faces":{"east":{"uv":[8.875,9.8125,8.9375,10.0],"texture":"#layer0","tintindex":0},"south":{"uv":[7.5,6.25,8.25,6.4375],"texture":"#layer0","tintindex":0},"north":{"uv":[3.3125,7.5,4.0625,7.6875],"texture":"#layer0","tintindex":0},"west":{"uv":[9.625,9.8125,9.6875,10.0],"texture":"#layer0","tintindex":0},"up":{"uv":[9.75,5.4375,9.0,5.375],"texture":"#layer0","tintindex":0},"down":{"uv":[9.125,1.9375,9.875,2.0],"texture":"#layer0","tintindex":0}}},{"name":"body_9","from":[3.3919997,5.0049734,-9.16239],"to":[17.216,8.460974,-7.9527884],"rotation":{"angle":0.0,"axis":"z","origin":[8.0,8.0,8.0]},"faces":{"east":{"uv":[1.5,9.9375,1.5625,10.125],"texture":"#layer0","tintindex":0},"south":{"uv":[7.6875,3.0,8.4375,3.1875],"texture":"#layer0","tintindex":0},"north":{"uv":[3.0,7.6875,3.75,7.875],"texture":"#layer0","tintindex":0},"west":{"uv":[3.875,9.9375,3.9375,10.125],"texture":"#layer0","tintindex":0},"up":{"uv":[9.375,9.1875,8.625,9.125],"texture":"#layer0","tintindex":0},"down":{"uv":[9.125,8.625,9.875,8.6875],"texture":"#layer0","tintindex":0}}},{"name":"body_10","from":[2.2399995,-0.755028,-13.7703905],"to":[13.76,1.5489719,8.117611],"rotation":{"angle":0.0,"axis":"z","origin":[8.0,8.0,8.0]},"faces":{"east":{"uv":[7.375,7.125,8.5625,7.25],"texture":"#layer0","tintindex":0},"south":{"uv":[8.5,4.0625,9.125,4.1875],"texture":"#layer0","tintindex":0},"north":{"uv":[8.4375,3.0,9.0625,3.125],"texture":"#layer0","tintindex":0},"west":{"uv":[7.4375,0.25,8.625,0.375],"texture":"#layer0","tintindex":0},"up":{"uv":[0.625,2.6875,0.0,1.5],"texture":"#layer0","tintindex":0},"down":{"uv":[0.625,1.5,1.25,2.6875],"texture":"#layer0","tintindex":0}}},{"name":"body_11","from":[1.0879993,1.548972,-13.7703905],"to":[14.912001,15.372973,11.861612],"rotation":{"angle":0.0,"axis":"z","origin":[8.0,8.0,8.0]},"faces":{"east":{"uv":[0.0,0.0,1.375,0.75],"texture":"#layer0","tintindex":0},"south":{"uv":[2.75,2.125,3.5,2.875],"texture":"#layer0","tintindex":0},"north":{"uv":[2.75,1.375,3.5,2.125],"texture":"#layer0","tintindex":0},"west":{"uv":[0.0,0.75,1.375,1.5],"texture":"#layer0","tintindex":0},"up":{"uv":[2.125,1.375,1.375,0.0],"texture":"#layer0","tintindex":0},"down":{"uv":[1.375,1.375,2.125,2.75],"texture":"#layer0","tintindex":0}}},{"name":"body_12","from":[6.8479996,21.132977,10.421612],"to":[9.152,22.284973,11.573612],"rotation":{"angle":0.0,"axis":"z","origin":[8.0,8.0,8.0]},"faces":{"east":{"uv":[9.625,7.5,9.6875,7.5625],"texture":"#layer0","tintindex":0},"south":{"uv":[10.0,4.0625,10.125,4.125],"texture":"#layer0","tintindex":0},"north":{"uv":[10.0,4.0,10.125,4.0625],"texture":"#layer0","tintindex":0},"west":{"uv":[9.6875,5.3125,9.75,5.375],"texture":"#layer0","tintindex":0},"up":{"uv":[10.125,4.1875,10.0,4.125],"texture":"#layer0","tintindex":0},"down":{"uv":[4.25,10.0,4.375,10.0625],"texture":"#layer0","tintindex":0}}},{"name":"body_13","from":[6.8479996,18.828972,6.9656115],"to":[9.152,22.284973,10.421612],"rotation":{"angle":0.0,"axis":"z","origin":[8.0,8.0,8.0]},"faces":{"east":{"uv":[1.6875,9.375,1.875,9.5625],"texture":"#layer0","tintindex":0},"south":{"uv":[6.9375,9.6875,7.0625,9.875],"texture":"#layer0","tintindex":0},"north":{"uv":[4.9375,9.6875,5.0625,9.875],"texture":"#layer0","tintindex":0},"west":{"uv":[9.375,1.75,9.5625,1.9375],"texture":"#layer0","tintindex":0},"up":{"uv":[8.625,9.875,8.5,9.6875],"texture":"#layer0","tintindex":0},"down":{"uv":[9.75,0.1875,9.875,0.375],"texture":"#layer0","tintindex":0}}},{"name":"body_14","from":[-0.06400061,10.764973,5.8136115],"to":[16.064,16.524973,11.573612],"rotation":{"angle":0.0,"axis":"z","origin":[8.0,8.0,8.0]},"faces":{"east":{"uv":[8.0625,8.125,8.375,8.4375],"texture":"#layer0","tintindex":0},"south":{"uv":[6.0,3.75,6.875,4.0625],"texture":"#layer0","tintindex":0},"north":{"uv":[6.0,3.4375,6.875,3.75],"texture":"#layer0","tintindex":0},"west":{"uv":[3.3125,8.1875,3.625,8.5],"texture":"#layer0","tintindex":0},"up":{"uv":[4.875,6.3125,4.0,6.0],"texture":"#layer0","tintindex":0},"down":{"uv":[6.0,4.0625,6.875,4.375],"texture":"#layer0","tintindex":0}}},{"name":"body_15","from":[4.5439997,13.068973,6.9656115],"to":[11.456,18.828974,10.421612],"rotation":{"angle":0.0,"axis":"z","origin":[8.0,8.0,8.0]},"faces":{"east":{"uv":[8.9375,7.8125,9.125,8.125],"texture":"#layer0","tintindex":0},"south":{"uv":[5.5,7.9375,5.875,8.25],"texture":"#layer0","tintindex":0},"north":{"uv":[4.6875,7.9375,5.0625,8.25],"texture":"#layer0","tintindex":0},"west":{"uv":[8.9375,8.5,9.125,8.8125],"texture":"#layer0","tintindex":0},"up":{"uv":[7.625,8.8125,7.25,8.625],"texture":"#layer0","tintindex":0},"down":{"uv":[8.625,7.625,9.0,7.8125],"texture":"#layer0","tintindex":0}}},{"name":"body_16","from":[6.8479996,21.132977,2.3576117],"to":[9.152,22.284973,3.5096116],"rotation":{"angle":0.0,"axis":"z","origin":[8.0,8.0,8.0]},"faces":{"east":{"uv":[2.5625,9.625,2.625,9.6875],"texture":"#layer0","tintindex":0},"south":{"uv":[10.0,3.875,10.125,3.9375],"texture":"#layer0","tintindex":0},"north":{"uv":[10.0,3.8125,10.125,3.875],"texture":"#layer0","tintindex":0},"west":{"uv":[9.625,5.1875,9.6875,5.25],"texture":"#layer0","tintindex":0},"up":{"uv":[10.125,4.0,10.0,3.9375],"texture":"#layer0","tintindex":0},"down":{"uv":[4.0,10.0,4.125,10.0625],"texture":"#layer0","tintindex":0}}},{"name":"body_17","from":[6.8479996,18.828972,-1.0983887],"to":[9.152,22.284973,2.3576117],"rotation":{"angle":0.0,"axis":"z","origin":[8.0,8.0,8.0]},"faces":{"east":{"uv":[9.375,2.4375,9.5625,2.625],"texture":"#layer0","tintindex":0},"south":{"uv":[0.5625,9.75,0.6875,9.9375],"texture":"#layer0","tintindex":0},"north":{"uv":[0.4375,9.75,0.5625,9.9375],"texture":"#layer0","tintindex":0},"west":{"uv":[3.0,9.375,3.1875,9.5625],"texture":"#layer0","tintindex":0},"up":{"uv":[1.0,9.9375,0.875,9.75],"texture":"#layer0","tintindex":0},"down":{"uv":[9.75,1.0625,9.875,1.25],"texture":"#layer0","tintindex":0}}},{"name":"body_18","from":[4.5439997,13.068973,-1.0983887],"to":[11.456,18.828974,2.3576117],"rotation":{"angle":0.0,"axis":"z","origin":[8.0,8.0,8.0]},"faces":{"east":{"uv":[8.9375,6.5625,9.125,6.875],"texture":"#layer0","tintindex":0},"south":{"uv":[4.0625,7.9375,4.4375,8.25],"texture":"#layer0","tintindex":0},"north":{"uv":[4.5,6.75,4.875,7.0625],"texture":"#layer0","tintindex":0},"west":{"uv":[8.9375,7.25,9.125,7.5625],"texture":"#layer0","tintindex":0},"up":{"uv":[9.0,3.0,8.625,2.8125],"texture":"#layer0","tintindex":0},"down":{"uv":[6.25,8.625,6.625,8.8125],"texture":"#layer0","tintindex":0}}},{"name":"body_19","from":[-0.06400061,10.764973,-2.2503886],"to":[16.064,16.524973,3.5096116],"rotation":{"angle":0.0,"axis":"z","origin":[8.0,8.0,8.0]},"faces":{"east":{"uv":[0.4375,6.9375,0.75,7.25],"texture":"#layer0","tintindex":0},"south":{"uv":[6.0,1.875,6.875,2.1875],"texture":"#layer0","tintindex":0},"north":{"uv":[6.0,1.5625,6.875,1.875],"texture":"#layer0","tintindex":0},"west":{"uv":[2.5625,8.125,2.875,8.4375],"texture":"#layer0","tintindex":0},"up":{"uv":[6.875,3.125,6.0,2.8125],"texture":"#layer0","tintindex":0},"down":{"uv":[6.0,3.125,6.875,3.4375],"texture":"#layer0","tintindex":0}}},{"name":"body_20","from":[5.696,15.372973,-13.7703905],"to":[10.304001,17.676973,12.725612],"rotation":{"angle":0.0,"axis":"z","origin":[8.0,8.0,8.0]},"faces":{"east":{"uv":[7.3125,1.5,8.75,1.625],"texture":"#layer0","tintindex":0},"south":{"uv":[9.4375,7.6875,9.6875,7.8125],"texture":"#layer0","tintindex":0},"north":{"uv":[9.4375,7.5625,9.6875,7.6875],"texture":"#layer0","tintindex":0},"west":{"uv":[7.3125,1.625,8.75,1.75],"texture":"#layer0","tintindex":0},"up":{"uv":[1.8125,5.875,1.5625,4.4375],"texture":"#layer0","tintindex":0},"down":{"uv":[4.5625,4.5625,4.8125,6.0],"texture":"#layer0","tintindex":0}}}],"display":{"head":{"translation":[0.0,-6.4,0.0],"rotation":[0.0,0.0,0.0],"scale":[3.8095,3.8095,3.8095]},"gui":{"translation":[0.0,0.0,0.0],"rotation":[35.0,225.0,0.0],"scale":[0.625,0.625,0.625]}}}