{"file_name":"bone14","texture_size":[256,256],"textures":{"layer0":"manamodels/mechadino"},"elements":[{"name":"bone14_0","from":[7.6962624,6.599756,18.175999],"to":[8.848263,10.055756,32.0],"rotation":{"angle":0.0,"axis":"z","origin":[8.0,8.0,6.516262]},"faces":{"east":{"uv":[3.75,7.75,4.5,7.9375],"texture":"#layer0","tintindex":0},"south":{"uv":[9.9375,7.3125,10.0,7.5],"texture":"#layer0","tintindex":0},"north":{"uv":[7.3125,9.9375,7.375,10.125],"texture":"#layer0","tintindex":0},"west":{"uv":[5.5625,7.75,6.3125,7.9375],"texture":"#layer0","tintindex":0},"up":{"uv":[5.375,10.0,5.3125,9.25],"texture":"#layer0","tintindex":0},"down":{"uv":[5.375,9.25,5.4375,10.0],"texture":"#layer0","tintindex":0}}},{"name":"bone14_1","from":[7.6962624,4.2957554,4.341193],"to":[8.848263,10.055756,18.165195],"rotation":{"angle":0.0,"axis":"z","origin":[8.0,8.0,6.516262]},"faces":{"east":{"uv":[6.0,6.75,6.75,7.0625],"texture":"#layer0","tintindex":0},"south":{"uv":[2.5,9.75,2.5625,10.0625],"texture":"#layer0","tintindex":0},"north":{"uv":[4.625,9.6875,4.6875,10.0],"texture":"#layer0","tintindex":0},"west":{"uv":[6.75,6.3125,7.5,6.625],"texture":"#layer0","tintindex":0},"up":{"uv":[5.25,10.0,5.1875,9.25],"texture":"#layer0","tintindex":0},"down":{"uv":[5.25,9.25,5.3125,10.0],"texture":"#layer0","tintindex":0}}}],"display":{"head":{"translation":[0.0,-6.4,5.6523],"rotation":[0.0,0.0,0.0],"scale":[3.8095,3.8095,3.8095]},"gui":{"translation":[0.0,0.0,0.0],"rotation":[35.0,225.0,0.0],"scale":[0.625,0.625,0.625]}}}