{"file_name":"bone9","texture_size":[256,256],"textures":{"layer0":"manamodels/mechadino"},"elements":[{"name":"bone9_0","from":[-1.2159996,29.696,10.529804],"to":[17.216,32.0,13.121803],"rotation":{"angle":0.0,"axis":"z","origin":[8.0,6.7530174,8.0]},"faces":{"east":{"uv":[9.9375,4.5625,10.0625,4.6875],"texture":"#layer0","tintindex":0},"south":{"uv":[8.0,5.0625,9.0,5.1875],"texture":"#layer0","tintindex":0},"north":{"uv":[8.0,4.9375,9.0,5.0625],"texture":"#layer0","tintindex":0},"west":{"uv":[9.9375,4.6875,10.0625,4.8125],"texture":"#layer0","tintindex":0},"up":{"uv":[9.0,5.3125,8.0,5.1875],"texture":"#layer0","tintindex":0},"down":{"uv":[8.0,5.3125,9.0,5.4375],"texture":"#layer0","tintindex":0}}},{"name":"bone9_1","from":[-4.096,30.272,10.529804],"to":[-1.2160001,31.423996,13.121803],"rotation":{"angle":0.0,"axis":"z","origin":[8.0,6.7530174,8.0]},"faces":{"east":{"uv":[10.0,7.0625,10.125,7.125],"texture":"#layer0","tintindex":0},"south":{"uv":[8.4375,2.6875,8.625,2.75],"texture":"#layer0","tintindex":0},"north":{"uv":[0.25,7.4375,0.4375,7.5],"texture":"#layer0","tintindex":0},"west":{"uv":[10.0,7.125,10.125,7.1875],"texture":"#layer0","tintindex":0},"up":{"uv":[9.9375,4.9375,9.75,4.8125],"texture":"#layer0","tintindex":0},"down":{"uv":[9.75,5.0625,9.9375,5.1875],"texture":"#layer0","tintindex":0}}},{"name":"bone9_2","from":[-4.096,30.272,13.121803],"to":[-2.9440002,31.423996,14.561803],"rotation":{"angle":0.0,"axis":"z","origin":[8.0,6.7530174,8.0]},"faces":{"east":{"uv":[10.0625,0.875,10.125,0.9375],"texture":"#layer0","tintindex":0},"south":{"uv":[0.9375,10.0625,1.0,10.125],"texture":"#layer0","tintindex":0},"north":{"uv":[0.875,10.0625,0.9375,10.125],"texture":"#layer0","tintindex":0},"west":{"uv":[10.0625,0.9375,10.125,1.0],"texture":"#layer0","tintindex":0},"up":{"uv":[1.0625,10.125,1.0,10.0625],"texture":"#layer0","tintindex":0},"down":{"uv":[10.0625,1.0,10.125,1.0625],"texture":"#layer0","tintindex":0}}},{"name":"bone9_3","from":[-4.096,30.272,4.769802],"to":[-1.2160001,31.423996,7.361802],"rotation":{"angle":0.0,"axis":"z","origin":[8.0,6.7530174,8.0]},"faces":{"east":{"uv":[10.0,7.1875,10.125,7.25],"texture":"#layer0","tintindex":0},"south":{"uv":[7.0625,8.75,7.25,8.8125],"texture":"#layer0","tintindex":0},"north":{"uv":[4.5,8.5,4.6875,8.5625],"texture":"#layer0","tintindex":0},"west":{"uv":[10.0,7.25,10.125,7.3125],"texture":"#layer0","tintindex":0},"up":{"uv":[9.9375,5.4375,9.75,5.3125],"texture":"#layer0","tintindex":0},"down":{"uv":[9.75,6.875,9.9375,7.0],"texture":"#layer0","tintindex":0}}},{"name":"bone9_4","from":[-4.096,30.272,7.361802],"to":[-2.9440002,31.423996,8.801802],"rotation":{"angle":0.0,"axis":"z","origin":[8.0,6.7530174,8.0]},"faces":{"east":{"uv":[10.0625,1.0625,10.125,1.125],"texture":"#layer0","tintindex":0},"south":{"uv":[1.125,10.0625,1.1875,10.125],"texture":"#layer0","tintindex":0},"north":{"uv":[1.0625,10.0625,1.125,10.125],"texture":"#layer0","tintindex":0},"west":{"uv":[10.0625,1.125,10.125,1.1875],"texture":"#layer0","tintindex":0},"up":{"uv":[1.25,10.125,1.1875,10.0625],"texture":"#layer0","tintindex":0},"down":{"uv":[10.0625,1.1875,10.125,1.25],"texture":"#layer0","tintindex":0}}},{"name":"bone9_5","from":[-1.2159996,29.696,4.769802],"to":[17.216,32.0,7.361802],"rotation":{"angle":0.0,"axis":"z","origin":[8.0,6.7530174,8.0]},"faces":{"east":{"uv":[9.9375,4.4375,10.0625,4.5625],"texture":"#layer0","tintindex":0},"south":{"uv":[7.9375,4.5625,8.9375,4.6875],"texture":"#layer0","tintindex":0},"north":{"uv":[7.9375,4.4375,8.9375,4.5625],"texture":"#layer0","tintindex":0},"west":{"uv":[4.5,9.9375,4.625,10.0625],"texture":"#layer0","tintindex":0},"up":{"uv":[8.9375,4.8125,7.9375,4.6875],"texture":"#layer0","tintindex":0},"down":{"uv":[7.9375,4.8125,8.9375,4.9375],"texture":"#layer0","tintindex":0}}}],"display":{"head":{"translation":[0.0,-1.64962,0.0],"rotation":[0.0,0.0,0.0],"scale":[3.8095,3.8095,3.8095]},"gui":{"translation":[0.0,0.0,0.0],"rotation":[35.0,225.0,0.0],"scale":[0.625,0.625,0.625]}}}