{"file_name":"bone2","texture_size":[256,256],"textures":{"layer0":"manamodels/mechadino"},"elements":[{"name":"bone2_0","from":[7.929152,-0.32714725,5.509898],"to":[9.081152,7.7368526,15.877899],"rotation":{"angle":0.0,"axis":"z","origin":[8.0,8.0,8.0]},"faces":{"east":{"uv":[4.875,6.3125,4.3125,6.75],"texture":"#layer0","tintindex":0},"south":{"uv":[3.5625,9.5625,3.5,10.0],"texture":"#layer0","tintindex":0},"north":{"uv":[2.75,3.25,2.6875,3.6875],"texture":"#layer0","tintindex":0},"west":{"uv":[4.3125,6.3125,3.75,6.75],"texture":"#layer0","tintindex":0},"up":{"uv":[1.25,9.875,1.3125,9.3125],"texture":"#layer0","tintindex":0},"down":{"uv":[3.4375,9.3125,3.375,9.875],"texture":"#layer0","tintindex":0}}},{"name":"bone2_1","from":[9.081152,4.2808533,8.965895],"to":[10.233152,6.584853,11.269896],"rotation":{"angle":0.0,"axis":"z","origin":[8.0,8.0,8.0]},"faces":{"east":{"uv":[6.375,9.8125,6.25,9.9375],"texture":"#layer0","tintindex":0},"south":{"uv":[9.5,9.9375,9.4375,10.0625],"texture":"#layer0","tintindex":0},"north":{"uv":[9.4375,9.9375,9.375,10.0625],"texture":"#layer0","tintindex":0},"west":{"uv":[9.9375,6.1875,9.8125,6.3125],"texture":"#layer0","tintindex":0},"up":{"uv":[9.5,10.0625,9.5625,9.9375],"texture":"#layer0","tintindex":0},"down":{"uv":[9.625,9.9375,9.5625,10.0625],"texture":"#layer0","tintindex":0}}},{"name":"bone2_2","from":[9.081152,4.2808533,12.421897],"to":[10.233152,6.584853,14.725897],"rotation":{"angle":0.0,"axis":"z","origin":[8.0,8.0,8.0]},"faces":{"east":{"uv":[5.9375,9.8125,5.8125,9.9375],"texture":"#layer0","tintindex":0},"south":{"uv":[9.25,9.9375,9.1875,10.0625],"texture":"#layer0","tintindex":0},"north":{"uv":[9.1875,9.9375,9.125,10.0625],"texture":"#layer0","tintindex":0},"west":{"uv":[9.9375,4.6875,9.8125,4.8125],"texture":"#layer0","tintindex":0},"up":{"uv":[9.25,10.0625,9.3125,9.9375],"texture":"#layer0","tintindex":0},"down":{"uv":[9.375,9.9375,9.3125,10.0625],"texture":"#layer0","tintindex":0}}},{"name":"bone2_3","from":[7.929152,5.432852,15.877898],"to":[9.081152,7.736852,25.093899],"rotation":{"angle":0.0,"axis":"z","origin":[8.0,8.0,8.0]},"faces":{"east":{"uv":[9.375,2.0,8.875,2.125],"texture":"#layer0","tintindex":0},"south":{"uv":[8.5,9.9375,8.4375,10.0625],"texture":"#layer0","tintindex":0},"north":{"uv":[8.4375,9.9375,8.375,10.0625],"texture":"#layer0","tintindex":0},"west":{"uv":[9.375,0.875,8.875,1.0],"texture":"#layer0","tintindex":0},"up":{"uv":[6.375,9.8125,6.4375,9.3125],"texture":"#layer0","tintindex":0},"down":{"uv":[1.5625,9.4375,1.5,9.9375],"texture":"#layer0","tintindex":0}}},{"name":"bone2_4","from":[7.929152,1.9768506,15.877898],"to":[9.081152,4.2808504,21.637897],"rotation":{"angle":0.0,"axis":"z","origin":[8.0,8.0,8.0]},"faces":{"east":{"uv":[9.5625,8.125,9.25,8.25],"texture":"#layer0","tintindex":0},"south":{"uv":[8.75,9.9375,8.6875,10.0625],"texture":"#layer0","tintindex":0},"north":{"uv":[8.6875,9.9375,8.625,10.0625],"texture":"#layer0","tintindex":0},"west":{"uv":[9.5625,6.875,9.25,7.0],"texture":"#layer0","tintindex":0},"up":{"uv":[9.0625,9.875,9.125,9.5625],"texture":"#layer0","tintindex":0},"down":{"uv":[0.375,9.625,0.3125,9.9375],"texture":"#layer0","tintindex":0}}}],"display":{"head":{"translation":[0.0,-6.4,0.0],"rotation":[0.0,0.0,0.0],"scale":[3.8095,3.8095,3.8095]},"gui":{"translation":[0.0,0.0,0.0],"rotation":[35.0,225.0,0.0],"scale":[0.625,0.625,0.625]}}}