{"file_name":"bone5","texture_size":[256,256],"textures":{"layer0":"manamodels/mechadino"},"elements":[{"name":"bone5_0","from":[7.8502398,6.6239967,5.3733807],"to":[9.50912,11.600637,9.520581],"rotation":{"angle":0.0,"axis":"z","origin":[8.0,8.0,8.0]},"faces":{"east":{"uv":[4.1875,8.9375,4.4375,9.1875],"texture":"#layer0","tintindex":0},"south":{"uv":[2.8125,9.8125,2.875,10.0625],"texture":"#layer0","tintindex":0},"north":{"uv":[1.8125,9.8125,1.875,10.0625],"texture":"#layer0","tintindex":0},"west":{"uv":[8.9375,4.4375,9.1875,4.6875],"texture":"#layer0","tintindex":0},"up":{"uv":[2.9375,10.0625,2.875,9.8125],"texture":"#layer0","tintindex":0},"down":{"uv":[3.0,9.8125,3.0625,10.0625],"texture":"#layer0","tintindex":0}}},{"name":"bone5_1","from":[7.8502398,9.941758,9.520581],"to":[9.50912,11.600638,16.156101],"rotation":{"angle":0.0,"axis":"z","origin":[8.0,8.0,8.0]},"faces":{"east":{"uv":[7.0625,7.5625,7.4375,7.625],"texture":"#layer0","tintindex":0},"south":{"uv":[9.0625,7.0625,9.125,7.125],"texture":"#layer0","tintindex":0},"north":{"uv":[6.4375,9.0625,6.5,9.125],"texture":"#layer0","tintindex":0},"west":{"uv":[7.6875,3.8125,8.0625,3.875],"texture":"#layer0","tintindex":0},"up":{"uv":[6.8125,9.9375,6.75,9.5625],"texture":"#layer0","tintindex":0},"down":{"uv":[7.9375,9.5625,8.0,9.9375],"texture":"#layer0","tintindex":0}}},{"name":"bone5_2","from":[7.8502398,7.453437,9.520581],"to":[9.50912,9.112317,13.667782],"rotation":{"angle":0.0,"axis":"z","origin":[8.0,8.0,8.0]},"faces":{"east":{"uv":[9.8125,2.75,10.0625,2.8125],"texture":"#layer0","tintindex":0},"south":{"uv":[0.6875,9.0625,0.75,9.125],"texture":"#layer0","tintindex":0},"north":{"uv":[8.9375,7.5625,9.0,7.625],"texture":"#layer0","tintindex":0},"west":{"uv":[9.8125,3.0,10.0625,3.0625],"texture":"#layer0","tintindex":0},"up":{"uv":[3.125,10.0625,3.0625,9.8125],"texture":"#layer0","tintindex":0},"down":{"uv":[3.25,9.8125,3.3125,10.0625],"texture":"#layer0","tintindex":0}}}],"display":{"head":{"translation":[0.0,-6.4,0.0],"rotation":[0.0,0.0,0.0],"scale":[3.8095,3.8095,3.8095]},"gui":{"translation":[0.0,0.0,0.0],"rotation":[35.0,225.0,0.0],"scale":[0.625,0.625,0.625]}}}