{"file_name":"bone13","texture_size":[256,256],"textures":{"layer0":"manamodels/mechadino"},"elements":[{"name":"bone13_0","from":[20.778458,21.891808,18.175995],"to":[21.930458,29.955807,32.0],"rotation":{"angle":0.0,"axis":"z","origin":[20.96,21.86,19.176586]},"faces":{"east":{"uv":[6.0,3.9375,5.25,4.375],"texture":"#layer0","tintindex":0},"south":{"uv":[6.5,9.5625,6.4375,10.0],"texture":"#layer0","tintindex":0},"north":{"uv":[6.25,9.5625,6.1875,10.0],"texture":"#layer0","tintindex":0},"west":{"uv":[6.0,3.5,5.25,3.9375],"texture":"#layer0","tintindex":0},"up":{"uv":[5.0625,10.0,5.125,9.25],"texture":"#layer0","tintindex":0},"down":{"uv":[5.1875,9.25,5.125,10.0],"texture":"#layer0","tintindex":0}}}],"display":{"head":{"translation":[0.0,-6.4,19.593834],"rotation":[0.0,0.0,0.0],"scale":[3.8095,3.8095,3.8095]},"gui":{"translation":[0.0,0.0,0.0],"rotation":[35.0,225.0,0.0],"scale":[0.625,0.625,0.625]}}}