{"file_name":"leftarm","texture_size":[256,256],"textures":{"layer0":"manamodels/mechadino"},"elements":[{"name":"leftarm_0","from":[6.23168,5.262841,0.36349916],"to":[11.208321,11.068921,10.31678],"rotation":{"angle":0.0,"axis":"z","origin":[8.0,8.0,8.0]},"faces":{"east":{"uv":[4.6875,7.25,5.25,7.5625],"texture":"#layer0","tintindex":0},"south":{"uv":[1.375,8.5625,1.625,8.875],"texture":"#layer0","tintindex":0},"north":{"uv":[0.75,8.5625,1.0,8.875],"texture":"#layer0","tintindex":0},"west":{"uv":[2.75,7.3125,3.3125,7.625],"texture":"#layer0","tintindex":0},"up":{"uv":[0.5,8.0625,0.25,7.5],"texture":"#layer0","tintindex":0},"down":{"uv":[0.5,7.5,0.75,8.0625],"texture":"#layer0","tintindex":0}}},{"name":"leftarm_1","from":[5.6556797,5.884921,0.93949866],"to":[6.23168,7.0369215,3.9807787],"rotation":{"angle":0.0,"axis":"z","origin":[8.0,8.0,8.0]},"faces":{"east":{"uv":[0.75,3.3125,0.9375,3.375],"texture":"#layer0","tintindex":0},"south":{"uv":[0.375,10.0625,0.4375,10.125],"texture":"#layer0","tintindex":0},"north":{"uv":[0.3125,10.0625,0.375,10.125],"texture":"#layer0","tintindex":0},"west":{"uv":[1.8125,3.875,2.0,3.9375],"texture":"#layer0","tintindex":0},"up":{"uv":[6.8125,10.125,6.75,9.9375],"texture":"#layer0","tintindex":0},"down":{"uv":[9.9375,6.75,10.0,6.9375],"texture":"#layer0","tintindex":0}}},{"name":"leftarm_2","from":[5.6556797,7.6129217,0.93949866],"to":[6.23168,8.764922,2.8287787],"rotation":{"angle":0.0,"axis":"z","origin":[8.0,8.0,8.0]},"faces":{"east":{"uv":[10.0,6.0,10.125,6.0625],"texture":"#layer0","tintindex":0},"south":{"uv":[0.4375,10.0625,0.5,10.125],"texture":"#layer0","tintindex":0},"north":{"uv":[10.0625,0.375,10.125,0.4375],"texture":"#layer0","tintindex":0},"west":{"uv":[10.0,6.0625,10.125,6.125],"texture":"#layer0","tintindex":0},"up":{"uv":[5.4375,10.125,5.375,10.0],"texture":"#layer0","tintindex":0},"down":{"uv":[6.125,10.0,6.1875,10.125],"texture":"#layer0","tintindex":0}}}],"display":{"head":{"translation":[0.0,-6.4,0.0],"rotation":[0.0,0.0,0.0],"scale":[3.8095,3.8095,3.8095]},"gui":{"translation":[0.0,0.0,0.0],"rotation":[35.0,225.0,0.0],"scale":[0.625,0.625,0.625]}}}