{"file_name":"leftconnector","texture_size":[256,256],"textures":{"layer0":"manamodels/mechadino"},"elements":[{"name":"leftconnector_0","from":[7.9999995,3.017059,5.60465],"to":[12.608,8.77706,10.21265],"rotation":{"angle":0.0,"axis":"z","origin":[8.0,8.0,8.0]},"faces":{"east":{"uv":[8.0625,8.4375,8.3125,8.75],"texture":"#layer0","tintindex":0},"south":{"uv":[0.0,8.5,0.25,8.8125],"texture":"#layer0","tintindex":0},"north":{"uv":[8.4375,3.4375,8.6875,3.75],"texture":"#layer0","tintindex":0},"west":{"uv":[0.25,8.5,0.5,8.8125],"texture":"#layer0","tintindex":0},"up":{"uv":[8.9375,3.6875,8.6875,3.4375],"texture":"#layer0","tintindex":0},"down":{"uv":[5.5625,8.6875,5.8125,8.9375],"texture":"#layer0","tintindex":0}}}],"display":{"head":{"translation":[0.0,-6.4,0.0],"rotation":[0.0,0.0,0.0],"scale":[3.8095,3.8095,3.8095]},"gui":{"translation":[0.0,0.0,0.0],"rotation":[35.0,225.0,0.0],"scale":[0.625,0.625,0.625]}}}