{"file_name":"loweruppertail","texture_size":[256,256],"textures":{"layer0":"manamodels/mechadino"},"elements":[{"name":"loweruppertail_0","from":[3.3920002,-3.2665305,4.96751],"to":[12.608001,5.9494696,19.943512],"rotation":{"angle":0.0,"axis":"z","origin":[8.0,8.0,8.0]},"faces":{"east":{"uv":[4.5,1.25,5.3125,1.75],"texture":"#layer0","tintindex":0},"south":{"uv":[3.25,6.3125,3.75,6.8125],"texture":"#layer0","tintindex":0},"north":{"uv":[5.375,0.0,5.875,0.5],"texture":"#layer0","tintindex":0},"west":{"uv":[4.5625,0.0,5.375,0.5],"texture":"#layer0","tintindex":0},"up":{"uv":[4.0625,5.375,3.5625,4.5625],"texture":"#layer0","tintindex":0},"down":{"uv":[4.0625,4.5625,4.5625,5.375],"texture":"#layer0","tintindex":0}}},{"name":"loweruppertail_1","from":[5.696,3.6454701,4.96751],"to":[10.304001,8.25347,22.247509],"rotation":{"angle":0.0,"axis":"z","origin":[8.0,8.0,8.0]},"faces":{"east":{"uv":[6.375,1.25,7.3125,1.5],"texture":"#layer0","tintindex":0},"south":{"uv":[3.5,8.875,3.75,9.125],"texture":"#layer0","tintindex":0},"north":{"uv":[3.0,8.875,3.25,9.125],"texture":"#layer0","tintindex":0},"west":{"uv":[2.3125,6.4375,3.25,6.6875],"texture":"#layer0","tintindex":0},"up":{"uv":[1.75,7.4375,1.5,6.5],"texture":"#layer0","tintindex":0},"down":{"uv":[1.75,6.5,2.0,7.4375],"texture":"#layer0","tintindex":0}}},{"name":"loweruppertail_2","from":[2.2399995,2.4934714,8.4235115],"to":[13.76,7.1014714,13.031512],"rotation":{"angle":0.0,"axis":"z","origin":[8.0,8.0,8.0]},"faces":{"east":{"uv":[2.5,8.875,2.75,9.125],"texture":"#layer0","tintindex":0},"south":{"uv":[7.375,5.25,8.0,5.5],"texture":"#layer0","tintindex":0},"north":{"uv":[7.375,5.0,8.0,5.25],"texture":"#layer0","tintindex":0},"west":{"uv":[2.75,8.875,3.0,9.125],"texture":"#layer0","tintindex":0},"up":{"uv":[8.0,5.75,7.375,5.5],"texture":"#layer0","tintindex":0},"down":{"uv":[7.375,5.75,8.0,6.0],"texture":"#layer0","tintindex":0}}},{"name":"loweruppertail_3","from":[4.5439997,4.7974715,8.999511],"to":[11.456,9.405472,12.455511],"rotation":{"angle":0.0,"axis":"z","origin":[8.0,8.0,8.0]},"faces":{"east":{"uv":[7.25,9.0625,7.4375,9.3125],"texture":"#layer0","tintindex":0},"south":{"uv":[8.3125,2.0,8.6875,2.25],"texture":"#layer0","tintindex":0},"north":{"uv":[8.3125,1.75,8.6875,2.0],"texture":"#layer0","tintindex":0},"west":{"uv":[9.125,0.375,9.3125,0.625],"texture":"#layer0","tintindex":0},"up":{"uv":[8.9375,7.125,8.5625,6.9375],"texture":"#layer0","tintindex":0},"down":{"uv":[8.625,2.25,9.0,2.4375],"texture":"#layer0","tintindex":0}}},{"name":"loweruppertail_4","from":[6.8479996,9.40547,8.999511],"to":[9.152,12.86147,12.455511],"rotation":{"angle":0.0,"axis":"z","origin":[8.0,8.0,8.0]},"faces":{"east":{"uv":[9.375,9.1875,9.5625,9.375],"texture":"#layer0","tintindex":0},"south":{"uv":[7.1875,9.75,7.3125,9.9375],"texture":"#layer0","tintindex":0},"north":{"uv":[7.0625,9.75,7.1875,9.9375],"texture":"#layer0","tintindex":0},"west":{"uv":[9.375,9.375,9.5625,9.5625],"texture":"#layer0","tintindex":0},"up":{"uv":[7.4375,9.9375,7.3125,9.75],"texture":"#layer0","tintindex":0},"down":{"uv":[7.4375,9.75,7.5625,9.9375],"texture":"#layer0","tintindex":0}}},{"name":"loweruppertail_5","from":[6.8479996,11.709472,12.45551],"to":[9.152,12.861472,13.607511],"rotation":{"angle":0.0,"axis":"z","origin":[8.0,8.0,8.0]},"faces":{"east":{"uv":[9.875,6.8125,9.9375,6.875],"texture":"#layer0","tintindex":0},"south":{"uv":[10.0,5.25,10.125,5.3125],"texture":"#layer0","tintindex":0},"north":{"uv":[5.25,10.0,5.375,10.0625],"texture":"#layer0","tintindex":0},"west":{"uv":[9.9375,0.125,10.0,0.1875],"texture":"#layer0","tintindex":0},"up":{"uv":[10.125,5.5,10.0,5.4375],"texture":"#layer0","tintindex":0},"down":{"uv":[10.0,5.5,10.125,5.5625],"texture":"#layer0","tintindex":0}}},{"name":"loweruppertail_6","from":[4.5439997,4.8013096,16.258495],"to":[11.456,9.40931,19.714497],"rotation":{"angle":0.0,"axis":"z","origin":[8.0,8.0,8.0]},"faces":{"east":{"uv":[9.125,0.625,9.3125,0.875],"texture":"#layer0","tintindex":0},"south":{"uv":[8.375,8.125,8.75,8.375],"texture":"#layer0","tintindex":0},"north":{"uv":[2.875,8.3125,3.25,8.5625],"texture":"#layer0","tintindex":0},"west":{"uv":[0.6875,9.125,0.875,9.375],"texture":"#layer0","tintindex":0},"up":{"uv":[9.0,2.625,8.625,2.4375],"texture":"#layer0","tintindex":0},"down":{"uv":[8.625,2.625,9.0,2.8125],"texture":"#layer0","tintindex":0}}},{"name":"loweruppertail_7","from":[6.8479996,9.40931,16.258495],"to":[9.152,12.865311,19.714497],"rotation":{"angle":0.0,"axis":"z","origin":[8.0,8.0,8.0]},"faces":{"east":{"uv":[0.0,9.4375,0.1875,9.625],"texture":"#layer0","tintindex":0},"south":{"uv":[7.6875,9.75,7.8125,9.9375],"texture":"#layer0","tintindex":0},"north":{"uv":[7.5625,9.75,7.6875,9.9375],"texture":"#layer0","tintindex":0},"west":{"uv":[0.1875,9.4375,0.375,9.625],"texture":"#layer0","tintindex":0},"up":{"uv":[7.9375,9.9375,7.8125,9.75],"texture":"#layer0","tintindex":0},"down":{"uv":[8.0,9.75,8.125,9.9375],"texture":"#layer0","tintindex":0}}},{"name":"loweruppertail_8","from":[6.8479996,11.713313,19.714497],"to":[9.152,12.865313,20.866497],"rotation":{"angle":0.0,"axis":"z","origin":[8.0,8.0,8.0]},"faces":{"east":{"uv":[10.0,8.75,10.0625,8.8125],"texture":"#layer0","tintindex":0},"south":{"uv":[10.0,5.625,10.125,5.6875],"texture":"#layer0","tintindex":0},"north":{"uv":[10.0,5.5625,10.125,5.625],"texture":"#layer0","tintindex":0},"west":{"uv":[8.875,10.0,8.9375,10.0625],"texture":"#layer0","tintindex":0},"up":{"uv":[10.125,5.75,10.0,5.6875],"texture":"#layer0","tintindex":0},"down":{"uv":[10.0,5.75,10.125,5.8125],"texture":"#layer0","tintindex":0}}},{"name":"loweruppertail_9","from":[2.2399995,3.2173102,15.682497],"to":[13.76,7.82531,20.290497],"rotation":{"angle":0.0,"axis":"z","origin":[8.0,8.0,8.0]},"faces":{"east":{"uv":[7.8125,8.875,8.0625,9.125],"texture":"#layer0","tintindex":0},"south":{"uv":[7.375,6.625,8.0,6.875],"texture":"#layer0","tintindex":0},"north":{"uv":[7.375,6.0,8.0,6.25],"texture":"#layer0","tintindex":0},"west":{"uv":[8.6875,8.875,8.9375,9.125],"texture":"#layer0","tintindex":0},"up":{"uv":[8.0,7.125,7.375,6.875],"texture":"#layer0","tintindex":0},"down":{"uv":[7.4375,0.0,8.0625,0.25],"texture":"#layer0","tintindex":0}}}],"display":{"head":{"translation":[0.0,-6.4,0.0],"rotation":[0.0,0.0,0.0],"scale":[3.8095,3.8095,3.8095]},"gui":{"translation":[0.0,0.0,0.0],"rotation":[35.0,225.0,0.0],"scale":[0.625,0.625,0.625]}}}