{"file_name":"lowerleftarm","texture_size":[256,256],"textures":{"layer0":"manamodels/mechadino"},"elements":[{"name":"lowerleftarm_0","from":[7.17056,5.0008936,1.5105199],"to":[12.1472,6.659774,5.65772],"rotation":{"angle":0.0,"axis":"z","origin":[8.0,8.0,8.0]},"faces":{"east":{"uv":[9.25,7.0,9.5,7.0625],"texture":"#layer0","tintindex":0},"south":{"uv":[9.75,8.875,10.0,8.9375],"texture":"#layer0","tintindex":0},"north":{"uv":[9.1875,4.625,9.4375,4.6875],"texture":"#layer0","tintindex":0},"west":{"uv":[9.8125,2.6875,10.0625,2.75],"texture":"#layer0","tintindex":0},"up":{"uv":[9.1875,0.25,8.9375,0.0],"texture":"#layer0","tintindex":0},"down":{"uv":[8.9375,3.375,9.1875,3.625],"texture":"#layer0","tintindex":0}}},{"name":"lowerleftarm_1","from":[8.829439,4.5861735,3.9988408],"to":[10.488319,7.0744934,8.146042],"rotation":{"angle":0.0,"axis":"z","origin":[8.0,8.0,8.0]},"faces":{"east":{"uv":[9.5,1.5625,9.75,1.6875],"texture":"#layer0","tintindex":0},"south":{"uv":[7.6875,9.9375,7.75,10.0625],"texture":"#layer0","tintindex":0},"north":{"uv":[7.625,9.9375,7.6875,10.0625],"texture":"#layer0","tintindex":0},"west":{"uv":[9.5,3.25,9.75,3.375],"texture":"#layer0","tintindex":0},"up":{"uv":[4.0,10.0625,3.9375,9.8125],"texture":"#layer0","tintindex":0},"down":{"uv":[9.8125,3.9375,9.875,4.1875],"texture":"#layer0","tintindex":0}}},{"name":"lowerleftarm_2","from":[8.829439,2.0978537,5.6577196],"to":[10.488319,4.586174,7.3165994],"rotation":{"angle":0.0,"axis":"z","origin":[8.0,8.0,8.0]},"faces":{"east":{"uv":[8.0625,9.9375,8.125,10.0625],"texture":"#layer0","tintindex":0},"south":{"uv":[8.125,9.9375,8.1875,10.0625],"texture":"#layer0","tintindex":0},"north":{"uv":[8.0,9.9375,8.0625,10.0625],"texture":"#layer0","tintindex":0},"west":{"uv":[8.1875,9.9375,8.25,10.0625],"texture":"#layer0","tintindex":0},"up":{"uv":[9.4375,2.6875,9.375,2.625],"texture":"#layer0","tintindex":0},"down":{"uv":[9.4375,1.5625,9.5,1.625],"texture":"#layer0","tintindex":0}}},{"name":"lowerleftarm_3","from":[6.34112,4.5861735,-1.807239],"to":[8.0,7.0744934,2.339961],"rotation":{"angle":0.0,"axis":"z","origin":[8.0,8.0,8.0]},"faces":{"east":{"uv":[9.4375,8.375,9.6875,8.5],"texture":"#layer0","tintindex":0},"south":{"uv":[7.5625,9.9375,7.625,10.0625],"texture":"#layer0","tintindex":0},"north":{"uv":[7.5,9.9375,7.5625,10.0625],"texture":"#layer0","tintindex":0},"west":{"uv":[9.5,0.1875,9.75,0.3125],"texture":"#layer0","tintindex":0},"up":{"uv":[3.375,10.0625,3.3125,9.8125],"texture":"#layer0","tintindex":0},"down":{"uv":[9.8125,3.6875,9.875,3.9375],"texture":"#layer0","tintindex":0}}},{"name":"lowerleftarm_4","from":[6.34112,2.0978537,-0.97779894],"to":[8.0,4.586174,0.6810813],"rotation":{"angle":0.0,"axis":"z","origin":[8.0,8.0,8.0]},"faces":{"east":{"uv":[7.8125,9.9375,7.875,10.0625],"texture":"#layer0","tintindex":0},"south":{"uv":[7.875,9.9375,7.9375,10.0625],"texture":"#layer0","tintindex":0},"north":{"uv":[7.75,9.9375,7.8125,10.0625],"texture":"#layer0","tintindex":0},"west":{"uv":[7.9375,9.9375,8.0,10.0625],"texture":"#layer0","tintindex":0},"up":{"uv":[9.375,0.875,9.3125,0.8125],"texture":"#layer0","tintindex":0},"down":{"uv":[9.3125,9.0,9.375,9.0625],"texture":"#layer0","tintindex":0}}},{"name":"lowerleftarm_5","from":[11.3177595,2.927294,-0.14836073],"to":[12.97664,4.586174,1.5105194],"rotation":{"angle":0.0,"axis":"z","origin":[8.0,8.0,8.0]},"faces":{"east":{"uv":[9.5,1.6875,9.5625,1.75],"texture":"#layer0","tintindex":0},"south":{"uv":[9.5,3.5625,9.5625,3.625],"texture":"#layer0","tintindex":0},"north":{"uv":[9.4375,5.0625,9.5,5.125],"texture":"#layer0","tintindex":0},"west":{"uv":[9.5,8.9375,9.5625,9.0],"texture":"#layer0","tintindex":0},"up":{"uv":[9.625,1.0,9.5625,0.9375],"texture":"#layer0","tintindex":0},"down":{"uv":[9.625,0.5,9.6875,0.5625],"texture":"#layer0","tintindex":0}}},{"name":"lowerleftarm_6","from":[11.3177595,4.5861735,-0.97779894],"to":[12.97664,7.0744934,2.3399615],"rotation":{"angle":0.0,"axis":"z","origin":[8.0,8.0,8.0]},"faces":{"east":{"uv":[9.625,1.4375,9.8125,1.5625],"texture":"#layer0","tintindex":0},"south":{"uv":[8.3125,9.9375,8.375,10.0625],"texture":"#layer0","tintindex":0},"north":{"uv":[8.25,9.9375,8.3125,10.0625],"texture":"#layer0","tintindex":0},"west":{"uv":[9.625,2.0,9.8125,2.125],"texture":"#layer0","tintindex":0},"up":{"uv":[4.3125,10.0,4.25,9.8125],"texture":"#layer0","tintindex":0},"down":{"uv":[6.375,9.8125,6.4375,10.0],"texture":"#layer0","tintindex":0}}}],"display":{"head":{"translation":[0.0,-6.4,0.0],"rotation":[0.0,0.0,0.0],"scale":[3.8095,3.8095,3.8095]},"gui":{"translation":[0.0,0.0,0.0],"rotation":[35.0,225.0,0.0],"scale":[0.625,0.625,0.625]}}}