{"file_name":"main","texture_size":[128,128],"textures":{"layer0":"manamodels/apollo"},"elements":[{"name":"main_0","from":[6.05606,0.8272698,6.6300077],"to":[9.943941,6.549308,9.358034],"rotation":{"angle":0.0,"axis":"z","origin":[8.0,8.0,8.0]},"faces":{"east":{"uv":[4.125,0.0,4.75,1.25],"texture":"#layer0","tintindex":0},"south":{"uv":[3.375,1.125,4.125,2.375],"texture":"#layer0","tintindex":0},"north":{"uv":[2.625,1.125,3.375,2.375],"texture":"#layer0","tintindex":0},"west":{"uv":[4.125,1.25,4.75,2.5],"texture":"#layer0","tintindex":0},"up":{"uv":[6.5,0.625,5.75,0.0],"texture":"#layer0","tintindex":0},"down":{"uv":[5.75,0.625,6.5,1.25],"texture":"#layer0","tintindex":0}}}],"display":{"head":{"translation":[0.0,-6.4,0.0],"rotation":[0.0,0.0,0.0],"scale":[3.8095,3.8095,3.8095]},"gui":{"translation":[0.0,0.0,0.0],"rotation":[35.0,225.0,0.0],"scale":[0.625,0.625,0.625]}}}