{"display":{"thirdperson_righthand":{"rotation":[75,45,0],"translation":[-1,1,3.75],"scale":[0.8,0.8,0.8]},"thirdperson_lefthand":{"rotation":[75,45,0],"translation":[-1,1.25,3.75],"scale":[0.8,0.8,0.8]},"firstperson_righthand":{"rotation":[-180,63.5,-180],"translation":[3,2.75,0],"scale":[0.5,0.5,0.5]},"firstperson_lefthand":{"rotation":[-180,63.5,-180],"translation":[3,2.75,0],"scale":[0.5,0.5,0.5]},"ground":{"translation":[0,3,0],"scale":[0.8,0.8,0.8]},"gui":{"rotation":[19,-141,0],"translation":[-0.5,3,0],"scale":[1.4,1.4,1.4]},"head":{"translation":[0,-35.25,0],"scale":[1.2,1.2,1.2]},"fixed":{"translation":[0,3,0],"scale":[1.25,1.25,1.25]}},"texture_size":[32,32],"textures":{"0":"crates/zelda_crate/deku_nut","particle":"crates/zelda_crate/deku_nut"},"elements":[{"from":[4.9,5.9,4.9],"to":[11.1,8.1,10.1],"rotation":{"angle":0,"axis":"y","origin":[8,6.5,7.5]},"faces":{"north":{"uv":[5,5,8,6],"texture":"#0"},"east":{"uv":[6,3,8.5,4],"texture":"#0"},"south":{"uv":[6,0,9,1],"texture":"#0"},"west":{"uv":[6,4,8.5,5],"texture":"#0"},"up":{"uv":[3,2.5,0,0],"texture":"#0"},"down":{"uv":[3,2.5,0,5],"texture":"#0"}}},{"from":[5,3.5,5.5],"to":[11,5.5,10.5],"rotation":{"angle":-22.5,"axis":"x","origin":[8,4,7.5]},"faces":{"north":{"uv":[5,6,8,5],"texture":"#0"},"east":{"uv":[6,4,8.5,3],"texture":"#0"},"south":{"uv":[6,1,9,0],"texture":"#0"},"west":{"uv":[6,5,8.5,4],"texture":"#0"},"up":{"uv":[3,5,0,2.5],"texture":"#0"},"down":{"uv":[3,0,0,2.5],"texture":"#0"}}},{"from":[5.4,4.9,5.4],"to":[10.6,7.1,9.6],"rotation":{"angle":0,"axis":"y","origin":[8.5,6.5,7.5]},"faces":{"north":{"uv":[5,6,7.5,7],"texture":"#0"},"east":{"uv":[5,7,7,8],"texture":"#0"},"south":{"uv":[0,7.5,2.5,8.5],"texture":"#0"},"west":{"uv":[2.5,7.5,4.5,8.5],"texture":"#0"},"up":{"uv":[2.5,7,0,5],"texture":"#0"},"down":{"uv":[5,5,2.5,7],"texture":"#0"}}}]}