{"display":{"thirdperson_righthand":{"rotation":[0,-90,0],"translation":[0,4.75,2],"scale":[0.85,0.85,0.85]},"thirdperson_lefthand":{"rotation":[0,-90,0],"translation":[0,4.75,2],"scale":[0.85,0.85,0.85]},"firstperson_righthand":{"rotation":[0,-90,0],"translation":[1.13,1.45,1.13],"scale":[0.38,0.38,0.38]},"firstperson_lefthand":{"rotation":[0,-90,0],"translation":[1.13,1.45,1.13],"scale":[0.38,0.38,0.38]},"ground":{"rotation":[10.42,5.04,51.33],"translation":[0,4.5,0],"scale":[0.75,0.75,0.75]},"gui":{"rotation":[0,0,45],"translation":[0.5,-1,0],"scale":[0.5,0.5,0.5]},"head":{"rotation":[0,0,53],"translation":[-1.25,-15,5.25]},"fixed":{"rotation":[0,0,45],"translation":[1,-0.75,-1],"scale":[0.8,0.8,0.8]}},"texture_size":[64,64],"textures":{"0":"crates/zelda_crate/spring_loaded_hammer","particle":"crates/zelda_crate/spring_loaded_hammer"},"elements":[{"from":[6.00419,-6.00627,7],"to":[8.00419,3.99373,9],"rotation":{"angle":0,"axis":"y","origin":[-1.99581,-4.00627,-3]},"faces":{"north":{"uv":[8,6,8.5,8.5],"texture":"#0"},"east":{"uv":[8,6,8.5,8.5],"texture":"#0"},"south":{"uv":[8,6,8.5,8.5],"texture":"#0"},"west":{"uv":[8,6,8.5,8.5],"texture":"#0"},"up":{"uv":[4.5,4,4,3.5],"texture":"#0"},"down":{"uv":[5.75,3,5.25,3.5],"texture":"#0"}}},{"from":[7,6,7],"to":[9,14,9],"rotation":{"angle":0,"axis":"y","origin":[-1,-4,-3]},"faces":{"north":{"uv":[3.5,8.5,4,10.5],"texture":"#0"},"east":{"uv":[3.5,8.5,4,10.5],"texture":"#0"},"south":{"uv":[3.5,8.5,4,10.5],"texture":"#0"},"west":{"uv":[3.5,8.5,4,10.5],"texture":"#0"},"up":{"uv":[2,6,1.5,5.5],"texture":"#0"},"down":{"uv":[6.25,3,5.75,3.5],"texture":"#0"}}},{"from":[5.07136,3.90135,7.1],"to":[6.87136,6.70135,8.9],"rotation":{"angle":-22.5,"axis":"z","origin":[5.97136,1.30135,8]},"faces":{"north":{"uv":[9.5,9.5,10,10.25],"texture":"#0"},"east":{"uv":[9.5,9.5,10,10.25],"texture":"#0"},"south":{"uv":[9.5,9.5,10,10.25],"texture":"#0"},"west":{"uv":[9.5,9.5,10,10.25],"texture":"#0"},"up":{"uv":[10.25,8.25,9.75,7.75],"texture":"#0"},"down":{"uv":[10.25,8.25,9.75,8.75],"texture":"#0"}}},{"from":[1,-5,6.5],"to":[5,-2,9.5],"rotation":{"angle":45,"axis":"z","origin":[9,-0.5,8]},"faces":{"north":{"uv":[8.75,8.75,9.75,9.5],"texture":"#0"},"east":{"uv":[9.25,0,10,0.75],"texture":"#0"},"south":{"uv":[9.75,8.75,8.75,9.5],"texture":"#0"},"west":{"uv":[9.5,0.75,10.25,1.5],"texture":"#0"},"up":{"uv":[10,3.25,9,2.5],"texture":"#0"},"down":{"uv":[10,3.25,9,4],"texture":"#0"}}},{"from":[6.5,22,6.5],"to":[9.5,25,9.5],"rotation":{"angle":0,"axis":"y","origin":[-1.5,0,-3]},"faces":{"north":{"uv":[1.5,9.5,2.25,10.25],"texture":"#0"},"east":{"uv":[1.5,9.5,2.25,10.25],"texture":"#0"},"south":{"uv":[1.5,9.5,2.25,10.25],"texture":"#0"},"west":{"uv":[1.5,9.5,2.25,10.25],"texture":"#0"},"up":{"uv":[10.25,5.5,9.5,4.75],"texture":"#0"},"down":{"uv":[10.25,5.5,9.5,6.25],"texture":"#0"}}},{"from":[6.5,11,6.5],"to":[9.5,16,9.5],"rotation":{"angle":0,"axis":"y","origin":[-1.5,0,-3]},"faces":{"north":{"uv":[8.5,0,9.25,1.25],"texture":"#0"},"east":{"uv":[8.5,0,9.25,1.25],"texture":"#0"},"south":{"uv":[8.5,0,9.25,1.25],"texture":"#0"},"west":{"uv":[8.5,0,9.25,1.25],"texture":"#0"},"up":{"uv":[10.25,7,9.5,6.25],"texture":"#0"},"down":{"uv":[9.5,9.5,8.75,10.25],"texture":"#0"}}},{"from":[5.5,16,4],"to":[10.5,22,12],"rotation":{"angle":0,"axis":"y","origin":[-1.5,0,-3]},"faces":{"north":{"uv":[6.25,3,7.5,4.5],"texture":"#0"},"east":{"uv":[0,4,2,5.5],"texture":"#0"},"south":{"uv":[6.25,3,7.5,4.5],"texture":"#0"},"west":{"uv":[4,0,6,1.5],"texture":"#0"},"up":{"uv":[5.25,3.5,4,1.5],"texture":"#0"},"down":{"uv":[3.25,4,2,6],"texture":"#0"}}},{"from":[10.5,16.75,5.25],"to":[14.5,21.75,10.25],"rotation":{"angle":-45,"axis":"x","origin":[8,19,8]},"faces":{"north":{"uv":[6.75,1.5,7.75,2.75],"texture":"#0"},"east":{"uv":[4.75,5,6,6.25],"texture":"#0"},"south":{"uv":[7,6,8,7.25],"texture":"#0"},"west":{"uv":[5.25,1.5,6.5,2.75],"texture":"#0"},"up":{"uv":[8,7.25,7,6],"texture":"#0"},"down":{"uv":[8,7.25,7,6],"texture":"#0"}}},{"from":[1.5,16.75,5.25],"to":[5.5,21.75,10.25],"rotation":{"angle":-45,"axis":"x","origin":[8,19,8]},"faces":{"north":{"uv":[7.75,1.5,6.75,2.75],"texture":"#0"},"east":{"uv":[6.5,1.5,5.25,2.75],"texture":"#0"},"south":{"uv":[8,6,7,7.25],"texture":"#0"},"west":{"uv":[6,5,4.75,6.25],"texture":"#0"},"up":{"uv":[7,7.25,8,6],"texture":"#0"},"down":{"uv":[6.75,1.5,7.75,2.75],"texture":"#0"}}},{"from":[-1.5,15,4],"to":[1.5,23,12],"rotation":{"angle":0,"axis":"y","origin":[16.5,0,-3]},"faces":{"north":{"uv":[0.75,7,1.5,9],"texture":"#0"},"east":{"uv":[2,0,4,2],"texture":"#0"},"south":{"uv":[1.5,9,0.75,7],"texture":"#0"},"west":{"uv":[2,2,4,4],"texture":"#0"},"up":{"uv":[1.5,9,0.75,7],"texture":"#0"},"down":{"uv":[1.5,7,0.75,9],"texture":"#0"}}},{"from":[-2.5,16,5],"to":[-0.5,22,11],"rotation":{"angle":0,"axis":"y","origin":[17.5,0,-3]},"faces":{"north":{"uv":[9,5.5,9.5,7],"texture":"#0"},"east":{"uv":[0,5.5,1.5,7],"texture":"#0"},"south":{"uv":[9.5,7,9,5.5],"texture":"#0"},"west":{"uv":[3.25,5.5,4.75,7],"texture":"#0"},"up":{"uv":[9.5,7,9,5.5],"texture":"#0"},"down":{"uv":[9.5,7,9,5.5],"texture":"#0"}}},{"from":[14.5,15,4],"to":[17.5,23,12],"rotation":{"angle":0,"axis":"y","origin":[-0.5,0,-3]},"faces":{"north":{"uv":[1.5,7,0.75,9],"texture":"#0"},"east":{"uv":[4,2,2,4],"texture":"#0"},"south":{"uv":[0.75,9,1.5,7],"texture":"#0"},"west":{"uv":[4,0,2,2],"texture":"#0"},"up":{"uv":[0.75,9,1.5,7],"texture":"#0"},"down":{"uv":[0.75,7,1.5,9],"texture":"#0"}}},{"from":[16.5,16,5],"to":[18.5,22,11],"rotation":{"angle":0,"axis":"y","origin":[-1.5,0,-3]},"faces":{"north":{"uv":[9.5,5.5,9,7],"texture":"#0"},"east":{"uv":[4.75,5.5,3.25,7],"texture":"#0"},"south":{"uv":[9,7,9.5,5.5],"texture":"#0"},"west":{"uv":[1.5,5.5,0,7],"texture":"#0"},"up":{"uv":[9,7,9.5,5.5],"texture":"#0"},"down":{"uv":[9,7,9.5,5.5],"texture":"#0"}}}]}