{"display":{"thirdperson_righthand":{"rotation":[0,-90,0],"translation":[-0.75,6.5,2],"scale":[0.75,0.75,0.75]},"thirdperson_lefthand":{"rotation":[0,-90,0],"translation":[-0.75,6.5,2],"scale":[0.75,0.75,0.75]},"firstperson_righthand":{"rotation":[0,-71,12],"translation":[1.63,3.95,1.13],"scale":[0.38,0.38,0.38]},"firstperson_lefthand":{"rotation":[0,-71,12],"translation":[1.63,3.95,1.13],"scale":[0.38,0.38,0.38]},"ground":{"rotation":[-12.07,-0.42,3.93],"translation":[0,8,0],"scale":[0.75,0.75,0.75]},"gui":{"rotation":[33.25,-22.75,45],"translation":[-1.5,1.25,0],"scale":[0.8,0.8,0.8]},"head":{"rotation":[0,0,53],"translation":[-1.5,-10.75,5.25]},"fixed":{"rotation":[0,0,45],"translation":[-1.75,1.25,-1],"scale":[0.8,0.8,0.8]}},"texture_size":[64,64],"textures":{"0":"crates/zelda_crate/wind_waker_wand","particle":"crates/zelda_crate/wind_waker_wand"},"elements":[{"from":[6.29289,-6,6],"to":[8.29289,-4,8],"rotation":{"angle":-45,"axis":"z","origin":[7.29289,-6,11]},"faces":{"north":{"uv":[6,3,6.5,3.5],"texture":"#0"},"east":{"uv":[6,3.5,6.5,4],"texture":"#0"},"south":{"uv":[6,3,6.5,3.5],"texture":"#0"},"west":{"uv":[6,4.5,6.5,5],"texture":"#0"},"up":{"uv":[6.5,5.5,6,5],"texture":"#0"},"down":{"uv":[6,6,5.5,6.5],"texture":"#0"}}},{"from":[2.29289,-1,6],"to":[6.29289,3,8],"rotation":{"angle":-45,"axis":"z","origin":[7.29289,-6,11]},"faces":{"north":{"uv":[1,5.5,2,6.5],"texture":"#0"},"east":{"uv":[4.5,5.5,5,6.5],"texture":"#0"},"south":{"uv":[1,5.5,2,6.5],"texture":"#0"},"west":{"uv":[5,5.5,5.5,6.5],"texture":"#0"},"up":{"uv":[6.5,6,5.5,5.5],"texture":"#0"},"down":{"uv":[7,0,6,0.5],"texture":"#0"}}},{"from":[-0.70711,-3,6],"to":[2.29289,0,8],"rotation":{"angle":-45,"axis":"z","origin":[7.29289,-6,11]},"faces":{"north":{"uv":[3,5.5,3.75,6.25],"texture":"#0"},"east":{"uv":[6,0.5,6.5,1.25],"texture":"#0"},"south":{"uv":[3,5.5,3.75,6.25],"texture":"#0"},"west":{"uv":[6,1.25,6.5,2],"texture":"#0"},"up":{"uv":[6.75,2.5,6,2],"texture":"#0"},"down":{"uv":[6.75,2.5,6,3],"texture":"#0"}}},{"from":[7.1,-4.9,6.1],"to":[8.9,16.9,7.9],"rotation":{"angle":0,"axis":"y","origin":[8,-6,11]},"faces":{"north":{"uv":[5,0,5.5,5.5],"texture":"#0"},"east":{"uv":[5.5,0,5,5.5],"texture":"#0"},"south":{"uv":[5,0,5.5,5.5],"texture":"#0"},"west":{"uv":[5.5,0,5,5.5],"texture":"#0"},"up":{"uv":[6.5,6.5,6,6],"texture":"#0"},"down":{"uv":[3.5,6.25,3,6.75],"texture":"#0"}}},{"from":[3,-3,7],"to":[13,19,7],"rotation":{"angle":45,"axis":"y","origin":[8,8,7]},"faces":{"north":{"uv":[0,0,2.5,5.5],"texture":"#0"},"east":{"uv":[0,0,0,5.5],"texture":"#0"},"south":{"uv":[0,0,2.5,5.5],"texture":"#0"},"west":{"uv":[0,0,0,5.5],"texture":"#0"},"up":{"uv":[2.5,0,0,0],"texture":"#0"},"down":{"uv":[2.5,0,0,0],"texture":"#0"}}},{"from":[3,10,7],"to":[13,32,7],"rotation":{"angle":-45,"axis":"y","origin":[8,8,7]},"faces":{"north":{"uv":[2.5,5.5,0,0],"texture":"#0"},"east":{"uv":[0,0,0,5.5],"texture":"#0"},"south":{"uv":[2.5,5.5,0,0],"texture":"#0"},"west":{"uv":[0,0,0,5.5],"texture":"#0"},"up":{"uv":[0,0,2.5,0],"texture":"#0"},"down":{"uv":[0,0,2.5,0],"texture":"#0"}}}]}