{"credit":"Made with Blockbench","texture_size":[32,48],"textures":{"0":"manalabs:furniture/festivals/spring24/lovely_roses","1":"manalabs:furniture/festivals/spring24/lovely_roses_back","particle":"manalabs:furniture/festivals/spring24/lovely_roses_back"},"elements":[{"from":[0,0,7.5],"to":[16,24,8],"faces":{"north":{"uv":[0,0,16,16],"texture":"#0"},"east":{"uv":[0,0,0.5,16],"texture":"#0"},"south":{"uv":[16,0,0,16],"texture":"#1"},"west":{"uv":[16,0,15.5,16],"texture":"#0"},"up":{"uv":[16,0.33333,0,0],"texture":"#0"},"down":{"uv":[16,16,0,15.66667],"texture":"#0"}}}],"gui_light":"front","display":{"thirdperson_righthand":{"rotation":[-15,165,-15],"translation":[-4,3.5,-0.5],"scale":[0.48,0.48,0.48]},"thirdperson_lefthand":{"rotation":[-15,165,-15],"translation":[-4,3.5,-0.5],"scale":[0.48,0.48,0.48]},"firstperson_righthand":{"rotation":[0,165,-15],"translation":[0,4,0],"scale":[0.48,0.48,0.48]},"firstperson_lefthand":{"rotation":[0,165,-15],"translation":[0,4,0],"scale":[0.48,0.48,0.48]},"ground":{"translation":[0,4.5,0],"scale":[0.4,0.4,0.4]},"gui":{"rotation":[0,180,0],"translation":[0,-2.5,0],"scale":[0.64,0.64,0.64]},"head":{"translation":[-12.75,-17.75,12.75],"scale":[3.2,3.2,3.2]},"fixed":{"translation":[-16,16,0],"scale":[4,4,4]}}}