{"file_name":"arm_right","texture_size":[64,64],"textures":{"layer0":"manamodels/hermes"},"elements":[{"name":"arm_right_0","from":[7.9411874,6.5571923,6.991754],"to":[9.95651,8.64872,9.000561],"rotation":{"angle":0.0,"axis":"z","origin":[8.0,8.0,8.0]},"faces":{"east":{"uv":[12.25,12.75,13.0,13.5],"texture":"#layer0","tintindex":0},"south":{"uv":[12.75,4.75,13.5,5.5],"texture":"#layer0","tintindex":0},"north":{"uv":[11.5,12.75,12.25,13.5],"texture":"#layer0","tintindex":0},"west":{"uv":[1.0,13.0,1.75,13.75],"texture":"#layer0","tintindex":0},"up":{"uv":[9.5,13.75,8.75,13.0],"texture":"#layer0","tintindex":0},"down":{"uv":[13.0,13.0,13.75,13.75],"texture":"#layer0","tintindex":0}}},{"name":"arm_right_1","from":[8.151188,4.157192,7.051754],"to":[9.896511,8.528721,8.94056],"rotation":{"angle":0.0,"axis":"z","origin":[8.0,8.0,8.0]},"faces":{"east":{"uv":[6.5,2.75,7.25,4.5],"texture":"#layer0","tintindex":0},"south":{"uv":[4.0,10.25,4.75,12.0],"texture":"#layer0","tintindex":0},"north":{"uv":[4.0,0.0,4.75,1.75],"texture":"#layer0","tintindex":0},"west":{"uv":[9.0,10.25,9.75,12.0],"texture":"#layer0","tintindex":0},"up":{"uv":[6.5,13.5,5.75,12.75],"texture":"#layer0","tintindex":0},"down":{"uv":[6.5,12.75,7.25,13.5],"texture":"#layer0","tintindex":0}}},{"name":"arm_right_2","from":[8.031187,2.0571923,6.931754],"to":[10.01651,4.1487203,9.06056],"rotation":{"angle":0.0,"axis":"z","origin":[8.0,8.0,8.0]},"faces":{"east":{"uv":[4.0,1.75,5.0,2.5],"texture":"#layer0","tintindex":0},"south":{"uv":[10.75,6.5,11.5,7.25],"texture":"#layer0","tintindex":0},"north":{"uv":[10.0,4.75,10.75,5.5],"texture":"#layer0","tintindex":0},"west":{"uv":[12.0,1.0,13.0,1.75],"texture":"#layer0","tintindex":0},"up":{"uv":[12.75,5.75,12.0,4.75],"texture":"#layer0","tintindex":0},"down":{"uv":[12.25,7.5,13.0,8.5],"texture":"#layer0","tintindex":0}}}],"display":{"head":{"translation":[0.0,-6.4,0.0],"rotation":[0.0,0.0,0.0],"scale":[3.8095,3.8095,3.8095]},"gui":{"translation":[0.0,0.0,0.0],"rotation":[35.0,225.0,0.0],"scale":[0.625,0.625,0.625]}}}