{"file_name":"main","texture_size":[64,64],"textures":{"layer0":"manamodels/hermes"},"elements":[{"name":"main_0","from":[6.05606,2.6272697,6.6300077],"to":[9.943941,6.549308,9.358034],"rotation":{"angle":0.0,"axis":"z","origin":[8.0,8.0,8.0]},"faces":{"east":{"uv":[10.75,0.0,12.0,1.75],"texture":"#layer0","tintindex":0},"south":{"uv":[10.0,10.0,11.5,11.75],"texture":"#layer0","tintindex":0},"north":{"uv":[9.25,5.5,10.75,7.25],"texture":"#layer0","tintindex":0},"west":{"uv":[10.75,4.75,12.0,6.5],"texture":"#layer0","tintindex":0},"up":{"uv":[11.5,10.0,10.0,8.75],"texture":"#layer0","tintindex":0},"down":{"uv":[0.0,11.25,1.5,12.5],"texture":"#layer0","tintindex":0}}},{"name":"main_1","from":[6.2060604,0.8272698,6.7800083],"to":[9.793941,12.399308,9.2080345],"rotation":{"angle":0.0,"axis":"z","origin":[8.0,8.0,8.0]},"faces":{"east":{"uv":[4.0,5.5,5.0,10.25],"texture":"#layer0","tintindex":0},"south":{"uv":[2.5,5.5,4.0,10.25],"texture":"#layer0","tintindex":0},"north":{"uv":[5.0,0.0,6.5,4.75],"texture":"#layer0","tintindex":0},"west":{"uv":[5.0,8.0,6.0,12.75],"texture":"#layer0","tintindex":0},"up":{"uv":[13.0,4.0,11.5,3.0],"texture":"#layer0","tintindex":0},"down":{"uv":[11.5,6.5,13.0,7.5],"texture":"#layer0","tintindex":0}}},{"name":"main_2","from":[5.186636,-0.023638487,8.408006],"to":[5.186636,4.759586,13.104818],"rotation":{"angle":-22.5,"axis":"y","origin":[7.984838,5.1321435,10.861837]},"faces":{"east":{"uv":[16.0,5.5,13.0,8.5],"texture":"#layer0","tintindex":0},"south":{"uv":[0.0,0.0,0.0,2.75],"texture":"#layer0","tintindex":0},"north":{"uv":[0.0,0.0,0.0,2.75],"texture":"#layer0","tintindex":0},"west":{"uv":[13.0,5.5,16.0,8.5],"texture":"#layer0","tintindex":0},"up":{"uv":[0.0,2.5,0.0,0.0],"texture":"#layer0","tintindex":0},"down":{"uv":[0.0,0.0,0.0,2.5],"texture":"#layer0","tintindex":0}}},{"name":"main_3","from":[10.813364,-0.023638487,8.408006],"to":[10.813364,4.759586,13.104818],"rotation":{"angle":22.5,"axis":"y","origin":[8.015162,5.1321435,10.861837]},"faces":{"east":{"uv":[16.0,5.5,13.0,8.5],"texture":"#layer0","tintindex":0},"south":{"uv":[0.0,0.0,0.0,2.75],"texture":"#layer0","tintindex":0},"north":{"uv":[0.0,0.0,0.0,2.75],"texture":"#layer0","tintindex":0},"west":{"uv":[13.0,5.5,16.0,8.5],"texture":"#layer0","tintindex":0},"up":{"uv":[0.0,2.5,0.0,0.0],"texture":"#layer0","tintindex":0},"down":{"uv":[0.0,0.0,0.0,2.5],"texture":"#layer0","tintindex":0}}},{"name":"main_4","from":[6.134678,6.5505075,6.565136],"to":[9.865322,12.468128,9.434864],"rotation":{"angle":0.0,"axis":"z","origin":[8.0,8.0,8.0]},"faces":{"east":{"uv":[0.0,8.75,1.25,11.25],"texture":"#layer0","tintindex":0},"south":{"uv":[6.0,8.0,7.5,10.5],"texture":"#layer0","tintindex":0},"north":{"uv":[2.5,0.0,4.0,2.5],"texture":"#layer0","tintindex":0},"west":{"uv":[1.25,8.75,2.5,11.25],"texture":"#layer0","tintindex":0},"up":{"uv":[13.0,12.75,11.5,11.5],"texture":"#layer0","tintindex":0},"down":{"uv":[11.5,1.75,13.0,3.0],"texture":"#layer0","tintindex":0}}}],"display":{"head":{"translation":[0.0,-6.4,0.0],"rotation":[0.0,0.0,0.0],"scale":[3.8095,3.8095,3.8095]},"gui":{"translation":[0.0,0.0,0.0],"rotation":[35.0,225.0,0.0],"scale":[0.625,0.625,0.625]}}}