{"textures":{"0":"modelengine:custom/dawf_miniature_pet","particle":"modelengine:custom/dawf_miniature_pet"},"elements":[{"from":[6.99955,9.37201,5.91283],"to":[8.99955,12.37201,7.91283],"faces":{"east":{"uv":[7.0,10.5,8.0,12.0],"tintindex":0,"rotation":0,"texture":"#0"},"south":{"uv":[8.0,10.5,9.0,12.0],"tintindex":0,"rotation":0,"texture":"#0"},"north":{"uv":[6.0,10.5,7.0,12.0],"tintindex":0,"rotation":0,"texture":"#0"},"west":{"uv":[9.0,10.5,10.0,12.0],"tintindex":0,"rotation":0,"texture":"#0"},"up":{"uv":[4.5,15.0,3.5,14.0],"tintindex":0,"rotation":0,"texture":"#0"},"down":{"uv":[5.5,14.0,4.5,15.0],"tintindex":0,"rotation":0,"texture":"#0"}},"rotation":{"origin":[15.99955,9.37201,13.91283],"angle":-22.5,"axis":"x"}}],"display":{"gui":{"rotation":[30,225,0]}}}