{"file_name":"bone2","texture_size":[128,128],"textures":{"layer0":"manamodels/daza"},"elements":[{"name":"bone2_0","from":[8.6,7.4,8.0],"to":[8.6,10.4,8.6],"rotation":{"angle":0.0,"axis":"z","origin":[8.0,8.0,8.0]},"faces":{"east":{"uv":[4.25,4.75,4.375,5.375],"texture":"#layer0","tintindex":0},"south":{"uv":[4.5,4.75,4.5,5.375],"texture":"#layer0","tintindex":0},"north":{"uv":[4.375,4.75,4.375,5.375],"texture":"#layer0","tintindex":0},"west":{"uv":[4.375,4.75,4.5,5.375],"texture":"#layer0","tintindex":0},"up":{"uv":[4.375,4.75,4.375,4.625],"texture":"#layer0","tintindex":0},"down":{"uv":[4.375,4.625,4.375,4.75],"texture":"#layer0","tintindex":0}}},{"name":"bone2_1","from":[8.6,7.4,3.40385],"to":[8.6,10.4,4.00385],"rotation":{"angle":0.0,"axis":"z","origin":[8.0,8.0,8.0]},"faces":{"east":{"uv":[1.0,5.375,1.125,6.0],"texture":"#layer0","tintindex":0},"south":{"uv":[1.25,5.375,1.25,6.0],"texture":"#layer0","tintindex":0},"north":{"uv":[1.125,5.375,1.125,6.0],"texture":"#layer0","tintindex":0},"west":{"uv":[1.125,5.375,1.25,6.0],"texture":"#layer0","tintindex":0},"up":{"uv":[1.125,5.375,1.125,5.25],"texture":"#layer0","tintindex":0},"down":{"uv":[1.125,5.25,1.125,5.375],"texture":"#layer0","tintindex":0}}},{"name":"bone2_2","from":[8.6,10.1,3.9234679],"to":[8.6,13.1,4.523468],"rotation":{"angle":0.0,"axis":"x","origin":[8.0,10.700001,3.9234676]},"faces":{"east":{"uv":[0.75,5.375,0.875,6.0],"texture":"#layer0","tintindex":0},"south":{"uv":[1.0,5.375,1.0,6.0],"texture":"#layer0","tintindex":0},"north":{"uv":[0.875,5.375,0.875,6.0],"texture":"#layer0","tintindex":0},"west":{"uv":[0.875,5.375,1.0,6.0],"texture":"#layer0","tintindex":0},"up":{"uv":[0.875,5.375,0.875,5.25],"texture":"#layer0","tintindex":0},"down":{"uv":[0.875,5.25,0.875,5.375],"texture":"#layer0","tintindex":0}}},{"name":"bone2_3","from":[8.6,6.1196175,6.22154],"to":[8.6,9.119617,6.82154],"rotation":{"angle":0.0,"axis":"x","origin":[8.0,6.719619,6.22154]},"faces":{"east":{"uv":[0.75,4.75,0.875,5.375],"texture":"#layer0","tintindex":0},"south":{"uv":[1.0,4.75,1.0,5.375],"texture":"#layer0","tintindex":0},"north":{"uv":[0.875,4.75,0.875,5.375],"texture":"#layer0","tintindex":0},"west":{"uv":[0.875,4.75,1.0,5.375],"texture":"#layer0","tintindex":0},"up":{"uv":[0.875,4.75,0.875,4.625],"texture":"#layer0","tintindex":0},"down":{"uv":[0.875,4.625,0.875,4.75],"texture":"#layer0","tintindex":0}}},{"name":"bone2_4","from":[8.5994,9.580381,7.7803884],"to":[8.5994,12.580381,8.380388],"rotation":{"angle":0.0,"axis":"x","origin":[7.9994,10.180382,7.780388]},"faces":{"east":{"uv":[4.5,4.75,4.625,5.375],"texture":"#layer0","tintindex":0},"south":{"uv":[4.75,4.75,4.75,5.375],"texture":"#layer0","tintindex":0},"north":{"uv":[4.625,4.75,4.625,5.375],"texture":"#layer0","tintindex":0},"west":{"uv":[4.625,4.75,4.75,5.375],"texture":"#layer0","tintindex":0},"up":{"uv":[4.625,4.75,4.625,4.625],"texture":"#layer0","tintindex":0},"down":{"uv":[4.625,4.625,4.625,4.75],"texture":"#layer0","tintindex":0}}},{"name":"bone2_5","from":[8.6,5.6,5.4823103],"to":[8.6,8.6,6.0823097],"rotation":{"angle":0.0,"axis":"x","origin":[8.0,6.2,5.48231]},"faces":{"east":{"uv":[1.0,4.75,1.125,5.375],"texture":"#layer0","tintindex":0},"south":{"uv":[1.25,4.75,1.25,5.375],"texture":"#layer0","tintindex":0},"north":{"uv":[1.125,4.75,1.125,5.375],"texture":"#layer0","tintindex":0},"west":{"uv":[1.125,4.75,1.25,5.375],"texture":"#layer0","tintindex":0},"up":{"uv":[1.125,4.75,1.125,4.625],"texture":"#layer0","tintindex":0},"down":{"uv":[1.125,4.625,1.125,4.75],"texture":"#layer0","tintindex":0}}}],"display":{"head":{"translation":[0.0,-6.4,0.0],"rotation":[0.0,0.0,0.0],"scale":[3.8095,3.8095,3.8095]},"gui":{"translation":[0.0,0.0,0.0],"rotation":[35.0,225.0,0.0],"scale":[0.625,0.625,0.625]}}}