{"file_name":"arm_left","texture_size":[64,64],"textures":{"layer0":"manamodels/hepahaetus"},"elements":[{"name":"arm_left_0","from":[5.86349,7.35128,6.96944],"to":[8.208813,9.442808,9.038246],"rotation":{"angle":-22.5,"axis":"x","origin":[7.4,8.0,8.0]},"faces":{"east":{"uv":[1.5,10.0,2.5,10.75],"texture":"#layer0","tintindex":0},"south":{"uv":[2.5,10.0,3.5,10.75],"texture":"#layer0","tintindex":0},"north":{"uv":[9.75,8.75,10.75,9.5],"texture":"#layer0","tintindex":0},"west":{"uv":[3.5,10.0,4.5,10.75],"texture":"#layer0","tintindex":0},"up":{"uv":[7.5,9.5,6.5,8.5],"texture":"#layer0","tintindex":0},"down":{"uv":[8.75,0.0,9.75,1.0],"texture":"#layer0","tintindex":0}}},{"name":"arm_left_1","from":[5.9534903,7.4712806,7.05944],"to":[7.698812,11.842809,8.948246],"rotation":{"angle":-22.5,"axis":"x","origin":[6.95,8.0,8.0]},"faces":{"east":{"uv":[3.0,8.25,3.75,10.0],"texture":"#layer0","tintindex":0},"south":{"uv":[3.75,8.25,4.5,10.0],"texture":"#layer0","tintindex":0},"north":{"uv":[8.0,0.0,8.75,1.75],"texture":"#layer0","tintindex":0},"west":{"uv":[8.25,8.25,9.0,10.0],"texture":"#layer0","tintindex":0},"up":{"uv":[11.0,11.25,10.25,10.5],"texture":"#layer0","tintindex":0},"down":{"uv":[10.5,0.0,11.25,0.75],"texture":"#layer0","tintindex":0}}},{"name":"arm_left_2","from":[5.8334894,11.85128,6.9394403],"to":[7.818812,13.942808,9.068247],"rotation":{"angle":-22.5,"axis":"x","origin":[6.95,8.0,8.0]},"faces":{"east":{"uv":[9.5,5.0,10.5,5.75],"texture":"#layer0","tintindex":0},"south":{"uv":[5.25,10.5,6.0,11.25],"texture":"#layer0","tintindex":0},"north":{"uv":[4.5,10.5,5.25,11.25],"texture":"#layer0","tintindex":0},"west":{"uv":[9.75,9.75,10.75,10.5],"texture":"#layer0","tintindex":0},"up":{"uv":[1.5,10.75,0.75,9.75],"texture":"#layer0","tintindex":0},"down":{"uv":[9.75,0.0,10.5,1.0],"texture":"#layer0","tintindex":0}}},{"name":"arm_left_3","from":[6.1741343,12.734691,4.560356],"to":[7.074134,13.634691,5.460356],"rotation":{"angle":-22.5,"axis":"x","origin":[6.95,8.0,8.0]},"faces":{"east":{"uv":[11.5,0.75,12.0,1.25],"texture":"#layer0","tintindex":0},"south":{"uv":[11.5,1.25,12.0,1.75],"texture":"#layer0","tintindex":0},"north":{"uv":[8.75,11.5,9.25,12.0],"texture":"#layer0","tintindex":0},"west":{"uv":[11.5,5.75,12.0,6.25],"texture":"#layer0","tintindex":0},"up":{"uv":[12.0,8.25,11.5,7.75],"texture":"#layer0","tintindex":0},"down":{"uv":[11.5,8.25,12.0,8.75],"texture":"#layer0","tintindex":0}}},{"name":"arm_left_4","from":[5.68349,11.251281,6.78944],"to":[7.968812,11.842809,9.218246],"rotation":{"angle":-22.5,"axis":"x","origin":[6.95,8.0,8.0]},"faces":{"east":{"uv":[11.25,3.5,12.25,3.75],"texture":"#layer0","tintindex":0},"south":{"uv":[11.25,3.75,12.25,4.0],"texture":"#layer0","tintindex":0},"north":{"uv":[11.25,3.25,12.25,3.5],"texture":"#layer0","tintindex":0},"west":{"uv":[11.25,4.0,12.25,4.25],"texture":"#layer0","tintindex":0},"up":{"uv":[9.25,7.75,8.25,6.75],"texture":"#layer0","tintindex":0},"down":{"uv":[1.5,8.5,2.5,9.5],"texture":"#layer0","tintindex":0}}},{"name":"arm_left_5","from":[6.324134,12.884691,5.460356],"to":[6.9241343,13.484691,12.060356],"rotation":{"angle":-22.5,"axis":"x","origin":[6.95,8.0,8.0]},"faces":{"east":{"uv":[8.75,1.5,11.5,1.75],"texture":"#layer0","tintindex":0},"south":{"uv":[7.75,12.0,8.0,12.25],"texture":"#layer0","tintindex":0},"north":{"uv":[7.5,12.0,7.75,12.25],"texture":"#layer0","tintindex":0},"west":{"uv":[9.25,7.5,12.0,7.75],"texture":"#layer0","tintindex":0},"up":{"uv":[7.5,12.25,7.25,9.5],"texture":"#layer0","tintindex":0},"down":{"uv":[6.0,10.0,6.25,12.75],"texture":"#layer0","tintindex":0}}},{"name":"arm_left_6","from":[5.724134,12.284691,12.060356],"to":[7.524134,14.084691,13.860357],"rotation":{"angle":-22.5,"axis":"x","origin":[6.95,8.0,8.0]},"faces":{"east":{"uv":[3.75,10.75,4.5,11.5],"texture":"#layer0","tintindex":0},"south":{"uv":[8.25,10.75,9.0,11.5],"texture":"#layer0","tintindex":0},"north":{"uv":[3.0,10.75,3.75,11.5],"texture":"#layer0","tintindex":0},"west":{"uv":[10.75,0.75,11.5,1.5],"texture":"#layer0","tintindex":0},"up":{"uv":[11.5,8.5,10.75,7.75],"texture":"#layer0","tintindex":0},"down":{"uv":[10.75,8.5,11.5,9.25],"texture":"#layer0","tintindex":0}}},{"name":"arm_left_7","from":[5.874134,11.684691,12.210357],"to":[7.374134,14.684691,13.710357],"rotation":{"angle":-22.5,"axis":"x","origin":[6.95,8.0,8.0]},"faces":{"east":{"uv":[9.0,9.0,9.75,10.25],"texture":"#layer0","tintindex":0},"south":{"uv":[7.5,9.25,8.25,10.5],"texture":"#layer0","tintindex":0},"north":{"uv":[8.75,2.75,9.5,4.0],"texture":"#layer0","tintindex":0},"west":{"uv":[9.25,5.75,10.0,7.0],"texture":"#layer0","tintindex":0},"up":{"uv":[11.5,10.0,10.75,9.25],"texture":"#layer0","tintindex":0},"down":{"uv":[6.25,11.0,7.0,11.75],"texture":"#layer0","tintindex":0}}},{"name":"arm_left_8","from":[5.724134,11.084691,12.060356],"to":[7.524134,11.684691,13.860357],"rotation":{"angle":-22.5,"axis":"x","origin":[6.95,8.0,8.0]},"faces":{"east":{"uv":[8.75,4.0,9.5,4.25],"texture":"#layer0","tintindex":0},"south":{"uv":[9.0,8.75,9.75,9.0],"texture":"#layer0","tintindex":0},"north":{"uv":[8.0,2.75,8.75,3.0],"texture":"#layer0","tintindex":0},"west":{"uv":[8.25,10.0,9.0,10.25],"texture":"#layer0","tintindex":0},"up":{"uv":[11.75,11.75,11.0,11.0],"texture":"#layer0","tintindex":0},"down":{"uv":[11.0,1.75,11.75,2.5],"texture":"#layer0","tintindex":0}}},{"name":"arm_left_9","from":[5.724134,14.684691,12.060356],"to":[7.524134,15.284691,13.860357],"rotation":{"angle":-22.5,"axis":"x","origin":[6.95,8.0,8.0]},"faces":{"east":{"uv":[11.5,9.5,12.25,9.75],"texture":"#layer0","tintindex":0},"south":{"uv":[11.5,9.75,12.25,10.0],"texture":"#layer0","tintindex":0},"north":{"uv":[11.5,2.5,12.25,2.75],"texture":"#layer0","tintindex":0},"west":{"uv":[1.25,11.75,2.0,12.0],"texture":"#layer0","tintindex":0},"up":{"uv":[11.75,7.5,11.0,6.75],"texture":"#layer0","tintindex":0},"down":{"uv":[11.0,10.0,11.75,10.75],"texture":"#layer0","tintindex":0}}}],"display":{"head":{"translation":[0.0,-6.4,0.0],"rotation":[0.0,0.0,0.0],"scale":[3.8095,3.8095,3.8095]},"gui":{"translation":[0.0,0.0,0.0],"rotation":[35.0,225.0,0.0],"scale":[0.625,0.625,0.625]}}}