{"file_name":"main","texture_size":[64,64],"textures":{"layer0":"manamodels/hepahaetus"},"elements":[{"name":"main_0","from":[6.05606,1.4272697,9.030008],"to":[9.943941,7.149308,11.758035],"rotation":{"angle":0.0,"axis":"z","origin":[8.0,8.0,8.0]},"faces":{"east":{"uv":[1.5,4.0,2.75,6.5],"texture":"#layer0","tintindex":0},"south":{"uv":[1.5,0.0,0.0,2.5],"texture":"#layer0","tintindex":0},"north":{"uv":[0.0,0.0,1.5,2.5],"texture":"#layer0","tintindex":0},"west":{"uv":[1.5,4.0,2.75,6.5],"texture":"#layer0","tintindex":0},"up":{"uv":[4.5,8.25,3.0,7.0],"texture":"#layer0","tintindex":0},"down":{"uv":[4.5,7.25,6.0,8.5],"texture":"#layer0","tintindex":0}}},{"name":"main_1","from":[5.90606,7.1272697,8.730008],"to":[10.093941,8.349308,12.058035],"rotation":{"angle":0.0,"axis":"z","origin":[8.0,8.0,8.0]},"faces":{"east":{"uv":[3.0,2.5,4.5,3.0],"texture":"#layer0","tintindex":0},"south":{"uv":[9.25,7.0,11.0,7.5],"texture":"#layer0","tintindex":0},"north":{"uv":[9.0,8.25,10.75,8.75],"texture":"#layer0","tintindex":0},"west":{"uv":[1.5,9.5,3.0,10.0],"texture":"#layer0","tintindex":0},"up":{"uv":[4.5,7.0,2.75,5.5],"texture":"#layer0","tintindex":0},"down":{"uv":[5.75,5.75,7.5,7.25],"texture":"#layer0","tintindex":0}}},{"name":"main_2","from":[7.25606,6.97727,8.5800085],"to":[8.74394,8.499308,9.058035],"rotation":{"angle":0.0,"axis":"z","origin":[8.0,8.0,8.0]},"faces":{"east":{"uv":[2.75,4.0,3.0,4.75],"texture":"#layer0","tintindex":0},"south":{"uv":[7.5,0.75,8.0,1.5],"texture":"#layer0","tintindex":0},"north":{"uv":[7.5,0.0,8.0,0.75],"texture":"#layer0","tintindex":0},"west":{"uv":[2.75,4.75,3.0,5.5],"texture":"#layer0","tintindex":0},"up":{"uv":[3.0,9.5,2.5,9.25],"texture":"#layer0","tintindex":0},"down":{"uv":[4.5,11.75,5.0,12.0],"texture":"#layer0","tintindex":0}}}],"display":{"head":{"translation":[0.0,-6.4,0.0],"rotation":[0.0,0.0,0.0],"scale":[3.8095,3.8095,3.8095]},"gui":{"translation":[0.0,0.0,0.0],"rotation":[35.0,225.0,0.0],"scale":[0.625,0.625,0.625]}}}