{"credit":"Copyright ManaLabs Inc","textures":{"0":"manalabs:emoji/medals/ruby","particle":"manalabs:emoji/medals/ruby"},"elements":[{"from":[0,0,0],"to":[16,16,0],"faces":{"north":{"uv":[0,0,16,16],"texture":"#0","tintindex":0},"east":{"uv":[12,7,13,8],"texture":"#0","tintindex":0},"south":{"uv":[0,0,16,16],"texture":"#0","tintindex":0},"west":{"uv":[12,7,13,8],"texture":"#0","tintindex":0},"up":{"uv":[12,7,13,8],"texture":"#0","tintindex":0},"down":{"uv":[12,7,13,8],"texture":"#0","tintindex":0}}}],"gui_light":"front","display":{}}