{"file_name":"arm_left","texture_size":[64,64],"textures":{"layer0":"manamodels/artemis"},"elements":[{"name":"arm_left_0","from":[7.25,4.129999,7.28],"to":[8.75,8.929999,8.780001],"rotation":{"angle":-22.5,"axis":"z","origin":[6.95,8.929999,5.7799997]},"faces":{"east":{"uv":[9.25,10.5,10.0,12.5],"texture":"#layer0","tintindex":0},"south":{"uv":[10.0,10.5,10.75,12.5],"texture":"#layer0","tintindex":0},"north":{"uv":[8.5,10.5,9.25,12.5],"texture":"#layer0","tintindex":0},"west":{"uv":[10.5,5.75,11.25,7.75],"texture":"#layer0","tintindex":0},"up":{"uv":[7.75,13.5,7.0,12.75],"texture":"#layer0","tintindex":0},"down":{"uv":[10.75,12.75,11.5,13.5],"texture":"#layer0","tintindex":0}}},{"name":"arm_left_1","from":[7.2200003,3.8299994,7.25],"to":[8.780001,5.7799997,8.81],"rotation":{"angle":-22.5,"axis":"z","origin":[6.95,8.929999,5.7799997]},"faces":{"east":{"uv":[12.5,5.75,13.25,6.5],"texture":"#layer0","tintindex":0},"south":{"uv":[0.75,12.75,1.5,13.5],"texture":"#layer0","tintindex":0},"north":{"uv":[12.5,4.25,13.25,5.0],"texture":"#layer0","tintindex":0},"west":{"uv":[1.5,12.75,2.25,13.5],"texture":"#layer0","tintindex":0},"up":{"uv":[3.0,13.5,2.25,12.75],"texture":"#layer0","tintindex":0},"down":{"uv":[6.25,12.75,7.0,13.5],"texture":"#layer0","tintindex":0}}},{"name":"arm_left_2","from":[7.1,2.3299994,7.13],"to":[8.9,4.129999,8.93],"rotation":{"angle":-22.5,"axis":"z","origin":[6.95,8.929999,5.7799997]},"faces":{"east":{"uv":[12.0,3.5,12.75,4.25],"texture":"#layer0","tintindex":0},"south":{"uv":[3.25,12.25,4.0,13.0],"texture":"#layer0","tintindex":0},"north":{"uv":[12.0,0.0,12.75,0.75],"texture":"#layer0","tintindex":0},"west":{"uv":[12.25,12.25,13.0,13.0],"texture":"#layer0","tintindex":0},"up":{"uv":[13.0,2.25,12.25,1.5],"texture":"#layer0","tintindex":0},"down":{"uv":[12.25,2.25,13.0,3.0],"texture":"#layer0","tintindex":0}}},{"name":"arm_left_3","from":[4.8650002,2.8756995,9.138002],"to":[6.335,4.3456993,9.978003],"rotation":{"angle":22.5,"axis":"x","origin":[5.6,3.1999998,8.0]},"faces":{"east":{"uv":[1.75,8.5,2.0,9.0],"texture":"#layer0","tintindex":0},"south":{"uv":[4.5,8.75,5.0,9.25],"texture":"#layer0","tintindex":0},"north":{"uv":[8.5,3.5,9.0,4.0],"texture":"#layer0","tintindex":0},"west":{"uv":[3.25,10.75,3.5,11.25],"texture":"#layer0","tintindex":0},"up":{"uv":[5.0,9.5,4.5,9.25],"texture":"#layer0","tintindex":0},"down":{"uv":[12.0,0.75,12.5,1.0],"texture":"#layer0","tintindex":0}}},{"name":"arm_left_4","from":[5.18,1.9478891,9.163629],"to":[6.0199995,2.787889,11.158628],"rotation":{"angle":-22.5,"axis":"x","origin":[5.6,3.1999998,8.0]},"faces":{"east":{"uv":[13.0,12.75,13.75,13.0],"texture":"#layer0","tintindex":0},"south":{"uv":[4.75,13.5,5.0,13.75],"texture":"#layer0","tintindex":0},"north":{"uv":[4.5,13.5,4.75,13.75],"texture":"#layer0","tintindex":0},"west":{"uv":[4.25,13.25,5.0,13.5],"texture":"#layer0","tintindex":0},"up":{"uv":[5.25,14.0,5.0,13.25],"texture":"#layer0","tintindex":0},"down":{"uv":[5.25,13.25,5.5,14.0],"texture":"#layer0","tintindex":0}}},{"name":"arm_left_5","from":[5.075,4.2827654,10.319078],"to":[6.125,5.3327656,13.259079],"rotation":{"angle":22.5,"axis":"x","origin":[5.6,3.1999998,8.0]},"faces":{"east":{"uv":[11.5,11.0,12.75,11.5],"texture":"#layer0","tintindex":0},"south":{"uv":[13.0,1.5,13.5,2.0],"texture":"#layer0","tintindex":0},"north":{"uv":[13.0,13.0,13.5,13.5],"texture":"#layer0","tintindex":0},"west":{"uv":[4.5,12.0,5.75,12.5],"texture":"#layer0","tintindex":0},"up":{"uv":[7.75,12.75,7.25,11.5],"texture":"#layer0","tintindex":0},"down":{"uv":[5.75,12.0,6.25,13.25],"texture":"#layer0","tintindex":0}}},{"name":"arm_left_6","from":[5.18,-1.0638108,11.253122],"to":[6.0199995,-0.22381091,13.563122],"rotation":{"angle":-45.0,"axis":"x","origin":[5.6,3.1999998,8.0]},"faces":{"east":{"uv":[12.75,4.0,13.75,4.25],"texture":"#layer0","tintindex":0},"south":{"uv":[7.75,13.5,8.0,13.75],"texture":"#layer0","tintindex":0},"north":{"uv":[7.5,13.5,7.75,13.75],"texture":"#layer0","tintindex":0},"west":{"uv":[12.75,5.0,13.75,5.25],"texture":"#layer0","tintindex":0},"up":{"uv":[4.0,14.0,3.75,13.0],"texture":"#layer0","tintindex":0},"down":{"uv":[12.25,13.0,12.5,14.0],"texture":"#layer0","tintindex":0}}},{"name":"arm_left_7","from":[5.285,1.4239935,14.296148],"to":[5.915,2.0539935,16.396149],"rotation":{"angle":-22.5,"axis":"x","origin":[5.6,3.1999998,8.0]},"faces":{"east":{"uv":[12.75,3.5,13.75,3.75],"texture":"#layer0","tintindex":0},"south":{"uv":[6.75,13.5,7.0,13.75],"texture":"#layer0","tintindex":0},"north":{"uv":[6.5,13.5,6.75,13.75],"texture":"#layer0","tintindex":0},"west":{"uv":[12.75,3.75,13.75,4.0],"texture":"#layer0","tintindex":0},"up":{"uv":[8.0,12.5,7.75,11.5],"texture":"#layer0","tintindex":0},"down":{"uv":[5.5,12.5,5.75,13.5],"texture":"#layer0","tintindex":0}}},{"name":"arm_left_8","from":[5.495,4.9699993,0.28999996],"to":[5.705,5.1799994,15.83],"rotation":{"angle":0.0,"axis":"z","origin":[8.0,8.0,8.0]},"faces":{"east":{"uv":[9.0,5.25,15.5,5.5],"texture":"#layer0","tintindex":0},"south":{"uv":[13.25,6.25,13.5,6.5],"texture":"#layer0","tintindex":0},"north":{"uv":[13.25,4.75,13.5,5.0],"texture":"#layer0","tintindex":0},"west":{"uv":[9.0,5.5,15.5,5.75],"texture":"#layer0","tintindex":0},"up":{"uv":[8.25,16.0,8.0,9.5],"texture":"#layer0","tintindex":0},"down":{"uv":[8.25,9.5,8.5,16.0],"texture":"#layer0","tintindex":0}}},{"name":"arm_left_9","from":[4.8650002,2.8602076,6.076256],"to":[6.335,4.330208,6.916256],"rotation":{"angle":-22.5,"axis":"x","origin":[5.6,3.1999998,8.0]},"faces":{"east":{"uv":[5.75,13.25,6.0,13.75],"texture":"#layer0","tintindex":0},"south":{"uv":[12.75,10.5,13.25,11.0],"texture":"#layer0","tintindex":0},"north":{"uv":[6.75,9.0,7.25,9.5],"texture":"#layer0","tintindex":0},"west":{"uv":[6.0,13.25,6.25,13.75],"texture":"#layer0","tintindex":0},"up":{"uv":[12.5,4.5,12.0,4.25],"texture":"#layer0","tintindex":0},"down":{"uv":[4.0,12.25,4.5,12.5],"texture":"#layer0","tintindex":0}}},{"name":"arm_left_10","from":[5.075,4.206805,2.899424],"to":[6.125,5.2568054,5.839424],"rotation":{"angle":-22.5,"axis":"x","origin":[5.6,3.1999998,8.0]},"faces":{"east":{"uv":[5.5,1.75,6.75,2.25],"texture":"#layer0","tintindex":0},"south":{"uv":[12.5,13.0,13.0,13.5],"texture":"#layer0","tintindex":0},"north":{"uv":[12.75,11.0,13.25,11.5],"texture":"#layer0","tintindex":0},"west":{"uv":[11.5,10.5,12.75,11.0],"texture":"#layer0","tintindex":0},"up":{"uv":[7.25,9.0,6.75,7.75],"texture":"#layer0","tintindex":0},"down":{"uv":[1.0,11.5,1.5,12.75],"texture":"#layer0","tintindex":0}}},{"name":"arm_left_11","from":[5.18,2.0185335,4.9193897],"to":[6.0199995,2.8585334,6.59939],"rotation":{"angle":22.5,"axis":"x","origin":[5.6,3.1999998,8.0]},"faces":{"east":{"uv":[10.75,10.5,11.5,10.75],"texture":"#layer0","tintindex":0},"south":{"uv":[4.25,13.5,4.5,13.75],"texture":"#layer0","tintindex":0},"north":{"uv":[2.75,13.5,3.0,13.75],"texture":"#layer0","tintindex":0},"west":{"uv":[13.0,12.5,13.75,12.75],"texture":"#layer0","tintindex":0},"up":{"uv":[7.0,2.5,6.75,1.75],"texture":"#layer0","tintindex":0},"down":{"uv":[7.0,12.0,7.25,12.75],"texture":"#layer0","tintindex":0}}},{"name":"arm_left_12","from":[5.18,6.3979692,3.7997837],"to":[6.0199995,8.70797,4.639784],"rotation":{"angle":-45.0,"axis":"x","origin":[5.6,3.1999998,8.0]},"faces":{"east":{"uv":[3.0,12.75,3.25,13.75],"texture":"#layer0","tintindex":0},"south":{"uv":[3.25,13.0,3.5,14.0],"texture":"#layer0","tintindex":0},"north":{"uv":[7.75,12.5,8.0,13.5],"texture":"#layer0","tintindex":0},"west":{"uv":[3.5,13.0,3.75,14.0],"texture":"#layer0","tintindex":0},"up":{"uv":[7.25,13.75,7.0,13.5],"texture":"#layer0","tintindex":0},"down":{"uv":[7.25,13.5,7.5,13.75],"texture":"#layer0","tintindex":0}}},{"name":"arm_left_13","from":[5.285,1.4617034,-0.22156],"to":[5.915,2.0917034,1.87844],"rotation":{"angle":22.5,"axis":"x","origin":[5.6,3.1999998,8.0]},"faces":{"east":{"uv":[9.25,1.5,10.25,1.75],"texture":"#layer0","tintindex":0},"south":{"uv":[6.25,13.5,6.5,13.75],"texture":"#layer0","tintindex":0},"north":{"uv":[5.5,13.5,5.75,13.75],"texture":"#layer0","tintindex":0},"west":{"uv":[12.5,6.5,13.5,6.75],"texture":"#layer0","tintindex":0},"up":{"uv":[8.75,10.5,8.5,9.5],"texture":"#layer0","tintindex":0},"down":{"uv":[1.5,11.5,1.75,12.5],"texture":"#layer0","tintindex":0}}},{"name":"arm_left_14","from":[5.18,2.6599994,6.59],"to":[6.0199995,3.4999995,9.530001],"rotation":{"angle":0.0,"axis":"z","origin":[8.0,8.0,8.0]},"faces":{"east":{"uv":[5.5,2.25,6.75,2.5],"texture":"#layer0","tintindex":0},"south":{"uv":[1.5,12.5,1.75,12.75],"texture":"#layer0","tintindex":0},"north":{"uv":[0.75,12.5,1.0,12.75],"texture":"#layer0","tintindex":0},"west":{"uv":[12.25,12.0,13.5,12.25],"texture":"#layer0","tintindex":0},"up":{"uv":[5.25,7.75,5.0,6.5],"texture":"#layer0","tintindex":0},"down":{"uv":[7.0,4.0,7.25,5.25],"texture":"#layer0","tintindex":0}}}],"display":{"head":{"translation":[0.0,-6.4,0.0],"rotation":[0.0,0.0,0.0],"scale":[3.8095,3.8095,3.8095]},"gui":{"translation":[0.0,0.0,0.0],"rotation":[35.0,225.0,0.0],"scale":[0.625,0.625,0.625]}}}