{"model":{"type":"minecraft:condition","property":"minecraft:using_item","on_false":{"type":"minecraft:model","model":"manalabs:crates/valentines22_crate/valentines_bow"},"on_true":{"type":"minecraft:range_dispatch","property":"minecraft:use_duration","scale":0.05,"fallback":{"type":"minecraft:model","model":"manalabs:crates/valentines22_crate/valentines_bow"},"entries":[{"threshold":0.0,"model":{"type":"minecraft:model","model":"manalabs:crates/valentines22_crate/valentines_bow_1"}},{"threshold":0.65,"model":{"type":"minecraft:model","model":"manalabs:crates/valentines22_crate/valentines_bow_2"}},{"threshold":0.9,"model":{"type":"minecraft:model","model":"manalabs:crates/valentines22_crate/valentines_bow_3"}}]}},"display":{"thirdperson_righthand":{"rotation":[-80,260,-40],"translation":[-1,-2,2.5],"scale":[0.9,0.9,0.9]},"thirdperson_lefthand":{"rotation":[-80,-280,40],"translation":[-1,-2,2.5],"scale":[0.9,0.9,0.9]},"firstperson_righthand":{"rotation":[0,-90,25],"translation":[1.13,3.2,1.13],"scale":[0.68,0.68,0.68]},"firstperson_lefthand":{"rotation":[0,90,-25],"translation":[1.13,3.2,1.13],"scale":[0.68,0.68,0.68]}}}