{"file_name":"headflap_left","texture_size":[64,64],"textures":{"layer0":"manamodels/serpent"},"elements":[{"name":"headflap_left_0","from":[5.0,6.8,7.4],"to":[11.0,12.8,8.6],"rotation":{"angle":0.0,"axis":"z","origin":[8.0,8.0,8.0]},"faces":{"east":{"uv":[1.5,11.0,2.0,13.5],"texture":"#layer0","tintindex":0},"south":{"uv":[2.5,0.0,5.0,2.5],"texture":"#layer0","tintindex":0},"north":{"uv":[2.5,2.5,5.0,5.0],"texture":"#layer0","tintindex":0},"west":{"uv":[2.0,11.0,2.5,13.5],"texture":"#layer0","tintindex":0},"up":{"uv":[13.0,3.5,10.5,3.0],"texture":"#layer0","tintindex":0},"down":{"uv":[10.5,9.5,13.0,10.0],"texture":"#layer0","tintindex":0}}}],"display":{"head":{"translation":[0.0,-6.4,0.0],"rotation":[0.0,0.0,0.0],"scale":[3.8095,3.8095,3.8095]},"gui":{"translation":[0.0,0.0,0.0],"rotation":[35.0,225.0,0.0],"scale":[0.625,0.625,0.625]}}}