{"file_name":"segment2","texture_size":[64,64],"textures":{"layer0":"manamodels/serpent"},"elements":[{"name":"segment2_0","from":[6.7939997,-2.2060003,7.994],"to":[9.206,0.20599985,11.606],"rotation":{"angle":0.0,"axis":"z","origin":[8.0,8.0,8.0]},"faces":{"east":{"uv":[8.0,1.5,9.5,2.5],"texture":"#layer0","tintindex":0},"south":{"uv":[3.5,11.5,4.5,12.5],"texture":"#layer0","tintindex":0},"north":{"uv":[2.5,11.5,3.5,12.5],"texture":"#layer0","tintindex":0},"west":{"uv":[8.0,5.5,9.5,6.5],"texture":"#layer0","tintindex":0},"up":{"uv":[4.0,10.0,3.0,8.5],"texture":"#layer0","tintindex":0},"down":{"uv":[0.0,9.0,1.0,10.5],"texture":"#layer0","tintindex":0}}}],"display":{"head":{"translation":[0.0,-6.4,0.0],"rotation":[0.0,0.0,0.0],"scale":[3.8095,3.8095,3.8095]},"gui":{"translation":[0.0,0.0,0.0],"rotation":[35.0,225.0,0.0],"scale":[0.625,0.625,0.625]}}}