{"file_name":"cape2","texture_size":[128,128],"textures":{"layer0":"manamodels/mage"},"elements":[{"name":"cape2_0","from":[0.7939997,0.7939997,7.994],"to":[15.206,8.0060005,8.0060005],"rotation":{"angle":0.0,"axis":"z","origin":[8.0,8.0,8.0]},"faces":{"east":{"uv":[0.0,0.0,0.0,1.5],"texture":"#layer0","tintindex":0},"south":{"uv":[3.0,3.0,6.0,4.5],"texture":"#layer0","tintindex":0},"north":{"uv":[0.0,3.0,3.0,4.5],"texture":"#layer0","tintindex":0},"west":{"uv":[0.0,0.0,0.0,1.5],"texture":"#layer0","tintindex":0},"up":{"uv":[3.0,0.0,0.0,0.0],"texture":"#layer0","tintindex":0},"down":{"uv":[0.0,0.0,3.0,0.0],"texture":"#layer0","tintindex":0}}}],"display":{"head":{"translation":[0.0,-6.4,0.0],"rotation":[0.0,0.0,0.0],"scale":[3.8095,3.8095,3.8095]},"gui":{"translation":[0.0,0.0,0.0],"rotation":[35.0,225.0,0.0],"scale":[0.625,0.625,0.625]}}}