{"file_name":"horn3_right","texture_size":[128,128],"textures":{"layer0":"manamodels/mage"},"elements":[{"name":"horn3_right_0","from":[8.15,8.15,7.55],"to":[12.650001,9.05,8.45],"rotation":{"angle":0.0,"axis":"z","origin":[8.0,8.0,8.0]},"faces":{"east":{"uv":[9.5,5.125,9.75,5.375],"texture":"#layer0","tintindex":0},"south":{"uv":[7.75,7.5,8.75,7.75],"texture":"#layer0","tintindex":0},"north":{"uv":[5.75,5.5,6.75,5.75],"texture":"#layer0","tintindex":0},"west":{"uv":[9.5,6.25,9.75,6.5],"texture":"#layer0","tintindex":0},"up":{"uv":[9.75,8.75,8.75,8.5],"texture":"#layer0","tintindex":0},"down":{"uv":[9.0,5.5,10.0,5.75],"texture":"#layer0","tintindex":0}}}],"display":{"head":{"translation":[0.0,-6.4,0.0],"rotation":[0.0,0.0,0.0],"scale":[3.8095,3.8095,3.8095]},"gui":{"translation":[0.0,0.0,0.0],"rotation":[35.0,225.0,0.0],"scale":[0.625,0.625,0.625]}}}