{"file_name":"horn2_right","texture_size":[128,128],"textures":{"layer0":"manamodels/mage"},"elements":[{"name":"horn2_right_0","from":[7.994,7.994,7.394],"to":[10.406,9.206,8.606],"rotation":{"angle":0.0,"axis":"z","origin":[8.0,8.0,8.0]},"faces":{"east":{"uv":[9.5,9.5,9.75,9.75],"texture":"#layer0","tintindex":0},"south":{"uv":[9.25,2.75,9.75,3.0],"texture":"#layer0","tintindex":0},"north":{"uv":[7.0,6.75,7.5,7.0],"texture":"#layer0","tintindex":0},"west":{"uv":[9.5,4.875,9.75,5.125],"texture":"#layer0","tintindex":0},"up":{"uv":[9.75,6.0,9.25,5.75],"texture":"#layer0","tintindex":0},"down":{"uv":[9.25,6.0,9.75,6.25],"texture":"#layer0","tintindex":0}}}],"display":{"head":{"translation":[0.0,-6.4,0.0],"rotation":[0.0,0.0,0.0],"scale":[3.8095,3.8095,3.8095]},"gui":{"translation":[0.0,0.0,0.0],"rotation":[35.0,225.0,0.0],"scale":[0.625,0.625,0.625]}}}