{"credit":"Copyright ManaLabs Inc","texture_size":[128,128],"textures":{"0":"manalabs:crates/blossom_crate/blossom_flower","particle":"manalabs:crates/blossom_crate/blossom_flower"},"elements":[{"from":[0,3.08579,2],"to":[1,14.08579,14],"rotation":{"angle":45,"axis":"z","origin":[0.5,6.58579,6.5]},"faces":{"north":{"uv":[8.75,10.25,8.875,11.625],"texture":"#0"},"east":{"uv":[7.75,7.375,9.25,8.75],"texture":"#0"},"south":{"uv":[8.875,10.25,9,11.625],"texture":"#0"},"west":{"uv":[7.75,7.375,9.25,8.75],"texture":"#0"},"up":{"uv":[8.375,11.75,8.25,10.25],"texture":"#0"},"down":{"uv":[8.5,10.25,8.375,11.75],"texture":"#0"}}},{"from":[-8.00664,10.93296,3.5],"to":[-1.00664,11.93296,12.5],"rotation":{"angle":22.5,"axis":"z","origin":[-3.50664,3.43296,5.5]},"faces":{"north":{"uv":[8.375,7.125,9.25,7.25],"texture":"#0"},"east":{"uv":[10.375,3.875,11.5,4],"texture":"#0"},"south":{"uv":[8.375,7.25,9.25,7.375],"texture":"#0"},"west":{"uv":[10.625,5.5,11.75,5.625],"texture":"#0"},"up":{"uv":[3.25,6.5,4.375,7.375],"rotation":90,"texture":"#0"},"down":{"uv":[3.25,7.375,4.375,6.5],"rotation":90,"texture":"#0"}}},{"from":[0.5,2.83579,0.5],"to":[0.5,13.83579,15.5],"rotation":{"angle":45,"axis":"z","origin":[0.5,6.33579,6]},"faces":{"north":{"uv":[0,0,0,1.375],"texture":"#0"},"east":{"uv":[4.625,6,6.5,7.375],"texture":"#0"},"south":{"uv":[0,0,0,1.375],"texture":"#0"},"west":{"uv":[4.625,6,6.5,7.375],"texture":"#0"},"up":{"uv":[0,1.875,0,0],"texture":"#0"},"down":{"uv":[0,0,0,1.875],"texture":"#0"}}},{"from":[-12.49294,11.40202,0.5],"to":[-1.49294,11.40202,15.5],"rotation":{"angle":22.5,"axis":"z","origin":[-3.74294,3.20202,4.5]},"faces":{"north":{"uv":[0,0,1.375,0],"texture":"#0"},"east":{"uv":[0,0,1.875,0],"texture":"#0"},"south":{"uv":[0,0,1.375,0],"texture":"#0"},"west":{"uv":[0,0,1.875,0],"texture":"#0"},"up":{"uv":[3.25,6.125,1.375,7.5],"rotation":90,"texture":"#0"},"down":{"uv":[3.25,6.125,1.375,7.5],"rotation":90,"texture":"#0"}}},{"from":[15,3.08579,2],"to":[16,14.08579,14],"rotation":{"angle":-45,"axis":"z","origin":[15.5,6.58579,6.5]},"faces":{"north":{"uv":[8.875,10.25,8.75,11.625],"texture":"#0"},"east":{"uv":[9.25,7.375,7.75,8.75],"texture":"#0"},"south":{"uv":[9,10.25,8.875,11.625],"texture":"#0"},"west":{"uv":[9.25,7.375,7.75,8.75],"texture":"#0"},"up":{"uv":[8.25,11.75,8.375,10.25],"texture":"#0"},"down":{"uv":[8.375,10.25,8.5,11.75],"texture":"#0"}}},{"from":[17.00664,10.93296,3.5],"to":[24.00664,11.93296,12.5],"rotation":{"angle":-22.5,"axis":"z","origin":[19.50664,3.43296,5.5]},"faces":{"north":{"uv":[9.25,7.125,8.375,7.25],"texture":"#0"},"east":{"uv":[11.75,5.5,10.625,5.625],"texture":"#0"},"south":{"uv":[9.25,7.25,8.375,7.375],"texture":"#0"},"west":{"uv":[11.5,3.875,10.375,4],"texture":"#0"},"up":{"uv":[3.25,7.375,4.375,6.5],"rotation":90,"texture":"#0"},"down":{"uv":[3.25,6.5,4.375,7.375],"rotation":90,"texture":"#0"}}},{"from":[15.5,2.83579,0.5],"to":[15.5,13.83579,15.5],"rotation":{"angle":-45,"axis":"z","origin":[15.5,6.33579,6]},"faces":{"north":{"uv":[0,0,0,1.375],"texture":"#0"},"east":{"uv":[6.5,6,4.625,7.375],"texture":"#0"},"south":{"uv":[0,0,0,1.375],"texture":"#0"},"west":{"uv":[6.5,6,4.625,7.375],"texture":"#0"},"up":{"uv":[0,1.875,0,0],"texture":"#0"},"down":{"uv":[0,0,0,1.875],"texture":"#0"}}},{"from":[17.49294,11.40202,0.5],"to":[28.49294,11.40202,15.5],"rotation":{"angle":-22.5,"axis":"z","origin":[19.74294,3.20202,4.5]},"faces":{"north":{"uv":[1.375,0,0,0],"texture":"#0"},"east":{"uv":[1.875,0,0,0],"texture":"#0"},"south":{"uv":[1.375,0,0,0],"texture":"#0"},"west":{"uv":[1.875,0,0,0],"texture":"#0"},"up":{"uv":[3.25,7.5,1.375,6.125],"rotation":90,"texture":"#0"},"down":{"uv":[3.25,7.5,1.375,6.125],"rotation":90,"texture":"#0"}}},{"from":[11,5.08579,9],"to":[22,6.08579,21],"rotation":{"angle":45,"axis":"y","origin":[-2.5,6.58579,7.5]},"faces":{"north":{"uv":[7,4.125,8.375,4.25],"texture":"#0"},"east":{"uv":[10,1.25,11.5,1.375],"texture":"#0"},"south":{"uv":[7,4.25,8.375,4.375],"texture":"#0"},"west":{"uv":[10,1.375,11.5,1.5],"texture":"#0"},"up":{"uv":[9.75,5.625,8.375,4.125],"texture":"#0"},"down":{"uv":[9.75,4.125,8.375,5.625],"texture":"#0"}}},{"from":[22,-0.91421,9],"to":[22,6.08579,21],"rotation":{"angle":45,"axis":"y","origin":[-2.5,6.58579,7.5]},"faces":{"north":{"uv":[0,0,0,0.875],"texture":"#0"},"east":{"uv":[8.125,1.5,9.625,2.375],"texture":"#0"},"south":{"uv":[0,0,0,0.875],"texture":"#0"},"west":{"uv":[8.125,1.5,9.625,2.375],"texture":"#0"},"up":{"uv":[0,1.5,0,0],"texture":"#0"},"down":{"uv":[0,0,0,1.5],"texture":"#0"}}},{"from":[22,-0.91421,-5],"to":[22,6.08579,7],"rotation":{"angle":-45,"axis":"y","origin":[-2.5,6.58579,8.5]},"faces":{"north":{"uv":[0,0,0,0.875],"texture":"#0"},"east":{"uv":[9.625,1.5,8.125,2.375],"texture":"#0"},"south":{"uv":[0,0,0,0.875],"texture":"#0"},"west":{"uv":[9.625,1.5,8.125,2.375],"texture":"#0"},"up":{"uv":[0,0,0,1.5],"texture":"#0"},"down":{"uv":[0,1.5,0,0],"texture":"#0"}}},{"from":[11,5.08579,-5],"to":[22,6.08579,7],"rotation":{"angle":-45,"axis":"y","origin":[-2.5,6.58579,8.5]},"faces":{"north":{"uv":[8.375,4.25,7,4.375],"texture":"#0"},"east":{"uv":[11.5,1.25,10,1.375],"texture":"#0"},"south":{"uv":[8.375,4.125,7,4.25],"texture":"#0"},"west":{"uv":[11.5,1.375,10,1.5],"texture":"#0"},"up":{"uv":[9.75,4.125,8.375,5.625],"texture":"#0"},"down":{"uv":[9.75,5.625,8.375,4.125],"texture":"#0"}}},{"from":[-6,5.08579,-5],"to":[5,6.08579,7],"rotation":{"angle":45,"axis":"y","origin":[18.5,6.58579,8.5]},"faces":{"north":{"uv":[7,4.25,8.375,4.375],"texture":"#0"},"east":{"uv":[10,1.375,11.5,1.5],"texture":"#0"},"south":{"uv":[7,4.125,8.375,4.25],"texture":"#0"},"west":{"uv":[10,1.25,11.5,1.375],"texture":"#0"},"up":{"uv":[8.375,4.125,9.75,5.625],"texture":"#0"},"down":{"uv":[8.375,5.625,9.75,4.125],"texture":"#0"}}},{"from":[-6,-0.91421,-5],"to":[-6,6.08579,7],"rotation":{"angle":45,"axis":"y","origin":[18.5,6.58579,8.5]},"faces":{"north":{"uv":[0,0,0,0.875],"texture":"#0"},"east":{"uv":[8.125,1.5,9.625,2.375],"texture":"#0"},"south":{"uv":[0,0,0,0.875],"texture":"#0"},"west":{"uv":[8.125,1.5,9.625,2.375],"texture":"#0"},"up":{"uv":[0,0,0,1.5],"texture":"#0"},"down":{"uv":[0,1.5,0,0],"texture":"#0"}}},{"from":[-6,-0.91421,9],"to":[-6,6.08579,21],"rotation":{"angle":-45,"axis":"y","origin":[18.5,6.58579,7.5]},"faces":{"north":{"uv":[0,0,0,0.875],"texture":"#0"},"east":{"uv":[9.625,1.5,8.125,2.375],"texture":"#0"},"south":{"uv":[0,0,0,0.875],"texture":"#0"},"west":{"uv":[9.625,1.5,8.125,2.375],"texture":"#0"},"up":{"uv":[0,1.5,0,0],"texture":"#0"},"down":{"uv":[0,0,0,1.5],"texture":"#0"}}},{"from":[-6,5.08579,9],"to":[5,6.08579,21],"rotation":{"angle":-45,"axis":"y","origin":[18.5,6.58579,7.5]},"faces":{"north":{"uv":[8.375,4.125,7,4.25],"texture":"#0"},"east":{"uv":[11.5,1.375,10,1.5],"texture":"#0"},"south":{"uv":[8.375,4.25,7,4.375],"texture":"#0"},"west":{"uv":[11.5,1.25,10,1.375],"texture":"#0"},"up":{"uv":[8.375,5.625,9.75,4.125],"texture":"#0"},"down":{"uv":[8.375,4.125,9.75,5.625],"texture":"#0"}}},{"from":[0.5,12.93275,-12.86849],"to":[15.5,12.93275,-1.86849],"rotation":{"angle":-22.5,"axis":"x","origin":[-0.5,4.73275,-0.11849]},"faces":{"north":{"uv":[0,0,1.875,0],"texture":"#0"},"east":{"uv":[0,0,1.375,0],"texture":"#0"},"south":{"uv":[0,0,1.875,0],"texture":"#0"},"west":{"uv":[0,0,1.375,0],"texture":"#0"},"up":{"uv":[3.25,7.5,1.375,6.125],"texture":"#0"},"down":{"uv":[8.125,1.375,6.25,2.75],"texture":"#0"}}},{"from":[3.5,12.46369,-8.38219],"to":[12.5,13.46369,-1.38219],"rotation":{"angle":-22.5,"axis":"x","origin":[-1.5,4.96369,0.11781]},"faces":{"north":{"uv":[10.625,5.875,11.75,6],"texture":"#0"},"east":{"uv":[10.625,6.5,11.5,6.625],"texture":"#0"},"south":{"uv":[10.625,6,11.75,6.125],"texture":"#0"},"west":{"uv":[3.375,10.75,4.25,10.875],"texture":"#0"},"up":{"uv":[4.375,7.375,3.25,6.5],"texture":"#0"},"down":{"uv":[1.125,10.25,0,11.125],"texture":"#0"}}},{"from":[2,8.08579,2],"to":[14,19.08579,3],"rotation":{"angle":-45,"axis":"x","origin":[-2.5,6.58579,7.5]},"faces":{"north":{"uv":[1.5,7.5,3,8.875],"texture":"#0"},"east":{"uv":[9.25,10.25,9.375,11.625],"texture":"#0"},"south":{"uv":[7.75,7.375,9.25,8.75],"texture":"#0"},"west":{"uv":[9.375,10.25,9.5,11.625],"texture":"#0"},"up":{"uv":[11.125,2.375,9.625,2.25],"texture":"#0"},"down":{"uv":[11.5,1.125,10,1.25],"texture":"#0"}}},{"from":[0.5,7.83579,2.5],"to":[15.5,18.83579,2.5],"rotation":{"angle":-45,"axis":"x","origin":[-2,6.33579,7.5]},"faces":{"north":{"uv":[5.125,3.25,7,4.625],"texture":"#0"},"east":{"uv":[0,0,0,1.375],"texture":"#0"},"south":{"uv":[4.625,6,6.5,7.375],"texture":"#0"},"west":{"uv":[0,0,0,1.375],"texture":"#0"},"up":{"uv":[1.875,0,0,0],"texture":"#0"},"down":{"uv":[1.875,0,0,0],"texture":"#0"}}},{"from":[2,8.08579,13],"to":[14,19.08579,14],"rotation":{"angle":45,"axis":"x","origin":[-2.5,6.58579,8.5]},"faces":{"north":{"uv":[9.25,7.375,7.75,8.75],"texture":"#0"},"east":{"uv":[9.375,10.25,9.25,11.625],"texture":"#0"},"south":{"uv":[3,7.5,1.5,8.875],"texture":"#0"},"west":{"uv":[9.5,10.25,9.375,11.625],"texture":"#0"},"up":{"uv":[11.125,2.25,9.625,2.375],"texture":"#0"},"down":{"uv":[11.5,1.25,10,1.125],"texture":"#0"}}},{"from":[0.5,7.83579,13.5],"to":[15.5,18.83579,13.5],"rotation":{"angle":45,"axis":"x","origin":[-2,6.33579,8.5]},"faces":{"north":{"uv":[6.5,6,4.625,7.375],"texture":"#0"},"east":{"uv":[0,0,0,1.375],"texture":"#0"},"south":{"uv":[7,3.25,5.125,4.625],"texture":"#0"},"west":{"uv":[0,0,0,1.375],"texture":"#0"},"up":{"uv":[1.875,0,0,0],"texture":"#0"},"down":{"uv":[1.875,0,0,0],"texture":"#0"}}},{"from":[3.5,12.46369,17.38219],"to":[12.5,13.46369,24.38219],"rotation":{"angle":22.5,"axis":"x","origin":[-1.5,4.96369,15.88219]},"faces":{"north":{"uv":[11.75,6,10.625,6.125],"texture":"#0"},"east":{"uv":[11.5,6.5,10.625,6.625],"texture":"#0"},"south":{"uv":[11.75,5.875,10.625,6],"texture":"#0"},"west":{"uv":[4.25,10.75,3.375,10.875],"texture":"#0"},"up":{"uv":[4.375,6.5,3.25,7.375],"texture":"#0"},"down":{"uv":[1.125,11.125,0,10.25],"texture":"#0"}}},{"from":[0.5,12.93275,17.86849],"to":[15.5,12.93275,28.86849],"rotation":{"angle":22.5,"axis":"x","origin":[-0.5,4.73275,16.11849]},"faces":{"north":{"uv":[1.875,0,0,0],"texture":"#0"},"east":{"uv":[1.375,0,0,0],"texture":"#0"},"south":{"uv":[1.875,0,0,0],"texture":"#0"},"west":{"uv":[1.375,0,0,0],"texture":"#0"},"up":{"uv":[3.25,6.125,1.375,7.5],"texture":"#0"},"down":{"uv":[8.125,2.75,6.25,1.375],"texture":"#0"}}},{"from":[1.5,4,2],"to":[14.5,8,15],"rotation":{"angle":0,"axis":"y","origin":[0.5,0,0]},"faces":{"north":{"uv":[9.75,6.625,11.375,7.125],"texture":"#0"},"east":{"uv":[3.375,10.25,5,10.75],"texture":"#0"},"south":{"uv":[5,10.25,6.625,10.75],"texture":"#0"},"west":{"uv":[6.625,10.25,8.25,10.75],"texture":"#0"},"up":{"uv":[4.875,1.625,3.25,0],"texture":"#0"},"down":{"uv":[4.875,1.625,3.25,3.25],"texture":"#0"}}},{"from":[7.5,5,-7],"to":[7.5,30,23],"rotation":{"angle":45,"axis":"y","origin":[7.5,17.5,8]},"faces":{"north":{"uv":[9.75,6.625,11.375,7.125],"texture":"#0"},"east":{"uv":[10.875,11.5,14.625,14.625],"texture":"#0"},"south":{"uv":[5,10.25,6.625,10.75],"texture":"#0"},"west":{"uv":[14.625,11.5,10.875,14.625],"texture":"#0"},"up":{"uv":[3.25,3.75,3.25,0],"texture":"#0"},"down":{"uv":[4.875,1.625,3.25,3.25],"texture":"#0"}}},{"from":[-7.5,5,8],"to":[22.5,30,8],"rotation":{"angle":45,"axis":"y","origin":[7.5,17.5,8]},"faces":{"north":{"uv":[10.875,11.5,14.625,14.625],"texture":"#0"},"east":{"uv":[5,10.25,6.625,10.75],"texture":"#0"},"south":{"uv":[14.625,11.5,10.875,14.625],"texture":"#0"},"west":{"uv":[9.75,6.625,11.375,7.125],"texture":"#0"},"up":{"uv":[3.25,3.75,3.25,0],"rotation":270,"texture":"#0"},"down":{"uv":[4.875,1.625,3.25,3.25],"rotation":90,"texture":"#0"}}},{"from":[-0.5,4.54184,-13],"to":[16.5,4.54184,0],"rotation":{"angle":-22.5,"axis":"x","origin":[8,4.54184,-4.5]},"faces":{"north":{"uv":[0,0,2.125,0],"texture":"#0"},"east":{"uv":[0,0,1.625,0],"texture":"#0"},"south":{"uv":[0,0,2.125,0],"texture":"#0"},"west":{"uv":[0,0,1.625,0],"texture":"#0"},"up":{"uv":[2.125,12.875,0,11.25],"texture":"#0"},"down":{"uv":[0,12.875,2.125,11.25],"rotation":180,"texture":"#0"}}},{"from":[-0.5,4.54184,16],"to":[16.5,4.54184,29],"rotation":{"angle":22.5,"axis":"x","origin":[8,4.54184,20.5]},"faces":{"north":{"uv":[2.125,0,0,0],"texture":"#0"},"east":{"uv":[1.625,0,0,0],"texture":"#0"},"south":{"uv":[2.125,0,0,0],"texture":"#0"},"west":{"uv":[1.625,0,0,0],"texture":"#0"},"up":{"uv":[2.125,11.25,0,12.875],"texture":"#0"},"down":{"uv":[0,11.25,2.125,12.875],"rotation":180,"texture":"#0"}}},{"from":[-9.5,7.54184,-0.5],"to":[3.5,7.54184,16.5],"rotation":{"angle":22.5,"axis":"z","origin":[8,4.54184,11]},"faces":{"north":{"uv":[0,0,1.625,0],"texture":"#0"},"east":{"uv":[0,0,2.125,0],"texture":"#0"},"south":{"uv":[0,0,1.625,0],"texture":"#0"},"west":{"uv":[0,0,2.125,0],"texture":"#0"},"up":{"uv":[2.125,12.875,0,11.25],"rotation":270,"texture":"#0"},"down":{"uv":[0,11.375,2.125,13],"rotation":90,"texture":"#0"}}},{"from":[12.5,7.54184,-0.5],"to":[25.5,7.54184,16.5],"rotation":{"angle":-22.5,"axis":"z","origin":[8,4.54184,11]},"faces":{"north":{"uv":[1.625,0,0,0],"texture":"#0"},"east":{"uv":[2.125,0,0,0],"texture":"#0"},"south":{"uv":[1.625,0,0,0],"texture":"#0"},"west":{"uv":[2.125,0,0,0],"texture":"#0"},"up":{"uv":[2.125,11.25,0,12.875],"rotation":270,"texture":"#0"},"down":{"uv":[2.125,12.875,0,11.25],"rotation":90,"texture":"#0"}}}],"gui_light":"front","display":{"thirdperson_righthand":{"translation":[0,2.25,0.25],"scale":[0.25,0.25,0.25]},"thirdperson_lefthand":{"translation":[0,2.25,0.25],"scale":[0.25,0.25,0.25]},"firstperson_righthand":{"scale":[0.25,0.25,0.25]},"firstperson_lefthand":{"scale":[0.25,0.25,0.25]},"ground":{"scale":[0.4,0.4,0.4]},"gui":{"rotation":[38,2,0],"scale":[0.4,0.4,0.4]},"head":{"translation":[0,-31.5,0],"scale":[1.6,1.6,1.6]}},"groups":[{"name":"root","origin":[8,8,8],"color":0,"children":[{"name":"group","origin":[-2.74294,3.20202,5],"color":0,"children":[0,1,2,3]},{"name":"group","origin":[-2.74294,3.20202,5],"color":0,"children":[4,5,6,7]},{"name":"group","origin":[-2.74294,3.20202,5],"color":0,"children":[8,9,10,11,12,13,14,15,{"name":"group","origin":[-2,6.33579,7.5],"color":0,"children":[16,17,18,19]},20,21,22,23]},24,25,26,27,28,29,30]}]}