{"textures":{"0":"modelengine:custom/dire_wolf","particle":"modelengine:custom/dire_wolf"},"elements":[{"from":[5.5025005,5.2703733,-2.1112251],"to":[5.5025005,8.270373,-0.11122513],"faces":{"east":{"uv":[9.125,10.5,8.875,10.875],"tintindex":0,"rotation":0,"texture":"#0"},"west":{"uv":[9.125,10.125,8.875,10.5],"tintindex":0,"rotation":0,"texture":"#0"}}},{"from":[4.5025005,5.2703733,-0.11122513],"to":[11.4825,8.270373,7.888775],"faces":{"east":{"uv":[12.875,0.875,11.875,1.25],"tintindex":0,"rotation":0,"texture":"#0"},"south":{"uv":[8.0,12.0,7.125,12.375],"tintindex":0,"rotation":0,"texture":"#0"},"north":{"uv":[7.125,12.0,6.25,12.375],"tintindex":0,"rotation":0,"texture":"#0"},"west":{"uv":[1.0,11.75,0.0,12.125],"tintindex":0,"rotation":0,"texture":"#0"},"up":{"uv":[10.625,5.75,11.5,4.75],"tintindex":0,"rotation":0,"texture":"#0"},"down":{"uv":[4.875,10.625,5.75,11.625],"tintindex":0,"rotation":0,"texture":"#0"}}},{"from":[10.502501,5.2703733,-2.1112251],"to":[10.502501,8.270373,-0.11122513],"faces":{"east":{"uv":[0.875,9.875,0.625,10.25],"tintindex":0,"rotation":0,"texture":"#0"},"west":{"uv":[0.875,9.5,0.625,9.875],"tintindex":0,"rotation":0,"texture":"#0"}}},{"from":[8.002501,5.2703733,-3.1112251],"to":[8.002501,9.270373,-0.11122513],"faces":{"east":{"uv":[4.25,12.25,3.875,12.75],"tintindex":0,"rotation":0,"texture":"#0"},"west":{"uv":[3.875,12.25,3.5,12.75],"tintindex":0,"rotation":0,"texture":"#0"}}}],"display":{"gui":{"rotation":[30,225,0]}}}