{"textures":{"0":"modelengine:custom/dire_wolf","particle":"modelengine:custom/dire_wolf"},"elements":[{"from":[6.51,6.0,3.0],"to":[9.49,8.0,8.0],"faces":{"east":{"uv":[11.5,0.625,12.125,0.875],"tintindex":0,"rotation":0,"texture":"#0"},"south":{"uv":[11.25,12.25,11.625,12.5],"tintindex":0,"rotation":0,"texture":"#0"},"north":{"uv":[10.875,12.25,11.25,12.5],"tintindex":0,"rotation":0,"texture":"#0"},"west":{"uv":[12.5,9.0,13.125,9.25],"tintindex":0,"rotation":0,"texture":"#0"},"up":{"uv":[10.5,11.625,10.125,11.0],"tintindex":0,"rotation":0,"texture":"#0"},"down":{"uv":[10.875,11.0,10.5,11.625],"tintindex":0,"rotation":0,"texture":"#0"}}}],"display":{"gui":{"rotation":[30,225,0]}}}