{"display":{"thirdperson_righthand":{"rotation":[65,0,0],"translation":[0,-3.5,-2.75],"scale":[0.6,0.6,0.6]},"thirdperson_lefthand":{"rotation":[65,0,0],"translation":[0,-3.5,-2.75],"scale":[0.6,0.6,0.6]},"firstperson_righthand":{"rotation":[8,113,-5],"translation":[2.75,2,0],"scale":[0.4,0.4,0.4]},"firstperson_lefthand":{"rotation":[8,113,-5],"translation":[2.75,2,0],"scale":[0.4,0.4,0.4]},"ground":{"translation":[0,3,0],"scale":[0.47,0.47,0.47]},"gui":{"rotation":[30,225,0],"translation":[-0.25,1.25,0],"scale":[0.925,0.925,0.925]},"head":{"translation":[0,-31,0],"scale":[1.6,1.6,1.6]},"fixed":{"translation":[0,2,0]}},"texture_size":[64,64],"textures":{"1":"crates/halloween22/pumpkin_bucket","particle":"crates/halloween22/pumpkin_bucket"},"elements":[{"from":[4,0,3],"to":[12,8,11],"rotation":{"angle":0,"axis":"y","origin":[-1,0,0]},"faces":{"north":{"uv":[2.25,4,4.25,6],"texture":"#1"},"east":{"uv":[4.25,4,6.25,6],"texture":"#1"},"south":{"uv":[0,4.5,2,6.5],"texture":"#1"},"west":{"uv":[4.75,0,6.75,2],"texture":"#1"},"up":{"uv":[6.75,4,4.75,2],"texture":"#1"},"down":{"uv":[4,6,2,8],"texture":"#1"}}},{"from":[7.5,8,3.25],"to":[10.5,9,5.25],"rotation":{"angle":-22.5,"axis":"x","origin":[8,10,3.5]},"faces":{"north":{"uv":[8.25,3.75,7.5,3.5],"rotation":180,"texture":"#1"},"east":{"uv":[2,4.5,2.25,5],"rotation":90,"texture":"#1"},"south":{"uv":[8.25,3.75,7.5,4],"texture":"#1"},"west":{"uv":[2,5,2.25,5.5],"rotation":270,"texture":"#1"},"up":{"uv":[6.75,2,7.5,2.5],"texture":"#1"},"down":{"uv":[6.75,2,7.5,2.5],"rotation":180,"texture":"#1"}}},{"from":[8.5,8,5],"to":[11.5,10,7],"rotation":{"angle":22.5,"axis":"x","origin":[9,9,5.25]},"faces":{"north":{"uv":[6.75,3,7.5,3.5],"texture":"#1"},"east":{"uv":[7.25,6.5,7.75,7],"texture":"#1"},"south":{"uv":[6.75,3.5,7.5,3],"texture":"#1"},"west":{"uv":[7.5,0,8,0.5],"texture":"#1"},"up":{"uv":[7.5,3,6.75,3.5],"texture":"#1"},"down":{"uv":[7.5,3,6.75,3.5],"texture":"#1"}}},{"from":[6.5,7.5,5.25],"to":[9.5,9.5,7.25],"rotation":{"angle":-22.5,"axis":"z","origin":[8,13,5.25]},"faces":{"north":{"uv":[7,7.5,7.75,7],"texture":"#1"},"east":{"uv":[7.5,0.5,8,1],"texture":"#1"},"south":{"uv":[7,7,7.75,7.5],"texture":"#1"},"west":{"uv":[8,0.5,7.5,1],"texture":"#1"},"up":{"uv":[7.75,7.5,7,7],"texture":"#1"},"down":{"uv":[7.75,7.5,7,7],"texture":"#1"}}},{"from":[5.75,8,2.5],"to":[7.75,10,4.5],"rotation":{"angle":45,"axis":"y","origin":[8,10,5]},"faces":{"north":{"uv":[7.5,1,8,1.5],"texture":"#1"},"east":{"uv":[7.5,2.5,8,2],"texture":"#1"},"south":{"uv":[8,1,7.5,1.5],"texture":"#1"},"west":{"uv":[7.5,2,8,2.5],"texture":"#1"},"up":{"uv":[8,3,7.5,2.5],"texture":"#1"},"down":{"uv":[7.5,2.5,8,3],"texture":"#1"}}},{"from":[10,8.5,2.25],"to":[13,8.5,6.25],"rotation":{"angle":-22.5,"axis":"x","origin":[8,10,3.5]},"faces":{"north":{"uv":[0.75,0,0,0],"rotation":180,"texture":"#1"},"east":{"uv":[0,0,0,1],"rotation":90,"texture":"#1"},"south":{"uv":[0.75,0,0,0],"texture":"#1"},"west":{"uv":[0,0,0,1],"rotation":270,"texture":"#1"},"up":{"uv":[1.75,6.5,1,7.5],"texture":"#1"},"down":{"uv":[1,6.5,1.75,7.5],"rotation":180,"texture":"#1"}}},{"from":[5,8.5,2.25],"to":[8,8.5,6.25],"rotation":{"angle":-22.5,"axis":"x","origin":[8,10,3.5]},"faces":{"north":{"uv":[0,0,0.75,0],"rotation":180,"texture":"#1"},"east":{"uv":[0,0,0,1],"rotation":90,"texture":"#1"},"south":{"uv":[0,0,0.75,0],"texture":"#1"},"west":{"uv":[0,0,0,1],"rotation":270,"texture":"#1"},"up":{"uv":[1,6.5,1.75,7.5],"texture":"#1"},"down":{"uv":[1.75,6.5,1,7.5],"rotation":180,"texture":"#1"}}},{"from":[5.5,8,9.25],"to":[8.5,9,11.25],"rotation":{"angle":22.5,"axis":"x","origin":[8,10,11]},"faces":{"north":{"uv":[8.25,3.75,7.5,4],"texture":"#1"},"east":{"uv":[2,5,2.25,5.5],"rotation":270,"texture":"#1"},"south":{"uv":[8.25,3.75,7.5,3.5],"rotation":180,"texture":"#1"},"west":{"uv":[2,4.5,2.25,5],"rotation":90,"texture":"#1"},"up":{"uv":[7.5,2.5,6.75,2],"texture":"#1"},"down":{"uv":[7.5,2.5,6.75,2],"rotation":180,"texture":"#1"}}},{"from":[3,8.5,8.25],"to":[6,8.5,12.25],"rotation":{"angle":22.5,"axis":"x","origin":[8,10,11]},"faces":{"north":{"uv":[0.75,0,0,0],"texture":"#1"},"east":{"uv":[0,0,0,1],"rotation":270,"texture":"#1"},"south":{"uv":[0.75,0,0,0],"rotation":180,"texture":"#1"},"west":{"uv":[0,0,0,1],"rotation":90,"texture":"#1"},"up":{"uv":[1,7.5,1.75,6.5],"texture":"#1"},"down":{"uv":[1.75,7.5,1,6.5],"rotation":180,"texture":"#1"}}},{"from":[4.5,8,6.75],"to":[7.5,10,8.75],"rotation":{"angle":-22.5,"axis":"x","origin":[7,9,8.5]},"faces":{"north":{"uv":[6.75,3.5,7.5,3],"texture":"#1"},"east":{"uv":[7.5,0,8,0.5],"texture":"#1"},"south":{"uv":[6.75,3,7.5,3.5],"texture":"#1"},"west":{"uv":[7.25,6.5,7.75,7],"texture":"#1"},"up":{"uv":[6.75,3.5,7.5,3],"texture":"#1"},"down":{"uv":[6.75,3.5,7.5,3],"texture":"#1"}}},{"from":[8,8.5,8.25],"to":[11,8.5,12.25],"rotation":{"angle":22.5,"axis":"x","origin":[8,10,11]},"faces":{"north":{"uv":[0,0,0.75,0],"texture":"#1"},"east":{"uv":[0,0,0,1],"rotation":270,"texture":"#1"},"south":{"uv":[0,0,0.75,0],"rotation":180,"texture":"#1"},"west":{"uv":[0,0,0,1],"rotation":90,"texture":"#1"},"up":{"uv":[1.75,7.5,1,6.5],"texture":"#1"},"down":{"uv":[1,7.5,1.75,6.5],"rotation":180,"texture":"#1"}}},{"from":[8.25,8,10],"to":[10.25,10,12],"rotation":{"angle":45,"axis":"y","origin":[8,10,9.5]},"faces":{"north":{"uv":[8,1,7.5,1.5],"texture":"#1"},"east":{"uv":[7.5,2,8,2.5],"texture":"#1"},"south":{"uv":[7.5,1,8,1.5],"texture":"#1"},"west":{"uv":[7.5,2.5,8,2],"texture":"#1"},"up":{"uv":[7.5,2.5,8,3],"texture":"#1"},"down":{"uv":[8,3,7.5,2.5],"texture":"#1"}}},{"from":[6.5,7.5,6.5],"to":[9.5,9.5,8.5],"rotation":{"angle":22.5,"axis":"z","origin":[8,13,8.5]},"faces":{"north":{"uv":[7,7,7.75,7.5],"texture":"#1"},"east":{"uv":[8,0.5,7.5,1],"texture":"#1"},"south":{"uv":[7,7.5,7.75,7],"texture":"#1"},"west":{"uv":[7.5,0.5,8,1],"texture":"#1"},"up":{"uv":[7,7,7.75,7.5],"texture":"#1"},"down":{"uv":[7,7,7.75,7.5],"texture":"#1"}}},{"from":[3,6,6],"to":[13,14,8],"rotation":{"angle":0,"axis":"y","origin":[-1,0,0]},"faces":{"north":{"uv":[2.25,0,4.75,2],"texture":"#1"},"east":{"uv":[0,6.5,0.5,8.5],"texture":"#1"},"south":{"uv":[2.25,2,4.75,4],"texture":"#1"},"west":{"uv":[0.5,6.5,1,8.5],"texture":"#1"},"up":{"uv":[6.5,6.5,4,6],"texture":"#1"},"down":{"uv":[8.75,4,6.25,4.5],"texture":"#1"}}},{"from":[3.5,7,2.5],"to":[12.5,9,11.5],"rotation":{"angle":0,"axis":"y","origin":[-0.5,0,0]},"faces":{"north":{"uv":[6.25,4.5,8.5,5],"texture":"#1"},"east":{"uv":[6.25,4.5,8.5,5],"texture":"#1"},"south":{"uv":[6.25,4.5,8.5,5],"texture":"#1"},"west":{"uv":[6.25,4.5,8.5,5],"texture":"#1"},"up":{"uv":[2.25,2.25,0,0],"texture":"#1"},"down":{"uv":[2.25,2.25,0,4.5],"texture":"#1"}}},{"name":"cube inverted","from":[12,8,11],"to":[4,0,3],"rotation":{"angle":0,"axis":"y","origin":[-1,0,0]},"faces":{"north":{"uv":[0,6.5,2,4.5],"texture":"#1"},"east":{"uv":[4.75,2,6.75,0],"texture":"#1"},"south":{"uv":[2.25,6,4.25,4],"texture":"#1"},"west":{"uv":[4.25,6,6.25,4],"texture":"#1"},"up":{"uv":[2,6,4,8],"texture":"#1"},"down":{"uv":[4.75,4,6.75,2],"texture":"#1"}}},{"name":"cube inverted","from":[10.5,9,5.25],"to":[7.5,8,3.25],"rotation":{"angle":-22.5,"axis":"x","origin":[8,10,3.5]},"faces":{"north":{"uv":[8.25,4,7.5,3.75],"texture":"#1"},"east":{"uv":[2.25,5,2,5.5],"rotation":270,"texture":"#1"},"south":{"uv":[8.25,3.5,7.5,3.75],"rotation":180,"texture":"#1"},"west":{"uv":[2.25,4.5,2,5],"rotation":90,"texture":"#1"},"up":{"uv":[7.5,2,6.75,2.5],"rotation":180,"texture":"#1"},"down":{"uv":[7.5,2,6.75,2.5],"texture":"#1"}}},{"name":"cube inverted","from":[11.5,10,7],"to":[8.5,8,5],"rotation":{"angle":22.5,"axis":"x","origin":[9,9,5.25]},"faces":{"north":{"uv":[6.75,3,7.5,3.5],"texture":"#1"},"east":{"uv":[7.5,0.5,8,0],"texture":"#1"},"south":{"uv":[6.75,3.5,7.5,3],"texture":"#1"},"west":{"uv":[7.25,7,7.75,6.5],"texture":"#1"},"up":{"uv":[6.75,3,7.5,3.5],"texture":"#1"},"down":{"uv":[6.75,3,7.5,3.5],"texture":"#1"}}},{"name":"cube inverted","from":[9.5,9.5,7.25],"to":[6.5,7.5,5.25],"rotation":{"angle":-22.5,"axis":"z","origin":[8,13,5.25]},"faces":{"north":{"uv":[7,7.5,7.75,7],"texture":"#1"},"east":{"uv":[8,1,7.5,0.5],"texture":"#1"},"south":{"uv":[7,7,7.75,7.5],"texture":"#1"},"west":{"uv":[7.5,1,8,0.5],"texture":"#1"},"up":{"uv":[7,7.5,7.75,7],"texture":"#1"},"down":{"uv":[7,7.5,7.75,7],"texture":"#1"}}},{"name":"cube inverted","from":[7.75,10,4.5],"to":[5.75,8,2.5],"rotation":{"angle":45,"axis":"y","origin":[8,10,5]},"faces":{"north":{"uv":[8,1.5,7.5,1],"texture":"#1"},"east":{"uv":[7.5,2.5,8,2],"texture":"#1"},"south":{"uv":[7.5,1.5,8,1],"texture":"#1"},"west":{"uv":[7.5,2,8,2.5],"texture":"#1"},"up":{"uv":[8,2.5,7.5,3],"texture":"#1"},"down":{"uv":[7.5,3,8,2.5],"texture":"#1"}}},{"name":"cube inverted","from":[13,8.5,6.25],"to":[10,8.5,2.25],"rotation":{"angle":-22.5,"axis":"x","origin":[8,10,3.5]},"faces":{"north":{"uv":[0.75,0,0,0],"texture":"#1"},"east":{"uv":[0,0,0,1],"rotation":270,"texture":"#1"},"south":{"uv":[0.75,0,0,0],"rotation":180,"texture":"#1"},"west":{"uv":[0,0,0,1],"rotation":90,"texture":"#1"},"up":{"uv":[1.75,6.5,1,7.5],"rotation":180,"texture":"#1"},"down":{"uv":[1,6.5,1.75,7.5],"texture":"#1"}}},{"name":"cube inverted","from":[8,8.5,6.25],"to":[5,8.5,2.25],"rotation":{"angle":-22.5,"axis":"x","origin":[8,10,3.5]},"faces":{"north":{"uv":[0,0,0.75,0],"texture":"#1"},"east":{"uv":[0,0,0,1],"rotation":270,"texture":"#1"},"south":{"uv":[0,0,0.75,0],"rotation":180,"texture":"#1"},"west":{"uv":[0,0,0,1],"rotation":90,"texture":"#1"},"up":{"uv":[1,6.5,1.75,7.5],"rotation":180,"texture":"#1"},"down":{"uv":[1.75,6.5,1,7.5],"texture":"#1"}}},{"name":"cube inverted","from":[8.5,9,11.25],"to":[5.5,8,9.25],"rotation":{"angle":22.5,"axis":"x","origin":[8,10,11]},"faces":{"north":{"uv":[8.25,3.5,7.5,3.75],"rotation":180,"texture":"#1"},"east":{"uv":[2.25,4.5,2,5],"rotation":90,"texture":"#1"},"south":{"uv":[8.25,4,7.5,3.75],"texture":"#1"},"west":{"uv":[2.25,5,2,5.5],"rotation":270,"texture":"#1"},"up":{"uv":[6.75,2.5,7.5,2],"rotation":180,"texture":"#1"},"down":{"uv":[6.75,2.5,7.5,2],"texture":"#1"}}},{"name":"cube inverted","from":[6,8.5,12.25],"to":[3,8.5,8.25],"rotation":{"angle":22.5,"axis":"x","origin":[8,10,11]},"faces":{"north":{"uv":[0.75,0,0,0],"rotation":180,"texture":"#1"},"east":{"uv":[0,0,0,1],"rotation":90,"texture":"#1"},"south":{"uv":[0.75,0,0,0],"texture":"#1"},"west":{"uv":[0,0,0,1],"rotation":270,"texture":"#1"},"up":{"uv":[1,7.5,1.75,6.5],"rotation":180,"texture":"#1"},"down":{"uv":[1.75,7.5,1,6.5],"texture":"#1"}}},{"name":"cube inverted","from":[7.5,10,8.75],"to":[4.5,8,6.75],"rotation":{"angle":-22.5,"axis":"x","origin":[7,9,8.5]},"faces":{"north":{"uv":[6.75,3.5,7.5,3],"texture":"#1"},"east":{"uv":[7.25,7,7.75,6.5],"texture":"#1"},"south":{"uv":[6.75,3,7.5,3.5],"texture":"#1"},"west":{"uv":[7.5,0.5,8,0],"texture":"#1"},"up":{"uv":[7.5,3.5,6.75,3],"texture":"#1"},"down":{"uv":[7.5,3.5,6.75,3],"texture":"#1"}}},{"name":"cube inverted","from":[11,8.5,12.25],"to":[8,8.5,8.25],"rotation":{"angle":22.5,"axis":"x","origin":[8,10,11]},"faces":{"north":{"uv":[0,0,0.75,0],"rotation":180,"texture":"#1"},"east":{"uv":[0,0,0,1],"rotation":90,"texture":"#1"},"south":{"uv":[0,0,0.75,0],"texture":"#1"},"west":{"uv":[0,0,0,1],"rotation":270,"texture":"#1"},"up":{"uv":[1.75,7.5,1,6.5],"rotation":180,"texture":"#1"},"down":{"uv":[1,7.5,1.75,6.5],"texture":"#1"}}},{"name":"cube inverted","from":[10.25,10,12],"to":[8.25,8,10],"rotation":{"angle":45,"axis":"y","origin":[8,10,9.5]},"faces":{"north":{"uv":[7.5,1.5,8,1],"texture":"#1"},"east":{"uv":[7.5,2,8,2.5],"texture":"#1"},"south":{"uv":[8,1.5,7.5,1],"texture":"#1"},"west":{"uv":[7.5,2.5,8,2],"texture":"#1"},"up":{"uv":[7.5,3,8,2.5],"texture":"#1"},"down":{"uv":[8,2.5,7.5,3],"texture":"#1"}}},{"name":"cube inverted","from":[9.5,9.5,8.5],"to":[6.5,7.5,6.5],"rotation":{"angle":22.5,"axis":"z","origin":[8,13,8.5]},"faces":{"north":{"uv":[7,7,7.75,7.5],"texture":"#1"},"east":{"uv":[7.5,1,8,0.5],"texture":"#1"},"south":{"uv":[7,7.5,7.75,7],"texture":"#1"},"west":{"uv":[8,1,7.5,0.5],"texture":"#1"},"up":{"uv":[7.75,7,7,7.5],"texture":"#1"},"down":{"uv":[7.75,7,7,7.5],"texture":"#1"}}},{"name":"cube inverted","from":[13,14,8],"to":[3,6,6],"rotation":{"angle":0,"axis":"y","origin":[-1,0,0]},"faces":{"north":{"uv":[2.25,4,4.75,2],"texture":"#1"},"east":{"uv":[0.5,8.5,1,6.5],"texture":"#1"},"south":{"uv":[2.25,2,4.75,0],"texture":"#1"},"west":{"uv":[0,8.5,0.5,6.5],"texture":"#1"},"up":{"uv":[6.25,4,8.75,4.5],"texture":"#1"},"down":{"uv":[4,6.5,6.5,6],"texture":"#1"}}},{"name":"cube inverted","from":[12.5,9,11.5],"to":[3.5,7,2.5],"rotation":{"angle":0,"axis":"y","origin":[-0.5,0,0]},"faces":{"north":{"uv":[6.25,5,8.5,4.5],"texture":"#1"},"east":{"uv":[6.25,5,8.5,4.5],"texture":"#1"},"south":{"uv":[6.25,5,8.5,4.5],"texture":"#1"},"west":{"uv":[6.25,5,8.5,4.5],"texture":"#1"},"up":{"uv":[0,2.25,2.25,4.5],"texture":"#1"},"down":{"uv":[0,2.25,2.25,0],"texture":"#1"}}}]}