{"display":{"thirdperson_righthand":{"scale":[0.5,0.5,0.5]},"thirdperson_lefthand":{"scale":[0.5,0.5,0.5]},"firstperson_righthand":{"scale":[0.5,0.5,0.5]},"firstperson_lefthand":{"scale":[0.5,0.5,0.5]},"ground":{"scale":[0.5,0.5,0.5]},"gui":{"rotation":[15,136,0],"translation":[0,-0.75,0],"scale":[0.7,0.7,0.7]},"head":{"translation":[0,13.75,0]}},"texture_size":[128,128],"textures":{"0":"manamodels/gary"},"elements":[{"name":"body","from":[6,0,16],"to":[10,1,19],"rotation":{"angle":0,"axis":"y","origin":[8,0,0]},"faces":{"north":{"uv":[7.5,1.125,8,1.25],"texture":"#0"},"east":{"uv":[2.375,7.625,2.75,7.75],"texture":"#0"},"south":{"uv":[1.125,7.625,1.625,7.75],"texture":"#0"},"west":{"uv":[7.625,2.375,8,2.5],"texture":"#0"},"up":{"uv":[7.75,5.5,7.25,5.125],"texture":"#0"},"down":{"uv":[7.75,5.625,7.25,6],"texture":"#0"}}},{"name":"body","from":[6,1,-3],"to":[10,2,17],"rotation":{"angle":0,"axis":"y","origin":[8,0,0]},"faces":{"north":{"uv":[1.75,7.625,2.25,7.75],"texture":"#0"},"east":{"uv":[6,4.375,8.5,4.5],"texture":"#0"},"south":{"uv":[7.625,2.125,8.125,2.25],"texture":"#0"},"west":{"uv":[5.625,6.25,8.125,6.375],"texture":"#0"},"up":{"uv":[1.5,6.75,1,4.25],"texture":"#0"},"down":{"uv":[4.625,5,4.125,7.5],"texture":"#0"}}},{"name":"body","from":[6,0,-4],"to":[10,1,-1],"rotation":{"angle":0,"axis":"y","origin":[8,0,0]},"faces":{"north":{"uv":[3.375,1.625,3.875,1.75],"texture":"#0"},"east":{"uv":[5.125,4.75,5.5,4.875],"texture":"#0"},"south":{"uv":[7.375,7.125,7.875,7.25],"texture":"#0"},"west":{"uv":[5.5,1.375,5.875,1.5],"texture":"#0"},"up":{"uv":[7.5,4.25,7,3.875],"texture":"#0"},"down":{"uv":[7.75,4.625,7.25,5],"texture":"#0"}}},{"name":"body","from":[5,1,0],"to":[11,3,15],"rotation":{"angle":0,"axis":"y","origin":[8,0,0]},"faces":{"north":{"uv":[3.125,7.375,3.875,7.625],"texture":"#0"},"east":{"uv":[6,1.375,7.875,1.625],"texture":"#0"},"south":{"uv":[6,7.375,6.75,7.625],"texture":"#0"},"west":{"uv":[6,1.75,7.875,2],"texture":"#0"},"up":{"uv":[1.875,4.125,1.125,2.25],"texture":"#0"},"down":{"uv":[3,1.875,2.25,3.75],"texture":"#0"}}},{"name":"body","from":[4,0,-1],"to":[12,1,16],"rotation":{"angle":0,"axis":"y","origin":[8,0,0]},"faces":{"north":{"uv":[4.375,1.375,5.375,1.5],"texture":"#0"},"east":{"uv":[6.125,6.5,8.25,6.625],"texture":"#0"},"south":{"uv":[3,6.5,4,6.625],"texture":"#0"},"west":{"uv":[1.625,6.75,3.75,6.875],"texture":"#0"},"up":{"uv":[1,2.125,0,0],"texture":"#0"},"down":{"uv":[2.125,0,1.125,2.125],"texture":"#0"}}},{"name":"shell","from":[5,3.75,4.5],"to":[11,5.75,14.5],"rotation":{"angle":0,"axis":"y","origin":[8,0,0]},"faces":{"north":{"uv":[0,7.5,0.75,7.75],"texture":"#0"},"east":{"uv":[1.625,6.375,2.875,6.625],"texture":"#0"},"south":{"uv":[7.5,0.75,8.25,1],"texture":"#0"},"west":{"uv":[4.75,6.5,6,6.75],"texture":"#0"},"up":{"uv":[3.75,6.375,3,5.125],"texture":"#0"},"down":{"uv":[5.875,3.375,5.125,4.625],"texture":"#0"}}},{"name":"shell","from":[4.5,5.75,3.5],"to":[11.5,8.75,15.5],"rotation":{"angle":0,"axis":"y","origin":[8,0,0]},"faces":{"north":{"uv":[6,3.375,6.875,3.75],"texture":"#0"},"east":{"uv":[5.625,5.25,7.125,5.625],"texture":"#0"},"south":{"uv":[6,3.875,6.875,4.25],"texture":"#0"},"west":{"uv":[5.625,5.75,7.125,6.125],"texture":"#0"},"up":{"uv":[0.875,5.625,0,4.125],"texture":"#0"},"down":{"uv":[5,3.375,4.125,4.875],"texture":"#0"}}},{"name":"shell","from":[4,8.75,2.5],"to":[12,14.75,16.5],"rotation":{"angle":0,"axis":"y","origin":[8,0,0]},"faces":{"north":{"uv":[5.25,0,6.25,0.75],"texture":"#0"},"east":{"uv":[4.125,1.625,5.875,2.375],"texture":"#0"},"south":{"uv":[1.625,5.5,2.625,6.25],"texture":"#0"},"west":{"uv":[4.125,2.5,5.875,3.25],"texture":"#0"},"up":{"uv":[1,4,0,2.25],"texture":"#0"},"down":{"uv":[3.25,0,2.25,1.75],"texture":"#0"}}},{"name":"shell","from":[4.5,14.75,3.5],"to":[11.5,17.75,15.5],"rotation":{"angle":0,"axis":"y","origin":[8,0,0]},"faces":{"north":{"uv":[0,5.75,0.875,6.125],"texture":"#0"},"east":{"uv":[5.25,0.875,6.75,1.25],"texture":"#0"},"south":{"uv":[6,2.875,6.875,3.25],"texture":"#0"},"west":{"uv":[5.625,4.75,7.125,5.125],"texture":"#0"},"up":{"uv":[4,5,3.125,3.5],"texture":"#0"},"down":{"uv":[2.875,3.875,2,5.375],"texture":"#0"}}},{"name":"shell","from":[5,17.75,4.5],"to":[11,19.75,14.5],"rotation":{"angle":0,"axis":"y","origin":[8,0,0]},"faces":{"north":{"uv":[7.375,6.75,8.125,7],"texture":"#0"},"east":{"uv":[6.375,0,7.625,0.25],"texture":"#0"},"south":{"uv":[6.875,7.375,7.625,7.625],"texture":"#0"},"west":{"uv":[6.375,0.375,7.625,0.625],"texture":"#0"},"up":{"uv":[5.125,1.25,4.375,0],"texture":"#0"},"down":{"uv":[5.5,5,4.75,6.25],"texture":"#0"}}},{"name":"shell","from":[4.5,1.75,3.5],"to":[11.5,3.75,15.5],"rotation":{"angle":0,"axis":"y","origin":[8,0,0]},"faces":{"north":{"uv":[3.125,7,4,7.25],"texture":"#0"},"east":{"uv":[6,2.125,7.5,2.375],"texture":"#0"},"south":{"uv":[7,3.5,7.875,3.75],"texture":"#0"},"west":{"uv":[6,2.5,7.5,2.75],"texture":"#0"},"up":{"uv":[4,3.375,3.125,1.875],"texture":"#0"},"down":{"uv":[4.25,0,3.375,1.5],"texture":"#0"}}},{"name":"eye_left","from":[5,2,-1.5],"to":[6,11,-0.5],"rotation":{"angle":0,"axis":"z","origin":[7,2,0]},"faces":{"north":{"uv":[2,2.25,2.125,3.375],"texture":"#0"},"east":{"uv":[1.625,4.25,1.75,5.375],"texture":"#0"},"south":{"uv":[3.875,5.125,4,6.25],"texture":"#0"},"west":{"uv":[0.875,7.5,1,8.625],"texture":"#0"},"up":{"uv":[2.125,3.625,2,3.5],"texture":"#0"},"down":{"uv":[2.875,5.5,2.75,5.625],"texture":"#0"}}},{"name":"eye_left","from":[3.5,11,-3],"to":[7.5,15,1],"rotation":{"angle":0,"axis":"z","origin":[7,2,0]},"faces":{"north":{"uv":[0,6.25,0.5,6.75],"texture":"#0"},"east":{"uv":[6.125,6.75,6.625,7.25],"texture":"#0"},"south":{"uv":[6.75,6.75,7.25,7.25],"texture":"#0"},"west":{"uv":[0,6.875,0.5,7.375],"texture":"#0"},"up":{"uv":[1.125,7.375,0.625,6.875],"texture":"#0"},"down":{"uv":[7.375,0.75,6.875,1.25],"texture":"#0"}}},{"name":"eye_left","from":[5,12.5,-3.025],"to":[6,13.5,-3.025],"rotation":{"angle":0,"axis":"z","origin":[7,2,0]},"faces":{"north":{"uv":[8.875,0.875,9,1],"texture":"#0"},"east":{"uv":[0,0,0,0.125],"texture":"#0"},"south":{"uv":[10.125,1.625,10.25,1.75],"texture":"#0"},"west":{"uv":[0,0,0,0.125],"texture":"#0"},"up":{"uv":[0,0,0.125,0],"texture":"#0"},"down":{"uv":[0,0,0.125,0],"texture":"#0"}}},{"name":"eye_right","from":[10,2,-1.5],"to":[11,11,-0.5],"rotation":{"angle":0,"axis":"z","origin":[8,0,0]},"faces":{"north":{"uv":[2,2.25,2.125,3.375],"texture":"#0"},"east":{"uv":[1.625,4.25,1.75,5.375],"texture":"#0"},"south":{"uv":[3.875,5.125,4,6.25],"texture":"#0"},"west":{"uv":[0.875,7.5,1,8.625],"texture":"#0"},"up":{"uv":[2.125,3.625,2,3.5],"texture":"#0"},"down":{"uv":[2.875,5.5,2.75,5.625],"texture":"#0"}}},{"name":"eye_right","from":[8.5,11,-3],"to":[12.5,15,1],"rotation":{"angle":0,"axis":"z","origin":[8,0,0]},"faces":{"north":{"uv":[0,6.25,0.5,6.75],"texture":"#0"},"east":{"uv":[6.125,6.75,6.625,7.25],"texture":"#0"},"south":{"uv":[6.75,6.75,7.25,7.25],"texture":"#0"},"west":{"uv":[0,6.875,0.5,7.375],"texture":"#0"},"up":{"uv":[1.125,7.375,0.625,6.875],"texture":"#0"},"down":{"uv":[7.375,0.75,6.875,1.25],"texture":"#0"}}},{"name":"eye_right","from":[10,12.5,-3.025],"to":[11,13.5,-3.025],"rotation":{"angle":0,"axis":"z","origin":[8,0,0]},"faces":{"north":{"uv":[8.875,0.875,9,1],"texture":"#0"},"east":{"uv":[0,0,0,0.125],"texture":"#0"},"south":{"uv":[10.125,1.625,10.25,1.75],"texture":"#0"},"west":{"uv":[0,0,0,0.125],"texture":"#0"},"up":{"uv":[0,0,0.125,0],"texture":"#0"},"down":{"uv":[0,0,0.125,0],"texture":"#0"}}}],"gui_light":"front"}