{"credit":"Copyright ManaLabs Inc","texture_size":[32,32],"textures":{"0":"manalabs:gear/misc/butterfly_catcher","particle":"manalabs:gear/misc/butterfly_catcher"},"elements":[{"from":[18.86612,2,4.5],"to":[25.86612,3,6.5],"rotation":{"angle":-45,"axis":"z","origin":[7.11612,19.5,7]},"faces":{"north":{"uv":[8.5,6,12,6.5],"texture":"#0"},"east":{"uv":[1,9,2,9.5],"texture":"#0"},"south":{"uv":[8.5,6.5,12,7],"texture":"#0"},"west":{"uv":[2,9,3,9.5],"texture":"#0"},"up":{"uv":[10,4,6.5,3],"texture":"#0"},"down":{"uv":[10,4,6.5,5],"texture":"#0"}}},{"from":[18.86612,3,4.5],"to":[19.86612,9,6.5],"rotation":{"angle":-45,"axis":"z","origin":[7.11612,19.5,7]},"faces":{"north":{"uv":[5.5,6,6,9],"texture":"#0"},"east":{"uv":[4.5,6,5.5,9],"texture":"#0"},"south":{"uv":[0,9,0.5,12],"texture":"#0"},"west":{"uv":[6.5,4,9.5,5],"rotation":90,"texture":"#0"},"up":{"uv":[5,10,4.5,9],"texture":"#0"},"down":{"uv":[5.5,9,5,10],"texture":"#0"}}},{"from":[24.86612,3,4.5],"to":[25.86612,9,6.5],"rotation":{"angle":-45,"axis":"z","origin":[7.11612,19.5,7]},"faces":{"north":{"uv":[9,0,9.5,3],"texture":"#0"},"east":{"uv":[9.5,5,6.5,4],"rotation":90,"texture":"#0"},"south":{"uv":[0.5,9,1,12],"texture":"#0"},"west":{"uv":[6.5,8,7.5,11],"texture":"#0"},"up":{"uv":[6,10,5.5,9],"texture":"#0"},"down":{"uv":[8,9,7.5,10],"texture":"#0"}}},{"from":[19.11612,2.5,6.5],"to":[25.11612,8.5,12.5],"rotation":{"angle":-45,"axis":"z","origin":[7.11612,19.5,7]},"faces":{"north":{"uv":[0,0,3,3],"texture":"#0"},"east":{"uv":[6,3,9,0],"rotation":90,"texture":"#0"},"south":{"uv":[3,0,6,3],"texture":"#0"},"west":{"uv":[6,0,9,3],"rotation":90,"texture":"#0"},"up":{"uv":[9,3,6,0],"texture":"#0"},"down":{"uv":[9,0,6,3],"texture":"#0"}}},{"from":[20,7.75,4.5],"to":[25,8.75,6.5],"rotation":{"angle":-45,"axis":"z","origin":[7.5,19.5,7]},"faces":{"north":{"uv":[8.5,7,11,7.5],"texture":"#0"},"east":{"uv":[8,9,9,9.5],"texture":"#0"},"south":{"uv":[8.5,7.5,11,8],"texture":"#0"},"west":{"uv":[9,9,10,9.5],"texture":"#0"},"up":{"uv":[6.75,5,9.25,4],"texture":"#0"},"down":{"uv":[11,5,8.5,6],"texture":"#0"}}},{"name":"cube inverted","from":[25.11612,8.5,12.5],"to":[19.11612,2.5,6.5],"rotation":{"angle":-45,"axis":"z","origin":[7.11612,19.5,7]},"faces":{"north":{"uv":[3,3,6,0],"texture":"#0"},"east":{"uv":[9,0,6,3],"rotation":90,"texture":"#0"},"south":{"uv":[0,3,3,0],"texture":"#0"},"west":{"uv":[9,3,6,0],"rotation":90,"texture":"#0"},"up":{"uv":[6,0,9,3],"texture":"#0"},"down":{"uv":[6,3,9,0],"texture":"#0"}}}],"display":{"thirdperson_righthand":{"rotation":[45,35,-10],"translation":[0.25,0,2.75]},"thirdperson_lefthand":{"rotation":[45,35,-10],"translation":[0.25,0,2.75]},"firstperson_righthand":{"rotation":[-18,13,0],"translation":[2.25,-2.25,0],"scale":[0.6,0.6,0.6]},"firstperson_lefthand":{"rotation":[-18,13,0],"translation":[2.25,-2.25,0],"scale":[0.6,0.6,0.6]},"ground":{"rotation":[37,25,0],"scale":[0.4,0.4,0.4]},"gui":{"rotation":[-37,132,54],"translation":[-2.5,-3,0],"scale":[0.6,0.6,0.6]},"head":{"translation":[0,-23,0],"scale":[2.5,2.5,2.5]},"fixed":{"rotation":[90,60.25,-90],"translation":[-1.75,-4.25,0]}},"groups":[{"name":"root","origin":[8,8,8],"color":0,"children":[0,1,2,3,4,5]}]}