{"credit":"Copyright ManaLabs Inc","texture_size":[256,256],"textures":{"layer0":"modelengine:custom/fungo","particle":"minecraft:block/dirt"},"elements":[{"name":"bone_0","from":[7.02024,9.65,7.40202],"to":[8.22024,19.85,9.20202],"rotation":{"angle":0,"axis":"z","origin":[8,-7.99545,8]},"faces":{"north":{"uv":[1.5625,6.1875,1.6875,7.25],"texture":"#layer0","tintindex":0},"east":{"uv":[1.375,6.1875,1.5625,7.25],"texture":"#layer0","tintindex":0},"south":{"uv":[1.875,6.1875,2,7.25],"texture":"#layer0","tintindex":0},"west":{"uv":[1.6875,6.1875,1.875,7.25],"texture":"#layer0","tintindex":0},"up":{"uv":[1.6875,6.1875,1.5625,6],"texture":"#layer0","tintindex":0},"down":{"uv":[1.6875,6,1.8125,6.1875],"texture":"#layer0","tintindex":0}}},{"name":"bone_1","from":[6.72024,9.65,7.10202],"to":[8.52024,19.85,9.50202],"rotation":{"angle":0,"axis":"z","origin":[8,-7.99545,8]},"faces":{"north":{"uv":[0.625,7.3125,0.8125,8.375],"texture":"#layer0","tintindex":0},"east":{"uv":[0.875,7.3125,1.125,8.375],"texture":"#layer0","tintindex":0},"south":{"uv":[1.4375,7.3125,1.625,8.375],"texture":"#layer0","tintindex":0},"west":{"uv":[1.1875,7.3125,1.4375,8.375],"texture":"#layer0","tintindex":0},"up":{"uv":[1.125,7.3125,0.9375,7.0625],"texture":"#layer0","tintindex":0},"down":{"uv":[0.75,7.0625,0.9375,7.3125],"texture":"#layer0","tintindex":0}}},{"name":"bone_2","from":[6.72024,18.35,4.70202],"to":[8.52024,20.15,8.90202],"rotation":{"angle":22.5,"axis":"x","origin":[7.92024,19.25,8.30202]},"faces":{"north":{"uv":[0.4375,2.3125,0.625,2.5],"texture":"#layer0","tintindex":0},"east":{"uv":[0,2.3125,0.4375,2.5],"texture":"#layer0","tintindex":0},"south":{"uv":[1.0625,2.3125,1.25,2.5],"texture":"#layer0","tintindex":0},"west":{"uv":[0.625,2.3125,1.0625,2.5],"texture":"#layer0","tintindex":0},"up":{"uv":[0.625,2.3125,0.4375,1.875],"texture":"#layer0","tintindex":0},"down":{"uv":[0.625,1.875,0.8125,2.3125],"texture":"#layer0","tintindex":0}}},{"name":"bone_3","from":[6.66024,21.14,5.09202],"to":[8.58024,23.66,11.81202],"rotation":{"angle":-22.5,"axis":"x","origin":[7.92024,19.25,8.30202]},"faces":{"north":{"uv":[5.125,3.75,5.3125,4],"texture":"#layer0","tintindex":0},"east":{"uv":[4.4375,3.75,5.125,4],"texture":"#layer0","tintindex":0},"south":{"uv":[6,3.75,6.1875,4],"texture":"#layer0","tintindex":0},"west":{"uv":[5.3125,3.75,6,4],"texture":"#layer0","tintindex":0},"up":{"uv":[5.3125,3.75,5.125,3.0625],"texture":"#layer0","tintindex":0},"down":{"uv":[5.3125,3.0625,5.5,3.75],"texture":"#layer0","tintindex":0}}},{"name":"bone_4","from":[6.60024,22.88,3.38202],"to":[8.64024,24.92,7.82202],"rotation":{"angle":22.5,"axis":"x","origin":[7.92024,19.25,8.30202]},"faces":{"north":{"uv":[0.4375,1.375,0.625,1.5625],"texture":"#layer0","tintindex":0},"east":{"uv":[0,1.375,0.4375,1.5625],"texture":"#layer0","tintindex":0},"south":{"uv":[1.0625,1.375,1.25,1.5625],"texture":"#layer0","tintindex":0},"west":{"uv":[0.625,1.375,1.0625,1.5625],"texture":"#layer0","tintindex":0},"up":{"uv":[0.625,1.375,0.4375,0.9375],"texture":"#layer0","tintindex":0},"down":{"uv":[0.625,0.9375,0.8125,1.375],"texture":"#layer0","tintindex":0}}},{"name":"bone_5","from":[7.92024,16.4,-4.89798],"to":[7.92024,32,14.30202],"rotation":{"angle":22.5,"axis":"x","origin":[7.92024,19.25,8.30202]},"faces":{"north":{"uv":[8.9375,3.3125,8.9375,4.9375],"texture":"#layer0","tintindex":0},"east":{"uv":[8.5,3.3125,10.5,4.9375],"texture":"#layer0","tintindex":0},"south":{"uv":[9.5625,3.3125,9.5625,4.9375],"texture":"#layer0","tintindex":0},"west":{"uv":[10.5,3.3125,12.5,4.9375],"texture":"#layer0","tintindex":0},"up":{"uv":[8.9375,4.875,8.9375,2.875],"texture":"#layer0","tintindex":0},"down":{"uv":[9.125,2.875,9.125,4.875],"texture":"#layer0","tintindex":0}}},{"name":"bone_6","from":[7.02024,-8.35,7.70202],"to":[8.22024,9.65,8.90202],"rotation":{"angle":0,"axis":"z","origin":[8,-7.99545,8]},"faces":{"north":{"uv":[3.875,5.9375,4,7.8125],"texture":"#layer0","tintindex":0},"east":{"uv":[4,5.9375,3.875,7.8125],"texture":"#layer0","tintindex":0},"south":{"uv":[4.125,5.9375,4,7.8125],"texture":"#layer0","tintindex":0},"west":{"uv":[4,5.9375,4.125,7.8125],"texture":"#layer0","tintindex":0},"up":{"uv":[4,5.9375,3.875,5.8125],"texture":"#layer0","tintindex":0},"down":{"uv":[4,5.8125,4.125,5.9375],"texture":"#layer0","tintindex":0}}},{"name":"bone_7","from":[6.72024,-8.35,7.40202],"to":[8.52024,9.65,9.20202],"rotation":{"angle":0,"axis":"z","origin":[8,-7.99545,8]},"faces":{"north":{"uv":[4.5,8.0625,4.6875,9.9375],"texture":"#layer0","tintindex":0},"east":{"uv":[4.6875,8.0625,4.5,9.9375],"texture":"#layer0","tintindex":0},"south":{"uv":[4.3125,8.0625,4.5,9.9375],"texture":"#layer0","tintindex":0},"west":{"uv":[4.125,8.0625,4.3125,9.9375],"texture":"#layer0","tintindex":0},"up":{"uv":[4.3125,8.0625,4.125,7.875],"texture":"#layer0","tintindex":0},"down":{"uv":[4.3125,7.875,4.5,8.0625],"texture":"#layer0","tintindex":0}}},{"name":"bone_5 inverted","from":[7.92024,32,14.30202],"to":[7.92024,16.4,-4.89798],"rotation":{"angle":22.5,"axis":"x","origin":[7.92024,19.25,8.30202]},"faces":{"north":{"uv":[9.5625,4.9375,9.5625,3.3125],"texture":"#layer0","tintindex":0},"east":{"uv":[10.5,4.9375,12.5,3.3125],"texture":"#layer0","tintindex":0},"south":{"uv":[8.9375,4.9375,8.9375,3.3125],"texture":"#layer0","tintindex":0},"west":{"uv":[8.5,4.9375,10.5,3.3125],"texture":"#layer0","tintindex":0},"up":{"uv":[9.125,2.875,9.125,4.875],"texture":"#layer0","tintindex":0},"down":{"uv":[8.9375,4.875,8.9375,2.875],"texture":"#layer0","tintindex":0}}}],"display":{"firstperson_righthand":{"rotation":[-15,1,0],"translation":[4,0,0],"scale":[0.8,0.8,0.8]},"firstperson_lefthand":{"rotation":[-15,0,0],"translation":[4,0,0],"scale":[0.8,0.8,0.8]},"ground":{"rotation":[52,0,0],"translation":[0,7.5,0],"scale":[0.8,0.8,0.8]},"gui":{"rotation":[-135,-27,-134],"translation":[-0.5,-0.5,0],"scale":[0.55,0.55,0.55]},"head":{"translation":[0,54.53466,0],"scale":[3.8095,3.8095,3.8095]},"fixed":{"rotation":[-126,-113,-125]}},"file_name":"root"}