{"credit":"Made with Blockbench","texture_size":[32,32],"textures":{"0":"manalabs:gear/misc/pink_heart","1":"manalabs:gear/misc/heart_letters","particle":"manalabs:gear/misc/pink_heart"},"elements":[{"from":[0.87868,2.77817,4],"to":[10.87868,8.77817,12],"rotation":{"angle":45,"axis":"z","origin":[5.87868,0.77817,8]},"faces":{"north":{"uv":[9,9,14,12],"texture":"#0"},"east":{"uv":[16,12,13,16],"rotation":90,"texture":"#0"},"south":{"uv":[14,9,9,12],"texture":"#0"},"west":{"uv":[9,5,5,8],"texture":"#0"},"up":{"uv":[9,9,14,5],"texture":"#0"}}},{"from":[-1,-8,4],"to":[9,8,12],"rotation":{"angle":-45,"axis":"z","origin":[8,-7,8]},"faces":{"north":{"uv":[0,0,5,8],"texture":"#0"},"east":{"uv":[5,5,9,13],"texture":"#0"},"south":{"uv":[5,0,0,8],"texture":"#0"},"west":{"uv":[8,12,16,16],"rotation":270,"texture":"#0"},"up":{"uv":[14,9,9,5],"texture":"#0"},"down":{"uv":[5,13,9,8],"rotation":90,"texture":"#0"}}},{"from":[4.03811,-2.9584,3.975],"to":[13.03811,1.0416,3.975],"rotation":{"angle":-22.5,"axis":"z","origin":[11.66311,2.1666,3.85]},"faces":{"north":{"uv":[4.5,2,9,4],"texture":"#1"},"east":{"uv":[0,0,0,5],"texture":"#1"},"west":{"uv":[0,0,0,5],"texture":"#1"},"up":{"uv":[8,0,0,0],"texture":"#1"},"down":{"uv":[8,0,0,0],"texture":"#1"}}},{"from":[3.78811,-2.7084,3.725],"to":[12.78811,1.2916,3.725],"rotation":{"angle":-22.5,"axis":"z","origin":[11.66311,2.1666,3.85]},"faces":{"north":{"uv":[4.5,0,9,2],"texture":"#1"},"east":{"uv":[0,0,0,5],"texture":"#1"},"west":{"uv":[0,0,0,5],"texture":"#1"},"up":{"uv":[8,0,0,0],"texture":"#1"},"down":{"uv":[8,0,0,0],"texture":"#1"}}}],"gui_light":"front","display":{"thirdperson_righthand":{"rotation":[61,8,0],"translation":[0.25,1.75,0.75],"scale":[0.3,0.3,0.3]},"thirdperson_lefthand":{"rotation":[61,8,0],"translation":[0.25,1.75,0.75],"scale":[0.3,0.3,0.3]},"firstperson_righthand":{"rotation":[0,135,0],"translation":[0.75,5.5,0],"scale":[0.35,0.35,0.35]},"firstperson_lefthand":{"rotation":[0,135,0],"translation":[0.75,5.5,0],"scale":[0.35,0.35,0.35]},"ground":{"rotation":[45,0,0],"translation":[0,4.5,0],"scale":[0.35,0.35,0.35]},"gui":{"rotation":[15,-150,0],"translation":[0,4.5,0],"scale":[0.65,0.65,0.65]},"head":{"translation":[0,20.5,0]},"fixed":{"translation":[0,5,-2],"scale":[0.75,0.75,0.75]}},"mcmodels":"d08dc27b5a634fef7171193dcd0e186a"}