{"file_name":"body","texture_size":[128,128],"textures":{"layer0":"manamodels/scorpion"},"elements":[{"name":"body_0","from":[5.594,6.093998,2.5939999],"to":[10.406,10.305998,17.006],"rotation":{"angle":0.0,"axis":"z","origin":[8.0,8.0,8.0]},"faces":{"east":{"uv":[1.0,0.0,4.0,0.875],"texture":"#layer0","tintindex":0},"south":{"uv":[0.0,3.875,1.0,4.75],"texture":"#layer0","tintindex":0},"north":{"uv":[0.0,3.0,1.0,3.875],"texture":"#layer0","tintindex":0},"west":{"uv":[2.0,2.0,5.0,2.875],"texture":"#layer0","tintindex":0},"up":{"uv":[1.0,3.0,0.0,0.0],"texture":"#layer0","tintindex":0},"down":{"uv":[1.0,1.0,2.0,4.0],"texture":"#layer0","tintindex":0}}},{"name":"body_1","from":[10.4,6.099998,3.7999997],"to":[11.6,9.699999,15.8],"rotation":{"angle":0.0,"axis":"z","origin":[8.0,8.0,8.0]},"faces":{"east":{"uv":[2.0,0.875,4.5,1.625],"texture":"#layer0","tintindex":0},"south":{"uv":[7.375,1.625,7.625,2.375],"texture":"#layer0","tintindex":0},"north":{"uv":[0.75,7.25,1.0,8.0],"texture":"#layer0","tintindex":0},"west":{"uv":[2.0,2.875,4.5,3.625],"texture":"#layer0","tintindex":0},"up":{"uv":[0.25,7.25,0.0,4.75],"texture":"#layer0","tintindex":0},"down":{"uv":[0.25,4.75,0.5,7.25],"texture":"#layer0","tintindex":0}}},{"name":"body_2","from":[4.3999996,6.099998,3.7999997],"to":[5.6,9.699999,15.8],"rotation":{"angle":0.0,"axis":"z","origin":[8.0,8.0,8.0]},"faces":{"east":{"uv":[2.0,3.625,4.5,4.375],"texture":"#layer0","tintindex":0},"south":{"uv":[1.0,7.5,1.25,8.25],"texture":"#layer0","tintindex":0},"north":{"uv":[7.375,4.625,7.625,5.375],"texture":"#layer0","tintindex":0},"west":{"uv":[4.0,0.0,6.5,0.75],"texture":"#layer0","tintindex":0},"up":{"uv":[0.75,7.25,0.5,4.75],"texture":"#layer0","tintindex":0},"down":{"uv":[0.75,4.75,1.0,7.25],"texture":"#layer0","tintindex":0}}}],"display":{"head":{"translation":[0.0,-6.4,0.0],"rotation":[0.0,0.0,0.0],"scale":[3.8095,3.8095,3.8095]},"gui":{"translation":[0.0,0.0,0.0],"rotation":[35.0,225.0,0.0],"scale":[0.625,0.625,0.625]}}}