{"file_name":"face","texture_size":[128,128],"textures":{"layer0":"manamodels/scorpion"},"elements":[{"name":"face_0","from":[5.6,6.5,6.5000005],"to":[10.4,9.5,9.5],"rotation":{"angle":-45.0,"axis":"x","origin":[8.0060005,7.7,8.9]},"faces":{"east":{"uv":[6.75,2.0,7.375,2.625],"texture":"#layer0","tintindex":0},"south":{"uv":[4.5,3.5,5.5,4.125],"texture":"#layer0","tintindex":0},"north":{"uv":[4.5,2.875,5.5,3.5],"texture":"#layer0","tintindex":0},"west":{"uv":[1.0,6.875,1.625,7.5],"texture":"#layer0","tintindex":0},"up":{"uv":[5.875,5.5,4.875,4.875],"texture":"#layer0","tintindex":0},"down":{"uv":[4.875,4.125,5.875,4.75],"texture":"#layer0","tintindex":0}}}],"display":{"head":{"translation":[0.0,-6.4,0.0],"rotation":[0.0,0.0,0.0],"scale":[3.8095,3.8095,3.8095]},"gui":{"translation":[0.0,0.0,0.0],"rotation":[35.0,225.0,0.0],"scale":[0.625,0.625,0.625]}}}