{"file_name":"leg2_3_left","texture_size":[128,128],"textures":{"layer0":"manamodels/scorpion"},"elements":[{"name":"leg2_3_left_0","from":[5.6,8.0,7.7],"to":[8.0,8.6,8.3],"rotation":{"angle":0.0,"axis":"z","origin":[8.0,8.0,8.0]},"faces":{"east":{"uv":[2.0,4.25,1.875,4.375],"texture":"#layer0","tintindex":0},"south":{"uv":[2.0,0.875,1.5,1.0],"texture":"#layer0","tintindex":0},"north":{"uv":[1.5,0.875,1.0,1.0],"texture":"#layer0","tintindex":0},"west":{"uv":[1.875,4.25,1.75,4.375],"texture":"#layer0","tintindex":0},"up":{"uv":[4.0,0.875,4.5,0.75],"texture":"#layer0","tintindex":0},"down":{"uv":[5.375,4.75,4.875,4.875],"texture":"#layer0","tintindex":0}}}],"display":{"head":{"translation":[0.0,-6.4,0.0],"rotation":[0.0,0.0,0.0],"scale":[3.8095,3.8095,3.8095]},"gui":{"translation":[0.0,0.0,0.0],"rotation":[35.0,225.0,0.0],"scale":[0.625,0.625,0.625]}}}