{"file_name":"pincer1_right","texture_size":[128,128],"textures":{"layer0":"manamodels/scorpion"},"elements":[{"name":"pincer1_right_0","from":[8.0,7.4,7.4],"to":[11.6,8.6,8.6],"rotation":{"angle":0.0,"axis":"z","origin":[8.0,8.0,8.0]},"faces":{"east":{"uv":[4.75,1.625,5.0,1.875],"texture":"#layer0","tintindex":0},"south":{"uv":[1.25,7.5,2.0,7.75],"texture":"#layer0","tintindex":0},"north":{"uv":[7.375,2.375,8.125,2.625],"texture":"#layer0","tintindex":0},"west":{"uv":[5.375,1.375,5.625,1.625],"texture":"#layer0","tintindex":0},"up":{"uv":[6.5,7.75,5.75,7.5],"texture":"#layer0","tintindex":0},"down":{"uv":[7.5,2.625,8.25,2.875],"texture":"#layer0","tintindex":0}}}],"display":{"head":{"translation":[0.0,-6.4,0.0],"rotation":[0.0,0.0,0.0],"scale":[3.8095,3.8095,3.8095]},"gui":{"translation":[0.0,0.0,0.0],"rotation":[35.0,225.0,0.0],"scale":[0.625,0.625,0.625]}}}