{"file_name":"upperarm_left","texture_size":[128,128],"textures":{"layer0":"manamodels/scorpion"},"elements":[{"name":"upperarm_left_0","from":[4.406,8.0060005,6.2060003],"to":[7.994,9.794001,7.994],"rotation":{"angle":0.0,"axis":"z","origin":[8.0,8.0,8.0]},"faces":{"east":{"uv":[2.75,7.625,2.375,8.0],"texture":"#layer0","tintindex":0},"south":{"uv":[7.75,0.625,7.0,1.0],"texture":"#layer0","tintindex":0},"north":{"uv":[7.75,7.0,7.0,7.375],"texture":"#layer0","tintindex":0},"west":{"uv":[2.375,7.625,2.0,8.0],"texture":"#layer0","tintindex":0},"up":{"uv":[7.0,1.375,7.75,1.0],"texture":"#layer0","tintindex":0},"down":{"uv":[7.875,0.0,7.125,0.375],"texture":"#layer0","tintindex":0}}}],"display":{"head":{"translation":[0.0,-6.4,0.0],"rotation":[0.0,0.0,0.0],"scale":[3.8095,3.8095,3.8095]},"gui":{"translation":[0.0,0.0,0.0],"rotation":[35.0,225.0,0.0],"scale":[0.625,0.625,0.625]}}}