{"display":{"thirdperson_righthand":{"translation":[0,12,1.5],"scale":[0.8,0.8,0.8]},"thirdperson_lefthand":{"translation":[0,12,1.5],"scale":[0.8,0.8,0.8]},"firstperson_righthand":{"rotation":[0,15,0],"translation":[1.5,3.75,1.25],"scale":[0.4,0.4,0.4]},"firstperson_lefthand":{"rotation":[0,15,0],"translation":[1.5,3.75,1.25],"scale":[0.4,0.4,0.4]},"ground":{"rotation":[53,14,0],"translation":[0,3,0],"scale":[0.25,0.25,0.25]},"gui":{"rotation":[87.31,41.94,-88.23],"translation":[1.25,1.25,0],"scale":[0.47,0.47,0.47]},"fixed":{"rotation":[0,90,0],"translation":[0,2,-1.5],"scale":[0.6,0.6,0.6]}},"texture_size":[32,32],"textures":{"1":"gear/sword/adamant_sword","particle":"gear/sword/adamant_sword"},"elements":[{"from":[6.5,-16,5.5],"to":[9.5,-10,8.5],"rotation":{"angle":-22.5,"axis":"x","origin":[8.5,-11.5,9]},"faces":{"north":{"uv":[7.5,10,9,13],"texture":"#1"},"east":{"uv":[0,11,1.5,14],"texture":"#1"},"south":{"uv":[11,0,12.5,3],"texture":"#1"},"west":{"uv":[1.5,11,3,14],"texture":"#1"},"up":{"uv":[13.5,13.5,12,12],"texture":"#1"},"down":{"uv":[14,0,12.5,1.5],"texture":"#1"}}},{"from":[7,-14,6.5],"to":[9,-3,9.5],"rotation":{"angle":0,"axis":"y","origin":[8,-11.5,9]},"faces":{"north":{"uv":[10,0,11,5.5],"texture":"#1"},"east":{"uv":[6,0,7.5,5.5],"texture":"#1"},"south":{"uv":[10,5.5,11,11],"texture":"#1"},"west":{"uv":[6,5.5,7.5,11],"texture":"#1"},"up":{"uv":[13.5,7,12.5,5.5],"texture":"#1"},"down":{"uv":[4,13,3,14.5],"texture":"#1"}}},{"from":[6.5,-3,6],"to":[9.5,-1,10],"rotation":{"angle":0,"axis":"y","origin":[8.5,-11.5,9]},"faces":{"north":{"uv":[4,13,5.5,14],"texture":"#1"},"east":{"uv":[12.5,1.5,14.5,2.5],"texture":"#1"},"south":{"uv":[7,13,8.5,14],"texture":"#1"},"west":{"uv":[12.5,2.5,14.5,3.5],"texture":"#1"},"up":{"uv":[4.5,13,3,11],"texture":"#1"},"down":{"uv":[12.5,3,11,5],"texture":"#1"}}},{"from":[6.5,-5,6],"to":[9.5,-4,10],"rotation":{"angle":0,"axis":"y","origin":[8.5,-11.5,9]},"faces":{"north":{"uv":[13,8,14.5,8.5],"texture":"#1"},"east":{"uv":[13,7,15,7.5],"texture":"#1"},"south":{"uv":[13,8.5,14.5,9],"texture":"#1"},"west":{"uv":[13,7.5,15,8],"texture":"#1"},"up":{"uv":[6,13,4.5,11],"texture":"#1"},"down":{"uv":[12.5,5,11,7],"texture":"#1"}}},{"from":[7.01,-2.99,6.92421],"to":[8.99,1.99,11.90421],"rotation":{"angle":45,"axis":"x","origin":[8,1.5,9.41421]},"faces":{"north":{"uv":[9,10,10,12.5],"texture":"#1"},"east":{"uv":[7.5,0,10,2.5],"texture":"#1"},"south":{"uv":[6,11,7,13.5],"texture":"#1"},"west":{"uv":[7.5,2.5,10,5],"texture":"#1"},"up":{"uv":[12,9.5,11,7],"texture":"#1"},"down":{"uv":[12,9.5,11,12],"texture":"#1"}}},{"from":[7.01,27.01,-14.28899],"to":[8.99,31.99,-9.30899],"rotation":{"angle":45,"axis":"x","origin":[8,1.5,-11.79899]},"faces":{"north":{"uv":[10,11,11,13.5],"texture":"#1"},"east":{"uv":[7.5,5,10,7.5],"texture":"#1"},"south":{"uv":[12,7,13,9.5],"texture":"#1"},"west":{"uv":[7.5,7.5,10,10],"texture":"#1"},"up":{"uv":[13,12,12,9.5],"texture":"#1"},"down":{"uv":[12,12,11,14.5],"texture":"#1"}}},{"from":[7,-1,6],"to":[9,21,10],"rotation":{"angle":0,"axis":"x","origin":[8,1.5,9.5]},"faces":{"north":{"uv":[4,0,5,11],"texture":"#1"},"east":{"uv":[0,0,2,11],"texture":"#1"},"south":{"uv":[5,0,6,11],"texture":"#1"},"west":{"uv":[2,0,4,11],"texture":"#1"},"up":{"uv":[13.5,5.5,12.5,3.5],"texture":"#1"},"down":{"uv":[10,12.5,9,14.5],"texture":"#1"}}}]}