{"display":{"thirdperson_righthand":{"rotation":[0,90,0],"translation":[0,3.75,2],"scale":[0.8,0.8,0.8]},"thirdperson_lefthand":{"rotation":[0,90,0],"translation":[0,3.75,2],"scale":[0.8,0.8,0.8]},"firstperson_righthand":{"rotation":[0,-90,0],"translation":[0,1.75,0],"scale":[0.5,0.5,0.5]},"firstperson_lefthand":{"rotation":[0,90,0],"translation":[0,1.75,0],"scale":[0.5,0.5,0.5]},"ground":{"rotation":[-52,0,0],"scale":[0.4,0.4,0.4]},"gui":{"rotation":[0,33,-49],"translation":[0.5,0,0],"scale":[0.5,0.5,0.5]},"head":{"rotation":[-28,16,-98],"translation":[0,0.5,-1.75]},"fixed":{"rotation":[0,0,49],"translation":[0,0,-0.75],"scale":[0.55,0.55,0.55]}},"texture_size":[64,64],"textures":{"0":"gear/sword/harpoon","particle":"gear/sword/harpoon"},"elements":[{"from":[6.9,5,6.85],"to":[9.15,14,9.1],"faces":{"north":{"uv":[4.25,0,4.75,2.25],"texture":"#0"},"east":{"uv":[4.25,2.5,4.75,4.75],"texture":"#0"},"south":{"uv":[3,4.5,3.5,6.75],"texture":"#0"},"west":{"uv":[5,0,5.5,2.25],"texture":"#0"},"up":{"uv":[6.25,5,5.75,4.5],"texture":"#0"},"down":{"uv":[6.25,5.25,5.75,5.75],"texture":"#0"}}},{"from":[6.9,18,6.85],"to":[9.15,23,9.1],"faces":{"north":{"uv":[5,2.5,5.5,3.75],"texture":"#0"},"east":{"uv":[3.75,5,4.25,6.25],"texture":"#0"},"south":{"uv":[5,4,5.5,5.25],"texture":"#0"},"west":{"uv":[4.5,5.5,5,6.75],"texture":"#0"},"up":{"uv":[6.75,1.25,6.25,0.75],"texture":"#0"},"down":{"uv":[6.75,1.5,6.25,2],"texture":"#0"}}},{"from":[7,-14,7],"to":[9,20,9],"faces":{"north":{"uv":[0,0,0.5,8.5],"texture":"#0"},"east":{"uv":[0.75,0,1.25,8.5],"texture":"#0"},"south":{"uv":[1.5,0,2,8.5],"texture":"#0"},"west":{"uv":[2.25,0,2.75,8.5],"texture":"#0"},"up":{"uv":[6.25,6.5,5.75,6],"texture":"#0"},"down":{"uv":[6.75,0,6.25,0.5],"texture":"#0"}}},{"from":[7,23,7.5],"to":[9,25,8.5],"faces":{"north":{"uv":[6.25,3.75,6.75,4.25],"texture":"#0"},"east":{"uv":[6.25,6.75,6.5,7.25],"texture":"#0"},"south":{"uv":[3.75,6.5,4.25,7],"texture":"#0"},"west":{"uv":[6.75,6.75,7,7.25],"texture":"#0"},"up":{"uv":[7.5,0.25,7,0],"texture":"#0"},"down":{"uv":[7.5,0.5,7,0.75],"texture":"#0"}}},{"from":[7.5,25,7.5],"to":[8.5,30,8.5],"faces":{"north":{"uv":[5.25,5.5,5.5,6.75],"texture":"#0"},"east":{"uv":[5.75,0,6,1.25],"texture":"#0"},"south":{"uv":[5.75,1.5,6,2.75],"texture":"#0"},"west":{"uv":[5.75,3,6,4.25],"texture":"#0"},"up":{"uv":[4,4.75,3.75,4.5],"texture":"#0"},"down":{"uv":[4.75,5,4.5,5.25],"texture":"#0"}}},{"from":[6,24,8],"to":[10,32,8],"faces":{"north":{"uv":[3,0,4,2],"texture":"#0"},"east":{"uv":[7,1,7,3],"texture":"#0"},"south":{"uv":[3,2.25,4,4.25],"texture":"#0"},"west":{"uv":[3,7,3,9],"texture":"#0"},"up":{"uv":[8,3.25,7,3.25],"texture":"#0"},"down":{"uv":[8,3.5,7,3.5],"texture":"#0"}}},{"from":[7,-16,7],"to":[8,-14,9],"faces":{"north":{"uv":[6.5,4.5,6.75,5],"texture":"#0"},"east":{"uv":[6.25,2.25,6.75,2.75],"texture":"#0"},"south":{"uv":[6.5,5.25,6.75,5.75],"texture":"#0"},"west":{"uv":[6.25,3,6.75,3.5],"texture":"#0"},"up":{"uv":[6.75,6.5,6.5,6],"texture":"#0"},"down":{"uv":[6,6.75,5.75,7.25],"texture":"#0"}}}],"gui_light":"front"}