{"display":{"thirdperson_righthand":{"rotation":[0,90,0],"translation":[0,5,1]},"thirdperson_lefthand":{"rotation":[0,-90,0],"translation":[0,5,1]},"firstperson_righthand":{"rotation":[0,103.5,0],"translation":[2.25,0.75,0],"scale":[0.8,0.8,0.8]},"firstperson_lefthand":{"rotation":[0,-82.25,0],"translation":[2.25,0.75,0],"scale":[0.8,0.8,0.8]},"ground":{"translation":[0,13.25,0]},"gui":{"rotation":[0,0,-45],"translation":[-1.25,-1.5,0],"scale":[0.7,0.7,0.7]},"fixed":{"rotation":[0,-180,-45],"translation":[0,0,-1.75]}},"texture_size":[32,32],"textures":{"0":"gear/sword/scorpionsword","particle":"gear/sword/scorpionsword"},"elements":[{"from":[6.22417,4.90432,7.35],"to":[8.22417,6.65432,8.65],"rotation":{"angle":22.5,"axis":"z","origin":[8,6.75,8]},"faces":{"north":{"uv":[10.5,9.5,11.5,10.5],"texture":"#0"},"east":{"uv":[11.5,9.5,12,10.5],"texture":"#0"},"south":{"uv":[11,5.5,12,6.5],"texture":"#0"},"west":{"uv":[14,5.5,14.5,6.5],"texture":"#0"},"up":{"uv":[15,7,14,6.5],"texture":"#0"},"down":{"uv":[15,7,14,7.5],"texture":"#0"}}},{"from":[7.01046,-4.50208,7.1],"to":[9.01046,-2.75208,8.9],"rotation":{"angle":22.5,"axis":"z","origin":[8,-2.75,8]},"faces":{"north":{"uv":[12,10.5,13,11.5],"texture":"#0"},"east":{"uv":[8.5,12.5,9.5,13.5],"texture":"#0"},"south":{"uv":[12.5,12.5,13.5,13.5],"texture":"#0"},"west":{"uv":[12.5,0,13.5,1],"texture":"#0"},"up":{"uv":[13.5,5.5,12.5,4.5],"texture":"#0"},"down":{"uv":[13.5,5.5,12.5,6.5],"texture":"#0"}}},{"from":[7.77583,4.90432,7.35],"to":[9.77583,6.65432,8.65],"rotation":{"angle":-22.5,"axis":"z","origin":[8,6.75,8]},"faces":{"north":{"uv":[12.5,6.5,13.5,7.5],"texture":"#0"},"east":{"uv":[14,7.5,14.5,8.5],"texture":"#0"},"south":{"uv":[12.5,7.5,13.5,8.5],"texture":"#0"},"west":{"uv":[14,8.5,14.5,9.5],"texture":"#0"},"up":{"uv":[15,10,14,9.5],"texture":"#0"},"down":{"uv":[15,10,14,10.5],"texture":"#0"}}},{"from":[6.98954,-4.50208,7.1],"to":[8.98954,-2.75208,8.9],"rotation":{"angle":-22.5,"axis":"z","origin":[8,-2.75,8]},"faces":{"north":{"uv":[12.5,8.5,13.5,9.5],"texture":"#0"},"east":{"uv":[12.5,9.5,13.5,10.5],"texture":"#0"},"south":{"uv":[12.5,11.5,13.5,12.5],"texture":"#0"},"west":{"uv":[9.5,13,10.5,14],"texture":"#0"},"up":{"uv":[14,2,13,1],"texture":"#0"},"down":{"uv":[14,2,13,3],"texture":"#0"}}},{"from":[7,4.25,7.25],"to":[9,6.75,8.75],"rotation":{"angle":0,"axis":"z","origin":[8,6.75,8]},"faces":{"north":{"uv":[0,12,1,13.5],"texture":"#0"},"east":{"uv":[1,12,2,13.5],"texture":"#0"},"south":{"uv":[2,12,3,13.5],"texture":"#0"},"west":{"uv":[3,12,4,13.5],"texture":"#0"},"up":{"uv":[14,4,13,3],"texture":"#0"},"down":{"uv":[14,10.5,13,11.5],"texture":"#0"}}},{"from":[7,-4.75,7],"to":[9,-2.25,9],"rotation":{"angle":0,"axis":"z","origin":[8,-2.75,8]},"faces":{"north":{"uv":[10.5,12,11.5,13.5],"texture":"#0"},"east":{"uv":[11.5,12,12.5,13.5],"texture":"#0"},"south":{"uv":[12,1.5,13,3],"texture":"#0"},"west":{"uv":[12,3,13,4.5],"texture":"#0"},"up":{"uv":[1,14.5,0,13.5],"texture":"#0"},"down":{"uv":[2,13.5,1,14.5],"texture":"#0"}}},{"from":[6,-10.25,8],"to":[10,-2.75,8],"rotation":{"angle":0,"axis":"z","origin":[8,-5.25,8]},"faces":{"north":{"uv":[4,0,6,4],"texture":"#0"},"east":{"uv":[0,0,0,4],"texture":"#0"},"south":{"uv":[6,0,4,4],"texture":"#0"},"west":{"uv":[0,0,0,4],"texture":"#0"},"up":{"uv":[2,0,0,0],"texture":"#0"},"down":{"uv":[2,0,0,0],"texture":"#0"}}},{"from":[6.625,5.75,7.75],"to":[9.375,12,8.25],"rotation":{"angle":0,"axis":"z","origin":[8.125,9.25,8]},"faces":{"north":{"uv":[8,8,9.5,11],"texture":"#0"},"east":{"uv":[9.5,0,10,3],"texture":"#0"},"south":{"uv":[8,0,9.5,3],"texture":"#0"},"west":{"uv":[12,4.5,12.5,7.5],"texture":"#0"},"up":{"uv":[14.5,4.5,13,4],"texture":"#0"},"down":{"uv":[14,13.5,12.5,14],"texture":"#0"}}},{"from":[3.625,7.75,8],"to":[11.375,32,8],"rotation":{"angle":0,"axis":"z","origin":[7.125,13.25,8]},"faces":{"north":{"uv":[4,0,0,12],"texture":"#0"},"east":{"uv":[0,0,0,12],"texture":"#0"},"south":{"uv":[0,0,4,12],"texture":"#0"},"west":{"uv":[0,0,0,12],"texture":"#0"},"up":{"uv":[4,0,0,0],"texture":"#0"},"down":{"uv":[4,0,0,0],"texture":"#0"}}},{"from":[8.675,6.45,7.925],"to":[9.425,9.7,8.075],"rotation":{"angle":-45,"axis":"z","origin":[6.975,7.2,8.05]},"faces":{"north":{"uv":[13.5,11.5,14,13],"texture":"#0"},"east":{"uv":[9.5,14,10,15.5],"texture":"#0"},"south":{"uv":[10,14,10.5,15.5],"texture":"#0"},"west":{"uv":[12.5,14,13,15.5],"texture":"#0"},"up":{"uv":[2,15,1.5,14.5],"texture":"#0"},"down":{"uv":[11,14.5,10.5,15],"texture":"#0"}}},{"from":[6.575,6.45,7.925],"to":[7.325,9.7,8.075],"rotation":{"angle":45,"axis":"z","origin":[9.025,7.2,8.05]},"faces":{"north":{"uv":[14,11.5,13.5,13],"texture":"#0"},"east":{"uv":[13,14,12.5,15.5],"texture":"#0"},"south":{"uv":[10.5,14,10,15.5],"texture":"#0"},"west":{"uv":[10,14,9.5,15.5],"texture":"#0"},"up":{"uv":[1.5,15,2,14.5],"texture":"#0"},"down":{"uv":[10.5,14.5,11,15],"texture":"#0"}}},{"from":[7.925,6.2,7.9],"to":[9.425,9.95,8.1],"rotation":{"angle":-22.5,"axis":"z","origin":[6.975,6.95,8.05]},"faces":{"north":{"uv":[11,1.5,12,3.5],"texture":"#0"},"east":{"uv":[8.5,13.5,9,15.5],"texture":"#0"},"south":{"uv":[11,3.5,12,5.5],"texture":"#0"},"west":{"uv":[9,13.5,9.5,15.5],"texture":"#0"},"up":{"uv":[15,11,14,10.5],"texture":"#0"},"down":{"uv":[15,11,14,11.5],"texture":"#0"}}},{"from":[6.575,6.2,7.9],"to":[8.075,9.95,8.1],"rotation":{"angle":22.5,"axis":"z","origin":[9.025,6.95,8.05]},"faces":{"north":{"uv":[12,1.5,11,3.5],"texture":"#0"},"east":{"uv":[9.5,13.5,9,15.5],"texture":"#0"},"south":{"uv":[12,3.5,11,5.5],"texture":"#0"},"west":{"uv":[9,13.5,8.5,15.5],"texture":"#0"},"up":{"uv":[14,11,15,10.5],"texture":"#0"},"down":{"uv":[14,11,15,11.5],"texture":"#0"}}},{"from":[6.75,-2.5,6.75],"to":[9.25,-2,9.25],"rotation":{"angle":0,"axis":"z","origin":[8,-0.5,8]},"faces":{"north":{"uv":[13.5,0,15,0.5],"texture":"#0"},"east":{"uv":[13.5,0.5,15,1],"texture":"#0"},"south":{"uv":[13.5,13,15,13.5],"texture":"#0"},"west":{"uv":[13,14,14.5,14.5],"texture":"#0"},"up":{"uv":[9.5,8,8,6.5],"texture":"#0"},"down":{"uv":[12,10.5,10.5,12],"texture":"#0"}}},{"from":[6.75,3.75,6.75],"to":[9.25,4.25,9.25],"rotation":{"angle":0,"axis":"z","origin":[8,5.75,8]},"faces":{"north":{"uv":[14,1,15.5,1.5],"texture":"#0"},"east":{"uv":[14,1.5,15.5,2],"texture":"#0"},"south":{"uv":[14,2,15.5,2.5],"texture":"#0"},"west":{"uv":[14,2.5,15.5,3],"texture":"#0"},"up":{"uv":[12,8,10.5,6.5],"texture":"#0"},"down":{"uv":[12,8,10.5,9.5],"texture":"#0"}}},{"from":[6.75,0.75,6.75],"to":[9.25,1.25,9.25],"rotation":{"angle":0,"axis":"z","origin":[8,2.75,8]},"faces":{"north":{"uv":[14,3,15.5,3.5],"texture":"#0"},"east":{"uv":[14,3.5,15.5,4],"texture":"#0"},"south":{"uv":[14,4.5,15.5,5],"texture":"#0"},"west":{"uv":[14,5,15.5,5.5],"texture":"#0"},"up":{"uv":[9.5,12.5,8,11],"texture":"#0"},"down":{"uv":[12.5,0,11,1.5],"texture":"#0"}}},{"from":[7.75,-2.5,7],"to":[8.25,3.75,9],"rotation":{"angle":0,"axis":"z","origin":[8,3.25,8]},"faces":{"north":{"uv":[12,7.5,12.5,10.5],"texture":"#0"},"east":{"uv":[9.5,6.5,10.5,9.5],"texture":"#0"},"south":{"uv":[8,12.5,8.5,15.5],"texture":"#0"},"west":{"uv":[10,3.5,11,6.5],"texture":"#0"},"up":{"uv":[14.5,12.5,14,11.5],"texture":"#0"},"down":{"uv":[0.5,14.5,0,15.5],"texture":"#0"}}},{"from":[6.9,4.25,7.75],"to":[7.4,5.5,8.25],"rotation":{"angle":45,"axis":"z","origin":[8.9,4.5,8]},"faces":{"north":{"uv":[12,14.5,12.5,15],"texture":"#0"},"east":{"uv":[13,14.5,13.5,15],"texture":"#0"},"south":{"uv":[13.5,14.5,14,15],"texture":"#0"},"west":{"uv":[14,14.5,14.5,15],"texture":"#0"},"up":{"uv":[15,15,14.5,14.5],"texture":"#0"},"down":{"uv":[15,4,14.5,4.5],"texture":"#0"}}},{"from":[6.9,1.25,7.75],"to":[7.4,2.5,8.25],"rotation":{"angle":45,"axis":"z","origin":[8.9,1.5,8]},"faces":{"north":{"uv":[14.5,5.5,15,6],"texture":"#0"},"east":{"uv":[14.5,6,15,6.5],"texture":"#0"},"south":{"uv":[14.5,7.5,15,8],"texture":"#0"},"west":{"uv":[14.5,8,15,8.5],"texture":"#0"},"up":{"uv":[15,9,14.5,8.5],"texture":"#0"},"down":{"uv":[15,9,14.5,9.5],"texture":"#0"}}},{"from":[7.80607,1.69185,7.75],"to":[9.05607,2.19185,8.25],"rotation":{"angle":-45,"axis":"z","origin":[7.95,1.5,8]},"faces":{"north":{"uv":[14.5,11.5,15,12],"texture":"#0"},"east":{"uv":[14.5,12,15,12.5],"texture":"#0"},"south":{"uv":[14.5,14,15,14.5],"texture":"#0"},"west":{"uv":[1.5,15,2,15.5],"texture":"#0"},"up":{"uv":[11,15.5,10.5,15],"texture":"#0"},"down":{"uv":[11.5,15,11,15.5],"texture":"#0"}}},{"from":[7.80607,-1.50815,7.75],"to":[9.05607,-1.00815,8.25],"rotation":{"angle":-45,"axis":"z","origin":[7.95,-1.7,8]},"faces":{"north":{"uv":[11.5,15,12,15.5],"texture":"#0"},"east":{"uv":[12,15,12.5,15.5],"texture":"#0"},"south":{"uv":[13,15,13.5,15.5],"texture":"#0"},"west":{"uv":[13.5,15,14,15.5],"texture":"#0"},"up":{"uv":[14.5,15.5,14,15],"texture":"#0"},"down":{"uv":[15,15,14.5,15.5],"texture":"#0"}}},{"from":[6.9,-2.05,7.75],"to":[7.4,-0.8,8.25],"rotation":{"angle":45,"axis":"z","origin":[8.9,-1.8,8]},"faces":{"north":{"uv":[15,15,15.5,15.5],"texture":"#0"},"east":{"uv":[15,0,15.5,0.5],"texture":"#0"},"south":{"uv":[15,0.5,15.5,1],"texture":"#0"},"west":{"uv":[15,4,15.5,4.5],"texture":"#0"},"up":{"uv":[15.5,6,15,5.5],"texture":"#0"},"down":{"uv":[15.5,6,15,6.5],"texture":"#0"}}},{"from":[8.6,4.25,7.75],"to":[9.1,5.5,8.25],"rotation":{"angle":-45,"axis":"z","origin":[7.1,4.5,8]},"faces":{"north":{"uv":[15,6.5,15.5,7],"texture":"#0"},"east":{"uv":[15,7,15.5,7.5],"texture":"#0"},"south":{"uv":[15,7.5,15.5,8],"texture":"#0"},"west":{"uv":[15,8,15.5,8.5],"texture":"#0"},"up":{"uv":[15.5,9,15,8.5],"texture":"#0"},"down":{"uv":[15.5,9,15,9.5],"texture":"#0"}}},{"from":[8.6,1.25,7.75],"to":[9.1,2.5,8.25],"rotation":{"angle":-45,"axis":"z","origin":[7.1,1.5,8]},"faces":{"north":{"uv":[15,9.5,15.5,10],"texture":"#0"},"east":{"uv":[15,10,15.5,10.5],"texture":"#0"},"south":{"uv":[15,10.5,15.5,11],"texture":"#0"},"west":{"uv":[15,11,15.5,11.5],"texture":"#0"},"up":{"uv":[15.5,12,15,11.5],"texture":"#0"},"down":{"uv":[15.5,12,15,12.5],"texture":"#0"}}},{"from":[7.32886,0.46464,7.75],"to":[7.82886,1.71464,8.25],"rotation":{"angle":-45,"axis":"z","origin":[7.95,1.5,8]},"faces":{"north":{"uv":[15,12.5,15.5,13],"texture":"#0"},"east":{"uv":[15,13,15.5,13.5],"texture":"#0"},"south":{"uv":[15,13.5,15.5,14],"texture":"#0"},"west":{"uv":[15,14,15.5,14.5],"texture":"#0"},"up":{"uv":[15.5,15,15,14.5],"texture":"#0"},"down":{"uv":[0.5,15.5,0,16],"texture":"#0"}}},{"from":[7.32886,-2.73536,7.75],"to":[7.82886,-1.48536,8.25],"rotation":{"angle":-45,"axis":"z","origin":[7.95,-1.7,8]},"faces":{"north":{"uv":[0.5,15.5,1,16],"texture":"#0"},"east":{"uv":[1,15.5,1.5,16],"texture":"#0"},"south":{"uv":[1.5,15.5,2,16],"texture":"#0"},"west":{"uv":[2,15.5,2.5,16],"texture":"#0"},"up":{"uv":[3,16,2.5,15.5],"texture":"#0"},"down":{"uv":[3.5,15.5,3,16],"texture":"#0"}}},{"from":[8.6,-2.05,7.75],"to":[9.1,-0.8,8.25],"rotation":{"angle":-45,"axis":"z","origin":[7.1,-1.8,8]},"faces":{"north":{"uv":[3.5,15.5,4,16],"texture":"#0"},"east":{"uv":[8,15.5,8.5,16],"texture":"#0"},"south":{"uv":[8.5,15.5,9,16],"texture":"#0"},"west":{"uv":[9,15.5,9.5,16],"texture":"#0"},"up":{"uv":[10,16,9.5,15.5],"texture":"#0"},"down":{"uv":[10.5,15.5,10,16],"texture":"#0"}}},{"from":[7.25,-2.5,7.25],"to":[8.75,4,8.75],"rotation":{"angle":0,"axis":"z","origin":[8,-0.25,8]},"faces":{"north":{"uv":[8,3,9,6.5],"texture":"#0"},"east":{"uv":[9,3,10,6.5],"texture":"#0"},"south":{"uv":[9.5,9.5,10.5,13],"texture":"#0"},"west":{"uv":[10,0,11,3.5],"texture":"#0"},"up":{"uv":[11.5,14.5,10.5,13.5],"texture":"#0"},"down":{"uv":[12.5,13.5,11.5,14.5],"texture":"#0"}}},{"from":[7.5,6.25,7.5],"to":[8.5,7.25,8.5],"rotation":{"angle":45,"axis":"z","origin":[8,6.75,8]},"faces":{"north":{"uv":[10.5,15.5,11,16],"texture":"#0"},"east":{"uv":[11,15.5,11.5,16],"texture":"#0"},"south":{"uv":[11.5,15.5,12,16],"texture":"#0"},"west":{"uv":[12,15.5,12.5,16],"texture":"#0"},"up":{"uv":[13,16,12.5,15.5],"texture":"#0"},"down":{"uv":[13.5,15.5,13,16],"texture":"#0"}}},{"from":[6.08579,-4.66421,7.25],"to":[7.08579,-3.66421,8.75],"rotation":{"angle":45,"axis":"z","origin":[8,-2.75,8]},"faces":{"north":{"uv":[13.5,15.5,14,16],"texture":"#0"},"east":{"uv":[14,12.5,15,13],"texture":"#0"},"south":{"uv":[14,15.5,14.5,16],"texture":"#0"},"west":{"uv":[14,13.5,15,14],"texture":"#0"},"up":{"uv":[1,15.5,0.5,14.5],"texture":"#0"},"down":{"uv":[1.5,14.5,1,15.5],"texture":"#0"}}}]}