{"display":{"thirdperson_righthand":{"rotation":[18,-90,0],"translation":[0,-2.25,1.75]},"firstperson_righthand":{"rotation":[-16,-77,-37],"translation":[4.5,-4.25,-6.5]},"ground":{"rotation":[0,0,-48],"scale":[0.5,0.5,0.5]},"gui":{"rotation":[0,0,-41],"translation":[-1.5,-5.25,0],"scale":[0.6,0.6,0.6]}},"textures":{"0":"gear/sword/scythe","particle":"gear/sword/scythe"},"elements":[{"from":[7,0,7],"to":[9,25,9],"faces":{"north":{"uv":[0.5,4.5,1,10.75],"texture":"#0"},"east":{"uv":[0,4.5,0.5,10.75],"texture":"#0"},"south":{"uv":[1.5,4.5,2,10.75],"texture":"#0"},"west":{"uv":[1,4.5,1.5,10.75],"texture":"#0"},"up":{"uv":[1,4.5,0.5,4],"texture":"#0"},"down":{"uv":[1.5,4,1,4.5],"texture":"#0"}}},{"from":[3.63604,26.19239,7],"to":[7.63604,26.89239,9],"rotation":{"angle":-45,"axis":"z","origin":[7,26,15],"rescale":true},"faces":{"north":{"uv":[7,5.25,8,5.5],"texture":"#0"},"east":{"uv":[6.5,5.25,7,5.5],"texture":"#0"},"south":{"uv":[8.5,5.25,9.5,5.5],"texture":"#0"},"west":{"uv":[8,5.25,8.5,5.5],"texture":"#0"},"up":{"uv":[8,5.25,7,4.75],"texture":"#0"},"down":{"uv":[9,4.75,8,5.25],"texture":"#0"}}},{"from":[-2.36396,29.19239,7],"to":[4.63604,30.19239,9],"faces":{"north":{"uv":[6,4.5,7.75,4.75],"texture":"#0"},"east":{"uv":[5.5,4.5,6,4.75],"texture":"#0"},"south":{"uv":[8.25,4.5,10,4.75],"texture":"#0"},"west":{"uv":[7.75,4.5,8.25,4.75],"texture":"#0"},"up":{"uv":[7.75,4.5,6,4],"texture":"#0"},"down":{"uv":[9.5,4,7.75,4.5],"texture":"#0"}}},{"from":[-6.36396,17.19239,8],"to":[6.88604,30.69239,8],"faces":{"north":{"uv":[8.25,8.625,14.875,15.375],"texture":"#0"},"east":{"uv":[0,0.25,0.25,4],"texture":"#0"},"south":{"uv":[14.875,8.625,8.25,15.375],"texture":"#0"},"west":{"uv":[4.25,0.25,4.5,4],"texture":"#0"},"up":{"uv":[4.25,0.25,0.25,0],"texture":"#0"},"down":{"uv":[8.25,0,4.25,0.25],"texture":"#0"}}},{"from":[-3.19239,24.63604,7],"to":[-2.19239,30.13604,9],"rotation":{"angle":-45,"axis":"z","origin":[-3,29,8]},"faces":{"north":{"uv":[2.5,7.5,2.75,8.75],"texture":"#0"},"east":{"uv":[2,7.5,2.5,8.75],"texture":"#0"},"south":{"uv":[3.25,7.5,3.5,8.75],"texture":"#0"},"west":{"uv":[2.75,7.5,3.25,8.75],"texture":"#0"},"up":{"uv":[2.75,7.5,2.5,7],"texture":"#0"},"down":{"uv":[3,7,2.75,7.5],"texture":"#0"}}},{"from":[-6.19239,21.63604,7],"to":[-5.19239,25.63604,9],"faces":{"north":{"uv":[4,7.5,4.25,8.5],"texture":"#0"},"east":{"uv":[3.5,7.5,4,8.5],"texture":"#0"},"south":{"uv":[4.75,7.5,5,8.5],"texture":"#0"},"west":{"uv":[4.25,7.5,4.75,8.5],"texture":"#0"},"up":{"uv":[4.25,7.5,4,7],"texture":"#0"},"down":{"uv":[4.5,7,4.25,7.5],"texture":"#0"}}},{"from":[-5.19239,18.63604,7],"to":[-4.19239,21.63604,9],"rotation":{"angle":22.5,"axis":"z","origin":[-5,19,8]},"faces":{"north":{"uv":[5.5,7.75,5.75,8.5],"texture":"#0"},"east":{"uv":[5,7.75,5.5,8.5],"texture":"#0"},"south":{"uv":[6.25,7.75,6.5,8.5],"texture":"#0"},"west":{"uv":[5.75,7.75,6.25,8.5],"texture":"#0"},"up":{"uv":[5.75,7.75,5.5,7.25],"texture":"#0"},"down":{"uv":[6,7.25,5.75,7.75],"texture":"#0"}}},{"from":[6,25,6.25],"to":[9,28,9.75],"faces":{"north":{"uv":[6.25,6.5,7,7.25],"texture":"#0"},"east":{"uv":[5.5,6.5,6.25,7.25],"texture":"#0"},"south":{"uv":[7.75,6.5,8.5,7.25],"texture":"#0"},"west":{"uv":[7,6.5,7.75,7.25],"texture":"#0"},"up":{"uv":[7,6.5,6.25,5.75],"texture":"#0"},"down":{"uv":[7.75,5.75,7,6.5],"texture":"#0"}}},{"from":[4,28,6],"to":[9,31,10],"rotation":{"angle":-22.5,"axis":"z","origin":[5.9616,29.00168,8.03672]},"faces":{"north":{"uv":[3,5,4.25,5.75],"texture":"#0"},"east":{"uv":[2,5,3,5.75],"texture":"#0"},"south":{"uv":[5.25,5,6.5,5.75],"texture":"#0"},"west":{"uv":[4.25,5,5.25,5.75],"texture":"#0"},"up":{"uv":[4.25,5,3,4],"texture":"#0"},"down":{"uv":[5.5,4,4.25,5],"texture":"#0"}}},{"from":[2,29,6.2],"to":[6,31,9.7],"faces":{"north":{"uv":[2.75,6.5,3.75,7],"texture":"#0"},"east":{"uv":[2,6.5,2.75,7],"texture":"#0"},"south":{"uv":[4.5,6.5,5.5,7],"texture":"#0"},"west":{"uv":[3.75,6.5,4.5,7],"texture":"#0"},"up":{"uv":[3.75,6.5,2.75,5.75],"texture":"#0"},"down":{"uv":[4.75,5.75,3.75,6.5],"texture":"#0"}}}]}