{"display":{"thirdperson_righthand":{"rotation":[-36,-180,0],"translation":[0,0.25,-0.25],"scale":[0.7,0.7,0.7]},"thirdperson_lefthand":{"rotation":[-156,0,0],"translation":[0,-5,-0.25],"scale":[0.7,0.7,0.7]},"firstperson_righthand":{"rotation":[110,0,-180]},"firstperson_lefthand":{"rotation":[154,0,0],"translation":[0,-9.25,0]},"ground":{"scale":[0.3,0.3,0.3]},"gui":{"rotation":[16,73,0],"translation":[5.25,2,0],"scale":[0.9,0.9,0.9]},"head":{"translation":[0,0,-3.5]},"fixed":{"rotation":[0,-90,0],"translation":[-4.75,2.25,-0.5]}},"texture_size":[32,32],"textures":{"0":"gear/sword/tiger_tooth_dagger","particle":"gear/sword/tiger_tooth_dagger"},"elements":[{"from":[7.525,0,7],"to":[8.475,3,9],"faces":{"north":{"uv":[5,7,5.5,8.5],"texture":"#0"},"east":{"uv":[6.5,0,7.5,1.5],"texture":"#0"},"south":{"uv":[6,7,6.5,8.5],"texture":"#0"},"west":{"uv":[6.5,2,7.5,3.5],"texture":"#0"},"up":{"uv":[7.5,10,7,9],"texture":"#0"},"down":{"uv":[9.5,7,9,8],"texture":"#0"}}},{"from":[7.5,-2.75,6],"to":[8.5,0.25,7],"rotation":{"angle":22.5,"axis":"x","origin":[8,-1.5,8]},"faces":{"north":{"uv":[1,7.5,1.5,9],"texture":"#0"},"east":{"uv":[2,7.5,2.5,9],"texture":"#0"},"south":{"uv":[3,7.5,3.5,9],"texture":"#0"},"west":{"uv":[8,0,8.5,1.5],"texture":"#0"},"up":{"uv":[10.5,10.5,10,10],"texture":"#0"},"down":{"uv":[2.5,10.5,2,11],"texture":"#0"}}},{"from":[7.5,-2.75,8],"to":[8.5,0.25,9],"rotation":{"angle":22.5,"axis":"x","origin":[8,-1.5,8]},"faces":{"north":{"uv":[8,2,8.5,3.5],"texture":"#0"},"east":{"uv":[8,7,8.5,8.5],"texture":"#0"},"south":{"uv":[8.5,4,9,5.5],"texture":"#0"},"west":{"uv":[9,0,9.5,1.5],"texture":"#0"},"up":{"uv":[11,3.5,10.5,3],"texture":"#0"},"down":{"uv":[11,4,10.5,4.5],"texture":"#0"}}},{"from":[7.5,-2.75,7],"to":[8.5,-1.75,8],"rotation":{"angle":22.5,"axis":"x","origin":[8,-1.5,8]},"faces":{"north":{"uv":[10.5,5,11,5.5],"texture":"#0"},"east":{"uv":[10.5,6,11,6.5],"texture":"#0"},"south":{"uv":[7,10.5,7.5,11],"texture":"#0"},"west":{"uv":[8,10.5,8.5,11],"texture":"#0"},"up":{"uv":[0.5,11.5,0,11],"texture":"#0"},"down":{"uv":[11.5,0,11,0.5],"texture":"#0"}}},{"from":[7.5,-0.75,7],"to":[8.5,0.25,8],"rotation":{"angle":22.5,"axis":"x","origin":[8,-1.5,8]},"faces":{"north":{"uv":[1,11,1.5,11.5],"texture":"#0"},"east":{"uv":[11,1,11.5,1.5],"texture":"#0"},"south":{"uv":[11,2,11.5,2.5],"texture":"#0"},"west":{"uv":[3,11,3.5,11.5],"texture":"#0"},"up":{"uv":[4.5,11.5,4,11],"texture":"#0"},"down":{"uv":[5.5,11,5,11.5],"texture":"#0"}}},{"from":[7.575,2.50314,6.5021],"to":[8.425,6.50314,8.5021],"rotation":{"angle":-22.5,"axis":"x","origin":[8,4.00314,7.5021]},"faces":{"north":{"uv":[3,5,3.5,7],"texture":"#0"},"east":{"uv":[0,5,1,7],"texture":"#0"},"south":{"uv":[4,7,4.5,9],"texture":"#0"},"west":{"uv":[1.5,5,2.5,7],"texture":"#0"},"up":{"uv":[0.5,10.5,0,9.5],"texture":"#0"},"down":{"uv":[1.5,9.5,1,10.5],"texture":"#0"}}},{"from":[7.6,5.54907,4.7015],"to":[8.4,6.54907,6.7015],"rotation":{"angle":-45,"axis":"x","origin":[8,7.04907,5.7015]},"faces":{"north":{"uv":[6,11,6.5,11.5],"texture":"#0"},"east":{"uv":[9,3,10,3.5],"texture":"#0"},"south":{"uv":[11,7,11.5,7.5],"texture":"#0"},"west":{"uv":[2,9.5,3,10],"texture":"#0"},"up":{"uv":[4,10.5,3.5,9.5],"texture":"#0"},"down":{"uv":[10,4,9.5,5],"texture":"#0"}}},{"from":[7.5,6.54907,4.2015],"to":[8.5,7.54907,7.2015],"rotation":{"angle":-45,"axis":"x","origin":[8,7.04907,5.7015]},"faces":{"north":{"uv":[11,8,11.5,8.5],"texture":"#0"},"east":{"uv":[8.5,6,10,6.5],"texture":"#0"},"south":{"uv":[11,9,11.5,9.5],"texture":"#0"},"west":{"uv":[9,2,10.5,2.5],"texture":"#0"},"up":{"uv":[5.5,10.5,5,9],"texture":"#0"},"down":{"uv":[6.5,9,6,10.5],"texture":"#0"}}},{"from":[8,7.54907,3.2015],"to":[8,13.54907,7.2015],"rotation":{"angle":-45,"axis":"x","origin":[8,7.04907,5.7015]},"faces":{"north":{"uv":[11,11,11,14],"texture":"#0"},"east":{"uv":[4,0,6,3],"texture":"#0"},"south":{"uv":[2,11.5,2,14.5],"texture":"#0"},"west":{"uv":[4,3.5,6,6.5],"texture":"#0"},"up":{"uv":[2.5,13.5,2.5,11.5],"texture":"#0"},"down":{"uv":[11.5,3,11.5,5],"texture":"#0"}}},{"from":[8.05,8.62876,-5.44612],"to":[8.05,12.62876,1.55388],"rotation":{"angle":22.5,"axis":"x","origin":[8,11.12876,2.05388]},"faces":{"north":{"uv":[7,11.5,7,13.5],"texture":"#0"},"east":{"uv":[0,0,3.5,2],"texture":"#0"},"south":{"uv":[7.5,11.5,7.5,13.5],"texture":"#0"},"west":{"uv":[0,2.5,3.5,4.5],"texture":"#0"},"up":{"uv":[8,15,8,11.5],"texture":"#0"},"down":{"uv":[8.5,11.5,8.5,15],"texture":"#0"}}},{"from":[7.525,6.80687,4.6813],"to":[8.475,8.80687,5.6813],"rotation":{"angle":22.5,"axis":"x","origin":[8,6.80687,5.1813]},"faces":{"north":{"uv":[10,0,10.5,1],"texture":"#0"},"east":{"uv":[10,7,10.5,8],"texture":"#0"},"south":{"uv":[10,8.5,10.5,9.5],"texture":"#0"},"west":{"uv":[9,10,9.5,11],"texture":"#0"},"up":{"uv":[10.5,11.5,10,11],"texture":"#0"},"down":{"uv":[11.5,10,11,10.5],"texture":"#0"}}},{"from":[7.55,2,6],"to":[8.45,4,9],"rotation":{"angle":-45,"axis":"x","origin":[8,3,7.5]},"faces":{"north":{"uv":[8,9,8.5,10],"texture":"#0"},"east":{"uv":[6.5,4,8,5],"texture":"#0"},"south":{"uv":[9,8.5,9.5,9.5],"texture":"#0"},"west":{"uv":[6.5,5.5,8,6.5],"texture":"#0"},"up":{"uv":[7.5,8.5,7,7],"texture":"#0"},"down":{"uv":[0.5,7.5,0,9],"texture":"#0"}}}],"gui_light":"front"}