{"file_name":"bone9","texture_size":[128,128],"textures":{"layer0":"manamodels/manawolf"},"elements":[{"name":"bone9_0","from":[6.8,3.1999998,8.0],"to":[9.2,8.0,11.6],"rotation":{"angle":0.0,"axis":"z","origin":[8.0,8.0,8.0]},"faces":{"east":{"uv":[7.875,1.125,8.625,2.125],"texture":"#layer0","tintindex":0},"south":{"uv":[2.125,9.375,2.625,10.375],"texture":"#layer0","tintindex":0},"north":{"uv":[1.5,9.375,2.0,10.375],"texture":"#layer0","tintindex":0},"west":{"uv":[7.875,2.25,8.625,3.25],"texture":"#layer0","tintindex":0},"up":{"uv":[4.625,11.125,4.125,10.375],"texture":"#layer0","tintindex":0},"down":{"uv":[6.625,10.375,7.125,11.125],"texture":"#layer0","tintindex":0}}}],"display":{"head":{"translation":[0.0,-6.4,0.0],"rotation":[0.0,0.0,0.0],"scale":[3.8095,3.8095,3.8095]},"gui":{"translation":[0.0,0.0,0.0],"rotation":[35.0,225.0,0.0],"scale":[0.625,0.625,0.625]}}}