{"file_name":"bone8","texture_size":[128,128],"textures":{"layer0":"manamodels/manawolf"},"elements":[{"name":"bone8_0","from":[6.8,6.6499996,7.9668016],"to":[9.2,9.65,9.166801],"rotation":{"angle":0.0,"axis":"z","origin":[8.0,8.0,8.0]},"faces":{"east":{"uv":[1.625,12.125,1.375,12.75],"texture":"#layer0","tintindex":0},"south":{"uv":[12.0,0.75,11.5,1.375],"texture":"#layer0","tintindex":0},"north":{"uv":[12.0,0.0,11.5,0.625],"texture":"#layer0","tintindex":0},"west":{"uv":[1.25,12.125,1.0,12.75],"texture":"#layer0","tintindex":0},"up":{"uv":[12.375,9.5,12.875,9.25],"texture":"#layer0","tintindex":0},"down":{"uv":[10.5,12.375,10.0,12.625],"texture":"#layer0","tintindex":0}}}],"display":{"head":{"translation":[0.0,-6.4,0.0],"rotation":[0.0,0.0,0.0],"scale":[3.8095,3.8095,3.8095]},"gui":{"translation":[0.0,0.0,0.0],"rotation":[35.0,225.0,0.0],"scale":[0.625,0.625,0.625]}}}