{"file_name":"front_leg_bottom2","texture_size":[128,128],"textures":{"layer0":"manamodels/manawolf"},"elements":[{"name":"front_leg_bottom2_0","from":[7.1,3.7104795,7.0878077],"to":[8.9,7.9104795,8.887808],"rotation":{"angle":0.0,"axis":"z","origin":[8.0,8.0,8.0]},"faces":{"east":{"uv":[5.75,10.875,6.125,11.75],"texture":"#layer0","tintindex":0},"south":{"uv":[0.0,11.0,0.375,11.875],"texture":"#layer0","tintindex":0},"north":{"uv":[10.125,10.75,10.5,11.625],"texture":"#layer0","tintindex":0},"west":{"uv":[11.0,0.0,11.375,0.875],"texture":"#layer0","tintindex":0},"up":{"uv":[12.625,8.125,12.25,7.75],"texture":"#layer0","tintindex":0},"down":{"uv":[12.25,9.75,12.625,10.125],"texture":"#layer0","tintindex":0}}},{"name":"front_leg_bottom2_1","from":[8.0,3.7104795,7.0878077],"to":[8.0,8.51048,11.287808],"rotation":{"angle":0.0,"axis":"z","origin":[8.0,8.0,8.0]},"faces":{"east":{"uv":[5.875,3.25,6.75,4.25],"texture":"#layer0","tintindex":0},"south":{"uv":[1.0,12.875,1.0,13.875],"texture":"#layer0","tintindex":0},"north":{"uv":[12.875,0.0,12.875,1.0],"texture":"#layer0","tintindex":0},"west":{"uv":[2.5,6.125,3.375,7.125],"texture":"#layer0","tintindex":0},"up":{"uv":[1.125,13.75,1.125,12.875],"texture":"#layer0","tintindex":0},"down":{"uv":[1.25,12.875,1.25,13.75],"texture":"#layer0","tintindex":0}}}],"display":{"head":{"translation":[0.0,-6.4,0.0],"rotation":[0.0,0.0,0.0],"scale":[3.8095,3.8095,3.8095]},"gui":{"translation":[0.0,0.0,0.0],"rotation":[35.0,225.0,0.0],"scale":[0.625,0.625,0.625]}}}