{"file_name":"leg2","texture_size":[128,128],"textures":{"layer0":"manamodels/manawolf"},"elements":[{"name":"leg2_0","from":[7.1150002,3.7216399,6.656948],"to":[9.485001,6.7216396,9.056948],"rotation":{"angle":22.5,"axis":"x","origin":[7.7,3.1216397,7.856948]},"faces":{"east":{"uv":[9.5,11.25,10.0,11.875],"texture":"#layer0","tintindex":0},"south":{"uv":[1.0,11.375,1.5,12.0],"texture":"#layer0","tintindex":0},"north":{"uv":[8.875,11.25,9.375,11.875],"texture":"#layer0","tintindex":0},"west":{"uv":[4.75,11.375,5.25,12.0],"texture":"#layer0","tintindex":0},"up":{"uv":[12.125,8.25,11.625,7.75],"texture":"#layer0","tintindex":0},"down":{"uv":[2.875,11.75,3.375,12.25],"texture":"#layer0","tintindex":0}}},{"name":"leg2_1","from":[7.1,2.91719,7.811036],"to":[9.5,7.1171904,10.211037],"rotation":{"angle":-22.5,"axis":"x","origin":[7.7,1.1171899,9.611035]},"faces":{"east":{"uv":[10.0,6.875,10.5,7.75],"texture":"#layer0","tintindex":0},"south":{"uv":[8.5,10.0,9.0,10.875],"texture":"#layer0","tintindex":0},"north":{"uv":[10.0,4.0,10.5,4.875],"texture":"#layer0","tintindex":0},"west":{"uv":[10.0,9.75,10.5,10.625],"texture":"#layer0","tintindex":0},"up":{"uv":[8.75,12.25,8.25,11.75],"texture":"#layer0","tintindex":0},"down":{"uv":[11.75,9.125,12.25,9.625],"texture":"#layer0","tintindex":0}}},{"name":"leg2_2","from":[6.8,5.9716396,5.651948],"to":[9.8,10.17164,10.451948],"rotation":{"angle":0.0,"axis":"z","origin":[8.0,8.0,8.0]},"faces":{"east":{"uv":[3.5,6.125,4.5,7.0],"texture":"#layer0","tintindex":0},"south":{"uv":[9.25,4.875,9.875,5.75],"texture":"#layer0","tintindex":0},"north":{"uv":[3.5,9.25,4.125,10.125],"texture":"#layer0","tintindex":0},"west":{"uv":[4.625,6.125,5.625,7.0],"texture":"#layer0","tintindex":0},"up":{"uv":[2.625,9.25,2.0,8.25],"texture":"#layer0","tintindex":0},"down":{"uv":[8.375,7.0,9.0,8.0],"texture":"#layer0","tintindex":0}}}],"display":{"head":{"translation":[0.0,-6.4,0.0],"rotation":[0.0,0.0,0.0],"scale":[3.8095,3.8095,3.8095]},"gui":{"translation":[0.0,0.0,0.0],"rotation":[35.0,225.0,0.0],"scale":[0.625,0.625,0.625]}}}