{"file_name":"leg_bottom2","texture_size":[128,128],"textures":{"layer0":"manamodels/manawolf"},"elements":[{"name":"leg_bottom2_0","from":[7.1150002,5.2112656,7.237292],"to":[8.885,9.411266,9.0372925],"rotation":{"angle":22.5,"axis":"x","origin":[7.7,6.4112663,8.437292]},"faces":{"east":{"uv":[11.0,1.0,11.375,1.875],"texture":"#layer0","tintindex":0},"south":{"uv":[11.0,2.0,11.375,2.875],"texture":"#layer0","tintindex":0},"north":{"uv":[0.5,11.0,0.875,11.875],"texture":"#layer0","tintindex":0},"west":{"uv":[2.375,11.0,2.75,11.875],"texture":"#layer0","tintindex":0},"up":{"uv":[11.5,12.625,11.125,12.25],"texture":"#layer0","tintindex":0},"down":{"uv":[2.875,12.375,3.25,12.75],"texture":"#layer0","tintindex":0}}},{"name":"leg_bottom2_1","from":[8.0,5.2112656,7.237292],"to":[8.0,10.011267,10.237291],"rotation":{"angle":22.5,"axis":"x","origin":[7.4,6.4112663,8.437292]},"faces":{"east":{"uv":[0.75,8.5,1.375,9.5],"texture":"#layer0","tintindex":0},"south":{"uv":[1.5,12.875,1.5,13.875],"texture":"#layer0","tintindex":0},"north":{"uv":[1.375,12.875,1.375,13.875],"texture":"#layer0","tintindex":0},"west":{"uv":[8.5,5.125,9.125,6.125],"texture":"#layer0","tintindex":0},"up":{"uv":[12.875,1.75,12.875,1.125],"texture":"#layer0","tintindex":0},"down":{"uv":[1.625,12.875,1.625,13.5],"texture":"#layer0","tintindex":0}}}],"display":{"head":{"translation":[0.0,-6.4,0.0],"rotation":[0.0,0.0,0.0],"scale":[3.8095,3.8095,3.8095]},"gui":{"translation":[0.0,0.0,0.0],"rotation":[35.0,225.0,0.0],"scale":[0.625,0.625,0.625]}}}