{"file_name":"forearm","texture_size":[256,256],"textures":{"layer0":"manamodels/shopkeeper"},"elements":[{"name":"forearm_0","from":[6.8,5.8999996,5.6],"to":[8.0,10.1,9.8],"rotation":{"angle":0.0,"axis":"z","origin":[8.0,8.0,8.0]},"faces":{"east":{"uv":[3.5625,8.875,4.0,9.3125],"texture":"#layer0","tintindex":0},"south":{"uv":[4.1875,10.5,4.3125,10.9375],"texture":"#layer0","tintindex":0},"north":{"uv":[1.5,9.4375,1.625,9.875],"texture":"#layer0","tintindex":0},"west":{"uv":[8.9375,0.0,9.375,0.4375],"texture":"#layer0","tintindex":0},"up":{"uv":[6.125,10.9375,6.0,10.5],"texture":"#layer0","tintindex":0},"down":{"uv":[6.1875,10.5,6.3125,10.9375],"texture":"#layer0","tintindex":0}}},{"name":"forearm_1","from":[0.7999997,6.5,6.2],"to":[5.6,9.5,9.8],"rotation":{"angle":0.0,"axis":"z","origin":[8.0,8.0,8.0]},"faces":{"east":{"uv":[4.6875,9.6875,5.0625,10.0],"texture":"#layer0","tintindex":0},"south":{"uv":[9.375,6.4375,9.875,6.75],"texture":"#layer0","tintindex":0},"north":{"uv":[9.375,6.0625,9.875,6.375],"texture":"#layer0","tintindex":0},"west":{"uv":[8.0,9.75,8.375,10.0625],"texture":"#layer0","tintindex":0},"up":{"uv":[8.5625,9.3125,8.0625,8.9375],"texture":"#layer0","tintindex":0},"down":{"uv":[1.125,9.0,1.625,9.375],"texture":"#layer0","tintindex":0}}},{"name":"forearm_2","from":[-3.680296,6.0927324,6.2],"to":[1.1197042,7.892732,9.8],"rotation":{"angle":22.5,"axis":"z","origin":[-3.080296,7.892732,7.4]},"faces":{"east":{"uv":[0.0,10.375,0.375,10.5625],"texture":"#layer0","tintindex":0},"south":{"uv":[10.0,3.6875,10.5,3.875],"texture":"#layer0","tintindex":0},"north":{"uv":[9.8125,5.0,10.3125,5.1875],"texture":"#layer0","tintindex":0},"west":{"uv":[10.375,4.9375,10.75,5.125],"texture":"#layer0","tintindex":0},"up":{"uv":[9.125,9.375,8.625,9.0],"texture":"#layer0","tintindex":0},"down":{"uv":[9.0625,2.0,9.5625,2.375],"texture":"#layer0","tintindex":0}}},{"name":"forearm_3","from":[-1.6000004,5.6,5.0],"to":[1.9999998,7.4,6.2],"rotation":{"angle":22.5,"axis":"z","origin":[-2.2000003,7.4,5.0]},"faces":{"east":{"uv":[2.25,8.0625,2.375,8.25],"texture":"#layer0","tintindex":0},"south":{"uv":[7.875,10.375,8.25,10.5625],"texture":"#layer0","tintindex":0},"north":{"uv":[10.375,6.75,10.75,6.9375],"texture":"#layer0","tintindex":0},"west":{"uv":[1.125,8.75,1.25,8.9375],"texture":"#layer0","tintindex":0},"up":{"uv":[10.9375,7.8125,10.5625,7.6875],"texture":"#layer0","tintindex":0},"down":{"uv":[10.5625,7.875,10.9375,8.0],"texture":"#layer0","tintindex":0}}},{"name":"forearm_4","from":[-0.40000033,7.1,6.2],"to":[0.7999997,8.9,8.0],"rotation":{"angle":0.0,"axis":"z","origin":[8.0,8.0,8.0]},"faces":{"east":{"uv":[10.6875,0.0,10.875,0.1875],"texture":"#layer0","tintindex":0},"south":{"uv":[8.125,10.625,8.25,10.8125],"texture":"#layer0","tintindex":0},"north":{"uv":[4.6875,9.4375,4.8125,9.625],"texture":"#layer0","tintindex":0},"west":{"uv":[0.25,10.6875,0.4375,10.875],"texture":"#layer0","tintindex":0},"up":{"uv":[3.375,10.9375,3.25,10.75],"texture":"#layer0","tintindex":0},"down":{"uv":[7.4375,10.75,7.5625,10.9375],"texture":"#layer0","tintindex":0}}},{"name":"forearm_5","from":[5.6,5.3,5.3],"to":[6.8,10.700001,10.700001],"rotation":{"angle":0.0,"axis":"z","origin":[8.0,8.0,8.0]},"faces":{"east":{"uv":[6.9375,7.75,7.5,8.3125],"texture":"#layer0","tintindex":0},"south":{"uv":[2.0,10.0625,2.125,10.625],"texture":"#layer0","tintindex":0},"north":{"uv":[6.0625,7.8125,6.1875,8.375],"texture":"#layer0","tintindex":0},"west":{"uv":[2.4375,7.8125,3.0,8.375],"texture":"#layer0","tintindex":0},"up":{"uv":[0.875,10.8125,0.75,10.25],"texture":"#layer0","tintindex":0},"down":{"uv":[0.9375,10.25,1.0625,10.8125],"texture":"#layer0","tintindex":0}}},{"name":"forearm_6","from":[3.7999997,5.3,5.3],"to":[5.6,10.700001,5.3],"rotation":{"angle":0.0,"axis":"z","origin":[8.0,8.0,8.0]},"faces":{"east":{"uv":[5.8125,2.5625,5.8125,3.125],"texture":"#layer0","tintindex":0},"south":{"uv":[5.75,9.625,5.9375,10.1875],"texture":"#layer0","tintindex":0},"north":{"uv":[0.875,9.625,1.0625,10.1875],"texture":"#layer0","tintindex":0},"west":{"uv":[7.9375,0.0,7.9375,0.5625],"texture":"#layer0","tintindex":0},"up":{"uv":[0.875,3.75,0.6875,3.75],"texture":"#layer0","tintindex":0},"down":{"uv":[5.5,0.8125,5.6875,0.8125],"texture":"#layer0","tintindex":0}}},{"name":"forearm_7","from":[3.7999997,5.3,10.700001],"to":[5.6,10.700001,10.700001],"rotation":{"angle":0.0,"axis":"z","origin":[8.0,8.0,8.0]},"faces":{"east":{"uv":[6.875,8.75,6.875,9.3125],"texture":"#layer0","tintindex":0},"south":{"uv":[9.8125,9.5,10.0,10.0625],"texture":"#layer0","tintindex":0},"north":{"uv":[6.25,9.625,6.4375,10.1875],"texture":"#layer0","tintindex":0},"west":{"uv":[5.0625,10.0625,5.0625,10.625],"texture":"#layer0","tintindex":0},"up":{"uv":[6.9375,0.75,6.75,0.75],"texture":"#layer0","tintindex":0},"down":{"uv":[7.1875,5.8125,7.375,5.8125],"texture":"#layer0","tintindex":0}}},{"name":"forearm_8","from":[3.7999997,10.700001,5.3],"to":[5.6,10.700001,10.700001],"rotation":{"angle":0.0,"axis":"z","origin":[8.0,8.0,8.0]},"faces":{"east":{"uv":[9.8125,1.6875,10.375,1.6875],"texture":"#layer0","tintindex":0},"south":{"uv":[4.1875,7.4375,4.375,7.4375],"texture":"#layer0","tintindex":0},"north":{"uv":[7.1875,5.875,7.375,5.875],"texture":"#layer0","tintindex":0},"west":{"uv":[10.5625,3.875,11.125,3.875],"texture":"#layer0","tintindex":0},"up":{"uv":[10.0625,0.9375,9.875,0.375],"texture":"#layer0","tintindex":0},"down":{"uv":[9.875,7.9375,10.0625,8.5],"texture":"#layer0","tintindex":0}}},{"name":"forearm_9","from":[3.7999997,5.3,5.3],"to":[5.6,5.3,10.700001],"rotation":{"angle":0.0,"axis":"z","origin":[8.0,8.0,8.0]},"faces":{"east":{"uv":[10.6875,7.4375,11.25,7.4375],"texture":"#layer0","tintindex":0},"south":{"uv":[7.5625,8.125,7.75,8.125],"texture":"#layer0","tintindex":0},"north":{"uv":[4.1875,7.5,4.375,7.5],"texture":"#layer0","tintindex":0},"west":{"uv":[10.75,10.6875,11.3125,10.6875],"texture":"#layer0","tintindex":0},"up":{"uv":[1.6875,10.5,1.5,9.9375],"texture":"#layer0","tintindex":0},"down":{"uv":[1.75,9.9375,1.9375,10.5],"texture":"#layer0","tintindex":0}}}],"display":{"head":{"translation":[0.0,-6.4,0.0],"rotation":[0.0,0.0,0.0],"scale":[3.8095,3.8095,3.8095]},"gui":{"translation":[0.0,0.0,0.0],"rotation":[35.0,225.0,0.0],"scale":[0.625,0.625,0.625]}}}