{"file_name":"head","texture_size":[64,64],"textures":{"layer0":"manamodels/penguin"},"elements":[{"name":"head_0","from":[6.2,7.7,5.8999996],"to":[9.8,10.700001,9.5],"rotation":{"angle":0.0,"axis":"z","origin":[8.0,8.0,8.0]},"faces":{"east":{"uv":[0.0,6.0,1.5,7.25],"texture":"#layer0","tintindex":0},"south":{"uv":[4.5,6.0,6.0,7.25],"texture":"#layer0","tintindex":0},"north":{"uv":[1.5,6.0,3.0,7.25],"texture":"#layer0","tintindex":0},"west":{"uv":[3.0,6.0,4.5,7.25],"texture":"#layer0","tintindex":0},"up":{"uv":[3.0,6.0,1.5,4.5],"texture":"#layer0","tintindex":0},"down":{"uv":[3.0,4.5,4.5,6.0],"texture":"#layer0","tintindex":0}}},{"name":"head_1","from":[7.4,8.0,4.3999996],"to":[8.6,9.2,6.8],"rotation":{"angle":0.0,"axis":"x","origin":[8.0,8.6,5.6]},"faces":{"east":{"uv":[7.5,6.75,8.5,7.25],"texture":"#layer0","tintindex":0},"south":{"uv":[10.0,6.75,10.5,7.25],"texture":"#layer0","tintindex":0},"north":{"uv":[8.5,6.75,9.0,7.25],"texture":"#layer0","tintindex":0},"west":{"uv":[9.0,6.75,10.0,7.25],"texture":"#layer0","tintindex":0},"up":{"uv":[9.0,6.75,8.5,5.75],"texture":"#layer0","tintindex":0},"down":{"uv":[9.0,5.75,9.5,6.75],"texture":"#layer0","tintindex":0}}}],"display":{"head":{"translation":[0.0,-6.4,0.0],"rotation":[0.0,0.0,0.0],"scale":[3.8095,3.8095,3.8095]},"gui":{"translation":[0.0,0.0,0.0],"rotation":[35.0,225.0,0.0],"scale":[0.625,0.625,0.625]}}}