{"credit":"Copyright ManaLabs Inc","texture_size":[80,80],"textures":{"0":"manalabs:deco/signs/market","particle":"manalabs:deco/signs/market"},"elements":[{"from":[-11.5,0,7],"to":[27.5,18,9],"rotation":{"angle":0,"axis":"y","origin":[7.5,-3,7]},"faces":{"north":{"uv":[0,0,7.8,3.6],"texture":"#0"},"east":{"uv":[10.4,10.8,10.8,14.4],"texture":"#0"},"south":{"uv":[0,0,7.8,3.6],"texture":"#0"},"west":{"uv":[10.8,10.8,11.2,14.4],"texture":"#0"},"up":{"uv":[15.6,10.4,7.8,10],"texture":"#0"},"down":{"uv":[15.6,10.4,7.8,10.8],"texture":"#0"}}},{"from":[-9.5,2,6.75],"to":[25.5,18,6.75],"rotation":{"angle":0,"axis":"y","origin":[7.5,-2,6.75]},"faces":{"north":{"uv":[0,7.2,7.8,10.8],"texture":"#0"},"east":{"uv":[0,0,0,3.6],"texture":"#0"},"south":{"uv":[0,7.2,7.8,10.8],"texture":"#0"},"west":{"uv":[0,0,0,3.6],"texture":"#0"},"up":{"uv":[7.8,0,0,0],"texture":"#0"},"down":{"uv":[7.8,0,0,0],"texture":"#0"}}},{"from":[25.25,16.75,6],"to":[26.25,29.75,10],"rotation":{"angle":0,"axis":"y","origin":[7.25,7.75,7]},"faces":{"north":{"uv":[11.8,4.2,12,6.8],"texture":"#0"},"east":{"uv":[0,11.2,0.8,13.8],"texture":"#0"},"south":{"uv":[11.8,7.2,12,9.8],"texture":"#0"},"west":{"uv":[0.8,11.2,1.6,13.8],"texture":"#0"},"up":{"uv":[12.2,7.8,12,7],"texture":"#0"},"down":{"uv":[12.2,7.8,12,8.6],"texture":"#0"}}},{"from":[-10.25,16.75,6],"to":[-9.25,29.75,10],"rotation":{"angle":0,"axis":"y","origin":[8.75,7.75,7]},"faces":{"north":{"uv":[12,4.2,11.8,6.8],"texture":"#0"},"east":{"uv":[1.6,11.2,0.8,13.8],"texture":"#0"},"south":{"uv":[12,7.2,11.8,9.8],"texture":"#0"},"west":{"uv":[0.8,11.2,0,13.8],"texture":"#0"},"up":{"uv":[12,7.8,12.2,7],"texture":"#0"},"down":{"uv":[12,7.8,12.2,8.6],"texture":"#0"}}},{"from":[7,5,8],"to":[9,27,10],"rotation":{"angle":45,"axis":"y","origin":[8,16,9]},"faces":{"north":{"uv":[8.8,10.8,9.2,15.2],"texture":"#0"},"east":{"uv":[9.2,10.8,9.6,15.2],"texture":"#0"},"south":{"uv":[9.2,10.8,9.6,15.2],"texture":"#0"},"west":{"uv":[9.2,10.8,9.6,15.2],"texture":"#0"},"up":{"uv":[3.6,12.6,3.2,12.2],"texture":"#0"},"down":{"uv":[4,12.2,3.6,12.6],"texture":"#0"}}},{"from":[-0.5,25,7],"to":[16.5,26,9],"rotation":{"angle":0,"axis":"y","origin":[7.5,23,8]},"faces":{"north":{"uv":[11.2,11.6,14.6,11.8],"texture":"#0"},"east":{"uv":[11.8,9.8,12.2,10],"texture":"#0"},"south":{"uv":[11.8,3.6,15.2,3.8],"texture":"#0"},"west":{"uv":[7.6,12.2,8,12.4],"texture":"#0"},"up":{"uv":[14.6,11.2,11.2,10.8],"texture":"#0"},"down":{"uv":[14.6,11.2,11.2,11.6],"texture":"#0"}}},{"from":[-4,19,4.5],"to":[3,21,11.5],"rotation":{"angle":0,"axis":"y","origin":[8,18,7.5]},"faces":{"north":{"uv":[11.6,11.8,13,12.2],"texture":"#0"},"east":{"uv":[12,3.8,13.4,4.2],"texture":"#0"},"south":{"uv":[12,4.2,13.4,4.6],"texture":"#0"},"west":{"uv":[12,4.6,13.4,5],"texture":"#0"},"up":{"uv":[4.6,12.2,3.2,10.8],"texture":"#0"},"down":{"uv":[6,10.8,4.6,12.2],"texture":"#0"}}},{"from":[-2,21,6.5],"to":[1,23,9.5],"rotation":{"angle":0,"axis":"y","origin":[8,20,7.5]},"faces":{"north":{"uv":[4.9,13.6,5.5,14],"texture":"#0"},"east":{"uv":[4.9,13.6,5.5,14],"texture":"#0"},"south":{"uv":[4.9,13.6,5.5,14],"texture":"#0"},"west":{"uv":[5.5,13.2,6.1,13.6],"texture":"#0"},"up":{"uv":[4.9,13.6,4.3,13],"texture":"#0"},"down":{"uv":[5.5,13,4.9,13.6],"texture":"#0"}}},{"from":[-2,23,8],"to":[1,25,8],"rotation":{"angle":0,"axis":"y","origin":[8,22,7.5]},"faces":{"north":{"uv":[7.1,14,7.7,14.4],"texture":"#0"},"east":{"uv":[8.8,6.6,8.8,7],"texture":"#0"},"south":{"uv":[7.1,13.6,7.7,14],"texture":"#0"},"west":{"uv":[8.8,7.4,8.8,7.8],"texture":"#0"},"up":{"uv":[0.6,13.6,0,13.6],"texture":"#0"},"down":{"uv":[2,13.6,1.4,13.6],"texture":"#0"}}},{"from":[13,19,4.5],"to":[20,21,11.5],"rotation":{"angle":0,"axis":"y","origin":[8,18,7.5]},"faces":{"north":{"uv":[12,5,13.4,5.4],"texture":"#0"},"east":{"uv":[12,5,13.4,5.4],"texture":"#0"},"south":{"uv":[12,5,13.4,5.4],"texture":"#0"},"west":{"uv":[12,5,13.4,5.4],"texture":"#0"},"up":{"uv":[7.4,12.2,6,10.8],"texture":"#0"},"down":{"uv":[8.8,10.8,7.4,12.2],"texture":"#0"}}},{"from":[17,21,5.5],"to":[19,22,7.5],"rotation":{"angle":-45,"axis":"y","origin":[17.5,21.5,6]},"faces":{"north":{"uv":[9.5,0,9.9,0.2],"texture":"#0"},"east":{"uv":[9.9,0,9.5,0.2],"texture":"#0"},"south":{"uv":[9.5,0,9.9,0.2],"texture":"#0"},"west":{"uv":[9.9,0,9.5,0.2],"texture":"#0"},"up":{"uv":[8.9,0.4,8.5,0],"rotation":270,"texture":"#0"},"down":{"uv":[9.4,0,9,0.4],"rotation":90,"texture":"#0"}}},{"from":[14,21,7],"to":[16,22,9],"rotation":{"angle":0,"axis":"y","origin":[14.5,21.5,7.5]},"faces":{"north":{"uv":[9.5,0,9.9,0.2],"texture":"#0"},"east":{"uv":[9.9,0,9.5,0.2],"texture":"#0"},"south":{"uv":[9.5,0,9.9,0.2],"texture":"#0"},"west":{"uv":[9.9,0,9.5,0.2],"texture":"#0"},"up":{"uv":[8.9,0.4,8.5,0],"rotation":270,"texture":"#0"},"down":{"uv":[9.4,0,9,0.4],"rotation":90,"texture":"#0"}}},{"from":[17,21,8.5],"to":[19,22,10.5],"rotation":{"angle":-45,"axis":"y","origin":[17.5,21.5,9]},"faces":{"north":{"uv":[9.5,0,9.9,0.2],"texture":"#0"},"east":{"uv":[9.9,0,9.5,0.2],"texture":"#0"},"south":{"uv":[9.5,0,9.9,0.2],"texture":"#0"},"west":{"uv":[9.9,0,9.5,0.2],"texture":"#0"},"up":{"uv":[8.9,0.4,8.5,0],"rotation":270,"texture":"#0"},"down":{"uv":[9.4,0,9,0.4],"rotation":90,"texture":"#0"}}},{"from":[17,22,7.5],"to":[19,23,9.5],"rotation":{"angle":-45,"axis":"y","origin":[17.5,22.5,8]},"faces":{"north":{"uv":[9.5,0,9.9,0.2],"texture":"#0"},"east":{"uv":[9.9,0,9.5,0.2],"texture":"#0"},"south":{"uv":[9.5,0,9.9,0.2],"texture":"#0"},"west":{"uv":[9.9,0,9.5,0.2],"texture":"#0"},"up":{"uv":[8.9,0.4,8.5,0],"rotation":270,"texture":"#0"},"down":{"uv":[9.4,0,9,0.4],"rotation":90,"texture":"#0"}}},{"from":[15.5,25,7],"to":[17.5,27,9],"rotation":{"angle":45,"axis":"y","origin":[16.5,16,8]},"faces":{"north":{"uv":[6.4,12.2,6.8,12.6],"texture":"#0"},"east":{"uv":[12.2,6.6,12.6,7],"texture":"#0"},"south":{"uv":[6.8,12.2,7.2,12.6],"texture":"#0"},"west":{"uv":[12.2,7,12.6,7.4],"texture":"#0"},"up":{"uv":[7.6,12.6,7.2,12.2],"texture":"#0"},"down":{"uv":[12.6,7.4,12.2,7.8],"texture":"#0"}}},{"from":[16.2,19,3.14645],"to":[16.2,27,13.14645],"rotation":{"angle":45,"axis":"y","origin":[16.2,20,7.64645]},"faces":{"north":{"uv":[0,0,0,1.6],"texture":"#0"},"east":{"uv":[9.8,6.8,11.8,8.4],"texture":"#0"},"south":{"uv":[0,0,0,1.6],"texture":"#0"},"west":{"uv":[9.8,6.8,11.8,8.4],"texture":"#0"},"up":{"uv":[0,2,0,0],"texture":"#0"},"down":{"uv":[0,0,0,2],"texture":"#0"}}},{"from":[16.2,19,2.85355],"to":[16.2,27,12.85355],"rotation":{"angle":-45,"axis":"y","origin":[16.2,20,8.35355]},"faces":{"north":{"uv":[0,0,0,1.6],"texture":"#0"},"east":{"uv":[11.8,6.8,9.8,8.4],"texture":"#0"},"south":{"uv":[0,0,0,1.6],"texture":"#0"},"west":{"uv":[11.8,6.8,9.8,8.4],"texture":"#0"},"up":{"uv":[0,0,0,2],"texture":"#0"},"down":{"uv":[0,2,0,0],"texture":"#0"}}},{"from":[-0.2,19,3.14645],"to":[-0.2,27,13.14645],"rotation":{"angle":-45,"axis":"y","origin":[-0.2,20,7.64645]},"faces":{"north":{"uv":[0,0,0,1.6],"texture":"#0"},"east":{"uv":[11.8,6.8,9.8,8.4],"texture":"#0"},"south":{"uv":[0,0,0,1.6],"texture":"#0"},"west":{"uv":[11.8,6.8,9.8,8.4],"texture":"#0"},"up":{"uv":[0,2,0,0],"texture":"#0"},"down":{"uv":[0,0,0,2],"texture":"#0"}}},{"from":[-0.2,19,2.85355],"to":[-0.2,27,12.85355],"rotation":{"angle":45,"axis":"y","origin":[-0.2,20,8.35355]},"faces":{"north":{"uv":[0,0,0,1.6],"texture":"#0"},"east":{"uv":[9.8,6.8,11.8,8.4],"texture":"#0"},"south":{"uv":[0,0,0,1.6],"texture":"#0"},"west":{"uv":[9.8,6.8,11.8,8.4],"texture":"#0"},"up":{"uv":[0,0,0,2],"texture":"#0"},"down":{"uv":[0,2,0,0],"texture":"#0"}}},{"from":[-4,19,4.5],"to":[3,21,11.5],"rotation":{"angle":0,"axis":"y","origin":[8,18,7.5]},"faces":{"north":{"uv":[13.4,5,12,5.4],"texture":"#0"},"east":{"uv":[13.4,5,12,5.4],"texture":"#0"},"south":{"uv":[13.4,5,12,5.4],"texture":"#0"},"west":{"uv":[13.4,5,12,5.4],"texture":"#0"},"up":{"uv":[6,12.2,7.4,10.8],"texture":"#0"},"down":{"uv":[7.4,10.8,8.8,12.2],"texture":"#0"}}},{"from":[-1.5,25,7],"to":[0.5,27,9],"rotation":{"angle":-45,"axis":"y","origin":[-0.5,16,8]},"faces":{"north":{"uv":[6.8,12.2,6.4,12.6],"texture":"#0"},"east":{"uv":[12.6,7,12.2,7.4],"texture":"#0"},"south":{"uv":[7.2,12.2,6.8,12.6],"texture":"#0"},"west":{"uv":[12.6,6.6,12.2,7],"texture":"#0"},"up":{"uv":[7.2,12.6,7.6,12.2],"texture":"#0"},"down":{"uv":[12.2,7.4,12.6,7.8],"texture":"#0"}}},{"name":"cube inverted","from":[26.25,29.75,10],"to":[25.25,16.75,6],"rotation":{"angle":0,"axis":"y","origin":[7.25,7.75,7]},"faces":{"north":{"uv":[11.8,9.8,12,7.2],"texture":"#0"},"east":{"uv":[0.8,13.8,1.6,11.2],"texture":"#0"},"south":{"uv":[11.8,6.8,12,4.2],"texture":"#0"},"west":{"uv":[0,13.8,0.8,11.2],"texture":"#0"},"up":{"uv":[12,7.8,12.2,8.6],"texture":"#0"},"down":{"uv":[12,7.8,12.2,7],"texture":"#0"}}},{"name":"cube inverted","from":[-9.25,29.75,10],"to":[-10.25,16.75,6],"rotation":{"angle":0,"axis":"y","origin":[8.75,7.75,7]},"faces":{"north":{"uv":[12,9.8,11.8,7.2],"texture":"#0"},"east":{"uv":[0.8,13.8,0,11.2],"texture":"#0"},"south":{"uv":[12,6.8,11.8,4.2],"texture":"#0"},"west":{"uv":[1.6,13.8,0.8,11.2],"texture":"#0"},"up":{"uv":[12.2,7.8,12,8.6],"texture":"#0"},"down":{"uv":[12.2,7.8,12,7],"texture":"#0"}}}],"display":{"thirdperson_righthand":{"rotation":[75,45,0],"translation":[0,2.5,0],"scale":[0.375,0.375,0.375]},"thirdperson_lefthand":{"rotation":[75,45,0],"translation":[0,2.5,0],"scale":[0.375,0.375,0.375]},"firstperson_righthand":{"rotation":[0,147,0],"translation":[0.5,1.75,0],"scale":[0.2,0.2,0.2]},"firstperson_lefthand":{"rotation":[0,147,0],"translation":[0.5,1.75,0],"scale":[0.2,0.2,0.2]},"ground":{"translation":[0,3,0],"scale":[0.25,0.25,0.25]},"gui":{"rotation":[11,225,0],"translation":[0,-0.25,0],"scale":[0.625,0.625,0.625]},"head":{"translation":[0,3.5,0],"scale":[4,4,4]},"fixed":{"scale":[0.5,0.5,0.5]}},"groups":[{"name":"root","origin":[16.2,25,7.64645],"color":0,"children":[0,1,2,3,4,5,6,7,8,9,10,11,12,13,14,15,16,17,18,19,20,21,22]}]}