{"credit":"Copyright ManaLabs Inc","texture_size":[64,64],"textures":{"1":"manalabs:deco/signs/pond","particle":"minecraft:block/dirt"},"elements":[{"from":[-14,-9,6.5],"to":[-6,18.5,9.5],"rotation":{"angle":0,"axis":"y","origin":[9,3.5,6.5]},"faces":{"north":{"uv":[11.875,0,13.875,6.875],"texture":"#1"},"east":{"uv":[11.75,0.125,12.5,7],"texture":"#1"},"south":{"uv":[13.875,0,11.875,6.875],"texture":"#1"},"west":{"uv":[11.875,0,12.625,6.875],"texture":"#1"},"up":{"uv":[16.25,4.625,14.25,3.875],"texture":"#1"},"down":{"uv":[16,4.625,14,5.375],"texture":"#1"}}},{"from":[-14,-8,7],"to":[30,18,9],"rotation":{"angle":0,"axis":"y","origin":[7,4,7]},"faces":{"north":{"uv":[0,0,11,6.5],"texture":"#1"},"east":{"uv":[11.125,0,11.625,6.5],"texture":"#1"},"south":{"uv":[0,0,11,6.5],"texture":"#1"},"west":{"uv":[11.125,0,11.625,6.5],"texture":"#1"},"up":{"uv":[11,7,0,6.5],"texture":"#1"},"down":{"uv":[11,7.125,0,7.625],"texture":"#1"}}},{"from":[-15,0,6.5],"to":[29,10,6.5],"rotation":{"angle":0,"axis":"y","origin":[6,4,6.5]},"faces":{"north":{"uv":[0,8.375,11,10.875],"texture":"#1"},"east":{"uv":[8.5,14.875,8.5,17.375],"texture":"#1"},"south":{"uv":[0,8.375,11,10.875],"texture":"#1"},"west":{"uv":[9,14.875,9,17.375],"texture":"#1"},"up":{"uv":[11,13.625,0,13.625],"texture":"#1"},"down":{"uv":[11,12.625,0,12.625],"texture":"#1"}}},{"from":[24,17,6],"to":[25,28.5,10],"rotation":{"angle":0,"axis":"y","origin":[3,17,7]},"faces":{"north":{"uv":[10.5,10.875,10.75,13.75],"texture":"#1"},"east":{"uv":[9.5,10.875,10.5,13.75],"texture":"#1"},"south":{"uv":[10.5,10.875,10.75,13.75],"texture":"#1"},"west":{"uv":[9.5,10.875,10.5,13.75],"texture":"#1"},"up":{"uv":[14.25,8,14,7],"texture":"#1"},"down":{"uv":[14.25,8,14,9],"texture":"#1"}}},{"from":[-9,17,6],"to":[-8,28.5,10],"rotation":{"angle":0,"axis":"y","origin":[13,17,7]},"faces":{"north":{"uv":[10.75,10.875,10.5,13.75],"texture":"#1"},"east":{"uv":[10.5,10.875,9.5,13.75],"texture":"#1"},"south":{"uv":[10.75,10.875,10.5,13.75],"texture":"#1"},"west":{"uv":[10.5,10.875,9.5,13.75],"texture":"#1"},"up":{"uv":[14,8,14.25,7],"texture":"#1"},"down":{"uv":[14,8,14.25,9],"texture":"#1"}}},{"from":[20,-9,6.1],"to":[31,18.5,9.1],"rotation":{"angle":0,"axis":"y","origin":[8,3.5,6.1]},"faces":{"north":{"uv":[11.25,8.75,14,15.625],"texture":"#1"},"east":{"uv":[7,13,7.75,14.375],"texture":"#1"},"south":{"uv":[13.75,8.75,11,15.625],"texture":"#1"},"west":{"uv":[7.75,13,8.5,14.25],"texture":"#1"},"up":{"uv":[16.125,6.125,13.375,5.375],"texture":"#1"},"down":{"uv":[15,6.125,13.875,6.875],"texture":"#1"}}}],"display":{"thirdperson_righthand":{"rotation":[75,45,0],"translation":[0,2.5,0],"scale":[0.375,0.375,0.375]},"thirdperson_lefthand":{"rotation":[75,45,0],"translation":[0,2.5,0],"scale":[0.375,0.375,0.375]},"firstperson_righthand":{"rotation":[0,147,0],"translation":[0.5,1.75,0],"scale":[0.2,0.2,0.2]},"firstperson_lefthand":{"rotation":[0,147,0],"translation":[0.5,1.75,0],"scale":[0.2,0.2,0.2]},"ground":{"translation":[0,3,0],"scale":[0.25,0.25,0.25]},"gui":{"rotation":[11,225,0],"translation":[0,-0.25,0],"scale":[0.625,0.625,0.625]},"head":{"translation":[0,3.5,0],"scale":[4,4,4]},"fixed":{"scale":[0.5,0.5,0.5]}},"groups":[{"name":"root","origin":[7,-0.5,6],"color":0,"children":[0,1,2,3,4,5]}]}