{"file_name":"head2","texture_size":[128,128],"textures":{"layer0":"manamodels/houndboss"},"elements":[{"name":"head2_0","from":[0.89599967,4.6832,-16.0],"to":[15.104,17.1152,-1.7919989],"rotation":{"angle":0.0,"axis":"z","origin":[8.0,8.0,9.734001]},"faces":{"east":{"uv":[4.0,6.5,5.0,7.375],"texture":"#layer0","tintindex":0},"south":{"uv":[6.5,0.0,7.5,0.875],"texture":"#layer0","tintindex":0},"north":{"uv":[3.0,6.5,4.0,7.375],"texture":"#layer0","tintindex":0},"west":{"uv":[1.25,6.625,2.25,7.5],"texture":"#layer0","tintindex":0},"up":{"uv":[5.0,4.0,4.0,3.0],"texture":"#layer0","tintindex":0},"down":{"uv":[5.0,3.0,6.0,4.0],"texture":"#layer0","tintindex":0}}},{"name":"head2_1","from":[0.4519987,0.68719983,-2.2359986],"to":[15.547999,17.5592,2.2040017],"rotation":{"angle":0.0,"axis":"z","origin":[8.0,8.0,9.734001]},"faces":{"east":{"uv":[5.0,5.5,5.25,6.625],"texture":"#layer0","tintindex":0},"south":{"uv":[3.0,5.375,4.0,6.5],"texture":"#layer0","tintindex":0},"north":{"uv":[3.0,4.25,4.0,5.375],"texture":"#layer0","tintindex":0},"west":{"uv":[2.0,7.5,2.25,8.625],"texture":"#layer0","tintindex":0},"up":{"uv":[6.375,5.25,5.375,5.0],"texture":"#layer0","tintindex":0},"down":{"uv":[7.5,0.5,8.5,0.75],"texture":"#layer0","tintindex":0}}}],"display":{"head":{"translation":[0.0,-6.4,-6.6056776],"rotation":[0.0,0.0,0.0],"scale":[3.8095,3.8095,3.8095]},"gui":{"translation":[0.0,0.0,0.0],"rotation":[35.0,225.0,0.0],"scale":[0.625,0.625,0.625]}}}