{"file_name":"arm","texture_size":[64,64],"textures":{"layer0":"manamodels/berry_minion_version3"},"elements":[{"name":"arm_0","from":[6.35,8.0,7.7],"to":[6.95,8.6,8.3],"rotation":{"angle":0.0,"axis":"z","origin":[8.0,8.0,8.0]},"faces":{"east":{"uv":[9.25,4.0,9.5,4.25],"texture":"#layer0","tintindex":0},"south":{"uv":[9.75,4.0,10.0,4.25],"texture":"#layer0","tintindex":0},"north":{"uv":[8.75,4.0,9.0,4.25],"texture":"#layer0","tintindex":0},"west":{"uv":[0.75,10.0,1.0,10.25],"texture":"#layer0","tintindex":0},"up":{"uv":[1.5,10.25,1.25,10.0],"texture":"#layer0","tintindex":0},"down":{"uv":[1.75,10.0,2.0,10.25],"texture":"#layer0","tintindex":0}}},{"name":"arm_1","from":[6.95,7.4,7.4],"to":[8.15,8.6,8.6],"rotation":{"angle":0.0,"axis":"z","origin":[8.0,8.0,8.0]},"faces":{"east":{"uv":[8.75,1.75,9.25,2.25],"texture":"#layer0","tintindex":0},"south":{"uv":[8.75,2.5,9.25,3.0],"texture":"#layer0","tintindex":0},"north":{"uv":[8.75,1.0,9.25,1.5],"texture":"#layer0","tintindex":0},"west":{"uv":[8.75,3.25,9.25,3.75],"texture":"#layer0","tintindex":0},"up":{"uv":[7.0,9.25,6.5,8.75],"texture":"#layer0","tintindex":0},"down":{"uv":[7.25,8.75,7.75,9.25],"texture":"#layer0","tintindex":0}}}],"display":{"head":{"translation":[0.0,-6.4,0.0],"rotation":[0.0,0.0,0.0],"scale":[3.8095,3.8095,3.8095]},"gui":{"translation":[0.0,0.0,0.0],"rotation":[35.0,225.0,0.0],"scale":[0.625,0.625,0.625]}}}