{"display":{"gui":{"translation":[1,0,0]}},"textures":{"0":"emoji/pins/16","particle":"emoji/pins/16"},"elements":[{"from":[0,0,0],"to":[16,16,0],"faces":{"north":{"uv":[0,8,2,10],"texture":"#0","tintindex":0},"east":{"uv":[0,8,2,10],"texture":"#0","tintindex":0},"south":{"uv":[0,8,2,10],"texture":"#0","tintindex":0},"west":{"uv":[0,8,2,10],"texture":"#0","tintindex":0},"up":{"uv":[0,8,2,10],"texture":"#0","tintindex":0},"down":{"uv":[0,8,2,10],"texture":"#0","tintindex":0}}}],"gui_light":"front"}