{"display":{"gui":{"translation":[2.75,-0.5,0]}},"textures":{"0":"emoji/pins/16","particle":"emoji/pins/16"},"elements":[{"from":[0,0,0],"to":[16,16,0],"faces":{"north":{"uv":[14,2,16,4],"texture":"#0","tintindex":0},"east":{"uv":[14,2,16,4],"texture":"#0","tintindex":0},"south":{"uv":[14,2,16,4],"texture":"#0","tintindex":0},"west":{"uv":[14,2,16,4],"texture":"#0","tintindex":0},"up":{"uv":[14,2,16,4],"texture":"#0","tintindex":0},"down":{"uv":[14,2,16,4],"texture":"#0","tintindex":0}}}],"gui_light":"front"}