{"file_name":"neck","texture_size":[32,32],"textures":{"layer0":"manamodels/dawf_miniature_pet"},"elements":[{"name":"neck_0","from":[7.3997297,8.823206,6.747698],"to":[8.59973,10.623206,7.947698],"rotation":{"angle":-22.5,"axis":"x","origin":[12.79973,8.823206,11.547698]},"faces":{"east":{"uv":[7.0,10.5,8.0,12.0],"texture":"#layer0","tintindex":0},"south":{"uv":[8.0,10.5,9.0,12.0],"texture":"#layer0","tintindex":0},"north":{"uv":[6.0,10.5,7.0,12.0],"texture":"#layer0","tintindex":0},"west":{"uv":[9.0,10.5,10.0,12.0],"texture":"#layer0","tintindex":0},"up":{"uv":[4.5,15.0,3.5,14.0],"texture":"#layer0","tintindex":0},"down":{"uv":[4.5,14.0,5.5,15.0],"texture":"#layer0","tintindex":0}}}],"display":{"head":{"translation":[0.0,-6.4,0.0],"rotation":[0.0,0.0,0.0],"scale":[3.8095,3.8095,3.8095]},"gui":{"translation":[0.0,0.0,0.0],"rotation":[35.0,225.0,0.0],"scale":[0.625,0.625,0.625]}}}