{"file_name":"leg","texture_size":[256,256],"textures":{"layer0":"manamodels/shopkeeper"},"elements":[{"name":"leg_0","from":[4.3999996,1.9999998,5.0],"to":[11.6,8.0,12.2],"rotation":{"angle":0.0,"axis":"z","origin":[8.0,8.0,8.0]},"faces":{"east":{"uv":[6.3125,3.25,7.0625,3.875],"texture":"#layer0","tintindex":0},"south":{"uv":[6.375,5.25,7.125,5.875],"texture":"#layer0","tintindex":0},"north":{"uv":[6.3125,2.5625,7.0625,3.1875],"texture":"#layer0","tintindex":0},"west":{"uv":[0.4375,6.4375,1.1875,7.0625],"texture":"#layer0","tintindex":0},"up":{"uv":[5.75,3.125,5.0,2.375],"texture":"#layer0","tintindex":0},"down":{"uv":[5.0625,3.1875,5.8125,3.9375],"texture":"#layer0","tintindex":0}}},{"name":"leg_1","from":[5.0,-2.2000003,6.2],"to":[9.8,1.9999998,11.0],"rotation":{"angle":0.0,"axis":"z","origin":[8.0,8.0,8.0]},"faces":{"east":{"uv":[5.625,8.625,6.125,9.0625],"texture":"#layer0","tintindex":0},"south":{"uv":[5.0,8.6875,5.5,9.125],"texture":"#layer0","tintindex":0},"north":{"uv":[1.6875,8.625,2.1875,9.0625],"texture":"#layer0","tintindex":0},"west":{"uv":[0.0,8.75,0.5,9.1875],"texture":"#layer0","tintindex":0},"up":{"uv":[8.75,6.1875,8.25,5.6875],"texture":"#layer0","tintindex":0},"down":{"uv":[8.25,6.25,8.75,6.75],"texture":"#layer0","tintindex":0}}}],"display":{"head":{"translation":[0.0,-6.4,0.0],"rotation":[0.0,0.0,0.0],"scale":[3.8095,3.8095,3.8095]},"gui":{"translation":[0.0,0.0,0.0],"rotation":[35.0,225.0,0.0],"scale":[0.625,0.625,0.625]}}}