{"file_name":"torso","texture_size":[256,256],"textures":{"layer0":"manamodels/shopkeeper"},"elements":[{"name":"torso_0","from":[3.5029044,13.239819,2.6],"to":[12.502905,18.639816,13.429999],"rotation":{"angle":0.0,"axis":"z","origin":[8.0,0.8149986,8.0]},"faces":{"east":{"uv":[4.75,4.75,5.875,5.3125],"texture":"#layer0","tintindex":0},"south":{"uv":[5.8125,1.9375,6.75,2.5],"texture":"#layer0","tintindex":0},"north":{"uv":[5.8125,1.3125,6.75,1.875],"texture":"#layer0","tintindex":0},"west":{"uv":[0.0,4.8125,1.125,5.375],"texture":"#layer0","tintindex":0},"up":{"uv":[2.6875,2.875,1.75,1.75],"texture":"#layer0","tintindex":0},"down":{"uv":[0.0,2.25,0.9375,3.375],"texture":"#layer0","tintindex":0}}},{"name":"torso_1","from":[2.0029037,7.839817,2.1499996],"to":[5.602904,20.43982,2.7499998],"rotation":{"angle":0.0,"axis":"z","origin":[8.0,0.8149986,8.0]},"faces":{"east":{"uv":[5.125,9.6875,5.1875,11.0],"texture":"#layer0","tintindex":0},"south":{"uv":[5.875,2.5625,6.25,3.875],"texture":"#layer0","tintindex":0},"north":{"uv":[4.0625,5.75,4.4375,7.0625],"texture":"#layer0","tintindex":0},"west":{"uv":[8.4375,9.75,8.5,11.0625],"texture":"#layer0","tintindex":0},"up":{"uv":[6.3125,5.3125,5.9375,5.25],"texture":"#layer0","tintindex":0},"down":{"uv":[2.4375,7.125,2.8125,7.1875],"texture":"#layer0","tintindex":0}}},{"name":"torso_2","from":[2.0029037,9.519121,13.253354],"to":[5.602904,22.119122,13.853354],"rotation":{"angle":0.0,"axis":"z","origin":[8.0,0.8149986,8.0]},"faces":{"east":{"uv":[1.25,10.0,1.3125,11.3125],"texture":"#layer0","tintindex":0},"south":{"uv":[5.8125,6.1875,6.1875,7.5],"texture":"#layer0","tintindex":0},"north":{"uv":[5.375,6.1875,5.75,7.5],"texture":"#layer0","tintindex":0},"west":{"uv":[1.375,10.0,1.4375,11.3125],"texture":"#layer0","tintindex":0},"up":{"uv":[5.625,10.8125,5.25,10.75],"texture":"#layer0","tintindex":0},"down":{"uv":[9.1875,10.75,9.5625,10.8125],"texture":"#layer0","tintindex":0}}},{"name":"torso_3","from":[10.397096,9.519121,13.253354],"to":[13.997096,22.119122,13.853354],"rotation":{"angle":0.0,"axis":"z","origin":[8.0,0.8149986,8.0]},"faces":{"east":{"uv":[4.375,10.0,4.4375,11.3125],"texture":"#layer0","tintindex":0},"south":{"uv":[6.25,6.1875,6.625,7.5],"texture":"#layer0","tintindex":0},"north":{"uv":[0.0,6.25,0.375,7.5625],"texture":"#layer0","tintindex":0},"west":{"uv":[4.5,10.0,4.5625,11.3125],"texture":"#layer0","tintindex":0},"up":{"uv":[10.0,10.8125,9.625,10.75],"texture":"#layer0","tintindex":0},"down":{"uv":[10.0625,10.75,10.4375,10.8125],"texture":"#layer0","tintindex":0}}},{"name":"torso_4","from":[10.397096,7.839817,2.1499996],"to":[13.997096,20.43982,2.7499998],"rotation":{"angle":0.0,"axis":"z","origin":[8.0,0.8149986,8.0]},"faces":{"east":{"uv":[3.75,9.9375,3.8125,11.25],"texture":"#layer0","tintindex":0},"south":{"uv":[4.9375,6.1875,5.3125,7.5],"texture":"#layer0","tintindex":0},"north":{"uv":[4.5,6.1875,4.875,7.5],"texture":"#layer0","tintindex":0},"west":{"uv":[1.125,10.0,1.1875,11.3125],"texture":"#layer0","tintindex":0},"up":{"uv":[0.375,8.6875,0.0,8.625],"texture":"#layer0","tintindex":0},"down":{"uv":[10.75,4.1875,11.125,4.25],"texture":"#layer0","tintindex":0}}},{"name":"torso_5","from":[10.397096,6.039817,2.1499996],"to":[13.997096,7.839817,2.1499996],"rotation":{"angle":0.0,"axis":"z","origin":[8.0,0.8149986,8.0]},"faces":{"east":{"uv":[1.6875,2.25,1.6875,2.4375],"texture":"#layer0","tintindex":0},"south":{"uv":[8.9375,10.25,9.3125,10.4375],"texture":"#layer0","tintindex":0},"north":{"uv":[6.125,10.25,6.5,10.4375],"texture":"#layer0","tintindex":0},"west":{"uv":[1.6875,2.5,1.6875,2.6875],"texture":"#layer0","tintindex":0},"up":{"uv":[6.25,3.9375,5.875,3.9375],"texture":"#layer0","tintindex":0},"down":{"uv":[6.3125,0.75,6.6875,0.75],"texture":"#layer0","tintindex":0}}},{"name":"torso_6","from":[1.9970958,6.039817,2.1499996],"to":[5.597096,7.839817,2.1499996],"rotation":{"angle":0.0,"axis":"z","origin":[8.0,0.8149986,8.0]},"faces":{"east":{"uv":[2.6875,2.9375,2.6875,3.125],"texture":"#layer0","tintindex":0},"south":{"uv":[9.8125,10.25,10.1875,10.4375],"texture":"#layer0","tintindex":0},"north":{"uv":[9.375,10.25,9.75,10.4375],"texture":"#layer0","tintindex":0},"west":{"uv":[2.6875,3.1875,2.6875,3.375],"texture":"#layer0","tintindex":0},"up":{"uv":[7.5,1.25,7.125,1.25],"texture":"#layer0","tintindex":0},"down":{"uv":[8.1875,4.125,8.5625,4.125],"texture":"#layer0","tintindex":0}}},{"name":"torso_7","from":[1.9970958,4.2398167,13.85],"to":[5.597096,9.639816,13.85],"rotation":{"angle":0.0,"axis":"z","origin":[8.0,0.8149986,8.0]},"faces":{"east":{"uv":[2.0625,3.8125,2.0625,4.375],"texture":"#layer0","tintindex":0},"south":{"uv":[2.25,8.875,2.625,9.4375],"texture":"#layer0","tintindex":0},"north":{"uv":[8.8125,8.375,9.1875,8.9375],"texture":"#layer0","tintindex":0},"west":{"uv":[4.0625,2.875,4.0625,3.4375],"texture":"#layer0","tintindex":0},"up":{"uv":[8.8125,4.875,8.4375,4.875],"texture":"#layer0","tintindex":0},"down":{"uv":[8.5625,3.3125,8.9375,3.3125],"texture":"#layer0","tintindex":0}}},{"name":"torso_8","from":[10.4029045,4.2398167,13.85],"to":[14.002905,9.639816,13.85],"rotation":{"angle":0.0,"axis":"z","origin":[8.0,0.8149986,8.0]},"faces":{"east":{"uv":[4.125,2.875,4.125,3.4375],"texture":"#layer0","tintindex":0},"south":{"uv":[3.125,8.875,3.5,9.4375],"texture":"#layer0","tintindex":0},"north":{"uv":[2.6875,8.875,3.0625,9.4375],"texture":"#layer0","tintindex":0},"west":{"uv":[5.0,3.1875,5.0,3.75],"texture":"#layer0","tintindex":0},"up":{"uv":[9.0,4.125,8.625,4.125],"texture":"#layer0","tintindex":0},"down":{"uv":[9.625,7.625,10.0,7.625],"texture":"#layer0","tintindex":0}}},{"name":"torso_9","from":[2.0029037,12.639816,2.7499998],"to":[5.602904,20.43982,3.35],"rotation":{"angle":0.0,"axis":"z","origin":[8.0,0.8149986,8.0]},"faces":{"east":{"uv":[3.9375,0.875,4.0,1.6875],"texture":"#layer0","tintindex":0},"south":{"uv":[4.3125,7.8125,4.6875,8.625],"texture":"#layer0","tintindex":0},"north":{"uv":[3.5,0.875,3.875,1.6875],"texture":"#layer0","tintindex":0},"west":{"uv":[7.3125,10.5,7.375,11.3125],"texture":"#layer0","tintindex":0},"up":{"uv":[4.0625,7.1875,3.6875,7.125],"texture":"#layer0","tintindex":0},"down":{"uv":[7.6875,3.375,8.0625,3.4375],"texture":"#layer0","tintindex":0}}},{"name":"torso_10","from":[2.0029037,20.91912,12.053354],"to":[5.602904,22.119122,13.253354],"rotation":{"angle":0.0,"axis":"z","origin":[8.0,0.8149986,8.0]},"faces":{"east":{"uv":[6.5,7.5625,6.625,7.6875],"texture":"#layer0","tintindex":0},"south":{"uv":[2.1875,10.5625,2.5625,10.6875],"texture":"#layer0","tintindex":0},"north":{"uv":[1.5,10.5625,1.875,10.6875],"texture":"#layer0","tintindex":0},"west":{"uv":[6.0625,8.4375,6.1875,8.5625],"texture":"#layer0","tintindex":0},"up":{"uv":[3.0,10.6875,2.625,10.5625],"texture":"#layer0","tintindex":0},"down":{"uv":[3.0625,10.5625,3.4375,10.6875],"texture":"#layer0","tintindex":0}}},{"name":"torso_11","from":[10.397096,20.91912,12.053354],"to":[13.997096,22.119122,13.253354],"rotation":{"angle":0.0,"axis":"z","origin":[8.0,0.8149986,8.0]},"faces":{"east":{"uv":[9.75,5.5,9.875,5.625],"texture":"#layer0","tintindex":0},"south":{"uv":[4.625,10.5625,5.0,10.6875],"texture":"#layer0","tintindex":0},"north":{"uv":[10.5625,3.6875,10.9375,3.8125],"texture":"#layer0","tintindex":0},"west":{"uv":[9.8125,8.5625,9.9375,8.6875],"texture":"#layer0","tintindex":0},"up":{"uv":[5.625,10.6875,5.25,10.5625],"texture":"#layer0","tintindex":0},"down":{"uv":[10.5625,7.5,10.9375,7.625],"texture":"#layer0","tintindex":0}}},{"name":"torso_12","from":[10.397096,12.639816,2.7499998],"to":[13.997096,20.43982,3.35],"rotation":{"angle":0.0,"axis":"z","origin":[8.0,0.8149986,8.0]},"faces":{"east":{"uv":[8.9375,10.5,9.0,11.3125],"texture":"#layer0","tintindex":0},"south":{"uv":[5.1875,7.8125,5.5625,8.625],"texture":"#layer0","tintindex":0},"north":{"uv":[4.75,7.8125,5.125,8.625],"texture":"#layer0","tintindex":0},"west":{"uv":[9.0625,10.5,9.125,11.3125],"texture":"#layer0","tintindex":0},"up":{"uv":[11.125,4.375,10.75,4.3125],"texture":"#layer0","tintindex":0},"down":{"uv":[4.625,10.75,5.0,10.8125],"texture":"#layer0","tintindex":0}}},{"name":"torso_13","from":[2.0029037,19.845459,4.538072],"to":[5.602904,28.845459,11.738072],"rotation":{"angle":22.5,"axis":"x","origin":[3.8029037,26.145458,4.838072]},"faces":{"east":{"uv":[0.6875,3.8125,1.4375,4.75],"texture":"#layer0","tintindex":0},"south":{"uv":[0.4375,7.75,0.8125,8.6875],"texture":"#layer0","tintindex":0},"north":{"uv":[0.0,7.625,0.375,8.5625],"texture":"#layer0","tintindex":0},"west":{"uv":[4.0625,0.875,4.8125,1.8125],"texture":"#layer0","tintindex":0},"up":{"uv":[6.0,8.5625,5.625,7.8125],"texture":"#layer0","tintindex":0},"down":{"uv":[7.8125,5.8125,8.1875,6.5625],"texture":"#layer0","tintindex":0}}},{"name":"torso_14","from":[2.0179033,21.661774,10.354113],"to":[5.5879035,25.86177,12.154112],"rotation":{"angle":-22.5,"axis":"x","origin":[3.8029037,26.161774,11.854113]},"faces":{"east":{"uv":[3.875,10.0,4.0625,10.4375],"texture":"#layer0","tintindex":0},"south":{"uv":[4.875,9.1875,5.25,9.625],"texture":"#layer0","tintindex":0},"north":{"uv":[5.5625,9.125,5.9375,9.5625],"texture":"#layer0","tintindex":0},"west":{"uv":[4.125,10.0,4.3125,10.4375],"texture":"#layer0","tintindex":0},"up":{"uv":[10.625,10.4375,10.25,10.25],"texture":"#layer0","tintindex":0},"down":{"uv":[10.3125,4.1875,10.6875,4.375],"texture":"#layer0","tintindex":0}}},{"name":"torso_15","from":[10.412096,21.661774,10.354113],"to":[13.982096,25.86177,12.154112],"rotation":{"angle":-22.5,"axis":"x","origin":[12.197096,26.161774,11.854113]},"faces":{"east":{"uv":[6.9375,10.0,7.125,10.4375],"texture":"#layer0","tintindex":0},"south":{"uv":[9.1875,9.0,9.5625,9.4375],"texture":"#layer0","tintindex":0},"north":{"uv":[9.1875,7.1875,9.5625,7.625],"texture":"#layer0","tintindex":0},"west":{"uv":[7.1875,10.0,7.375,10.4375],"texture":"#layer0","tintindex":0},"up":{"uv":[5.0,10.5,4.625,10.3125],"texture":"#layer0","tintindex":0},"down":{"uv":[5.25,10.3125,5.625,10.5],"texture":"#layer0","tintindex":0}}},{"name":"torso_16","from":[10.397096,19.845459,4.538072],"to":[13.997096,28.845459,11.738072],"rotation":{"angle":22.5,"axis":"x","origin":[12.197096,26.145458,4.838072]},"faces":{"east":{"uv":[4.0625,1.875,4.8125,2.8125],"texture":"#layer0","tintindex":0},"south":{"uv":[6.5,7.75,6.875,8.6875],"texture":"#layer0","tintindex":0},"north":{"uv":[0.875,7.75,1.25,8.6875],"texture":"#layer0","tintindex":0},"west":{"uv":[4.1875,2.875,4.9375,3.8125],"texture":"#layer0","tintindex":0},"up":{"uv":[8.1875,7.375,7.8125,6.625],"texture":"#layer0","tintindex":0},"down":{"uv":[7.8125,7.4375,8.1875,8.1875],"texture":"#layer0","tintindex":0}}},{"name":"torso_17","from":[3.5029044,4.2398167,2.6],"to":[10.102905,13.239819,2.6299999],"rotation":{"angle":0.0,"axis":"z","origin":[8.0,0.8149986,8.0]},"faces":{"east":{"uv":[8.3125,10.375,8.375,11.3125],"texture":"#layer0","tintindex":0},"south":{"uv":[4.0,4.75,4.6875,5.6875],"texture":"#layer0","tintindex":0},"north":{"uv":[3.25,4.75,3.9375,5.6875],"texture":"#layer0","tintindex":0},"west":{"uv":[7.75,10.4375,7.8125,11.375],"texture":"#layer0","tintindex":0},"up":{"uv":[11.125,4.125,10.4375,4.0625],"texture":"#layer0","tintindex":0},"down":{"uv":[10.5625,0.75,11.25,0.8125],"texture":"#layer0","tintindex":0}}},{"name":"torso_18","from":[-0.35732293,13.413696,3.1999998],"to":[15.842678,21.213696,13.400001],"rotation":{"angle":0.0,"axis":"z","origin":[8.0,0.8149986,8.0]},"faces":{"east":{"uv":[1.0,2.9375,2.0625,3.75],"texture":"#layer0","tintindex":0},"south":{"uv":[1.75,0.875,3.4375,1.6875],"texture":"#layer0","tintindex":0},"north":{"uv":[1.75,0.0,3.4375,0.8125],"texture":"#layer0","tintindex":0},"west":{"uv":[3.5,0.0,4.5625,0.8125],"texture":"#layer0","tintindex":0},"up":{"uv":[1.6875,1.0625,0.0,0.0],"texture":"#layer0","tintindex":0},"down":{"uv":[0.0,1.125,1.6875,2.1875],"texture":"#layer0","tintindex":0}}},{"name":"torso_19","from":[15.2,19.415,4.3999996],"to":[23.0,24.814999,12.2],"rotation":{"angle":22.5,"axis":"z","origin":[14.6,0.8149986,8.0]},"faces":{"east":{"uv":[6.6875,5.9375,7.5,6.5],"texture":"#layer0","tintindex":0},"south":{"uv":[6.6875,6.5625,7.5,7.125],"texture":"#layer0","tintindex":0},"north":{"uv":[6.6875,4.625,7.5,5.1875],"texture":"#layer0","tintindex":0},"west":{"uv":[6.8125,1.3125,7.625,1.875],"texture":"#layer0","tintindex":0},"up":{"uv":[5.0,4.6875,4.1875,3.875],"texture":"#layer0","tintindex":0},"down":{"uv":[4.625,0.0,5.4375,0.8125],"texture":"#layer0","tintindex":0}}},{"name":"torso_20","from":[-7.000001,19.415,4.43],"to":[0.7999997,24.814999,12.185],"rotation":{"angle":-22.5,"axis":"z","origin":[1.3999997,0.8149986,8.0]},"faces":{"east":{"uv":[7.0625,0.0,7.875,0.5625],"texture":"#layer0","tintindex":0},"south":{"uv":[0.4375,7.125,1.25,7.6875],"texture":"#layer0","tintindex":0},"north":{"uv":[6.8125,1.9375,7.625,2.5],"texture":"#layer0","tintindex":0},"west":{"uv":[7.125,0.625,7.9375,1.1875],"texture":"#layer0","tintindex":0},"up":{"uv":[2.3125,5.5625,1.5,4.75],"texture":"#layer0","tintindex":0},"down":{"uv":[2.375,4.75,3.1875,5.5625],"texture":"#layer0","tintindex":0}}},{"name":"torso_21","from":[15.2,24.814999,5.8999996],"to":[23.0,27.814999,10.67],"rotation":{"angle":22.5,"axis":"z","origin":[14.6,0.8149986,8.0]},"faces":{"east":{"uv":[9.25,2.875,9.75,3.1875],"texture":"#layer0","tintindex":0},"south":{"uv":[8.0625,4.9375,8.875,5.25],"texture":"#layer0","tintindex":0},"north":{"uv":[7.6875,3.0,8.5,3.3125],"texture":"#layer0","tintindex":0},"west":{"uv":[7.4375,9.25,7.9375,9.5625],"texture":"#layer0","tintindex":0},"up":{"uv":[8.0,5.75,7.1875,5.25],"texture":"#layer0","tintindex":0},"down":{"uv":[6.6875,7.1875,7.5,7.6875],"texture":"#layer0","tintindex":0}}},{"name":"torso_22","from":[-7.000001,24.814999,5.915],"to":[0.7999997,27.814999,10.685],"rotation":{"angle":-22.5,"axis":"z","origin":[1.3999997,0.8149986,8.0]},"faces":{"east":{"uv":[9.25,8.375,9.75,8.6875],"texture":"#layer0","tintindex":0},"south":{"uv":[8.1875,3.375,9.0,3.6875],"texture":"#layer0","tintindex":0},"north":{"uv":[8.0625,5.3125,8.875,5.625],"texture":"#layer0","tintindex":0},"west":{"uv":[9.375,5.6875,9.875,6.0],"texture":"#layer0","tintindex":0},"up":{"uv":[3.25,7.75,2.4375,7.25],"texture":"#layer0","tintindex":0},"down":{"uv":[3.3125,7.25,4.125,7.75],"texture":"#layer0","tintindex":0}}},{"name":"torso_23","from":[5.0,25.415,5.6],"to":[11.0,29.015,11.0],"rotation":{"angle":-22.5,"axis":"x","origin":[8.0,27.215,8.6]},"faces":{"east":{"uv":[7.4375,8.8125,8.0,9.1875],"texture":"#layer0","tintindex":0},"south":{"uv":[8.375,2.4375,9.0,2.8125],"texture":"#layer0","tintindex":0},"north":{"uv":[8.375,2.0,9.0,2.375],"texture":"#layer0","tintindex":0},"west":{"uv":[8.8125,7.9375,9.375,8.3125],"texture":"#layer0","tintindex":0},"up":{"uv":[8.3125,2.3125,7.6875,1.75],"texture":"#layer0","tintindex":0},"down":{"uv":[7.6875,2.375,8.3125,2.9375],"texture":"#layer0","tintindex":0}}},{"name":"torso_24","from":[4.3999996,20.614998,10.4],"to":[11.6,27.814999,17.6],"rotation":{"angle":0.0,"axis":"z","origin":[8.0,0.8149986,8.0]},"faces":{"east":{"uv":[5.5625,5.375,6.3125,6.125],"texture":"#layer0","tintindex":0},"south":{"uv":[0.8125,5.625,1.5625,6.375],"texture":"#layer0","tintindex":0},"north":{"uv":[5.5,0.0,6.25,0.75],"texture":"#layer0","tintindex":0},"west":{"uv":[1.625,5.625,2.375,6.375],"texture":"#layer0","tintindex":0},"up":{"uv":[3.1875,6.375,2.4375,5.625],"texture":"#layer0","tintindex":0},"down":{"uv":[3.25,5.75,4.0,6.5],"texture":"#layer0","tintindex":0}}},{"name":"torso_25","from":[14.6,8.014998,4.3999996],"to":[17.6,14.614998,12.8],"rotation":{"angle":0.0,"axis":"z","origin":[8.0,0.8149986,8.0]},"faces":{"east":{"uv":[4.875,0.875,5.75,1.5625],"texture":"#layer0","tintindex":0},"south":{"uv":[8.8125,7.1875,9.125,7.875],"texture":"#layer0","tintindex":0},"north":{"uv":[6.5,8.75,6.8125,9.4375],"texture":"#layer0","tintindex":0},"west":{"uv":[4.875,1.625,5.75,2.3125],"texture":"#layer0","tintindex":0},"up":{"uv":[8.3125,0.875,8.0,0.0],"texture":"#layer0","tintindex":0},"down":{"uv":[1.3125,8.0625,1.625,8.9375],"texture":"#layer0","tintindex":0}}},{"name":"torso_26","from":[5.0,18.814999,11.0],"to":[11.0,30.215,17.0],"rotation":{"angle":0.0,"axis":"z","origin":[8.0,0.8149986,8.0]},"faces":{"east":{"uv":[2.125,3.5,2.75,4.6875],"texture":"#layer0","tintindex":0},"south":{"uv":[2.8125,3.5,3.4375,4.6875],"texture":"#layer0","tintindex":0},"north":{"uv":[0.0,3.4375,0.625,4.625],"texture":"#layer0","tintindex":0},"west":{"uv":[3.5,3.5,4.125,4.6875],"texture":"#layer0","tintindex":0},"up":{"uv":[1.625,2.875,1.0,2.25],"texture":"#layer0","tintindex":0},"down":{"uv":[7.5,3.5,8.125,4.125],"texture":"#layer0","tintindex":0}}},{"name":"torso_27","from":[4.7,30.2,10.700001],"to":[11.3,30.2,17.3],"rotation":{"angle":0.0,"axis":"z","origin":[8.0,0.8149986,8.0]},"faces":{"east":{"uv":[10.8125,4.5625,11.5,4.5625],"texture":"#layer0","tintindex":0},"south":{"uv":[10.8125,4.625,11.5,4.625],"texture":"#layer0","tintindex":0},"north":{"uv":[10.8125,4.5,11.5,4.5],"texture":"#layer0","tintindex":0},"west":{"uv":[10.8125,4.9375,11.5,4.9375],"texture":"#layer0","tintindex":0},"up":{"uv":[6.625,5.1875,5.9375,4.5],"texture":"#layer0","tintindex":0},"down":{"uv":[6.3125,0.0,7.0,0.6875],"texture":"#layer0","tintindex":0}}},{"name":"torso_28","from":[4.7,30.2,10.700001],"to":[4.7,32.0,17.3],"rotation":{"angle":0.0,"axis":"z","origin":[8.0,0.8149986,8.0]},"faces":{"east":{"uv":[5.0625,4.5,5.75,4.6875],"texture":"#layer0","tintindex":0},"south":{"uv":[4.875,2.375,4.875,2.5625],"texture":"#layer0","tintindex":0},"north":{"uv":[2.0625,4.4375,2.0625,4.625],"texture":"#layer0","tintindex":0},"west":{"uv":[9.25,8.75,9.9375,8.9375],"texture":"#layer0","tintindex":0},"up":{"uv":[7.625,11.4375,7.625,10.75],"texture":"#layer0","tintindex":0},"down":{"uv":[7.6875,10.75,7.6875,11.4375],"texture":"#layer0","tintindex":0}}},{"name":"torso_29","from":[11.3,30.2,10.700001],"to":[11.3,32.0,17.3],"rotation":{"angle":0.0,"axis":"z","origin":[8.0,0.8149986,8.0]},"faces":{"east":{"uv":[9.5625,4.1875,10.25,4.375],"texture":"#layer0","tintindex":0},"south":{"uv":[4.9375,2.375,4.9375,2.5625],"texture":"#layer0","tintindex":0},"north":{"uv":[4.875,2.625,4.875,2.8125],"texture":"#layer0","tintindex":0},"west":{"uv":[9.625,9.0,10.3125,9.1875],"texture":"#layer0","tintindex":0},"up":{"uv":[3.5,11.5,3.5,10.8125],"texture":"#layer0","tintindex":0},"down":{"uv":[3.5625,10.8125,3.5625,11.5],"texture":"#layer0","tintindex":0}}},{"name":"torso_30","from":[4.7,30.2,17.3],"to":[11.3,32.0,17.3],"rotation":{"angle":0.0,"axis":"z","origin":[8.0,0.8149986,8.0]},"faces":{"east":{"uv":[4.9375,2.625,4.9375,2.8125],"texture":"#layer0","tintindex":0},"south":{"uv":[9.75,1.75,10.4375,1.9375],"texture":"#layer0","tintindex":0},"north":{"uv":[9.625,9.25,10.3125,9.4375],"texture":"#layer0","tintindex":0},"west":{"uv":[5.8125,4.5,5.8125,4.6875],"texture":"#layer0","tintindex":0},"up":{"uv":[11.5,3.5,10.8125,3.5],"texture":"#layer0","tintindex":0},"down":{"uv":[10.8125,3.5625,11.5,3.5625],"texture":"#layer0","tintindex":0}}},{"name":"torso_31","from":[4.7,30.2,10.700001],"to":[11.3,32.0,10.700001],"rotation":{"angle":0.0,"axis":"z","origin":[8.0,0.8149986,8.0]},"faces":{"east":{"uv":[5.875,4.5,5.875,4.6875],"texture":"#layer0","tintindex":0},"south":{"uv":[6.9375,9.75,7.625,9.9375],"texture":"#layer0","tintindex":0},"north":{"uv":[9.75,5.25,10.4375,5.4375],"texture":"#layer0","tintindex":0},"west":{"uv":[8.0,4.9375,8.0,5.125],"texture":"#layer0","tintindex":0},"up":{"uv":[11.5,3.625,10.8125,3.625],"texture":"#layer0","tintindex":0},"down":{"uv":[10.8125,4.4375,11.5,4.4375],"texture":"#layer0","tintindex":0}}},{"name":"torso_32","from":[1.9999998,11.014999,4.3999996],"to":[14.0,15.215,12.14],"rotation":{"angle":0.0,"axis":"z","origin":[8.0,0.8149986,8.0]},"faces":{"east":{"uv":[7.5625,4.4375,8.375,4.875],"texture":"#layer0","tintindex":0},"south":{"uv":[5.8125,0.8125,7.0625,1.25],"texture":"#layer0","tintindex":0},"north":{"uv":[5.0625,4.0,6.3125,4.4375],"texture":"#layer0","tintindex":0},"west":{"uv":[7.6875,1.25,8.5,1.6875],"texture":"#layer0","tintindex":0},"up":{"uv":[4.0,2.5625,2.75,1.75],"texture":"#layer0","tintindex":0},"down":{"uv":[2.75,2.625,4.0,3.4375],"texture":"#layer0","tintindex":0}}}],"display":{"head":{"translation":[0.0,20.971264,0.0],"rotation":[0.0,0.0,0.0],"scale":[3.8095,3.8095,3.8095]},"gui":{"translation":[0.0,0.0,0.0],"rotation":[35.0,225.0,0.0],"scale":[0.625,0.625,0.625]}}}