{"display":{"thirdperson_righthand":{"translation":[0,-1.75,2.5]},"thirdperson_lefthand":{"translation":[0,-1.75,2.5]},"firstperson_righthand":{"rotation":[5,0,0],"translation":[1.75,3.25,3.25],"scale":[0.7,0.7,0.7]},"firstperson_lefthand":{"translation":[1.75,3.5,0.25],"scale":[0.7,0.7,0.7]},"ground":{"scale":[0.4,0.4,0.4]},"gui":{"rotation":[-61.82,37.45,71.96],"translation":[0,0.25,0],"scale":[0.8,0.6,0.7]}},"texture_size":[64,64],"textures":{"3":"crates/skyrim_crate/auriels_bow","particle":"crates/skyrim_crate/auriels_bow"},"elements":[{"from":[7.1,10.1,2.1],"to":[8.9,11.9,7.9],"rotation":{"angle":45,"axis":"x","origin":[8,11,6.5]},"faces":{"north":{"uv":[4.75,1.5,5.25,2],"texture":"#3"},"east":{"uv":[4.25,3.5,5.75,4],"texture":"#3"},"south":{"uv":[4.75,2,5.25,2.5],"texture":"#3"},"west":{"uv":[4.25,4,5.75,4.5],"texture":"#3"},"up":{"uv":[3.75,6,3.25,4.5],"texture":"#3"},"down":{"uv":[4.25,4.5,3.75,6],"texture":"#3"}}},{"from":[7,11.5,1.75],"to":[9,20.5,3.75],"rotation":{"angle":22.5,"axis":"x","origin":[8,10.5,7.25]},"faces":{"north":{"uv":[3.25,0,3.75,2.25],"texture":"#3"},"east":{"uv":[3.25,2.25,3.75,4.5],"texture":"#3"},"south":{"uv":[3.75,0,4.25,2.25],"texture":"#3"},"west":{"uv":[3.75,2.25,4.25,4.5],"texture":"#3"},"up":{"uv":[5.25,3,4.75,2.5],"texture":"#3"},"down":{"uv":[5.25,3,4.75,3.5],"texture":"#3"}}},{"from":[7.5,4.5,5],"to":[8.5,11.5,7],"rotation":{"angle":0,"axis":"y","origin":[-3,-10,0]},"faces":{"north":{"uv":[4.25,4.5,4.5,6.25],"texture":"#3"},"east":{"uv":[4.25,0,4.75,1.75],"texture":"#3"},"south":{"uv":[4.5,4.5,4.75,6.25],"texture":"#3"},"west":{"uv":[4.25,1.75,4.75,3.5],"texture":"#3"},"up":{"uv":[5.5,0.5,5.25,0],"texture":"#3"},"down":{"uv":[5.5,0.5,5.25,1],"texture":"#3"}}},{"from":[7.5,20.5,6.25],"to":[8.5,23.5,8.25],"rotation":{"angle":0,"axis":"y","origin":[-3,-10.5,0.75]},"faces":{"north":{"uv":[4.75,4.5,5,5.25],"texture":"#3"},"east":{"uv":[4.75,0,5.25,0.75],"texture":"#3"},"south":{"uv":[5,4.5,5.25,5.25],"texture":"#3"},"west":{"uv":[4.75,0.75,5.25,1.5],"texture":"#3"},"up":{"uv":[5.5,1.5,5.25,1],"texture":"#3"},"down":{"uv":[5.5,1.5,5.25,2],"texture":"#3"}}},{"from":[8,19.5,3.25],"to":[8,30.5,10.25],"rotation":{"angle":0,"axis":"y","origin":[-3,-10.5,0.75]},"faces":{"north":{"uv":[0,0,0,2.75],"texture":"#3"},"east":{"uv":[1.5,0,3.25,2.75],"texture":"#3"},"south":{"uv":[0,0,0,2.75],"texture":"#3"},"west":{"uv":[1.5,2.75,3.25,5.5],"texture":"#3"},"up":{"uv":[0,1.75,0,0],"texture":"#3"},"down":{"uv":[0,0,0,1.75],"texture":"#3"}}},{"from":[7.1,4.1,2.1],"to":[8.9,5.9,7.9],"rotation":{"angle":-45,"axis":"x","origin":[8,5,6.5]},"faces":{"north":{"uv":[4.75,2,5.25,1.5],"texture":"#3"},"east":{"uv":[4.25,4,5.75,3.5],"texture":"#3"},"south":{"uv":[4.75,2.5,5.25,2],"texture":"#3"},"west":{"uv":[4.25,4.5,5.75,4],"texture":"#3"},"up":{"uv":[4.25,6,3.75,4.5],"texture":"#3"},"down":{"uv":[3.75,4.5,3.25,6],"texture":"#3"}}},{"from":[7,-4.5,1.75],"to":[9,4.5,3.75],"rotation":{"angle":-22.5,"axis":"x","origin":[8,5.5,7.25]},"faces":{"north":{"uv":[3.25,2.25,3.75,0],"texture":"#3"},"east":{"uv":[3.25,4.5,3.75,2.25],"texture":"#3"},"south":{"uv":[3.75,2.25,4.25,0],"texture":"#3"},"west":{"uv":[3.75,4.5,4.25,2.25],"texture":"#3"},"up":{"uv":[5.25,3.5,4.75,3],"texture":"#3"},"down":{"uv":[5.25,2.5,4.75,3],"texture":"#3"}}},{"from":[7.5,-7.5,6.25],"to":[8.5,-4.5,8.25],"rotation":{"angle":0,"axis":"y","origin":[-3,26.5,0.75]},"faces":{"north":{"uv":[4.75,5.25,5,4.5],"texture":"#3"},"east":{"uv":[4.75,0.75,5.25,0],"texture":"#3"},"south":{"uv":[5,5.25,5.25,4.5],"texture":"#3"},"west":{"uv":[4.75,1.5,5.25,0.75],"texture":"#3"},"up":{"uv":[5.5,2,5.25,1.5],"texture":"#3"},"down":{"uv":[5.5,1,5.25,1.5],"texture":"#3"}}},{"from":[8,-14.5,3.25],"to":[8,-3.5,10.25],"rotation":{"angle":0,"axis":"y","origin":[-3,26.5,0.75]},"faces":{"north":{"uv":[0,2.75,0,0],"texture":"#3"},"east":{"uv":[1.5,2.75,3.25,0],"texture":"#3"},"south":{"uv":[0,2.75,0,0],"texture":"#3"},"west":{"uv":[1.5,5.5,3.25,2.75],"texture":"#3"},"up":{"uv":[0,1.75,0,0],"texture":"#3"},"down":{"uv":[0,0,0,1.75],"texture":"#3"}}},{"from":[8,7,8.25],"to":[8,30,23.25],"rotation":{"angle":0,"axis":"y","origin":[-3,-10.5,0.75]},"faces":{"north":{"uv":[0,0,0,11.25],"texture":"#3"},"east":{"uv":[12.625,2.875,8.875,8.625],"texture":"#3"},"south":{"uv":[0,0,0,11.25],"texture":"#3"},"west":{"uv":[8.875,2.875,12.625,8.625],"texture":"#3"},"up":{"uv":[0,0.75,0,0],"texture":"#3"},"down":{"uv":[0,0,0,0.75],"texture":"#3"}}},{"from":[8,-15,8.25],"to":[8,8,23.25],"rotation":{"angle":0,"axis":"y","origin":[-3,26.5,0.75]},"faces":{"north":{"uv":[0,11.25,0,0],"texture":"#3"},"east":{"uv":[12.625,8.625,8.875,2.875],"texture":"#3"},"south":{"uv":[0,11.25,0,0],"texture":"#3"},"west":{"uv":[8.875,8.625,12.625,2.875],"texture":"#3"},"up":{"uv":[0,0.75,0,0],"texture":"#3"},"down":{"uv":[0,0,0,0.75],"texture":"#3"}}},{"from":[8,1.5,-8.75],"to":[8,12.5,16.25],"rotation":{"angle":0,"axis":"y","origin":[-3,-10.5,0.75]},"faces":{"north":{"uv":[0,0,0,11.25],"texture":"#3"},"east":{"uv":[6.25,12.75,0,15.5],"texture":"#3"},"south":{"uv":[0,0,0,11.25],"texture":"#3"},"west":{"uv":[0,12.75,6.25,15.5],"texture":"#3"},"up":{"uv":[0,0.75,0,0],"texture":"#3"},"down":{"uv":[0,0,0,0.75],"texture":"#3"}}}],"gui_light":"front"}