{"credit":"Copyright ManaLabs Inc","texture_size":[64,64],"textures":{"0":"manalabs:crates/lotr/legolas_bow","particle":"manalabs:crates/lotr/legolas_bow"},"elements":[{"from":[4,4,7],"to":[12,6,9],"rotation":{"angle":45,"axis":"x","origin":[8,5,8]},"faces":{"north":{"uv":[4.5,9.5,6.5,10],"texture":"#0"},"east":{"uv":[8,10.5,8.5,11],"texture":"#0"},"south":{"uv":[6.5,10,4.5,9.5],"texture":"#0"},"west":{"uv":[8.5,10.5,9,11],"texture":"#0"},"up":{"uv":[2,10,0,10.5],"texture":"#0"},"down":{"uv":[2,10,0,10.5],"texture":"#0"}}},{"from":[7.49,18.74,7.49],"to":[9.51,21.76,8.51],"rotation":{"angle":-22.5,"axis":"z","origin":[8.5,19.75,8]},"faces":{"north":{"uv":[3,10,3.5,10.75],"texture":"#0"},"east":{"uv":[0.5,11,0.75,11.75],"texture":"#0"},"south":{"uv":[3.5,10,3,10.75],"texture":"#0"},"west":{"uv":[11,0.5,11.25,1.25],"texture":"#0"},"up":{"uv":[2.5,11.25,2,11],"texture":"#0"},"down":{"uv":[11.5,2,11,2.25],"texture":"#0"}}},{"from":[7.5,18.75,6.5],"to":[8.5,21.75,8.5],"rotation":{"angle":-22.5,"axis":"x","origin":[8,19.75,7.5]},"faces":{"north":{"uv":[1,11,1.25,11.75],"texture":"#0"},"east":{"uv":[5,10.5,5.5,11.25],"texture":"#0"},"south":{"uv":[0.75,11,1,11.75],"texture":"#0"},"west":{"uv":[5.5,10.5,5,11.25],"texture":"#0"},"up":{"uv":[11.5,2.5,11,2.25],"rotation":90,"texture":"#0"},"down":{"uv":[3,11,2.5,11.25],"rotation":270,"texture":"#0"}}},{"from":[6.5,18.75,7.5],"to":[8.5,21.75,8.5],"rotation":{"angle":22.5,"axis":"z","origin":[7.5,19.75,8]},"faces":{"north":{"uv":[5,10.5,5.5,11.25],"texture":"#0"},"east":{"uv":[0.75,11,1,11.75],"texture":"#0"},"south":{"uv":[5.5,10.5,5,11.25],"texture":"#0"},"west":{"uv":[1,11,1.25,11.75],"texture":"#0"},"up":{"uv":[11.5,2.5,11,2.25],"texture":"#0"},"down":{"uv":[3,11,2.5,11.25],"texture":"#0"}}},{"from":[7.5,-1.25,7.5],"to":[8.5,18.75,8.5],"rotation":{"angle":45,"axis":"y","origin":[8,10.25,8]},"faces":{"north":{"uv":[3.5,9.5,3.75,14.5],"texture":"#0"},"east":{"uv":[3.75,9.5,4,14.5],"texture":"#0"},"south":{"uv":[3.5,9.5,3.75,14.5],"texture":"#0"},"west":{"uv":[3.75,9.5,4,14.5],"texture":"#0"},"up":{"uv":[10.75,11.25,10.5,11],"texture":"#0"},"down":{"uv":[11.25,10.5,11,10.75],"texture":"#0"}}},{"from":[7.49,18.74,7.49],"to":[8.51,21.76,9.51],"rotation":{"angle":22.5,"axis":"x","origin":[8,19.75,8.5]},"faces":{"north":{"uv":[11,0.5,11.25,1.25],"texture":"#0"},"east":{"uv":[3,10,3.5,10.75],"texture":"#0"},"south":{"uv":[0.5,11,0.75,11.75],"texture":"#0"},"west":{"uv":[3.5,10,3,10.75],"texture":"#0"},"up":{"uv":[2.5,11.25,2,11],"rotation":90,"texture":"#0"},"down":{"uv":[11.5,2,11,2.25],"rotation":270,"texture":"#0"}}},{"from":[7.29289,-2.25,7.5],"to":[8.29289,-1.25,8.5],"rotation":{"angle":45,"axis":"z","origin":[7.29289,-1.25,8]},"faces":{"north":{"uv":[9,10.5,9.25,10.75],"texture":"#0"},"east":{"uv":[11,4.5,11.25,4.75],"texture":"#0"},"south":{"uv":[10.5,9,10.75,9.25],"texture":"#0"},"west":{"uv":[11,5,11.25,5.25],"texture":"#0"},"up":{"uv":[11.25,5.75,11,5.5],"texture":"#0"},"down":{"uv":[11.25,5.75,11,6],"texture":"#0"}}},{"from":[-12,10,8],"to":[28,26,8],"rotation":{"angle":0,"axis":"y","origin":[10,11,8]},"faces":{"north":{"uv":[5.5,11.5,15.5,15.625],"texture":"#0"},"east":{"uv":[0,0,0,4.5],"texture":"#0"},"south":{"uv":[5.5,11.5,15.5,15.625],"texture":"#0"},"west":{"uv":[0,0,0,4.5],"texture":"#0"},"up":{"uv":[11,0,0,0],"texture":"#0"},"down":{"uv":[11,0,0,0],"texture":"#0"}}},{"from":[-9.25,5.5,7.5],"to":[4.75,7.5,8.5],"rotation":{"angle":-22.5,"axis":"z","origin":[0.75,6.5,8.5]},"faces":{"north":{"uv":[7,9,10.5,9.5],"texture":"#0"},"east":{"uv":[11,7,11.25,7.5],"texture":"#0"},"south":{"uv":[10.5,9,7,9.5],"texture":"#0"},"west":{"uv":[11,7.5,11.25,8],"texture":"#0"},"up":{"uv":[8,10.5,4.5,10.25],"texture":"#0"},"down":{"uv":[11.5,10.25,8,10.5],"texture":"#0"}}},{"from":[-12.09611,9.26071,7.51],"to":[-8.11611,11.24071,8.49],"rotation":{"angle":0,"axis":"y","origin":[-5.10611,10.25071,8.5]},"faces":{"north":{"uv":[1,10.5,2,11],"texture":"#0"},"east":{"uv":[11,8.75,11.25,9.25],"texture":"#0"},"south":{"uv":[2,10.5,1,11],"texture":"#0"},"west":{"uv":[9.25,11,9.5,11.5],"texture":"#0"},"up":{"uv":[11.5,10,10.5,9.75],"texture":"#0"},"down":{"uv":[10.5,10.75,9.5,11],"texture":"#0"}}},{"from":[-12.89901,8.3365,7.5],"to":[-10.89901,10.3365,8.5],"rotation":{"angle":-45,"axis":"z","origin":[-11.39901,9.8365,8]},"faces":{"north":{"uv":[0,11,0.5,11.5],"texture":"#0"},"east":{"uv":[9.5,11,9.75,11.5],"texture":"#0"},"south":{"uv":[0.5,11,0,11.5],"texture":"#0"},"west":{"uv":[9.75,11,10,11.5],"texture":"#0"},"up":{"uv":[11.5,9.5,11,9.25],"texture":"#0"},"down":{"uv":[10.5,11,10,11.25],"texture":"#0"}}},{"from":[11.25,5.5,7.5],"to":[25.25,7.5,8.5],"rotation":{"angle":22.5,"axis":"z","origin":[15.25,6.5,8.5]},"faces":{"north":{"uv":[10.5,9,7,9.5],"texture":"#0"},"east":{"uv":[11.25,7.5,11,8],"texture":"#0"},"south":{"uv":[7,9,10.5,9.5],"texture":"#0"},"west":{"uv":[11.25,7,11,7.5],"texture":"#0"},"up":{"uv":[4.5,10.5,8,10.25],"texture":"#0"},"down":{"uv":[8,10.25,11.5,10.5],"texture":"#0"}}},{"from":[24.11611,9.26071,7.51],"to":[28.09611,11.24071,8.49],"rotation":{"angle":0,"axis":"y","origin":[21.10611,10.25071,8.5]},"faces":{"north":{"uv":[2,10.5,1,11],"texture":"#0"},"east":{"uv":[9.5,11,9.25,11.5],"texture":"#0"},"south":{"uv":[1,10.5,2,11],"texture":"#0"},"west":{"uv":[11.25,8.75,11,9.25],"texture":"#0"},"up":{"uv":[10.5,10,11.5,9.75],"texture":"#0"},"down":{"uv":[9.5,10.75,10.5,11],"texture":"#0"}}},{"from":[26.89901,8.3365,7.5],"to":[28.89901,10.3365,8.5],"rotation":{"angle":45,"axis":"z","origin":[27.39901,9.8365,8]},"faces":{"north":{"uv":[0.5,11,0,11.5],"texture":"#0"},"east":{"uv":[10,11,9.75,11.5],"texture":"#0"},"south":{"uv":[0,11,0.5,11.5],"texture":"#0"},"west":{"uv":[9.75,11,9.5,11.5],"texture":"#0"},"up":{"uv":[11,9.5,11.5,9.25],"texture":"#0"},"down":{"uv":[10,11,10.5,11.25],"texture":"#0"}}}],"display":{"thirdperson_righthand":{"rotation":[90,90,0],"translation":[0,0.75,1.25],"scale":[0.6,0.6,0.6]},"thirdperson_lefthand":{"rotation":[90,90,0],"translation":[0,0.75,1.25],"scale":[0.6,0.6,0.6]},"firstperson_righthand":{"rotation":[110,86,0],"translation":[2.5,4,0],"scale":[0.6,0.6,0.6]},"firstperson_lefthand":{"rotation":[91,83,0],"translation":[2,4,0],"scale":[0.6,0.6,0.6]},"ground":{"rotation":[0,0,115],"translation":[0,10,0],"scale":[0.6,0.6,0.6]},"gui":{"rotation":[0,0,-134],"translation":[-0.75,0.75,0],"scale":[0.45,0.45,0.45]},"fixed":{"rotation":[0,0,-135],"translation":[-1,0.75,0],"scale":[0.6,0.6,0.6]}},"groups":[{"name":"root","origin":[8,8,8],"color":0,"children":[0,{"name":"group","origin":[7.29289,-7,8],"color":0,"children":[1,2,3,4,5,6]},7,8,9,10,11,12,13]}]}