{"file_name":"arm_right","texture_size":[32,32],"textures":{"layer0":"manamodels/gingerbread_minion"},"elements":[{"name":"arm_right_0","from":[7.7,4.1,7.25],"to":[8.9,8.3,8.45],"rotation":{"angle":0.0,"axis":"z","origin":[8.0,8.0,8.0]},"faces":{"east":{"uv":[0.0,8.0,1.0,11.5],"texture":"#layer0","tintindex":0},"south":{"uv":[8.5,6.0,7.5,9.5],"texture":"#layer0","tintindex":0},"north":{"uv":[7.5,6.0,8.5,9.5],"texture":"#layer0","tintindex":0},"west":{"uv":[1.0,8.0,0.0,11.5],"texture":"#layer0","tintindex":0},"up":{"uv":[11.0,6.0,10.0,5.0],"texture":"#layer0","tintindex":0},"down":{"uv":[10.5,6.0,11.5,7.0],"texture":"#layer0","tintindex":0}}}],"display":{"head":{"translation":[0.0,-6.4,0.0],"rotation":[0.0,0.0,0.0],"scale":[3.8095,3.8095,3.8095]},"gui":{"translation":[0.0,0.0,0.0],"rotation":[35.0,225.0,0.0],"scale":[0.625,0.625,0.625]}}}