{"display":{"gui":{"translation":[5.5,-6.5,0],"scale":[0.8,0.8,0.8]}},"texture_size":[32,32],"textures":{"2":"emoji/pins/flags/asia2","particle":"emoji/pins/flags/asia2"},"elements":[{"from":[-8,0,0],"to":[24,32,0],"rotation":{"angle":0,"axis":"y","origin":[0,6,0]},"faces":{"north":{"uv":[4,0,8,4],"texture":"#2","tintindex":0},"east":{"uv":[4,0,8,4],"texture":"#2","tintindex":0},"south":{"uv":[4,0,8,4],"texture":"#2","tintindex":0},"west":{"uv":[4,0,8,4],"texture":"#2","tintindex":0},"up":{"uv":[4,0,8,4],"texture":"#2","tintindex":0},"down":{"uv":[4,0,8,4],"texture":"#2","tintindex":0}}}],"gui_light":"front"}