{"file_name":"boxing_glove_right","texture_size":[128,128],"textures":{"layer0":"manamodels/kangaroo"},"elements":[{"name":"boxing_glove_right_0","from":[6.8,6.8,6.8],"to":[9.2,8.0,9.2],"rotation":{"angle":0.0,"axis":"z","origin":[8.0,8.0,8.0]},"faces":{"east":{"uv":[6.875,7.375,7.375,7.625],"texture":"#layer0","tintindex":0},"south":{"uv":[7.375,7.375,7.875,7.625],"texture":"#layer0","tintindex":0},"north":{"uv":[2.25,7.375,2.75,7.625],"texture":"#layer0","tintindex":0},"west":{"uv":[7.375,0.0,7.875,0.25],"texture":"#layer0","tintindex":0},"up":{"uv":[6.375,7.5,5.875,7.0],"texture":"#layer0","tintindex":0},"down":{"uv":[7.0,3.25,7.5,3.75],"texture":"#layer0","tintindex":0}}},{"name":"boxing_glove_right_1","from":[8.0,3.1999998,6.2],"to":[9.8,6.8,9.8],"rotation":{"angle":0.0,"axis":"z","origin":[8.0,8.0,8.0]},"faces":{"east":{"uv":[5.75,1.75,6.5,2.5],"texture":"#layer0","tintindex":0},"south":{"uv":[6.625,3.25,7.0,4.0],"texture":"#layer0","tintindex":0},"north":{"uv":[2.375,6.625,2.75,7.375],"texture":"#layer0","tintindex":0},"west":{"uv":[5.75,2.5,6.5,3.25],"texture":"#layer0","tintindex":0},"up":{"uv":[7.0,4.75,6.625,4.0],"texture":"#layer0","tintindex":0},"down":{"uv":[4.75,6.75,5.125,7.5],"texture":"#layer0","tintindex":0}}},{"name":"boxing_glove_right_2","from":[6.2,3.1999998,6.2],"to":[8.0,5.0,9.8],"rotation":{"angle":0.0,"axis":"z","origin":[8.0,8.0,8.0]},"faces":{"east":{"uv":[6.5,6.0,7.25,6.375],"texture":"#layer0","tintindex":0},"south":{"uv":[7.125,1.125,7.5,1.5],"texture":"#layer0","tintindex":0},"north":{"uv":[7.125,0.75,7.5,1.125],"texture":"#layer0","tintindex":0},"west":{"uv":[5.125,6.75,5.875,7.125],"texture":"#layer0","tintindex":0},"up":{"uv":[6.875,7.5,6.5,6.75],"texture":"#layer0","tintindex":0},"down":{"uv":[6.75,0.75,7.125,1.5],"texture":"#layer0","tintindex":0}}},{"name":"boxing_glove_right_3","from":[6.194,4.994,5.594],"to":[8.0060005,6.8059998,8.606],"rotation":{"angle":0.0,"axis":"z","origin":[8.0,8.0,8.0]},"faces":{"east":{"uv":[7.0,4.375,7.625,4.75],"texture":"#layer0","tintindex":0},"south":{"uv":[5.5,7.125,5.875,7.5],"texture":"#layer0","tintindex":0},"north":{"uv":[5.125,7.125,5.5,7.5],"texture":"#layer0","tintindex":0},"west":{"uv":[2.75,7.125,3.375,7.5],"texture":"#layer0","tintindex":0},"up":{"uv":[3.75,7.75,3.375,7.125],"texture":"#layer0","tintindex":0},"down":{"uv":[3.75,7.125,4.125,7.75],"texture":"#layer0","tintindex":0}}}],"display":{"head":{"translation":[0.0,-6.4,0.0],"rotation":[0.0,0.0,0.0],"scale":[3.8095,3.8095,3.8095]},"gui":{"translation":[0.0,0.0,0.0],"rotation":[35.0,225.0,0.0],"scale":[0.625,0.625,0.625]}}}