{"credit":"ManaCube","textures":{"0":"manalabs:wardrobe/head/clown","particle":"manalabs:wardrobe/head/clown"},"elements":[{"from":[6,5.75,-2],"to":[10,8.75,2],"faces":{"north":{"uv":[0.25,0.25,0.5,0.4375],"texture":"#0"},"east":{"uv":[0,0.25,0.25,0.4375],"texture":"#0"},"south":{"uv":[0.75,0.25,1,0.4375],"texture":"#0"},"west":{"uv":[0.5,0.25,0.75,0.4375],"texture":"#0"},"up":{"uv":[0.5,0.25,0.25,0],"texture":"#0"},"down":{"uv":[0.75,0,0.5,0.25],"texture":"#0"}}},{"from":[16.5,8,0.25],"to":[20.5,20,18.75],"faces":{"north":{"uv":[1.125,9.375,1.375,10.125],"texture":"#0"},"east":{"uv":[0,9.375,1.125,10.125],"texture":"#0"},"south":{"uv":[2.5,9.375,2.75,10.125],"texture":"#0"},"west":{"uv":[1.375,9.375,2.5,10.125],"texture":"#0"},"up":{"uv":[1.375,9.375,1.125,8.25],"texture":"#0"},"down":{"uv":[1.625,8.25,1.375,9.375],"texture":"#0"}}},{"from":[16.75,9,-0.75],"to":[19.5,19,17.75],"faces":{"north":{"uv":[9.625,6.4375,9.75,7.0625],"texture":"#0"},"east":{"uv":[8.5,6.4375,9.625,7.0625],"texture":"#0"},"south":{"uv":[10.875,6.4375,11,7.0625],"texture":"#0"},"west":{"uv":[9.75,6.4375,10.875,7.0625],"texture":"#0"},"up":{"uv":[9.75,6.4375,9.625,5.3125],"texture":"#0"},"down":{"uv":[9.875,5.3125,9.75,6.4375],"texture":"#0"}}},{"from":[-3.5,9,-0.75],"to":[-0.75,19,17.75],"faces":{"north":{"uv":[7.125,8.8125,7.25,9.4375],"texture":"#0"},"east":{"uv":[6,8.8125,7.125,9.4375],"texture":"#0"},"south":{"uv":[8.375,8.8125,8.5,9.4375],"texture":"#0"},"west":{"uv":[7.25,8.8125,8.375,9.4375],"texture":"#0"},"up":{"uv":[7.25,8.8125,7.125,7.6875],"texture":"#0"},"down":{"uv":[7.375,7.6875,7.25,8.8125],"texture":"#0"}}},{"from":[-6.5,10,5.25],"to":[22.5,16,13.75],"faces":{"north":{"uv":[3.9375,0.5,5.75,0.875],"texture":"#0"},"east":{"uv":[3.4375,0.5,3.9375,0.875],"texture":"#0"},"south":{"uv":[6.25,0.5,8.0625,0.875],"texture":"#0"},"west":{"uv":[5.75,0.5,6.25,0.875],"texture":"#0"},"up":{"uv":[5.75,0.5,3.9375,0],"texture":"#0"},"down":{"uv":[7.5625,0,5.75,0.5],"texture":"#0"}}},{"from":[-5.5,9,3.25],"to":[21.5,18,15.75],"faces":{"north":{"uv":[0.75,6,2.4375,6.5625],"texture":"#0"},"east":{"uv":[0,6,0.75,6.5625],"texture":"#0"},"south":{"uv":[3.1875,6,4.875,6.5625],"texture":"#0"},"west":{"uv":[2.4375,6,3.1875,6.5625],"texture":"#0"},"up":{"uv":[2.4375,6,0.75,5.25],"texture":"#0"},"down":{"uv":[4.125,5.25,2.4375,6],"texture":"#0"}}},{"from":[-4.5,8,0.25],"to":[-0.5,20,18.75],"faces":{"north":{"uv":[8.75,1.125,9,1.875],"texture":"#0"},"east":{"uv":[7.625,1.125,8.75,1.875],"texture":"#0"},"south":{"uv":[10.125,1.125,10.375,1.875],"texture":"#0"},"west":{"uv":[9,1.125,10.125,1.875],"texture":"#0"},"up":{"uv":[9,1.125,8.75,0],"texture":"#0"},"down":{"uv":[9.25,0,9,1.125],"texture":"#0"}}},{"from":[14.5,8,1.25],"to":[16.5,15,4.75],"faces":{"north":{"uv":[0.8125,0.8125,0.9375,1.25],"texture":"#0"},"east":{"uv":[0.625,0.8125,0.8125,1.25],"texture":"#0"},"south":{"uv":[1.125,0.8125,1.25,1.25],"texture":"#0"},"west":{"uv":[0.9375,0.8125,1.125,1.25],"texture":"#0"},"up":{"uv":[0.9375,0.8125,0.8125,0.625],"texture":"#0"},"down":{"uv":[1.0625,0.625,0.9375,0.8125],"texture":"#0"}}},{"from":[-0.5,8,1.25],"to":[1.5,15,4.75],"faces":{"north":{"uv":[0.1875,0.625,0.3125,1.0625],"texture":"#0"},"east":{"uv":[0,0.625,0.1875,1.0625],"texture":"#0"},"south":{"uv":[0.5,0.625,0.625,1.0625],"texture":"#0"},"west":{"uv":[0.3125,0.625,0.5,1.0625],"texture":"#0"},"up":{"uv":[0.3125,0.625,0.1875,0.4375],"texture":"#0"},"down":{"uv":[0.4375,0.4375,0.3125,0.625],"texture":"#0"}}},{"from":[-2.5,6,1],"to":[18.5,8,18.75],"faces":{"north":{"uv":[5.9375,6.3125,7.25,6.4375],"texture":"#0"},"east":{"uv":[4.875,6.3125,5.9375,6.4375],"texture":"#0"},"south":{"uv":[8.3125,6.3125,9.625,6.4375],"texture":"#0"},"west":{"uv":[7.25,6.3125,8.3125,6.4375],"texture":"#0"},"up":{"uv":[7.25,6.3125,5.9375,5.25],"texture":"#0"},"down":{"uv":[8.5625,5.25,7.25,6.3125],"texture":"#0"}}},{"from":[-3.75,17,2],"to":[19.75,22,16.75],"faces":{"north":{"uv":[4.875,7.3125,6.3125,7.625],"texture":"#0"},"east":{"uv":[4,7.3125,4.875,7.625],"texture":"#0"},"south":{"uv":[7.1875,7.3125,8.625,7.625],"texture":"#0"},"west":{"uv":[6.3125,7.3125,7.1875,7.625],"texture":"#0"},"up":{"uv":[6.3125,7.3125,4.875,6.4375],"texture":"#0"},"down":{"uv":[7.75,6.4375,6.3125,7.3125],"texture":"#0"}}},{"from":[-0.75,20,2],"to":[16.5,25,16.75],"faces":{"north":{"uv":[4.125,8.5,5.1875,8.8125],"texture":"#0"},"east":{"uv":[3.25,8.5,4.125,8.8125],"texture":"#0"},"south":{"uv":[6.0625,8.5,7.125,8.8125],"texture":"#0"},"west":{"uv":[5.1875,8.5,6.0625,8.8125],"texture":"#0"},"up":{"uv":[5.1875,8.5,4.125,7.625],"texture":"#0"},"down":{"uv":[6.25,7.625,5.1875,8.5],"texture":"#0"}}},{"from":[-0.25,14,-3],"to":[16.25,21,20.5],"faces":{"north":{"uv":[1.4375,1.4375,2.4375,1.875],"texture":"#0"},"east":{"uv":[0,1.4375,1.4375,1.875],"texture":"#0"},"south":{"uv":[3.875,1.4375,4.875,1.875],"texture":"#0"},"west":{"uv":[2.4375,1.4375,3.875,1.875],"texture":"#0"},"up":{"uv":[2.4375,1.4375,1.4375,0],"texture":"#0"},"down":{"uv":[3.4375,0,2.4375,1.4375],"texture":"#0"}}},{"from":[0,13,-2],"to":[16,16,17.5],"faces":{"north":{"uv":[1.4375,1.4375,2.4375,1.875],"texture":"#0"},"east":{"uv":[0,1.4375,1.4375,1.875],"texture":"#0"},"south":{"uv":[3.875,1.4375,4.875,1.875],"texture":"#0"},"west":{"uv":[2.4375,1.4375,3.875,1.875],"texture":"#0"},"up":{"uv":[2.4375,1.4375,1.4375,0],"texture":"#0"},"down":{"uv":[3.4375,0,2.4375,1.4375],"texture":"#0"}}},{"from":[-2,15,-1],"to":[17.75,23,18.5],"faces":{"north":{"uv":[4.75,4.75,5.9375,5.25],"texture":"#0"},"east":{"uv":[3.5625,4.75,4.75,5.25],"texture":"#0"},"south":{"uv":[7.125,4.75,8.3125,5.25],"texture":"#0"},"west":{"uv":[5.9375,4.75,7.125,5.25],"texture":"#0"},"up":{"uv":[5.9375,4.75,4.75,3.5625],"texture":"#0"},"down":{"uv":[7.125,3.5625,5.9375,4.75],"texture":"#0"}}},{"from":[-0.5,6,4.25],"to":[16.5,14,21],"faces":{"north":{"uv":[8.125,3.5,9.125,4],"texture":"#0"},"east":{"uv":[7.125,3.5,8.125,4],"texture":"#0"},"south":{"uv":[10.125,3.5,11.125,4],"texture":"#0"},"west":{"uv":[9.125,3.5,10.125,4],"texture":"#0"},"up":{"uv":[9.125,3.5,8.125,2.5],"texture":"#0"},"down":{"uv":[10.125,2.5,9.125,3.5],"texture":"#0"}}},{"from":[-3.25,9,3.4],"to":[19.25,19,20.15],"faces":{"north":{"uv":[4.875,1.875,6.25,2.5],"texture":"#0"},"east":{"uv":[3.875,1.875,4.875,2.5],"texture":"#0"},"south":{"uv":[7.25,1.875,8.625,2.5],"texture":"#0"},"west":{"uv":[6.25,1.875,7.25,2.5],"texture":"#0"},"up":{"uv":[6.25,1.875,4.875,0.875],"texture":"#0"},"down":{"uv":[7.625,0.875,6.25,1.875],"texture":"#0"}}},{"from":[-0.75,4.75,2],"to":[16.75,6,18.25],"faces":{"north":{"uv":[8.625,8.625,9.6875,8.6875],"texture":"#0"},"east":{"uv":[7.5625,8.625,8.625,8.6875],"texture":"#0"},"south":{"uv":[10.75,8.625,11.8125,8.6875],"texture":"#0"},"west":{"uv":[9.6875,8.625,10.75,8.6875],"texture":"#0"},"up":{"uv":[9.6875,8.625,8.625,7.5625],"texture":"#0"},"down":{"uv":[10.75,7.5625,9.6875,8.625],"texture":"#0"}}},{"from":[4.25,8.75,15],"to":[11.25,20.75,24],"faces":{"north":{"uv":[9.0625,9.25,9.5,10],"texture":"#0"},"east":{"uv":[8.5,9.25,9.0625,10],"texture":"#0"},"south":{"uv":[10.0625,9.25,10.5,10],"texture":"#0"},"west":{"uv":[9.5,9.25,10.0625,10],"texture":"#0"},"up":{"uv":[9.5,9.25,9.0625,8.6875],"texture":"#0"},"down":{"uv":[9.9375,8.6875,9.5,9.25],"texture":"#0"}}},{"from":[2.25,7.75,15],"to":[13.25,10.75,22.5],"faces":{"north":{"uv":[5.75,3.25,6.4375,3.4375],"texture":"#0"},"east":{"uv":[5.3125,3.25,5.75,3.4375],"texture":"#0"},"south":{"uv":[6.875,3.25,7.5625,3.4375],"texture":"#0"},"west":{"uv":[6.4375,3.25,6.875,3.4375],"texture":"#0"},"up":{"uv":[6.4375,3.25,5.75,2.8125],"texture":"#0"},"down":{"uv":[7.125,2.8125,6.4375,3.25],"texture":"#0"}}},{"from":[1.25,9.75,14],"to":[14.25,19.75,23],"faces":{"north":{"uv":[8.875,4.5625,9.6875,5.1875],"texture":"#0"},"east":{"uv":[8.3125,4.5625,8.875,5.1875],"texture":"#0"},"south":{"uv":[10.25,4.5625,11.0625,5.1875],"texture":"#0"},"west":{"uv":[9.6875,4.5625,10.25,5.1875],"texture":"#0"},"up":{"uv":[9.6875,4.5625,8.875,4],"texture":"#0"},"down":{"uv":[10.5,4,9.6875,4.5625],"texture":"#0"}}},{"from":[2.25,14.75,-4.5],"to":[13.25,20.75,4],"faces":{"north":{"uv":[2.875,4.1875,3.5625,4.5625],"texture":"#0"},"east":{"uv":[2.375,4.1875,2.875,4.5625],"texture":"#0"},"south":{"uv":[4.0625,4.1875,4.75,4.5625],"texture":"#0"},"west":{"uv":[3.5625,4.1875,4.0625,4.5625],"texture":"#0"},"up":{"uv":[3.5625,4.1875,2.875,3.6875],"texture":"#0"},"down":{"uv":[4.25,3.6875,3.5625,4.1875],"texture":"#0"}}},{"from":[5.5,19.75,14],"to":[10,22.75,23.25],"faces":{"north":{"uv":[3.75,9.375,4,9.5625],"texture":"#0"},"east":{"uv":[3.1875,9.375,3.75,9.5625],"texture":"#0"},"south":{"uv":[4.5625,9.375,4.8125,9.5625],"texture":"#0"},"west":{"uv":[4,9.375,4.5625,9.5625],"texture":"#0"},"up":{"uv":[4,9.375,3.75,8.8125],"texture":"#0"},"down":{"uv":[4.25,8.8125,4,9.375],"texture":"#0"}}},{"from":[5.5,22.75,20],"to":[10,24,22.25],"faces":{"north":{"uv":[0.5625,0.5625,0.8125,0.625],"texture":"#0"},"east":{"uv":[0.4375,0.5625,0.5625,0.625],"texture":"#0"},"south":{"uv":[0.9375,0.5625,1.1875,0.625],"texture":"#0"},"west":{"uv":[0.8125,0.5625,0.9375,0.625],"texture":"#0"},"up":{"uv":[0.8125,0.5625,0.5625,0.4375],"texture":"#0"},"down":{"uv":[1.0625,0.4375,0.8125,0.5625],"texture":"#0"}}},{"from":[2.25,19.75,14],"to":[13.25,22,21.75],"faces":{"north":{"uv":[9.0625,2.3125,9.75,2.4375],"texture":"#0"},"east":{"uv":[8.625,2.3125,9.0625,2.4375],"texture":"#0"},"south":{"uv":[10.1875,2.3125,10.875,2.4375],"texture":"#0"},"west":{"uv":[9.75,2.3125,10.1875,2.4375],"texture":"#0"},"up":{"uv":[9.75,2.3125,9.0625,1.875],"texture":"#0"},"down":{"uv":[10.4375,1.875,9.75,2.3125],"texture":"#0"}}},{"from":[1.25,20.75,14],"to":[14.25,23.25,20.25],"faces":{"north":{"uv":[0.375,5.125,1.1875,5.25],"texture":"#0"},"east":{"uv":[0,5.125,0.375,5.25],"texture":"#0"},"south":{"uv":[1.5625,5.125,2.375,5.25],"texture":"#0"},"west":{"uv":[1.1875,5.125,1.5625,5.25],"texture":"#0"},"up":{"uv":[1.1875,5.125,0.375,4.75],"texture":"#0"},"down":{"uv":[2,4.75,1.1875,5.125],"texture":"#0"}}},{"from":[5.25,19.75,-3.5],"to":[10.25,24.5,5],"faces":{"north":{"uv":[3.375,7.0625,3.6875,7.3125],"texture":"#0"},"east":{"uv":[2.875,7.0625,3.375,7.3125],"texture":"#0"},"south":{"uv":[4.1875,7.0625,4.5,7.3125],"texture":"#0"},"west":{"uv":[3.6875,7.0625,4.1875,7.3125],"texture":"#0"},"up":{"uv":[3.6875,7.0625,3.375,6.5625],"texture":"#0"},"down":{"uv":[4,6.5625,3.6875,7.0625],"texture":"#0"}}},{"from":[2.25,19.75,-3],"to":[13.25,23.75,5],"faces":{"north":{"uv":[3.875,3,4.5625,3.25],"texture":"#0"},"east":{"uv":[3.375,3,3.875,3.25],"texture":"#0"},"south":{"uv":[5.0625,3,5.75,3.25],"texture":"#0"},"west":{"uv":[4.5625,3,5.0625,3.25],"texture":"#0"},"up":{"uv":[4.5625,3,3.875,2.5],"texture":"#0"},"down":{"uv":[5.25,2.5,4.5625,3],"texture":"#0"}}},{"from":[5.25,22.75,12],"to":[10.25,25.25,21],"faces":{"north":{"uv":[4.6875,5.8125,5,5.9375],"texture":"#0"},"east":{"uv":[4.125,5.8125,4.6875,5.9375],"texture":"#0"},"south":{"uv":[5.5625,5.8125,5.875,5.9375],"texture":"#0"},"west":{"uv":[5,5.8125,5.5625,5.9375],"texture":"#0"},"up":{"uv":[5,5.8125,4.6875,5.25],"texture":"#0"},"down":{"uv":[5.3125,5.25,5,5.8125],"texture":"#0"}}},{"from":[4.25,24.75,4],"to":[11.25,27.25,14],"faces":{"north":{"uv":[2.25,8.875,2.6875,9],"texture":"#0"},"east":{"uv":[1.625,8.875,2.25,9],"texture":"#0"},"south":{"uv":[3.3125,8.875,3.75,9],"texture":"#0"},"west":{"uv":[2.6875,8.875,3.3125,9],"texture":"#0"},"up":{"uv":[2.6875,8.875,2.25,8.25],"texture":"#0"},"down":{"uv":[3.125,8.25,2.6875,8.875],"texture":"#0"}}},{"from":[5.25,23.75,-1.75],"to":[10.25,26.5,7],"faces":{"north":{"uv":[5.3125,9.4375,5.625,9.5625],"texture":"#0"},"east":{"uv":[4.8125,9.4375,5.3125,9.5625],"texture":"#0"},"south":{"uv":[6.125,9.4375,6.4375,9.5625],"texture":"#0"},"west":{"uv":[5.625,9.4375,6.125,9.5625],"texture":"#0"},"up":{"uv":[5.625,9.4375,5.3125,8.9375],"texture":"#0"},"down":{"uv":[5.9375,8.9375,5.625,9.4375],"texture":"#0"}}},{"from":[2.25,25.75,1],"to":[13.25,26.5,17],"faces":{"north":{"uv":[1,4.6875,1.6875,4.75],"texture":"#0"},"east":{"uv":[0,4.6875,1,4.75],"texture":"#0"},"south":{"uv":[2.6875,4.6875,3.375,4.75],"texture":"#0"},"west":{"uv":[1.6875,4.6875,2.6875,4.75],"texture":"#0"},"up":{"uv":[1.6875,4.6875,1,3.6875],"texture":"#0"},"down":{"uv":[2.375,3.6875,1.6875,4.6875],"texture":"#0"}}},{"from":[1.25,18.75,-1],"to":[14.25,25.75,19],"faces":{"north":{"uv":[1.25,7.8125,2.0625,8.25],"texture":"#0"},"east":{"uv":[0,7.8125,1.25,8.25],"texture":"#0"},"south":{"uv":[3.3125,7.8125,4.125,8.25],"texture":"#0"},"west":{"uv":[2.0625,7.8125,3.3125,8.25],"texture":"#0"},"up":{"uv":[2.0625,7.8125,1.25,6.5625],"texture":"#0"},"down":{"uv":[2.875,6.5625,2.0625,7.8125],"texture":"#0"}}}],"display":{"thirdperson_righthand":{"rotation":[61,0,0],"scale":[0.4,0.4,0.4]},"firstperson_righthand":{"scale":[0.4,0.4,0.4]},"ground":{"scale":[0.5,0.5,0.5]},"gui":{"rotation":[-15,-151,-9],"translation":[1,-3.75,0],"scale":[0.5,0.5,0.5]},"head":{"translation":[0,-1.75,0],"scale":[0.91,0.91,0.91]}}}