{"credit":"Copyright ManaLabs Inc","texture_size":[32,32],"textures":{"0":"manalabs:wardrobe/head/creeper_hat","particle":"manalabs:wardrobe/head/creeper_hat"},"elements":[{"from":[3.5,5.5,3.5],"to":[12.5,9.5,12.5],"rotation":{"angle":0,"axis":"y","origin":[4.5,0,4]},"faces":{"north":{"uv":[4.5,0,9,2],"texture":"#0","tintindex":0},"east":{"uv":[4.5,2,9,4],"texture":"#0","tintindex":0},"south":{"uv":[4.5,4,9,6],"texture":"#0","tintindex":0},"west":{"uv":[4.5,6,9,8],"texture":"#0","tintindex":0},"up":{"uv":[4.5,4.5,0,0],"texture":"#0","tintindex":0},"down":{"uv":[4.5,4.5,0,9],"texture":"#0","tintindex":0}}},{"from":[3.5,5.5,0.5],"to":[12.5,6.5,3.5],"rotation":{"angle":0,"axis":"y","origin":[4.5,0,4]},"faces":{"north":{"uv":[9,0,13.5,0.5],"texture":"#0","tintindex":0},"east":{"uv":[9,1,10.5,1.5],"texture":"#0","tintindex":0},"south":{"uv":[9,0.5,13.5,1],"texture":"#0","tintindex":0},"west":{"uv":[9,1.5,10.5,2],"texture":"#0","tintindex":0},"up":{"uv":[9,9.5,4.5,8],"texture":"#0","tintindex":0},"down":{"uv":[4.5,9,0,10.5],"texture":"#0","tintindex":0}}}],"display":{"thirdperson_righthand":{"translation":[0,1.25,1],"scale":[0.55,0.55,0.55]},"thirdperson_lefthand":{"translation":[0,1.25,1],"scale":[0.55,0.55,0.55]},"firstperson_righthand":{"rotation":[0,112,-16],"translation":[1.13,3.2,1.13],"scale":[0.38,0.38,0.38]},"firstperson_lefthand":{"rotation":[0,112,-16],"translation":[1.13,3.2,1.13],"scale":[0.38,0.38,0.38]},"ground":{"translation":[0,2,0],"scale":[0.5,0.5,0.5]},"gui":{"rotation":[22,131,0],"translation":[1,0.25,0]},"head":{"translation":[0,6.75,-0.5],"scale":[1.7,1.7,1.7]},"fixed":{"rotation":[-91,0,0],"translation":[0,0,-2.5]}}}