{"credit":"Copyright ManaLabs Inc","texture_size":[64,64],"textures":{"0":"manalabs:wardrobe/head/druid_hat","particle":"manalabs:wardrobe/head/druid_hat"},"elements":[{"from":[2,1.41982,1.8844],"to":[14,6.41982,1.8844],"rotation":{"angle":22.5,"axis":"x","origin":[4,5.91982,2.8844]},"faces":{"north":{"uv":[7,2,10,3.25],"texture":"#0"},"east":{"uv":[0,0,0,1.25],"texture":"#0"},"south":{"uv":[0,7.5,3,8.75],"texture":"#0"},"west":{"uv":[0,0,0,1.25],"texture":"#0"},"up":{"uv":[3,0,0,0],"texture":"#0"},"down":{"uv":[3,0,0,0],"texture":"#0"}}},{"from":[2,1.41982,1.8844],"to":[2,6.41982,14.8844],"rotation":{"angle":22.5,"axis":"x","origin":[4,5.91982,2.8844]},"faces":{"north":{"uv":[0,0,0,1.25],"texture":"#0"},"east":{"uv":[5,3.75,8.25,5],"texture":"#0"},"south":{"uv":[0,0,0,1.25],"texture":"#0"},"west":{"uv":[5,5,8.25,6.25],"texture":"#0"},"up":{"uv":[0,3.25,0,0],"texture":"#0"},"down":{"uv":[0,0,0,3.25],"texture":"#0"}}},{"from":[14,1.41982,1.8844],"to":[14,6.41982,14.8844],"rotation":{"angle":22.5,"axis":"x","origin":[12,5.91982,2.8844]},"faces":{"north":{"uv":[0,0,0,1.25],"texture":"#0"},"east":{"uv":[0,6.25,3.25,7.5],"texture":"#0"},"south":{"uv":[0,0,0,1.25],"texture":"#0"},"west":{"uv":[3.25,6.25,6.5,7.5],"texture":"#0"},"up":{"uv":[0,3.25,0,0],"texture":"#0"},"down":{"uv":[0,0,0,3.25],"texture":"#0"}}},{"from":[2,1.41982,14.8844],"to":[14,6.41982,14.8844],"rotation":{"angle":22.5,"axis":"x","origin":[4,5.91982,2.8844]},"faces":{"north":{"uv":[3,7.5,6,8.75],"texture":"#0"},"east":{"uv":[0,0,0,1.25],"texture":"#0"},"south":{"uv":[8.25,3.25,11.25,4.5],"texture":"#0"},"west":{"uv":[0,0,0,1.25],"texture":"#0"},"up":{"uv":[3,0,0,0],"texture":"#0"},"down":{"uv":[3,0,0,0],"texture":"#0"}}},{"from":[2.75,6.41982,2.6344],"to":[13.25,9.41982,2.6344],"rotation":{"angle":22.5,"axis":"x","origin":[4,5.91982,2.8844]},"faces":{"north":{"uv":[0,10.25,2.75,11],"texture":"#0"},"east":{"uv":[0,0,0,0.75],"texture":"#0"},"south":{"uv":[2.75,10.25,5.5,11],"texture":"#0"},"west":{"uv":[0,0,0,0.75],"texture":"#0"},"up":{"uv":[2.75,0,0,0],"texture":"#0"},"down":{"uv":[2.75,0,0,0],"texture":"#0"}}},{"from":[2.75,6.41982,2.6344],"to":[2.75,9.41982,13.1344],"rotation":{"angle":22.5,"axis":"x","origin":[4,5.91982,2.8844]},"faces":{"north":{"uv":[0,0,0,0.75],"texture":"#0"},"east":{"uv":[3.25,8.75,6,9.5],"texture":"#0"},"south":{"uv":[0,0,0,0.75],"texture":"#0"},"west":{"uv":[0,9.5,2.75,10.25],"texture":"#0"},"up":{"uv":[0,2.75,0,0],"texture":"#0"},"down":{"uv":[0,0,0,2.75],"texture":"#0"}}},{"from":[13.25,6.41982,2.6344],"to":[13.25,9.41982,13.1344],"rotation":{"angle":22.5,"axis":"x","origin":[12,5.91982,2.8844]},"faces":{"north":{"uv":[0,0,0,0.75],"texture":"#0"},"east":{"uv":[2.75,9.5,5.5,10.25],"texture":"#0"},"south":{"uv":[0,0,0,0.75],"texture":"#0"},"west":{"uv":[8,9.75,10.75,10.5],"texture":"#0"},"up":{"uv":[0,2.75,0,0],"texture":"#0"},"down":{"uv":[0,0,0,2.75],"texture":"#0"}}},{"from":[2.75,6.41982,13.1344],"to":[13.25,9.41982,13.1344],"rotation":{"angle":22.5,"axis":"x","origin":[4,5.91982,2.8844]},"faces":{"north":{"uv":[10,1.5,12.75,2.25],"texture":"#0"},"east":{"uv":[0,0,0,0.75],"texture":"#0"},"south":{"uv":[10,2.25,12.75,3],"texture":"#0"},"west":{"uv":[0,0,0,0.75],"texture":"#0"},"up":{"uv":[2.75,0,0,0],"texture":"#0"},"down":{"uv":[2.75,0,0,0],"texture":"#0"}}},{"from":[1,6.41982,0.8844],"to":[15,6.41982,15.8844],"rotation":{"angle":22.5,"axis":"x","origin":[4,5.91982,2.8844]},"faces":{"north":{"uv":[0,0,3.5,0],"texture":"#0"},"east":{"uv":[0,0,3.75,0],"texture":"#0"},"south":{"uv":[0,0,3.5,0],"texture":"#0"},"west":{"uv":[0,0,3.75,0],"texture":"#0"},"up":{"uv":[3.5,3.75,0,0],"texture":"#0"},"down":{"uv":[7,0,3.5,3.75],"texture":"#0"}}},{"from":[2,7.14713,-1.77202],"to":[14,7.14713,1.22798],"rotation":{"angle":0,"axis":"y","origin":[8,7.14713,1.22798]},"faces":{"north":{"uv":[0,0,3,0],"texture":"#0"},"east":{"uv":[0,0,0.75,0],"texture":"#0"},"south":{"uv":[0,0,3,0],"texture":"#0"},"west":{"uv":[0,0,0.75,0],"texture":"#0"},"up":{"uv":[12,1.5,9,0.75],"texture":"#0"},"down":{"uv":[11,9,8,9.75],"texture":"#0"}}},{"from":[1,6.41982,0.8844],"to":[1,9.41982,15.8844],"rotation":{"angle":22.5,"axis":"x","origin":[4,5.91982,2.8844]},"faces":{"north":{"uv":[0,0,0,0.75],"texture":"#0"},"east":{"uv":[8.25,4.5,12,5.25],"texture":"#0"},"south":{"uv":[0,0,0,0.75],"texture":"#0"},"west":{"uv":[8.25,5.25,12,6],"texture":"#0"},"up":{"uv":[0,3.75,0,0],"texture":"#0"},"down":{"uv":[0,0,0,3.75],"texture":"#0"}}},{"from":[15,6.41982,0.8844],"to":[15,9.41982,15.8844],"rotation":{"angle":22.5,"axis":"x","origin":[12,5.91982,2.8844]},"faces":{"north":{"uv":[0,0,0,0.75],"texture":"#0"},"east":{"uv":[8,8.25,11.75,9],"texture":"#0"},"south":{"uv":[0,0,0,0.75],"texture":"#0"},"west":{"uv":[8.5,6,12.25,6.75],"texture":"#0"},"up":{"uv":[0,3.75,0,0],"texture":"#0"},"down":{"uv":[0,0,0,3.75],"texture":"#0"}}},{"from":[12,6.41982,0.8844],"to":[15,9.41982,0.8844],"rotation":{"angle":22.5,"axis":"x","origin":[12,5.91982,2.8844]},"faces":{"north":{"uv":[8.5,11.5,9.25,12.25],"texture":"#0"},"east":{"uv":[0,0,0,0.75],"texture":"#0"},"south":{"uv":[9.25,11.5,10,12.25],"texture":"#0"},"west":{"uv":[0,0,0,0.75],"texture":"#0"},"up":{"uv":[0.75,0,0,0],"texture":"#0"},"down":{"uv":[0.75,0,0,0],"texture":"#0"}}},{"from":[1,6.41982,0.8844],"to":[4,9.41982,0.8844],"rotation":{"angle":22.5,"axis":"x","origin":[4,5.91982,2.8844]},"faces":{"north":{"uv":[10,11.5,10.75,12.25],"texture":"#0"},"east":{"uv":[0,0,0,0.75],"texture":"#0"},"south":{"uv":[10.75,11.5,11.5,12.25],"texture":"#0"},"west":{"uv":[0,0,0,0.75],"texture":"#0"},"up":{"uv":[0.75,0,0,0],"texture":"#0"},"down":{"uv":[0.75,0,0,0],"texture":"#0"}}},{"from":[1,6.41982,15.8844],"to":[15,9.41982,15.8844],"rotation":{"angle":22.5,"axis":"x","origin":[4,5.91982,2.8844]},"faces":{"north":{"uv":[8.5,6.75,12,7.5],"texture":"#0"},"east":{"uv":[0,0,0,0.75],"texture":"#0"},"south":{"uv":[8.5,7.5,12,8.25],"texture":"#0"},"west":{"uv":[0,0,0,0.75],"texture":"#0"},"up":{"uv":[3.5,0,0,0],"texture":"#0"},"down":{"uv":[3.5,0,0,0],"texture":"#0"}}},{"from":[3,6.41982,2.8844],"to":[13,9.41982,12.8844],"rotation":{"angle":22.5,"axis":"x","origin":[4,5.91982,2.8844]},"faces":{"north":{"uv":[10.75,9.75,13.25,10.5],"texture":"#0"},"east":{"uv":[11,9,13.5,9.75],"texture":"#0"},"south":{"uv":[11.25,3,13.75,3.75],"texture":"#0"},"west":{"uv":[11.25,3.75,13.75,4.5],"texture":"#0"},"up":{"uv":[2.5,6.25,0,3.75],"texture":"#0"},"down":{"uv":[5,3.75,2.5,6.25],"texture":"#0"}}},{"from":[4,9.41982,3.8844],"to":[12,13.41982,11.8844],"rotation":{"angle":22.5,"axis":"x","origin":[4,5.91982,2.8844]},"faces":{"north":{"uv":[8,10.5,10,11.5],"texture":"#0"},"east":{"uv":[10,10.5,12,11.5],"texture":"#0"},"south":{"uv":[0,11,2,12],"texture":"#0"},"west":{"uv":[2,11,4,12],"texture":"#0"},"up":{"uv":[8.5,8.25,6.5,6.25],"texture":"#0"},"down":{"uv":[9,0,7,2],"texture":"#0"}}},{"from":[6,13.41982,5.8844],"to":[10,16.41982,18.8844],"rotation":{"angle":22.5,"axis":"x","origin":[4,5.91982,2.8844]},"faces":{"north":{"uv":[6.5,11.5,7.5,12.25],"texture":"#0"},"east":{"uv":[0,8.75,3.25,9.5],"texture":"#0"},"south":{"uv":[7.5,11.5,8.5,12.25],"texture":"#0"},"west":{"uv":[9,0,12.25,0.75],"texture":"#0"},"up":{"uv":[7,11.5,6,8.25],"texture":"#0"},"down":{"uv":[8,8.25,7,11.5],"texture":"#0"}}},{"from":[6,11.41982,16.8844],"to":[10,13.41982,18.8844],"rotation":{"angle":22.5,"axis":"x","origin":[4,5.91982,2.8844]},"faces":{"north":{"uv":[7,3.25,8,3.75],"texture":"#0"},"east":{"uv":[6,7.5,6.5,8],"texture":"#0"},"south":{"uv":[9,1.5,10,2],"texture":"#0"},"west":{"uv":[5.5,9.5,6,10],"texture":"#0"},"up":{"uv":[12.5,12,11.5,11.5],"texture":"#0"},"down":{"uv":[12.75,8.25,11.75,8.75],"texture":"#0"}}},{"from":[8,8.41982,13.8844],"to":[8,13.41982,18.8844],"rotation":{"angle":22.5,"axis":"x","origin":[4,5.91982,2.8844]},"faces":{"north":{"uv":[0,0,0,1.25],"texture":"#0"},"east":{"uv":[4,11,5.25,12.25],"texture":"#0"},"south":{"uv":[0,0,0,1.25],"texture":"#0"},"west":{"uv":[5.25,11.5,6.5,12.75],"texture":"#0"},"up":{"uv":[0,1.25,0,0],"texture":"#0"},"down":{"uv":[0,0,0,1.25],"texture":"#0"}}}],"gui_light":"front","display":{"thirdperson_righthand":{"rotation":[68,30,0],"translation":[0,2.25,0],"scale":[0.5,0.5,0.5]},"thirdperson_lefthand":{"rotation":[68,30,0],"translation":[0,2.25,0],"scale":[0.5,0.5,0.5]},"firstperson_righthand":{"translation":[2.25,1.75,0],"scale":[0.4,0.4,0.4]},"firstperson_lefthand":{"translation":[2.25,1.75,0],"scale":[0.4,0.4,0.4]},"ground":{"translation":[0,5,0],"scale":[0.5,0.5,0.5]},"gui":{"rotation":[35,153,-10],"translation":[-0.5,0.25,0],"scale":[0.79,0.79,0.79]},"head":{"translation":[0,7.5,0],"scale":[1.8,1.8,1.8]},"fixed":{"translation":[0,0,-1.5]}},"groups":[{"name":"druid_hat","origin":[4,5.91982,2.8844],"color":0,"children":[{"name":"attachements","origin":[4,5.91982,2.8844],"color":0,"children":[0,1,2,3]},{"name":"band","origin":[4,5.91982,2.8844],"color":0,"children":[4,5,6,7]},8,9,10,11,12,13,14,15,16,17,18,19]}]}