{"credit":"tatum","textures":{"0":"manalabs:wardrobe/head/summerglasses","particle":"manalabs:wardrobe/head/summerglasses"},"elements":[{"from":[2.5,-1,3],"to":[7.5,3,4],"rotation":{"angle":-22.5,"axis":"z","origin":[5,1,3.5]},"faces":{"north":{"uv":[0,6,5,10],"texture":"#0","tintindex":0},"east":{"uv":[0,10,1,14],"texture":"#0","tintindex":0},"south":{"uv":[5,6,0,10],"texture":"#0","tintindex":0},"west":{"uv":[1,10,2,14],"texture":"#0","tintindex":0},"up":{"uv":[13,5,8,4],"texture":"#0","tintindex":0},"down":{"uv":[13,5,8,6],"texture":"#0","tintindex":0}}},{"from":[6.5,0,3.11],"to":[9.5,2,3.99],"rotation":{"angle":0,"axis":"y","origin":[2.5,0,0]},"faces":{"north":{"uv":[8,0,11,2],"texture":"#0","tintindex":0},"east":{"uv":[10,6,11,8],"texture":"#0","tintindex":0},"south":{"uv":[8,2,11,4],"texture":"#0","tintindex":0},"west":{"uv":[8,10,9,12],"texture":"#0","tintindex":0},"up":{"uv":[5,11,2,10],"texture":"#0","tintindex":0},"down":{"uv":[8,10,5,11],"texture":"#0","tintindex":0}}},{"from":[3.5,0,4],"to":[3.5,3,12],"rotation":{"angle":0,"axis":"x","origin":[3.5,2,4.5]},"faces":{"north":{"uv":[0,3,8,6],"texture":"#0","tintindex":0},"east":{"uv":[0,3,8,6],"texture":"#0","tintindex":0},"south":{"uv":[0,3,8,6],"texture":"#0","tintindex":0},"west":{"uv":[8,3,0,6],"texture":"#0","tintindex":0},"up":{"uv":[0,3,8,6],"texture":"#0","tintindex":0},"down":{"uv":[0,3,8,6],"texture":"#0","tintindex":0}}},{"from":[8.5,-1,3],"to":[13.5,3,4],"rotation":{"angle":22.5,"axis":"z","origin":[11,1,3.5]},"faces":{"north":{"uv":[5,6,0,10],"texture":"#0","tintindex":0},"east":{"uv":[2,10,1,14],"texture":"#0","tintindex":0},"south":{"uv":[0,6,5,10],"texture":"#0","tintindex":0},"west":{"uv":[1,10,0,14],"texture":"#0","tintindex":0},"up":{"uv":[8,5,13,4],"texture":"#0","tintindex":0},"down":{"uv":[8,5,13,6],"texture":"#0","tintindex":0}}},{"from":[12.5,0,4],"to":[12.5,3,12],"rotation":{"angle":0,"axis":"x","origin":[12.5,2,4.5]},"faces":{"north":{"uv":[8,3,0,6],"texture":"#0","tintindex":0},"east":{"uv":[0,3,8,6],"texture":"#0","tintindex":0},"south":{"uv":[8,3,0,6],"texture":"#0","tintindex":0},"west":{"uv":[8,3,0,6],"texture":"#0","tintindex":0},"up":{"uv":[8,3,0,6],"texture":"#0","tintindex":0},"down":{"uv":[8,3,0,6],"texture":"#0","tintindex":0}}}],"display":{"thirdperson_righthand":{"translation":[0,3,1],"scale":[0.55,0.55,0.55]},"thirdperson_lefthand":{"translation":[0,3,1],"scale":[0.55,0.55,0.55]},"firstperson_righthand":{"rotation":[0,-8.25,0],"translation":[3.25,2.5,-2.75],"scale":[0.43945,0.43945,0.43945]},"firstperson_lefthand":{"rotation":[0,-8.25,0],"translation":[3.25,2,-2.75],"scale":[0.43945,0.43945,0.43945]},"ground":{"translation":[0,5.25,0],"scale":[0.75391,0.75391,0.75391]},"gui":{"rotation":[30,225,0],"translation":[-0.75,5.75,0],"scale":[0.91602,0.91602,0.91602]},"head":{"translation":[0,9.5,0],"scale":[1.61,1.61,1.61]}},"mcmodels":"bcf4ec67bfa8fe0cecda29df88908935"}