{"credit":"ManaLabsInc","texture_size":[64,64],"textures":{"0":"manalabs:wardrobe/head/tetrishat","particle":"manalabs:wardrobe/head/tetrishat"},"elements":[{"from":[0,14,0],"to":[16,16,5],"faces":{"north":{"uv":[10,8.5,14,9],"texture":"#0"},"east":{"uv":[6.5,6,7.75,6.5],"texture":"#0"},"south":{"uv":[10,9,14,9.5],"texture":"#0"},"west":{"uv":[7.75,6,9,6.5],"texture":"#0"},"up":{"uv":[7,10.75,3,9.5],"texture":"#0"},"down":{"uv":[11,9.5,7,10.75],"texture":"#0"}}},{"from":[0,0,0],"to":[16,2,5],"rotation":{"angle":0,"axis":"y","origin":[8,-5,8]},"faces":{"north":{"uv":[5,10.75,9,11.25],"texture":"#0"},"east":{"uv":[11,9.5,12.25,10],"texture":"#0"},"south":{"uv":[9,10.75,13,11.25],"texture":"#0"},"west":{"uv":[11,10,12.25,10.5],"texture":"#0"},"up":{"uv":[13.5,4.25,9.5,3],"texture":"#0"},"down":{"uv":[13.5,4.25,9.5,5.5],"texture":"#0"}}},{"from":[14,2,0],"to":[16,14,5],"faces":{"north":{"uv":[5,11.25,5.5,14.25],"texture":"#0"},"east":{"uv":[0,10,1.25,13],"texture":"#0"},"south":{"uv":[5.5,11.25,6,14.25],"texture":"#0"},"west":{"uv":[1.25,10,2.5,13],"texture":"#0"},"up":{"uv":[6.5,8.25,6,7],"texture":"#0"},"down":{"uv":[6.5,8.25,6,9.5],"texture":"#0"}}},{"from":[2,2,0.5],"to":[14,14,5],"rotation":{"angle":0,"axis":"y","origin":[5,8,8]},"faces":{"north":{"uv":[6.5,3,9.5,6],"texture":"#0"},"east":{"uv":[10,0,11.25,3],"texture":"#0"},"south":{"uv":[0,7,3,10],"texture":"#0"},"west":{"uv":[10,5.5,11.25,8.5],"texture":"#0"},"up":{"uv":[6,8.25,3,7],"texture":"#0"},"down":{"uv":[6,8.25,3,9.5],"texture":"#0"}}},{"from":[0,2,0],"to":[2,14,5],"rotation":{"angle":0,"axis":"y","origin":[-5,8,8]},"faces":{"north":{"uv":[6,11.25,6.5,14.25],"texture":"#0"},"east":{"uv":[2.5,10.75,3.75,13.75],"texture":"#0"},"south":{"uv":[6.5,11.25,7,14.25],"texture":"#0"},"west":{"uv":[3.75,10.75,5,13.75],"texture":"#0"},"up":{"uv":[7.5,12.5,7,11.25],"texture":"#0"},"down":{"uv":[8,11.25,7.5,12.5],"texture":"#0"}}},{"from":[1,1,4],"to":[15,15,16],"rotation":{"angle":0,"axis":"y","origin":[8,8,12]},"faces":{"north":{"uv":[0,0,3.5,3.5],"texture":"#0"},"east":{"uv":[3.5,3.5,6.5,7],"texture":"#0"},"south":{"uv":[0,3.5,3.5,7],"texture":"#0"},"west":{"uv":[3.5,0,6.5,3.5],"texture":"#0"},"up":{"uv":[10,9.5,6.5,6.5],"texture":"#0"},"down":{"uv":[10,0,6.5,3],"texture":"#0"}}},{"from":[7,15,7],"to":[9,16,9],"rotation":{"angle":0,"axis":"y","origin":[16,23,15]},"faces":{"north":{"uv":[0,0,0.5,0.25],"texture":"#0"},"east":{"uv":[0,0,0.5,0.25],"texture":"#0"},"south":{"uv":[0,0,0.5,0.25],"texture":"#0"},"west":{"uv":[0,0,0.5,0.25],"texture":"#0"},"up":{"uv":[0,0,0.5,0.5],"texture":"#0"},"down":{"uv":[0,0,0.5,0.5],"texture":"#0"}}},{"from":[8.25,16,7.75],"to":[8.75,23,8.25],"rotation":{"angle":-22.5,"axis":"z","origin":[8,16,7.5]},"faces":{"north":{"uv":[0,0,0.125,1.75],"texture":"#0"},"east":{"uv":[0,0,0.125,1.75],"texture":"#0"},"south":{"uv":[0,0,0.125,1.75],"texture":"#0"},"west":{"uv":[0,0,0.125,1.75],"texture":"#0"},"up":{"uv":[0,0,0.125,0.125],"texture":"#0"},"down":{"uv":[0,0,0.125,0.125],"texture":"#0"}}},{"from":[8,22.25,7.5],"to":[9,23.25,8.5],"rotation":{"angle":-22.5,"axis":"z","origin":[8,16,7.5]},"faces":{"north":{"uv":[0,0,0.25,0.25],"texture":"#0"},"east":{"uv":[0,0,0.25,0.25],"texture":"#0"},"south":{"uv":[0,0,0.25,0.25],"texture":"#0"},"west":{"uv":[0,0,0.25,0.25],"texture":"#0"},"up":{"uv":[0,0,0.25,0.25],"texture":"#0"},"down":{"uv":[0,0,0.25,0.25],"texture":"#0"}}},{"from":[7,19.25,7.5],"to":[8,20.25,8.5],"rotation":{"angle":22.5,"axis":"z","origin":[8,16,7.5]},"faces":{"north":{"uv":[0.25,0,0.5,0.25],"texture":"#0"},"east":{"uv":[0.25,0,0.5,0.25],"texture":"#0"},"south":{"uv":[0.25,0,0.5,0.25],"texture":"#0"},"west":{"uv":[0.25,0,0.5,0.25],"texture":"#0"},"up":{"uv":[0.25,0,0.5,0.25],"texture":"#0"},"down":{"uv":[0.25,0,0.5,0.25],"texture":"#0"}}},{"from":[7.25,16,7.75],"to":[7.75,20,8.25],"rotation":{"angle":22.5,"axis":"z","origin":[8,16,7.5]},"faces":{"north":{"uv":[0.25,0,0.375,1],"texture":"#0"},"east":{"uv":[0.25,0,0.375,1],"texture":"#0"},"south":{"uv":[0.25,0,0.375,1],"texture":"#0"},"west":{"uv":[0.25,0,0.375,1],"texture":"#0"},"up":{"uv":[0.25,0,0.375,0.125],"texture":"#0"},"down":{"uv":[0.25,0,0.375,0.125],"texture":"#0"}}}],"display":{"ground":{"translation":[0,4.25,0]},"gui":{"rotation":[0,-153,0],"translation":[-0.25,-2,0],"scale":[0.7,0.7,0.7]}},"groups":[{"name":"main","origin":[8,8,12],"children":[0,1,2,3,4,5,6,7,8,9,10]}]}