{"credit":"Copyright ManaLabs Inc","texture_size":[64,64],"textures":{"0":"manalabs:wardrobe/head/trials_mask","particle":"manalabs:wardrobe/head/trials_mask"},"elements":[{"from":[9.65,0,2],"to":[14.65,8,4],"rotation":{"angle":-22.5,"axis":"y","origin":[8,3,-2]},"faces":{"north":{"uv":[8.25,2,9.5,4],"texture":"#0"},"east":{"uv":[1.25,9,1.75,11],"texture":"#0"},"south":{"uv":[8.25,4.25,9.5,6.25],"texture":"#0"},"west":{"uv":[9.5,4.25,10,6.25],"texture":"#0"},"up":{"uv":[11.25,4.75,10,4.25],"texture":"#0"},"down":{"uv":[11.25,4.75,10,5.25],"texture":"#0"}}},{"from":[1.35,0,2],"to":[6.35,8,4],"rotation":{"angle":22.5,"axis":"y","origin":[8,3,-2]},"faces":{"north":{"uv":[11.25,2,12.5,4],"texture":"#0"},"east":{"uv":[10,4.25,9.5,6.25],"texture":"#0"},"south":{"uv":[9.5,4.25,8.25,6.25],"texture":"#0"},"west":{"uv":[1.75,9,1.25,11],"texture":"#0"},"up":{"uv":[10,4.75,11.25,4.25],"texture":"#0"},"down":{"uv":[10,4.75,11.25,5.25],"texture":"#0"}}},{"from":[6.32322,-2.25,3.5],"to":[10.32322,1.75,4.5],"rotation":{"angle":45,"axis":"z","origin":[7.82322,-0.5,3.75]},"faces":{"north":{"uv":[2.25,5,3.25,6],"texture":"#0"},"east":{"uv":[2,7,2.25,8],"texture":"#0"},"south":{"uv":[3.25,5,2.25,6],"texture":"#0"},"west":{"uv":[1.75,9,2,10],"texture":"#0"},"up":{"uv":[11,9.75,10,9.5],"texture":"#0"},"down":{"uv":[10.75,10,9.75,10.25],"texture":"#0"}}},{"from":[3.5,4.5,4.5],"to":[12.5,6.5,12.5],"rotation":{"angle":0,"axis":"y","origin":[11.15,4,-2]},"faces":{"north":{"uv":[8.25,6.5,10.5,7],"texture":"#0"},"east":{"uv":[8.25,7.5,10.25,8],"texture":"#0"},"south":{"uv":[8.25,7,10.5,7.5],"texture":"#0"},"west":{"uv":[3.75,10,5.75,10.5],"texture":"#0"},"up":{"uv":[6.25,2,4,0],"texture":"#0"},"down":{"uv":[6.25,2,4,4],"texture":"#0"}}},{"from":[6.49,4.49,11.49],"to":[9.51,6.51,13.51],"rotation":{"angle":0,"axis":"y","origin":[11.15,4,-2]},"faces":{"north":{"uv":[3.25,5,4,5.5],"texture":"#0"},"east":{"uv":[10.25,0,10.75,0.5],"texture":"#0"},"south":{"uv":[3.25,5.5,4,6],"texture":"#0"},"west":{"uv":[10.25,0.5,10.75,1],"texture":"#0"},"up":{"uv":[10.75,8.5,10,8],"texture":"#0"},"down":{"uv":[10.75,8.5,10,9],"texture":"#0"}}},{"from":[5.61,4.51,11.61],"to":[6.59,6.49,13.59],"rotation":{"angle":45,"axis":"y","origin":[6,5.5,12.5]},"faces":{"north":{"uv":[8,10.25,8.25,10.75],"texture":"#0"},"east":{"uv":[10.25,1,10.75,1.5],"texture":"#0"},"south":{"uv":[8.25,10.25,8.5,10.75],"texture":"#0"},"west":{"uv":[10.25,1.5,10.75,2],"texture":"#0"},"up":{"uv":[8.75,10.75,8.5,10.25],"texture":"#0"},"down":{"uv":[9,10.25,8.75,10.75],"texture":"#0"}}},{"from":[9.41,4.51,11.61],"to":[10.39,6.49,13.59],"rotation":{"angle":-45,"axis":"y","origin":[10,5.5,12.5]},"faces":{"north":{"uv":[9.75,10.25,10,10.75],"texture":"#0"},"east":{"uv":[7,10.25,7.5,10.75],"texture":"#0"},"south":{"uv":[10,10.25,10.25,10.75],"texture":"#0"},"west":{"uv":[7.5,10.25,8,10.75],"texture":"#0"},"up":{"uv":[10.5,10.75,10.25,10.25],"texture":"#0"},"down":{"uv":[4,10.5,3.75,11],"texture":"#0"}}},{"from":[5.61,2.51,11.61],"to":[6.59,3.49,13.59],"rotation":{"angle":45,"axis":"y","origin":[6,3.5,12.5]},"faces":{"north":{"uv":[9,10.5,9.25,10.75],"texture":"#0"},"east":{"uv":[10.25,7.75,10.75,8],"texture":"#0"},"south":{"uv":[9.25,10.5,9.5,10.75],"texture":"#0"},"west":{"uv":[4,10.5,4.5,10.75],"texture":"#0"},"up":{"uv":[4.75,11,4.5,10.5],"texture":"#0"},"down":{"uv":[5,10.5,4.75,11],"texture":"#0"}}},{"from":[6.49,2.49,11.49],"to":[9.51,3.51,13.51],"rotation":{"angle":0,"axis":"y","origin":[11.15,2,-2]},"faces":{"north":{"uv":[10,9.75,10.75,10],"texture":"#0"},"east":{"uv":[5,10.5,5.5,10.75],"texture":"#0"},"south":{"uv":[10.25,7.5,11,7.75],"texture":"#0"},"west":{"uv":[5.5,10.5,6,10.75],"texture":"#0"},"up":{"uv":[9.75,10.5,9,10],"texture":"#0"},"down":{"uv":[10.75,9,10,9.5],"texture":"#0"}}},{"from":[9.41,2.51,11.61],"to":[10.39,3.49,13.59],"rotation":{"angle":-45,"axis":"y","origin":[10,3.5,12.5]},"faces":{"north":{"uv":[9.5,10.5,9.75,10.75],"texture":"#0"},"east":{"uv":[6,10.5,6.5,10.75],"texture":"#0"},"south":{"uv":[10.5,10.25,10.75,10.5],"texture":"#0"},"west":{"uv":[6.5,10.5,7,10.75],"texture":"#0"},"up":{"uv":[10.75,7,10.5,6.5],"texture":"#0"},"down":{"uv":[10.75,7,10.5,7.5],"texture":"#0"}}},{"from":[3.5,2.5,4.5],"to":[12.5,3.5,12.5],"rotation":{"angle":0,"axis":"y","origin":[11.15,5,-2]},"faces":{"north":{"uv":[10,5.75,12.25,6],"texture":"#0"},"east":{"uv":[10,6.25,12,6.5],"texture":"#0"},"south":{"uv":[10,6,12.25,6.25],"texture":"#0"},"west":{"uv":[7,10,9,10.25],"texture":"#0"},"up":{"uv":[6.25,6,4,4],"texture":"#0"},"down":{"uv":[2.25,5,0,7],"texture":"#0"}}},{"from":[10.07708,3,2.5],"to":[18.07708,13,2.5],"rotation":{"angle":-22.5,"axis":"y","origin":[7.92708,3,-2.5]},"faces":{"north":{"uv":[0,2.5,2,5],"texture":"#0"},"east":{"uv":[0,0,0,2.5],"texture":"#0"},"south":{"uv":[2,2.5,0,5],"texture":"#0"},"west":{"uv":[0,0,0,2.5],"texture":"#0"},"up":{"uv":[2,0,0,0],"texture":"#0"},"down":{"uv":[2,0,0,0],"texture":"#0"}}},{"from":[-2.07708,3,2.5],"to":[5.92292,13,2.5],"rotation":{"angle":22.5,"axis":"y","origin":[8.07292,3,-2.5]},"faces":{"north":{"uv":[2,2.5,0,5],"texture":"#0"},"east":{"uv":[0,0,0,2.5],"texture":"#0"},"south":{"uv":[0,2.5,2,5],"texture":"#0"},"west":{"uv":[0,0,0,2.5],"texture":"#0"},"up":{"uv":[0,0,2,0],"texture":"#0"},"down":{"uv":[0,0,2,0],"texture":"#0"}}}],"display":{"thirdperson_righthand":{"rotation":[50.25,0,0],"translation":[0,1,2.75],"scale":[0.4,0.4,0.4]},"thirdperson_lefthand":{"rotation":[62.5,0,0],"translation":[0,0.75,3],"scale":[0.4,0.4,0.4]},"gui":{"rotation":[23,153,0],"translation":[0,3.5,0]},"head":{"translation":[0,7.25,-0.25],"scale":[1.76,1.76,1.76]},"fixed":{"translation":[0,4.75,3],"scale":[1.2,1.2,1.2]}},"groups":[{"name":"root","origin":[8,8,8],"color":0,"children":[0,1,2,3,4,5,6,7,8,9,10,11,12]}]}