{"file_name":"head","texture_size":[32,32],"textures":{"0":"crates/mystery_crate/riddlers_cane","particle":"crates/mystery_crate/riddlers_cane"},"elements":[{"from":[7,-15,7],"to":[9,16,9],"rotation":{"angle":45,"axis":"y","origin":[8,-15,8]},"faces":{"north":{"uv":[0,0,1,15.5],"texture":"#0"},"east":{"uv":[1,0,0,15.5],"texture":"#0"},"south":{"uv":[4,0,3,15.5],"texture":"#0"},"west":{"uv":[3,0,4,15.5],"texture":"#0"},"up":{"uv":[6,9,5,8],"texture":"#0"},"down":{"uv":[5,11,4,12],"texture":"#0"}}},{"from":[7,14.75,8.66421],"to":[9,22.75,10.66421],"rotation":{"angle":45,"axis":"x","origin":[8,17.5,9.41421]},"faces":{"north":{"uv":[4,0,5,4],"texture":"#0"},"east":{"uv":[4,4,5,8],"texture":"#0"},"south":{"uv":[5,0,6,4],"texture":"#0"},"west":{"uv":[5,4,6,8],"texture":"#0"},"up":{"uv":[12,5.5,11,4.5],"texture":"#0"},"down":{"uv":[12,5.5,11,6.5],"texture":"#0"}}},{"from":[7,20.75,1.66421],"to":[9,22.75,8.66421],"rotation":{"angle":45,"axis":"x","origin":[8,17.5,9.41421]},"faces":{"north":{"uv":[6,11,7,12],"texture":"#0"},"east":{"uv":[6,0,9.5,1],"texture":"#0"},"south":{"uv":[11,6.5,12,7.5],"texture":"#0"},"west":{"uv":[6,1,9.5,2],"texture":"#0"},"up":{"uv":[7,5.5,6,2],"texture":"#0"},"down":{"uv":[7,5.5,6,9],"texture":"#0"}}},{"from":[7,14.75,1.66421],"to":[9,20.75,3.66421],"rotation":{"angle":45,"axis":"x","origin":[8,17.5,9.41421]},"faces":{"north":{"uv":[7,2,8,5],"texture":"#0"},"east":{"uv":[7,5,8,8],"texture":"#0"},"south":{"uv":[8,2,9,5],"texture":"#0"},"west":{"uv":[4,8,5,11],"texture":"#0"},"up":{"uv":[8,12,7,11],"texture":"#0"},"down":{"uv":[9,11,8,12],"texture":"#0"}}},{"from":[7,14.75,3.66421],"to":[9,17.75,6.66421],"rotation":{"angle":45,"axis":"x","origin":[8,17.5,9.41421]},"faces":{"north":{"uv":[10.5,1.5,11.5,3],"texture":"#0"},"east":{"uv":[8,5,9.5,6.5],"texture":"#0"},"south":{"uv":[10.5,3,11.5,4.5],"texture":"#0"},"west":{"uv":[8,6.5,9.5,8],"texture":"#0"},"up":{"uv":[6,12,5,10.5],"texture":"#0"},"down":{"uv":[12,0,11,1.5],"texture":"#0"}}},{"from":[6.5,9,6.5],"to":[9.5,10,9.5],"rotation":{"angle":45,"axis":"y","origin":[8,-15,8]},"faces":{"north":{"uv":[11.5,2.5,13,3],"texture":"#0"},"east":{"uv":[11.5,3,13,3.5],"texture":"#0"},"south":{"uv":[11.5,3.5,13,4],"texture":"#0"},"west":{"uv":[11.5,4,13,4.5],"texture":"#0"},"up":{"uv":[6.5,10.5,5,9],"texture":"#0"},"down":{"uv":[11,0,9.5,1.5],"texture":"#0"}}},{"from":[6.5,11,6.5],"to":[9.5,12,9.5],"rotation":{"angle":45,"axis":"y","origin":[8,-15,8]},"faces":{"north":{"uv":[11.5,2.5,13,3],"texture":"#0"},"east":{"uv":[11.5,3,13,3.5],"texture":"#0"},"south":{"uv":[11.5,3.5,13,4],"texture":"#0"},"west":{"uv":[11.5,4,13,4.5],"texture":"#0"},"up":{"uv":[6.5,10.5,5,9],"texture":"#0"},"down":{"uv":[11,0,9.5,1.5],"texture":"#0"}}},{"from":[6.5,13,6.5],"to":[9.5,14,9.5],"rotation":{"angle":45,"axis":"y","origin":[8,-15,8]},"faces":{"north":{"uv":[11.5,2.5,13,3],"texture":"#0"},"east":{"uv":[11.5,3,13,3.5],"texture":"#0"},"south":{"uv":[11.5,3.5,13,4],"texture":"#0"},"west":{"uv":[11.5,4,13,4.5],"texture":"#0"},"up":{"uv":[6.5,10.5,5,9],"texture":"#0"},"down":{"uv":[11,0,9.5,1.5],"texture":"#0"}}},{"from":[6.5,-16,6.5],"to":[9.5,-13,9.5],"rotation":{"angle":0,"axis":"y","origin":[8.5,-15,8]},"faces":{"north":{"uv":[9.5,5,11,6.5],"texture":"#0"},"east":{"uv":[9.5,5,11,6.5],"texture":"#0"},"south":{"uv":[9.5,6.5,11,8],"texture":"#0"},"west":{"uv":[8,9.5,9.5,11],"texture":"#0"},"up":{"uv":[11,11,9.5,9.5],"texture":"#0"},"down":{"uv":[11.5,8,10,9.5],"texture":"#0"}}}],"display":{"thirdperson_righthand":{"translation":[0,5.5,1.75],"scale":[0.8,0.8,0.8]},"thirdperson_lefthand":{"translation":[0,5.5,1.75],"scale":[0.8,0.8,0.8]},"firstperson_righthand":{"rotation":[-4,0,0],"translation":[1.75,3.5,1.75],"scale":[0.6,0.6,0.6]},"firstperson_lefthand":{"rotation":[-4,0,0],"translation":[1.75,3.5,1.75],"scale":[0.6,0.6,0.6]},"ground":{"rotation":[45,0,0],"translation":[0,8.5,0],"scale":[0.6,0.6,0.6]},"gui":{"rotation":[90,43,-90],"translation":[1,1,0],"scale":[0.45,0.45,0.45]},"head":{"rotation":[-87,118,86],"translation":[4,-37.25,6.75],"scale":[1.7,1.7,1.7]},"fixed":{"rotation":[91.46,46.71,-91.06],"translation":[1.25,1.75,0],"scale":[0.6,0.6,0.6]}}}