{"display":{"head":{"translation":[0,11.75,0],"scale":[2.5,2.5,2.55]}},"texture_size":[64,64],"textures":{"0":"crates/mystery_crate/smoke_1","particle":"crates/mystery_crate/smoke_1"},"elements":[{"from":[2,1,1.5],"to":[14,9,14.5],"rotation":{"angle":0,"axis":"y","origin":[7,6,9.5]},"faces":{"north":{"uv":[3.25,8,6.25,10],"texture":"#0"},"east":{"uv":[3.25,8,6.5,10],"texture":"#0"},"south":{"uv":[6.5,8,9.5,10],"texture":"#0"},"west":{"uv":[6.5,8,9.75,10],"texture":"#0"},"up":{"uv":[3,6.75,0,3.5],"texture":"#0"},"down":{"uv":[3,3.5,0,6.75],"texture":"#0"}}},{"from":[3,9,2.5],"to":[13,10,13.5],"rotation":{"angle":0,"axis":"y","origin":[7,6,9.5]},"faces":{"north":{"uv":[3.75,9.75,6,10],"texture":"#0"},"east":{"uv":[3.5,9.75,6.25,10],"texture":"#0"},"south":{"uv":[6.5,9.75,9.75,10],"texture":"#0"},"west":{"uv":[7.25,9.75,9.25,10],"texture":"#0"},"up":{"uv":[2.75,6.5,0.25,3.75],"texture":"#0"},"down":{"uv":[3,3.5,0,6.75],"texture":"#0"}}},{"from":[3,0,2.5],"to":[13,1,13.5],"rotation":{"angle":0,"axis":"y","origin":[7,6,9.5]},"faces":{"north":{"uv":[3.75,9.75,6,10],"texture":"#0"},"east":{"uv":[3.5,9.75,6.25,10],"texture":"#0"},"south":{"uv":[6.5,9.75,9.75,10],"texture":"#0"},"west":{"uv":[7.25,9.75,9.25,10],"texture":"#0"},"up":{"uv":[2.75,6.5,0.25,3.75],"texture":"#0"},"down":{"uv":[3,3.5,0,6.75],"texture":"#0"}}},{"from":[1.5,0.75,1],"to":[14.5,9.75,15],"rotation":{"angle":0,"axis":"y","origin":[6.5,6,10.5]},"faces":{"north":{"uv":[6.25,5.75,9.5,8],"texture":"#0"},"east":{"uv":[6,5.75,9.5,8],"texture":"#0"},"south":{"uv":[6.25,5.75,9.5,8],"texture":"#0"},"west":{"uv":[6,5.75,9.5,8],"texture":"#0"},"up":{"uv":[3.25,3.5,0,0],"texture":"#0"},"down":{"uv":[3.25,0,0,3.5],"texture":"#0"}}},{"from":[2.5,9.5,2],"to":[13.5,10.5,14],"rotation":{"angle":0,"axis":"y","origin":[6.5,6,10.5]},"faces":{"north":{"uv":[6.25,6,9.5,6.25],"texture":"#0"},"east":{"uv":[6.25,6.5,9.75,6.75],"texture":"#0"},"south":{"uv":[6.25,7,9.5,7.25],"texture":"#0"},"west":{"uv":[6,7.5,9.5,7.75],"texture":"#0"},"up":{"uv":[3,3.25,0.25,0.25],"texture":"#0"},"down":{"uv":[3,0.25,0.25,3.25],"texture":"#0"}}},{"from":[2.5,-0.25,2],"to":[13.5,0.75,14],"rotation":{"angle":0,"axis":"y","origin":[6.5,6,10.5]},"faces":{"north":{"uv":[6.25,6,9.5,6.25],"texture":"#0"},"east":{"uv":[6.25,6.5,9.75,6.75],"texture":"#0"},"south":{"uv":[6.25,7,9.5,7.25],"texture":"#0"},"west":{"uv":[6,7.5,9.5,7.75],"texture":"#0"},"up":{"uv":[3,3.25,0.25,0.25],"texture":"#0"},"down":{"uv":[3,0.25,0.25,3.25],"texture":"#0"}}},{"name":"cube inverted","from":[14.5,9.75,15],"to":[1.5,0.75,1],"rotation":{"angle":0,"axis":"y","origin":[6.5,6,10.5]},"faces":{"north":{"uv":[6.25,8,9.5,5.75],"texture":"#0"},"east":{"uv":[6,8,9.5,5.75],"texture":"#0"},"south":{"uv":[6.25,8,9.5,5.75],"texture":"#0"},"west":{"uv":[6,8,9.5,5.75],"texture":"#0"},"up":{"uv":[0,0,3.25,3.5],"texture":"#0"},"down":{"uv":[0,3.5,3.25,0],"texture":"#0"}}}]}