{"file_name":"backleg2","texture_size":[128,128],"textures":{"layer0":"manamodels/houndpet"},"elements":[{"name":"backleg2_0","from":[6.5792,6.17504,7.8403997],"to":[8.0,9.01664,9.9716],"rotation":{"angle":0.0,"axis":"z","origin":[8.0,8.0,8.0]},"faces":{"east":{"uv":[6.5,6.625,5.75,7.625],"texture":"#layer0","tintindex":0},"south":{"uv":[5.75,7.625,5.25,8.625],"texture":"#layer0","tintindex":0},"north":{"uv":[5.25,7.625,4.75,8.625],"texture":"#layer0","tintindex":0},"west":{"uv":[5.75,6.625,5.0,7.625],"texture":"#layer0","tintindex":0},"up":{"uv":[1.5,4.125,2.0,3.375],"texture":"#layer0","tintindex":0},"down":{"uv":[8.125,7.625,7.625,8.375],"texture":"#layer0","tintindex":0}}},{"name":"backleg2_1","from":[6.5792,4.04384,8.550799],"to":[7.6448,6.17504,9.6164],"rotation":{"angle":0.0,"axis":"z","origin":[8.0,8.0,8.0]},"faces":{"east":{"uv":[8.0,4.625,7.625,5.375],"texture":"#layer0","tintindex":0},"south":{"uv":[8.0,3.875,7.625,4.625],"texture":"#layer0","tintindex":0},"north":{"uv":[8.0,2.375,7.625,3.125],"texture":"#layer0","tintindex":0},"west":{"uv":[8.0,3.125,7.625,3.875],"texture":"#layer0","tintindex":0},"up":{"uv":[6.0,3.75,6.375,3.375],"texture":"#layer0","tintindex":0},"down":{"uv":[8.375,3.25,8.0,3.625],"texture":"#layer0","tintindex":0}}},{"name":"backleg2_2","from":[6.4904,3.9550397,8.462],"to":[7.7335997,6.2638397,9.7052],"rotation":{"angle":0.0,"axis":"z","origin":[8.0,8.0,8.0]},"faces":{"east":{"uv":[1.75,8.0,1.375,8.75],"texture":"#layer0","tintindex":0},"south":{"uv":[1.375,8.0,1.0,8.75],"texture":"#layer0","tintindex":0},"north":{"uv":[2.625,7.875,2.25,8.625],"texture":"#layer0","tintindex":0},"west":{"uv":[8.25,1.25,7.875,2.0],"texture":"#layer0","tintindex":0},"up":{"uv":[8.0,4.0,8.375,3.625],"texture":"#layer0","tintindex":0},"down":{"uv":[8.375,4.0,8.0,4.375],"texture":"#layer0","tintindex":0}}}],"display":{"head":{"translation":[0.0,-6.4,0.0],"rotation":[0.0,0.0,0.0],"scale":[3.8095,3.8095,3.8095]},"gui":{"translation":[0.0,0.0,0.0],"rotation":[35.0,225.0,0.0],"scale":[0.625,0.625,0.625]}}}