{"file_name":"frontleg2","texture_size":[128,128],"textures":{"layer0":"manamodels/houndpet"},"elements":[{"name":"frontleg2_0","from":[6.224,6.53024,7.4852],"to":[8.0,9.37184,9.6164],"rotation":{"angle":0.0,"axis":"z","origin":[8.0,8.0,8.0]},"faces":{"east":{"uv":[7.375,5.375,6.625,6.375],"texture":"#layer0","tintindex":0},"south":{"uv":[7.625,2.375,7.0,3.375],"texture":"#layer0","tintindex":0},"north":{"uv":[2.875,6.875,2.25,7.875],"texture":"#layer0","tintindex":0},"west":{"uv":[7.25,6.625,6.5,7.625],"texture":"#layer0","tintindex":0},"up":{"uv":[5.75,8.375,6.375,7.625],"texture":"#layer0","tintindex":0},"down":{"uv":[7.0,7.625,6.375,8.375],"texture":"#layer0","tintindex":0}}},{"name":"frontleg2_1","from":[6.5792,3.3334398,7.8404],"to":[8.0,6.53024,9.2612],"rotation":{"angle":0.0,"axis":"z","origin":[8.0,8.0,8.0]},"faces":{"east":{"uv":[1.0,7.25,0.5,8.375],"texture":"#layer0","tintindex":0},"south":{"uv":[0.5,7.25,0.0,8.375],"texture":"#layer0","tintindex":0},"north":{"uv":[2.0,2.25,1.5,3.375],"texture":"#layer0","tintindex":0},"west":{"uv":[7.625,3.375,7.125,4.5],"texture":"#layer0","tintindex":0},"up":{"uv":[3.5,2.0,4.0,1.5],"texture":"#layer0","tintindex":0},"down":{"uv":[5.875,2.375,5.375,2.875],"texture":"#layer0","tintindex":0}}},{"name":"frontleg2_2","from":[6.4904,3.2446396,7.7516],"to":[8.0888,6.61904,9.35],"rotation":{"angle":0.0,"axis":"z","origin":[8.0,8.0,8.0]},"faces":{"east":{"uv":[7.875,1.25,7.375,2.375],"texture":"#layer0","tintindex":0},"south":{"uv":[4.75,7.375,4.25,8.5],"texture":"#layer0","tintindex":0},"north":{"uv":[3.75,7.375,3.25,8.5],"texture":"#layer0","tintindex":0},"west":{"uv":[4.25,7.375,3.75,8.5],"texture":"#layer0","tintindex":0},"up":{"uv":[8.0,2.75,8.5,2.25],"texture":"#layer0","tintindex":0},"down":{"uv":[8.5,2.75,8.0,3.25],"texture":"#layer0","tintindex":0}}}],"display":{"head":{"translation":[0.0,-6.4,0.0],"rotation":[0.0,0.0,0.0],"scale":[3.8095,3.8095,3.8095]},"gui":{"translation":[0.0,0.0,0.0],"rotation":[35.0,225.0,0.0],"scale":[0.625,0.625,0.625]}}}