{"file_name":"tail4","texture_size":[128,128],"textures":{"layer0":"manamodels/houndpet"},"elements":[{"name":"tail4_0","from":[7.644799,7.95104,8.550799],"to":[8.3552,8.66144,10.681999],"rotation":{"angle":0.0,"axis":"z","origin":[8.0,8.0,8.0]},"faces":{"east":{"uv":[0.0,0.0,0.75,0.25],"texture":"#layer0","tintindex":0},"south":{"uv":[0.0,0.0,0.25,0.25],"texture":"#layer0","tintindex":0},"north":{"uv":[0.0,0.0,0.25,0.25],"texture":"#layer0","tintindex":0},"west":{"uv":[0.0,0.0,0.75,0.25],"texture":"#layer0","tintindex":0},"up":{"uv":[0.0,0.0,0.25,0.75],"texture":"#layer0","tintindex":0},"down":{"uv":[0.25,0.0,0.0,0.75],"texture":"#layer0","tintindex":0}}}],"display":{"head":{"translation":[0.0,-6.4,0.0],"rotation":[0.0,0.0,0.0],"scale":[3.8095,3.8095,3.8095]},"gui":{"translation":[0.0,0.0,0.0],"rotation":[35.0,225.0,0.0],"scale":[0.625,0.625,0.625]}}}