{"file_name":"tail5","texture_size":[128,128],"textures":{"layer0":"manamodels/houndpet"},"elements":[{"name":"tail5_0","from":[7.6448,7.59584,8.550799],"to":[8.0,7.95104,10.681999],"rotation":{"angle":0.0,"axis":"z","origin":[8.0,8.0,8.0]},"faces":{"east":{"uv":[0.0,0.0,0.75,0.125],"texture":"#layer0","tintindex":0},"south":{"uv":[0.0,0.0,0.125,0.125],"texture":"#layer0","tintindex":0},"north":{"uv":[0.0,0.0,0.125,0.125],"texture":"#layer0","tintindex":0},"west":{"uv":[0.0,0.0,0.75,0.125],"texture":"#layer0","tintindex":0},"up":{"uv":[0.0,0.0,0.125,0.75],"texture":"#layer0","tintindex":0},"down":{"uv":[0.125,0.0,0.0,0.75],"texture":"#layer0","tintindex":0}}}],"display":{"head":{"translation":[0.0,-6.4,0.0],"rotation":[0.0,0.0,0.0],"scale":[3.8095,3.8095,3.8095]},"gui":{"translation":[0.0,0.0,0.0],"rotation":[35.0,225.0,0.0],"scale":[0.625,0.625,0.625]}}}