{"file_name":"90nega","texture_size":[128,128],"textures":{"layer0":"manamodels/kiltonboss"},"elements":[{"name":"90nega_0","from":[17.0,15.5,8.0],"to":[20.0,18.5,18.5],"rotation":{"angle":0.0,"axis":"z","origin":[8.0,8.0,8.0]},"faces":{"east":{"uv":[12.375,0.5,11.5,0.75],"texture":"#layer0","tintindex":0},"south":{"uv":[7.0,13.5,6.75,13.75],"texture":"#layer0","tintindex":0},"north":{"uv":[6.625,13.5,6.375,13.75],"texture":"#layer0","tintindex":0},"west":{"uv":[8.875,11.5,8.0,11.75],"texture":"#layer0","tintindex":0},"up":{"uv":[0.875,11.625,1.125,10.75],"texture":"#layer0","tintindex":0},"down":{"uv":[11.75,0.875,11.5,1.75],"texture":"#layer0","tintindex":0}}},{"name":"90nega_1","from":[17.401867,14.814902,22.374668],"to":[20.401867,17.814903,28.374668],"rotation":{"angle":22.5,"axis":"y","origin":[7.3625,7.314902,21.944149]},"faces":{"east":{"uv":[4.75,12.875,4.25,13.125],"texture":"#layer0","tintindex":0},"south":{"uv":[8.875,13.5,8.625,13.75],"texture":"#layer0","tintindex":0},"north":{"uv":[7.375,13.5,7.125,13.75],"texture":"#layer0","tintindex":0},"west":{"uv":[3.5,12.875,3.0,13.125],"texture":"#layer0","tintindex":0},"up":{"uv":[4.875,13.375,5.125,12.875],"texture":"#layer0","tintindex":0},"down":{"uv":[6.375,12.875,6.125,13.375],"texture":"#layer0","tintindex":0}}}],"display":{"head":{"translation":[0.0,-6.4,0.0],"rotation":[0.0,0.0,0.0],"scale":[3.8095,3.8095,3.8095]},"gui":{"translation":[0.0,0.0,0.0],"rotation":[35.0,225.0,0.0],"scale":[0.625,0.625,0.625]}}}