{"file_name":"forearm2","texture_size":[128,128],"textures":{"layer0":"manamodels/kiltonboss"},"elements":[{"name":"forearm2_0","from":[-7.4568405,5.850788,4.25],"to":[-4.4568405,8.850788,11.75],"rotation":{"angle":-45.0,"axis":"z","origin":[-5.9568405,6.600788,8.0]},"faces":{"east":{"uv":[12.25,8.75,12.875,9.0],"texture":"#layer0","tintindex":0},"south":{"uv":[13.5,10.25,13.75,10.5],"texture":"#layer0","tintindex":0},"north":{"uv":[13.5,9.875,13.75,10.125],"texture":"#layer0","tintindex":0},"west":{"uv":[12.25,9.125,12.875,9.375],"texture":"#layer0","tintindex":0},"up":{"uv":[1.5,12.75,1.25,12.125],"texture":"#layer0","tintindex":0},"down":{"uv":[3.875,12.25,4.125,12.875],"texture":"#layer0","tintindex":0}}}],"display":{"head":{"translation":[0.0,-6.4,0.0],"rotation":[0.0,0.0,0.0],"scale":[3.8095,3.8095,3.8095]},"gui":{"translation":[0.0,0.0,0.0],"rotation":[35.0,225.0,0.0],"scale":[0.625,0.625,0.625]}}}