{"file_name":"head","texture_size":[128,128],"textures":{"layer0":"manamodels/kiltonboss"},"elements":[{"name":"head_0","from":[3.4999998,26.0,3.4999998],"to":[12.5,30.5,12.5],"rotation":{"angle":0.0,"axis":"z","origin":[8.0,8.0,8.0]},"faces":{"east":{"uv":[10.625,0.625,11.375,1.0],"texture":"#layer0","tintindex":0},"south":{"uv":[10.625,1.125,11.375,1.5],"texture":"#layer0","tintindex":0},"north":{"uv":[7.625,3.0,8.375,3.375],"texture":"#layer0","tintindex":0},"west":{"uv":[10.625,1.625,11.375,2.0],"texture":"#layer0","tintindex":0},"up":{"uv":[9.75,1.75,9.0,1.0],"texture":"#layer0","tintindex":0},"down":{"uv":[9.0,1.875,9.75,2.625],"texture":"#layer0","tintindex":0}}},{"name":"head_1","from":[0.49999976,15.5,0.49999976],"to":[15.5,26.0,15.5],"rotation":{"angle":0.0,"axis":"z","origin":[8.0,8.0,8.0]},"faces":{"east":{"uv":[7.625,2.0,8.875,2.875],"texture":"#layer0","tintindex":0},"south":{"uv":[3.875,7.75,5.125,8.625],"texture":"#layer0","tintindex":0},"north":{"uv":[7.625,1.0,8.875,1.875],"texture":"#layer0","tintindex":0},"west":{"uv":[5.25,8.0,6.5,8.875],"texture":"#layer0","tintindex":0},"up":{"uv":[6.125,1.25,4.875,0.0],"texture":"#layer0","tintindex":0},"down":{"uv":[4.875,1.375,6.125,2.625],"texture":"#layer0","tintindex":0}}},{"name":"head_2","from":[-5.500001,15.5,9.5],"to":[1.9999998,20.0,9.5],"rotation":{"angle":-22.5,"axis":"z","origin":[-1.7500005,18.5,7.25]},"faces":{"east":{"uv":[4.75,6.125,4.75,6.5],"texture":"#layer0","tintindex":0},"south":{"uv":[10.25,11.375,10.875,11.75],"texture":"#layer0","tintindex":0},"north":{"uv":[9.5,11.375,10.125,11.75],"texture":"#layer0","tintindex":0},"west":{"uv":[8.5,3.0,8.5,3.375],"texture":"#layer0","tintindex":0},"up":{"uv":[5.5,4.75,4.875,4.75],"texture":"#layer0","tintindex":0},"down":{"uv":[6.0,5.875,6.625,5.875],"texture":"#layer0","tintindex":0}}},{"name":"head_3","from":[-1.7500005,14.0,8.0],"to":[-1.7500005,17.0,11.0],"rotation":{"angle":-22.5,"axis":"z","origin":[-1.7500005,18.5,7.25]},"faces":{"east":{"uv":[13.25,9.5,13.5,9.75],"texture":"#layer0","tintindex":0},"south":{"uv":[1.25,10.75,1.25,11.0],"texture":"#layer0","tintindex":0},"north":{"uv":[3.625,10.0,3.625,10.25],"texture":"#layer0","tintindex":0},"west":{"uv":[3.5,13.375,3.75,13.625],"texture":"#layer0","tintindex":0},"up":{"uv":[10.875,9.25,10.875,9.0],"texture":"#layer0","tintindex":0},"down":{"uv":[1.25,11.125,1.25,11.375],"texture":"#layer0","tintindex":0}}},{"name":"head_4","from":[17.750002,14.0,8.0],"to":[17.750002,17.0,11.0],"rotation":{"angle":22.5,"axis":"z","origin":[17.75,18.5,7.25]},"faces":{"east":{"uv":[13.375,6.75,13.625,7.0],"texture":"#layer0","tintindex":0},"south":{"uv":[13.75,10.625,13.75,10.875],"texture":"#layer0","tintindex":0},"north":{"uv":[13.75,9.5,13.75,9.75],"texture":"#layer0","tintindex":0},"west":{"uv":[13.375,7.125,13.625,7.375],"texture":"#layer0","tintindex":0},"up":{"uv":[13.75,12.25,13.75,12.0],"texture":"#layer0","tintindex":0},"down":{"uv":[13.75,12.875,13.75,13.125],"texture":"#layer0","tintindex":0}}},{"name":"head_5","from":[14.000001,15.5,9.5],"to":[21.5,20.0,9.5],"rotation":{"angle":22.5,"axis":"z","origin":[17.75,18.5,7.25]},"faces":{"east":{"uv":[3.75,9.0,3.75,9.375],"texture":"#layer0","tintindex":0},"south":{"uv":[11.375,0.0,12.0,0.375],"texture":"#layer0","tintindex":0},"north":{"uv":[11.0,11.375,11.625,11.75],"texture":"#layer0","tintindex":0},"west":{"uv":[9.0,9.25,9.0,9.625],"texture":"#layer0","tintindex":0},"up":{"uv":[8.0,7.0,7.375,7.0],"texture":"#layer0","tintindex":0},"down":{"uv":[10.375,10.25,11.0,10.25],"texture":"#layer0","tintindex":0}}},{"name":"head_6","from":[5.75,14.0375,15.5],"to":[10.25,15.5375,20.0],"rotation":{"angle":0.0,"axis":"z","origin":[8.0,8.0,8.0]},"faces":{"east":{"uv":[10.5,6.375,10.875,6.5],"texture":"#layer0","tintindex":0},"south":{"uv":[6.125,10.75,6.5,10.875],"texture":"#layer0","tintindex":0},"north":{"uv":[5.5,6.875,5.875,7.0],"texture":"#layer0","tintindex":0},"west":{"uv":[11.125,5.0,11.5,5.125],"texture":"#layer0","tintindex":0},"up":{"uv":[9.5,9.0,9.125,8.625],"texture":"#layer0","tintindex":0},"down":{"uv":[0.625,9.5,1.0,9.875],"texture":"#layer0","tintindex":0}}},{"name":"head_7","from":[6.5,13.2875,11.75],"to":[9.5,16.2875,19.25],"rotation":{"angle":45.0,"axis":"x","origin":[8.0,16.2875,17.75]},"faces":{"east":{"uv":[11.75,8.0,12.375,8.25],"texture":"#layer0","tintindex":0},"south":{"uv":[13.25,3.5,13.5,3.75],"texture":"#layer0","tintindex":0},"north":{"uv":[7.0,4.375,7.25,4.625],"texture":"#layer0","tintindex":0},"west":{"uv":[11.75,11.375,12.375,11.625],"texture":"#layer0","tintindex":0},"up":{"uv":[7.375,12.5,7.125,11.875],"texture":"#layer0","tintindex":0},"down":{"uv":[7.5,11.875,7.75,12.5],"texture":"#layer0","tintindex":0}}},{"name":"head_8","from":[-0.99999905,9.5,-1.0000005],"to":[17.000002,15.5,17.0],"rotation":{"angle":0.0,"axis":"z","origin":[8.0,8.0,8.0]},"faces":{"east":{"uv":[2.25,8.375,3.75,8.875],"texture":"#layer0","tintindex":0},"south":{"uv":[7.5,8.625,9.0,9.125],"texture":"#layer0","tintindex":0},"north":{"uv":[7.5,8.0,9.0,8.5],"texture":"#layer0","tintindex":0},"west":{"uv":[8.625,3.0,10.125,3.5],"texture":"#layer0","tintindex":0},"up":{"uv":[3.125,1.5,1.625,0.0],"texture":"#layer0","tintindex":0},"down":{"uv":[3.25,0.0,4.75,1.5],"texture":"#layer0","tintindex":0}}},{"name":"head_9","from":[-2.5000005,9.5375,10.25],"to":[3.4999998,15.5375,16.25],"rotation":{"angle":0.0,"axis":"z","origin":[8.0,8.0,8.0]},"faces":{"east":{"uv":[5.5,10.75,6.0,11.25],"texture":"#layer0","tintindex":0},"south":{"uv":[9.5,10.75,10.0,11.25],"texture":"#layer0","tintindex":0},"north":{"uv":[4.875,10.75,5.375,11.25],"texture":"#layer0","tintindex":0},"west":{"uv":[10.125,10.75,10.625,11.25],"texture":"#layer0","tintindex":0},"up":{"uv":[11.25,11.25,10.75,10.75],"texture":"#layer0","tintindex":0},"down":{"uv":[10.875,8.375,11.375,8.875],"texture":"#layer0","tintindex":0}}},{"name":"head_10","from":[12.500001,9.5375,10.25],"to":[18.500002,15.5375,16.25],"rotation":{"angle":0.0,"axis":"z","origin":[8.0,8.0,8.0]},"faces":{"east":{"uv":[6.75,11.0,7.25,11.5],"texture":"#layer0","tintindex":0},"south":{"uv":[11.0,5.25,11.5,5.75],"texture":"#layer0","tintindex":0},"north":{"uv":[6.125,11.0,6.625,11.5],"texture":"#layer0","tintindex":0},"west":{"uv":[11.0,5.875,11.5,6.375],"texture":"#layer0","tintindex":0},"up":{"uv":[11.5,9.5,11.0,9.0],"texture":"#layer0","tintindex":0},"down":{"uv":[11.0,9.625,11.5,10.125],"texture":"#layer0","tintindex":0}}},{"name":"head_11","from":[1.9999998,8.0,2.7499998],"to":[14.0,9.5,16.25],"rotation":{"angle":0.0,"axis":"z","origin":[8.0,8.0,8.0]},"faces":{"east":{"uv":[10.25,3.375,11.375,3.5],"texture":"#layer0","tintindex":0},"south":{"uv":[12.125,3.75,13.125,3.875],"texture":"#layer0","tintindex":0},"north":{"uv":[0.0,7.375,1.0,7.5],"texture":"#layer0","tintindex":0},"west":{"uv":[11.625,10.0,12.75,10.125],"texture":"#layer0","tintindex":0},"up":{"uv":[2.125,7.5,1.125,6.375],"texture":"#layer0","tintindex":0},"down":{"uv":[6.5,2.25,7.5,3.375],"texture":"#layer0","tintindex":0}}},{"name":"head_12","from":[3.4999998,6.5,8.0],"to":[12.5,8.0,15.5],"rotation":{"angle":0.0,"axis":"z","origin":[8.0,8.0,8.0]},"faces":{"east":{"uv":[9.625,9.375,10.25,9.5],"texture":"#layer0","tintindex":0},"south":{"uv":[13.0,0.625,13.75,0.75],"texture":"#layer0","tintindex":0},"north":{"uv":[9.0,2.75,9.75,2.875],"texture":"#layer0","tintindex":0},"west":{"uv":[11.875,1.625,12.5,1.75],"texture":"#layer0","tintindex":0},"up":{"uv":[4.625,6.75,3.875,6.125],"texture":"#layer0","tintindex":0},"down":{"uv":[9.0,4.625,9.75,5.25],"texture":"#layer0","tintindex":0}}},{"name":"head_13","from":[11.375,15.875,15.6485],"to":[12.875,17.375,15.6485],"rotation":{"angle":0.0,"axis":"z","origin":[8.0,8.0,8.0]},"faces":{"east":{"uv":[0.0,0.0,0.0,0.125],"texture":"#layer0","tintindex":0},"south":{"uv":[15.875,0.125,16.0,0.25],"texture":"#layer0","tintindex":0},"north":{"uv":[14.375,1.0,14.5,1.125],"texture":"#layer0","tintindex":0},"west":{"uv":[0.0,0.0,0.0,0.125],"texture":"#layer0","tintindex":0},"up":{"uv":[0.0,0.0,0.125,0.0],"texture":"#layer0","tintindex":0},"down":{"uv":[0.125,0.0,0.0,0.0],"texture":"#layer0","tintindex":0}}},{"name":"head_14","from":[3.1249998,15.875,15.6485],"to":[4.625,17.375,15.6485],"rotation":{"angle":0.0,"axis":"z","origin":[8.0,8.0,8.0]},"faces":{"east":{"uv":[0.0,0.0,0.0,0.125],"texture":"#layer0","tintindex":0},"south":{"uv":[15.875,0.125,16.0,0.25],"texture":"#layer0","tintindex":0},"north":{"uv":[14.25,1.625,14.375,1.75],"texture":"#layer0","tintindex":0},"west":{"uv":[0.0,0.0,0.0,0.125],"texture":"#layer0","tintindex":0},"up":{"uv":[0.0,0.0,0.125,0.0],"texture":"#layer0","tintindex":0},"down":{"uv":[0.125,0.0,0.0,0.0],"texture":"#layer0","tintindex":0}}}],"display":{"head":{"translation":[0.0,-6.4,0.0],"rotation":[0.0,0.0,0.0],"scale":[3.8095,3.8095,3.8095]},"gui":{"translation":[0.0,0.0,0.0],"rotation":[35.0,225.0,0.0],"scale":[0.625,0.625,0.625]}}}