{"file_name":"leg","texture_size":[128,128],"textures":{"layer0":"manamodels/kiltonboss"},"elements":[{"name":"leg_0","from":[3.4999998,1.6250004,2.7499998],"to":[12.5,7.6250005,13.25],"rotation":{"angle":0.0,"axis":"z","origin":[8.0,8.0,8.0]},"faces":{"east":{"uv":[9.5,5.375,10.375,5.875],"texture":"#layer0","tintindex":0},"south":{"uv":[6.625,10.375,7.375,10.875],"texture":"#layer0","tintindex":0},"north":{"uv":[2.25,10.0,3.0,10.5],"texture":"#layer0","tintindex":0},"west":{"uv":[9.5,6.0,10.375,6.5],"texture":"#layer0","tintindex":0},"up":{"uv":[5.75,9.875,5.0,9.0],"texture":"#layer0","tintindex":0},"down":{"uv":[9.0,0.0,9.75,0.875],"texture":"#layer0","tintindex":0}}},{"name":"leg_1","from":[5.75,0.12500024,5.0],"to":[10.25,1.6250004,11.0],"rotation":{"angle":0.0,"axis":"z","origin":[8.0,8.0,8.0]},"faces":{"east":{"uv":[13.375,7.5,13.875,7.625],"texture":"#layer0","tintindex":0},"south":{"uv":[13.5,11.75,13.875,11.875],"texture":"#layer0","tintindex":0},"north":{"uv":[13.5,11.125,13.875,11.25],"texture":"#layer0","tintindex":0},"west":{"uv":[13.5,5.125,14.0,5.25],"texture":"#layer0","tintindex":0},"up":{"uv":[1.125,12.25,0.75,11.75],"texture":"#layer0","tintindex":0},"down":{"uv":[3.375,11.75,3.75,12.25],"texture":"#layer0","tintindex":0}}}],"display":{"head":{"translation":[0.0,-6.4,0.0],"rotation":[0.0,0.0,0.0],"scale":[3.8095,3.8095,3.8095]},"gui":{"translation":[0.0,0.0,0.0],"rotation":[35.0,225.0,0.0],"scale":[0.625,0.625,0.625]}}}