{"textures":{"0":"modelengine:custom/troll_king","particle":"modelengine:custom/troll_king"},"elements":[{"from":[17.0,9.666667,-4.6111107],"to":[18.0,17.666668,4.388889],"faces":{"east":{"uv":[6.252,5.3145,6.8105,5.8105],"tintindex":0,"rotation":0,"texture":"#0"},"south":{"uv":[8.377,11.0645,8.4355,11.5605],"tintindex":0,"rotation":0,"texture":"#0"},"north":{"uv":[7.627,11.0645,7.6855,11.5605],"tintindex":0,"rotation":0,"texture":"#0"},"west":{"uv":[1.1895,6.377,1.748,6.873],"tintindex":0,"rotation":0,"texture":"#0"},"up":{"uv":[7.4355,11.5605,7.377,11.002],"tintindex":0,"rotation":0,"texture":"#0"},"down":{"uv":[0.0605,11.0645,0.002,11.623],"tintindex":0,"rotation":0,"texture":"#0"}}},{"from":[-3.0,8.666667,-6.6111107],"to":[19.0,18.666668,-4.6111107],"faces":{"east":{"uv":[1.127,10.127,1.248,10.748],"tintindex":0,"rotation":0,"texture":"#0"},"south":{"uv":[2.377,1.377,3.748,1.998],"tintindex":0,"rotation":0,"texture":"#0"},"north":{"uv":[2.377,0.6895,3.748,1.3105],"tintindex":0,"rotation":0,"texture":"#0"},"west":{"uv":[0.627,10.1895,0.748,10.8105],"tintindex":0,"rotation":0,"texture":"#0"},"up":{"uv":[9.748,5.248,8.377,5.127],"tintindex":0,"rotation":0,"texture":"#0"},"down":{"uv":[9.623,8.377,8.252,8.498],"tintindex":0,"rotation":0,"texture":"#0"}}},{"from":[-1.0,0.66666603,-8.611111],"to":[17.0,16.666668,7.388889],"faces":{"east":{"uv":[0.002,2.127,0.998,3.123],"tintindex":0,"rotation":0,"texture":"#0"},"south":{"uv":[0.002,1.0645,1.123,2.0605],"tintindex":0,"rotation":0,"texture":"#0"},"north":{"uv":[0.002,0.002,1.123,0.998],"tintindex":0,"rotation":0,"texture":"#0"},"west":{"uv":[1.0645,2.127,2.0605,3.123],"tintindex":0,"rotation":0,"texture":"#0"},"up":{"uv":[2.3105,0.998,1.1895,0.002],"tintindex":0,"rotation":0,"texture":"#0"},"down":{"uv":[2.3105,1.0645,1.1895,2.0605],"tintindex":0,"rotation":0,"texture":"#0"}}},{"from":[-1.0,-0.33333397,-0.6111107],"to":[17.0,0.66666603,1.3888888],"faces":{"east":{"uv":[11.627,2.9395,11.748,2.998],"tintindex":0,"rotation":0,"texture":"#0"},"south":{"uv":[10.502,1.5645,11.623,1.623],"tintindex":0,"rotation":0,"texture":"#0"},"north":{"uv":[10.502,1.4395,11.623,1.498],"tintindex":0,"rotation":0,"texture":"#0"},"west":{"uv":[3.6895,11.627,3.8105,11.6855],"tintindex":0,"rotation":0,"texture":"#0"},"up":{"uv":[9.8105,8.248,8.6895,8.127],"tintindex":0,"rotation":0,"texture":"#0"},"down":{"uv":[10.123,6.127,9.002,6.248],"tintindex":0,"rotation":0,"texture":"#0"}}},{"from":[17.0,-0.33333397,-0.6111107],"to":[18.0,9.666667,1.3888888],"faces":{"east":{"uv":[2.252,10.252,2.373,10.873],"tintindex":0,"rotation":0,"texture":"#0"},"south":{"uv":[4.4395,10.877,4.498,11.498],"tintindex":0,"rotation":0,"texture":"#0"},"north":{"uv":[4.3145,10.877,4.373,11.498],"tintindex":0,"rotation":0,"texture":"#0"},"west":{"uv":[2.4395,10.252,2.5605,10.873],"tintindex":0,"rotation":0,"texture":"#0"},"up":{"uv":[11.6855,3.4355,11.627,3.3145],"tintindex":0,"rotation":0,"texture":"#0"},"down":{"uv":[11.6855,3.502,11.627,3.623],"tintindex":0,"rotation":0,"texture":"#0"}}},{"from":[-2.0,-0.33333397,-0.6111107],"to":[-1.0,9.666667,1.3888888],"faces":{"east":{"uv":[4.002,10.1895,4.123,10.8105],"tintindex":0,"rotation":0,"texture":"#0"},"south":{"uv":[4.1895,10.877,4.248,11.498],"tintindex":0,"rotation":0,"texture":"#0"},"north":{"uv":[2.752,10.877,2.8105,11.498],"tintindex":0,"rotation":0,"texture":"#0"},"west":{"uv":[2.0645,10.252,2.1855,10.873],"tintindex":0,"rotation":0,"texture":"#0"},"up":{"uv":[11.6855,2.873,11.627,2.752],"tintindex":0,"rotation":0,"texture":"#0"},"down":{"uv":[3.3105,11.627,3.252,11.748],"tintindex":0,"rotation":0,"texture":"#0"}}},{"from":[-2.0,9.666667,-4.6111107],"to":[-1.0,17.666668,4.388889],"faces":{"east":{"uv":[3.752,6.127,4.3105,6.623],"tintindex":0,"rotation":0,"texture":"#0"},"south":{"uv":[7.502,11.0645,7.5605,11.5605],"tintindex":0,"rotation":0,"texture":"#0"},"north":{"uv":[6.6895,11.0645,6.748,11.5605],"tintindex":0,"rotation":0,"texture":"#0"},"west":{"uv":[6.127,6.002,6.6855,6.498],"tintindex":0,"rotation":0,"texture":"#0"},"up":{"uv":[5.0605,8.3105,5.002,7.752],"tintindex":0,"rotation":0,"texture":"#0"},"down":{"uv":[9.0605,10.877,9.002,11.4355],"tintindex":0,"rotation":0,"texture":"#0"}}},{"from":[-1.0,16.666668,-4.6111107],"to":[17.0,17.666668,4.388889],"faces":{"east":{"uv":[6.6895,3.627,7.248,3.6855],"tintindex":0,"rotation":0,"texture":"#0"},"south":{"uv":[10.502,0.4395,11.623,0.498],"tintindex":0,"rotation":0,"texture":"#0"},"north":{"uv":[10.1895,5.377,11.3105,5.4355],"tintindex":0,"rotation":0,"texture":"#0"},"west":{"uv":[8.6895,4.627,9.248,4.6855],"tintindex":0,"rotation":0,"texture":"#0"},"up":{"uv":[4.6855,2.623,3.5645,2.0645],"tintindex":0,"rotation":0,"texture":"#0"},"down":{"uv":[4.9355,0.8145,3.8145,1.373],"tintindex":0,"rotation":0,"texture":"#0"}}},{"from":[-3.0,8.666667,4.388889],"to":[19.0,18.666668,6.388889],"faces":{"east":{"uv":[0.627,10.1895,0.748,10.8105],"tintindex":0,"rotation":0,"texture":"#0"},"south":{"uv":[2.377,0.6895,3.748,1.3105],"tintindex":0,"rotation":0,"texture":"#0"},"north":{"uv":[2.377,1.377,3.748,1.998],"tintindex":0,"rotation":0,"texture":"#0"},"west":{"uv":[1.127,10.127,1.248,10.748],"tintindex":0,"rotation":0,"texture":"#0"},"up":{"uv":[9.748,5.248,8.377,5.127],"tintindex":0,"rotation":180,"texture":"#0"},"down":{"uv":[9.623,8.377,8.252,8.498],"tintindex":0,"rotation":180,"texture":"#0"}}}],"display":{"gui":{"rotation":[30,225,0]}}}