{"textures":{"0":"modelengine:custom/troll_king","particle":"modelengine:custom/troll_king"},"elements":[{"from":[18.339066,10.56464,2.0318503],"to":[23.339066,16.56464,2.0318503],"faces":{"south":{"uv":[3.002,9.252,3.3105,9.623],"tintindex":0,"rotation":0,"texture":"#0"},"north":{"uv":[3.3105,9.252,3.002,9.623],"tintindex":0,"rotation":0,"texture":"#0"}},"rotation":{"origin":[8.368613,7.545082,-11.699524],"angle":-22.5,"axis":"y"}},{"from":[-6.4169245,15.707291,3.260281],"to":[-2.4169245,16.70729,4.260281],"faces":{"east":{"uv":[11.627,6.002,11.6855,6.0605],"tintindex":0,"rotation":0,"texture":"#0"},"south":{"uv":[1.502,8.502,1.748,8.5605],"tintindex":0,"rotation":0,"texture":"#0"},"north":{"uv":[2.6895,8.4395,2.9355,8.498],"tintindex":0,"rotation":0,"texture":"#0"},"west":{"uv":[11.627,6.127,11.6855,6.1855],"tintindex":0,"rotation":0,"texture":"#0"},"up":{"uv":[9.5605,4.6855,9.3145,4.627],"tintindex":0,"rotation":0,"texture":"#0"},"down":{"uv":[9.748,2.627,9.502,2.6855],"tintindex":0,"rotation":0,"texture":"#0"}},"rotation":{"origin":[8.368613,7.545082,-11.699524],"angle":-22.5,"axis":"z"}},{"from":[7.3686132,12.56464,2.260281],"to":[9.368613,19.56464,11.260281],"faces":{"east":{"uv":[6.6895,3.127,7.248,3.5605],"tintindex":0,"rotation":0,"texture":"#0"},"south":{"uv":[4.127,7.1895,4.248,7.623],"tintindex":0,"rotation":0,"texture":"#0"},"north":{"uv":[4.752,5.127,4.873,5.5605],"tintindex":0,"rotation":0,"texture":"#0"},"west":{"uv":[3.6895,6.6895,4.248,7.123],"tintindex":0,"rotation":0,"texture":"#0"},"up":{"uv":[4.3105,10.8105,4.1895,10.252],"tintindex":0,"rotation":0,"texture":"#0"},"down":{"uv":[4.498,10.252,4.377,10.8105],"tintindex":0,"rotation":0,"texture":"#0"}}},{"from":[3.3043518,12.56464,2.8551126],"to":[5.304352,18.56464,9.855112],"faces":{"east":{"uv":[4.3145,8.377,4.748,8.748],"tintindex":0,"rotation":0,"texture":"#0"},"south":{"uv":[10.627,6.127,10.748,6.498],"tintindex":0,"rotation":0,"texture":"#0"},"north":{"uv":[0.002,10.627,0.123,10.998],"tintindex":0,"rotation":0,"texture":"#0"},"west":{"uv":[4.8145,8.377,5.248,8.748],"tintindex":0,"rotation":0,"texture":"#0"},"up":{"uv":[4.6855,10.6855,4.5645,10.252],"tintindex":0,"rotation":0,"texture":"#0"},"down":{"uv":[9.498,10.4395,9.377,10.873],"tintindex":0,"rotation":0,"texture":"#0"}},"rotation":{"origin":[8.368613,7.545082,-11.699524],"angle":22.5,"axis":"y"}},{"from":[-1.0027113,11.964649,2.260281],"to":[2.9972892,14.964649,5.260281],"faces":{"east":{"uv":[10.877,10.502,11.0605,10.6855],"tintindex":0,"rotation":0,"texture":"#0"},"south":{"uv":[10.6895,7.752,10.9355,7.9355],"tintindex":0,"rotation":0,"texture":"#0"},"north":{"uv":[10.6895,7.0645,10.9355,7.248],"tintindex":0,"rotation":0,"texture":"#0"},"west":{"uv":[10.877,10.752,11.0605,10.9355],"tintindex":0,"rotation":0,"texture":"#0"},"up":{"uv":[10.9355,8.1855,10.6895,8.002],"tintindex":0,"rotation":0,"texture":"#0"},"down":{"uv":[10.9355,8.252,10.6895,8.4355],"tintindex":0,"rotation":0,"texture":"#0"}},"rotation":{"origin":[8.368613,7.545082,-11.699524],"angle":-22.5,"axis":"z"}},{"from":[9.162928,18.003822,2.760281],"to":[11.162928,22.003822,4.760281],"faces":{"east":{"uv":[5.127,11.0645,5.248,11.3105],"tintindex":0,"rotation":0,"texture":"#0"},"south":{"uv":[5.3145,11.0645,5.4355,11.3105],"tintindex":0,"rotation":0,"texture":"#0"},"north":{"uv":[4.9395,11.0645,5.0605,11.3105],"tintindex":0,"rotation":0,"texture":"#0"},"west":{"uv":[5.502,11.0645,5.623,11.3105],"tintindex":0,"rotation":0,"texture":"#0"},"up":{"uv":[11.5605,0.3105,11.4395,0.1895],"tintindex":0,"rotation":0,"texture":"#0"},"down":{"uv":[0.4355,11.4395,0.3145,11.5605],"tintindex":0,"rotation":0,"texture":"#0"}},"rotation":{"origin":[8.368613,7.545082,-11.699524],"angle":-22.5,"axis":"z"}},{"from":[11.432875,12.56464,2.8551126],"to":[13.432875,18.56464,9.855112],"faces":{"east":{"uv":[8.4395,0.002,8.873,0.373],"tintindex":0,"rotation":0,"texture":"#0"},"south":{"uv":[8.377,10.627,8.498,10.998],"tintindex":0,"rotation":0,"texture":"#0"},"north":{"uv":[10.627,7.3145,10.748,7.6855],"tintindex":0,"rotation":0,"texture":"#0"},"west":{"uv":[8.4395,1.877,8.873,2.248],"tintindex":0,"rotation":0,"texture":"#0"},"up":{"uv":[10.623,6.998,10.502,6.5645],"tintindex":0,"rotation":0,"texture":"#0"},"down":{"uv":[10.6855,0.877,10.5645,1.3105],"tintindex":0,"rotation":0,"texture":"#0"}},"rotation":{"origin":[8.368613,7.545082,-11.699524],"angle":-22.5,"axis":"y"}},{"from":[4.3686132,6.56464,4.260281],"to":[12.368613,11.56464,9.260281],"faces":{"east":{"uv":[9.627,4.377,9.9355,4.6855],"tintindex":0,"rotation":0,"texture":"#0"},"south":{"uv":[8.752,8.5645,9.248,8.873],"tintindex":0,"rotation":0,"texture":"#0"},"north":{"uv":[8.752,6.377,9.248,6.6855],"tintindex":0,"rotation":0,"texture":"#0"},"west":{"uv":[3.002,9.6895,3.3105,9.998],"tintindex":0,"rotation":0,"texture":"#0"},"up":{"uv":[4.8105,9.123,4.3145,8.8145],"tintindex":0,"rotation":0,"texture":"#0"},"down":{"uv":[2.498,8.877,2.002,9.1855],"tintindex":0,"rotation":0,"texture":"#0"}}},{"from":[5.5742993,18.003822,2.760281],"to":[7.5742993,22.003822,4.760281],"faces":{"east":{"uv":[7.4395,9.502,7.5605,9.748],"tintindex":0,"rotation":0,"texture":"#0"},"south":{"uv":[3.627,11.0645,3.748,11.3105],"tintindex":0,"rotation":0,"texture":"#0"},"north":{"uv":[9.002,9.377,9.123,9.623],"tintindex":0,"rotation":0,"texture":"#0"},"west":{"uv":[4.752,11.0645,4.873,11.3105],"tintindex":0,"rotation":0,"texture":"#0"},"up":{"uv":[10.248,11.498,10.127,11.377],"tintindex":0,"rotation":0,"texture":"#0"},"down":{"uv":[11.498,11.252,11.377,11.373],"tintindex":0,"rotation":0,"texture":"#0"}},"rotation":{"origin":[8.368613,7.545082,-11.699524],"angle":22.5,"axis":"z"}},{"from":[19.154152,15.707291,3.260281],"to":[23.154152,16.70729,4.260281],"faces":{"east":{"uv":[11.627,6.252,11.6855,6.3105],"tintindex":0,"rotation":0,"texture":"#0"},"south":{"uv":[9.8145,5.502,10.0605,5.5605],"tintindex":0,"rotation":0,"texture":"#0"},"north":{"uv":[9.752,6.002,9.998,6.0605],"tintindex":0,"rotation":0,"texture":"#0"},"west":{"uv":[11.627,6.377,11.6855,6.4355],"tintindex":0,"rotation":0,"texture":"#0"},"up":{"uv":[10.748,1.748,10.502,1.6895],"tintindex":0,"rotation":0,"texture":"#0"},"down":{"uv":[11.5605,4.127,11.3145,4.1855],"tintindex":0,"rotation":0,"texture":"#0"}},"rotation":{"origin":[8.368613,7.545082,-11.699524],"angle":22.5,"axis":"z"}},{"from":[4.3686132,11.56464,1.2602811],"to":[12.368613,16.56464,9.260281],"faces":{"east":{"uv":[5.3145,8.6895,5.8105,8.998],"tintindex":0,"rotation":0,"texture":"#0"},"south":{"uv":[8.6895,5.3145,9.1855,5.623],"tintindex":0,"rotation":0,"texture":"#0"},"north":{"uv":[6.9395,0.002,7.4355,0.3105],"tintindex":0,"rotation":0,"texture":"#0"},"west":{"uv":[8.6895,7.752,9.1855,8.0605],"tintindex":0,"rotation":0,"texture":"#0"},"up":{"uv":[3.0605,7.1855,2.5645,6.6895],"tintindex":0,"rotation":0,"texture":"#0"},"down":{"uv":[3.623,6.6895,3.127,7.1855],"tintindex":0,"rotation":0,"texture":"#0"}}},{"from":[-6.60184,10.56464,2.0318503],"to":[-1.60184,16.56464,2.0318503],"faces":{"south":{"uv":[3.3105,9.252,3.002,9.623],"tintindex":0,"rotation":0,"texture":"#0"},"north":{"uv":[3.002,9.252,3.3105,9.623],"tintindex":0,"rotation":0,"texture":"#0"}},"rotation":{"origin":[8.368613,7.545082,-11.699524],"angle":22.5,"axis":"y"}},{"from":[7.3686132,11.56464,0.2852807],"to":[9.368613,15.56464,1.2852807],"faces":{"east":{"uv":[5.6895,1.127,5.748,1.373],"tintindex":0,"rotation":0,"texture":"#0"},"south":{"uv":[2.5645,5.752,2.6855,5.998],"tintindex":0,"rotation":0,"texture":"#0"},"north":{"uv":[1.502,5.4395,1.623,5.6855],"tintindex":0,"rotation":0,"texture":"#0"},"west":{"uv":[5.502,5.6895,5.5605,5.9355],"tintindex":0,"rotation":0,"texture":"#0"},"up":{"uv":[10.248,9.998,10.127,9.9395],"tintindex":0,"rotation":0,"texture":"#0"},"down":{"uv":[10.9355,6.4395,10.8145,6.498],"tintindex":0,"rotation":0,"texture":"#0"}}},{"from":[13.739937,11.964649,2.260281],"to":[17.739937,14.964649,5.260281],"faces":{"east":{"uv":[0.1895,10.9395,0.373,11.123],"tintindex":0,"rotation":0,"texture":"#0"},"south":{"uv":[10.752,0.002,10.998,0.1855],"tintindex":0,"rotation":0,"texture":"#0"},"north":{"uv":[10.5645,10.6895,10.8105,10.873],"tintindex":0,"rotation":0,"texture":"#0"},"west":{"uv":[1.3145,10.9395,1.498,11.123],"tintindex":0,"rotation":0,"texture":"#0"},"up":{"uv":[10.998,1.0605,10.752,0.877],"tintindex":0,"rotation":0,"texture":"#0"},"down":{"uv":[10.998,1.127,10.752,1.3105],"tintindex":0,"rotation":0,"texture":"#0"}},"rotation":{"origin":[8.368613,7.545082,-11.699524],"angle":22.5,"axis":"z"}}],"display":{"gui":{"rotation":[30,225,0]}}}