{"textures":{"0":"modelengine:custom/troll_king","particle":"modelengine:custom/troll_king"},"elements":[{"from":[4.5256324,1.041667,8.535061],"to":[11.525633,4.041667,11.535061],"faces":{"east":{"uv":[7.752,10.877,7.9355,11.0605],"tintindex":0,"rotation":0,"texture":"#0"},"south":{"uv":[9.877,6.3145,10.3105,6.498],"tintindex":0,"rotation":0,"texture":"#0"},"north":{"uv":[1.6895,9.877,2.123,10.0605],"tintindex":0,"rotation":0,"texture":"#0"},"west":{"uv":[8.127,10.877,8.3105,11.0605],"tintindex":0,"rotation":0,"texture":"#0"},"up":{"uv":[0.8105,10.123,0.377,9.9395],"tintindex":0,"rotation":0,"texture":"#0"},"down":{"uv":[10.373,0.6895,9.9395,0.873],"tintindex":0,"rotation":0,"texture":"#0"}}},{"from":[4.0256324,-0.958333,4.0350614],"to":[12.025633,4.041667,9.035061],"faces":{"east":{"uv":[0.002,9.752,0.3105,10.0605],"tintindex":0,"rotation":0,"texture":"#0"},"south":{"uv":[0.877,8.9395,1.373,9.248],"tintindex":0,"rotation":0,"texture":"#0"},"north":{"uv":[8.9395,0.002,9.4355,0.3105],"tintindex":0,"rotation":0,"texture":"#0"},"west":{"uv":[0.9395,9.752,1.248,10.0605],"tintindex":0,"rotation":0,"texture":"#0"},"up":{"uv":[9.4355,1.9355,8.9395,1.627],"tintindex":0,"rotation":0,"texture":"#0"},"down":{"uv":[9.4355,2.002,8.9395,2.3105],"tintindex":0,"rotation":0,"texture":"#0"}}},{"from":[5.0256324,-0.958333,5.0350614],"to":[11.025633,8.041666,11.035061],"faces":{"east":{"uv":[7.5645,1.252,7.9355,1.8105],"tintindex":0,"rotation":0,"texture":"#0"},"south":{"uv":[0.877,7.627,1.248,8.1855],"tintindex":0,"rotation":0,"texture":"#0"},"north":{"uv":[7.5645,0.627,7.9355,1.1855],"tintindex":0,"rotation":0,"texture":"#0"},"west":{"uv":[4.127,7.752,4.498,8.3105],"tintindex":0,"rotation":0,"texture":"#0"},"up":{"uv":[8.5605,9.373,8.1895,9.002],"tintindex":0,"rotation":0,"texture":"#0"},"down":{"uv":[1.8105,9.0645,1.4395,9.4355],"tintindex":0,"rotation":0,"texture":"#0"}}},{"from":[7.0256324,1.041667,2.0350614],"to":[9.025633,3.041667,4.0350614],"faces":{"east":{"uv":[3.752,11.4395,3.873,11.5605],"tintindex":0,"rotation":0,"texture":"#0"},"south":{"uv":[3.9395,11.4395,4.0605,11.5605],"tintindex":0,"rotation":0,"texture":"#0"},"north":{"uv":[11.4395,3.502,11.5605,3.623],"tintindex":0,"rotation":0,"texture":"#0"},"west":{"uv":[11.4395,4.252,11.5605,4.373],"tintindex":0,"rotation":0,"texture":"#0"},"up":{"uv":[11.5605,4.5605,11.4395,4.4395],"tintindex":0,"rotation":0,"texture":"#0"},"down":{"uv":[11.5605,4.627,11.4395,4.748],"tintindex":0,"rotation":0,"texture":"#0"}}},{"from":[16.756723,1.541667,-0.79457855],"to":[17.756723,2.541667,1.205421],"faces":{"east":{"uv":[2.0645,11.627,2.1855,11.6855],"tintindex":0,"rotation":0,"texture":"#0"},"south":{"uv":[11.627,7.627,11.6855,7.6855],"tintindex":0,"rotation":0,"texture":"#0"},"north":{"uv":[7.627,11.627,7.6855,11.6855],"tintindex":0,"rotation":0,"texture":"#0"},"west":{"uv":[11.627,2.0645,11.748,2.123],"tintindex":0,"rotation":0,"texture":"#0"},"up":{"uv":[11.6855,2.3105,11.627,2.1895],"tintindex":0,"rotation":0,"texture":"#0"},"down":{"uv":[2.3105,11.627,2.252,11.748],"tintindex":0,"rotation":0,"texture":"#0"}},"rotation":{"origin":[10.525633,33.02211,-11.424744],"angle":-22.5,"axis":"y"}},{"from":[16.256723,1.041667,1.205421],"to":[18.256723,3.041667,3.205421],"faces":{"east":{"uv":[11.4395,7.4395,11.5605,7.5605],"tintindex":0,"rotation":0,"texture":"#0"},"south":{"uv":[11.4395,7.627,11.5605,7.748],"tintindex":0,"rotation":0,"texture":"#0"},"north":{"uv":[11.4395,7.252,11.5605,7.373],"tintindex":0,"rotation":0,"texture":"#0"},"west":{"uv":[7.752,11.4395,7.873,11.5605],"tintindex":0,"rotation":0,"texture":"#0"},"up":{"uv":[11.5605,7.9355,11.4395,7.8145],"tintindex":0,"rotation":0,"texture":"#0"},"down":{"uv":[11.5605,8.002,11.4395,8.123],"tintindex":0,"rotation":0,"texture":"#0"}},"rotation":{"origin":[10.525633,33.02211,-11.424744],"angle":-22.5,"axis":"y"}},{"from":[7.5256324,1.541667,0.03506136],"to":[8.525633,2.541667,2.0350614],"faces":{"east":{"uv":[0.252,11.627,0.373,11.6855],"tintindex":0,"rotation":0,"texture":"#0"},"south":{"uv":[11.627,7.377,11.6855,7.4355],"tintindex":0,"rotation":0,"texture":"#0"},"north":{"uv":[7.377,11.627,7.4355,11.6855],"tintindex":0,"rotation":0,"texture":"#0"},"west":{"uv":[11.627,0.3145,11.748,0.373],"tintindex":0,"rotation":0,"texture":"#0"},"up":{"uv":[0.498,11.748,0.4395,11.627],"tintindex":0,"rotation":0,"texture":"#0"},"down":{"uv":[0.623,11.627,0.5645,11.748],"tintindex":0,"rotation":0,"texture":"#0"}}},{"from":[-1.4554577,1.541667,-2.7945805],"to":[-0.4554577,2.541667,-0.79457855],"faces":{"east":{"uv":[11.627,0.9395,11.748,0.998],"tintindex":0,"rotation":0,"texture":"#0"},"south":{"uv":[11.627,7.502,11.6855,7.5605],"tintindex":0,"rotation":0,"texture":"#0"},"north":{"uv":[7.502,11.627,7.5605,11.6855],"tintindex":0,"rotation":0,"texture":"#0"},"west":{"uv":[11.627,1.0645,11.748,1.123],"tintindex":0,"rotation":0,"texture":"#0"},"up":{"uv":[11.6855,1.3105,11.627,1.1895],"tintindex":0,"rotation":0,"texture":"#0"},"down":{"uv":[1.3105,11.627,1.252,11.748],"tintindex":0,"rotation":0,"texture":"#0"}},"rotation":{"origin":[10.525633,33.02211,-11.424744],"angle":22.5,"axis":"y"}},{"from":[3.0256324,4.041667,3.0350614],"to":[13.025633,6.041666,9.035061],"faces":{"east":{"uv":[10.752,9.4395,11.123,9.5605],"tintindex":0,"rotation":0,"texture":"#0"},"south":{"uv":[10.1895,2.002,10.8105,2.123],"tintindex":0,"rotation":0,"texture":"#0"},"north":{"uv":[10.1895,1.8145,10.8105,1.9355],"tintindex":0,"rotation":0,"texture":"#0"},"west":{"uv":[10.8145,2.1895,11.1855,2.3105],"tintindex":0,"rotation":0,"texture":"#0"},"up":{"uv":[2.123,7.3105,1.502,6.9395],"tintindex":0,"rotation":0,"texture":"#0"},"down":{"uv":[7.623,6.377,7.002,6.748],"tintindex":0,"rotation":0,"texture":"#0"}}},{"from":[-1.9554577,1.041667,-0.79457855],"to":[0.044541836,3.041667,1.205421],"faces":{"east":{"uv":[5.627,11.4395,5.748,11.5605],"tintindex":0,"rotation":0,"texture":"#0"},"south":{"uv":[11.4395,6.0645,11.5605,6.1855],"tintindex":0,"rotation":0,"texture":"#0"},"north":{"uv":[11.4395,5.377,11.5605,5.498],"tintindex":0,"rotation":0,"texture":"#0"},"west":{"uv":[6.8145,11.4395,6.9355,11.5605],"tintindex":0,"rotation":0,"texture":"#0"},"up":{"uv":[11.5605,6.998,11.4395,6.877],"tintindex":0,"rotation":0,"texture":"#0"},"down":{"uv":[11.5605,7.0645,11.4395,7.1855],"tintindex":0,"rotation":0,"texture":"#0"}},"rotation":{"origin":[10.525633,33.02211,-11.424744],"angle":22.5,"axis":"y"}}],"display":{"gui":{"rotation":[30,225,0]}}}