{"textures":{"0":"modelengine:custom/troll_king","particle":"modelengine:custom/troll_king"},"elements":[{"from":[4.5,6.0,1.5],"to":[11.5,9.0,8.5],"faces":{"east":{"uv":[10.498,8.9395,10.0645,9.123],"tintindex":0,"rotation":0,"texture":"#0"},"south":{"uv":[6.1855,10.0645,5.752,10.248],"tintindex":0,"rotation":0,"texture":"#0"},"north":{"uv":[10.498,0.9395,10.0645,1.123],"tintindex":0,"rotation":0,"texture":"#0"},"west":{"uv":[10.498,1.1895,10.0645,1.373],"tintindex":0,"rotation":0,"texture":"#0"},"up":{"uv":[0.002,8.4355,0.4355,8.002],"tintindex":0,"rotation":0,"texture":"#0"},"down":{"uv":[8.002,0.502,8.4355,0.9355],"tintindex":0,"rotation":0,"texture":"#0"}}},{"from":[5.0,5.0,2.5],"to":[11.0,8.0,11.5],"faces":{"east":{"uv":[10.1855,4.127,9.627,4.3105],"tintindex":0,"rotation":0,"texture":"#0"},"south":{"uv":[10.623,7.0645,10.252,7.248],"tintindex":0,"rotation":0,"texture":"#0"},"north":{"uv":[10.623,4.0645,10.252,4.248],"tintindex":0,"rotation":0,"texture":"#0"},"west":{"uv":[2.248,9.627,1.6895,9.8105],"tintindex":0,"rotation":0,"texture":"#0"},"up":{"uv":[7.752,4.873,8.123,4.3145],"tintindex":0,"rotation":0,"texture":"#0"},"down":{"uv":[4.5645,7.752,4.9355,8.3105],"tintindex":0,"rotation":0,"texture":"#0"}}}],"display":{"gui":{"rotation":[30,225,0]}}}