{"display":{"thirdperson_righthand":{"rotation":[75,45,0],"translation":[0,1,0],"scale":[0.375,0.375,0.375]},"thirdperson_lefthand":{"rotation":[75,45,0],"translation":[0,2.5,0],"scale":[0.375,0.375,0.375]},"firstperson_righthand":{"rotation":[160.5,54,180],"translation":[2.5,2.5,1],"scale":[0.4,0.4,0.4]},"firstperson_lefthand":{"rotation":[160.5,54,180],"translation":[2.5,2.5,1],"scale":[0.4,0.4,0.4]},"ground":{"translation":[0,3,0],"scale":[0.6,0.6,0.6]},"gui":{"rotation":[30,-154,0],"translation":[0,-2,0],"scale":[0.425,0.425,0.425]},"head":{"rotation":[0,180,0],"translation":[0,13,7]},"fixed":{"translation":[0,-3.5,-0.75],"scale":[0.5,0.5,0.5]}},"texture_size":[64,64],"textures":{"0":"crates/valentines22_crate/violin","particle":"crates/valentines22_crate/violin"},"elements":[{"from":[3,-2,7],"to":[13,4,10],"rotation":{"angle":0,"axis":"y","origin":[0,-4,0]},"faces":{"north":{"uv":[0.75,6,3.25,7.5],"texture":"#0"},"east":{"uv":[0,6,0.75,7.5],"texture":"#0"},"south":{"uv":[4,6,6.5,7.5],"texture":"#0"},"west":{"uv":[3.25,6,4,7.5],"texture":"#0"},"up":{"uv":[3.25,6,0.75,5.25],"texture":"#0"},"down":{"uv":[5.75,5.25,3.25,6],"texture":"#0"}}},{"from":[6,-2,6],"to":[10,2,9],"rotation":{"angle":0,"axis":"y","origin":[0,-4,0]},"faces":{"north":{"uv":[8.75,8.75,9.75,9.75],"texture":"#0"},"east":{"uv":[8,8.75,8.75,9.75],"texture":"#0"},"south":{"uv":[10.5,8.75,11.5,9.75],"texture":"#0"},"west":{"uv":[9.75,8.75,10.5,9.75],"texture":"#0"},"up":{"uv":[9.75,8.75,8.75,8],"texture":"#0"},"down":{"uv":[10.75,8,9.75,8.75],"texture":"#0"}}},{"from":[1,-1,7.5],"to":[15,11,7.5],"rotation":{"angle":0,"axis":"y","origin":[0,-4,0]},"faces":{"north":{"uv":[0,0,3.5,3],"texture":"#0"},"east":{"uv":[0,0,0,3],"texture":"#0"},"south":{"uv":[3.5,0,7,3],"texture":"#0"},"west":{"uv":[3.5,0,3.5,3],"texture":"#0"},"up":{"uv":[3.5,0,0,0],"texture":"#0"},"down":{"uv":[7,0,3.5,0],"texture":"#0"}}},{"from":[1,-1,9.5],"to":[15,11,9.5],"rotation":{"angle":0,"axis":"y","origin":[0,-4,0]},"faces":{"north":{"uv":[0,0,3.5,3],"texture":"#0"},"east":{"uv":[0,0,0,3],"texture":"#0"},"south":{"uv":[3.5,0,7,3],"texture":"#0"},"west":{"uv":[3.5,0,3.5,3],"texture":"#0"},"up":{"uv":[3.5,0,0,0],"texture":"#0"},"down":{"uv":[7,0,3.5,0],"texture":"#0"}}},{"from":[5,-4,7],"to":[11,-2,10],"rotation":{"angle":0,"axis":"y","origin":[0,-4,0]},"faces":{"north":{"uv":[0.75,8.25,2.25,8.75],"texture":"#0"},"east":{"uv":[0,8.25,0.75,8.75],"texture":"#0"},"south":{"uv":[3,8.25,4.5,8.75],"texture":"#0"},"west":{"uv":[2.25,8.25,3,8.75],"texture":"#0"},"up":{"uv":[2.25,8.25,0.75,7.5],"texture":"#0"},"down":{"uv":[3.75,7.5,2.25,8.25],"texture":"#0"}}},{"from":[8.95736,-4.9,7.1],"to":[11.75736,-3.1,9.9],"rotation":{"angle":45,"axis":"z","origin":[8.75736,-2,8.5]},"faces":{"north":{"uv":[11,5.75,11.75,6.25],"texture":"#0"},"east":{"uv":[10.25,5.75,11,6.25],"texture":"#0"},"south":{"uv":[12.5,5.75,13.25,6.25],"texture":"#0"},"west":{"uv":[11.75,5.75,12.5,6.25],"texture":"#0"},"up":{"uv":[11.75,5.75,11,5],"texture":"#0"},"down":{"uv":[12.5,5,11.75,5.75],"texture":"#0"}}},{"from":[4.24264,-4.9,7.1],"to":[7.04264,-3.1,9.9],"rotation":{"angle":-45,"axis":"z","origin":[7.24264,-2,8.5]},"faces":{"north":{"uv":[0.75,11,1.5,11.5],"texture":"#0"},"east":{"uv":[0,11,0.75,11.5],"texture":"#0"},"south":{"uv":[2.25,11,3,11.5],"texture":"#0"},"west":{"uv":[1.5,11,2.25,11.5],"texture":"#0"},"up":{"uv":[1.5,11,0.75,10.25],"texture":"#0"},"down":{"uv":[2.25,10.25,1.5,11],"texture":"#0"}}},{"from":[3,7,7],"to":[13,13,10],"rotation":{"angle":0,"axis":"y","origin":[0,15,17]},"faces":{"north":{"uv":[0.75,3.75,3.25,5.25],"texture":"#0"},"east":{"uv":[0,3.75,0.75,5.25],"texture":"#0"},"south":{"uv":[4,3.75,6.5,5.25],"texture":"#0"},"west":{"uv":[3.25,3.75,4,5.25],"texture":"#0"},"up":{"uv":[3.25,3.75,0.75,3],"texture":"#0"},"down":{"uv":[5.75,3,3.25,3.75],"texture":"#0"}}},{"from":[8.95736,14.1,7.1],"to":[11.75736,15.9,9.9],"rotation":{"angle":-45,"axis":"z","origin":[8.75736,13,8.5]},"faces":{"north":{"uv":[9.5,10.5,10.25,11],"texture":"#0"},"east":{"uv":[8.75,10.5,9.5,11],"texture":"#0"},"south":{"uv":[11,10.5,11.75,11],"texture":"#0"},"west":{"uv":[10.25,10.5,11,11],"texture":"#0"},"up":{"uv":[10.25,10.5,9.5,9.75],"texture":"#0"},"down":{"uv":[11,9.75,10.25,10.5],"texture":"#0"}}},{"from":[5,13,7],"to":[11,15,10],"rotation":{"angle":0,"axis":"y","origin":[0,15,17]},"faces":{"north":{"uv":[7.75,2.25,9.25,2.75],"texture":"#0"},"east":{"uv":[7,2.25,7.75,2.75],"texture":"#0"},"south":{"uv":[10,2.25,11.5,2.75],"texture":"#0"},"west":{"uv":[9.25,2.25,10,2.75],"texture":"#0"},"up":{"uv":[9.25,2.25,7.75,1.5],"texture":"#0"},"down":{"uv":[10.75,1.5,9.25,2.25],"texture":"#0"}}},{"from":[4.24264,14.1,7.1],"to":[7.04264,15.9,9.9],"rotation":{"angle":45,"axis":"z","origin":[7.24264,13,8.5]},"faces":{"north":{"uv":[6.5,10.5,7.25,11],"texture":"#0"},"east":{"uv":[5.75,10.5,6.5,11],"texture":"#0"},"south":{"uv":[8,10.5,8.75,11],"texture":"#0"},"west":{"uv":[7.25,10.5,8,11],"texture":"#0"},"up":{"uv":[7.25,10.5,6.5,9.75],"texture":"#0"},"down":{"uv":[8,9.75,7.25,10.5],"texture":"#0"}}},{"from":[6.5,13,6.75],"to":[9.5,20,8.75],"rotation":{"angle":0,"axis":"y","origin":[7.5,12,8.5]},"faces":{"north":{"uv":[4.5,8.75,5.25,10.5],"texture":"#0"},"east":{"uv":[4,8.75,4.5,10.5],"texture":"#0"},"south":{"uv":[5.75,8.75,6.5,10.5],"texture":"#0"},"west":{"uv":[5.25,8.75,5.75,10.5],"texture":"#0"},"up":{"uv":[5.25,8.75,4.5,8.25],"texture":"#0"},"down":{"uv":[6,8.25,5.25,8.75],"texture":"#0"}}},{"from":[6.5,26,6],"to":[9.5,32,9],"rotation":{"angle":0,"axis":"y","origin":[7.5,12,8.5]},"faces":{"north":{"uv":[8.75,6.5,9.5,8],"texture":"#0"},"east":{"uv":[8,6.5,8.75,8],"texture":"#0"},"south":{"uv":[10.25,6.5,11,8],"texture":"#0"},"west":{"uv":[9.5,6.5,10.25,8],"texture":"#0"},"up":{"uv":[9.5,6.5,8.75,5.75],"texture":"#0"},"down":{"uv":[10.25,5.75,9.5,6.5],"texture":"#0"}}},{"from":[5,29.5,7],"to":[11,31.5,8],"rotation":{"angle":0,"axis":"y","origin":[7,12,8.5]},"faces":{"north":{"uv":[0.25,9.75,1.75,10.25],"texture":"#0"},"east":{"uv":[0,9.75,0.25,10.25],"texture":"#0"},"south":{"uv":[2,9.75,3.5,10.25],"texture":"#0"},"west":{"uv":[1.75,9.75,2,10.25],"texture":"#0"},"up":{"uv":[1.75,9.75,0.25,9.5],"texture":"#0"},"down":{"uv":[3.25,9.5,1.75,9.75],"texture":"#0"}}},{"from":[5,26.75,7],"to":[11,28.75,8],"rotation":{"angle":0,"axis":"y","origin":[7,12,8.5]},"faces":{"north":{"uv":[0.25,9,1.75,9.5],"texture":"#0"},"east":{"uv":[0,9,0.25,9.5],"texture":"#0"},"south":{"uv":[2,9,3.5,9.5],"texture":"#0"},"west":{"uv":[1.75,9,2,9.5],"texture":"#0"},"up":{"uv":[1.75,9,0.25,8.75],"texture":"#0"},"down":{"uv":[3.25,8.75,1.75,9],"texture":"#0"}}},{"from":[6.5,28,9],"to":[9.5,32,11],"rotation":{"angle":0,"axis":"y","origin":[7.5,12,8.5]},"faces":{"north":{"uv":[11,3.25,11.75,4.25],"texture":"#0"},"east":{"uv":[10.5,3.25,11,4.25],"texture":"#0"},"south":{"uv":[12.25,3.25,13,4.25],"texture":"#0"},"west":{"uv":[11.75,3.25,12.25,4.25],"texture":"#0"},"up":{"uv":[11.75,3.25,11,2.75],"texture":"#0"},"down":{"uv":[12.5,2.75,11.75,3.25],"texture":"#0"}}},{"from":[6.7,19.2,6.95],"to":[9.3,28.8,8.55],"rotation":{"angle":0,"axis":"y","origin":[7.5,12,8.5]},"faces":{"north":{"uv":[8.5,3.25,9.25,5.75],"texture":"#0"},"east":{"uv":[8,3.25,8.5,5.75],"texture":"#0"},"south":{"uv":[9.75,3.25,10.5,5.75],"texture":"#0"},"west":{"uv":[9.25,3.25,9.75,5.75],"texture":"#0"},"up":{"uv":[9.25,3.25,8.5,2.75],"texture":"#0"},"down":{"uv":[10,2.75,9.25,3.25],"texture":"#0"}}},{"from":[6.25,1,6.25],"to":[9.25,28,6.25],"rotation":{"angle":0,"axis":"y","origin":[7.5,12,8.5]},"faces":{"north":{"uv":[6.5,3,7.25,9.75],"texture":"#0"},"east":{"uv":[6.5,3,6.5,9.75],"texture":"#0"},"south":{"uv":[7.25,3,8,9.75],"texture":"#0"},"west":{"uv":[7.25,3,7.25,9.75],"texture":"#0"},"up":{"uv":[7.25,3,6.5,3],"texture":"#0"},"down":{"uv":[8,3,7.25,3],"texture":"#0"}}},{"from":[5,4,7],"to":[11,7,10],"rotation":{"angle":0,"axis":"y","origin":[0,-4,0]},"faces":{"north":{"uv":[7.75,0.75,9.25,1.5],"texture":"#0"},"east":{"uv":[7,0.75,7.75,1.5],"texture":"#0"},"south":{"uv":[10,0.75,11.5,1.5],"texture":"#0"},"west":{"uv":[9.25,0.75,10,1.5],"texture":"#0"},"up":{"uv":[9.25,0.75,7.75,0],"texture":"#0"},"down":{"uv":[10.75,0,9.25,0.75],"texture":"#0"}}}],"gui_light":"front"}