{"providers":[{"type":"bitmap","file":"emoji/lightning.png","ascent":12,"height":18,"chars":["⺓"]},{"type":"bitmap","file":"emoji/gems.png","ascent":12,"height":18,"chars":["⺔"]},{"type":"bitmap","file":"emoji/minecoin2.png","ascent":12,"height":18,"chars":["⺕"]},{"type":"bitmap","file":"emoji/minecoin2.png","ascent":9,"height":12,"chars":["⺖"]},{"type":"bitmap","file":"emoji/kingdom.png","ascent":12,"height":18,"chars":["⺗"]},{"type":"bitmap","file":"emoji/balance.png","ascent":12,"height":18,"chars":["⺘"]},{"type":"bitmap","file":"emoji/xpbottlesmall.png","ascent":10,"height":12,"chars":["⺙"]},{"type":"bitmap","file":"emoji/balance.png","ascent":10,"height":12,"chars":["⺚"]},{"type":"bitmap","file":"emoji/healthheart.png","ascent":9,"height":12,"chars":["⺛"]},{"type":"bitmap","file":"emoji/xporb.png","ascent":9,"height":12,"chars":["⺜"]},{"type":"bitmap","file":"emoji/diamondsword.png","ascent":9,"height":12,"chars":["⺝"]},{"type":"bitmap","file":"emoji/gems.png","ascent":8,"height":10,"chars":["⺞"]},{"type":"bitmap","file":"emoji/speech_bubble.png","ascent":10,"height":20,"chars":["⺟"]},{"type":"bitmap","file":"emoji/manacubelogo.png","ascent":15,"height":60,"chars":["셚셙","션셗"]},{"type":"bitmap","file":"emoji/manacubelogo.png","ascent":32,"height":100,"chars":["섏섐","섑섒"]},{"type":"bitmap","file":"emoji/prefixes/ranks/mvp_plus/mvp_plus_yellow.png","ascent":7,"height":7,"chars":["⺭"]},{"type":"bitmap","file":"emoji/prefixes/ranks/mvp_plus/mvp_plus_white.png","ascent":7,"height":7,"chars":["⺮"]},{"type":"bitmap","file":"emoji/prefixes/ranks/mvp_plus/mvp_plus_red.png","ascent":7,"height":7,"chars":["⺯"]},{"type":"bitmap","file":"emoji/prefixes/ranks/mvp_plus/mvp_plus_purple.png","ascent":7,"height":7,"chars":["⺰"]},{"type":"bitmap","file":"emoji/prefixes/ranks/mvp_plus/mvp_plus_orange.png","ascent":7,"height":7,"chars":["⺱"]},{"type":"bitmap","file":"emoji/prefixes/ranks/mvp_plus/mvp_plus_green.png","ascent":7,"height":7,"chars":["⺲"]},{"type":"bitmap","file":"emoji/prefixes/ranks/mvp_plus/mvp_plus_cyan.png","ascent":7,"height":7,"chars":["⺳"]},{"type":"bitmap","file":"emoji/prefixes/ranks/elite/elite_cyan.png","ascent":7,"height":7,"chars":["⺹"]},{"type":"bitmap","file":"emoji/prefixes/ranks/elite/elite_darkgray.png","ascent":7,"height":7,"chars":["⺺"]},{"type":"bitmap","file":"emoji/prefixes/ranks/elite/elite_darkgreen.png","ascent":7,"height":7,"chars":["⺻"]},{"type":"bitmap","file":"emoji/prefixes/ranks/elite/elite_green.png","ascent":7,"height":7,"chars":["⺼"]},{"type":"bitmap","file":"emoji/prefixes/ranks/elite/elite_orange.png","ascent":7,"height":7,"chars":["⺴"]},{"type":"bitmap","file":"emoji/prefixes/ranks/elite/elite_purple.png","ascent":7,"height":7,"chars":["⺵"]},{"type":"bitmap","file":"emoji/prefixes/ranks/elite/elite_red.png","ascent":7,"height":7,"chars":["⺶"]},{"type":"bitmap","file":"emoji/prefixes/ranks/elite/elite_white.png","ascent":7,"height":7,"chars":["⺷"]},{"type":"bitmap","file":"emoji/prefixes/ranks/elite/elite_yellow.png","ascent":7,"height":7,"chars":["⺸"]},{"type":"bitmap","file":"emoji/prefixes/ranks/elite_sky.png","ascent":7,"height":7,"chars":["㑅"]},{"type":"bitmap","file":"emoji/prefixes/ranks/elite_sunset.png","ascent":7,"height":7,"chars":["㑆"]},{"type":"bitmap","file":"emoji/prefixes/ranks/elite_rainbow.png","ascent":7,"height":7,"chars":["㑇"]},{"type":"bitmap","file":"emoji/prefixes/ranks/vip_plus.png","ascent":7,"height":7,"chars":["⺽"]},{"type":"bitmap","file":"emoji/prefixes/ranks/vip.png","ascent":7,"height":7,"chars":["⺾"]},{"type":"bitmap","file":"emoji/prefixes/ranks/mvp.png","ascent":7,"height":7,"chars":["⺿"]},{"type":"bitmap","file":"emoji/prefixes/ranks/patron_plus.png","ascent":7,"height":7,"chars":["⻀"]},{"type":"bitmap","file":"emoji/prefixes/ranks/patron.png","ascent":7,"height":7,"chars":["⻁"]},{"type":"bitmap","file":"emoji/prefixes/ranks/streamer.png","ascent":7,"height":7,"chars":["⻂"]},{"type":"bitmap","file":"emoji/prefixes/ranks/youtuber.png","ascent":7,"height":7,"chars":["⻃"]},{"type":"bitmap","file":"emoji/prefixes/ranks/srmod.png","ascent":7,"height":7,"chars":["⺢"]},{"type":"bitmap","file":"emoji/prefixes/ranks/mod_plus.png","ascent":7,"height":7,"chars":["⺣"]},{"type":"bitmap","file":"emoji/prefixes/ranks/mod.png","ascent":7,"height":7,"chars":["⺤"]},{"type":"bitmap","file":"emoji/prefixes/ranks/helper.png","ascent":7,"height":7,"chars":["⺥"]},{"type":"bitmap","file":"emoji/prefixes/ranks/chatmod.png","ascent":7,"height":7,"chars":["⺦"]},{"type":"bitmap","file":"emoji/prefixes/ranks/admin.png","ascent":7,"height":7,"chars":["⻄"]},{"type":"bitmap","file":"emoji/prefixes/ranks/owner.png","ascent":7,"height":7,"chars":["⻅"]},{"type":"bitmap","file":"emoji/prefixes/ranks/mvp_plus/mvp_plus_yellow.png","ascent":7,"height":7,"chars":[""]},{"type":"bitmap","file":"emoji/prefixes/ranks/mvp_plus/mvp_plus_white.png","ascent":7,"height":7,"chars":[""]},{"type":"bitmap","file":"emoji/prefixes/ranks/mvp_plus/mvp_plus_red.png","ascent":7,"height":7,"chars":[""]},{"type":"bitmap","file":"emoji/prefixes/ranks/mvp_plus/mvp_plus_purple.png","ascent":7,"height":7,"chars":[""]},{"type":"bitmap","file":"emoji/prefixes/ranks/mvp_plus/mvp_plus_orange.png","ascent":7,"height":7,"chars":[""]},{"type":"bitmap","file":"emoji/prefixes/ranks/mvp_plus/mvp_plus_green.png","ascent":7,"height":7,"chars":[""]},{"type":"bitmap","file":"emoji/prefixes/ranks/mvp_plus/mvp_plus_cyan.png","ascent":7,"height":7,"chars":[""]},{"type":"bitmap","file":"emoji/prefixes/ranks/elite/elite_cyan.png","ascent":7,"height":7,"chars":[""]},{"type":"bitmap","file":"emoji/prefixes/ranks/elite/elite_darkgray.png","ascent":7,"height":7,"chars":[""]},{"type":"bitmap","file":"emoji/prefixes/ranks/elite/elite_darkgreen.png","ascent":7,"height":7,"chars":[""]},{"type":"bitmap","file":"emoji/prefixes/ranks/elite/elite_green.png","ascent":7,"height":7,"chars":[""]},{"type":"bitmap","file":"emoji/prefixes/ranks/elite/elite_orange.png","ascent":7,"height":7,"chars":[""]},{"type":"bitmap","file":"emoji/prefixes/ranks/elite/elite_purple.png","ascent":7,"height":7,"chars":[""]},{"type":"bitmap","file":"emoji/prefixes/ranks/elite/elite_red.png","ascent":7,"height":7,"chars":[""]},{"type":"bitmap","file":"emoji/prefixes/ranks/elite/elite_white.png","ascent":7,"height":7,"chars":[""]},{"type":"bitmap","file":"emoji/prefixes/ranks/elite/elite_yellow.png","ascent":7,"height":7,"chars":[""]},{"type":"bitmap","file":"emoji/prefixes/ranks/elite_sky.png","ascent":7,"height":7,"chars":[""]},{"type":"bitmap","file":"emoji/prefixes/ranks/elite_sunset.png","ascent":7,"height":7,"chars":[""]},{"type":"bitmap","file":"emoji/prefixes/ranks/elite_rainbow.png","ascent":7,"height":7,"chars":[""]},{"type":"bitmap","file":"emoji/prefixes/ranks/vip_plus.png","ascent":7,"height":7,"chars":[""]},{"type":"bitmap","file":"emoji/prefixes/ranks/vip.png","ascent":7,"height":7,"chars":[""]},{"type":"bitmap","file":"emoji/prefixes/ranks/mvp.png","ascent":7,"height":7,"chars":[""]},{"type":"bitmap","file":"emoji/prefixes/ranks/patron_plus.png","ascent":7,"height":7,"chars":[""]},{"type":"bitmap","file":"emoji/prefixes/ranks/patron.png","ascent":7,"height":7,"chars":[""]},{"type":"bitmap","file":"emoji/prefixes/ranks/streamer.png","ascent":7,"height":7,"chars":[""]},{"type":"bitmap","file":"emoji/prefixes/ranks/youtuber.png","ascent":7,"height":7,"chars":[""]},{"type":"bitmap","file":"emoji/prefixes/ranks/srmod.png","ascent":7,"height":7,"chars":[""]},{"type":"bitmap","file":"emoji/prefixes/ranks/mod_plus.png","ascent":7,"height":7,"chars":[""]},{"type":"bitmap","file":"emoji/prefixes/ranks/mod.png","ascent":7,"height":7,"chars":[""]},{"type":"bitmap","file":"emoji/prefixes/ranks/helper.png","ascent":7,"height":7,"chars":[""]},{"type":"bitmap","file":"emoji/prefixes/ranks/chatmod.png","ascent":7,"height":7,"chars":[""]},{"type":"bitmap","file":"emoji/prefixes/ranks/admin.png","ascent":7,"height":7,"chars":[""]},{"type":"bitmap","file":"emoji/prefixes/ranks/owner.png","ascent":7,"height":7,"chars":[""]},{"type":"bitmap","file":"emoji/trophy.png","ascent":10,"height":12,"chars":["⻆"]},{"type":"bitmap","file":"emoji/manacubelogo.png","ascent":15,"height":40,"chars":["⻇"]},{"type":"bitmap","file":"guis/taskpointshop.png","ascent":22,"height":146,"chars":["橚"]},{"type":"bitmap","file":"guis/03c.png","ascent":110,"height":235,"chars":["橜"]},{"type":"bitmap","file":"guis/6slotguis.png","ascent":20,"height":132,"chars":["㈨㈩㈥㈧㇆⼐","⼒㈓⼀⼝㈔㈕","⻺㈾㇄㇁㓥㇂","⼕㇫⼦㈙㐺㈗","㑖⼡⻹㔑㉪㐷","㉯⾗㓧㇧㈘㐹","㈊㔀㔁㈈㈟㑋","㓤㔻霷霺霻ꑝ"]},{"type":"bitmap","file":"guis/4slotguis.png","ascent":20,"height":97,"chars":["㈦㇇⼏⼑⼓㑈","㈸㈭㈖㇃⻻㇀","⻼㇬⼔⼖㇋⼗","㇭⽼⼛⼜⼟㔞","㓦⽽⼤⼥⼠㈒","⼧㓁⾈㈽⼪㑃","㔒⼭⼮㈉㇩⼯","㈢⾄殾霼霽霿"]},{"type":"bitmap","file":"guis/chestanim.png","ascent":-3,"height":73,"chars":["毀毄","毆毇","毈毉","毊毑","毚毝","毞毟","毠毢"]},{"ascent":-32768,"chars":["毤"],"file":"custom/ui/pixel_split.png","height":-179,"type":"bitmap"},{"type":"bitmap","file":"guis/wardrobe.png","ascent":20,"height":136,"chars":["⾆⾇⾅㑜㕴"]},{"type":"bitmap","file":"emoji/space.png","ascent":-32768,"height":-3,"chars":["⻔"]},{"type":"bitmap","file":"guis/furniture/bathroomfurnituregui.png","ascent":130,"height":256,"chars":["⼅"]},{"type":"bitmap","file":"guis/furniture/bedroomfurnituregui.png","ascent":130,"height":256,"chars":["⼆"]},{"type":"bitmap","file":"guis/furniture/collectiblesfurnituregui.png","ascent":130,"height":256,"chars":["⼇"]},{"type":"bitmap","file":"guis/furniture/decorationsfurnituregui.png","ascent":130,"height":256,"chars":["⼈"]},{"type":"bitmap","file":"guis/furniture/furnituregui.png","ascent":130,"height":256,"chars":["⼉"]},{"type":"bitmap","file":"guis/furniture/furniturestore.png","ascent":130,"height":256,"chars":["⼊"]},{"type":"bitmap","file":"guis/furniture/furnituretwo.png","ascent":130,"height":256,"chars":["⼋"]},{"type":"bitmap","file":"guis/furniture/kitchenfurnituregui.png","ascent":130,"height":256,"chars":["⼌"]},{"type":"bitmap","file":"guis/furniture/livingroomfurnituregui.png","ascent":130,"height":256,"chars":["⼍"]},{"type":"bitmap","file":"guis/furniture/officefurnituregui.png","ascent":130,"height":256,"chars":["⼎"]},{"type":"bitmap","file":"guis/furniture/trophiesgui.png","ascent":130,"height":256,"chars":["㕔"]},{"type":"bitmap","file":"guis/quests/intervalquests.png","ascent":130,"height":256,"chars":["⼘"]},{"type":"bitmap","file":"guis/quests/progressionquests.png","ascent":130,"height":256,"chars":["⼙"]},{"type":"bitmap","file":"guis/quests/questsmain.png","ascent":130,"height":256,"chars":["⼚"]},{"type":"bitmap","file":"guis/skyblock/selectisland.png","ascent":130,"height":256,"chars":["⼫"]},{"type":"bitmap","file":"guis/skyblock/islandsmain.png","ascent":130,"height":256,"chars":["⾊"]},{"type":"bitmap","file":"guis/skyblock/islandcollectiongui.png","ascent":130,"height":256,"chars":["⼰"]},{"type":"bitmap","file":"guis/skyblock/islandcreategui.png","ascent":130,"height":256,"chars":["⼱"]},{"type":"bitmap","file":"guis/skyblock/islandgui.png","ascent":130,"height":256,"chars":["⼲"]},{"type":"bitmap","file":"guis/skyblock/islandquestsgui.png","ascent":130,"height":256,"chars":["⼴"]},{"type":"bitmap","file":"guis/skyblock/islandsub.png","ascent":130,"height":256,"chars":["⾍"]},{"type":"bitmap","file":"guis/survival/adminperm.png","ascent":130,"height":256,"chars":["⼵"]},{"type":"bitmap","file":"guis/survival/bankdeposit.png","ascent":130,"height":256,"chars":["⼶"]},{"type":"bitmap","file":"guis/survival/bank.png","ascent":130,"height":256,"chars":["⼷"]},{"type":"bitmap","file":"guis/survival/bankwithdraw.png","ascent":130,"height":256,"chars":["⼸"]},{"type":"bitmap","file":"guis/survival/bans.png","ascent":130,"height":256,"chars":["⼹"]},{"type":"bitmap","file":"guis/survival/claims.png","ascent":130,"height":256,"chars":["⼺"]},{"type":"bitmap","file":"guis/survival/permscoleader.png","ascent":130,"height":256,"chars":["⽂"]},{"type":"bitmap","file":"guis/survival/collection.png","ascent":130,"height":256,"chars":["⽄"]},{"type":"bitmap","file":"guis/survival/permscoop.png","ascent":130,"height":256,"chars":["⽅"]},{"type":"bitmap","file":"guis/survival/directory.png","ascent":130,"height":256,"chars":["⽇"]},{"type":"bitmap","file":"guis/survival/permsguest.png","ascent":130,"height":256,"chars":["⽈"]},{"type":"bitmap","file":"guis/survival/isles.png","ascent":130,"height":256,"chars":["⽎"]},{"type":"bitmap","file":"guis/survival/levels.png","ascent":130,"height":256,"chars":["⽏"]},{"type":"bitmap","file":"guis/survival/logs.png","ascent":130,"height":256,"chars":["⽐"]},{"type":"bitmap","file":"guis/survival/permsmember.png","ascent":130,"height":256,"chars":["⽑"]},{"type":"bitmap","file":"guis/survival/permsmod.png","ascent":130,"height":256,"chars":["⽒"]},{"type":"bitmap","file":"guis/survival/perms.png","ascent":130,"height":256,"chars":["⽔"]},{"type":"bitmap","file":"guis/survival/settings.png","ascent":130,"height":256,"chars":["⽖"]},{"type":"bitmap","file":"guis/survival/stack.png","ascent":130,"height":256,"chars":["⽘"]},{"type":"bitmap","file":"guis/survival/team.png","ascent":130,"height":256,"chars":["⽙"]},{"type":"bitmap","file":"guis/survival/permstrustee.png","ascent":130,"height":256,"chars":["⽚"]},{"type":"bitmap","file":"guis/survival/upgrades.png","ascent":130,"height":256,"chars":["⽛"]},{"type":"bitmap","file":"guis/survival/warps.png","ascent":130,"height":256,"chars":["⽜"]},{"type":"bitmap","file":"guis/survival/you.png","ascent":130,"height":256,"chars":["⽝"]},{"type":"bitmap","file":"guis/shop/spawners.png","ascent":130,"height":256,"chars":["⾝"]},{"type":"bitmap","file":"guis/shop/mobdrops.png","ascent":130,"height":256,"chars":["⾞"]},{"type":"bitmap","file":"guis/shop/blocksshop.png","ascent":130,"height":256,"chars":["⽦"]},{"type":"bitmap","file":"guis/shop/buymore.png","ascent":130,"height":256,"chars":["⽧"]},{"type":"bitmap","file":"guis/shop/dropsshop.png","ascent":130,"height":256,"chars":["⽨"]},{"type":"bitmap","file":"guis/shop/dyesshop.png","ascent":130,"height":256,"chars":["⽩"]},{"type":"bitmap","file":"guis/shop/farmingshop.png","ascent":130,"height":256,"chars":["⽪"]},{"type":"bitmap","file":"guis/shop/flowersshop.png","ascent":130,"height":256,"chars":["⽫"]},{"type":"bitmap","file":"guis/shop/mainshop.png","ascent":130,"height":256,"chars":["⽬"]},{"type":"bitmap","file":"guis/shop/mineralsshop.png","ascent":130,"height":256,"chars":["⽭"]},{"type":"bitmap","file":"guis/shop/miscshop.png","ascent":130,"height":256,"chars":["⽮"]},{"type":"bitmap","file":"guis/shop/saplingsshop.png","ascent":130,"height":256,"chars":["⽯"]},{"type":"bitmap","file":"guis/shop/sellmore.png","ascent":130,"height":256,"chars":["⽰"]},{"type":"bitmap","file":"guis/shop/shop2.png","ascent":130,"height":256,"chars":["⽱"]},{"type":"bitmap","file":"guis/shop/spawnersshop.png","ascent":130,"height":256,"chars":["⽲"]},{"type":"bitmap","file":"guis/infinitygauntlet.png","ascent":130,"height":256,"chars":["㔸"]},{"type":"bitmap","file":"guis/tetris.png","ascent":130,"height":256,"chars":["㖖"]},{"type":"bitmap","file":"guis/prideblade.png","ascent":130,"height":256,"chars":["㖗"]},{"type":"bitmap","file":"guis/crates/crate-promo2.png","ascent":130,"height":256,"chars":["㓂"]},{"type":"bitmap","file":"guis/cubitshop/wildcrate.png","ascent":130,"height":256,"chars":["㕰"]},{"type":"bitmap","file":"guis/cubitshop/crate2.png","ascent":130,"height":256,"chars":["㔹"]},{"type":"bitmap","file":"guis/crates/crate-retro.png","ascent":130,"height":256,"chars":["㕶"]},{"type":"bitmap","file":"ui/spawners/spawnerforgegui.png","ascent":130,"height":256,"chars":["⽳"]},{"type":"bitmap","file":"guis/skyblock/islandcreate2.png","ascent":130,"height":256,"chars":["⽻"]},{"type":"bitmap","file":"emoji/chest.png","ascent":9,"height":12,"chars":["⽾"]},{"type":"bitmap","file":"emoji/book.png","ascent":9,"height":12,"chars":["⽿"]},{"type":"bitmap","file":"emoji/diamond_chestplate.png","ascent":9,"height":12,"chars":["⾀"]},{"type":"bitmap","file":"emoji/spawner.png","ascent":9,"height":12,"chars":["⾁"]},{"type":"bitmap","file":"emoji/paper.png","ascent":9,"height":12,"chars":["⾂"]},{"type":"bitmap","file":"guis/shop/shops.png","ascent":130,"height":256,"chars":["⾉"]},{"type":"bitmap","file":"guis/shop/questpointshop.png","ascent":130,"height":256,"chars":["⾋"]},{"type":"bitmap","file":"emoji/compass.png","ascent":9,"height":12,"chars":["⾛"]},{"type":"bitmap","file":"emoji/emojipack.png","ascent":8,"height":10,"chars":["⾟⾠⾡⾢⾣","⾤⾥⾦⾧⾨","⾩⾪⾫⾬⾭","⾮⾯⾰⾱⾲","⾳⾴⾵⾶⾷","⾸⾹⾺⾻⾼","⾽⾾⾿⿀⿁","⿂⿃⿄⿅⿆","⿇⿈⿉⿊⿋","⿌⿍⿎⿏⿐"]},{"type":"bitmap","file":"emoji/pog.png","ascent":8,"height":10,"chars":["⿑"]},{"type":"bitmap","file":"ui/escstore.png","ascent":7,"height":256,"chars":["⻬"]},{"type":"bitmap","file":"emoji/pikachu.png","ascent":11,"height":14,"chars":["㇉"]},{"type":"bitmap","file":"guis/shop/soulshop.png","ascent":130,"height":256,"chars":["⾘"]},{"type":"bitmap","file":"guis/shop/shop3.png","ascent":130,"height":256,"chars":["㇌"]},{"type":"bitmap","file":"guis/shop/sellshop.png","ascent":130,"height":256,"chars":["㇍"]},{"type":"bitmap","file":"guis/shop/materials.png","ascent":130,"height":256,"chars":["㇎"]},{"type":"bitmap","file":"emoji/prefixes/patron.png","ascent":8,"height":8,"chars":["⻒"]},{"type":"bitmap","file":"emoji/elmo.png","ascent":11,"height":14,"chars":["㇨"]},{"type":"bitmap","file":"emoji/cow.png","ascent":11,"height":14,"chars":["㇪"]},{"type":"bitmap","file":"emoji/isforme.png","ascent":8,"height":12,"chars":["㈚"]},{"type":"bitmap","file":"guis/worlds/morend.png","ascent":130,"height":256,"chars":["㈛"]},{"type":"bitmap","file":"guis/worlds/wolfhaven.png","ascent":130,"height":256,"chars":["㈜"]},{"type":"bitmap","file":"guis/worlds/worlds.png","ascent":130,"height":256,"chars":["㈝"]},{"type":"bitmap","file":"guis/worlds/burninglands.png","ascent":130,"height":256,"chars":["㈞"]},{"type":"bitmap","file":"guis/quests/islandquests.png","ascent":130,"height":256,"chars":["㈠"]},{"type":"bitmap","file":"guis/skyblock/newskyblock.png","ascent":130,"height":256,"chars":["㈡"]},{"type":"bitmap","file":"guis/shop/tokenshop.png","ascent":130,"height":256,"chars":["㈣"]},{"type":"bitmap","file":"guis/quests/questsmain2.png","ascent":130,"height":256,"chars":["㈤"]},{"type":"bitmap","file":"guis/worlds/burninglands.png","ascent":130,"height":256,"chars":["㈮"]},{"type":"bitmap","file":"guis/worlds/icehaven.png","ascent":130,"height":256,"chars":["㈯"]},{"type":"bitmap","file":"guis/worlds/relicrypts.png","ascent":130,"height":256,"chars":["㈰"]},{"type":"bitmap","file":"guis/worlds/sandara.png","ascent":130,"height":256,"chars":["㈱"]},{"type":"bitmap","file":"guis/worlds/tangleroots.png","ascent":130,"height":256,"chars":["㈲"]},{"type":"bitmap","file":"guis/worlds/worlds.png","ascent":130,"height":256,"chars":["㈳"]},{"type":"bitmap","file":"guis/survival/partymain.png","ascent":130,"height":256,"chars":["㈴"]},{"type":"bitmap","file":"guis/survival/partyquests.png","ascent":130,"height":256,"chars":["㈵"]},{"type":"bitmap","file":"guis/survival/partysettings.png","ascent":130,"height":256,"chars":["㈶"]},{"type":"bitmap","file":"guis/survival/partycollections.png","ascent":130,"height":256,"chars":["㈷"]},{"type":"bitmap","file":"emoji/prefixes/crown.png","ascent":10,"height":12,"chars":["㉄"]},{"type":"bitmap","file":"emoji/pins/16.png","ascent":9,"height":10,"chars":["㓚㓛㓜㓝㓞㓟㓣㓠","㓢㓡㕤㕧㕩㕪㕫㕬","㕭㕮㔎㔆㔇㔈㔉㔊","㔋㔌㔍㇣㇤㔠㑙㇛","㇞㓌㑀㓖㓕㕸㕹㕺","㕻㕼㕃㕄㑉㑄㔽㔼","㔾㉭㉮㉬ꑝꑝꑝꑝ","ꑝꑝꑝꑝꑝꑝꑝꑝ"]},{"type":"bitmap","file":"emoji/pins/32.png","ascent":10,"height":13,"chars":["㉅㉆㉇㉈㉉㉊㉋㔺","㇓㇔㇚㇠㇟㇡㇢㓍","㇒㑁㓨㇕㇖㕂㓙㒿","㕷⾙㕯㕳㕱㕲㕽ꑝ","ꑝꑝꑝꑝꑝꑝꑝꑝ","ꑝꑝꑝꑝꑝꑝꑝꑝ","ꑝꑝꑝꑝꑝꑝꑝꑝ","ꑝꑝꑝꑝꑝꑝꑝꑝ"]},{"type":"bitmap","file":"emoji/pins/32s.png","ascent":12,"height":16,"chars":["㇘㑂㇜㇝㇙㇗㔡㓀","㕀㉀㉁㉂㉃㈄㈅㈆","㈇㒾㒽㈻㈺㈼㈹㔿","ꑝꑝꑝꑝꑝꑝꑝꑝ","ꑝꑝꑝꑝꑝꑝꑝꑝ","ꑝꑝꑝꑝꑝꑝꑝꑝ","ꑝꑝꑝꑝꑝꑝꑝꑝ","ꑝꑝꑝꑝꑝꑝꑝꑝ"]},{"type":"bitmap","file":"emoji/pins/64.png","ascent":10,"height":12,"chars":["㇦㇥","㕾㕿"]},{"type":"bitmap","file":"emoji/pins/flags/americas.png","ascent":14,"height":22,"chars":["","","ꑝꑝ","ꑝꑝꑝꑝ"]},{"type":"bitmap","file":"emoji/pins/flags/asia1.png","ascent":14,"height":22,"chars":["","","ꑝꑝ","ꑝꑝꑝꑝ"]},{"type":"bitmap","file":"emoji/pins/flags/asia2.png","ascent":14,"height":22,"chars":["","","ꑝꑝꑝ","ꑝꑝꑝꑝ"]},{"type":"bitmap","file":"emoji/pins/flags/europe1.png","ascent":14,"height":22,"chars":["","","ꑝꑝꑝ","ꑝꑝꑝꑝ"]},{"type":"bitmap","file":"emoji/pins/flags/europe2.png","ascent":14,"height":22,"chars":["","","ꑝꑝ","ꑝꑝꑝꑝ"]},{"type":"bitmap","file":"emoji/pins/flags/europe3.png","ascent":14,"height":22,"chars":["","","ꑝꑝꑝ","ꑝꑝꑝꑝ"]},{"type":"bitmap","file":"emoji/pins/flags/oceaniaafrica.png","ascent":14,"height":22,"chars":["","ꑝꑝ","ꑝꑝꑝꑝ","ꑝꑝꑝꑝ"]},{"type":"bitmap","file":"guis/cubitshop/cubitshopmain.png","ascent":130,"height":256,"chars":["㉍"]},{"type":"bitmap","file":"guis/cubitshop/ranks/ranksmain.png","ascent":130,"height":256,"chars":["㉎"]},{"type":"bitmap","file":"guis/cubitshop/ranks/vip.png","ascent":130,"height":256,"chars":["㉏"]},{"type":"bitmap","file":"guis/cubitshop/ranks/vipplus.png","ascent":130,"height":256,"chars":["㉐"]},{"type":"bitmap","file":"guis/cubitshop/ranks/mvp.png","ascent":130,"height":256,"chars":["㉑"]},{"type":"bitmap","file":"guis/cubitshop/ranks/mvpplus.png","ascent":130,"height":256,"chars":["㉒"]},{"type":"bitmap","file":"guis/cubitshop/ranks/elite.png","ascent":130,"height":256,"chars":["㉓"]},{"type":"bitmap","file":"guis/olympus/prison.png","ascent":130,"height":256,"chars":["㉔"]},{"type":"bitmap","file":"guis/skyblock/skyblock.png","ascent":130,"height":256,"chars":["㉕"]},{"type":"bitmap","file":"guis/survival/survival.png","ascent":130,"height":256,"chars":["㉖"]},{"type":"bitmap","file":"guis/cubitshop/cubitshopcheckout.png","ascent":130,"height":256,"chars":["㉗"]},{"type":"bitmap","file":"guis/cubitshop/cubitshopmisc.png","ascent":130,"height":256,"chars":["㉘"]},{"type":"bitmap","file":"guis/treasure_chest.png","ascent":130,"height":256,"chars":["㈋"]},{"type":"bitmap","file":"guis/olympus/mines1.png","ascent":130,"height":256,"chars":["㉙"]},{"type":"bitmap","file":"guis/olympus/mines2.png","ascent":130,"height":256,"chars":["㉚"]},{"type":"bitmap","file":"guis/olympus/rebirth.png","ascent":130,"height":256,"chars":["㉛"]},{"type":"bitmap","file":"guis/cubitshop/ranks/earth/vip.png","ascent":130,"height":256,"chars":["㉜"]},{"type":"bitmap","file":"guis/cubitshop/ranks/earth/vipplus.png","ascent":130,"height":256,"chars":["㉝"]},{"type":"bitmap","file":"guis/cubitshop/ranks/earth/mvp.png","ascent":130,"height":256,"chars":["㉞"]},{"type":"bitmap","file":"guis/cubitshop/ranks/earth/mvpplus.png","ascent":130,"height":256,"chars":["㉟"]},{"type":"bitmap","file":"guis/cubitshop/ranks/earth/elite.png","ascent":130,"height":256,"chars":["㉠"]},{"type":"bitmap","file":"guis/cubitshop/cubitshopcheckout_green.png","ascent":130,"height":256,"chars":["㉡"]},{"type":"bitmap","file":"guis/quests/beginner.png","ascent":130,"height":256,"chars":["㉢"]},{"type":"bitmap","file":"guis/quests/intermediate.png","ascent":130,"height":256,"chars":["㉣"]},{"type":"bitmap","file":"guis/quests/experienced.png","ascent":130,"height":256,"chars":["㉤"]},{"type":"bitmap","file":"guis/quests/master.png","ascent":130,"height":256,"chars":["㉥"]},{"type":"bitmap","file":"guis/quests/grandmaster.png","ascent":130,"height":256,"chars":["㉦"]},{"type":"bitmap","file":"guis/olympus/pickaxe.png","ascent":130,"height":256,"chars":["㉧"]},{"type":"bitmap","file":"guis/olympus/pickaxe_glow.png","ascent":130,"height":256,"chars":["㉨"]},{"type":"bitmap","file":"guis/olympus/hades.png","ascent":130,"height":256,"chars":["㉩"]},{"type":"bitmap","file":"avatars/giveaways.png","ascent":2,"height":42,"chars":["㉫"]},{"type":"bitmap","file":"emoji/prefixes/ranks/patron_plus_hex.png","ascent":7,"height":7,"chars":["㉰"]},{"type":"bitmap","file":"emoji/prefixes/ranks/patron_hex.png","ascent":7,"height":7,"chars":["㉱"]},{"type":"bitmap","file":"emoji/prefixes/ranks/mvp_plus/mvp_plus_darkgray.png","ascent":7,"height":7,"chars":["㉲"]},{"type":"bitmap","file":"emoji/prefixes/ranks/elite/elite_hex.png","ascent":7,"height":7,"chars":["㉳"]},{"type":"bitmap","file":"emoji/prefixes/ranks/mvp_plus/mvp_plus_darkgreen.png","ascent":7,"height":7,"chars":["㉴"]},{"type":"bitmap","file":"guis/worlds/worlds-6.png","ascent":130,"height":256,"chars":["㉵"]},{"type":"bitmap","file":"guis/quests/challenges.png","ascent":130,"height":256,"chars":["㉷"]},{"type":"bitmap","file":"guis/miniongui2.png","ascent":130,"height":256,"chars":["㐶"]},{"type":"bitmap","file":"guis/shop/shop4.png","ascent":130,"height":256,"chars":["㐸"]},{"type":"bitmap","file":"guis/quests/challenges.png","ascent":130,"height":256,"chars":["㐻"]},{"type":"bitmap","file":"emoji/prefixes/ranks/admin_hex.png","ascent":7,"height":7,"chars":["㐼"]},{"type":"bitmap","file":"emoji/prefixes/ranks/owner_hex.png","ascent":7,"height":7,"chars":["㐽"]},{"type":"bitmap","file":"guis/furniture/greenerygui.png","ascent":130,"height":256,"chars":["㐿"]},{"type":"bitmap","file":"guis/worlds/worldsnew.png","ascent":130,"height":256,"chars":["㑊"]},{"type":"bitmap","file":"guis/taskboard.png","ascent":130,"height":256,"chars":["㑌"]},{"type":"bitmap","file":"guis/taskboardskip.png","ascent":130,"height":256,"chars":["㕁"]},{"type":"bitmap","file":"guis/enchantmenu.png","ascent":130,"height":256,"chars":["㑍"]},{"type":"bitmap","file":"guis/enchanter/enchantwiki-main.png","ascent":130,"height":256,"chars":["㑎"]},{"type":"bitmap","file":"guis/enchanter/enchantwiki-swords.png","ascent":130,"height":256,"chars":["㑏"]},{"type":"bitmap","file":"guis/enchanter/enchantwiki-axes.png","ascent":130,"height":256,"chars":["㑐"]},{"type":"bitmap","file":"guis/enchanter/enchantwiki-bows.png","ascent":130,"height":256,"chars":["㑑"]},{"type":"bitmap","file":"guis/enchanter/enchantwiki-tridents.png","ascent":130,"height":256,"chars":["㑒"]},{"type":"bitmap","file":"guis/enchanter/enchantwiki-armor.png","ascent":130,"height":256,"chars":["㑓"]},{"type":"bitmap","file":"guis/enchanter/enchantwiki-tools.png","ascent":130,"height":256,"chars":["㑔"]},{"type":"bitmap","file":"guis/enchanter/enchantwiki-fishingrod.png","ascent":130,"height":256,"chars":["㑕"]},{"type":"bitmap","file":"guis/worlds/morend2.png","ascent":130,"height":256,"chars":["㑗"]},{"type":"bitmap","file":"emoji/prefixes/ranks/retired.png","ascent":7,"height":7,"chars":["㑘"]},{"type":"bitmap","file":"guis/crates/crate-promo.png","ascent":130,"height":256,"chars":["㑚"]},{"type":"bitmap","file":"guis/crates/crate-promo-auction.png","ascent":130,"height":256,"chars":["㑛"]},{"type":"bitmap","file":"impostor/emoji/purple.png","ascent":8,"height":8,"chars":["㒰㒱㒲㒳","㒴㒵㒶㒷","㒸㒹㒺㒻"]},{"type":"bitmap","file":"emoji/prefixes/ranks/member.png","ascent":7,"height":7,"chars":["㒼"]},{"type":"bitmap","file":"guis/crates/crate-promo2.png","ascent":130,"height":256,"chars":["㓂"]},{"type":"bitmap","file":"misc/fullscreen_black.png","ascent":250,"height":1500,"chars":["㓃"]},{"type":"bitmap","file":"emoji/prefixes/ranks/creator.png","ascent":7,"height":7,"chars":["㓄"]},{"type":"bitmap","file":"emoji/prefixes/ranks/party/coop.png","ascent":7,"height":7,"chars":["㓅"]},{"type":"bitmap","file":"emoji/prefixes/ranks/party/co-owner.png","ascent":7,"height":7,"chars":["㓆"]},{"type":"bitmap","file":"emoji/prefixes/ranks/party/guest.png","ascent":7,"height":7,"chars":["㓇"]},{"type":"bitmap","file":"emoji/prefixes/ranks/party/member.png","ascent":7,"height":7,"chars":["㓈"]},{"type":"bitmap","file":"emoji/prefixes/ranks/party/trustee.png","ascent":7,"height":7,"chars":["㓉"]},{"type":"bitmap","file":"guis/games/checkers.png","ascent":130,"height":256,"chars":["㓊"]},{"type":"bitmap","file":"guis/games/connect4.png","ascent":130,"height":256,"chars":["㓋"]},{"type":"bitmap","file":"guis/cubitshop/cubitshopbundles.png","ascent":130,"height":256,"chars":["㓎"]},{"type":"bitmap","file":"guis/events.png","ascent":130,"height":256,"chars":["㓏"]},{"type":"bitmap","file":"guis/shop/sellshop2.png","ascent":130,"height":256,"chars":["㓐"]},{"type":"bitmap","file":"guis/shop/farmingshop2.png","ascent":130,"height":256,"chars":["㓑"]},{"type":"bitmap","file":"guis/shop/shopmain.png","ascent":130,"height":256,"chars":["㓒"]},{"type":"bitmap","file":"guis/shop/decorationshop.png","ascent":130,"height":256,"chars":["㓓"]},{"type":"bitmap","file":"guis/candyshop.png","ascent":130,"height":256,"chars":["㓔"]},{"type":"bitmap","file":"guis/olympus/plot.png","ascent":130,"height":256,"chars":["櫦"]},{"type":"bitmap","file":"emoji/admins.png","ascent":8,"height":8,"chars":["㕅㕆㕇㕈","㕉㕊㕋㕌","㕍㕎㕏㕐","㕑㕒㕓ꑝ"]},{"type":"bitmap","file":"avatars/staffavatars.png","ascent":2,"height":42,"chars":["㕕㕖㕗㕘","㕙㕚㕛㕜","㕝㕞㕟㕠","㕡㕢㕣ꑝ"]},{"type":"bitmap","file":"guis/screens/blockfriday.png","ascent":40,"height":256,"chars":["㔂"]},{"type":"bitmap","file":"guis/festival/winter/bellshop.png","ascent":130,"height":256,"chars":["㔄"]},{"type":"bitmap","file":"guis/festival/winter/bellpin.png","ascent":8,"height":8,"chars":["㔅"]},{"type":"bitmap","file":"guis/screens/winterfestival.png","ascent":40,"height":256,"chars":["㔏"]},{"type":"bitmap","file":"guis/screens/minehutnotif.png","ascent":40,"height":256,"chars":["㔐"]},{"type":"bitmap","file":"emoji/trophies/trophy_19.png","ascent":8,"height":9,"chars":["⻈⻉⻊ꑝ","⻋⻌⻍⻎","⻏⻐⻑㔓","㔔㔕㔖㔗","㔘㔙㔚㔛"]},{"type":"bitmap","file":"guis/hueyshop.png","ascent":130,"height":256,"chars":["㔜"]},{"type":"bitmap","file":"guis/sellfish.png","ascent":130,"height":256,"chars":["㔝"]},{"type":"bitmap","file":"fish/common/albacore.png","ascent":8,"height":8,"chars":["㔟"]},{"type":"bitmap","file":"guis/mystery/mystery.png","ascent":130,"height":256,"chars":["㔢"]},{"type":"bitmap","file":"guis/mystery/mystery-valentines.png","ascent":130,"height":256,"chars":["㔣"]},{"type":"bitmap","file":"guis/mystery/mystery-anime.png","ascent":130,"height":256,"chars":["㔤"]},{"type":"bitmap","file":"guis/mystery/mystery-halloween.png","ascent":130,"height":256,"chars":["㔥"]},{"type":"bitmap","file":"guis/mystery/mystery-spongebob.png","ascent":130,"height":256,"chars":["㔦"]},{"type":"bitmap","file":"guis/mystery/mystery-space.png","ascent":130,"height":256,"chars":["㔧"]},{"type":"bitmap","file":"guis/mystery/mystery-banana.png","ascent":130,"height":256,"chars":["㔨"]},{"type":"bitmap","file":"guis/mystery/mystery-ocean.png","ascent":130,"height":256,"chars":["㔩"]},{"type":"bitmap","file":"guis/mystery/mystery-hogwarts.png","ascent":130,"height":256,"chars":["㔪"]},{"type":"bitmap","file":"guis/mystery/mystery-arctic.png","ascent":130,"height":256,"chars":["㔫"]},{"type":"bitmap","file":"guis/mystery/mystery-summer.png","ascent":130,"height":256,"chars":["㔬"]},{"type":"bitmap","file":"guis/mystery/mystery-christmas.png","ascent":130,"height":256,"chars":["㔭"]},{"type":"bitmap","file":"emoji/trophies/stars.png","ascent":8,"height":9,"chars":["㔮㔯㔰㔱","㔲㔳㔴㔵","㔶㔷ꑝꑝ"]},{"type":"bitmap","file":"guis/olympus/manasweeper.png","ascent":130,"height":256,"chars":["⾐"]},{"type":"bitmap","file":"guis/olympus/keystone.png","ascent":130,"height":256,"chars":["⾑"]},{"type":"bitmap","file":"guis/spawnerrepair.png","ascent":130,"height":256,"chars":["⾒"]},{"type":"bitmap","file":"guis/olympus/keystone-teleport.png","ascent":130,"height":256,"chars":["⾓"]},{"type":"bitmap","file":"guis/crate-mythos.png","ascent":130,"height":256,"chars":["⾔"]},{"type":"bitmap","file":"guis/festival/spring/pass.png","ascent":130,"height":256,"chars":["⾕"]},{"type":"bitmap","file":"guis/festival/spring/shop.png","ascent":130,"height":256,"chars":["⾖"]},{"type":"bitmap","file":"guis/screens/springfestival.png","ascent":45,"height":45,"chars":["⾜","歸"]},{"type":"bitmap","file":"guis/screens/springfestival.png","ascent":0,"height":45,"chars":["歿","殐"]},{"type":"bitmap","file":"avatars/giveaways2.png","ascent":2,"height":42,"chars":["⿕"]},{"type":"bitmap","file":"guis/teleport-factions.png","ascent":130,"height":256,"chars":["㈀"]},{"type":"bitmap","file":"emoji/netherite.png","ascent":9,"height":12,"chars":["㈁"]},{"type":"bitmap","file":"emoji/hero.png","ascent":9,"height":12,"chars":["㈂"]},{"type":"bitmap","file":"emoji/raid.png","ascent":9,"height":12,"chars":["㈃"]},{"type":"bitmap","file":"emoji/scrap.png","ascent":9,"height":12,"chars":["㈍"]},{"type":"bitmap","file":"emoji/hardcore.png","ascent":9,"height":12,"chars":["㈌"]},{"type":"bitmap","file":"guis/tournament.png","ascent":130,"height":256,"chars":["㈏"]},{"type":"bitmap","file":"guis/tournament2.png","ascent":130,"height":256,"chars":["檖"]},{"type":"bitmap","file":"emoji/totem.png","ascent":9,"height":12,"chars":["㈐"]},{"type":"bitmap","file":"emoji/gapple.png","ascent":9,"height":12,"chars":["㈑"]},{"type":"bitmap","file":"emoji/speed.png","ascent":9,"height":12,"chars":["㍠"]},{"type":"bitmap","file":"emoji/haste.png","ascent":9,"height":12,"chars":["㍡"]},{"type":"bitmap","file":"guis/auctions-main.png","ascent":130,"height":256,"chars":["㍢"]},{"type":"bitmap","file":"guis/auctions-personal.png","ascent":130,"height":256,"chars":["㍣"]},{"type":"bitmap","file":"guis/auctions-listings.png","ascent":130,"height":256,"chars":["㍤"]},{"type":"bitmap","file":"guis/manashop.png","ascent":130,"height":256,"chars":["㍥"]},{"type":"bitmap","file":"guis/lootlog.png","ascent":130,"height":256,"chars":["㍦"]},{"type":"bitmap","file":"guis/leaderboard-weekly.png","ascent":130,"height":256,"chars":["㍧"]},{"type":"bitmap","file":"guis/leaderboard-alltime.png","ascent":130,"height":256,"chars":["㍨"]},{"type":"bitmap","file":"misc/fullscreen_mana.png","ascent":250,"height":1500,"chars":["㍩"]},{"type":"bitmap","file":"guis/pins.png","ascent":21,"height":137,"chars":["㖀㖁㖂㖃","㖄㖅㖆㖇","㖈㖉㖊㖋"]},{"type":"bitmap","file":"guis/toggle.png","ascent":0,"height":16,"chars":["숲","숳"]},{"type":"bitmap","file":"guis/toggle.png","ascent":-18,"height":16,"chars":["숴","숵"]},{"type":"bitmap","file":"guis/toggle.png","ascent":-36,"height":16,"chars":["숶","숷"]},{"type":"bitmap","file":"guis/toggle.png","ascent":-54,"height":16,"chars":["숸","숹"]},{"type":"bitmap","file":"guis/toggle.png","ascent":-72,"height":16,"chars":["숺","숻"]},{"type":"bitmap","file":"guis/toggle.png","ascent":-90,"height":16,"chars":["숼","숽"]},{"type":"bitmap","file":"emoji/prefixes/rank-tags-flat.png","ascent":-14,"height":7,"shift":-30,"chars":["㑝","㑞","㑟","㑠","㑡","㑢","㑣","㑤","㑥","㑦","㑧","㑨","㑩"]},{"type":"bitmap","file":"emoji/prefixes/rank-tags-hq.png","ascent":-14,"height":14,"shift":-30,"chars":["㑪","㑫","㑬","㑭","㑮","㑯","㑰","㑱","㑲","㑳","㑴","㑵","㑶","㑷","㑸","㑹","㑺"]},{"type":"bitmap","file":"custom/actionbar/pickaxe.png","ascent":-7,"height":14,"chars":["榺"]},{"type":"bitmap","file":"custom/actionbar/alphabet.png","ascent":-10,"height":8,"chars":["纫绍缪纪妍娅缢缂绀牂缮缣绌婳继纠缘缫缁细嫖媔缳缌缧绰","纰绁纯绑绩纬辔绢织绳缗缲缉缔绞嫣缝缒纺统纹缱缟缡娩好","飕凡风筵第颓箓夙飏簦섹ꑝꑝꑝꑝꑝꑝꑝꑝꑝꑝꑝꑝꑝꑝꑝ"]},{"type":"bitmap","file":"custom/actionbar/alphabet.png","ascent":-53,"height":8,"chars":["欁欃欄欆欇欈欉權欋欌欍欎欏欐欑欒欓欔欕欖欗欘欙欚欜欝","欪欬欭欮欰欱欴欵欶欼欽欿歀歁歂歄歈歊歍歎歏歐歑歓歕欨","歛歜歝歞歟歠歡歫歬歭歮ꑝꑝꑝꑝꑝꑝꑝꑝꑝꑝꑝꑝꑝꑝꑝ"]},{"type":"bitmap","file":"custom/actionbar/bar-full.png","ascent":-18,"height":5,"chars":["藓蔬","蓣芡","葵茎","荬芮","茶苻","萑茌","蕉荏","葰苓","茯芩","菍蘩","茽莜","养芥","荼荃","荟蔹","莶荷","苁莝","花鹲","蒨葆","苍莓","蓓莅","芯荀","菊苾","芴芍","葡薿","葱苌","萄芘","荜蕊","苟蔃","苞蒈","茑羊","芈羯","羓着","藉藕","萚葜","羖羝","蒱羧","菝蓁","差菁","羱羞","羟芙","羚苇"]},{"type":"bitmap","file":"custom/actionbar/bar-full.png","ascent":-63,"height":5,"chars":["櫾ꑝ","ꑝꑝ","ꑝꑝ","ꑝꑝ","ꑝꑝ","ꑝꑝ","ꑝꑝ","櫼ꑝ","ꑝꑝ","ꑝꑝ","ꑝꑝ","ꑝꑝ","ꑝꑝ","ꑝ櫶","櫻ꑝ","ꑝꑝ","ꑝꑝ","ꑝꑝ","ꑝꑝ","ꑝꑝ","櫺ꑝ","ꑝꑝ","ꑝ櫵","ꑝꑝ","ꑝꑝ","ꑝꑝ","ꑝꑝ","ꑝꑝ","ꑝꑝ","櫹ꑝ","ꑝꑝ","ꑝꑝ","ꑝ櫴","ꑝꑝ","ꑝꑝ","ꑝꑝ","ꑝꑝ","櫸ꑝ","ꑝꑝ","ꑝꑝ","ꑝ櫳"]},{"ascent":-98,"chars":["","","","","","","","","","","","","","","",""],"file":"font/ascii.png","type":"bitmap"},{"ascent":-98,"chars":["ꢚꢛꢜꢝꢞꢟꢠꢡꢢꢣ"],"file":"custom/ui/bottom_numbers.png","height":8,"type":"bitmap"},{"ascent":-45,"chars":["螪螮螰螲螴螶螷螸螹螻"],"file":"custom/ui/bottom_numbers.png","height":8,"type":"bitmap"},{"ascent":-32768,"chars":[""],"file":"custom/ui/pixel_split.png","height":-3,"type":"bitmap"},{"ascent":-32768,"chars":[""],"file":"custom/ui/pixel_split.png","height":-4,"type":"bitmap"},{"ascent":-32768,"chars":[""],"file":"custom/ui/pixel_split.png","height":-5,"type":"bitmap"},{"ascent":-32768,"chars":[""],"file":"custom/ui/pixel_split.png","height":-6,"type":"bitmap"},{"ascent":-32768,"chars":[""],"file":"custom/ui/pixel_split.png","height":-7,"type":"bitmap"},{"ascent":-32768,"chars":[""],"file":"custom/ui/pixel_split.png","height":-8,"type":"bitmap"},{"ascent":-32768,"chars":[""],"file":"custom/ui/pixel_split.png","height":-9,"type":"bitmap"},{"ascent":-32768,"chars":[""],"file":"custom/ui/pixel_split.png","height":-10,"type":"bitmap"},{"ascent":-32768,"chars":[""],"file":"custom/ui/pixel_split.png","height":-18,"type":"bitmap"},{"ascent":-32768,"chars":["榶"],"file":"custom/ui/pixel_split.png","height":-18,"type":"bitmap"},{"ascent":-32768,"chars":["櫲"],"file":"custom/ui/pixel_split.png","height":-21,"type":"bitmap"},{"ascent":-32768,"chars":["橝"],"file":"custom/ui/pixel_split.png","height":-25,"type":"bitmap"},{"ascent":-32768,"chars":["櫀"],"file":"custom/ui/pixel_split.png","height":-26,"type":"bitmap"},{"ascent":-32768,"chars":["殘"],"file":"custom/ui/pixel_split.png","height":-66,"type":"bitmap"},{"ascent":-32768,"chars":["歴"],"file":"custom/ui/pixel_split.png","height":-75,"type":"bitmap"},{"ascent":-32768,"chars":["榸"],"file":"custom/ui/pixel_split.png","height":-81,"type":"bitmap"},{"ascent":-32768,"chars":["癪"],"file":"custom/ui/pixel_split.png","height":-83,"type":"bitmap"},{"ascent":-32768,"chars":[""],"file":"custom/ui/pixel_split.png","height":-34,"type":"bitmap"},{"ascent":-32768,"chars":[""],"file":"custom/ui/pixel_split.png","height":-89,"type":"bitmap"},{"ascent":-10768,"chars":[""],"file":"custom/ui/pixel_split.png","height":-89,"type":"bitmap"},{"ascent":-32768,"chars":["歳"],"file":"custom/ui/pixel_split.png","height":-140,"type":"bitmap"},{"ascent":-10768,"chars":["暔"],"file":"custom/ui/pixel_split.png","height":-179,"type":"bitmap"},{"ascent":-32768,"chars":[""],"file":"custom/ui/pixel_split.png","height":-258,"type":"bitmap"},{"ascent":-32768,"chars":[""],"file":"custom/ui/pixel_split.png","height":-514,"type":"bitmap"},{"ascent":-32768,"chars":[""],"file":"custom/ui/pixel_split.png","height":-1026,"type":"bitmap"},{"ascent":-32770,"chars":[""],"file":"custom/ui/pixel_split.png","height":-32770,"type":"bitmap"},{"ascent":-32768,"chars":[""],"file":"custom/ui/pixel_split.png","height":0,"type":"bitmap"},{"ascent":-32768,"chars":[""],"file":"custom/ui/pixel_split.png","height":1,"type":"bitmap"},{"ascent":-32768,"chars":[""],"file":"custom/ui/pixel_split.png","height":2,"type":"bitmap"},{"ascent":-32768,"chars":[""],"file":"custom/ui/pixel_split.png","height":3,"type":"bitmap"},{"ascent":-32768,"chars":[""],"file":"custom/ui/pixel_split.png","height":4,"type":"bitmap"},{"ascent":-32768,"chars":[""],"file":"custom/ui/pixel_split.png","height":5,"type":"bitmap"},{"ascent":-32768,"chars":[""],"file":"custom/ui/pixel_split.png","height":6,"type":"bitmap"},{"ascent":-32768,"chars":[""],"file":"custom/ui/pixel_split.png","height":7,"type":"bitmap"},{"ascent":-32768,"chars":["蟃"],"file":"custom/ui/pixel_split.png","height":9,"type":"bitmap"},{"ascent":-32768,"chars":[""],"file":"custom/ui/pixel_split.png","height":15,"type":"bitmap"},{"ascent":-32768,"chars":[""],"file":"custom/ui/pixel_split.png","height":31,"type":"bitmap"},{"ascent":-32768,"chars":[""],"file":"custom/ui/pixel_split.png","height":63,"type":"bitmap"},{"ascent":-32768,"chars":["榵"],"file":"custom/ui/pixel_split.png","height":66,"type":"bitmap"},{"ascent":-32768,"chars":["榼"],"file":"custom/ui/pixel_split.png","height":60,"type":"bitmap"},{"ascent":-32768,"chars":["榽"],"file":"custom/ui/pixel_split.png","height":54,"type":"bitmap"},{"ascent":-32768,"chars":["榾"],"file":"custom/ui/pixel_split.png","height":48,"type":"bitmap"},{"ascent":-32768,"chars":[""],"file":"custom/ui/pixel_split.png","height":127,"type":"bitmap"},{"ascent":-32768,"chars":[""],"file":"custom/ui/pixel_split.png","height":255,"type":"bitmap"},{"ascent":-32768,"chars":[""],"file":"custom/ui/pixel_split.png","height":511,"type":"bitmap"},{"ascent":-32768,"chars":[""],"file":"custom/ui/pixel_split.png","height":1023,"type":"bitmap"},{"ascent":-32768,"chars":[""],"file":"custom/ui/pixel_split.png","height":32767,"type":"bitmap"},{"ascent":-32768,"chars":[""],"file":"custom/ui/pixel_nosplit.png","height":-3,"type":"bitmap"},{"ascent":-32768,"chars":[""],"file":"custom/ui/pixel_nosplit.png","height":-4,"type":"bitmap"},{"ascent":-32768,"chars":[""],"file":"custom/ui/pixel_nosplit.png","height":-5,"type":"bitmap"},{"ascent":-32768,"chars":[""],"file":"custom/ui/pixel_nosplit.png","height":-6,"type":"bitmap"},{"ascent":-32768,"chars":[""],"file":"custom/ui/pixel_nosplit.png","height":-7,"type":"bitmap"},{"ascent":-32768,"chars":[""],"file":"custom/ui/pixel_nosplit.png","height":-8,"type":"bitmap"},{"ascent":-32768,"chars":[""],"file":"custom/ui/pixel_nosplit.png","height":-9,"type":"bitmap"},{"ascent":-32768,"chars":[""],"file":"custom/ui/pixel_nosplit.png","height":-10,"type":"bitmap"},{"ascent":-32768,"chars":[""],"file":"custom/ui/pixel_nosplit.png","height":-18,"type":"bitmap"},{"ascent":-32768,"chars":[""],"file":"custom/ui/pixel_nosplit.png","height":-34,"type":"bitmap"},{"ascent":-32768,"chars":[""],"file":"custom/ui/pixel_nosplit.png","height":-66,"type":"bitmap"},{"ascent":-32768,"chars":[""],"file":"custom/ui/pixel_nosplit.png","height":-183,"type":"bitmap"},{"ascent":-32768,"chars":[""],"file":"custom/ui/pixel_nosplit.png","height":-258,"type":"bitmap"},{"ascent":-32768,"chars":[""],"file":"custom/ui/pixel_nosplit.png","height":-514,"type":"bitmap"},{"ascent":-32768,"chars":[""],"file":"custom/ui/pixel_nosplit.png","height":-1026,"type":"bitmap"},{"ascent":-32768,"chars":[""],"file":"custom/ui/pixel_nosplit.png","height":0,"type":"bitmap"},{"ascent":-32768,"chars":[""],"file":"custom/ui/pixel_nosplit.png","height":1,"type":"bitmap"},{"ascent":-32768,"chars":[""],"file":"custom/ui/pixel_nosplit.png","height":2,"type":"bitmap"},{"ascent":-32768,"chars":[""],"file":"custom/ui/pixel_nosplit.png","height":3,"type":"bitmap"},{"ascent":-32768,"chars":[""],"file":"custom/ui/pixel_nosplit.png","height":4,"type":"bitmap"},{"ascent":-32768,"chars":[""],"file":"custom/ui/pixel_nosplit.png","height":5,"type":"bitmap"},{"ascent":-32768,"chars":[""],"file":"custom/ui/pixel_nosplit.png","height":6,"type":"bitmap"},{"ascent":-32768,"chars":[""],"file":"custom/ui/pixel_nosplit.png","height":7,"type":"bitmap"},{"ascent":-32768,"chars":[""],"file":"custom/ui/pixel_nosplit.png","height":15,"type":"bitmap"},{"ascent":-32768,"chars":[""],"file":"custom/ui/pixel_nosplit.png","height":31,"type":"bitmap"},{"ascent":-32768,"chars":[""],"file":"custom/ui/pixel_nosplit.png","height":63,"type":"bitmap"},{"ascent":-32768,"chars":[""],"file":"custom/ui/pixel_nosplit.png","height":127,"type":"bitmap"},{"ascent":-32768,"chars":[""],"file":"custom/ui/pixel_nosplit.png","height":255,"type":"bitmap"},{"ascent":-32768,"chars":[""],"file":"custom/ui/pixel_nosplit.png","height":511,"type":"bitmap"},{"ascent":-32768,"chars":[""],"file":"custom/ui/pixel_nosplit.png","height":1023,"type":"bitmap"},{"ascent":-32768,"chars":[""],"file":"custom/ui/pixel_nosplit.png","height":32767,"type":"bitmap"},{"type":"space","advances":{"":-1,"":-2,"":-3,"":-4,"":-5,"":-6,"":-7,"":-8,"":-9,"":-10,"":-11,"":-12,"":-13,"":-14,"":-15,"":-16,"":-17,"":-18,"":-19,"":-20,"":-21,"":-22,"":-23,"":-24,"":-25,"":-26,"":-27,"":-28,"":-29,"":-30,"":-31,"":-32,"":-33,"":-34,"":-35,"":-36,"":-37,"":-38,"":-39,"":-40,"":-41,"":-42,"":-43,"":-44,"":-45,"":-46,"":-47,"":-48,"":-49,"":-50,"":-51,"":-52,"":-53,"":-54,"":-55,"":-56,"":-57,"":-58,"":-59,"":-60,"":-61,"":-62,"":-63,"":-64,"":-65,"":-66,"":-67,"":-68,"":-69,"":-70,"":-71,"":-72,"":-73,"":-74,"":-75,"":-76,"":-77,"":-78,"":-79,"":-80,"":-81,"":-82,"":-83,"":-84,"":-85,"":-86,"":-87,"":-88,"":-89,"":-90,"":-91,"":-92,"":-93,"":-94,"":-95,"":-96,"":-97,"":-98,"":-99,"":-100,"":-101,"":-102,"":-103,"":-104,"":-105,"":-106,"":-107,"":-108,"":-109,"":-110,"":-111,"":-112,"":-113,"":-114,"":-115,"":-116,"":-117,"":-118,"":-119,"":-120,"":-121,"":-122,"":-123,"":-124,"":-125,"":-126,"":-127,"":-128,"":-129,"":-130,"":-131,"":-132,"":-133,"":-134,"":-135,"":-136,"":-137,"":-138,"":-139,"":-140,"":-141,"":-142,"":-143,"":-144,"":-145,"":-146,"":-147,"":-148,"":-149,"":-150,"":-151,"":-152,"":-153,"":-154,"":-155,"":-156,"":-157,"":-158,"":-159,"":-160,"":-161,"":-162,"":-163,"":-164,"":-165,"":-166,"":-167,"":-168,"":-215}}]}