{"textures":{"0":"modelengine:custom/penguin","particle":"modelengine:custom/penguin"},"elements":[{"from":[5.5,7.5,3.0],"to":[8.5,8.5,8.0],"faces":{"east":{"uv":[4.75,8.0,6.0,8.25],"tintindex":0,"rotation":0,"texture":"#0"},"south":{"uv":[8.0,8.0,8.75,8.25],"tintindex":0,"rotation":0,"texture":"#0"},"north":{"uv":[6.0,8.0,6.75,8.25],"tintindex":0,"rotation":0,"texture":"#0"},"west":{"uv":[6.75,8.0,8.0,8.25],"tintindex":0,"rotation":0,"texture":"#0"},"up":{"uv":[6.75,8.0,6.0,6.75],"tintindex":0,"rotation":0,"texture":"#0"},"down":{"uv":[7.5,6.75,6.75,8.0],"tintindex":0,"rotation":0,"texture":"#0"}},"rotation":{"origin":[8.0,8.0,5.0],"angle":22.5,"axis":"y"}}],"display":{"gui":{"rotation":[30,225,0]}}}