{"file_name":"antler5_right","texture_size":[128,128],"textures":{"layer0":"manamodels/moose"},"elements":[{"name":"antler5_right_0","from":[6.8,6.8,3.7999997],"to":[8.0,8.0,8.0],"rotation":{"angle":0.0,"axis":"z","origin":[8.0,8.0,8.0]},"faces":{"east":{"uv":[10.25,5.75,11.125,6.0],"texture":"#layer0","tintindex":0},"south":{"uv":[11.125,8.0,11.375,8.25],"texture":"#layer0","tintindex":0},"north":{"uv":[10.0,9.75,10.25,10.0],"texture":"#layer0","tintindex":0},"west":{"uv":[1.25,10.5,2.125,10.75],"texture":"#layer0","tintindex":0},"up":{"uv":[7.5,11.375,7.25,10.5],"texture":"#layer0","tintindex":0},"down":{"uv":[7.5,10.5,7.75,11.375],"texture":"#layer0","tintindex":0}}},{"name":"antler5_right_1","from":[6.95,6.95,0.6499996],"to":[7.85,7.85,3.9499998],"rotation":{"angle":0.0,"axis":"z","origin":[8.0,8.0,8.0]},"faces":{"east":{"uv":[11.0,5.375,11.625,5.5],"texture":"#layer0","tintindex":0},"south":{"uv":[11.0,11.25,11.125,11.375],"texture":"#layer0","tintindex":0},"north":{"uv":[10.875,4.625,11.0,4.75],"texture":"#layer0","tintindex":0},"west":{"uv":[11.125,7.25,11.75,7.375],"texture":"#layer0","tintindex":0},"up":{"uv":[1.0,11.625,0.875,11.0],"texture":"#layer0","tintindex":0},"down":{"uv":[11.125,7.375,11.25,8.0],"texture":"#layer0","tintindex":0}}}],"display":{"head":{"translation":[0.0,-6.4,0.0],"rotation":[0.0,0.0,0.0],"scale":[3.8095,3.8095,3.8095]},"gui":{"translation":[0.0,0.0,0.0],"rotation":[35.0,225.0,0.0],"scale":[0.625,0.625,0.625]}}}