{"file_name":"antler3_right","texture_size":[128,128],"textures":{"layer0":"manamodels/moose"},"elements":[{"name":"antler3_right_0","from":[6.8,14.6,3.1999998],"to":[8.0,15.8,8.0],"rotation":{"angle":0.0,"axis":"z","origin":[8.0,8.0,8.0]},"faces":{"east":{"uv":[3.0,2.75,4.0,3.0],"texture":"#layer0","tintindex":0},"south":{"uv":[11.125,8.5,11.375,8.75],"texture":"#layer0","tintindex":0},"north":{"uv":[11.125,8.25,11.375,8.5],"texture":"#layer0","tintindex":0},"west":{"uv":[4.75,4.5,5.75,4.75],"texture":"#layer0","tintindex":0},"up":{"uv":[4.75,2.75,4.5,1.75],"texture":"#layer0","tintindex":0},"down":{"uv":[5.25,8.0,5.5,9.0],"texture":"#layer0","tintindex":0}}}],"display":{"head":{"translation":[0.0,-6.4,0.0],"rotation":[0.0,0.0,0.0],"scale":[3.8095,3.8095,3.8095]},"gui":{"translation":[0.0,0.0,0.0],"rotation":[35.0,225.0,0.0],"scale":[0.625,0.625,0.625]}}}