{"file_name":"backleg_mid_right","texture_size":[128,128],"textures":{"layer0":"manamodels/moose"},"elements":[{"name":"backleg_mid_right_0","from":[6.8,5.6,8.0],"to":[9.2,8.0,12.8],"rotation":{"angle":0.0,"axis":"z","origin":[8.0,8.0,8.0]},"faces":{"east":{"uv":[7.0,6.5,8.0,7.0],"texture":"#layer0","tintindex":0},"south":{"uv":[10.25,7.0,10.75,7.5],"texture":"#layer0","tintindex":0},"north":{"uv":[10.25,5.25,10.75,5.75],"texture":"#layer0","tintindex":0},"west":{"uv":[3.0,9.75,4.0,10.25],"texture":"#layer0","tintindex":0},"up":{"uv":[6.0,7.5,5.5,6.5],"texture":"#layer0","tintindex":0},"down":{"uv":[7.25,9.5,7.75,10.5],"texture":"#layer0","tintindex":0}}}],"display":{"head":{"translation":[0.0,-6.4,0.0],"rotation":[0.0,0.0,0.0],"scale":[3.8095,3.8095,3.8095]},"gui":{"translation":[0.0,0.0,0.0],"rotation":[35.0,225.0,0.0],"scale":[0.625,0.625,0.625]}}}