{"file_name":"backleg_mid_left","texture_size":[128,128],"textures":{"layer0":"manamodels/moose"},"elements":[{"name":"backleg_mid_left_0","from":[6.8,5.6,8.0],"to":[9.2,8.0,12.8],"rotation":{"angle":0.0,"axis":"z","origin":[8.0,8.0,8.0]},"faces":{"east":{"uv":[9.75,6.0,10.75,6.5],"texture":"#layer0","tintindex":0},"south":{"uv":[10.25,9.75,10.75,10.25],"texture":"#layer0","tintindex":0},"north":{"uv":[10.25,8.5,10.75,9.0],"texture":"#layer0","tintindex":0},"west":{"uv":[9.75,6.5,10.75,7.0],"texture":"#layer0","tintindex":0},"up":{"uv":[10.25,8.0,9.75,7.0],"texture":"#layer0","tintindex":0},"down":{"uv":[9.75,8.0,10.25,9.0],"texture":"#layer0","tintindex":0}}}],"display":{"head":{"translation":[0.0,-6.4,0.0],"rotation":[0.0,0.0,0.0],"scale":[3.8095,3.8095,3.8095]},"gui":{"translation":[0.0,0.0,0.0],"rotation":[35.0,225.0,0.0],"scale":[0.625,0.625,0.625]}}}