{"file_name":"backleg_upper_left","texture_size":[128,128],"textures":{"layer0":"manamodels/moose"},"elements":[{"name":"backleg_upper_left_0","from":[6.2,3.1999998,5.6],"to":[9.8,11.6,10.4],"rotation":{"angle":0.0,"axis":"z","origin":[8.0,8.0,8.0]},"faces":{"east":{"uv":[6.25,3.0,7.25,4.75],"texture":"#layer0","tintindex":0},"south":{"uv":[3.5,8.0,4.25,9.75],"texture":"#layer0","tintindex":0},"north":{"uv":[6.25,7.75,7.0,9.5],"texture":"#layer0","tintindex":0},"west":{"uv":[2.5,6.5,3.5,8.25],"texture":"#layer0","tintindex":0},"up":{"uv":[8.75,10.25,8.0,9.25],"texture":"#layer0","tintindex":0},"down":{"uv":[0.0,9.5,0.75,10.5],"texture":"#layer0","tintindex":0}}}],"display":{"head":{"translation":[0.0,-6.4,0.0],"rotation":[0.0,0.0,0.0],"scale":[3.8095,3.8095,3.8095]},"gui":{"translation":[0.0,0.0,0.0],"rotation":[35.0,225.0,0.0],"scale":[0.625,0.625,0.625]}}}