{"display":{"thirdperson_righthand":{"translation":[0,2.75,1],"scale":[0.5,0.5,0.5]},"thirdperson_lefthand":{"rotation":[0,-180,0],"translation":[0,2.75,0.5],"scale":[0.5,0.5,0.5]},"firstperson_righthand":{"rotation":[0,131,0],"translation":[0,5,0],"scale":[0.7,0.7,0.7]},"firstperson_lefthand":{"rotation":[0,131,0],"translation":[0,5,0],"scale":[0.7,0.7,0.7]},"ground":{"translation":[0,2,0],"scale":[0.7,0.7,0.7]},"gui":{"rotation":[0,-180,0],"translation":[-0.5,1,0]}},"texture_size":[32,32],"textures":{"0":"ui/olympus/adamantfragment","particle":"ui/olympus/adamantfragment"},"elements":[{"from":[7,0,7],"to":[9,1,8],"rotation":{"angle":0,"axis":"y","origin":[15,8,15]},"faces":{"north":{"uv":[9.5,5.5,10.5,6],"texture":"#0"},"east":{"uv":[10,7.5,10.5,8],"texture":"#0"},"south":{"uv":[0,10,1,10.5],"texture":"#0"},"west":{"uv":[0,10.5,0.5,11],"texture":"#0"},"up":{"uv":[2,10.5,1,10],"texture":"#0"},"down":{"uv":[3,10,2,10.5],"texture":"#0"}}},{"from":[7,1,7],"to":[11,2,8],"rotation":{"angle":0,"axis":"y","origin":[15,9,15]},"faces":{"north":{"uv":[9,8.5,11,9],"texture":"#0"},"east":{"uv":[0.5,10.5,1,11],"texture":"#0"},"south":{"uv":[0,9.5,2,10],"texture":"#0"},"west":{"uv":[1,10.5,1.5,11],"texture":"#0"},"up":{"uv":[4,10,2,9.5],"texture":"#0"},"down":{"uv":[6,9.5,4,10],"texture":"#0"}}},{"from":[7,2,7],"to":[13,3,8],"rotation":{"angle":0,"axis":"y","origin":[15,10,15]},"faces":{"north":{"uv":[7,7.5,10,8],"texture":"#0"},"east":{"uv":[1.5,10.5,2,11],"texture":"#0"},"south":{"uv":[7.5,2,10.5,2.5],"texture":"#0"},"west":{"uv":[2,10.5,2.5,11],"texture":"#0"},"up":{"uv":[10.5,3,7.5,2.5],"texture":"#0"},"down":{"uv":[10.5,3,7.5,3.5],"texture":"#0"}}},{"from":[1,4,7],"to":[7,5,8],"rotation":{"angle":0,"axis":"y","origin":[15,11,15]},"faces":{"north":{"uv":[7.5,3.5,10.5,4],"texture":"#0"},"east":{"uv":[2.5,10.5,3,11],"texture":"#0"},"south":{"uv":[0,8,3,8.5],"texture":"#0"},"west":{"uv":[6,10.5,6.5,11],"texture":"#0"},"up":{"uv":[6,8.5,3,8],"texture":"#0"},"down":{"uv":[9,8,6,8.5],"texture":"#0"}}},{"from":[2,3,7],"to":[7,4,8],"rotation":{"angle":0,"axis":"y","origin":[15,10,15]},"faces":{"north":{"uv":[3,9,5.5,9.5],"texture":"#0"},"east":{"uv":[6.5,10.5,7,11],"texture":"#0"},"south":{"uv":[5.5,9,8,9.5],"texture":"#0"},"west":{"uv":[7,10.5,7.5,11],"texture":"#0"},"up":{"uv":[10.5,9.5,8,9],"texture":"#0"},"down":{"uv":[11.5,8,9,8.5],"texture":"#0"}}},{"from":[4,2,7],"to":[7,3,8],"rotation":{"angle":0,"axis":"y","origin":[15,9,15]},"faces":{"north":{"uv":[6,9.5,7.5,10],"texture":"#0"},"east":{"uv":[7.5,10.5,8,11],"texture":"#0"},"south":{"uv":[7.5,9.5,9,10],"texture":"#0"},"west":{"uv":[8,10.5,8.5,11],"texture":"#0"},"up":{"uv":[10.5,10,9,9.5],"texture":"#0"},"down":{"uv":[11,5,9.5,5.5],"texture":"#0"}}},{"from":[6,1,7],"to":[7,2,8],"rotation":{"angle":0,"axis":"y","origin":[15,8,15]},"faces":{"north":{"uv":[8.5,10.5,9,11],"texture":"#0"},"east":{"uv":[9,10.5,9.5,11],"texture":"#0"},"south":{"uv":[9.5,10.5,10,11],"texture":"#0"},"west":{"uv":[10.5,10.5,11,11],"texture":"#0"},"up":{"uv":[11,1.5,10.5,1],"texture":"#0"},"down":{"uv":[11,1.5,10.5,2],"texture":"#0"}}},{"from":[1,5,7],"to":[13,7,8],"rotation":{"angle":0,"axis":"y","origin":[14,13,15]},"faces":{"north":{"uv":[0,0,6,1],"texture":"#0"},"east":{"uv":[3,10,3.5,11],"texture":"#0"},"south":{"uv":[0,1,6,2],"texture":"#0"},"west":{"uv":[3.5,10,4,11],"texture":"#0"},"up":{"uv":[6,5.5,0,5],"texture":"#0"},"down":{"uv":[6,5.5,0,6],"texture":"#0"}}},{"from":[7,8,7],"to":[15,10,8],"rotation":{"angle":0,"axis":"y","origin":[16,16,15]},"faces":{"north":{"uv":[0,2,4,3],"texture":"#0"},"east":{"uv":[4,10,4.5,11],"texture":"#0"},"south":{"uv":[0,3,4,4],"texture":"#0"},"west":{"uv":[4.5,10,5,11],"texture":"#0"},"up":{"uv":[10,1.5,6,1],"texture":"#0"},"down":{"uv":[10,1.5,6,2],"texture":"#0"}}},{"from":[1,9,7],"to":[7,10,8],"rotation":{"angle":0,"axis":"y","origin":[8,16,15]},"faces":{"north":{"uv":[0,8.5,3,9],"texture":"#0"},"east":{"uv":[10.5,2,11,2.5],"texture":"#0"},"south":{"uv":[3,8.5,6,9],"texture":"#0"},"west":{"uv":[10.5,2.5,11,3],"texture":"#0"},"up":{"uv":[9,9,6,8.5],"texture":"#0"},"down":{"uv":[3,9,0,9.5],"texture":"#0"}}},{"from":[0,7,7],"to":[7,9,8],"rotation":{"angle":0,"axis":"y","origin":[8,15,15]},"faces":{"north":{"uv":[0,4,3.5,5],"texture":"#0"},"east":{"uv":[5,10,5.5,11],"texture":"#0"},"south":{"uv":[3.5,4,7,5],"texture":"#0"},"west":{"uv":[5.5,10,6,11],"texture":"#0"},"up":{"uv":[9.5,5.5,6,5],"texture":"#0"},"down":{"uv":[9.5,5.5,6,6],"texture":"#0"}}},{"from":[3,10,7],"to":[14,11,8],"rotation":{"angle":0,"axis":"y","origin":[15,17,15]},"faces":{"north":{"uv":[0,6,5.5,6.5],"texture":"#0"},"east":{"uv":[10.5,3,11,3.5],"texture":"#0"},"south":{"uv":[5.5,6,11,6.5],"texture":"#0"},"west":{"uv":[10.5,3.5,11,4],"texture":"#0"},"up":{"uv":[11.5,0.5,6,0],"texture":"#0"},"down":{"uv":[11.5,0.5,6,1],"texture":"#0"}}},{"from":[5,11,7],"to":[12,12,8],"rotation":{"angle":0,"axis":"y","origin":[13,18,15]},"faces":{"north":{"uv":[0,6.5,3.5,7],"texture":"#0"},"east":{"uv":[10.5,4,11,4.5],"texture":"#0"},"south":{"uv":[3.5,6.5,7,7],"texture":"#0"},"west":{"uv":[10.5,4.5,11,5],"texture":"#0"},"up":{"uv":[3.5,7.5,0,7],"texture":"#0"},"down":{"uv":[7,7,3.5,7.5],"texture":"#0"}}},{"from":[8,12,7],"to":[10,13,8],"rotation":{"angle":0,"axis":"y","origin":[11,19,15]},"faces":{"north":{"uv":[6,10,7,10.5],"texture":"#0"},"east":{"uv":[10.5,5.5,11,6],"texture":"#0"},"south":{"uv":[7,10,8,10.5],"texture":"#0"},"west":{"uv":[10.5,6.5,11,7],"texture":"#0"},"up":{"uv":[9,10.5,8,10],"texture":"#0"},"down":{"uv":[10,10,9,10.5],"texture":"#0"}}},{"from":[7,7,7],"to":[14,8,8],"rotation":{"angle":0,"axis":"y","origin":[15,15,15]},"faces":{"north":{"uv":[7,7,10.5,7.5],"texture":"#0"},"east":{"uv":[10.5,7,11,7.5],"texture":"#0"},"south":{"uv":[7,4,10.5,4.5],"texture":"#0"},"west":{"uv":[10.5,7.5,11,8],"texture":"#0"},"up":{"uv":[10.5,5,7,4.5],"texture":"#0"},"down":{"uv":[10.5,6.5,7,7],"texture":"#0"}}},{"from":[7,3,7],"to":[14,5,8],"rotation":{"angle":0,"axis":"y","origin":[15,11,15]},"faces":{"north":{"uv":[4,2,7.5,3],"texture":"#0"},"east":{"uv":[10,10,10.5,11],"texture":"#0"},"south":{"uv":[4,3,7.5,4],"texture":"#0"},"west":{"uv":[10,1,10.5,2],"texture":"#0"},"up":{"uv":[3.5,8,0,7.5],"texture":"#0"},"down":{"uv":[7,7.5,3.5,8],"texture":"#0"}}}],"gui_light":"front"}