{"textures":{"0":"modelengine:custom/manawizard","particle":"modelengine:custom/manawizard"},"elements":[{"from":[7.0,2.0,7.0],"to":[9.0,5.0,9.0],"faces":{"east":{"uv":[8.375,4.25,8.625,4.625],"tintindex":0,"rotation":0,"texture":"#0"},"south":{"uv":[5.625,8.375,5.875,8.75],"tintindex":0,"rotation":0,"texture":"#0"},"north":{"uv":[2.25,8.375,2.5,8.75],"tintindex":0,"rotation":0,"texture":"#0"},"west":{"uv":[6.0,8.375,6.25,8.75],"tintindex":0,"rotation":0,"texture":"#0"},"up":{"uv":[9.0,7.5,8.75,7.25],"tintindex":0,"rotation":0,"texture":"#0"},"down":{"uv":[9.0,7.625,8.75,7.875],"tintindex":0,"rotation":0,"texture":"#0"}}}],"display":{"gui":{"rotation":[30,225,0]}}}