{"file_name":"head","texture_size":[64,64],"textures":{"layer0":"manamodels/totoro"},"elements":[{"name":"head_0","from":[5.8999996,8.0,5.8999996],"to":[10.1,11.0,10.1],"rotation":{"angle":0.0,"axis":"z","origin":[8.0,8.0,8.0]},"faces":{"east":{"uv":[2.0,7.5,3.75,8.75],"texture":"#layer0","tintindex":0},"south":{"uv":[4.0,7.5,5.75,8.75],"texture":"#layer0","tintindex":0},"north":{"uv":[2.0,6.0,3.75,7.25],"texture":"#layer0","tintindex":0},"west":{"uv":[7.5,5.5,9.25,6.75],"texture":"#layer0","tintindex":0},"up":{"uv":[7.25,7.25,5.5,5.5],"texture":"#layer0","tintindex":0},"down":{"uv":[0.0,6.0,1.75,7.75],"texture":"#layer0","tintindex":0}}},{"name":"head_1","from":[9.950001,8.9,5.8849998],"to":[11.75,9.2,5.8849998],"rotation":{"angle":0.0,"axis":"z","origin":[8.0,8.0,8.0]},"faces":{"east":{"uv":[10.75,2.0,10.75,2.25],"texture":"#layer0","tintindex":0},"south":{"uv":[10.25,5.25,11.0,5.5],"texture":"#layer0","tintindex":0},"north":{"uv":[10.25,4.75,11.0,5.0],"texture":"#layer0","tintindex":0},"west":{"uv":[2.25,10.75,2.25,11.0],"texture":"#layer0","tintindex":0},"up":{"uv":[3.25,10.75,2.5,10.75],"texture":"#layer0","tintindex":0},"down":{"uv":[10.75,2.5,11.5,2.5],"texture":"#layer0","tintindex":0}}},{"name":"head_2","from":[9.8,9.65,5.8849998],"to":[11.0,9.950001,5.8849998],"rotation":{"angle":22.5,"axis":"z","origin":[10.85,9.65,5.8849998]},"faces":{"east":{"uv":[10.75,0.75,10.75,1.0],"texture":"#layer0","tintindex":0},"south":{"uv":[5.25,10.5,5.75,10.75],"texture":"#layer0","tintindex":0},"north":{"uv":[4.5,10.5,5.0,10.75],"texture":"#layer0","tintindex":0},"west":{"uv":[10.75,1.25,10.75,1.5],"texture":"#layer0","tintindex":0},"up":{"uv":[2.0,10.75,1.5,10.75],"texture":"#layer0","tintindex":0},"down":{"uv":[10.75,1.75,11.25,1.75],"texture":"#layer0","tintindex":0}}},{"name":"head_3","from":[9.950001,8.15,5.8849998],"to":[11.75,8.45,5.8849998],"rotation":{"angle":-22.5,"axis":"z","origin":[10.85,8.45,5.8849998]},"faces":{"east":{"uv":[9.25,5.0,9.25,5.25],"texture":"#layer0","tintindex":0},"south":{"uv":[10.0,10.0,10.75,10.25],"texture":"#layer0","tintindex":0},"north":{"uv":[9.0,10.0,9.75,10.25],"texture":"#layer0","tintindex":0},"west":{"uv":[8.0,9.5,8.0,9.75],"texture":"#layer0","tintindex":0},"up":{"uv":[11.5,0.25,10.75,0.25],"texture":"#layer0","tintindex":0},"down":{"uv":[10.75,0.5,11.5,0.5],"texture":"#layer0","tintindex":0}}},{"name":"head_4","from":[5.3,10.85,7.7],"to":[6.5,13.85,8.3],"rotation":{"angle":22.5,"axis":"z","origin":[6.5,12.5,8.0]},"faces":{"east":{"uv":[7.5,8.75,7.75,10.0],"texture":"#layer0","tintindex":0},"south":{"uv":[4.75,6.0,5.25,7.25],"texture":"#layer0","tintindex":0},"north":{"uv":[4.0,6.0,4.5,7.25],"texture":"#layer0","tintindex":0},"west":{"uv":[5.5,9.0,5.75,10.25],"texture":"#layer0","tintindex":0},"up":{"uv":[10.75,6.0,10.25,5.75],"texture":"#layer0","tintindex":0},"down":{"uv":[7.0,10.25,7.5,10.5],"texture":"#layer0","tintindex":0}}},{"name":"head_5","from":[9.5,10.85,7.7],"to":[10.700001,13.85,8.3],"rotation":{"angle":-22.5,"axis":"z","origin":[9.5,12.5,8.0]},"faces":{"east":{"uv":[6.0,9.25,6.25,10.5],"texture":"#layer0","tintindex":0},"south":{"uv":[8.25,8.5,8.75,9.75],"texture":"#layer0","tintindex":0},"north":{"uv":[8.25,7.0,8.75,8.25],"texture":"#layer0","tintindex":0},"west":{"uv":[6.5,9.25,6.75,10.5],"texture":"#layer0","tintindex":0},"up":{"uv":[0.5,10.75,0.0,10.5],"texture":"#layer0","tintindex":0},"down":{"uv":[0.75,10.5,1.25,10.75],"texture":"#layer0","tintindex":0}}},{"name":"head_6","from":[8.99,9.305,5.87],"to":[9.29,9.605,5.87],"rotation":{"angle":0.0,"axis":"z","origin":[8.0,8.0,8.0]},"faces":{"east":{"uv":[10.75,2.75,10.75,3.0],"texture":"#layer0","tintindex":0},"south":{"uv":[1.5,8.5,1.75,8.75],"texture":"#layer0","tintindex":0},"north":{"uv":[1.5,8.0,1.75,8.25],"texture":"#layer0","tintindex":0},"west":{"uv":[10.75,3.25,10.75,3.5],"texture":"#layer0","tintindex":0},"up":{"uv":[7.25,10.0,7.0,10.0],"texture":"#layer0","tintindex":0},"down":{"uv":[3.5,10.75,3.75,10.75],"texture":"#layer0","tintindex":0}}},{"name":"head_7","from":[6.71,9.305,5.87],"to":[7.01,9.605,5.87],"rotation":{"angle":0.0,"axis":"z","origin":[8.0,8.0,8.0]},"faces":{"east":{"uv":[10.75,3.25,10.75,3.5],"texture":"#layer0","tintindex":0},"south":{"uv":[1.75,8.5,1.5,8.75],"texture":"#layer0","tintindex":0},"north":{"uv":[1.75,8.0,1.5,8.25],"texture":"#layer0","tintindex":0},"west":{"uv":[10.75,2.75,10.75,3.0],"texture":"#layer0","tintindex":0},"up":{"uv":[7.0,10.0,7.25,10.0],"texture":"#layer0","tintindex":0},"down":{"uv":[3.75,10.75,3.5,10.75],"texture":"#layer0","tintindex":0}}},{"name":"head_8","from":[4.25,8.15,5.8849998],"to":[6.05,8.45,5.8849998],"rotation":{"angle":22.5,"axis":"z","origin":[5.1499996,8.45,5.8849998]},"faces":{"east":{"uv":[8.0,9.5,8.0,9.75],"texture":"#layer0","tintindex":0},"south":{"uv":[10.75,10.0,10.0,10.25],"texture":"#layer0","tintindex":0},"north":{"uv":[9.75,10.0,9.0,10.25],"texture":"#layer0","tintindex":0},"west":{"uv":[9.25,5.0,9.25,5.25],"texture":"#layer0","tintindex":0},"up":{"uv":[10.75,0.25,11.5,0.25],"texture":"#layer0","tintindex":0},"down":{"uv":[11.5,0.5,10.75,0.5],"texture":"#layer0","tintindex":0}}},{"name":"head_9","from":[4.25,8.9,5.8849998],"to":[6.05,9.2,5.8849998],"rotation":{"angle":0.0,"axis":"z","origin":[8.0,8.0,8.0]},"faces":{"east":{"uv":[2.25,10.75,2.25,11.0],"texture":"#layer0","tintindex":0},"south":{"uv":[11.0,5.25,10.25,5.5],"texture":"#layer0","tintindex":0},"north":{"uv":[11.0,4.75,10.25,5.0],"texture":"#layer0","tintindex":0},"west":{"uv":[10.75,2.0,10.75,2.25],"texture":"#layer0","tintindex":0},"up":{"uv":[2.5,10.75,3.25,10.75],"texture":"#layer0","tintindex":0},"down":{"uv":[11.5,2.5,10.75,2.5],"texture":"#layer0","tintindex":0}}},{"name":"head_10","from":[5.0,9.65,5.8849998],"to":[6.2,9.950001,5.8849998],"rotation":{"angle":-22.5,"axis":"z","origin":[5.1499996,9.65,5.8849998]},"faces":{"east":{"uv":[10.75,1.25,10.75,1.5],"texture":"#layer0","tintindex":0},"south":{"uv":[5.75,10.5,5.25,10.75],"texture":"#layer0","tintindex":0},"north":{"uv":[5.0,10.5,4.5,10.75],"texture":"#layer0","tintindex":0},"west":{"uv":[10.75,0.75,10.75,1.0],"texture":"#layer0","tintindex":0},"up":{"uv":[1.5,10.75,2.0,10.75],"texture":"#layer0","tintindex":0},"down":{"uv":[11.25,1.75,10.75,1.75],"texture":"#layer0","tintindex":0}}},{"name":"head_11","from":[7.7,9.05,5.87],"to":[8.3,9.35,5.87],"rotation":{"angle":0.0,"axis":"z","origin":[8.0,8.0,8.0]},"faces":{"east":{"uv":[10.75,3.25,10.75,3.5],"texture":"#layer0","tintindex":0},"south":{"uv":[1.75,8.5,1.5,8.75],"texture":"#layer0","tintindex":0},"north":{"uv":[1.75,8.0,1.5,8.25],"texture":"#layer0","tintindex":0},"west":{"uv":[10.75,2.75,10.75,3.0],"texture":"#layer0","tintindex":0},"up":{"uv":[7.0,10.0,7.25,10.0],"texture":"#layer0","tintindex":0},"down":{"uv":[3.75,10.75,3.5,10.75],"texture":"#layer0","tintindex":0}}}],"display":{"head":{"translation":[0.0,-6.4,0.0],"rotation":[0.0,0.0,0.0],"scale":[3.8095,3.8095,3.8095]},"gui":{"translation":[0.0,0.0,0.0],"rotation":[35.0,225.0,0.0],"scale":[0.625,0.625,0.625]}}}