{"file_name":"leg_left","texture_size":[64,64],"textures":{"layer0":"manamodels/totoro"},"elements":[{"name":"leg_left_0","from":[7.1,7.4,7.1],"to":[8.9,8.0,8.9],"rotation":{"angle":0.0,"axis":"z","origin":[8.0,8.0,8.0]},"faces":{"east":{"uv":[10.0,3.75,10.75,4.0],"texture":"#layer0","tintindex":0},"south":{"uv":[10.0,4.25,10.75,4.5],"texture":"#layer0","tintindex":0},"north":{"uv":[9.5,6.5,10.25,6.75],"texture":"#layer0","tintindex":0},"west":{"uv":[10.0,7.0,10.75,7.25],"texture":"#layer0","tintindex":0},"up":{"uv":[9.75,0.75,9.0,0.0],"texture":"#layer0","tintindex":0},"down":{"uv":[9.0,1.0,9.75,1.75],"texture":"#layer0","tintindex":0}}},{"name":"leg_left_1","from":[7.25,6.2,7.4],"to":[8.45,7.4,8.6],"rotation":{"angle":0.0,"axis":"z","origin":[8.0,8.0,8.0]},"faces":{"east":{"uv":[4.5,9.75,5.0,10.25],"texture":"#layer0","tintindex":0},"south":{"uv":[9.75,9.25,10.25,9.75],"texture":"#layer0","tintindex":0},"north":{"uv":[0.75,9.75,1.25,10.25],"texture":"#layer0","tintindex":0},"west":{"uv":[10.0,0.0,10.5,0.5],"texture":"#layer0","tintindex":0},"up":{"uv":[10.5,1.25,10.0,0.75],"texture":"#layer0","tintindex":0},"down":{"uv":[1.5,10.0,2.0,10.5],"texture":"#layer0","tintindex":0}}},{"name":"leg_left_2","from":[6.95,6.2,5.8999996],"to":[8.75,6.2,7.7],"rotation":{"angle":0.0,"axis":"z","origin":[8.0,8.0,8.0]},"faces":{"east":{"uv":[10.0,9.0,10.75,9.0],"texture":"#layer0","tintindex":0},"south":{"uv":[10.25,6.25,11.0,6.25],"texture":"#layer0","tintindex":0},"north":{"uv":[8.25,5.25,9.0,5.25],"texture":"#layer0","tintindex":0},"west":{"uv":[10.5,6.5,11.25,6.5],"texture":"#layer0","tintindex":0},"up":{"uv":[2.25,9.75,1.5,9.0],"texture":"#layer0","tintindex":0},"down":{"uv":[9.0,2.0,9.75,2.75],"texture":"#layer0","tintindex":0}}}],"display":{"head":{"translation":[0.0,-6.4,0.0],"rotation":[0.0,0.0,0.0],"scale":[3.8095,3.8095,3.8095]},"gui":{"translation":[0.0,0.0,0.0],"rotation":[35.0,225.0,0.0],"scale":[0.625,0.625,0.625]}}}