{"file_name":"leg","texture_size":[64,64],"textures":{"layer0":"manamodels/christmas_minion"},"elements":[{"name":"leg_0","from":[7.4,6.8,7.4],"to":[8.6,8.0,8.6],"rotation":{"angle":0.0,"axis":"z","origin":[8.0,8.0,8.0]},"faces":{"east":{"uv":[8.75,8.75,9.25,9.25],"texture":"#layer0","tintindex":0},"south":{"uv":[9.5,1.0,10.0,1.5],"texture":"#layer0","tintindex":0},"north":{"uv":[8.0,8.75,8.5,9.25],"texture":"#layer0","tintindex":0},"west":{"uv":[9.5,1.75,10.0,2.25],"texture":"#layer0","tintindex":0},"up":{"uv":[10.0,3.0,9.5,2.5],"texture":"#layer0","tintindex":0},"down":{"uv":[9.5,3.25,10.0,3.75],"texture":"#layer0","tintindex":0}}}],"display":{"head":{"translation":[0.0,-6.4,0.0],"rotation":[0.0,0.0,0.0],"scale":[3.8095,3.8095,3.8095]},"gui":{"translation":[0.0,0.0,0.0],"rotation":[35.0,225.0,0.0],"scale":[0.625,0.625,0.625]}}}