{"textures":{"0":"modelengine:custom/griffin","particle":"modelengine:custom/griffin"},"elements":[{"from":[6.5,3.125,5.0],"to":[9.5,8.125,8.0],"faces":{"east":{"uv":[6.125,9.875,5.75,10.5],"tintindex":0,"rotation":0,"texture":"#0"},"south":{"uv":[6.125,9.875,6.5,10.5],"tintindex":0,"rotation":0,"texture":"#0"},"north":{"uv":[5.375,9.875,5.75,10.5],"tintindex":0,"rotation":0,"texture":"#0"},"west":{"uv":[5.75,9.875,6.125,10.5],"tintindex":0,"rotation":0,"texture":"#0"},"up":{"uv":[5.75,9.875,5.375,9.5],"tintindex":0,"rotation":0,"texture":"#0"},"down":{"uv":[6.125,9.5,5.75,9.875],"tintindex":0,"rotation":0,"texture":"#0"}}}],"display":{"gui":{"rotation":[30,225,0]}}}