{"textures":{"0":"modelengine:custom/griffin","particle":"modelengine:custom/griffin"},"elements":[{"from":[5.99,6.99,5.49],"to":[10.01,9.01,9.51],"faces":{"east":{"uv":[1.5,9.125,1.0,9.375],"tintindex":0,"rotation":0,"texture":"#0"},"south":{"uv":[1.5,9.125,2.0,9.375],"tintindex":0,"rotation":0,"texture":"#0"},"north":{"uv":[0.5,9.125,1.0,9.375],"tintindex":0,"rotation":0,"texture":"#0"},"west":{"uv":[1.0,9.125,1.5,9.375],"tintindex":0,"rotation":0,"texture":"#0"},"up":{"uv":[1.0,9.125,0.5,8.625],"tintindex":0,"rotation":0,"texture":"#0"},"down":{"uv":[1.5,8.625,1.0,9.125],"tintindex":0,"rotation":0,"texture":"#0"}}}],"display":{"gui":{"rotation":[30,225,0]}}}