{"textures":{"0":"modelengine:custom/griffin","particle":"modelengine:custom/griffin"},"elements":[{"from":[6.0,2.9166698,5.5],"to":[10.0,9.91667,10.5],"faces":{"east":{"uv":[10.0,0.625,9.375,1.5],"tintindex":0,"rotation":0,"texture":"#0"},"south":{"uv":[10.5,0.625,10.0,1.5],"tintindex":0,"rotation":0,"texture":"#0"},"north":{"uv":[9.375,0.625,8.875,1.5],"tintindex":0,"rotation":0,"texture":"#0"},"west":{"uv":[9.375,0.625,10.0,1.5],"tintindex":0,"rotation":0,"texture":"#0"},"up":{"uv":[8.875,0.625,9.375,0.0],"tintindex":0,"rotation":0,"texture":"#0"},"down":{"uv":[9.375,0.0,9.875,0.625],"tintindex":0,"rotation":0,"texture":"#0"}}}],"display":{"gui":{"rotation":[30,225,0]}}}