{"textures":{"0":"modelengine:custom/griffin","particle":"modelengine:custom/griffin"},"elements":[{"from":[-8.0,7.0,-0.5],"to":[8.0,8.0,16.5],"faces":{"east":{"uv":[0.0,2.125,2.125,2.25],"tintindex":0,"rotation":0,"texture":"#0"},"south":{"uv":[6.25,2.125,8.25,2.25],"tintindex":0,"rotation":0,"texture":"#0"},"north":{"uv":[2.125,2.125,4.125,2.25],"tintindex":0,"rotation":0,"texture":"#0"},"west":{"uv":[4.125,2.125,6.25,2.25],"tintindex":0,"rotation":0,"texture":"#0"},"up":{"uv":[4.125,2.125,2.125,0.0],"tintindex":0,"rotation":0,"texture":"#0"},"down":{"uv":[4.125,0.0,2.125,2.125],"tintindex":0,"rotation":0,"texture":"#0"}}}],"display":{"gui":{"rotation":[30,225,0]}}}