{"file_name":"sign","texture_size":[256,256],"textures":{"layer0":"manamodels/sign_forge"},"elements":[{"name":"sign_0","from":[5.119999,8.0,7.7599998],"to":[32.0,31.04,8.24],"rotation":{"angle":0.0,"axis":"z","origin":[5.119999,8.0,8.0]},"faces":{"east":{"uv":[7.0625,1.9375,7.125,4.9375],"texture":"#layer0","tintindex":0},"south":{"uv":[3.5,3.0625,0.0,6.0625],"texture":"#layer0","tintindex":0},"north":{"uv":[0.0,0.0,3.5,3.0],"texture":"#layer0","tintindex":0},"west":{"uv":[7.0625,5.0,7.125,8.0],"texture":"#layer0","tintindex":0},"up":{"uv":[14.0625,1.75,7.0625,1.6875],"texture":"#layer0","tintindex":0},"down":{"uv":[7.0625,1.8125,14.0625,1.875],"texture":"#layer0","tintindex":0}}},{"name":"sign_1","from":[5.119999,-4.48,7.7599998],"to":[32.0,8.0,7.796],"rotation":{"angle":0.0,"axis":"z","origin":[5.119999,8.0,8.0]},"faces":{"east":{"uv":[7.1875,1.9375,7.1875,3.5625],"texture":"#layer0","tintindex":0},"south":{"uv":[3.5,6.125,0.0,7.75],"texture":"#layer0","tintindex":0},"north":{"uv":[0.0,6.125,3.5,7.75],"texture":"#layer0","tintindex":0},"west":{"uv":[7.1875,3.625,7.1875,5.25],"texture":"#layer0","tintindex":0},"up":{"uv":[14.1875,5.3125,7.1875,5.3125],"texture":"#layer0","tintindex":0},"down":{"uv":[7.1875,5.375,14.1875,5.375],"texture":"#layer0","tintindex":0}}}],"display":{"head":{"translation":[10.971364,-6.4,0.0],"rotation":[0.0,0.0,0.0],"scale":[3.8095,3.8095,3.8095]},"gui":{"translation":[0.0,0.0,0.0],"rotation":[35.0,225.0,0.0],"scale":[0.625,0.625,0.625]}}}