{"file_name":"group4","texture_size":[64,64],"textures":{"layer0":"manamodels/raven"},"elements":[{"name":"group4_0","from":[8.0,8.0,5.8999996],"to":[12.2,8.0,10.1],"rotation":{"angle":0.0,"axis":"z","origin":[8.0,8.0,8.0]},"faces":{"east":{"uv":[1.75,0.0,0.0,0.0],"texture":"#layer0","tintindex":0},"south":{"uv":[1.75,0.0,0.0,0.0],"texture":"#layer0","tintindex":0},"north":{"uv":[1.75,0.0,0.0,0.0],"texture":"#layer0","tintindex":0},"west":{"uv":[1.75,0.0,0.0,0.0],"texture":"#layer0","tintindex":0},"up":{"uv":[2.75,5.25,4.5,3.5],"texture":"#layer0","tintindex":0},"down":{"uv":[4.5,3.5,2.75,5.25],"texture":"#layer0","tintindex":0}}},{"name":"group4_1","from":[12.2,8.0,10.1],"to":[8.0,8.0,5.8999996],"rotation":{"angle":0.0,"axis":"z","origin":[8.0,8.0,8.0]},"faces":{"east":{"uv":[1.75,0.0,0.0,0.0],"texture":"#layer0","tintindex":0},"south":{"uv":[1.75,0.0,0.0,0.0],"texture":"#layer0","tintindex":0},"north":{"uv":[1.75,0.0,0.0,0.0],"texture":"#layer0","tintindex":0},"west":{"uv":[1.75,0.0,0.0,0.0],"texture":"#layer0","tintindex":0},"up":{"uv":[4.5,3.5,2.75,5.25],"texture":"#layer0","tintindex":0},"down":{"uv":[2.75,5.25,4.5,3.5],"texture":"#layer0","tintindex":0}}}],"display":{"head":{"translation":[0.0,-6.4,0.0],"rotation":[0.0,0.0,0.0],"scale":[3.8095,3.8095,3.8095]},"gui":{"translation":[0.0,0.0,0.0],"rotation":[35.0,225.0,0.0],"scale":[0.625,0.625,0.625]}}}