{"file_name":"leg10","texture_size":[32,32],"textures":{"layer0":"manamodels/jellyfish_pet"},"elements":[{"name":"leg10_0","from":[6.8,2.2999997,8.0],"to":[9.2,8.9,8.0],"rotation":{"angle":0.0,"axis":"z","origin":[8.0,8.0,8.0]},"faces":{"east":{"uv":[12.0,5.0,12.0,10.5],"texture":"#layer0","tintindex":0},"south":{"uv":[14.0,5.0,16.0,10.5],"texture":"#layer0","tintindex":0},"north":{"uv":[12.0,5.0,14.0,10.5],"texture":"#layer0","tintindex":0},"west":{"uv":[14.0,5.0,14.0,10.5],"texture":"#layer0","tintindex":0},"up":{"uv":[14.0,5.0,12.0,5.0],"texture":"#layer0","tintindex":0},"down":{"uv":[14.0,5.0,16.0,5.0],"texture":"#layer0","tintindex":0}}}],"display":{"head":{"translation":[0.0,-6.4,0.0],"rotation":[0.0,0.0,0.0],"scale":[3.8095,3.8095,3.8095]},"gui":{"translation":[0.0,0.0,0.0],"rotation":[35.0,225.0,0.0],"scale":[0.625,0.625,0.625]}}}