{"file_name":"leg2","texture_size":[32,32],"textures":{"layer0":"manamodels/jellyfish_pet"},"elements":[{"name":"leg2_0","from":[8.0,5.6,7.7],"to":[8.0,8.0,8.3],"rotation":{"angle":0.0,"axis":"z","origin":[8.0,8.0,8.0]},"faces":{"east":{"uv":[4.0,9.5,4.5,11.5],"texture":"#layer0","tintindex":0},"south":{"uv":[5.0,9.5,5.0,11.5],"texture":"#layer0","tintindex":0},"north":{"uv":[4.5,9.5,4.5,11.5],"texture":"#layer0","tintindex":0},"west":{"uv":[4.5,9.5,5.0,11.5],"texture":"#layer0","tintindex":0},"up":{"uv":[4.5,9.5,4.5,9.0],"texture":"#layer0","tintindex":0},"down":{"uv":[4.5,9.0,4.5,9.5],"texture":"#layer0","tintindex":0}}}],"display":{"head":{"translation":[0.0,-6.4,0.0],"rotation":[0.0,0.0,0.0],"scale":[3.8095,3.8095,3.8095]},"gui":{"translation":[0.0,0.0,0.0],"rotation":[35.0,225.0,0.0],"scale":[0.625,0.625,0.625]}}}