{"file_name":"leg5_down3","texture_size":[32,32],"textures":{"layer0":"manamodels/jellyfish_pet"},"elements":[{"name":"leg5_down3_0","from":[7.7,4.3999996,8.0],"to":[8.3,8.0,8.0],"rotation":{"angle":0.0,"axis":"z","origin":[8.0,8.0,8.0]},"faces":{"east":{"uv":[2.0,4.5,2.0,7.5],"texture":"#layer0","tintindex":0},"south":{"uv":[2.5,4.5,3.0,7.5],"texture":"#layer0","tintindex":0},"north":{"uv":[2.0,4.5,2.5,7.5],"texture":"#layer0","tintindex":0},"west":{"uv":[2.5,4.5,2.5,7.5],"texture":"#layer0","tintindex":0},"up":{"uv":[2.5,4.5,2.0,4.5],"texture":"#layer0","tintindex":0},"down":{"uv":[2.5,4.5,3.0,4.5],"texture":"#layer0","tintindex":0}}}],"display":{"head":{"translation":[0.0,-6.4,0.0],"rotation":[0.0,0.0,0.0],"scale":[3.8095,3.8095,3.8095]},"gui":{"translation":[0.0,0.0,0.0],"rotation":[35.0,225.0,0.0],"scale":[0.625,0.625,0.625]}}}