{"file_name":"midleg5","texture_size":[64,64],"textures":{"layer0":"manamodels/krykna-boss"},"elements":[{"name":"midleg5_0","from":[-7.853201,6.6667995,6.6667995],"to":[8.0132,9.3332,9.3332],"rotation":{"angle":0.0,"axis":"z","origin":[8.0,8.0,8.0]},"faces":{"east":{"uv":[4.0,12.0,3.5,12.5],"texture":"#layer0","tintindex":0},"south":{"uv":[3.0,11.0,0.0,11.5],"texture":"#layer0","tintindex":0},"north":{"uv":[7.0,10.5,4.0,11.0],"texture":"#layer0","tintindex":0},"west":{"uv":[3.5,12.0,3.0,12.5],"texture":"#layer0","tintindex":0},"up":{"uv":[3.0,11.5,6.0,11.0],"texture":"#layer0","tintindex":0},"down":{"uv":[14.0,4.0,11.0,4.5],"texture":"#layer0","tintindex":0}}}],"display":{"head":{"translation":[0.0,-6.4,0.0],"rotation":[0.0,0.0,0.0],"scale":[3.8095,3.8095,3.8095]},"gui":{"translation":[0.0,0.0,0.0],"rotation":[35.0,225.0,0.0],"scale":[0.625,0.625,0.625]}}}