{"file_name":"upperleg4","texture_size":[64,64],"textures":{"layer0":"manamodels/krykna-boss"},"elements":[{"name":"upperleg4_0","from":[-2.5600004,6.6800003,6.6800003],"to":[8.0,9.320001,9.320001],"rotation":{"angle":0.0,"axis":"z","origin":[8.0,8.0,8.0]},"faces":{"east":{"uv":[3.0,12.0,2.5,12.5],"texture":"#layer0","tintindex":0},"south":{"uv":[13.0,6.5,11.0,7.0],"texture":"#layer0","tintindex":0},"north":{"uv":[13.0,6.0,11.0,6.5],"texture":"#layer0","tintindex":0},"west":{"uv":[2.5,12.0,2.0,12.5],"texture":"#layer0","tintindex":0},"up":{"uv":[0.0,12.0,2.0,11.5],"texture":"#layer0","tintindex":0},"down":{"uv":[4.0,11.5,2.0,12.0],"texture":"#layer0","tintindex":0}}}],"display":{"head":{"translation":[0.0,-6.4,0.0],"rotation":[0.0,0.0,0.0],"scale":[3.8095,3.8095,3.8095]},"gui":{"translation":[0.0,0.0,0.0],"rotation":[35.0,225.0,0.0],"scale":[0.625,0.625,0.625]}}}