{"display":{"thirdperson_righthand":{"rotation":[75,45,0],"translation":[0,2.5,0],"scale":[0.375,0.375,0.375]},"thirdperson_lefthand":{"rotation":[75,45,0],"translation":[0,2.5,0],"scale":[0.375,0.375,0.375]},"firstperson_righthand":{"rotation":[0,34,0],"translation":[0.25,0,-0.75],"scale":[0.4,0.4,0.4]},"firstperson_lefthand":{"rotation":[0,81,0],"translation":[0.75,-0.5,0],"scale":[0.4,0.4,0.4]},"ground":{"translation":[0,3,0],"scale":[0.65,0.65,0.65]},"gui":{"rotation":[30,55,0],"translation":[-6,1.75,1.75],"scale":[0.85,0.85,0.85]},"head":{"translation":[0,-58,2.5],"scale":[1.6,1.6,1.6]},"fixed":{"rotation":[0,92,0],"translation":[-8.5,-0.5,-2.25]}},"texture_size":[32,32],"textures":{"0":"wardrobe/back/elite_tail","particle":"wardrobe/back/elite_tail"},"elements":[{"name":"body","from":[6,7.40381,8.52513],"to":[10,13.40381,12.52513],"rotation":{"angle":-45,"axis":"x","origin":[8,10.90381,10.52513]},"faces":{"north":{"uv":[7,0,9,3],"texture":"#0"},"east":{"uv":[7,3,9,6],"texture":"#0"},"south":{"uv":[7,6,9,9],"texture":"#0"},"west":{"uv":[3.5,8,5.5,11],"texture":"#0"},"up":{"uv":[3.5,11,1.5,9],"texture":"#0"},"down":{"uv":[11,3,9,5],"texture":"#0"}}},{"name":"body","from":[6.5,8.40381,11.02513],"to":[9.5,11.40381,19.02513],"rotation":{"angle":22.5,"axis":"x","origin":[8.5,10.90381,10.52513]},"faces":{"north":{"uv":[9,8,10.5,9.5],"texture":"#0"},"east":{"uv":[9,0,13,1.5],"texture":"#0"},"south":{"uv":[9,9.5,10.5,11],"texture":"#0"},"west":{"uv":[9,1.5,13,3],"texture":"#0"},"up":{"uv":[7,12,5.5,8],"texture":"#0"},"down":{"uv":[1.5,9,0,13],"texture":"#0"}}},{"name":"body","from":[7,5.40381,17.02513],"to":[9,8.40381,22.02513],"rotation":{"angle":0,"axis":"y","origin":[9,10.90381,10.52513]},"faces":{"north":{"uv":[10.5,8,11.5,9.5],"texture":"#0"},"east":{"uv":[9,5,11.5,6.5],"texture":"#0"},"south":{"uv":[10.5,9.5,11.5,11],"texture":"#0"},"west":{"uv":[9,6.5,11.5,8],"texture":"#0"},"up":{"uv":[8,11.5,7,9],"texture":"#0"},"down":{"uv":[9,9,8,11.5],"texture":"#0"}}},{"name":"body","from":[8,10.52513,9.64645],"to":[8,14.52513,16.64645],"rotation":{"angle":-45,"axis":"x","origin":[8,13.02513,12.64645]},"faces":{"north":{"uv":[0,0,0,2],"texture":"#0"},"east":{"uv":[3.5,0,7,2],"texture":"#0"},"south":{"uv":[0,0,0,2],"texture":"#0"},"west":{"uv":[3.5,2,7,4],"texture":"#0"},"up":{"uv":[0,3.5,0,0],"texture":"#0"},"down":{"uv":[0,0,0,3.5],"texture":"#0"}}},{"name":"body","from":[8,6.77513,12.64645],"to":[8,10.77513,19.64645],"rotation":{"angle":-22.5,"axis":"x","origin":[8,13.02513,12.64645]},"faces":{"north":{"uv":[0,0,0,2],"texture":"#0"},"east":{"uv":[3.5,4,7,6],"texture":"#0"},"south":{"uv":[0,0,0,2],"texture":"#0"},"west":{"uv":[0,5,3.5,7],"texture":"#0"},"up":{"uv":[0,3.5,0,0],"texture":"#0"},"down":{"uv":[0,0,0,3.5],"texture":"#0"}}},{"name":"body","from":[8,3.77513,14.64645],"to":[8,7.77513,21.64645],"rotation":{"angle":-22.5,"axis":"x","origin":[8,13.02513,12.64645]},"faces":{"north":{"uv":[0,0,0,2],"texture":"#0"},"east":{"uv":[3.5,6,7,8],"texture":"#0"},"south":{"uv":[0,0,0,2],"texture":"#0"},"west":{"uv":[0,7,3.5,9],"texture":"#0"},"up":{"uv":[0,3.5,0,0],"texture":"#0"},"down":{"uv":[0,0,0,3.5],"texture":"#0"}}},{"name":"body","from":[8,2.90381,19.02513],"to":[8,7.90381,26.02513],"rotation":{"angle":0,"axis":"y","origin":[9,10.90381,10.52513]},"faces":{"north":{"uv":[0,0,0,2.5],"texture":"#0"},"east":{"uv":[0,0,3.5,2.5],"texture":"#0"},"south":{"uv":[0,0,0,2.5],"texture":"#0"},"west":{"uv":[0,2.5,3.5,5],"texture":"#0"},"up":{"uv":[0,3.5,0,0],"texture":"#0"},"down":{"uv":[0,0,0,3.5],"texture":"#0"}}}]}