{"display":{"thirdperson_righthand":{"rotation":[0,19,90],"translation":[-5.75,-2.25,7]},"thirdperson_lefthand":{"rotation":[0,19,90],"translation":[-5.75,-2.25,7]},"firstperson_righthand":{"rotation":[0,95,0],"translation":[8.25,4.25,-7.25]},"firstperson_lefthand":{"rotation":[0,95,0],"translation":[8.25,4.25,-7.25]},"ground":{"translation":[0,8.25,0]},"gui":{"rotation":[20,-149,0],"translation":[0,5.5,0]},"head":{"translation":[0,-41.25,-0.75],"scale":[2,2,2]},"fixed":{"translation":[0,5.5,0]}},"texture_size":[64,64],"textures":{"0":"wardrobe/back/unicorn_floaty","particle":"wardrobe/back/unicorn_floaty"},"elements":[{"from":[9.75,7.25,2.75],"to":[10.75,10.25,3.75],"rotation":{"angle":-45,"axis":"z","origin":[10.5,8,2]},"faces":{"north":{"uv":[7,2.25,7.25,3],"texture":"#0"},"east":{"uv":[3.75,7,4,7.75],"texture":"#0"},"south":{"uv":[2.25,7.25,2.5,8],"texture":"#0"},"west":{"uv":[7.75,9.5,8,10.25],"texture":"#0"},"up":{"uv":[1,7.25,0.75,7],"texture":"#0"},"down":{"uv":[8.25,1,8,1.25],"texture":"#0"}}},{"from":[9.75,7.25,1.75],"to":[10.75,9.25,2.75],"rotation":{"angle":-45,"axis":"z","origin":[10.5,8,2]},"faces":{"north":{"uv":[5.75,7,6,7.5],"texture":"#0"},"east":{"uv":[5.5,8.5,5.75,9],"texture":"#0"},"south":{"uv":[8.5,9.75,8.75,10.25],"texture":"#0"},"west":{"uv":[9.75,8.5,10,9],"texture":"#0"},"up":{"uv":[0.75,8.75,0.5,8.5],"texture":"#0"},"down":{"uv":[9,7.75,8.75,8],"texture":"#0"}}},{"from":[5.25,7.25,2.75],"to":[6.25,10.25,3.75],"rotation":{"angle":45,"axis":"z","origin":[5.5,8,2]},"faces":{"north":{"uv":[6.75,9.75,7,10.5],"texture":"#0"},"east":{"uv":[9.75,7.75,10,8.5],"texture":"#0"},"south":{"uv":[8,9.75,8.25,10.5],"texture":"#0"},"west":{"uv":[8.25,9.75,8.5,10.5],"texture":"#0"},"up":{"uv":[5.5,9.75,5.25,9.5],"texture":"#0"},"down":{"uv":[0.5,10,0.25,10.25],"texture":"#0"}}},{"from":[5.25,7.25,1.75],"to":[6.25,9.25,2.75],"rotation":{"angle":45,"axis":"z","origin":[5.5,8,2]},"faces":{"north":{"uv":[9,9.75,9.25,10.25],"texture":"#0"},"east":{"uv":[9.75,9,10,9.5],"texture":"#0"},"south":{"uv":[9.25,9.75,9.5,10.25],"texture":"#0"},"west":{"uv":[9.5,9.75,9.75,10.25],"texture":"#0"},"up":{"uv":[0.75,10.25,0.5,10],"texture":"#0"},"down":{"uv":[1,10,0.75,10.25],"texture":"#0"}}},{"from":[5,3,3],"to":[11,8,5],"rotation":{"angle":0,"axis":"y","origin":[-4,1,0]},"faces":{"north":{"uv":[6,0,7.5,1.25],"texture":"#0"},"east":{"uv":[8.75,5.25,9.25,6.5],"texture":"#0"},"south":{"uv":[1,6,2.5,7.25],"texture":"#0"},"west":{"uv":[8.75,6.5,9.25,7.75],"texture":"#0"},"up":{"uv":[10.25,2.5,8.75,2],"texture":"#0"},"down":{"uv":[10.25,2.5,8.75,3],"texture":"#0"}}},{"from":[5.5,4,-2],"to":[10.5,8,3],"rotation":{"angle":0,"axis":"y","origin":[-3.5,1,0]},"faces":{"north":{"uv":[6,3,7.25,4],"texture":"#0"},"east":{"uv":[7,1.25,8.25,2.25],"texture":"#0"},"south":{"uv":[2.5,7,3.75,8],"texture":"#0"},"west":{"uv":[7,4,8.25,5],"texture":"#0"},"up":{"uv":[7.25,6.25,6,5],"texture":"#0"},"down":{"uv":[7.25,6.25,6,7.5],"texture":"#0"}}},{"from":[6,8,-3],"to":[10,9,4],"rotation":{"angle":0,"axis":"y","origin":[-4,1,0]},"faces":{"north":{"uv":[7.25,3.75,8.25,4],"texture":"#0"},"east":{"uv":[9.25,1.75,11,2],"texture":"#0"},"south":{"uv":[9.5,7,10.5,7.25],"texture":"#0"},"west":{"uv":[9.25,5.75,11,6],"texture":"#0"},"up":{"uv":[7,3,6,1.25],"texture":"#0"},"down":{"uv":[5,6,4,7.75],"texture":"#0"}}},{"from":[6,9,-3],"to":[10,10,-1],"rotation":{"angle":0,"axis":"y","origin":[-4,1,1]},"faces":{"north":{"uv":[9.5,7.25,10.5,7.5],"texture":"#0"},"east":{"uv":[2.5,6.75,3,7],"texture":"#0"},"south":{"uv":[0,9.75,1,10],"texture":"#0"},"west":{"uv":[7.5,1,8,1.25],"texture":"#0"},"up":{"uv":[10.25,4.75,9.25,4.25],"texture":"#0"},"down":{"uv":[10.25,5.25,9.25,5.75],"texture":"#0"}}},{"from":[7.5,8,-1],"to":[8.5,14,0],"rotation":{"angle":-22.5,"axis":"x","origin":[8.5,9,0]},"faces":{"north":{"uv":[2,8.75,2.25,10.25],"texture":"#0"},"east":{"uv":[7,9,7.25,10.5],"texture":"#0"},"south":{"uv":[8.75,9,9,10.5],"texture":"#0"},"west":{"uv":[9.25,6,9.5,7.5],"texture":"#0"},"up":{"uv":[10.25,1.25,10,1],"texture":"#0"},"down":{"uv":[10.25,1.25,10,1.5],"texture":"#0"}}},{"from":[6.25,6.25,-3.75],"to":[7,7,-3],"rotation":{"angle":0,"axis":"y","origin":[19.5,1,0]},"faces":{"north":{"uv":[10,1.5,10.25,1.75],"texture":"#0"},"east":{"uv":[2.25,10,2.5,10.25],"texture":"#0"},"south":{"uv":[2.5,10,2.75,10.25],"texture":"#0"},"west":{"uv":[2.75,10,3,10.25],"texture":"#0"},"up":{"uv":[10.25,3.75,10,3.5],"texture":"#0"},"down":{"uv":[4,10,3.75,10.25],"texture":"#0"}}},{"from":[6.5,5.25,-3.5],"to":[9.5,6.75,-1.5],"rotation":{"angle":0,"axis":"y","origin":[-3.5,1,0]},"faces":{"north":{"uv":[9,9.25,9.75,9.75],"texture":"#0"},"east":{"uv":[7.25,9.5,7.75,10],"texture":"#0"},"south":{"uv":[9.5,0,10.25,0.5],"texture":"#0"},"west":{"uv":[1,9.75,1.5,10.25],"texture":"#0"},"up":{"uv":[10.25,1,9.5,0.5],"texture":"#0"},"down":{"uv":[3,9.5,2.25,10],"texture":"#0"}}},{"from":[7,4.25,-3.25],"to":[9,5.25,-1.25],"rotation":{"angle":0,"axis":"y","origin":[-3,1,0]},"faces":{"north":{"uv":[8.25,2,8.75,2.25],"texture":"#0"},"east":{"uv":[8.25,4.75,8.75,5],"texture":"#0"},"south":{"uv":[0,8.5,0.5,8.75],"texture":"#0"},"west":{"uv":[8.75,3.5,9.25,3.75],"texture":"#0"},"up":{"uv":[2,10.25,1.5,9.75],"texture":"#0"},"down":{"uv":[5.75,9.75,5.25,10.25],"texture":"#0"}}},{"from":[9,6.25,-3.75],"to":[9.75,7,-3],"rotation":{"angle":0,"axis":"y","origin":[-3.5,1,0]},"faces":{"north":{"uv":[10,3.75,10.25,4],"texture":"#0"},"east":{"uv":[4,10,4.25,10.25],"texture":"#0"},"south":{"uv":[10,4,10.25,4.25],"texture":"#0"},"west":{"uv":[4.25,10,4.5,10.25],"texture":"#0"},"up":{"uv":[10.25,6.5,10,6.25],"texture":"#0"},"down":{"uv":[10.25,6.5,10,6.75],"texture":"#0"}}},{"from":[5,3,5],"to":[11,5,6],"rotation":{"angle":0,"axis":"y","origin":[-4,1,0]},"faces":{"north":{"uv":[8.75,3,10.25,3.5],"texture":"#0"},"east":{"uv":[9.75,9.5,10,10],"texture":"#0"},"south":{"uv":[8.75,4.75,10.25,5.25],"texture":"#0"},"west":{"uv":[0,10,0.25,10.5],"texture":"#0"},"up":{"uv":[10.75,7.75,9.25,7.5],"texture":"#0"},"down":{"uv":[11,6,9.5,6.25],"texture":"#0"}}},{"from":[2,0,0],"to":[14,4,4],"faces":{"north":{"uv":[0,0,3,1],"texture":"#0"},"east":{"uv":[7.5,0,8.5,1],"texture":"#0"},"south":{"uv":[0,1,3,2],"texture":"#0"},"west":{"uv":[8,8,9,9],"texture":"#0"},"up":{"uv":[3,3,0,2],"texture":"#0"},"down":{"uv":[3,3,0,4],"texture":"#0"}}},{"from":[7.5,3.3488,15.23986],"to":[8.5,9.3488,16.23986],"rotation":{"angle":45,"axis":"x","origin":[8.5,3.5,15.5]},"faces":{"north":{"uv":[3,9.5,3.25,11],"texture":"#0"},"east":{"uv":[3.25,9.5,3.5,11],"texture":"#0"},"south":{"uv":[3.5,9.5,3.75,11],"texture":"#0"},"west":{"uv":[4.5,9.5,4.75,11],"texture":"#0"},"up":{"uv":[10.25,7,10,6.75],"texture":"#0"},"down":{"uv":[7.5,10,7.25,10.25],"texture":"#0"}}},{"from":[7,9.0988,16.73986],"to":[9,12.0988,16.73986],"rotation":{"angle":45,"axis":"x","origin":[8.5,3.5,15.5]},"faces":{"north":{"uv":[2.5,6,3,6.75],"texture":"#0"},"east":{"uv":[4.5,7.75,5,8.5],"texture":"#0"},"south":{"uv":[4.75,9.5,5.25,10.25],"texture":"#0"},"west":{"uv":[9.5,6.25,10,7],"texture":"#0"},"up":{"uv":[6.25,10.25,5.75,9.75],"texture":"#0"},"down":{"uv":[6.75,9.75,6.25,10.25],"texture":"#0"}}},{"from":[7,9.0988,14.73986],"to":[7,12.0988,16.73986],"rotation":{"angle":45,"axis":"x","origin":[8.5,3.5,15.5]},"faces":{"north":{"uv":[2.5,6,3,6.75],"texture":"#0"},"east":{"uv":[4.5,7.75,5,8.5],"texture":"#0"},"south":{"uv":[4.75,9.5,5.25,10.25],"texture":"#0"},"west":{"uv":[9.5,6.25,10,7],"texture":"#0"},"up":{"uv":[6.25,10.25,5.75,9.75],"texture":"#0"},"down":{"uv":[6.75,9.75,6.25,10.25],"texture":"#0"}}},{"from":[9,9.0988,14.73986],"to":[9,12.0988,16.73986],"rotation":{"angle":45,"axis":"x","origin":[8.5,3.5,15.5]},"faces":{"north":{"uv":[2.5,6,3,6.75],"texture":"#0"},"east":{"uv":[4.5,7.75,5,8.5],"texture":"#0"},"south":{"uv":[4.75,9.5,5.25,10.25],"texture":"#0"},"west":{"uv":[9.5,6.25,10,7],"texture":"#0"},"up":{"uv":[6.25,10.25,5.75,9.75],"texture":"#0"},"down":{"uv":[6.75,9.75,6.25,10.25],"texture":"#0"}}},{"from":[7,9.0988,14.73986],"to":[9,12.0988,14.73986],"rotation":{"angle":45,"axis":"x","origin":[8.5,3.5,15.5]},"faces":{"north":{"uv":[2.5,6,3,6.75],"texture":"#0"},"east":{"uv":[4.5,7.75,5,8.5],"texture":"#0"},"south":{"uv":[4.75,9.5,5.25,10.25],"texture":"#0"},"west":{"uv":[9.5,6.25,10,7],"texture":"#0"},"up":{"uv":[6.25,10.25,5.75,9.75],"texture":"#0"},"down":{"uv":[6.75,9.75,6.25,10.25],"texture":"#0"}}},{"from":[2,0,12],"to":[14,4,16],"faces":{"north":{"uv":[3,0,6,1],"texture":"#0"},"east":{"uv":[8.25,1,9.25,2],"texture":"#0"},"south":{"uv":[3,1,6,2],"texture":"#0"},"west":{"uv":[8.25,3.75,9.25,4.75],"texture":"#0"},"up":{"uv":[6,3,3,2],"texture":"#0"},"down":{"uv":[6,3,3,4],"texture":"#0"}}},{"from":[0,0,4],"to":[4,4,12],"faces":{"north":{"uv":[8.5,0,9.5,1],"texture":"#0"},"east":{"uv":[0,4,2,5],"texture":"#0"},"south":{"uv":[4.5,8.5,5.5,9.5],"texture":"#0"},"west":{"uv":[2,4,4,5],"texture":"#0"},"up":{"uv":[5,6,4,4],"texture":"#0"},"down":{"uv":[1,5,0,7],"texture":"#0"}}},{"from":[0.75,-5.25,2.5],"to":[3.75,0.75,5.5],"rotation":{"angle":-22.5,"axis":"z","origin":[3,0,6]},"faces":{"north":{"uv":[1.5,7.25,2.25,8.75],"texture":"#0"},"east":{"uv":[1.5,7.25,2.25,8.75],"texture":"#0"},"south":{"uv":[1.5,7.25,2.25,8.75],"texture":"#0"},"west":{"uv":[1.5,7.25,2.25,8.75],"texture":"#0"},"up":{"uv":[6.25,9.75,5.5,9],"texture":"#0"},"down":{"uv":[7,9,6.25,9.75],"texture":"#0"}}},{"from":[12.25,-5.25,2.5],"to":[15.25,0.75,5.5],"rotation":{"angle":22.5,"axis":"z","origin":[13,0,6]},"faces":{"north":{"uv":[2.25,7.25,1.5,8.75],"texture":"#0"},"east":{"uv":[2.25,7.25,1.5,8.75],"texture":"#0"},"south":{"uv":[2.25,7.25,1.5,8.75],"texture":"#0"},"west":{"uv":[2.25,7.25,1.5,8.75],"texture":"#0"},"up":{"uv":[5.5,9.75,6.25,9],"texture":"#0"},"down":{"uv":[6.25,9,7,9.75],"texture":"#0"}}},{"from":[0.75,-5.25,10.5],"to":[3.75,0.75,13.5],"rotation":{"angle":-22.5,"axis":"z","origin":[3,0,10]},"faces":{"north":{"uv":[2.25,7.25,1.5,8.75],"texture":"#0"},"east":{"uv":[2.25,7.25,1.5,8.75],"texture":"#0"},"south":{"uv":[2.25,7.25,1.5,8.75],"texture":"#0"},"west":{"uv":[2.25,7.25,1.5,8.75],"texture":"#0"},"up":{"uv":[6.25,9,5.5,9.75],"texture":"#0"},"down":{"uv":[7,9.75,6.25,9],"texture":"#0"}}},{"from":[12.25,-5.25,10.5],"to":[15.25,0.75,13.5],"rotation":{"angle":22.5,"axis":"z","origin":[13,0,10]},"faces":{"north":{"uv":[1.5,7.25,2.25,8.75],"texture":"#0"},"east":{"uv":[1.5,7.25,2.25,8.75],"texture":"#0"},"south":{"uv":[1.5,7.25,2.25,8.75],"texture":"#0"},"west":{"uv":[1.5,7.25,2.25,8.75],"texture":"#0"},"up":{"uv":[5.5,9,6.25,9.75],"texture":"#0"},"down":{"uv":[6.25,9.75,7,9],"texture":"#0"}}},{"from":[12,0,4],"to":[16,4,12],"faces":{"north":{"uv":[0,8.75,1,9.75],"texture":"#0"},"east":{"uv":[1,5,3,6],"texture":"#0"},"south":{"uv":[1,8.75,2,9.75],"texture":"#0"},"west":{"uv":[5,4,7,5],"texture":"#0"},"up":{"uv":[4,7,3,5],"texture":"#0"},"down":{"uv":[6,5,5,7],"texture":"#0"}}}],"gui_light":"front"}