{"gui_light":"front","textures":{"1":"ui/buttons/limebutton"},"elements":[{"from":[0,0,9],"to":[16,16,9],"rotation":{"angle":0,"axis":"y","origin":[8,8,17]},"faces":{"north":{"uv":[10.66667,5.33333,16,10.66667],"texture":"#1"},"east":{"uv":[10.66667,5.33333,16,10.66667],"texture":"#1"},"south":{"uv":[10.66667,5.33333,16,10.66667],"texture":"#1"},"west":{"uv":[10.66667,5.33333,16,10.66667],"texture":"#1"},"up":{"uv":[10.66667,5.33333,16,10.66667],"texture":"#1"},"down":{"uv":[10.66667,5.33333,16,10.66667],"texture":"#1"}}}]}