{"display":{"gui":{"rotation":[35,-135,0],"translation":[-5.75,2.25,0],"scale":[1.8,1.8,1.8]}},"texture_size":[128,128],"textures":{"0":"manamodels/hound","particle":"manamodels/hound"},"elements":[{"name":"head1_0","from":[5.6,6.8,0.2],"to":[10.4,11,5],"faces":{"north":{"uv":[3,6.5,4,7.375],"texture":"#0","tintindex":0},"east":{"uv":[4,6.5,5,7.375],"texture":"#0","tintindex":0},"south":{"uv":[6.5,0,7.5,0.875],"texture":"#0","tintindex":0},"west":{"uv":[1.25,6.625,2.25,7.5],"texture":"#0","tintindex":0},"up":{"uv":[5,4,4,3],"texture":"#0","tintindex":0},"down":{"uv":[5,3,6,4],"texture":"#0","tintindex":0}}},{"name":"head1_1","from":[5.45,5.45,4.85],"to":[10.55,11.15,6.35],"faces":{"north":{"uv":[3,4.25,4,5.375],"texture":"#0","tintindex":0},"east":{"uv":[5,5.5,5.25,6.625],"texture":"#0","tintindex":0},"south":{"uv":[3,5.375,4,6.5],"texture":"#0","tintindex":0},"west":{"uv":[2,7.5,2.25,8.625],"texture":"#0","tintindex":0},"up":{"uv":[6.375,5.25,5.375,5],"texture":"#0","tintindex":0},"down":{"uv":[7.5,0.5,8.5,0.75],"texture":"#0","tintindex":0}}},{"name":"jaw_head1_0","from":[5.594,5.619,0.194],"to":[10.406,8.031,5.006],"rotation":{"angle":0,"axis":"y","origin":[8,6.825,4.4]},"faces":{"north":{"uv":[7.375,5.375,8.375,5.875],"texture":"#0","tintindex":0},"east":{"uv":[7.375,5.875,8.375,6.375],"texture":"#0","tintindex":0},"south":{"uv":[1,7.5,2,8],"texture":"#0","tintindex":0},"west":{"uv":[7.5,0,8.5,0.5],"texture":"#0","tintindex":0},"up":{"uv":[6.375,2.375,5.375,1.375],"texture":"#0","tintindex":0},"down":{"uv":[5.375,4,6.375,5],"texture":"#0","tintindex":0}}},{"name":"jaw_head1_1","from":[5.6,5.575,0.2],"to":[10.4,6.775,5],"rotation":{"angle":0,"axis":"y","origin":[8,6.775,4.4]},"faces":{"north":{"uv":[7.625,7.125,8.625,7.375],"texture":"#0","tintindex":0},"east":{"uv":[7.625,7.375,8.625,7.625],"texture":"#0","tintindex":0},"south":{"uv":[7.875,2,8.875,2.25],"texture":"#0","tintindex":0},"west":{"uv":[8,0.75,9,1],"texture":"#0","tintindex":0},"up":{"uv":[5,6.5,4,5.5],"texture":"#0","tintindex":0},"down":{"uv":[1.25,5.625,2.25,6.625],"texture":"#0","tintindex":0}}},{"name":"ear1_head_0","from":[10,10,4.4],"to":[10.6,11.8,6.2],"rotation":{"angle":0,"axis":"y","origin":[10,10,5]},"faces":{"north":{"uv":[0.375,8.75,0.5,9.125],"texture":"#0","tintindex":0},"east":{"uv":[0,8.75,0.375,9.125],"texture":"#0","tintindex":0},"south":{"uv":[0.375,8.75,0.5,9.125],"texture":"#0","tintindex":0},"west":{"uv":[0.5,8.75,0.875,9.125],"texture":"#0","tintindex":0},"up":{"uv":[0.875,8.75,1,9.125],"texture":"#0","tintindex":0},"down":{"uv":[0.125,0,0,0.375],"texture":"#0","tintindex":0}}},{"name":"ear1_head_1","from":[10,11.8,5],"to":[10.6,13,6.2],"rotation":{"angle":0,"axis":"y","origin":[10,10,5]},"faces":{"north":{"uv":[1.25,8.875,1.375,9.125],"texture":"#0","tintindex":0},"east":{"uv":[1,8.875,1.25,9.125],"texture":"#0","tintindex":0},"south":{"uv":[1.25,8.875,1.375,9.125],"texture":"#0","tintindex":0},"west":{"uv":[1.375,8.875,1.625,9.125],"texture":"#0","tintindex":0},"up":{"uv":[0.875,8.75,1,9.125],"texture":"#0","tintindex":0},"down":{"uv":[0.125,0,0,0.25],"texture":"#0","tintindex":0}}},{"name":"ear1_head_2","from":[10,13,5.6],"to":[10.6,14.2,6.2],"rotation":{"angle":0,"axis":"y","origin":[10,10,5]},"faces":{"north":{"uv":[1.25,8.875,1.375,9.125],"texture":"#0","tintindex":0},"east":{"uv":[1.625,8.875,1.75,9.125],"texture":"#0","tintindex":0},"south":{"uv":[1.25,8.875,1.375,9.125],"texture":"#0","tintindex":0},"west":{"uv":[1.375,8.875,1.625,9.125],"texture":"#0","tintindex":0},"up":{"uv":[0.875,8.75,1,9.125],"texture":"#0","tintindex":0},"down":{"uv":[0.125,0,0,0.25],"texture":"#0","tintindex":0}}},{"name":"ear1_head3_0","from":[5.4,10,4.4],"to":[6,11.8,6.2],"rotation":{"angle":0,"axis":"y","origin":[5.4,10,5]},"faces":{"north":{"uv":[0.375,8.75,0.5,9.125],"texture":"#0","tintindex":0},"east":{"uv":[0,8.75,0.375,9.125],"texture":"#0","tintindex":0},"south":{"uv":[0.375,8.75,0.5,9.125],"texture":"#0","tintindex":0},"west":{"uv":[0.5,8.75,0.875,9.125],"texture":"#0","tintindex":0},"up":{"uv":[0.875,8.75,1,9.125],"texture":"#0","tintindex":0},"down":{"uv":[0.125,0,0,0.375],"texture":"#0","tintindex":0}}},{"name":"ear1_head3_1","from":[5.4,11.8,5],"to":[6,13,6.2],"rotation":{"angle":0,"axis":"y","origin":[5.4,10,5]},"faces":{"north":{"uv":[1.25,8.875,1.375,9.125],"texture":"#0","tintindex":0},"east":{"uv":[1,8.875,1.25,9.125],"texture":"#0","tintindex":0},"south":{"uv":[1.25,8.875,1.375,9.125],"texture":"#0","tintindex":0},"west":{"uv":[1.375,8.875,1.625,9.125],"texture":"#0","tintindex":0},"up":{"uv":[0.875,8.75,1,9.125],"texture":"#0","tintindex":0},"down":{"uv":[0.125,0,0,0.25],"texture":"#0","tintindex":0}}},{"name":"ear1_head3_2","from":[5.4,13,5.6],"to":[6,14.2,6.2],"rotation":{"angle":0,"axis":"y","origin":[5.4,10,5]},"faces":{"north":{"uv":[1.25,8.875,1.375,9.125],"texture":"#0","tintindex":0},"east":{"uv":[1.625,8.875,1.75,9.125],"texture":"#0","tintindex":0},"south":{"uv":[1.25,8.875,1.375,9.125],"texture":"#0","tintindex":0},"west":{"uv":[1.375,8.875,1.625,9.125],"texture":"#0","tintindex":0},"up":{"uv":[0.875,8.75,1,9.125],"texture":"#0","tintindex":0},"down":{"uv":[0.125,0,0,0.25],"texture":"#0","tintindex":0}}}],"gui_light":"front"}