{"display":{"thirdperson_righthand":{"rotation":[-45,0,0],"translation":[-0.5,8,1.25]},"thirdperson_lefthand":{"rotation":[-45,0,0],"translation":[-0.5,8,1.25]},"firstperson_righthand":{"rotation":[31,-180,0],"translation":[1.5,9.25,0]},"firstperson_lefthand":{"rotation":[31,-180,0],"translation":[1.5,9.25,0]},"gui":{"rotation":[0,90,0],"translation":[8.5,8.25,0],"scale":[2,2,2]},"fixed":{"rotation":[0,-90,0],"translation":[-8.75,8.5,0],"scale":[2,2,2]}},"textures":{"0":"crates/thanksgiving20_crate/turkeyleg","particle":"crates/thanksgiving20_crate/turkeyleg"},"elements":[{"from":[7.5,0,0],"to":[9.5,2,2],"rotation":{"angle":0,"axis":"y","origin":[15.5,8,8]},"faces":{"north":{"uv":[6,3,8,5],"texture":"#0"},"east":{"uv":[0,10,2,12],"texture":"#0"},"south":{"uv":[5,11,7,13],"texture":"#0"},"west":{"uv":[7,11,9,13],"texture":"#0"},"up":{"uv":[13,13,11,11],"texture":"#0"},"down":{"uv":[13,0,11,2],"texture":"#0"}}},{"from":[7.75,1.25,1],"to":[9.25,5.25,2.5],"rotation":{"angle":45,"axis":"x","origin":[8.5,2.25,0.75]},"faces":{"north":{"uv":[3,8,5,12],"texture":"#0"},"east":{"uv":[9,9,11,13],"texture":"#0"},"south":{"uv":[9,0,11,4],"texture":"#0"},"west":{"uv":[9,4,11,8],"texture":"#0"},"up":{"uv":[13,4,11,2],"texture":"#0"},"down":{"uv":[13,4,11,6],"texture":"#0"}}},{"from":[7,4.25,0.25],"to":[10,9.5,3.25],"rotation":{"angle":45,"axis":"x","origin":[8.5,2.25,0.75]},"faces":{"north":{"uv":[0,0,3,5],"texture":"#0"},"east":{"uv":[3,3,6,8],"texture":"#0"},"south":{"uv":[0,5,3,10],"texture":"#0"},"west":{"uv":[6,6,9,11],"texture":"#0"},"up":{"uv":[6,3,3,0],"texture":"#0"},"down":{"uv":[9,0,6,3],"texture":"#0"}}},{"from":[7.5,9.5,0.75],"to":[9.5,10,2.75],"rotation":{"angle":45,"axis":"x","origin":[8.5,2.25,0.75]},"faces":{"north":{"uv":[6,5,8,6],"texture":"#0"},"east":{"uv":[9,8,11,9],"texture":"#0"},"south":{"uv":[11,10,13,11],"texture":"#0"},"west":{"uv":[0,12,2,13],"texture":"#0"},"up":{"uv":[13,8,11,6],"texture":"#0"},"down":{"uv":[13,8,11,10],"texture":"#0"}}}]}