{"file_name":"frontleg_mid_left","texture_size":[128,128],"textures":{"layer0":"manamodels/moose"},"elements":[{"name":"frontleg_mid_left_0","from":[6.7939997,3.1939998,5.594],"to":[9.206,8.0060005,8.0060005],"rotation":{"angle":0.0,"axis":"z","origin":[8.0,8.0,8.0]},"faces":{"east":{"uv":[9.25,10.0,9.75,11.0],"texture":"#layer0","tintindex":0},"south":{"uv":[9.75,10.0,10.25,11.0],"texture":"#layer0","tintindex":0},"north":{"uv":[8.75,10.0,9.25,11.0],"texture":"#layer0","tintindex":0},"west":{"uv":[10.0,0.0,10.5,1.0],"texture":"#layer0","tintindex":0},"up":{"uv":[0.5,11.0,0.0,10.5],"texture":"#layer0","tintindex":0},"down":{"uv":[0.5,10.5,1.0,11.0],"texture":"#layer0","tintindex":0}}}],"display":{"head":{"translation":[0.0,-6.4,0.0],"rotation":[0.0,0.0,0.0],"scale":[3.8095,3.8095,3.8095]},"gui":{"translation":[0.0,0.0,0.0],"rotation":[35.0,225.0,0.0],"scale":[0.625,0.625,0.625]}}}