{"file_name":"frontleg_mid_right","texture_size":[128,128],"textures":{"layer0":"manamodels/moose"},"elements":[{"name":"frontleg_mid_right_0","from":[6.7939997,3.1939998,5.594],"to":[9.206,8.0060005,8.0060005],"rotation":{"angle":0.0,"axis":"z","origin":[8.0,8.0,8.0]},"faces":{"east":{"uv":[9.75,3.0,10.25,4.0],"texture":"#layer0","tintindex":0},"south":{"uv":[9.75,4.0,10.25,5.0],"texture":"#layer0","tintindex":0},"north":{"uv":[9.75,2.0,10.25,3.0],"texture":"#layer0","tintindex":0},"west":{"uv":[9.75,5.0,10.25,6.0],"texture":"#layer0","tintindex":0},"up":{"uv":[10.75,8.0,10.25,7.5],"texture":"#layer0","tintindex":0},"down":{"uv":[10.25,8.0,10.75,8.5],"texture":"#layer0","tintindex":0}}}],"display":{"head":{"translation":[0.0,-6.4,0.0],"rotation":[0.0,0.0,0.0],"scale":[3.8095,3.8095,3.8095]},"gui":{"translation":[0.0,0.0,0.0],"rotation":[35.0,225.0,0.0],"scale":[0.625,0.625,0.625]}}}