{"textures":{"0":"modelengine:custom/kangaroo","particle":"modelengine:custom/kangaroo"},"elements":[{"from":[5.99,1.990001,5.99],"to":[8.01,8.01,8.01],"faces":{"east":{"uv":[4.625,7.125,4.375,7.875],"tintindex":0,"rotation":0,"texture":"#0"},"south":{"uv":[4.375,7.125,4.125,7.875],"tintindex":0,"rotation":0,"texture":"#0"},"north":{"uv":[3.75,3.875,3.5,4.625],"tintindex":0,"rotation":0,"texture":"#0"},"west":{"uv":[1.25,6.875,1.0,7.625],"tintindex":0,"rotation":0,"texture":"#0"},"up":{"uv":[2.25,3.875,2.5,3.625],"tintindex":0,"rotation":0,"texture":"#0"},"down":{"uv":[4.5,2.25,4.75,2.5],"tintindex":0,"rotation":0,"texture":"#0"}}}],"display":{"gui":{"rotation":[30,225,0]}}}