{"file_name":"facialfur1","texture_size":[128,128],"textures":{"layer0":"manamodels/yetiboss"},"elements":[{"name":"facialfur1_0","from":[0.079999685,3.0499997,8.0],"to":[8.0,12.95,8.0],"rotation":{"angle":0.0,"axis":"z","origin":[8.0,8.0,8.0]},"faces":{"east":{"uv":[0.0,0.0,0.0,1.25],"texture":"#layer0","tintindex":0},"south":{"uv":[12.0,5.25,11.0,6.5],"texture":"#layer0","tintindex":0},"north":{"uv":[10.75,11.25,9.75,12.5],"texture":"#layer0","tintindex":0},"west":{"uv":[0.0,0.0,0.0,1.25],"texture":"#layer0","tintindex":0},"up":{"uv":[1.0,0.0,0.0,0.0],"texture":"#layer0","tintindex":0},"down":{"uv":[0.0,0.0,1.0,0.0],"texture":"#layer0","tintindex":0}}}],"display":{"head":{"translation":[0.0,-6.4,0.0],"rotation":[0.0,0.0,0.0],"scale":[3.8095,3.8095,3.8095]},"gui":{"translation":[0.0,0.0,0.0],"rotation":[35.0,225.0,0.0],"scale":[0.625,0.625,0.625]}}}