{"display":{"gui":{"rotation":[35,225,0],"translation":[0,-2,0],"scale":[3.5,3.5,3.5]},"head":{"translation":[0,-4.15,-1.75],"scale":[4,4,4]}},"texture_size":[32,32],"textures":{"layer0":"manamodels/robin"},"elements":[{"name":"head_0","from":[6.794,7.47518,6.89802],"to":[9.206,9.88718,9.31002],"rotation":{"angle":0,"axis":"z","origin":[8,8,8]},"faces":{"north":{"uv":[1.5,8,3.5,10],"texture":"#layer0","tintindex":0},"east":{"uv":[7.5,8,9.5,10],"texture":"#layer0","tintindex":0},"south":{"uv":[8.5,0,10.5,2],"texture":"#layer0","tintindex":0},"west":{"uv":[8.5,2,10.5,4],"texture":"#layer0","tintindex":0},"up":{"uv":[5.5,11,3.5,9],"texture":"#layer0","tintindex":0},"down":{"uv":[9,4,11,6],"texture":"#layer0","tintindex":0}}},{"name":"head_1","from":[7.7,7.18118,6.00402],"to":[8.3,8.38118,7.20402],"rotation":{"angle":-22.5,"axis":"x","origin":[8,8.08118,6.30402]},"faces":{"north":{"uv":[8.5,4,9,5],"texture":"#layer0","tintindex":0},"east":{"uv":[6.5,5,7.5,6],"texture":"#layer0","tintindex":0},"south":{"uv":[7,9,7.5,10],"texture":"#layer0","tintindex":0},"west":{"uv":[4,11,5,12],"texture":"#layer0","tintindex":0},"up":{"uv":[9.5,8,9,7],"texture":"#layer0","tintindex":0},"down":{"uv":[11,7,11.5,8],"texture":"#layer0","tintindex":0}}},{"name":"head_2","from":[9.206,9.88718,9.31002],"to":[6.794,7.47518,6.89802],"rotation":{"angle":0,"axis":"z","origin":[8,8,8]},"faces":{"north":{"uv":[8.5,2,10.5,0],"texture":"#layer0","tintindex":0},"east":{"uv":[8.5,4,10.5,2],"texture":"#layer0","tintindex":0},"south":{"uv":[1.5,10,3.5,8],"texture":"#layer0","tintindex":0},"west":{"uv":[7.5,10,9.5,8],"texture":"#layer0","tintindex":0},"up":{"uv":[9,4,11,6],"texture":"#layer0","tintindex":0},"down":{"uv":[5.5,11,3.5,9],"texture":"#layer0","tintindex":0}}},{"name":"head_3","from":[8.3,8.38118,7.20402],"to":[7.7,7.18118,6.00402],"rotation":{"angle":-22.5,"axis":"x","origin":[8,8.08118,6.30402]},"faces":{"north":{"uv":[7,10,7.5,9],"texture":"#layer0","tintindex":0},"east":{"uv":[4,12,5,11],"texture":"#layer0","tintindex":0},"south":{"uv":[8.5,5,9,4],"texture":"#layer0","tintindex":0},"west":{"uv":[6.5,6,7.5,5],"texture":"#layer0","tintindex":0},"up":{"uv":[11,7,11.5,8],"texture":"#layer0","tintindex":0},"down":{"uv":[9.5,8,9,7],"texture":"#layer0","tintindex":0}}}]}