{"file_name":"leg2","texture_size":[32,32],"textures":{"layer0":"manamodels/robin"},"elements":[{"name":"leg2_0","from":[7.1,4.6699996,7.55],"to":[7.7,4.6699996,8.15],"rotation":{"angle":0.0,"axis":"z","origin":[8.0,8.0,8.0]},"faces":{"east":{"uv":[0.0,0.0,0.5,0.0],"texture":"#layer0","tintindex":0},"south":{"uv":[0.0,0.0,0.5,0.0],"texture":"#layer0","tintindex":0},"north":{"uv":[0.0,0.0,0.5,0.0],"texture":"#layer0","tintindex":0},"west":{"uv":[0.0,0.0,0.5,0.0],"texture":"#layer0","tintindex":0},"up":{"uv":[11.5,8.5,11.0,8.0],"texture":"#layer0","tintindex":0},"down":{"uv":[11.0,8.5,11.5,9.0],"texture":"#layer0","tintindex":0}}},{"name":"leg2_1","from":[7.1,4.6699996,8.15],"to":[7.7,7.0699997,8.15],"rotation":{"angle":0.0,"axis":"z","origin":[8.0,8.0,8.0]},"faces":{"east":{"uv":[0.0,0.0,0.0,2.0],"texture":"#layer0","tintindex":0},"south":{"uv":[6.5,11.0,7.0,13.0],"texture":"#layer0","tintindex":0},"north":{"uv":[6.0,11.0,6.5,13.0],"texture":"#layer0","tintindex":0},"west":{"uv":[0.0,0.0,0.0,2.0],"texture":"#layer0","tintindex":0},"up":{"uv":[0.5,0.0,0.0,0.0],"texture":"#layer0","tintindex":0},"down":{"uv":[0.0,0.0,0.5,0.0],"texture":"#layer0","tintindex":0}}},{"name":"leg2_2","from":[7.7,4.6699996,8.15],"to":[7.1,4.6699996,7.55],"rotation":{"angle":0.0,"axis":"z","origin":[8.0,8.0,8.0]},"faces":{"east":{"uv":[0.0,0.0,0.5,0.0],"texture":"#layer0","tintindex":0},"south":{"uv":[0.0,0.0,0.5,0.0],"texture":"#layer0","tintindex":0},"north":{"uv":[0.0,0.0,0.5,0.0],"texture":"#layer0","tintindex":0},"west":{"uv":[0.0,0.0,0.5,0.0],"texture":"#layer0","tintindex":0},"up":{"uv":[11.0,8.5,11.5,9.0],"texture":"#layer0","tintindex":0},"down":{"uv":[11.5,8.5,11.0,8.0],"texture":"#layer0","tintindex":0}}},{"name":"leg2_3","from":[7.7,7.0699997,8.15],"to":[7.1,4.6699996,8.15],"rotation":{"angle":0.0,"axis":"z","origin":[8.0,8.0,8.0]},"faces":{"east":{"uv":[0.0,2.0,0.0,0.0],"texture":"#layer0","tintindex":0},"south":{"uv":[6.0,13.0,6.5,11.0],"texture":"#layer0","tintindex":0},"north":{"uv":[6.5,13.0,7.0,11.0],"texture":"#layer0","tintindex":0},"west":{"uv":[0.0,2.0,0.0,0.0],"texture":"#layer0","tintindex":0},"up":{"uv":[0.0,0.0,0.5,0.0],"texture":"#layer0","tintindex":0},"down":{"uv":[0.5,0.0,0.0,0.0],"texture":"#layer0","tintindex":0}}}],"display":{"head":{"translation":[0.0,-6.4,0.0],"rotation":[0.0,0.0,0.0],"scale":[3.8095,3.8095,3.8095]},"gui":{"translation":[0.0,0.0,0.0],"rotation":[35.0,225.0,0.0],"scale":[0.625,0.625,0.625]}}}