{"file_name":"root","texture_size":[32,32],"textures":{"layer0":"manamodels/robin"},"elements":[{"name":"root_0","from":[6.2,5.517878,6.900566],"to":[6.8,7.917878,11.100567],"rotation":{"angle":22.5,"axis":"x","origin":[8.0,6.5678782,7.950566]},"faces":{"east":{"uv":[3.0,0.0,6.5,2.0],"texture":"#layer0","tintindex":0},"south":{"uv":[1.0,11.0,1.5,13.0],"texture":"#layer0","tintindex":0},"north":{"uv":[0.5,11.0,1.0,13.0],"texture":"#layer0","tintindex":0},"west":{"uv":[3.0,2.0,6.5,4.0],"texture":"#layer0","tintindex":0},"up":{"uv":[3.5,13.5,3.0,10.0],"texture":"#layer0","tintindex":0},"down":{"uv":[8.5,10.0,9.0,13.5],"texture":"#layer0","tintindex":0}}},{"name":"root_1","from":[9.2,5.517878,6.900566],"to":[9.8,7.917878,11.100567],"rotation":{"angle":22.5,"axis":"x","origin":[8.0,6.5678782,7.950566]},"faces":{"east":{"uv":[3.0,4.0,6.5,6.0],"texture":"#layer0","tintindex":0},"south":{"uv":[11.0,3.5,11.5,5.5],"texture":"#layer0","tintindex":0},"north":{"uv":[3.5,11.0,4.0,13.0],"texture":"#layer0","tintindex":0},"west":{"uv":[0.0,6.0,3.5,8.0],"texture":"#layer0","tintindex":0},"up":{"uv":[9.5,13.5,9.0,10.0],"texture":"#layer0","tintindex":0},"down":{"uv":[0.0,11.0,0.5,14.5],"texture":"#layer0","tintindex":0}}},{"name":"root_2","from":[6.8,4.917878,6.3005657],"to":[9.2,7.917878,9.900566],"rotation":{"angle":22.5,"axis":"x","origin":[8.0,6.5678782,7.950566]},"faces":{"east":{"uv":[0.0,0.0,3.0,2.5],"texture":"#layer0","tintindex":0},"south":{"uv":[6.5,2.5,8.5,5.0],"texture":"#layer0","tintindex":0},"north":{"uv":[6.5,0.0,8.5,2.5],"texture":"#layer0","tintindex":0},"west":{"uv":[0.0,2.5,3.0,5.0],"texture":"#layer0","tintindex":0},"up":{"uv":[5.5,9.0,3.5,6.0],"texture":"#layer0","tintindex":0},"down":{"uv":[5.5,6.0,7.5,9.0],"texture":"#layer0","tintindex":0}}},{"name":"root_3","from":[7.1,6.417878,9.900566],"to":[8.9,7.617878,13.5005665],"rotation":{"angle":22.5,"axis":"x","origin":[7.7,6.5678782,7.950566]},"faces":{"east":{"uv":[0.0,5.0,3.0,6.0],"texture":"#layer0","tintindex":0},"south":{"uv":[10.5,2.5,12.0,3.5],"texture":"#layer0","tintindex":0},"north":{"uv":[10.5,1.5,12.0,2.5],"texture":"#layer0","tintindex":0},"west":{"uv":[9.0,6.0,12.0,7.0],"texture":"#layer0","tintindex":0},"up":{"uv":[9.0,8.0,7.5,5.0],"texture":"#layer0","tintindex":0},"down":{"uv":[0.0,8.0,1.5,11.0],"texture":"#layer0","tintindex":0}}},{"name":"root_4","from":[7.1,5.667878,5.7005663],"to":[8.9,8.067879,7.5005665],"rotation":{"angle":0.0,"axis":"z","origin":[8.0,8.0,8.0]},"faces":{"east":{"uv":[9.5,7.0,11.0,9.0],"texture":"#layer0","tintindex":0},"south":{"uv":[9.5,9.0,11.0,11.0],"texture":"#layer0","tintindex":0},"north":{"uv":[5.5,9.0,7.0,11.0],"texture":"#layer0","tintindex":0},"west":{"uv":[1.5,10.0,3.0,12.0],"texture":"#layer0","tintindex":0},"up":{"uv":[8.5,11.5,7.0,10.0],"texture":"#layer0","tintindex":0},"down":{"uv":[10.5,0.0,12.0,1.5],"texture":"#layer0","tintindex":0}}},{"name":"root_5","from":[6.8,7.917878,11.100567],"to":[6.2,5.517878,6.900566],"rotation":{"angle":22.5,"axis":"x","origin":[8.0,6.5678782,7.950566]},"faces":{"east":{"uv":[3.0,4.0,6.5,2.0],"texture":"#layer0","tintindex":0},"south":{"uv":[0.5,13.0,1.0,11.0],"texture":"#layer0","tintindex":0},"north":{"uv":[1.0,13.0,1.5,11.0],"texture":"#layer0","tintindex":0},"west":{"uv":[3.0,2.0,6.5,0.0],"texture":"#layer0","tintindex":0},"up":{"uv":[8.5,10.0,9.0,13.5],"texture":"#layer0","tintindex":0},"down":{"uv":[3.5,13.5,3.0,10.0],"texture":"#layer0","tintindex":0}}},{"name":"root_6","from":[9.8,7.917878,11.100567],"to":[9.2,5.517878,6.900566],"rotation":{"angle":22.5,"axis":"x","origin":[8.0,6.5678782,7.950566]},"faces":{"east":{"uv":[0.0,8.0,3.5,6.0],"texture":"#layer0","tintindex":0},"south":{"uv":[3.5,13.0,4.0,11.0],"texture":"#layer0","tintindex":0},"north":{"uv":[11.0,5.5,11.5,3.5],"texture":"#layer0","tintindex":0},"west":{"uv":[3.0,6.0,6.5,4.0],"texture":"#layer0","tintindex":0},"up":{"uv":[0.0,11.0,0.5,14.5],"texture":"#layer0","tintindex":0},"down":{"uv":[9.5,13.5,9.0,10.0],"texture":"#layer0","tintindex":0}}},{"name":"root_7","from":[9.2,7.917878,9.900566],"to":[6.8,4.917878,6.3005657],"rotation":{"angle":22.5,"axis":"x","origin":[8.0,6.5678782,7.950566]},"faces":{"east":{"uv":[0.0,5.0,3.0,2.5],"texture":"#layer0","tintindex":0},"south":{"uv":[6.5,2.5,8.5,0.0],"texture":"#layer0","tintindex":0},"north":{"uv":[6.5,5.0,8.5,2.5],"texture":"#layer0","tintindex":0},"west":{"uv":[0.0,2.5,3.0,0.0],"texture":"#layer0","tintindex":0},"up":{"uv":[5.5,6.0,7.5,9.0],"texture":"#layer0","tintindex":0},"down":{"uv":[5.5,9.0,3.5,6.0],"texture":"#layer0","tintindex":0}}},{"name":"root_8","from":[8.9,7.617878,13.5005665],"to":[7.1,6.417878,9.900566],"rotation":{"angle":22.5,"axis":"x","origin":[7.7,6.5678782,7.950566]},"faces":{"east":{"uv":[9.0,7.0,12.0,6.0],"texture":"#layer0","tintindex":0},"south":{"uv":[10.5,2.5,12.0,1.5],"texture":"#layer0","tintindex":0},"north":{"uv":[10.5,3.5,12.0,2.5],"texture":"#layer0","tintindex":0},"west":{"uv":[0.0,6.0,3.0,5.0],"texture":"#layer0","tintindex":0},"up":{"uv":[0.0,8.0,1.5,11.0],"texture":"#layer0","tintindex":0},"down":{"uv":[9.0,8.0,7.5,5.0],"texture":"#layer0","tintindex":0}}},{"name":"root_9","from":[8.9,8.067878,7.500566],"to":[7.1,5.6678777,5.7005663],"rotation":{"angle":0.0,"axis":"z","origin":[8.0,8.0,8.0]},"faces":{"east":{"uv":[1.5,12.0,3.0,10.0],"texture":"#layer0","tintindex":0},"south":{"uv":[5.5,11.0,7.0,9.0],"texture":"#layer0","tintindex":0},"north":{"uv":[9.5,11.0,11.0,9.0],"texture":"#layer0","tintindex":0},"west":{"uv":[9.5,9.0,11.0,7.0],"texture":"#layer0","tintindex":0},"up":{"uv":[10.5,0.0,12.0,1.5],"texture":"#layer0","tintindex":0},"down":{"uv":[8.5,11.5,7.0,10.0],"texture":"#layer0","tintindex":0}}}],"display":{"head":{"translation":[0.0,-6.4,0.0],"rotation":[0.0,0.0,0.0],"scale":[3.8095,3.8095,3.8095]},"gui":{"translation":[0.0,0.0,0.0],"rotation":[35.0,225.0,0.0],"scale":[0.625,0.625,0.625]}}}