{"credit":"Copyright ManaLabs Inc","texture_size":[32,32],"textures":{"0":"manalabs:crates/terraria/ankh_shield","particle":"manalabs:crates/terraria/ankh_shield"},"elements":[{"from":[3,11,7],"to":[13,17,9],"rotation":{"angle":0,"axis":"y","origin":[7,7,7]},"faces":{"north":{"uv":[0.016,6.016,4.984,8.984],"texture":"#0"},"east":{"uv":[3.016,10.016,3.984,12.984],"texture":"#0"},"south":{"uv":[5.016,6.016,9.984,8.984],"texture":"#0"},"west":{"uv":[4.016,10.016,4.984,12.984],"texture":"#0"},"up":{"uv":[14.984,4.984,10.016,4.016],"texture":"#0"},"down":{"uv":[14.984,6.016,10.016,6.984],"texture":"#0"}}},{"from":[6.99,13.99,8.99],"to":[9.01,20.01,14.01],"rotation":{"angle":0,"axis":"z","origin":[20,16,9]},"faces":{"north":{"uv":[5.016,11.016,7.984,11.984],"rotation":90,"texture":"#0"},"east":{"uv":[9.984,0.016,7.016,2.484],"rotation":270,"texture":"#0"},"south":{"uv":[8.016,11.016,10.984,11.984],"rotation":270,"texture":"#0"},"west":{"uv":[9.984,2.484,7.016,0.016],"rotation":270,"texture":"#0"},"up":{"uv":[13.016,0.016,15.484,0.984],"rotation":270,"texture":"#0"},"down":{"uv":[1.016,13.016,3.484,13.984],"rotation":270,"texture":"#0"}}},{"from":[3,23,7],"to":[13,25,9],"rotation":{"angle":0,"axis":"y","origin":[7,16,7]},"faces":{"north":{"uv":[10.016,7.016,14.984,7.984],"texture":"#0"},"east":{"uv":[2.516,14.016,3.484,14.984],"texture":"#0"},"south":{"uv":[10.016,8.016,14.984,8.984],"texture":"#0"},"west":{"uv":[12.516,14.016,13.484,14.984],"texture":"#0"},"up":{"uv":[14.984,9.984,10.016,9.016],"texture":"#0"},"down":{"uv":[14.984,10.016,10.016,10.984],"texture":"#0"}}},{"from":[7.69803,8.46,7.01],"to":[13.07803,12.44,8.99],"rotation":{"angle":22.5,"axis":"z","origin":[6.68803,9.45,8]},"faces":{"north":{"uv":[7.016,9.016,9.75,10.984],"texture":"#0"},"east":{"uv":[13.016,1.016,13.984,2.984],"texture":"#0"},"south":{"uv":[0.016,10.016,2.75,11.984],"texture":"#0"},"west":{"uv":[3.516,13.016,4.484,14.984],"texture":"#0"},"up":{"uv":[7.75,12.984,5.016,12.016],"texture":"#0"},"down":{"uv":[10.75,12.016,8.016,12.984],"texture":"#0"}}},{"from":[2.92197,8.46,7.01],"to":[8.30197,12.44,8.99],"rotation":{"angle":-22.5,"axis":"z","origin":[9.31197,9.45,8]},"faces":{"north":{"uv":[10.016,0.016,12.75,1.984],"texture":"#0"},"east":{"uv":[4.516,13.016,5.484,14.984],"texture":"#0"},"south":{"uv":[10.016,2.016,12.75,3.984],"texture":"#0"},"west":{"uv":[5.516,13.016,6.484,14.984],"texture":"#0"},"up":{"uv":[14.75,11.984,12.016,11.016],"texture":"#0"},"down":{"uv":[14.75,12.016,12.016,12.984],"texture":"#0"}}},{"from":[1,17,7],"to":[15,23,9],"rotation":{"angle":0,"axis":"y","origin":[7,15,7]},"faces":{"north":{"uv":[0.016,0.016,6.984,2.984],"texture":"#0"},"east":{"uv":[11.016,11.016,11.984,13.984],"texture":"#0"},"south":{"uv":[0.016,3.016,6.984,5.984],"texture":"#0"},"west":{"uv":[0.016,12.016,0.984,14.984],"texture":"#0"},"up":{"uv":[13.984,5.984,7.016,5.016],"texture":"#0"},"down":{"uv":[6.984,9.016,0.016,9.984],"texture":"#0"}}},{"from":[11.59579,16.01,7.01],"to":[14.57579,17.99,8.99],"rotation":{"angle":45,"axis":"z","origin":[13.58579,17,8]},"faces":{"north":{"uv":[5.016,10.016,6.484,10.984],"texture":"#0"},"east":{"uv":[13.516,14.016,14.484,14.984],"texture":"#0"},"south":{"uv":[1.016,12.016,2.484,12.984],"texture":"#0"},"west":{"uv":[14.516,3.016,15.484,3.984],"texture":"#0"},"up":{"uv":[14.484,3.984,13.016,3.016],"texture":"#0"},"down":{"uv":[7.984,13.016,6.516,13.984],"texture":"#0"}}},{"from":[1.42421,16.01,7.01],"to":[4.40421,17.99,8.99],"rotation":{"angle":-45,"axis":"z","origin":[2.41421,17,8]},"faces":{"north":{"uv":[8.016,13.016,9.484,13.984],"texture":"#0"},"east":{"uv":[14.516,14.016,15.484,14.984],"texture":"#0"},"south":{"uv":[9.516,13.016,10.984,13.984],"texture":"#0"},"west":{"uv":[0.016,15.016,0.984,15.984],"texture":"#0"},"up":{"uv":[13.484,13.984,12.016,13.016],"texture":"#0"},"down":{"uv":[14.984,13.016,13.516,13.984],"texture":"#0"}}},{"from":[11.69579,22.01,7.01],"to":[14.57579,23.99,8.99],"rotation":{"angle":-45,"axis":"z","origin":[13.58579,23,8]},"faces":{"north":{"uv":[1.016,14.016,2.484,14.984],"texture":"#0"},"east":{"uv":[1.016,15.016,1.984,15.984],"texture":"#0"},"south":{"uv":[14.016,1.016,15.484,1.984],"texture":"#0"},"west":{"uv":[2.016,15.016,2.984,15.984],"texture":"#0"},"up":{"uv":[15.484,2.984,14.016,2.016],"texture":"#0"},"down":{"uv":[15.484,5.016,14.016,5.984],"texture":"#0"}}},{"from":[1.42421,22.01,7.01],"to":[4.30421,23.99,8.99],"rotation":{"angle":45,"axis":"z","origin":[2.41421,23,8]},"faces":{"north":{"uv":[6.516,14.016,7.984,14.984],"texture":"#0"},"east":{"uv":[3.016,15.016,3.984,15.984],"texture":"#0"},"south":{"uv":[8.016,14.016,9.484,14.984],"texture":"#0"},"west":{"uv":[4.016,15.016,4.984,15.984],"texture":"#0"},"up":{"uv":[10.984,14.984,9.516,14.016],"texture":"#0"},"down":{"uv":[12.484,14.016,11.016,14.984],"texture":"#0"}}},{"name":"cube inverted","from":[9.01,20.01,14.01],"to":[6.99,13.99,8.99],"rotation":{"angle":0,"axis":"z","origin":[20,16,9]},"faces":{"north":{"uv":[8.016,11.984,10.984,11.016],"rotation":90,"texture":"#0"},"east":{"uv":[7.016,2.484,9.984,0.016],"rotation":270,"texture":"#0"},"south":{"uv":[5.016,11.984,7.984,11.016],"rotation":270,"texture":"#0"},"west":{"uv":[7.016,0.016,9.984,2.484],"rotation":270,"texture":"#0"},"up":{"uv":[1.016,13.984,3.484,13.016],"rotation":270,"texture":"#0"},"down":{"uv":[13.016,0.984,15.484,0.016],"rotation":270,"texture":"#0"}}}],"gui_light":"front","display":{"thirdperson_righthand":{"rotation":[90,-90,90],"translation":[3.5,-11,2.25]},"thirdperson_lefthand":{"rotation":[90,-90,90],"translation":[3.5,-11,2.25]},"firstperson_righthand":{"translation":[2.75,-4.5,0.5],"scale":[0.5,0.5,0.5]},"firstperson_lefthand":{"translation":[2.75,-4.5,0.5],"scale":[0.5,0.5,0.5]},"ground":{"rotation":[21,0,0],"translation":[0,0,-3],"scale":[0.8,0.8,0.8]},"gui":{"rotation":[21,-147,0],"translation":[0,-7.25,0],"scale":[0.8,0.8,0.8]},"head":{"rotation":[0,180,43],"translation":[-6,-20.75,7]},"fixed":{"translation":[0,-9,-1.5]}},"groups":[{"name":"root","origin":[2.41421,23,8],"color":0,"children":[0,1,2,3,4,5,6,7,8,9,10]}]}