{"credit":"Copyright ManaLabs Inc","texture_size":[64,64],"textures":{"0":"manalabs:crates/terraria/vortex_helmet","particle":"manalabs:crates/terraria/vortex_helmet"},"elements":[{"from":[2.49,-0.76,2.74],"to":[13.51,2.26,12.26],"rotation":{"angle":-22.5,"axis":"x","origin":[7.5,1.25,7.75]},"faces":{"north":{"uv":[7,6.25,9.75,7],"texture":"#0"},"east":{"uv":[7.25,2.75,9.625,3.5],"texture":"#0"},"south":{"uv":[7,7,9.75,7.75],"texture":"#0"},"west":{"uv":[0.75,7.75,3.125,8.5],"texture":"#0"},"up":{"uv":[2.75,2.375,0,0],"texture":"#0"},"down":{"uv":[2.75,2.5,0,4.875],"texture":"#0"}}},{"from":[3.5,0.15,3.75],"to":[12.5,8.65,11.75],"rotation":{"angle":0,"axis":"y","origin":[7.5,3.65,7.25]},"faces":{"north":{"uv":[2.75,0,5,2.125],"texture":"#0"},"east":{"uv":[7,6.25,5,8.375],"texture":"#0"},"south":{"uv":[2.75,2.25,5,4.375],"texture":"#0"},"west":{"uv":[5,6.25,7,8.375],"texture":"#0"},"up":{"uv":[5,6.5,2.75,4.5],"texture":"#0"},"down":{"uv":[2.25,5,0,7],"texture":"#0"}}},{"from":[3.5,1.5,10.75],"to":[12.5,9.5,12.75],"rotation":{"angle":0,"axis":"y","origin":[8.5,8,11.75]},"faces":{"north":{"uv":[5,0,7.25,2],"texture":"#0"},"east":{"uv":[2.25,5,2.75,7],"texture":"#0"},"south":{"uv":[5,2,7.25,4],"texture":"#0"},"west":{"uv":[8,0,8.5,2],"texture":"#0"},"up":{"uv":[9.5,4,7.25,3.5],"texture":"#0"},"down":{"uv":[9.25,7.75,7,8.25],"texture":"#0"}}},{"from":[2.5,1,9.75],"to":[3.5,12,12.75],"rotation":{"angle":22.5,"axis":"x","origin":[7.5,6.5,11.75]},"faces":{"north":{"uv":[4.75,6.5,5,9.25],"texture":"#0"},"east":{"uv":[4.75,6.5,4,9.25],"texture":"#0"},"south":{"uv":[7,8.25,7.25,11],"texture":"#0"},"west":{"uv":[4,6.5,4.75,9.25],"texture":"#0"},"up":{"uv":[2,9.25,1.75,8.5],"texture":"#0"},"down":{"uv":[2.25,8.5,2,9.25],"texture":"#0"}}},{"from":[12.5,1,9.75],"to":[13.5,12,12.75],"rotation":{"angle":22.5,"axis":"x","origin":[8.5,6.5,11.75]},"faces":{"north":{"uv":[5,6.5,4.75,9.25],"texture":"#0"},"east":{"uv":[4.75,6.5,4,9.25],"texture":"#0"},"south":{"uv":[7.25,8.25,7,11],"texture":"#0"},"west":{"uv":[4,6.5,4.75,9.25],"texture":"#0"},"up":{"uv":[1.75,9.25,2,8.5],"texture":"#0"},"down":{"uv":[2,8.5,2.25,9.25],"texture":"#0"}}},{"from":[1.5,0.25,10],"to":[14.5,3.25,13],"rotation":{"angle":45,"axis":"x","origin":[8.5,1.75,11.5]},"faces":{"north":{"uv":[0,7,3.25,7.75],"texture":"#0"},"east":{"uv":[8,2,8.75,2.75],"texture":"#0"},"south":{"uv":[7,4,10.25,4.75],"texture":"#0"},"west":{"uv":[7.75,8.25,8.5,9],"texture":"#0"},"up":{"uv":[10.25,5.5,7,4.75],"texture":"#0"},"down":{"uv":[10.25,5.5,7,6.25],"texture":"#0"}}}],"gui_light":"front","display":{"thirdperson_righthand":{"rotation":[66,17,0],"translation":[-1,1.75,2.75],"scale":[0.5,0.5,0.5]},"thirdperson_lefthand":{"rotation":[66,17,0],"translation":[-1,1.75,2.75],"scale":[0.5,0.5,0.5]},"firstperson_righthand":{"rotation":[0,108,0],"translation":[2.25,3.75,0],"scale":[0.35,0.35,0.35]},"firstperson_lefthand":{"rotation":[0,108,0],"translation":[2.25,3.75,0],"scale":[0.35,0.35,0.35]},"ground":{"translation":[0,6.5,0],"scale":[0.8,0.8,0.8]},"gui":{"rotation":[15,-140,0],"translation":[0.25,2.5,0],"scale":[0.8,0.8,0.8]},"head":{"translation":[0,6.25,-0.25],"scale":[1.65,1.65,1.65]},"fixed":{"translation":[0,4.25,-3.5]}},"groups":[{"name":"root","origin":[8,8,8],"color":0,"children":[0,1,2,3,4,5]}]}