{"display":{"thirdperson_righthand":{"translation":[0,0.5,1.5],"scale":[0.5,0.5,0.5]},"thirdperson_lefthand":{"translation":[0,0.5,1.5],"scale":[0.5,0.5,0.5]},"firstperson_righthand":{"rotation":[-9,0,11],"translation":[1,3,0],"scale":[0.4,0.4,0.4]},"firstperson_lefthand":{"rotation":[-9,0,11],"translation":[1,3,0],"scale":[0.4,0.4,0.4]},"ground":{"translation":[0,3,0],"scale":[0.25,0.25,0.25]},"gui":{"rotation":[30,225,0],"translation":[0,-0.5,0],"scale":[0.42,0.42,0.42]},"head":{"rotation":[0,180,0],"translation":[0,13,7]},"fixed":{"rotation":[0,90,0],"translation":[0,0,-0.25],"scale":[0.4,0.4,0.4]}},"texture_size":[64,64],"textures":{"0":"gear/pickaxe/legendary_pickaxe","particle":"gear/pickaxe/legendary_pickaxe"},"elements":[{"from":[7,-7,7],"to":[9,13,9],"rotation":{"angle":-45,"axis":"y","origin":[8,0,8]},"faces":{"north":{"uv":[3.25,0,3.75,5],"texture":"#0"},"east":{"uv":[3.75,0,4.25,5],"texture":"#0"},"south":{"uv":[2.25,4,2.75,9],"texture":"#0"},"west":{"uv":[2.75,4,3.25,9],"texture":"#0"},"up":{"uv":[7.5,4.75,7,4.25],"texture":"#0"},"down":{"uv":[7.5,5.5,7,6],"texture":"#0"}}},{"from":[6.5,12,6.5],"to":[9.5,28,9.5],"rotation":{"angle":-45,"axis":"y","origin":[8,0,8]},"faces":{"north":{"uv":[2.5,0,3.25,4],"texture":"#0"},"east":{"uv":[0,2.75,0.75,6.75],"texture":"#0"},"south":{"uv":[0.75,2.75,1.5,6.75],"texture":"#0"},"west":{"uv":[1.5,2.75,2.25,6.75],"texture":"#0"},"up":{"uv":[7,3.5,6.25,2.75],"texture":"#0"},"down":{"uv":[4.5,6.25,3.75,7],"texture":"#0"}}},{"from":[6.5,-10,6.5],"to":[9.5,-7,9.5],"faces":{"north":{"uv":[4.5,6.25,5.25,7],"texture":"#0"},"east":{"uv":[6.5,0,7.25,0.75],"texture":"#0"},"south":{"uv":[6.5,0.75,7.25,1.5],"texture":"#0"},"west":{"uv":[5.25,6.5,6,7.25],"texture":"#0"},"up":{"uv":[6.75,7.25,6,6.5],"texture":"#0"},"down":{"uv":[0.75,6.75,0,7.5],"texture":"#0"}}},{"from":[5.5,21,5.5],"to":[10.5,26,10.5],"rotation":{"angle":45,"axis":"x","origin":[8,23.5,8]},"faces":{"north":{"uv":[4.25,0,5.5,1.25],"texture":"#0"},"east":{"uv":[4.25,1.25,5.5,2.5],"texture":"#0"},"south":{"uv":[4.25,2.5,5.5,3.75],"texture":"#0"},"west":{"uv":[4.25,3.75,5.5,5],"texture":"#0"},"up":{"uv":[4.5,6.25,3.25,5],"texture":"#0"},"down":{"uv":[5.75,5,4.5,6.25],"texture":"#0"}}},{"from":[6.5,22.25,2.5],"to":[9.5,25.25,6.5],"rotation":{"angle":0,"axis":"y","origin":[8,23.5,6]},"faces":{"north":{"uv":[0.75,6.75,1.5,7.5],"texture":"#0"},"east":{"uv":[5.5,0,6.5,0.75],"texture":"#0"},"south":{"uv":[1.5,6.75,2.25,7.5],"texture":"#0"},"west":{"uv":[5.5,0.75,6.5,1.5],"texture":"#0"},"up":{"uv":[6.25,2.5,5.5,1.5],"texture":"#0"},"down":{"uv":[6.25,2.5,5.5,3.5],"texture":"#0"}}},{"from":[6.5,22.25,9.5],"to":[9.5,25.25,13.5],"rotation":{"angle":0,"axis":"y","origin":[8,23.5,10]},"faces":{"north":{"uv":[2.25,6.75,1.5,7.5],"texture":"#0"},"east":{"uv":[6.5,0,5.5,0.75],"texture":"#0"},"south":{"uv":[1.5,6.75,0.75,7.5],"texture":"#0"},"west":{"uv":[6.5,0.75,5.5,1.5],"texture":"#0"},"up":{"uv":[6.25,1.5,5.5,2.5],"texture":"#0"},"down":{"uv":[6.25,3.5,5.5,2.5],"texture":"#0"}}},{"from":[6.8,24.0226,-1.29673],"to":[9.2,26.4226,3.10327],"rotation":{"angle":-22.5,"axis":"x","origin":[8,24.9726,6.40327]},"faces":{"north":{"uv":[7,6,7.5,6.5],"texture":"#0"},"east":{"uv":[6.75,1.5,7.75,2],"texture":"#0"},"south":{"uv":[7.25,0,7.75,0.5],"texture":"#0"},"west":{"uv":[6.75,2,7.75,2.5],"texture":"#0"},"up":{"uv":[7.25,7.5,6.75,6.5],"texture":"#0"},"down":{"uv":[7.5,2.5,7,3.5],"texture":"#0"}}},{"from":[6.8,24.0226,12.89673],"to":[9.2,26.4226,17.29673],"rotation":{"angle":22.5,"axis":"x","origin":[8,24.9726,9.59673]},"faces":{"north":{"uv":[7.75,0,7.25,0.5],"texture":"#0"},"east":{"uv":[7.75,1.5,6.75,2],"texture":"#0"},"south":{"uv":[7.5,6,7,6.5],"texture":"#0"},"west":{"uv":[7.75,2,6.75,2.5],"texture":"#0"},"up":{"uv":[7.25,6.5,6.75,7.5],"texture":"#0"},"down":{"uv":[7.5,3.5,7,2.5],"texture":"#0"}}},{"from":[7,27.45925,-7.3712],"to":[9,29.45925,-2.3712],"rotation":{"angle":-45,"axis":"x","origin":[8,28.20925,5.6288]},"faces":{"north":{"uv":[7.25,0.5,7.75,1],"texture":"#0"},"east":{"uv":[5.75,5.5,7,6],"texture":"#0"},"south":{"uv":[7.25,1,7.75,1.5],"texture":"#0"},"west":{"uv":[5.75,6,7,6.5],"texture":"#0"},"up":{"uv":[6.75,2.75,6.25,1.5],"texture":"#0"},"down":{"uv":[3.75,6.25,3.25,7.5],"texture":"#0"}}},{"from":[7,27.45925,18.3712],"to":[9,29.45925,23.3712],"rotation":{"angle":45,"axis":"x","origin":[8,28.20925,10.3712]},"faces":{"north":{"uv":[7.75,1,7.25,1.5],"texture":"#0"},"east":{"uv":[7,5.5,5.75,6],"texture":"#0"},"south":{"uv":[7.75,0.5,7.25,1],"texture":"#0"},"west":{"uv":[7,6,5.75,6.5],"texture":"#0"},"up":{"uv":[6.75,1.5,6.25,2.75],"texture":"#0"},"down":{"uv":[3.75,7.5,3.25,6.25],"texture":"#0"}}},{"from":[2,15,7.5],"to":[8,17,8.5],"rotation":{"angle":-45,"axis":"z","origin":[6,16,8.5]},"faces":{"north":{"uv":[5.5,3.5,7,4],"texture":"#0"},"east":{"uv":[2.25,2.75,2.5,3.25],"texture":"#0"},"south":{"uv":[5.5,4,7,4.5],"texture":"#0"},"west":{"uv":[2.25,3.25,2.5,3.75],"texture":"#0"},"up":{"uv":[8.5,3.75,7,3.5],"texture":"#0"},"down":{"uv":[5.25,7,3.75,7.25],"texture":"#0"}}},{"from":[2.46447,7.12132,8],"to":[7.46447,18.12132,8],"rotation":{"angle":0,"axis":"y","origin":[6.46447,18.12132,7.5]},"faces":{"north":{"uv":[2.5,0,1.25,2.75],"texture":"#0"},"east":{"uv":[0,0,0,2.75],"texture":"#0"},"south":{"uv":[1.25,0,2.5,2.75],"texture":"#0"},"west":{"uv":[0,0,0,2.75],"texture":"#0"},"up":{"uv":[1.25,0,0,0],"texture":"#0"},"down":{"uv":[1.25,0,0,0],"texture":"#0"}}},{"from":[8.53553,7.12132,8],"to":[13.53553,18.12132,8],"rotation":{"angle":0,"axis":"y","origin":[9.53553,18.12132,7.5]},"faces":{"north":{"uv":[1.25,0,2.5,2.75],"texture":"#0"},"east":{"uv":[0,0,0,2.75],"texture":"#0"},"south":{"uv":[2.5,0,1.25,2.75],"texture":"#0"},"west":{"uv":[0,0,0,2.75],"texture":"#0"},"up":{"uv":[0,0,1.25,0],"texture":"#0"},"down":{"uv":[0,0,1.25,0],"texture":"#0"}}},{"from":[8,15,7.5],"to":[14,17,8.5],"rotation":{"angle":45,"axis":"z","origin":[10,16,8.5]},"faces":{"north":{"uv":[5.5,4.5,7,5],"texture":"#0"},"east":{"uv":[3.75,7.25,4,7.75],"texture":"#0"},"south":{"uv":[5.75,5,7.25,5.5],"texture":"#0"},"west":{"uv":[4,7.25,4.25,7.75],"texture":"#0"},"up":{"uv":[8.5,4,7,3.75],"texture":"#0"},"down":{"uv":[8.5,4,7,4.25],"texture":"#0"}}}]}