{"textures":{"0":"modelengine:custom/karen_the_computer","particle":"modelengine:custom/karen_the_computer"},"elements":[{"from":[8.0,6.5,6.5],"to":[9.0,9.5,9.5],"faces":{"east":{"uv":[9.0,5.375,9.375,5.75],"tintindex":0,"rotation":0,"texture":"#0"},"south":{"uv":[9.375,9.375,9.5,9.75],"tintindex":0,"rotation":0,"texture":"#0"},"north":{"uv":[9.375,8.875,9.5,9.25],"tintindex":0,"rotation":0,"texture":"#0"},"west":{"uv":[9.0,5.875,9.375,6.25],"tintindex":0,"rotation":0,"texture":"#0"},"up":{"uv":[9.625,1.25,9.5,0.875],"tintindex":0,"rotation":0,"texture":"#0"},"down":{"uv":[9.625,1.375,9.5,1.75],"tintindex":0,"rotation":0,"texture":"#0"}}}],"display":{"gui":{"rotation":[30,225,0]}}}