{"textures":{"0":"modelengine:custom/franklin_golem","particle":"modelengine:custom/franklin_golem"},"elements":[{"from":[3.0,6.5,4.5],"to":[13.0,12.5,11.5],"faces":{"east":{"uv":[0.0,9.5,0.75,10.125],"tintindex":0,"rotation":0,"texture":"#0"},"south":{"uv":[2.625,9.5,3.75,10.125],"tintindex":0,"rotation":0,"texture":"#0"},"north":{"uv":[0.75,9.5,1.875,10.125],"tintindex":0,"rotation":0,"texture":"#0"},"west":{"uv":[1.875,9.5,2.625,10.125],"tintindex":0,"rotation":0,"texture":"#0"},"up":{"uv":[1.875,9.5,0.75,8.75],"tintindex":0,"rotation":0,"texture":"#0"},"down":{"uv":[3.0,8.75,1.875,9.5],"tintindex":0,"rotation":0,"texture":"#0"}}},{"from":[-1.0,12.0,2.0],"to":[17.0,24.0,13.0],"faces":{"east":{"uv":[0.0,6.375,1.375,7.875],"tintindex":0,"rotation":0,"texture":"#0"},"south":{"uv":[5.0,6.375,7.25,7.875],"tintindex":0,"rotation":0,"texture":"#0"},"north":{"uv":[1.375,6.375,3.625,7.875],"tintindex":0,"rotation":0,"texture":"#0"},"west":{"uv":[3.625,6.375,5.0,7.875],"tintindex":0,"rotation":0,"texture":"#0"},"up":{"uv":[3.625,6.375,1.375,5.0],"tintindex":0,"rotation":0,"texture":"#0"},"down":{"uv":[5.875,5.0,3.625,6.375],"tintindex":0,"rotation":0,"texture":"#0"}}}],"display":{"gui":{"rotation":[30,225,0]}}}