{"file_name":"back_lowerarm_left","texture_size":[256,256],"textures":{"layer0":"manamodels/dragon"},"elements":[{"name":"back_lowerarm_left_0","from":[6.8,1.3999997,5.6],"to":[9.2,8.0,8.0],"rotation":{"angle":0.0,"axis":"z","origin":[8.0,8.0,8.0]},"faces":{"east":{"uv":[0.75,10.25,0.5,10.9375],"texture":"#layer0","tintindex":0},"south":{"uv":[0.5,10.25,0.25,10.9375],"texture":"#layer0","tintindex":0},"north":{"uv":[5.25,10.1875,5.0,10.875],"texture":"#layer0","tintindex":0},"west":{"uv":[0.25,10.25,0.0,10.9375],"texture":"#layer0","tintindex":0},"up":{"uv":[10.1875,8.6875,10.4375,8.4375],"texture":"#layer0","tintindex":0},"down":{"uv":[10.625,3.375,10.375,3.625],"texture":"#layer0","tintindex":0}}}],"display":{"head":{"translation":[0.0,-6.4,0.0],"rotation":[0.0,0.0,0.0],"scale":[3.8095,3.8095,3.8095]},"gui":{"translation":[0.0,0.0,0.0],"rotation":[35.0,225.0,0.0],"scale":[0.625,0.625,0.625]}}}