{"file_name":"hornbase_left","texture_size":[256,256],"textures":{"layer0":"manamodels/dragon"},"elements":[{"name":"hornbase_left_0","from":[7.1,8.0,3.1999998],"to":[8.9,9.8,8.0],"rotation":{"angle":0.0,"axis":"z","origin":[8.0,8.0,8.0]},"faces":{"east":{"uv":[2.75,11.0,2.25,11.1875],"texture":"#layer0","tintindex":0},"south":{"uv":[10.8125,9.6875,10.625,9.875],"texture":"#layer0","tintindex":0},"north":{"uv":[10.8125,6.375,10.625,6.5625],"texture":"#layer0","tintindex":0},"west":{"uv":[1.4375,11.0,0.9375,11.1875],"texture":"#layer0","tintindex":0},"up":{"uv":[5.0,11.375,5.1875,10.875],"texture":"#layer0","tintindex":0},"down":{"uv":[8.0625,10.875,7.875,11.375],"texture":"#layer0","tintindex":0}}}],"display":{"head":{"translation":[0.0,-6.4,0.0],"rotation":[0.0,0.0,0.0],"scale":[3.8095,3.8095,3.8095]},"gui":{"translation":[0.0,0.0,0.0],"rotation":[35.0,225.0,0.0],"scale":[0.625,0.625,0.625]}}}