{"file_name":"upperarm_left","texture_size":[256,256],"textures":{"layer0":"manamodels/dragon"},"elements":[{"name":"upperarm_left_0","from":[5.6,1.3999997,5.6],"to":[9.2,11.0,10.4],"rotation":{"angle":0.0,"axis":"z","origin":[8.0,8.0,8.0]},"faces":{"east":{"uv":[2.0,8.875,1.5,9.875],"texture":"#layer0","tintindex":0},"south":{"uv":[2.375,9.5,2.0,10.5],"texture":"#layer0","tintindex":0},"north":{"uv":[9.5,9.125,9.125,10.125],"texture":"#layer0","tintindex":0},"west":{"uv":[6.0,8.8125,5.5,9.8125],"texture":"#layer0","tintindex":0},"up":{"uv":[4.25,10.6875,4.625,10.1875],"texture":"#layer0","tintindex":0},"down":{"uv":[5.0,10.1875,4.625,10.6875],"texture":"#layer0","tintindex":0}}}],"display":{"head":{"translation":[0.0,-6.4,0.0],"rotation":[0.0,0.0,0.0],"scale":[3.8095,3.8095,3.8095]},"gui":{"translation":[0.0,0.0,0.0],"rotation":[35.0,225.0,0.0],"scale":[0.625,0.625,0.625]}}}