{"file_name":"wingtop1_left","texture_size":[256,256],"textures":{"layer0":"manamodels/dragon"},"elements":[{"name":"wingtop1_left_0","from":[-8.806001,4.994,6.4939995],"to":[8.0060005,8.0060005,9.5060005],"rotation":{"angle":0.0,"axis":"z","origin":[8.0,8.0,8.0]},"faces":{"east":{"uv":[11.1875,6.9375,10.875,7.25],"texture":"#layer0","tintindex":0},"south":{"uv":[9.875,3.0625,8.125,3.375],"texture":"#layer0","tintindex":0},"north":{"uv":[9.875,2.75,8.125,3.0625],"texture":"#layer0","tintindex":0},"west":{"uv":[11.1875,6.625,10.875,6.9375],"texture":"#layer0","tintindex":0},"up":{"uv":[8.125,3.6875,9.875,3.375],"texture":"#layer0","tintindex":0},"down":{"uv":[10.125,3.6875,8.375,4.0],"texture":"#layer0","tintindex":0}}}],"display":{"head":{"translation":[0.0,-6.4,0.0],"rotation":[0.0,0.0,0.0],"scale":[3.8095,3.8095,3.8095]},"gui":{"translation":[0.0,0.0,0.0],"rotation":[35.0,225.0,0.0],"scale":[0.625,0.625,0.625]}}}