{"file_name":"lower_leg_right","texture_size":[128,128],"textures":{"layer0":"manamodels/yetipet"},"elements":[{"name":"lower_leg_right_0","from":[6.84512,5.11712,6.8451195],"to":[9.154881,8.00288,9.154881],"rotation":{"angle":0.0,"axis":"z","origin":[8.0,8.0,8.0]},"faces":{"east":{"uv":[8.75,11.0,9.75,12.25],"texture":"#layer0","tintindex":0},"south":{"uv":[4.5,10.625,5.5,11.875],"texture":"#layer0","tintindex":0},"north":{"uv":[7.75,10.75,8.75,12.0],"texture":"#layer0","tintindex":0},"west":{"uv":[6.75,10.75,7.75,12.0],"texture":"#layer0","tintindex":0},"up":{"uv":[11.75,2.0,12.75,3.0],"texture":"#layer0","tintindex":0},"down":{"uv":[12.75,11.5,11.75,10.5],"texture":"#layer0","tintindex":0}}},{"name":"lower_leg_right_1","from":[6.8479996,4.256,4.5439997],"to":[9.152,5.12,9.152],"rotation":{"angle":0.0,"axis":"z","origin":[8.0,8.0,8.0]},"faces":{"east":{"uv":[2.0,11.875,4.0,12.25],"texture":"#layer0","tintindex":0},"south":{"uv":[3.5,5.5,4.5,5.875],"texture":"#layer0","tintindex":0},"north":{"uv":[4.0,11.875,5.0,12.25],"texture":"#layer0","tintindex":0},"west":{"uv":[2.25,1.75,4.25,2.125],"texture":"#layer0","tintindex":0},"up":{"uv":[6.0,8.0,7.0,10.0],"texture":"#layer0","tintindex":0},"down":{"uv":[9.25,4.875,8.25,2.875],"texture":"#layer0","tintindex":0}}}],"display":{"head":{"translation":[0.0,-6.4,0.0],"rotation":[0.0,0.0,0.0],"scale":[3.8095,3.8095,3.8095]},"gui":{"translation":[0.0,0.0,0.0],"rotation":[35.0,225.0,0.0],"scale":[0.625,0.625,0.625]}}}