{"file_name":"lower_leg_left","texture_size":[128,128],"textures":{"layer0":"manamodels/yetipet"},"elements":[{"name":"lower_leg_left_0","from":[6.8451195,5.11712,6.8451195],"to":[9.154881,8.00288,9.154881],"rotation":{"angle":0.0,"axis":"z","origin":[8.0,8.0,8.0]},"faces":{"east":{"uv":[7.75,10.75,6.75,12.0],"texture":"#layer0","tintindex":0},"south":{"uv":[5.5,10.625,4.5,11.875],"texture":"#layer0","tintindex":0},"north":{"uv":[8.75,10.75,7.75,12.0],"texture":"#layer0","tintindex":0},"west":{"uv":[9.75,11.0,8.75,12.25],"texture":"#layer0","tintindex":0},"up":{"uv":[12.75,2.0,11.75,3.0],"texture":"#layer0","tintindex":0},"down":{"uv":[11.75,11.5,12.75,10.5],"texture":"#layer0","tintindex":0}}},{"name":"lower_leg_left_1","from":[6.8479996,4.256,4.5439997],"to":[9.152,5.12,9.152],"rotation":{"angle":0.0,"axis":"z","origin":[8.0,8.0,8.0]},"faces":{"east":{"uv":[4.25,1.75,2.25,2.125],"texture":"#layer0","tintindex":0},"south":{"uv":[4.5,5.5,3.5,5.875],"texture":"#layer0","tintindex":0},"north":{"uv":[5.0,11.875,4.0,12.25],"texture":"#layer0","tintindex":0},"west":{"uv":[4.0,11.875,2.0,12.25],"texture":"#layer0","tintindex":0},"up":{"uv":[7.0,8.0,6.0,10.0],"texture":"#layer0","tintindex":0},"down":{"uv":[8.25,4.875,9.25,2.875],"texture":"#layer0","tintindex":0}}}],"display":{"head":{"translation":[0.0,-6.4,0.0],"rotation":[0.0,0.0,0.0],"scale":[3.8095,3.8095,3.8095]},"gui":{"translation":[0.0,0.0,0.0],"rotation":[35.0,225.0,0.0],"scale":[0.625,0.625,0.625]}}}