{"credit":"Copyright ManaLabs Inc","texture_size":[64,64],"textures":{"0":"manalabs:crates/pirate/jar_of_dirt","particle":"manalabs:crates/pirate/jar_of_dirt"},"elements":[{"from":[4,0,4],"to":[12,13,12],"rotation":{"angle":0,"axis":"y","origin":[7,0,7]},"faces":{"north":{"uv":[0,0,2,3.25],"texture":"#0"},"east":{"uv":[0,3.25,2,6.5],"texture":"#0"},"south":{"uv":[0,3.25,2,6.5],"texture":"#0"},"west":{"uv":[0,3.25,2,6.5],"texture":"#0"},"up":{"uv":[7.75,4.75,5.75,2.75],"texture":"#0"},"down":{"uv":[7.75,4.75,5.75,6.75],"texture":"#0"}}},{"from":[4.5,1,4.5],"to":[11.5,9,11.5],"rotation":{"angle":0,"axis":"y","origin":[-0.5,0,6.5]},"faces":{"north":{"uv":[4,5.5,5.75,7.5],"texture":"#0"},"east":{"uv":[4,5.5,5.75,7.5],"texture":"#0"},"south":{"uv":[4,5.5,5.75,7.5],"texture":"#0"},"west":{"uv":[4,5.5,5.75,7.5],"texture":"#0"},"up":{"uv":[1.75,8.25,0,6.5],"texture":"#0"},"down":{"uv":[3.5,6.5,1.75,8.25],"texture":"#0"}}},{"from":[5.5,13,5.5],"to":[10.5,16,10.5],"rotation":{"angle":0,"axis":"y","origin":[6.5,0,7.5]},"faces":{"north":{"uv":[7.75,2.5,9,3.25],"texture":"#0"},"east":{"uv":[7.75,2.5,9,3.25],"texture":"#0"},"south":{"uv":[7.75,4,9,4.75],"texture":"#0"},"west":{"uv":[7.75,2.5,9,3.25],"texture":"#0"},"up":{"uv":[10.125,1.25,8.875,0],"texture":"#0"},"down":{"uv":[10,1.25,8.75,2.5],"texture":"#0"}}},{"from":[5.4,12.9,5.4],"to":[10.6,14.1,10.6],"rotation":{"angle":0,"axis":"y","origin":[6.5,0,7.5]},"faces":{"north":{"uv":[11.25,9.625,12.5,9.875],"texture":"#0"},"east":{"uv":[11.25,9.625,12.5,9.875],"texture":"#0"},"south":{"uv":[11.25,11.125,12.5,11.375],"texture":"#0"},"west":{"uv":[11.25,9.625,12.5,9.875],"texture":"#0"},"up":{"uv":[12.25,8.375,11,7.125],"texture":"#0"},"down":{"uv":[12.25,8.375,11,9.625],"texture":"#0"}}},{"from":[5,16,5],"to":[11,17,11],"rotation":{"angle":0,"axis":"y","origin":[7,0,8]},"faces":{"north":{"uv":[7.75,5.5,9.25,5.75],"texture":"#0"},"east":{"uv":[7.75,5.75,9.25,6],"texture":"#0"},"south":{"uv":[7.75,6,9.25,6.25],"texture":"#0"},"west":{"uv":[7.75,5.5,9.25,5.75],"texture":"#0"},"up":{"uv":[7.25,8.25,5.75,6.75],"texture":"#0"},"down":{"uv":[8.75,6.75,7.25,8.25],"texture":"#0"}}},{"name":"cube inverted","from":[12,13,12],"to":[4,0,4],"rotation":{"angle":0,"axis":"y","origin":[7,0,7]},"faces":{"north":{"uv":[0,6.5,2,3.25],"texture":"#0"},"east":{"uv":[0,6.5,2,3.25],"texture":"#0"},"south":{"uv":[0,3.25,2,0],"texture":"#0"},"west":{"uv":[0,6.5,2,3.25],"texture":"#0"},"up":{"uv":[5.75,4.75,7.75,6.75],"texture":"#0"},"down":{"uv":[5.75,4.75,7.75,2.75],"texture":"#0"}}},{"name":"cube inverted","from":[10.5,16,10.5],"to":[5.5,13,5.5],"rotation":{"angle":0,"axis":"y","origin":[6.5,0,7.5]},"faces":{"north":{"uv":[7.75,4.75,9,4],"texture":"#0"},"east":{"uv":[7.75,3.25,9,2.5],"texture":"#0"},"south":{"uv":[7.75,3.25,9,2.5],"texture":"#0"},"west":{"uv":[7.75,3.25,9,2.5],"texture":"#0"},"up":{"uv":[8.75,1.125,10,2.375],"texture":"#0"},"down":{"uv":[8.75,1.25,10,0],"texture":"#0"}}},{"name":"cube inverted","from":[10.6,14.1,10.6],"to":[5.4,12.9,5.4],"rotation":{"angle":0,"axis":"y","origin":[6.5,0,7.5]},"faces":{"north":{"uv":[11.25,11.375,12.5,11.125],"texture":"#0"},"east":{"uv":[11.25,9.875,12.5,9.625],"texture":"#0"},"south":{"uv":[11.25,9.875,12.5,9.625],"texture":"#0"},"west":{"uv":[11.25,9.875,12.5,9.625],"texture":"#0"},"up":{"uv":[11,8.375,12.25,9.625],"texture":"#0"},"down":{"uv":[11,8.375,12.25,7.125],"texture":"#0"}}}],"display":{"thirdperson_righthand":{"rotation":[75,45,0],"translation":[0,2.5,0],"scale":[0.8,0.8,0.8]},"thirdperson_lefthand":{"rotation":[75,45,0],"translation":[0,2.5,0],"scale":[0.8,0.8,0.8]},"firstperson_righthand":{"rotation":[0,45,0],"translation":[2,3.25,0],"scale":[0.6,0.6,0.6]},"firstperson_lefthand":{"rotation":[0,45,0],"translation":[2,3.25,0],"scale":[0.6,0.6,0.6]},"ground":{"translation":[0,5.75,0],"scale":[0.7,0.7,0.7]},"gui":{"rotation":[13,22.5,0],"scale":[0.725,0.725,0.725]},"head":{"translation":[0,-30.25,0],"scale":[1.6,1.6,1.6]},"fixed":{"translation":[0,-0.5,0],"scale":[0.9,0.9,0.9]}},"groups":[{"name":"root","origin":[8,8,8],"color":0,"children":[0,1,2,3,4,5,6,7]}]}