{"credit":"Copyright ManaLabs Inc","textures":{"0":"manalabs:crates/scifi/spok_ears","particle":"manalabs:crates/scifi/spok_ears"},"elements":[{"from":[11.25,2,6],"to":[12.25,6,9],"rotation":{"angle":45,"axis":"y","origin":[12.5,5,6.5]},"faces":{"north":{"uv":[6,6,7,10],"texture":"#0"},"east":{"uv":[0,6,3,10],"texture":"#0"},"south":{"uv":[7,6,8,10],"texture":"#0"},"west":{"uv":[3,6,6,10],"texture":"#0"},"up":{"uv":[9,9,8,6],"texture":"#0"},"down":{"uv":[10,6,9,9],"texture":"#0"}}},{"from":[11.75,3,6],"to":[11.75,9,11],"rotation":{"angle":45,"axis":"y","origin":[12.5,5,6.5]},"faces":{"north":{"uv":[0,0,0,6],"texture":"#0"},"east":{"uv":[0,0,5,6],"texture":"#0"},"south":{"uv":[0,0,0,6],"texture":"#0"},"west":{"uv":[5,0,0,6],"texture":"#0"},"up":{"uv":[0,5,0,0],"texture":"#0"},"down":{"uv":[0,0,0,5],"texture":"#0"}}},{"from":[4.25,3,6],"to":[4.25,9,11],"rotation":{"angle":-45,"axis":"y","origin":[3.5,5,6.5]},"faces":{"north":{"uv":[0,0,0,6],"texture":"#0"},"east":{"uv":[0,0,5,6],"texture":"#0"},"south":{"uv":[0,0,0,6],"texture":"#0"},"west":{"uv":[5,0,0,6],"texture":"#0"},"up":{"uv":[0,5,0,0],"texture":"#0"},"down":{"uv":[0,0,0,5],"texture":"#0"}}},{"from":[3.75,2,6],"to":[4.75,6,9],"rotation":{"angle":-45,"axis":"y","origin":[3.5,5,6.5]},"faces":{"north":{"uv":[7,6,6,10],"texture":"#0"},"east":{"uv":[6,6,3,10],"texture":"#0"},"south":{"uv":[8,6,7,10],"texture":"#0"},"west":{"uv":[3,6,0,10],"texture":"#0"},"up":{"uv":[8,9,9,6],"texture":"#0"},"down":{"uv":[9,6,10,9],"texture":"#0"}}}],"display":{"thirdperson_righthand":{"rotation":[75,45,0],"translation":[0,2.5,2.5],"scale":[0.375,0.375,0.375]},"thirdperson_lefthand":{"rotation":[75,45,0],"translation":[0,2.5,2.5],"scale":[0.375,0.375,0.375]},"firstperson_righthand":{"rotation":[0,127,0],"translation":[2.25,4,0],"scale":[0.4,0.4,0.4]},"firstperson_lefthand":{"rotation":[0,127,0],"translation":[2.25,4,0],"scale":[0.4,0.4,0.4]},"ground":{"translation":[0,3,0],"scale":[0.7,0.7,0.7]},"gui":{"rotation":[30,-149,0],"translation":[0.5,2.75,0]},"head":{"translation":[0,6.25,1],"scale":[1.7,1.7,1.7]},"fixed":{"translation":[0,4.25,-1.25]}},"groups":[{"name":"root","origin":[8,8,8],"color":0,"children":[0,1,2,3]}]}