{"file_name":"facialfur2","texture_size":[128,128],"textures":{"layer0":"manamodels/yeti"},"elements":[{"name":"facialfur2_0","from":[8.0,5.0,8.0],"to":[12.8,11.0,8.0],"rotation":{"angle":0.0,"axis":"z","origin":[8.0,8.0,8.0]},"faces":{"east":{"uv":[0.0,0.0,0.0,1.25],"texture":"#layer0","tintindex":0},"south":{"uv":[11.0,5.25,12.0,6.5],"texture":"#layer0","tintindex":0},"north":{"uv":[9.75,11.25,10.75,12.5],"texture":"#layer0","tintindex":0},"west":{"uv":[0.0,0.0,0.0,1.25],"texture":"#layer0","tintindex":0},"up":{"uv":[0.0,0.0,1.0,0.0],"texture":"#layer0","tintindex":0},"down":{"uv":[1.0,0.0,0.0,0.0],"texture":"#layer0","tintindex":0}}}],"display":{"head":{"translation":[0.0,-6.4,0.0],"rotation":[0.0,0.0,0.0],"scale":[3.8095,3.8095,3.8095]},"gui":{"translation":[0.0,0.0,0.0],"rotation":[35.0,225.0,0.0],"scale":[0.625,0.625,0.625]}}}