{"file_name":"head","texture_size":[128,128],"textures":{"layer0":"manamodels/yeti"},"elements":[{"name":"head_0","from":[3.7999997,6.8,6.2],"to":[11.0,14.0,12.2],"rotation":{"angle":0.0,"axis":"z","origin":[8.0,8.0,8.0]},"faces":{"east":{"uv":[11.0,5.25,9.75,6.75],"texture":"#layer0","tintindex":0},"south":{"uv":[8.75,7.25,7.25,8.75],"texture":"#layer0","tintindex":0},"north":{"uv":[8.75,5.0,7.25,6.5],"texture":"#layer0","tintindex":0},"west":{"uv":[6.75,10.0,5.5,11.5],"texture":"#layer0","tintindex":0},"up":{"uv":[11.5,10.0,10.0,11.25],"texture":"#layer0","tintindex":0},"down":{"uv":[10.0,1.25,11.5,0.0],"texture":"#layer0","tintindex":0}}},{"name":"head_1","from":[5.0,8.0,3.7999997],"to":[9.8,12.8,8.6],"rotation":{"angle":0.0,"axis":"z","origin":[8.0,8.0,8.0]},"faces":{"east":{"uv":[12.25,3.25,11.25,4.25],"texture":"#layer0","tintindex":0},"south":{"uv":[11.75,11.25,10.75,12.25],"texture":"#layer0","tintindex":0},"north":{"uv":[12.25,4.25,11.25,5.25],"texture":"#layer0","tintindex":0},"west":{"uv":[12.25,6.5,11.25,7.5],"texture":"#layer0","tintindex":0},"up":{"uv":[12.25,7.5,11.25,8.5],"texture":"#layer0","tintindex":0},"down":{"uv":[11.25,9.5,12.25,8.5],"texture":"#layer0","tintindex":0}}}],"display":{"head":{"translation":[0.0,-6.4,0.0],"rotation":[0.0,0.0,0.0],"scale":[3.8095,3.8095,3.8095]},"gui":{"translation":[0.0,0.0,0.0],"rotation":[35.0,225.0,0.0],"scale":[0.625,0.625,0.625]}}}