{"file_name":"topheadfur","texture_size":[128,128],"textures":{"layer0":"manamodels/yeti"},"elements":[{"name":"topheadfur_0","from":[4.3999996,8.0,8.0],"to":[11.6,12.8,8.0],"rotation":{"angle":0.0,"axis":"z","origin":[8.0,8.0,8.0]},"faces":{"east":{"uv":[0.0,0.0,0.0,1.0],"texture":"#layer0","tintindex":0},"south":{"uv":[11.75,1.25,10.25,2.25],"texture":"#layer0","tintindex":0},"north":{"uv":[11.75,2.25,10.25,3.25],"texture":"#layer0","tintindex":0},"west":{"uv":[0.0,0.0,0.0,1.0],"texture":"#layer0","tintindex":0},"up":{"uv":[1.5,0.0,0.0,0.0],"texture":"#layer0","tintindex":0},"down":{"uv":[0.0,0.0,1.5,0.0],"texture":"#layer0","tintindex":0}}}],"display":{"head":{"translation":[0.0,-6.4,0.0],"rotation":[0.0,0.0,0.0],"scale":[3.8095,3.8095,3.8095]},"gui":{"translation":[0.0,0.0,0.0],"rotation":[35.0,225.0,0.0],"scale":[0.625,0.625,0.625]}}}