{"file_name":"upper_arm_right","texture_size":[128,128],"textures":{"layer0":"manamodels/yeti"},"elements":[{"name":"upper_arm_right_0","from":[8.0,1.9999998,5.6],"to":[12.8,11.6,10.4],"rotation":{"angle":0.0,"axis":"z","origin":[8.0,8.0,8.0]},"faces":{"east":{"uv":[8.75,4.875,9.75,6.875],"texture":"#layer0","tintindex":0},"south":{"uv":[1.5,8.5,2.5,10.5],"texture":"#layer0","tintindex":0},"north":{"uv":[8.0,8.75,9.0,10.75],"texture":"#layer0","tintindex":0},"west":{"uv":[7.0,8.75,8.0,10.75],"texture":"#layer0","tintindex":0},"up":{"uv":[11.5,9.5,12.5,10.5],"texture":"#layer0","tintindex":0},"down":{"uv":[2.0,12.75,1.0,11.75],"texture":"#layer0","tintindex":0}}}],"display":{"head":{"translation":[0.0,-6.4,0.0],"rotation":[0.0,0.0,0.0],"scale":[3.8095,3.8095,3.8095]},"gui":{"translation":[0.0,0.0,0.0],"rotation":[35.0,225.0,0.0],"scale":[0.625,0.625,0.625]}}}