{"textures":{"0":"modelengine:custom/plankton","particle":"modelengine:custom/plankton"},"elements":[{"from":[1.0,14.0,7.5],"to":[3.0,15.0,7.5],"faces":{"south":{"uv":[2.5,8.5,3.0,8.75],"tintindex":0,"rotation":0,"texture":"#0"},"north":{"uv":[7.25,8.25,7.75,8.5],"tintindex":0,"rotation":0,"texture":"#0"}},"rotation":{"origin":[5.5,-7.0,8.0],"angle":-22.5,"axis":"z"}},{"from":[1.0,16.0,7.5],"to":[3.0,17.0,7.5],"faces":{"south":{"uv":[4.0,8.5,4.5,8.75],"tintindex":0,"rotation":0,"texture":"#0"},"north":{"uv":[3.25,8.5,3.75,8.75],"tintindex":0,"rotation":0,"texture":"#0"}},"rotation":{"origin":[5.5,-7.0,8.0],"angle":-22.5,"axis":"z"}},{"from":[0.5,10.0,7.5],"to":[3.5,11.0,7.5],"faces":{"south":{"uv":[7.75,4.25,8.5,4.5],"tintindex":0,"rotation":0,"texture":"#0"},"north":{"uv":[7.75,1.0,8.5,1.25],"tintindex":0,"rotation":0,"texture":"#0"}},"rotation":{"origin":[5.5,-7.0,8.0],"angle":-22.5,"axis":"z"}},{"from":[0.5,12.0,7.5],"to":[3.5,13.0,7.5],"faces":{"south":{"uv":[8.0,7.5,8.75,7.75],"tintindex":0,"rotation":0,"texture":"#0"},"north":{"uv":[8.0,7.0,8.75,7.25],"tintindex":0,"rotation":0,"texture":"#0"}},"rotation":{"origin":[5.5,-7.0,8.0],"angle":-22.5,"axis":"z"}},{"from":[1.5,8.0,7.0],"to":[2.5,19.0,8.0],"faces":{"east":{"uv":[1.75,5.5,2.0,8.25],"tintindex":0,"rotation":0,"texture":"#0"},"south":{"uv":[2.25,5.5,2.5,8.25],"tintindex":0,"rotation":0,"texture":"#0"},"north":{"uv":[5.25,2.5,5.5,5.25],"tintindex":0,"rotation":0,"texture":"#0"},"west":{"uv":[2.75,5.5,3.0,8.25],"tintindex":0,"rotation":0,"texture":"#0"},"up":{"uv":[6.25,9.0,6.0,8.75],"tintindex":0,"rotation":0,"texture":"#0"},"down":{"uv":[6.75,8.75,6.5,9.0],"tintindex":0,"rotation":0,"texture":"#0"}},"rotation":{"origin":[5.5,-7.0,8.0],"angle":-22.5,"axis":"z"}}],"display":{"gui":{"rotation":[30,225,0]}}}