{"file_name":"foot3_left","texture_size":[128,128],"textures":{"layer0":"manamodels/sahuaginpet"},"elements":[{"name":"foot3_left_0","from":[6.7063274,7.886156,6.4698553],"to":[8.709427,8.10872,7.582688],"rotation":{"angle":0.0,"axis":"z","origin":[8.0,8.0,8.0]},"faces":{"east":{"uv":[7.625,4.875,7.0,5.0],"texture":"#layer0","tintindex":0},"south":{"uv":[12.75,3.125,11.625,3.25],"texture":"#layer0","tintindex":0},"north":{"uv":[12.75,0.5,11.625,0.625],"texture":"#layer0","tintindex":0},"west":{"uv":[7.625,4.75,7.0,4.875],"texture":"#layer0","tintindex":0},"up":{"uv":[10.5,0.625,11.625,0.0],"texture":"#layer0","tintindex":0},"down":{"uv":[11.625,2.625,10.5,3.25],"texture":"#layer0","tintindex":0}}}],"display":{"head":{"translation":[0.0,-6.4,0.0],"rotation":[0.0,0.0,0.0],"scale":[3.8095,3.8095,3.8095]},"gui":{"translation":[0.0,0.0,0.0],"rotation":[35.0,225.0,0.0],"scale":[0.625,0.625,0.625]}}}