{"file_name":"jaw","texture_size":[128,128],"textures":{"layer0":"manamodels/sahuaginpet"},"elements":[{"name":"jaw_0","from":[7.1097374,7.5801325,7.1097317],"to":[8.890268,8.025267,8.890263],"rotation":{"angle":-45.0,"axis":"y","origin":[8.0,7.580133,8.0]},"faces":{"east":{"uv":[6.0,4.75,7.0,5.0],"texture":"#layer0","tintindex":0},"south":{"uv":[7.75,2.5,8.75,2.75],"texture":"#layer0","tintindex":0},"north":{"uv":[5.0,4.75,6.0,5.0],"texture":"#layer0","tintindex":0},"west":{"uv":[10.0,9.75,11.0,10.0],"texture":"#layer0","tintindex":0},"up":{"uv":[5.5,10.75,4.5,9.75],"texture":"#layer0","tintindex":0},"down":{"uv":[5.5,9.75,6.5,10.75],"texture":"#layer0","tintindex":0}}},{"name":"jaw_1","from":[7.1119585,8.027487,7.1119585],"to":[8.888042,8.468168,8.888042],"rotation":{"angle":-45.0,"axis":"y","origin":[8.0,8.02526,8.0]},"faces":{"east":{"uv":[11.625,4.75,12.625,5.0],"texture":"#layer0","tintindex":0},"south":{"uv":[11.625,5.0,12.625,5.25],"texture":"#layer0","tintindex":0},"north":{"uv":[11.625,2.875,12.625,3.125],"texture":"#layer0","tintindex":0},"west":{"uv":[11.625,8.25,12.625,8.5],"texture":"#layer0","tintindex":0},"up":{"uv":[11.0,11.0,10.0,10.0],"texture":"#layer0","tintindex":0},"down":{"uv":[10.0,3.75,11.0,4.75],"texture":"#layer0","tintindex":0}}},{"name":"jaw_2","from":[7.1097374,7.1349974,7.1097317],"to":[8.890268,7.5801315,8.890263],"rotation":{"angle":-45.0,"axis":"y","origin":[8.0,7.1349974,8.0]},"faces":{"east":{"uv":[11.0,10.625,12.0,10.875],"texture":"#layer0","tintindex":0},"south":{"uv":[11.5,2.375,12.5,2.625],"texture":"#layer0","tintindex":0},"north":{"uv":[11.0,4.5,12.0,4.75],"texture":"#layer0","tintindex":0},"west":{"uv":[11.625,2.625,12.625,2.875],"texture":"#layer0","tintindex":0},"up":{"uv":[10.0,10.75,9.0,9.75],"texture":"#layer0","tintindex":0},"down":{"uv":[9.75,0.75,10.75,1.75],"texture":"#layer0","tintindex":0}}}],"display":{"head":{"translation":[0.0,-6.4,0.0],"rotation":[0.0,0.0,0.0],"scale":[3.8095,3.8095,3.8095]},"gui":{"translation":[0.0,0.0,0.0],"rotation":[35.0,225.0,0.0],"scale":[0.625,0.625,0.625]}}}