{"file_name":"tail_base","texture_size":[128,128],"textures":{"layer0":"manamodels/sahuaginpet"},"elements":[{"name":"tail_base_0","from":[8.0,8.969528,8.0],"to":[8.0,10.304924,10.670798],"rotation":{"angle":0.0,"axis":"z","origin":[8.0,8.0,8.0]},"faces":{"east":{"uv":[9.0,2.25,10.5,3.0],"texture":"#layer0","tintindex":0},"south":{"uv":[0.0,0.0,0.0,0.75],"texture":"#layer0","tintindex":0},"north":{"uv":[0.0,0.0,0.0,0.75],"texture":"#layer0","tintindex":0},"west":{"uv":[9.0,3.0,10.5,3.75],"texture":"#layer0","tintindex":0},"up":{"uv":[0.0,1.5,0.0,0.0],"texture":"#layer0","tintindex":0},"down":{"uv":[0.0,0.0,0.0,1.5],"texture":"#layer0","tintindex":0}}},{"name":"tail_base_1","from":[7.332301,7.357562,8.0],"to":[8.667698,8.692958,10.670798],"rotation":{"angle":45.0,"axis":"z","origin":[8.0,8.025259,9.335402]},"faces":{"east":{"uv":[9.0,9.0,10.5,9.75],"texture":"#layer0","tintindex":0},"south":{"uv":[11.0,3.25,11.75,4.0],"texture":"#layer0","tintindex":0},"north":{"uv":[10.875,11.0,11.625,11.75],"texture":"#layer0","tintindex":0},"west":{"uv":[9.0,0.0,10.5,0.75],"texture":"#layer0","tintindex":0},"up":{"uv":[2.5,10.5,1.75,9.0],"texture":"#layer0","tintindex":0},"down":{"uv":[9.0,0.75,9.75,2.25],"texture":"#layer0","tintindex":0}}}],"display":{"head":{"translation":[0.0,-6.4,0.0],"rotation":[0.0,0.0,0.0],"scale":[3.8095,3.8095,3.8095]},"gui":{"translation":[0.0,0.0,0.0],"rotation":[35.0,225.0,0.0],"scale":[0.625,0.625,0.625]}}}