{"file_name":"torso","texture_size":[128,128],"textures":{"layer0":"manamodels/sahuaginpet"},"elements":[{"name":"torso_0","from":[6.887167,8.025267,7.332302],"to":[9.112831,12.476595,8.667698],"rotation":{"angle":0.0,"axis":"z","origin":[8.0,8.0,8.0]},"faces":{"east":{"uv":[8.25,8.25,9.0,10.75],"texture":"#layer0","tintindex":0},"south":{"uv":[7.75,0.0,9.0,2.5],"texture":"#layer0","tintindex":0},"north":{"uv":[7.0,7.75,8.25,10.25],"texture":"#layer0","tintindex":0},"west":{"uv":[0.0,9.0,0.75,11.5],"texture":"#layer0","tintindex":0},"up":{"uv":[10.75,6.5,9.5,5.75],"texture":"#layer0","tintindex":0},"down":{"uv":[10.0,7.5,11.25,8.25],"texture":"#layer0","tintindex":0}}}],"display":{"head":{"translation":[0.0,-6.4,0.0],"rotation":[0.0,0.0,0.0],"scale":[3.8095,3.8095,3.8095]},"gui":{"translation":[0.0,0.0,0.0],"rotation":[35.0,225.0,0.0],"scale":[0.625,0.625,0.625]}}}