{"display":{"thirdperson_righthand":{"rotation":[75,45,0],"translation":[0,2.5,0],"scale":[0.375,0.375,0.375]},"thirdperson_lefthand":{"rotation":[75,45,0],"translation":[0,2.5,0],"scale":[0.375,0.375,0.375]},"firstperson_righthand":{"rotation":[0,-145,0],"translation":[7.75,-0.5,0],"scale":[0.4,0.4,0.4]},"firstperson_lefthand":{"rotation":[0,-145,0],"translation":[7.75,-0.5,0],"scale":[0.4,0.4,0.4]},"ground":{"translation":[0,3,0],"scale":[0.25,0.25,0.25]},"gui":{"rotation":[30,-154,0],"translation":[3.5,-7.25,0],"scale":[0.6,0.6,0.6]},"head":{"translation":[0,-65.5,-0.25],"scale":[2.5,2.5,2.5]},"fixed":{"translation":[0,-8,-13.5]}},"texture_size":[64,64],"textures":{"0":"crates/mythology/chimera_tail","particle":"crates/mythology/chimera_tail"},"elements":[{"name":"body","from":[8.5,5.5,10.5],"to":[8.5,31.5,29.5],"rotation":{"angle":45,"axis":"y","origin":[7.75,19.5,10]},"faces":{"north":{"uv":[0,0,0,6.5],"texture":"#0"},"east":{"uv":[9.5,0,4.75,6.5],"texture":"#0"},"south":{"uv":[0,0,0,6.5],"texture":"#0"},"west":{"uv":[4.75,0,0,6.5],"texture":"#0"},"up":{"uv":[0,4.75,0,0],"texture":"#0"},"down":{"uv":[0,0,0,4.75],"texture":"#0"}}},{"name":"body","from":[7.5,5.5,10.5],"to":[7.5,31.5,29.5],"rotation":{"angle":-45,"axis":"y","origin":[8.25,19.5,10]},"faces":{"north":{"uv":[0,0,0,6.5],"texture":"#0"},"east":{"uv":[0,0,4.75,6.5],"texture":"#0"},"south":{"uv":[0,0,0,6.5],"texture":"#0"},"west":{"uv":[4.75,0,9.5,6.5],"texture":"#0"},"up":{"uv":[0,4.75,0,0],"texture":"#0"},"down":{"uv":[0,0,0,4.75],"texture":"#0"}}},{"name":"body","from":[7.01,7.01,10.51],"to":[8.99,16.99,12.49],"rotation":{"angle":-22.5,"axis":"x","origin":[8,9.5,15.25]},"faces":{"north":{"uv":[0,6.5,0.5,9],"texture":"#0"},"east":{"uv":[0.5,6.5,1,9],"texture":"#0"},"south":{"uv":[1,6.5,1.5,9],"texture":"#0"},"west":{"uv":[1.5,6.5,2,9],"texture":"#0"},"up":{"uv":[6,7.5,5.5,7],"texture":"#0"},"down":{"uv":[4,7.5,3.5,8],"texture":"#0"}}},{"name":"body","from":[7,4.43696,13.52185],"to":[9,6.43696,21.52185],"rotation":{"angle":22.5,"axis":"x","origin":[8,9.18696,15.02185]},"faces":{"north":{"uv":[4,7.5,4.5,8],"texture":"#0"},"east":{"uv":[2,6.5,4,7],"texture":"#0"},"south":{"uv":[4.5,7.5,5,8],"texture":"#0"},"west":{"uv":[4,6.5,6,7],"texture":"#0"},"up":{"uv":[6.5,8.5,6,6.5],"texture":"#0"},"down":{"uv":[7,6.5,6.5,8.5],"texture":"#0"}}},{"name":"body","from":[6.5,2.43696,18.52185],"to":[9.5,4.43696,22.52185],"rotation":{"angle":0,"axis":"y","origin":[8.5,9.18696,15.02185]},"faces":{"north":{"uv":[7,6.5,7.75,7],"texture":"#0"},"east":{"uv":[3.5,7,4.5,7.5],"texture":"#0"},"south":{"uv":[7,7,7.75,7.5],"texture":"#0"},"west":{"uv":[4.5,7,5.5,7.5],"texture":"#0"},"up":{"uv":[2.75,8,2,7],"texture":"#0"},"down":{"uv":[3.5,7,2.75,8],"texture":"#0"}}}]}