{"display":{"thirdperson_righthand":{"rotation":[75,45,0],"translation":[0,2,0.75],"scale":[0.375,0.375,0.375]},"thirdperson_lefthand":{"rotation":[75,45,0],"translation":[1.25,2.5,0.25],"scale":[0.375,0.375,0.375]},"firstperson_righthand":{"rotation":[0,16,0],"translation":[4.5,2,0],"scale":[0.4,0.4,0.4]},"firstperson_lefthand":{"rotation":[0,16,0],"translation":[4.5,2,0],"scale":[0.4,0.4,0.4]},"ground":{"translation":[0,1.75,0],"scale":[0.6,0.6,0.6]},"gui":{"rotation":[30,225,0],"translation":[-1.75,3.25,0],"scale":[0.9,0.9,0.9]},"head":{"translation":[0,5.5,0],"scale":[1.6,1.6,1.6]},"fixed":{"translation":[0,3.5,0]}},"texture_size":[32,32],"textures":{"0":"crates/mythology/minotaur_horns","particle":"crates/mythology/minotaur_horns"},"elements":[{"from":[12,4,5],"to":[17,7,8],"rotation":{"angle":22.5,"axis":"y","origin":[16,5.5,8.5]},"faces":{"north":{"uv":[2.5,1.5,5,0],"texture":"#0"},"east":{"uv":[4,6,5.5,7.5],"texture":"#0"},"south":{"uv":[5,0,2.5,1.5],"texture":"#0"},"west":{"uv":[5.5,6,7,7.5],"texture":"#0"},"up":{"uv":[5,1.5,2.5,0],"texture":"#0"},"down":{"uv":[5,1.5,2.5,0],"texture":"#0"}}},{"from":[14.5,3.75,2.25],"to":[16.5,6.75,7.25],"rotation":{"angle":-22.5,"axis":"x","origin":[16,5.5,6.5]},"faces":{"north":{"uv":[7.5,1.5,8.5,3],"texture":"#0"},"east":{"uv":[0,3,2.5,4.5],"texture":"#0"},"south":{"uv":[7.5,3,8.5,4.5],"texture":"#0"},"west":{"uv":[2.5,3,5,4.5],"texture":"#0"},"up":{"uv":[1,8.5,0,6],"texture":"#0"},"down":{"uv":[2,6,1,8.5],"texture":"#0"}}},{"from":[-1,4,5],"to":[4,7,8],"rotation":{"angle":-22.5,"axis":"y","origin":[0,5.5,8.5]},"faces":{"north":{"uv":[5,1.5,2.5,0],"texture":"#0"},"east":{"uv":[7,6,5.5,7.5],"texture":"#0"},"south":{"uv":[2.5,0,5,1.5],"texture":"#0"},"west":{"uv":[5.5,6,4,7.5],"texture":"#0"},"up":{"uv":[2.5,1.5,5,0],"texture":"#0"},"down":{"uv":[2.5,1.5,5,0],"texture":"#0"}}},{"from":[-0.5,3.75,2.25],"to":[1.5,6.75,7.25],"rotation":{"angle":-22.5,"axis":"x","origin":[0,5.5,6.5]},"faces":{"north":{"uv":[8.5,1.5,7.5,3],"texture":"#0"},"east":{"uv":[5,3,2.5,4.5],"texture":"#0"},"south":{"uv":[8.5,3,7.5,4.5],"texture":"#0"},"west":{"uv":[2.5,3,0,4.5],"texture":"#0"},"up":{"uv":[0,8.5,1,6],"texture":"#0"},"down":{"uv":[1,6,2,8.5],"texture":"#0"}}}]}