{"display":{"thirdperson_righthand":{"rotation":[75,45,0],"translation":[0,2.5,0],"scale":[0.35,0.35,0.35]},"thirdperson_lefthand":{"rotation":[75,45,0],"translation":[0,2.5,0],"scale":[0.35,0.35,0.35]},"firstperson_righthand":{"rotation":[0,114,0],"translation":[2,3,0],"scale":[0.25,0.25,0.25]},"firstperson_lefthand":{"rotation":[0,114,0],"translation":[2.25,3,0],"scale":[0.25,0.25,0.25]},"ground":{"translation":[0,-0.25,0],"scale":[0.3,0.3,0.3]},"gui":{"rotation":[30,225,0],"translation":[0,-0.25,0],"scale":[0.45,0.45,0.45]},"head":{"translation":[0,-32.25,0],"scale":[1.6,1.6,1.6]},"fixed":{"translation":[0,0,3.25],"scale":[0.6,0.6,0.6]}},"texture_size":[128,128],"textures":{"0":"crates/mythology/pandoras_box","particle":"crates/mythology/pandoras_box"},"elements":[{"from":[-1,2.5,-1],"to":[17,3.5,17],"faces":{"north":{"uv":[8.625,1.25,10.875,1.375],"texture":"#0"},"east":{"uv":[8.625,1.375,10.875,1.5],"texture":"#0"},"south":{"uv":[8.625,1.5,10.875,1.625],"texture":"#0"},"west":{"uv":[8.625,1.625,10.875,1.75],"texture":"#0"},"up":{"uv":[4.5,2.25,2.25,0],"texture":"#0"},"down":{"uv":[4.5,2.25,2.25,4.5],"texture":"#0"}}},{"from":[-1,13.5,-1],"to":[17,14.5,17],"faces":{"north":{"uv":[8.625,1.75,10.875,1.875],"texture":"#0"},"east":{"uv":[8.75,1.875,11,2],"texture":"#0"},"south":{"uv":[8.75,2,11,2.125],"texture":"#0"},"west":{"uv":[8.625,1.75,10.875,1.875],"texture":"#0"},"up":{"uv":[2.25,6.75,0,4.5],"texture":"#0"},"down":{"uv":[6.75,0,4.5,2.25],"texture":"#0"}}},{"from":[15,3.5,-1],"to":[17,13.5,1],"faces":{"north":{"uv":[4.625,8.5,4.875,9.75],"texture":"#0"},"east":{"uv":[4.875,8.5,5.125,9.75],"texture":"#0"},"south":{"uv":[5.125,8.5,5.375,9.75],"texture":"#0"},"west":{"uv":[5.375,8.5,5.625,9.75],"texture":"#0"},"up":{"uv":[9.125,0.875,8.875,0.625],"texture":"#0"},"down":{"uv":[9.125,0.875,8.875,1.125],"texture":"#0"}}},{"from":[-1,3.5,-1],"to":[1,13.5,1],"rotation":{"angle":0,"axis":"y","origin":[16,0,0]},"faces":{"north":{"uv":[5.625,8.5,5.875,9.75],"texture":"#0"},"east":{"uv":[5.875,8.5,6.125,9.75],"texture":"#0"},"south":{"uv":[6.125,8.5,6.375,9.75],"texture":"#0"},"west":{"uv":[8.5,8.125,8.75,9.375],"texture":"#0"},"up":{"uv":[9.25,3,9,2.75],"texture":"#0"},"down":{"uv":[9.25,3,9,3.25],"texture":"#0"}}},{"from":[-1,3.5,15],"to":[1,13.5,17],"rotation":{"angle":0,"axis":"y","origin":[16,0,16]},"faces":{"north":{"uv":[6.375,8.5,6.125,9.75],"texture":"#0"},"east":{"uv":[6.125,8.5,5.875,9.75],"texture":"#0"},"south":{"uv":[5.875,8.5,5.625,9.75],"texture":"#0"},"west":{"uv":[8.75,8.125,8.5,9.375],"texture":"#0"},"up":{"uv":[9.25,2.75,9,3],"texture":"#0"},"down":{"uv":[9.25,3.25,9,3],"texture":"#0"}}},{"from":[15,3.5,15],"to":[17,13.5,17],"rotation":{"angle":0,"axis":"y","origin":[0,0,16]},"faces":{"north":{"uv":[5.375,8.5,5.125,9.75],"texture":"#0"},"east":{"uv":[5.125,8.5,4.875,9.75],"texture":"#0"},"south":{"uv":[4.875,8.5,4.625,9.75],"texture":"#0"},"west":{"uv":[5.625,8.5,5.375,9.75],"texture":"#0"},"up":{"uv":[9.125,0.625,8.875,0.875],"texture":"#0"},"down":{"uv":[9.125,1.125,8.875,0.875],"texture":"#0"}}},{"from":[15,3.5,15],"to":[17,13.5,17],"rotation":{"angle":0,"axis":"y","origin":[0,0,16]},"faces":{"north":{"uv":[0.75,8.625,1,9.875],"texture":"#0"},"east":{"uv":[1,8.625,1.25,9.875],"texture":"#0"},"south":{"uv":[1.25,8.625,1.5,9.875],"texture":"#0"},"west":{"uv":[1.5,8.625,1.75,9.875],"texture":"#0"},"up":{"uv":[9.25,4,9,3.75],"texture":"#0"},"down":{"uv":[9.25,4,9,4.25],"texture":"#0"}}},{"from":[-1,15,-1],"to":[17,17,17],"rotation":{"angle":0,"axis":"y","origin":[0,15,0]},"faces":{"north":{"uv":[8.375,4.5,10.625,4.75],"texture":"#0"},"east":{"uv":[8.375,4.5,10.625,4.75],"texture":"#0"},"south":{"uv":[8.375,4.5,10.625,4.75],"texture":"#0"},"west":{"uv":[8.375,4.5,10.625,4.75],"texture":"#0"},"up":{"uv":[4.5,6.75,2.25,4.5],"texture":"#0"},"down":{"uv":[6.75,2.25,4.5,4.5],"texture":"#0"}}},{"from":[0.59579,15.01,1.01],"to":[15.57579,16.99,15.99],"rotation":{"angle":45,"axis":"y","origin":[6.58579,16,8]},"faces":{"north":{"uv":[8.375,6.5,10.25,6.75],"texture":"#0"},"east":{"uv":[10.25,6.5,8.375,6.75],"texture":"#0"},"south":{"uv":[8.375,6.5,10.25,6.75],"texture":"#0"},"west":{"uv":[10.25,6.5,8.375,6.75],"texture":"#0"},"up":{"uv":[1.875,8.625,0,6.75],"texture":"#0"},"down":{"uv":[8.625,0,6.75,1.875],"texture":"#0"}}},{"from":[-1,0,-1],"to":[17,2,17],"faces":{"north":{"uv":[8.375,4.5,10.625,4.75],"texture":"#0"},"east":{"uv":[8.375,4.5,10.625,4.75],"texture":"#0"},"south":{"uv":[8.375,4.5,10.625,4.75],"texture":"#0"},"west":{"uv":[8.375,4.5,10.625,4.75],"texture":"#0"},"up":{"uv":[4.5,6.75,2.25,4.5],"texture":"#0"},"down":{"uv":[4.5,4.5,2.25,6.75],"texture":"#0"}}},{"from":[0.59579,0.01,1.01],"to":[15.57579,1.99,15.99],"rotation":{"angle":45,"axis":"y","origin":[6.58579,1,8]},"faces":{"north":{"uv":[8.375,6.5,10.25,6.75],"texture":"#0"},"east":{"uv":[10.25,6.5,8.375,6.75],"texture":"#0"},"south":{"uv":[8.375,6.5,10.25,6.75],"texture":"#0"},"west":{"uv":[10.25,6.5,8.375,6.75],"texture":"#0"},"up":{"uv":[1.875,8.625,0,6.75],"texture":"#0"},"down":{"uv":[8.625,0,6.75,1.875],"texture":"#0"}}},{"from":[0,2,0],"to":[16,15,16],"faces":{"north":{"uv":[1.875,6.75,3.875,8.375],"texture":"#0"},"east":{"uv":[1.875,6.75,3.875,8.375],"texture":"#0"},"south":{"uv":[1.875,6.75,3.875,8.375],"texture":"#0"},"west":{"uv":[1.875,6.75,3.875,8.375],"texture":"#0"},"up":{"uv":[6.5,6.5,4.5,4.5],"texture":"#0"},"down":{"uv":[6.5,6.5,4.5,8.5],"texture":"#0"}}},{"from":[5.5,7,-2],"to":[10.5,12,0],"rotation":{"angle":45,"axis":"z","origin":[8,9.5,-1]},"faces":{"north":{"uv":[3.875,6.75,4.5,7.375],"texture":"#0"},"east":{"uv":[8.75,2.75,9,3.375],"texture":"#0"},"south":{"uv":[3.875,7.375,4.5,8],"texture":"#0"},"west":{"uv":[8.75,8.125,9,8.75],"texture":"#0"},"up":{"uv":[4.5,8.25,3.875,8],"texture":"#0"},"down":{"uv":[4.5,8.25,3.875,8.5],"texture":"#0"}}},{"from":[5.01,5.01,-1.99],"to":[10.99,9.99,-0.01],"rotation":{"angle":0,"axis":"y","origin":[7.5,9.5,-1]},"faces":{"north":{"uv":[8.375,7.5,9.125,8.125],"texture":"#0"},"east":{"uv":[8.75,8.75,9,9.375],"texture":"#0"},"south":{"uv":[3.875,8.5,4.625,9.125],"texture":"#0"},"west":{"uv":[8.875,0,9.125,0.625],"texture":"#0"},"up":{"uv":[9.5,2.5,8.75,2.25],"texture":"#0"},"down":{"uv":[9.5,2.5,8.75,2.75],"texture":"#0"}}}]}