{"display":{"gui":{"rotation":[8,153,0],"translation":[0,-5,0],"scale":[3.5,3.5,3.5]},"head":{"translation":[0,-6.4,0],"scale":[3.8095,3.8095,3.8095]}},"texture_size":[64,64],"textures":{"layer0":"manamodels/manaslimesmall"},"elements":[{"name":"head_0","from":[6.95,8.225,6.95],"to":[9.05,10.325,9.05],"rotation":{"angle":0,"axis":"z","origin":[8,8,8]},"faces":{"north":{"uv":[6.5,11.75,6.75,12],"texture":"#layer0","tintindex":0},"east":{"uv":[6.5,11.75,6.75,12],"texture":"#layer0","tintindex":0},"south":{"uv":[6.5,11.75,6.75,12],"texture":"#layer0","tintindex":0},"west":{"uv":[6.5,11.75,6.75,12],"texture":"#layer0","tintindex":0},"up":{"uv":[6.5,11.75,6.75,12],"texture":"#layer0","tintindex":0},"down":{"uv":[6.75,11.75,6.5,12],"texture":"#layer0","tintindex":0}}},{"name":"head_1","from":[6.875,9.2,6.8],"to":[7.625,9.95,7.55],"rotation":{"angle":0,"axis":"z","origin":[8,8,8]},"faces":{"north":{"uv":[5.5,11.75,5.75,12],"texture":"#layer0","tintindex":0},"east":{"uv":[5.5,11.75,5.75,12],"texture":"#layer0","tintindex":0},"south":{"uv":[5.5,11.75,5.75,12],"texture":"#layer0","tintindex":0},"west":{"uv":[5.5,11.75,5.75,12],"texture":"#layer0","tintindex":0},"up":{"uv":[5.5,11.75,5.75,12],"texture":"#layer0","tintindex":0},"down":{"uv":[5.75,11.75,5.5,12],"texture":"#layer0","tintindex":0}}},{"name":"head_2","from":[8.375,9.2,6.8],"to":[9.125,9.95,7.55],"rotation":{"angle":0,"axis":"z","origin":[8,8,8]},"faces":{"north":{"uv":[5.5,11.75,5.75,12],"texture":"#layer0","tintindex":0},"east":{"uv":[5.5,11.75,5.75,12],"texture":"#layer0","tintindex":0},"south":{"uv":[5.5,11.75,5.75,12],"texture":"#layer0","tintindex":0},"west":{"uv":[5.5,11.75,5.75,12],"texture":"#layer0","tintindex":0},"up":{"uv":[5.5,11.75,5.75,12],"texture":"#layer0","tintindex":0},"down":{"uv":[5.75,11.75,5.5,12],"texture":"#layer0","tintindex":0}}},{"name":"head_3","from":[7.7,8.6,6.8],"to":[8,8.9,7.55],"rotation":{"angle":0,"axis":"z","origin":[8,8,8]},"faces":{"north":{"uv":[5.5,11.75,5.75,12],"texture":"#layer0","tintindex":0},"east":{"uv":[5.5,11.75,5.75,12],"texture":"#layer0","tintindex":0},"south":{"uv":[5.5,11.75,5.75,12],"texture":"#layer0","tintindex":0},"west":{"uv":[5.5,11.75,5.75,12],"texture":"#layer0","tintindex":0},"up":{"uv":[5.5,11.75,5.75,12],"texture":"#layer0","tintindex":0},"down":{"uv":[5.75,11.75,5.5,12],"texture":"#layer0","tintindex":0}}},{"name":"head_4","from":[6.575,8,6.575],"to":[9.425,10.85,9.425],"rotation":{"angle":0,"axis":"z","origin":[8,8,8]},"faces":{"north":{"uv":[0,0,4.75,4.75],"texture":"#layer0","tintindex":0},"east":{"uv":[0,5,4.75,9.75],"texture":"#layer0","tintindex":0},"south":{"uv":[5,0,9.75,4.75],"texture":"#layer0","tintindex":0},"west":{"uv":[5,5,9.75,9.75],"texture":"#layer0","tintindex":0},"up":{"uv":[4.75,14.75,0,10],"texture":"#layer0","tintindex":0},"down":{"uv":[10,0,14.75,4.75],"texture":"#layer0","tintindex":0}}}],"gui_light":"front"}