{"file_name":"arm2","texture_size":[128,128],"textures":{"layer0":"manamodels/gary_undead"},"elements":[{"name":"arm2_0","from":[6.8,-7.6000004,6.2],"to":[9.2,10.4,9.8],"rotation":{"angle":0.0,"axis":"z","origin":[8.0,8.0,8.0]},"faces":{"east":{"uv":[9.5,8.0,8.75,11.75],"texture":"#layer0","tintindex":0},"south":{"uv":[10.0,8.0,9.5,11.75],"texture":"#layer0","tintindex":0},"north":{"uv":[8.75,8.0,8.25,11.75],"texture":"#layer0","tintindex":0},"west":{"uv":[8.25,8.0,7.5,11.75],"texture":"#layer0","tintindex":0},"up":{"uv":[8.25,8.0,8.75,7.25],"texture":"#layer0","tintindex":0},"down":{"uv":[9.25,7.25,8.75,8.0],"texture":"#layer0","tintindex":0}}}],"display":{"head":{"translation":[0.0,-6.4,0.0],"rotation":[0.0,0.0,0.0],"scale":[3.8095,3.8095,3.8095]},"gui":{"translation":[0.0,0.0,0.0],"rotation":[35.0,225.0,0.0],"scale":[0.625,0.625,0.625]}}}