{"textures":{"0":"modelengine:custom/pet_werewolf","particle":"modelengine:custom/pet_werewolf"},"elements":[{"from":[7.0,3.4414902,4.84229],"to":[11.0,10.44149,8.84229],"faces":{"east":{"uv":[9.0,10.0,8.0,11.75],"tintindex":0,"rotation":0,"texture":"#0"},"south":{"uv":[8.0,10.0,7.0,11.75],"tintindex":0,"rotation":0,"texture":"#0"},"north":{"uv":[8.0,10.0,7.0,11.75],"tintindex":0,"rotation":0,"texture":"#0"},"west":{"uv":[7.0,10.0,6.0,11.75],"tintindex":0,"rotation":0,"texture":"#0"},"up":{"uv":[7.0,10.0,8.0,9.0],"tintindex":0,"rotation":0,"texture":"#0"},"down":{"uv":[8.0,9.0,9.0,10.0],"tintindex":0,"rotation":0,"texture":"#0"}},"rotation":{"origin":[9.5,5.44149,5.34229],"angle":22.5,"axis":"x"}}],"display":{"gui":{"rotation":[30,225,0]}}}