{"display":{"thirdperson_righthand":{"rotation":[0,90,0],"translation":[0,7.75,1.75],"scale":[0.6,0.6,0.6]},"thirdperson_lefthand":{"rotation":[0,90,0],"translation":[0,7.75,1.75],"scale":[0.6,0.6,0.6]},"firstperson_righthand":{"rotation":[0,-58,0],"translation":[1.75,4.25,0],"scale":[0.6,0.6,0.6]},"firstperson_lefthand":{"rotation":[0,-58,0],"translation":[1.75,4.25,0],"scale":[0.6,0.6,0.6]},"ground":{"translation":[0,11.25,0],"scale":[0.6,0.6,0.6]},"gui":{"rotation":[0,0,-45],"scale":[0.5,0.5,0.5]}},"texture_size":[64,64],"textures":{"0":"crates/newyear20_crate/shovel_animation","particle":"crates/newyear20_crate/shovel_animation"},"elements":[{"from":[4.4,-0.7,7.4],"to":[11.6,0.5,8.6],"rotation":{"angle":0,"axis":"y","origin":[18.8,8.9,17]},"faces":{"north":{"uv":[7,6,8.75,6.25],"texture":"#0"},"east":{"uv":[8.75,6,9,6.25],"texture":"#0"},"south":{"uv":[8,5.75,9.75,6],"texture":"#0"},"west":{"uv":[9,2.25,9.25,2.5],"texture":"#0"},"up":{"uv":[9.75,7.75,8,7.5],"texture":"#0"},"down":{"uv":[9.75,7.75,8,8],"texture":"#0"}}},{"from":[5.6,-3.1,7.425],"to":[10.4,-0.7,8.575],"rotation":{"angle":0,"axis":"y","origin":[18.8,7.7,17]},"faces":{"north":{"uv":[8,2.5,9.25,3],"texture":"#0"},"east":{"uv":[7,9.25,7.25,9.75],"texture":"#0"},"south":{"uv":[8,3,9.25,3.5],"texture":"#0"},"west":{"uv":[7.25,9.25,7.5,9.75],"texture":"#0"},"up":{"uv":[10,9,8.75,8.75],"texture":"#0"},"down":{"uv":[10,0,8.75,0.25],"texture":"#0"}}},{"from":[-0.4,1.7,7.375],"to":[3.8,2.9,8.625],"rotation":{"angle":45,"axis":"z","origin":[10.4,11.3,17]},"faces":{"north":{"uv":[8.75,4.75,9.75,5],"texture":"#0"},"east":{"uv":[9.25,9.25,9.5,9.5],"texture":"#0"},"south":{"uv":[8.75,5,9.75,5.25],"texture":"#0"},"west":{"uv":[9.25,1,9.5,1.25],"texture":"#0"},"up":{"uv":[9.75,5.5,8.75,5.25],"texture":"#0"},"down":{"uv":[9.75,5.5,8.75,5.75],"texture":"#0"}}},{"from":[11,2.9,7.375],"to":[12.2,6.5,8.625],"rotation":{"angle":-22.5,"axis":"z","origin":[2.6,13.7,17]},"faces":{"north":{"uv":[2.25,8.75,2.5,9.75],"texture":"#0"},"east":{"uv":[8,9,8.25,10],"texture":"#0"},"south":{"uv":[8.25,9,8.5,10],"texture":"#0"},"west":{"uv":[8.5,9,8.75,10],"texture":"#0"},"up":{"uv":[9.5,1.5,9.25,1.25],"texture":"#0"},"down":{"uv":[9.5,1.5,9.25,1.75],"texture":"#0"}}},{"from":[3.8,2.9,7.375],"to":[5,6.5,8.625],"rotation":{"angle":22.5,"axis":"z","origin":[13.4,13.7,17]},"faces":{"north":{"uv":[8.75,9,9,10],"texture":"#0"},"east":{"uv":[9,9,9.25,10],"texture":"#0"},"south":{"uv":[9,1,9.25,2],"texture":"#0"},"west":{"uv":[9,6,9.25,7],"texture":"#0"},"up":{"uv":[9.5,2,9.25,1.75],"texture":"#0"},"down":{"uv":[9.5,2.25,9.25,2.5],"texture":"#0"}}},{"from":[0.8,-1.6,7.4],"to":[2,2.3,8.6],"rotation":{"angle":45,"axis":"z","origin":[10.4,9.5,17]},"faces":{"north":{"uv":[2.5,9.25,2.75,10.25],"texture":"#0"},"east":{"uv":[2.75,9.25,3,10.25],"texture":"#0"},"south":{"uv":[3,9.25,3.25,10.25],"texture":"#0"},"west":{"uv":[3.25,9.25,3.5,10.25],"texture":"#0"},"up":{"uv":[9.5,2.75,9.25,2.5],"texture":"#0"},"down":{"uv":[9.5,2.75,9.25,3],"texture":"#0"}}},{"from":[11,-1.6,7.375],"to":[15.8,-0.4,8.625],"rotation":{"angle":-22.5,"axis":"z","origin":[5,8,17]},"faces":{"north":{"uv":[8.75,0.25,10,0.5],"texture":"#0"},"east":{"uv":[9.25,3,9.5,3.25],"texture":"#0"},"south":{"uv":[8.75,0.5,10,0.75],"texture":"#0"},"west":{"uv":[9.25,3.25,9.5,3.5],"texture":"#0"},"up":{"uv":[10,1,8.75,0.75],"texture":"#0"},"down":{"uv":[10,3.5,8.75,3.75],"texture":"#0"}}},{"from":[0.2,-1.6,7.375],"to":[5,-0.4,8.625],"rotation":{"angle":22.5,"axis":"z","origin":[11,8,17]},"faces":{"north":{"uv":[8.75,3.75,10,4],"texture":"#0"},"east":{"uv":[9.25,6,9.5,6.25],"texture":"#0"},"south":{"uv":[8.75,4,10,4.25],"texture":"#0"},"west":{"uv":[9.25,6.25,9.5,6.5],"texture":"#0"},"up":{"uv":[10,4.5,8.75,4.25],"texture":"#0"},"down":{"uv":[10,4.5,8.75,4.75],"texture":"#0"}}},{"from":[14,-1.6,7.4],"to":[15.2,2.3,8.6],"rotation":{"angle":-45,"axis":"z","origin":[5.6,9.5,17]},"faces":{"north":{"uv":[3.5,9.25,3.75,10.25],"texture":"#0"},"east":{"uv":[3.75,9.25,4,10.25],"texture":"#0"},"south":{"uv":[6,9.25,6.25,10.25],"texture":"#0"},"west":{"uv":[6.25,9.25,6.5,10.25],"texture":"#0"},"up":{"uv":[9.5,6.75,9.25,6.5],"texture":"#0"},"down":{"uv":[9.5,6.75,9.25,7],"texture":"#0"}}},{"from":[12.2,1.7,7.375],"to":[16.4,2.9,8.625],"rotation":{"angle":-45,"axis":"z","origin":[5.6,11.3,17]},"faces":{"north":{"uv":[8.75,8,9.75,8.25],"texture":"#0"},"east":{"uv":[9.25,9,9.5,9.25],"texture":"#0"},"south":{"uv":[8.75,8.25,9.75,8.5],"texture":"#0"},"west":{"uv":[0,9.5,0.25,9.75],"texture":"#0"},"up":{"uv":[9.75,8.75,8.75,8.5],"texture":"#0"},"down":{"uv":[10,2,9,2.25],"texture":"#0"}}},{"from":[0,-9.5,8],"to":[16,6.5,8],"rotation":{"angle":0,"axis":"z","origin":[8.5,-1,7.5]},"faces":{"north":{"uv":[4,4,0,8],"texture":"#0"},"east":{"uv":[0,0,0,4],"texture":"#0"},"south":{"uv":[0,4,4,8],"texture":"#0"},"west":{"uv":[0,0,0,4],"texture":"#0"},"up":{"uv":[4,0,0,0],"texture":"#0"},"down":{"uv":[4,0,0,0],"texture":"#0"}}},{"from":[5.5,-16,6],"to":[9.5,-12,10],"rotation":{"angle":45,"axis":"z","origin":[8,-13.5,7.5]},"faces":{"north":{"uv":[7,0,8,1],"texture":"#0"},"east":{"uv":[7,1,8,2],"texture":"#0"},"south":{"uv":[7,2,8,3],"texture":"#0"},"west":{"uv":[7,3,8,4],"texture":"#0"},"up":{"uv":[8,5,7,4],"texture":"#0"},"down":{"uv":[8,5,7,6],"texture":"#0"}}},{"from":[6.5,-3,6.5],"to":[9.5,0,9.5],"rotation":{"angle":45,"axis":"z","origin":[8,-1.5,7.5]},"faces":{"north":{"uv":[8,3.5,8.75,4.25],"texture":"#0"},"east":{"uv":[8,4.25,8.75,5],"texture":"#0"},"south":{"uv":[8,5,8.75,5.75],"texture":"#0"},"west":{"uv":[6,8.5,6.75,9.25],"texture":"#0"},"up":{"uv":[7.5,9.25,6.75,8.5],"texture":"#0"},"down":{"uv":[0.75,8.75,0,9.5],"texture":"#0"}}},{"from":[6,16.375,6.5],"to":[9.5,19.875,9.5],"rotation":{"angle":45,"axis":"z","origin":[8,18.375,7.5]},"faces":{"north":{"uv":[6,7.5,7,8.5],"texture":"#0"},"east":{"uv":[8,8,8.75,9],"texture":"#0"},"south":{"uv":[7,7.5,8,8.5],"texture":"#0"},"west":{"uv":[8,0,8.75,1],"texture":"#0"},"up":{"uv":[9,1.75,8,1],"texture":"#0"},"down":{"uv":[9,1.75,8,2.5],"texture":"#0"}}},{"from":[6.25,-15.25,5.5],"to":[8.75,-12.75,10.5],"rotation":{"angle":45,"axis":"z","origin":[8,-13.5,7.5]},"faces":{"north":{"uv":[0.75,8.75,1.5,9.5],"texture":"#0"},"east":{"uv":[0,8,1.25,8.75],"texture":"#0"},"south":{"uv":[1.5,8.75,2.25,9.5],"texture":"#0"},"west":{"uv":[1.25,8,2.5,8.75],"texture":"#0"},"up":{"uv":[3.25,9.25,2.5,8],"texture":"#0"},"down":{"uv":[4,8,3.25,9.25],"texture":"#0"}}},{"from":[7,-13,7],"to":[9,22,9],"rotation":{"angle":0,"axis":"y","origin":[15,8,15]},"faces":{"north":{"uv":[4,6.25,4.5,15],"texture":"#0"},"east":{"uv":[4.5,6.25,5,15],"texture":"#0"},"south":{"uv":[5,6.25,5.5,15],"texture":"#0"},"west":{"uv":[5.5,6.25,6,15],"texture":"#0"},"up":{"uv":[9.5,7.5,9,7],"texture":"#0"},"down":{"uv":[7,9.25,6.5,9.75],"texture":"#0"}}},{"from":[2,18,7.5],"to":[14,23,8.5],"rotation":{"angle":0,"axis":"y","origin":[15,0,14.5]},"faces":{"north":{"uv":[9,6.25,6,7.5],"texture":"#0"},"east":{"uv":[7.5,8.5,7.75,9.75],"texture":"#0"},"south":{"uv":[6,6.25,9,7.5],"texture":"#0"},"west":{"uv":[7.75,8.5,8,9.75],"texture":"#0"},"up":{"uv":[7,3.75,4,3.5],"texture":"#0"},"down":{"uv":[7,3.75,4,4],"texture":"#0"}}},{"from":[2,23,8],"to":[14,32,8],"rotation":{"angle":0,"axis":"y","origin":[15,8,14.5]},"faces":{"north":{"uv":[7,0,4,2.25],"texture":"#0"},"east":{"uv":[0,0,0,2.25],"texture":"#0"},"south":{"uv":[4,0,7,2.25],"texture":"#0"},"west":{"uv":[0,0,0,2.25],"texture":"#0"},"up":{"uv":[3,0,0,0],"texture":"#0"},"down":{"uv":[3,0,0,0],"texture":"#0"}}}],"gui_light":"front"}