{"textures":{"0":"modelengine:custom/drone","particle":"modelengine:custom/drone"},"elements":[{"from":[7.77164,7.0,8.14805],"to":[15.77164,9.0,10.14805],"faces":{"east":{"uv":[9.5,7.5,9.0,8.0],"tintindex":0,"rotation":0,"texture":"#0"},"south":{"uv":[1.5,7.25,3.5,7.75],"tintindex":0,"rotation":0,"texture":"#0"},"north":{"uv":[3.5,7.25,1.5,7.75],"tintindex":0,"rotation":0,"texture":"#0"},"west":{"uv":[9.5,7.0,9.0,7.5],"tintindex":0,"rotation":0,"texture":"#0"},"up":{"uv":[0.0,8.25,2.0,7.75],"tintindex":0,"rotation":0,"texture":"#0"},"down":{"uv":[0.0,8.25,2.0,7.75],"tintindex":0,"rotation":0,"texture":"#0"}},"rotation":{"origin":[10.77164,8.0,9.14805],"angle":-22.5,"axis":"y"}},{"from":[7.0,6.0,7.0],"to":[9.0,11.0,9.0],"faces":{"east":{"uv":[8.0,8.5,7.5,9.75],"tintindex":0,"rotation":0,"texture":"#0"},"south":{"uv":[7.5,8.5,7.0,9.75],"tintindex":0,"rotation":0,"texture":"#0"},"north":{"uv":[3.5,7.75,3.0,9.0],"tintindex":0,"rotation":0,"texture":"#0"},"west":{"uv":[9.0,3.5,8.5,4.75],"tintindex":0,"rotation":0,"texture":"#0"},"up":{"uv":[9.0,8.5,9.5,8.0],"tintindex":0,"rotation":0,"texture":"#0"},"down":{"uv":[9.0,8.5,9.5,9.0],"tintindex":0,"rotation":0,"texture":"#0"}},"rotation":{"origin":[8.0,8.0,8.0],"angle":22.5,"axis":"y"}}],"display":{"gui":{"rotation":[30,225,0]}}}