{"display":{"thirdperson_righthand":{"scale":[0.4,0.4,0.4]},"thirdperson_lefthand":{"scale":[0.4,0.4,0.4]},"firstperson_righthand":{"scale":[0.4,0.4,0.4]},"firstperson_lefthand":{"scale":[0.4,0.4,0.4]},"ground":{"translation":[0,0,4.5],"scale":[0.7,0.7,0.7]},"gui":{"rotation":[0,151,18],"translation":[1.5,-1.5,0],"scale":[0.5,0.5,0.5]},"head":{"translation":[0,-39.25,21.75],"scale":[2,2,2]},"fixed":{"translation":[0,-1.5,5.5]}},"texture_size":[32,32],"textures":{"0":"crates/halloween21_crate/halloween_wings","particle":"crates/halloween21_crate/halloween_wings"},"elements":[{"from":[8,-3.5,0.25],"to":[8,7,9.75],"rotation":{"angle":0,"axis":"y","origin":[7.5,4.5,0.5]},"faces":{"north":{"uv":[4,5.25,4,6.625],"texture":"#0"},"east":{"uv":[0,3.5,1.25,4.875],"texture":"#0"},"south":{"uv":[4.125,5.25,4.125,6.625],"texture":"#0"},"west":{"uv":[1.25,3.5,0,4.875],"texture":"#0"},"up":{"uv":[4.25,6.5,4.25,5.25],"texture":"#0"},"down":{"uv":[4.375,5.25,4.375,6.5],"texture":"#0"}}},{"from":[-16,14.5,0.5],"to":[4,15.5,1.5],"rotation":{"angle":22.5,"axis":"z","origin":[-2,9,1]},"faces":{"north":{"uv":[2.75,4.5,5.25,4.625],"texture":"#0"},"east":{"uv":[3,5.25,3.125,5.375],"texture":"#0"},"south":{"uv":[2.75,4.75,5.25,4.875],"texture":"#0"},"west":{"uv":[3.25,5.25,3.375,5.375],"texture":"#0"},"up":{"uv":[2.5,5.125,0,5],"texture":"#0"},"down":{"uv":[5.125,5,2.625,5.125],"texture":"#0"}}},{"from":[4,4.5,0.5],"to":[5,15.5,1.5],"rotation":{"angle":22.5,"axis":"z","origin":[-2,9,1]},"faces":{"north":{"uv":[1,5.25,1.125,6.625],"texture":"#0"},"east":{"uv":[1.25,5.25,1.375,6.625],"texture":"#0"},"south":{"uv":[1.5,5.25,1.625,6.625],"texture":"#0"},"west":{"uv":[1.75,5.25,1.875,6.625],"texture":"#0"},"up":{"uv":[3.625,5.375,3.5,5.25],"texture":"#0"},"down":{"uv":[3.875,5.25,3.75,5.375],"texture":"#0"}}},{"from":[-15.05,4.45,1],"to":[6.45,16.95,1],"rotation":{"angle":22.5,"axis":"z","origin":[-2,9,1]},"faces":{"north":{"uv":[5.625,1.75,2.875,3.375],"texture":"#0"},"east":{"uv":[4.75,5.375,4.75,7],"texture":"#0"},"south":{"uv":[2.875,1.75,5.625,3.375],"texture":"#0"},"west":{"uv":[4.875,5.375,4.875,7],"texture":"#0"},"up":{"uv":[8,5.125,5.25,5.125],"texture":"#0"},"down":{"uv":[8.125,3.5,5.375,3.5],"texture":"#0"}}},{"from":[9.55,4.45,1],"to":[31.05,16.95,1],"rotation":{"angle":-22.5,"axis":"z","origin":[18,9,1]},"faces":{"north":{"uv":[2.875,1.75,5.625,3.375],"texture":"#0"},"east":{"uv":[4.875,5.375,4.875,7],"texture":"#0"},"south":{"uv":[5.625,1.75,2.875,3.375],"texture":"#0"},"west":{"uv":[4.75,5.375,4.75,7],"texture":"#0"},"up":{"uv":[5.25,5.125,8,5.125],"texture":"#0"},"down":{"uv":[5.375,3.5,8.125,3.5],"texture":"#0"}}},{"from":[11,4.5,0.5],"to":[12,15.5,1.5],"rotation":{"angle":-22.5,"axis":"z","origin":[18,9,1]},"faces":{"north":{"uv":[1.125,5.25,1,6.625],"texture":"#0"},"east":{"uv":[1.875,5.25,1.75,6.625],"texture":"#0"},"south":{"uv":[1.625,5.25,1.5,6.625],"texture":"#0"},"west":{"uv":[1.375,5.25,1.25,6.625],"texture":"#0"},"up":{"uv":[3.5,5.375,3.625,5.25],"texture":"#0"},"down":{"uv":[3.75,5.25,3.875,5.375],"texture":"#0"}}},{"from":[12,14.5,0.5],"to":[32,15.5,1.5],"rotation":{"angle":-22.5,"axis":"z","origin":[18,9,1]},"faces":{"north":{"uv":[5.25,4.5,2.75,4.625],"texture":"#0"},"east":{"uv":[3.375,5.25,3.25,5.375],"texture":"#0"},"south":{"uv":[5.25,4.75,2.75,4.875],"texture":"#0"},"west":{"uv":[3.125,5.25,3,5.375],"texture":"#0"},"up":{"uv":[0,5.125,2.5,5],"texture":"#0"},"down":{"uv":[2.625,5,5.125,5.125],"texture":"#0"}}}],"gui_light":"front"}