{"display":{"thirdperson_righthand":{"translation":[0,13.5,1.75],"scale":[0.75,0.75,0.75]},"thirdperson_lefthand":{"translation":[0,13.5,1.75],"scale":[0.75,0.75,0.75]},"firstperson_righthand":{"translation":[0,8.75,0],"scale":[0.6,0.6,0.6]},"firstperson_lefthand":{"translation":[0,8.75,0],"scale":[0.6,0.6,0.6]},"ground":{"rotation":[45,0,0],"translation":[0,0,2],"scale":[0.3,0.3,0.3]},"gui":{"rotation":[74,-135,93],"translation":[3.75,3.25,0],"scale":[0.65,0.65,-0.65]},"head":{"rotation":[-157,33,19],"translation":[4.75,7,2.25]},"fixed":{"rotation":[90,-45,90],"translation":[-4,4,-0.5],"scale":[0.7,0.7,0.7]}},"texture_size":[64,64],"textures":{"0":"crates/halloween21_crate/jason_machete","particle":"crates/halloween21_crate/jason_machete"},"elements":[{"from":[7.5,-16,7],"to":[8.5,-10,9],"faces":{"north":{"uv":[5.75,0,6,1.5],"texture":"#0"},"east":{"uv":[5,0,5.5,1.5],"texture":"#0"},"south":{"uv":[5.75,1.75,6,3.25],"texture":"#0"},"west":{"uv":[5,1.75,5.5,3.25],"texture":"#0"},"up":{"uv":[6,5,5.75,4.5],"texture":"#0"},"down":{"uv":[6,5.25,5.75,5.75],"texture":"#0"}}},{"from":[7.5,-9,7.25],"to":[8.5,14,9.25],"rotation":{"angle":0,"axis":"y","origin":[-0.5,-0.2,0.75]},"faces":{"north":{"uv":[4,0,4.25,5.75],"texture":"#0"},"east":{"uv":[2.5,0,3,5.75],"texture":"#0"},"south":{"uv":[4.5,0,4.75,5.75],"texture":"#0"},"west":{"uv":[3.25,0,3.75,5.75],"texture":"#0"},"up":{"uv":[4.25,6.5,4,6],"texture":"#0"},"down":{"uv":[4.75,6,4.5,6.5],"texture":"#0"}}},{"from":[8,-9.3,5.25],"to":[8,15.7,9.25],"faces":{"north":{"uv":[5.75,6,5.75,12.25],"texture":"#0"},"east":{"uv":[0,0,1,6.25],"texture":"#0"},"south":{"uv":[6,6,6,12.25],"texture":"#0"},"west":{"uv":[1.25,0,2.25,6.25],"texture":"#0"},"up":{"uv":[6.25,1,6.25,0],"texture":"#0"},"down":{"uv":[6.25,1.25,6.25,2.25],"texture":"#0"}}},{"from":[7,-10,5],"to":[9,-9,10],"faces":{"north":{"uv":[2.5,6,3,6.25],"texture":"#0"},"east":{"uv":[5.75,3.5,7,3.75],"texture":"#0"},"south":{"uv":[3.25,6,3.75,6.25],"texture":"#0"},"west":{"uv":[5.75,4,7,4.25],"texture":"#0"},"up":{"uv":[5.5,4.75,5,3.5],"texture":"#0"},"down":{"uv":[5.5,5,5,6.25],"texture":"#0"}}}],"gui_light":"front"}