{"file_name":"leg2","texture_size":[64,64],"textures":{"layer0":"manamodels/red_panda"},"elements":[{"name":"leg2_0","from":[7.1,5.0,6.8],"to":[8.9,8.6,9.2],"rotation":{"angle":0.0,"axis":"z","origin":[8.0,8.0,8.0]},"faces":{"east":{"uv":[10.25,1.0,9.25,2.5],"texture":"#layer0","tintindex":0},"south":{"uv":[11.0,1.0,10.25,2.5],"texture":"#layer0","tintindex":0},"north":{"uv":[9.25,1.0,8.5,2.5],"texture":"#layer0","tintindex":0},"west":{"uv":[9.25,1.0,10.25,2.5],"texture":"#layer0","tintindex":0},"up":{"uv":[8.5,1.0,9.25,0.0],"texture":"#layer0","tintindex":0},"down":{"uv":[10.0,0.0,9.25,1.0],"texture":"#layer0","tintindex":0}}}],"display":{"head":{"translation":[0.0,-6.4,0.0],"rotation":[0.0,0.0,0.0],"scale":[3.8095,3.8095,3.8095]},"gui":{"translation":[0.0,0.0,0.0],"rotation":[35.0,225.0,0.0],"scale":[0.625,0.625,0.625]}}}