{"file_name":"ear_right","texture_size":[128,128],"textures":{"layer0":"manamodels/kangaroo"},"elements":[{"name":"ear_right_0","from":[8.594,7.994,7.394],"to":[10.406,11.606,8.0060005],"rotation":{"angle":-22.5,"axis":"z","origin":[9.2,8.0,7.4]},"faces":{"east":{"uv":[6.375,7.0,6.5,7.75],"texture":"#layer0","tintindex":0},"south":{"uv":[6.5,1.75,6.875,2.5],"texture":"#layer0","tintindex":0},"north":{"uv":[6.5,0.0,6.875,0.75],"texture":"#layer0","tintindex":0},"west":{"uv":[4.625,7.125,4.75,7.875],"texture":"#layer0","tintindex":0},"up":{"uv":[6.875,6.5,6.5,6.375],"texture":"#layer0","tintindex":0},"down":{"uv":[6.875,6.375,7.25,6.5],"texture":"#layer0","tintindex":0}}}],"display":{"head":{"translation":[0.0,-6.4,0.0],"rotation":[0.0,0.0,0.0],"scale":[3.8095,3.8095,3.8095]},"gui":{"translation":[0.0,0.0,0.0],"rotation":[35.0,225.0,0.0],"scale":[0.625,0.625,0.625]}}}