{"file_name":"neck","texture_size":[128,128],"textures":{"layer0":"manamodels/kangaroo"},"elements":[{"name":"neck_0","from":[6.8,8.0,8.0],"to":[9.2,11.0,10.4],"rotation":{"angle":0.0,"axis":"z","origin":[8.0,8.0,8.0]},"faces":{"east":{"uv":[3.25,6.5,3.75,7.125],"texture":"#layer0","tintindex":0},"south":{"uv":[3.75,6.5,4.25,7.125],"texture":"#layer0","tintindex":0},"north":{"uv":[2.75,6.5,3.25,7.125],"texture":"#layer0","tintindex":0},"west":{"uv":[4.25,6.5,4.75,7.125],"texture":"#layer0","tintindex":0},"up":{"uv":[7.375,0.5,6.875,0.0],"texture":"#layer0","tintindex":0},"down":{"uv":[6.875,1.75,7.375,2.25],"texture":"#layer0","tintindex":0}}}],"display":{"head":{"translation":[0.0,-6.4,0.0],"rotation":[0.0,0.0,0.0],"scale":[3.8095,3.8095,3.8095]},"gui":{"translation":[0.0,0.0,0.0],"rotation":[35.0,225.0,0.0],"scale":[0.625,0.625,0.625]}}}