{"file_name":"upper_arm_left","texture_size":[128,128],"textures":{"layer0":"manamodels/kangaroo"},"elements":[{"name":"upper_arm_left_0","from":[6.8,5.6,6.2],"to":[8.6,9.2,9.2],"rotation":{"angle":0.0,"axis":"z","origin":[8.0,8.0,8.0]},"faces":{"east":{"uv":[6.625,4.0,6.0,4.75],"texture":"#layer0","tintindex":0},"south":{"uv":[2.375,6.625,2.0,7.375],"texture":"#layer0","tintindex":0},"north":{"uv":[2.0,6.625,1.625,7.375],"texture":"#layer0","tintindex":0},"west":{"uv":[6.625,3.25,6.0,4.0],"texture":"#layer0","tintindex":0},"up":{"uv":[7.0,4.375,7.375,3.75],"texture":"#layer0","tintindex":0},"down":{"uv":[0.375,7.125,0.0,7.75],"texture":"#layer0","tintindex":0}}}],"display":{"head":{"translation":[0.0,-6.4,0.0],"rotation":[0.0,0.0,0.0],"scale":[3.8095,3.8095,3.8095]},"gui":{"translation":[0.0,0.0,0.0],"rotation":[35.0,225.0,0.0],"scale":[0.625,0.625,0.625]}}}