{"textures":{"0":"modelengine:custom/horton_mount","particle":"modelengine:custom/horton_mount"},"elements":[{"from":[5.0,5.0,2.0],"to":[11.0,8.0,8.0],"faces":{"east":{"uv":[11.875,0.75,12.625,1.125],"tintindex":0,"rotation":0,"texture":"#0"},"south":{"uv":[11.875,1.125,12.625,1.5],"tintindex":0,"rotation":0,"texture":"#0"},"north":{"uv":[11.875,8.125,12.625,8.5],"tintindex":0,"rotation":0,"texture":"#0"},"west":{"uv":[11.875,1.5,12.625,1.875],"tintindex":0,"rotation":0,"texture":"#0"},"up":{"uv":[8.875,12.125,8.125,11.375],"tintindex":0,"rotation":0,"texture":"#0"},"down":{"uv":[12.125,1.875,11.375,2.625],"tintindex":0,"rotation":0,"texture":"#0"}}}],"display":{"gui":{"rotation":[30,225,0]}}}