{"file_name":"thumb_1_left","texture_size":[128,128],"textures":{"layer0":"manamodels/mole"},"elements":[{"name":"thumb_1_left_0","from":[6.7939997,5.594,7.394],"to":[8.0060005,8.0060005,8.606],"rotation":{"angle":0.0,"axis":"z","origin":[8.0,8.0,8.0]},"faces":{"east":{"uv":[3.375,8.5,3.125,9.0],"texture":"#layer0","tintindex":0},"south":{"uv":[3.125,8.5,2.875,9.0],"texture":"#layer0","tintindex":0},"north":{"uv":[2.625,8.5,2.375,9.0],"texture":"#layer0","tintindex":0},"west":{"uv":[2.875,8.5,2.625,9.0],"texture":"#layer0","tintindex":0},"up":{"uv":[6.0,8.875,6.25,8.625],"texture":"#layer0","tintindex":0},"down":{"uv":[6.5,8.625,6.25,8.875],"texture":"#layer0","tintindex":0}}}],"display":{"head":{"translation":[0.0,-6.4,0.0],"rotation":[0.0,0.0,0.0],"scale":[3.8095,3.8095,3.8095]},"gui":{"translation":[0.0,0.0,0.0],"rotation":[35.0,225.0,0.0],"scale":[0.625,0.625,0.625]}}}