{"file_name":"upperarm_left","texture_size":[128,128],"textures":{"layer0":"manamodels/mole"},"elements":[{"name":"upperarm_left_0","from":[4.3999996,0.7999997,6.2],"to":[8.0,9.2,9.8],"rotation":{"angle":0.0,"axis":"z","origin":[8.0,8.0,8.0]},"faces":{"east":{"uv":[2.5,6.5,1.75,8.25],"texture":"#layer0","tintindex":0},"south":{"uv":[1.75,6.5,1.0,8.25],"texture":"#layer0","tintindex":0},"north":{"uv":[4.25,5.25,3.5,7.0],"texture":"#layer0","tintindex":0},"west":{"uv":[5.0,6.25,4.25,8.0],"texture":"#layer0","tintindex":0},"up":{"uv":[5.0,8.5,5.75,7.75],"texture":"#layer0","tintindex":0},"down":{"uv":[8.5,3.5,7.75,4.25],"texture":"#layer0","tintindex":0}}}],"display":{"head":{"translation":[0.0,-6.4,0.0],"rotation":[0.0,0.0,0.0],"scale":[3.8095,3.8095,3.8095]},"gui":{"translation":[0.0,0.0,0.0],"rotation":[35.0,225.0,0.0],"scale":[0.625,0.625,0.625]}}}