{"file_name":"head","texture_size":[128,128],"textures":{"layer0":"manamodels/npc_blackmarket"},"elements":[{"name":"head_0","from":[5.3360004,12.182,5.336],"to":[10.6640005,15.512001,10.6640005],"rotation":{"angle":0.0,"axis":"z","origin":[8.0,8.0,8.0]},"faces":{"east":{"uv":[0.0,3.75,1.0,4.375],"texture":"#layer0","tintindex":0},"south":{"uv":[3.75,1.0,4.75,1.625],"texture":"#layer0","tintindex":0},"north":{"uv":[3.375,3.5,4.375,4.125],"texture":"#layer0","tintindex":0},"west":{"uv":[3.75,1.75,4.75,2.375],"texture":"#layer0","tintindex":0},"up":{"uv":[2.875,1.0,1.875,0.0],"texture":"#layer0","tintindex":0},"down":{"uv":[1.875,1.125,2.875,2.125],"texture":"#layer0","tintindex":0}}},{"name":"head_1","from":[9.665001,9.518001,5.6689997],"to":[10.331,11.516001,7.667],"rotation":{"angle":0.0,"axis":"z","origin":[8.0,8.0,8.0]},"faces":{"east":{"uv":[2.625,8.125,3.0,8.5],"texture":"#layer0","tintindex":0},"south":{"uv":[8.625,3.375,8.75,3.75],"texture":"#layer0","tintindex":0},"north":{"uv":[3.25,8.625,3.375,9.0],"texture":"#layer0","tintindex":0},"west":{"uv":[8.125,3.0,8.5,3.375],"texture":"#layer0","tintindex":0},"up":{"uv":[3.625,9.0,3.5,8.625],"texture":"#layer0","tintindex":0},"down":{"uv":[3.75,8.625,3.875,9.0],"texture":"#layer0","tintindex":0}}},{"name":"head_2","from":[6.3349996,8.852,7.001],"to":[9.665,10.85,8.999001],"rotation":{"angle":0.0,"axis":"z","origin":[8.0,8.0,8.0]},"faces":{"east":{"uv":[6.0,8.125,6.375,8.5],"texture":"#layer0","tintindex":0},"south":{"uv":[3.625,7.75,4.25,8.125],"texture":"#layer0","tintindex":0},"north":{"uv":[7.25,7.625,7.875,8.0],"texture":"#layer0","tintindex":0},"west":{"uv":[6.5,8.125,6.875,8.5],"texture":"#layer0","tintindex":0},"up":{"uv":[8.5,4.875,7.875,4.5],"texture":"#layer0","tintindex":0},"down":{"uv":[7.875,5.0,8.5,5.375],"texture":"#layer0","tintindex":0}}},{"name":"head_3","from":[5.669,9.518001,5.6689997],"to":[6.335,11.516001,7.667],"rotation":{"angle":0.0,"axis":"z","origin":[8.0,8.0,8.0]},"faces":{"east":{"uv":[3.125,8.125,3.5,8.5],"texture":"#layer0","tintindex":0},"south":{"uv":[4.25,8.625,4.375,9.0],"texture":"#layer0","tintindex":0},"north":{"uv":[4.0,8.625,4.125,9.0],"texture":"#layer0","tintindex":0},"west":{"uv":[8.125,3.5,8.5,3.875],"texture":"#layer0","tintindex":0},"up":{"uv":[8.75,4.75,8.625,4.375],"texture":"#layer0","tintindex":0},"down":{"uv":[4.5,8.625,4.625,9.0],"texture":"#layer0","tintindex":0}}},{"name":"head_4","from":[7.6670003,9.518001,5.6689997],"to":[8.333,10.85,7.001],"rotation":{"angle":0.0,"axis":"z","origin":[8.0,8.0,8.0]},"faces":{"east":{"uv":[1.5,8.625,1.75,8.875],"texture":"#layer0","tintindex":0},"south":{"uv":[6.25,8.625,6.375,8.875],"texture":"#layer0","tintindex":0},"north":{"uv":[6.0,8.625,6.125,8.875],"texture":"#layer0","tintindex":0},"west":{"uv":[1.875,8.625,2.125,8.875],"texture":"#layer0","tintindex":0},"up":{"uv":[6.625,8.875,6.5,8.625],"texture":"#layer0","tintindex":0},"down":{"uv":[6.75,8.625,6.875,8.875],"texture":"#layer0","tintindex":0}}},{"name":"head_5","from":[6.3349996,10.85,5.6689997],"to":[9.665,11.516,7.667],"rotation":{"angle":0.0,"axis":"z","origin":[8.0,8.0,8.0]},"faces":{"east":{"uv":[8.625,4.875,9.0,5.0],"texture":"#layer0","tintindex":0},"south":{"uv":[7.0,8.5,7.625,8.625],"texture":"#layer0","tintindex":0},"north":{"uv":[1.75,4.5,2.375,4.625],"texture":"#layer0","tintindex":0},"west":{"uv":[8.625,5.125,9.0,5.25],"texture":"#layer0","tintindex":0},"up":{"uv":[8.25,4.375,7.625,4.0],"texture":"#layer0","tintindex":0},"down":{"uv":[6.5,7.625,7.125,8.0],"texture":"#layer0","tintindex":0}}},{"name":"head_6","from":[8.333,8.186,5.6689997],"to":[8.999001,8.851999,6.335],"rotation":{"angle":0.0,"axis":"z","origin":[8.0,8.0,8.0]},"faces":{"east":{"uv":[8.875,3.625,9.0,3.75],"texture":"#layer0","tintindex":0},"south":{"uv":[8.875,4.375,9.0,4.5],"texture":"#layer0","tintindex":0},"north":{"uv":[8.875,3.375,9.0,3.5],"texture":"#layer0","tintindex":0},"west":{"uv":[8.875,4.625,9.0,4.75],"texture":"#layer0","tintindex":0},"up":{"uv":[7.875,9.0,7.75,8.875],"texture":"#layer0","tintindex":0},"down":{"uv":[8.875,7.875,9.0,8.0],"texture":"#layer0","tintindex":0}}},{"name":"head_7","from":[7.0009995,8.186,5.6689997],"to":[7.667,8.851999,6.335],"rotation":{"angle":0.0,"axis":"z","origin":[8.0,8.0,8.0]},"faces":{"east":{"uv":[8.875,8.125,9.0,8.25],"texture":"#layer0","tintindex":0},"south":{"uv":[8.25,8.875,8.375,9.0],"texture":"#layer0","tintindex":0},"north":{"uv":[8.0,8.875,8.125,9.0],"texture":"#layer0","tintindex":0},"west":{"uv":[8.875,8.375,9.0,8.5],"texture":"#layer0","tintindex":0},"up":{"uv":[8.625,9.0,8.5,8.875],"texture":"#layer0","tintindex":0},"down":{"uv":[8.875,8.625,9.0,8.75],"texture":"#layer0","tintindex":0}}},{"name":"head_8","from":[6.3349996,8.852,5.6689997],"to":[9.665,9.518,7.001],"rotation":{"angle":0.0,"axis":"z","origin":[8.0,8.0,8.0]},"faces":{"east":{"uv":[2.625,3.25,2.875,3.375],"texture":"#layer0","tintindex":0},"south":{"uv":[8.5,7.625,9.125,7.75],"texture":"#layer0","tintindex":0},"north":{"uv":[8.5,7.375,9.125,7.5],"texture":"#layer0","tintindex":0},"west":{"uv":[8.5,8.625,8.75,8.75],"texture":"#layer0","tintindex":0},"up":{"uv":[4.375,3.375,3.75,3.125],"texture":"#layer0","tintindex":0},"down":{"uv":[4.125,0.625,4.75,0.875],"texture":"#layer0","tintindex":0}}},{"name":"head_9","from":[5.3360004,10.184,7.6670003],"to":[10.6640005,11.516,10.331],"rotation":{"angle":0.0,"axis":"z","origin":[8.0,8.0,8.0]},"faces":{"east":{"uv":[8.375,7.0,8.875,7.25],"texture":"#layer0","tintindex":0},"south":{"uv":[6.875,2.875,7.875,3.125],"texture":"#layer0","tintindex":0},"north":{"uv":[6.875,2.5,7.875,2.75],"texture":"#layer0","tintindex":0},"west":{"uv":[8.5,0.0,9.0,0.25],"texture":"#layer0","tintindex":0},"up":{"uv":[5.625,4.875,4.625,4.375],"texture":"#layer0","tintindex":0},"down":{"uv":[1.75,4.75,2.75,5.25],"texture":"#layer0","tintindex":0}}},{"name":"head_10","from":[3.338,11.516001,3.3379998],"to":[12.662001,12.182,12.662001],"rotation":{"angle":-22.5,"axis":"y","origin":[8.0,11.849001,8.0]},"faces":{"east":{"uv":[7.5,2.25,9.25,2.375],"texture":"#layer0","tintindex":0},"south":{"uv":[7.875,5.5,9.625,5.625],"texture":"#layer0","tintindex":0},"north":{"uv":[7.375,6.75,9.125,6.875],"texture":"#layer0","tintindex":0},"west":{"uv":[7.875,5.75,9.625,5.875],"texture":"#layer0","tintindex":0},"up":{"uv":[1.75,1.75,0.0,0.0],"texture":"#layer0","tintindex":0},"down":{"uv":[0.0,1.875,1.75,3.625],"texture":"#layer0","tintindex":0}}}],"display":{"head":{"translation":[0.0,-6.4,0.0],"rotation":[0.0,0.0,0.0],"scale":[3.8095,3.8095,3.8095]},"gui":{"translation":[0.0,0.0,0.0],"rotation":[35.0,225.0,0.0],"scale":[0.625,0.625,0.625]}}}