{"textures":{"0":"modelengine:custom/duckling","particle":"modelengine:custom/duckling"},"elements":[{"from":[7.5,6.5,8.0],"to":[8.5,8.5,8.0],"faces":{"south":{"uv":[1.5,11.0,1.0,12.0],"tintindex":0,"rotation":0,"texture":"#0"},"north":{"uv":[1.0,11.0,0.5,12.0],"tintindex":0,"rotation":0,"texture":"#0"}}},{"from":[7.0,6.5,6.0],"to":[9.0,6.5,8.0],"faces":{"up":{"uv":[1.0,2.0,2.0,1.0],"tintindex":0,"rotation":0,"texture":"#0"},"down":{"uv":[2.0,1.0,3.0,2.0],"tintindex":0,"rotation":0,"texture":"#0"}}}],"display":{"gui":{"rotation":[30,225,0]}}}