{"credit":"Copyright ManaLabs Inc","textures":{"0":"manalabs:emoji/32","particle":"manalabs:emoji/32"},"elements":[{"from":[0,0,0],"to":[16,16,0],"faces":{"north":{"uv":[0,12.0625,2,14.0625],"texture":"#0","tintindex":0},"east":{"uv":[0,12.0625,2,14.0625],"texture":"#0","tintindex":0},"south":{"uv":[0,12.0625,2,14.0625],"texture":"#0","tintindex":0},"west":{"uv":[0,12.0625,2,14.0625],"texture":"#0","tintindex":0},"up":{"uv":[0,12.0625,2,14.0625],"texture":"#0","tintindex":0},"down":{"uv":[0,12.0625,2,14.0625],"texture":"#0","tintindex":0}}}],"gui_light":"front","display":{"gui":{"translation":[1.25,-0.75,0]}}}