{"file_name":"head","texture_size":[128,128],"textures":{"layer0":"manamodels/zeus"},"elements":[{"name":"head_0","from":[7.40504,6.2116766,5.8770256],"to":[8.59496,7.1018963,6.9515057],"rotation":{"angle":0.0,"axis":"z","origin":[8.0,8.0,8.0]},"faces":{"east":{"uv":[2.625,6.875,2.875,7.125],"texture":"#layer0","tintindex":0},"south":{"uv":[6.875,3.125,7.25,3.375],"texture":"#layer0","tintindex":0},"north":{"uv":[0.5,3.75,0.875,4.0],"texture":"#layer0","tintindex":0},"west":{"uv":[2.875,7.0,3.125,7.25],"texture":"#layer0","tintindex":0},"up":{"uv":[7.25,3.625,6.875,3.375],"texture":"#layer0","tintindex":0},"down":{"uv":[6.875,3.625,7.25,3.875],"texture":"#layer0","tintindex":0}}},{"name":"head_1","from":[7.196,6.871917,5.663666],"to":[8.804,8.074917,7.1156664],"rotation":{"angle":0.0,"axis":"z","origin":[8.0,8.0,8.0]},"faces":{"east":{"uv":[2.625,6.875,2.875,7.125],"texture":"#layer0","tintindex":0},"south":{"uv":[6.875,3.125,7.25,3.375],"texture":"#layer0","tintindex":0},"north":{"uv":[0.5,3.75,0.875,4.0],"texture":"#layer0","tintindex":0},"west":{"uv":[2.875,7.0,3.125,7.25],"texture":"#layer0","tintindex":0},"up":{"uv":[7.25,3.625,6.875,3.375],"texture":"#layer0","tintindex":0},"down":{"uv":[6.875,3.625,7.25,3.875],"texture":"#layer0","tintindex":0}}},{"name":"head_2","from":[6.446,7.471917,5.363666],"to":[9.554001,8.569917,6.215666],"rotation":{"angle":0.0,"axis":"z","origin":[8.0,8.0,8.0]},"faces":{"east":{"uv":[0.75,1.0,0.875,1.25],"texture":"#layer0","tintindex":0},"south":{"uv":[6.5,1.75,7.125,2.0],"texture":"#layer0","tintindex":0},"north":{"uv":[6.5,1.5,7.125,1.75],"texture":"#layer0","tintindex":0},"west":{"uv":[0.75,1.25,0.875,1.5],"texture":"#layer0","tintindex":0},"up":{"uv":[3.125,2.5,2.5,2.375],"texture":"#layer0","tintindex":0},"down":{"uv":[4.25,1.0,4.875,1.125],"texture":"#layer0","tintindex":0}}},{"name":"head_3","from":[6.596,7.171917,5.813666],"to":[9.404,7.624917,7.1156664],"rotation":{"angle":0.0,"axis":"z","origin":[8.0,8.0,8.0]},"faces":{"east":{"uv":[7.0,2.375,7.25,2.5],"texture":"#layer0","tintindex":0},"south":{"uv":[4.125,5.25,4.75,5.375],"texture":"#layer0","tintindex":0},"north":{"uv":[5.125,4.25,5.75,4.375],"texture":"#layer0","tintindex":0},"west":{"uv":[7.0,2.5,7.25,2.625],"texture":"#layer0","tintindex":0},"up":{"uv":[2.25,6.875,1.625,6.625],"texture":"#layer0","tintindex":0},"down":{"uv":[2.25,6.625,2.875,6.875],"texture":"#layer0","tintindex":0}}},{"name":"head_4","from":[5.846,7.621917,5.6036663],"to":[10.154,8.629917,6.815666],"rotation":{"angle":0.0,"axis":"z","origin":[8.0,8.0,8.0]},"faces":{"east":{"uv":[1.5,2.625,1.75,2.875],"texture":"#layer0","tintindex":0},"south":{"uv":[0.0,6.125,0.875,6.375],"texture":"#layer0","tintindex":0},"north":{"uv":[6.0,4.0,6.875,4.25],"texture":"#layer0","tintindex":0},"west":{"uv":[1.25,4.375,1.5,4.625],"texture":"#layer0","tintindex":0},"up":{"uv":[1.75,6.375,0.875,6.125],"texture":"#layer0","tintindex":0},"down":{"uv":[1.75,6.125,2.625,6.375],"texture":"#layer0","tintindex":0}}},{"name":"head_5","from":[8.576,8.479916,5.663666],"to":[9.728001,9.061916,6.371666],"rotation":{"angle":0.0,"axis":"z","origin":[8.0,8.0,8.0]},"faces":{"east":{"uv":[4.5,6.125,4.625,6.25],"texture":"#layer0","tintindex":0},"south":{"uv":[7.0,4.375,7.25,4.5],"texture":"#layer0","tintindex":0},"north":{"uv":[7.0,4.25,7.25,4.375],"texture":"#layer0","tintindex":0},"west":{"uv":[6.25,5.0,6.375,5.125],"texture":"#layer0","tintindex":0},"up":{"uv":[7.25,4.625,7.0,4.5],"texture":"#layer0","tintindex":0},"down":{"uv":[7.0,4.625,7.25,4.75],"texture":"#layer0","tintindex":0}}},{"name":"head_6","from":[6.8479996,9.061916,5.663666],"to":[9.152,9.493917,6.371666],"rotation":{"angle":0.0,"axis":"z","origin":[8.0,8.0,8.0]},"faces":{"east":{"uv":[3.0,5.375,3.125,5.5],"texture":"#layer0","tintindex":0},"south":{"uv":[5.25,7.0,5.75,7.125],"texture":"#layer0","tintindex":0},"north":{"uv":[3.125,7.0,3.625,7.125],"texture":"#layer0","tintindex":0},"west":{"uv":[3.0,5.5,3.125,5.625],"texture":"#layer0","tintindex":0},"up":{"uv":[6.25,7.125,5.75,7.0],"texture":"#layer0","tintindex":0},"down":{"uv":[6.25,7.0,6.75,7.125],"texture":"#layer0","tintindex":0}}},{"name":"head_7","from":[6.272,8.479916,5.663666],"to":[7.424,9.061916,6.371666],"rotation":{"angle":0.0,"axis":"z","origin":[8.0,8.0,8.0]},"faces":{"east":{"uv":[1.5,5.125,1.625,5.25],"texture":"#layer0","tintindex":0},"south":{"uv":[7.0,2.75,7.25,2.875],"texture":"#layer0","tintindex":0},"north":{"uv":[7.0,2.625,7.25,2.75],"texture":"#layer0","tintindex":0},"west":{"uv":[3.5,5.125,3.625,5.25],"texture":"#layer0","tintindex":0},"up":{"uv":[7.25,3.0,7.0,2.875],"texture":"#layer0","tintindex":0},"down":{"uv":[7.0,3.0,7.25,3.125],"texture":"#layer0","tintindex":0}}},{"name":"head_8","from":[5.5459995,8.353916,6.515666],"to":[10.454,9.760917,9.959665],"rotation":{"angle":0.0,"axis":"z","origin":[8.0,8.0,8.0]},"faces":{"east":{"uv":[2.25,6.375,3.0,6.625],"texture":"#layer0","tintindex":0},"south":{"uv":[5.625,5.625,6.625,5.875],"texture":"#layer0","tintindex":0},"north":{"uv":[4.625,5.625,5.625,5.875],"texture":"#layer0","tintindex":0},"west":{"uv":[3.0,6.375,3.75,6.625],"texture":"#layer0","tintindex":0},"up":{"uv":[3.5,3.25,2.5,2.5],"texture":"#layer0","tintindex":0},"down":{"uv":[2.5,0.0,3.5,0.75],"texture":"#layer0","tintindex":0}}},{"name":"head_9","from":[5.846,9.553917,6.215666],"to":[10.154,10.9609165,9.809666],"rotation":{"angle":0.0,"axis":"z","origin":[8.0,8.0,8.0]},"faces":{"east":{"uv":[6.125,5.875,6.875,6.125],"texture":"#layer0","tintindex":0},"south":{"uv":[6.0,3.25,6.875,3.5],"texture":"#layer0","tintindex":0},"north":{"uv":[5.25,5.875,6.125,6.125],"texture":"#layer0","tintindex":0},"west":{"uv":[1.5,6.375,2.25,6.625],"texture":"#layer0","tintindex":0},"up":{"uv":[2.375,3.625,1.5,2.875],"texture":"#layer0","tintindex":0},"down":{"uv":[2.875,0.75,3.75,1.5],"texture":"#layer0","tintindex":0}}},{"name":"head_10","from":[5.9960003,10.753917,6.0656657],"to":[10.004,12.160917,9.959665],"rotation":{"angle":0.0,"axis":"z","origin":[8.0,8.0,8.0]},"faces":{"east":{"uv":[5.25,6.375,6.0,6.625],"texture":"#layer0","tintindex":0},"south":{"uv":[6.0,3.75,6.875,4.0],"texture":"#layer0","tintindex":0},"north":{"uv":[6.0,3.5,6.875,3.75],"texture":"#layer0","tintindex":0},"west":{"uv":[6.375,6.375,7.125,6.625],"texture":"#layer0","tintindex":0},"up":{"uv":[0.875,3.75,0.0,3.0],"texture":"#layer0","tintindex":0},"down":{"uv":[2.375,3.25,3.25,4.0],"texture":"#layer0","tintindex":0}}},{"name":"head_11","from":[8.392603,10.565853,5.7764063],"to":[9.454286,11.096697,6.50714],"rotation":{"angle":0.0,"axis":"z","origin":[8.0,8.0,8.0]},"faces":{"east":{"uv":[1.625,0.75,1.75,0.875],"texture":"#layer0","tintindex":0},"south":{"uv":[4.875,2.5,5.125,2.625],"texture":"#layer0","tintindex":0},"north":{"uv":[1.25,4.625,1.5,4.75],"texture":"#layer0","tintindex":0},"west":{"uv":[0.75,1.75,0.875,1.875],"texture":"#layer0","tintindex":0},"up":{"uv":[5.375,0.625,5.125,0.5],"texture":"#layer0","tintindex":0},"down":{"uv":[2.875,5.625,3.125,5.75],"texture":"#layer0","tintindex":0}}},{"name":"head_12","from":[9.146,11.053917,5.765666],"to":[10.154,11.860917,7.859666],"rotation":{"angle":0.0,"axis":"z","origin":[8.0,8.0,8.0]},"faces":{"east":{"uv":[4.75,5.25,5.125,5.375],"texture":"#layer0","tintindex":0},"south":{"uv":[7.0,2.25,7.25,2.375],"texture":"#layer0","tintindex":0},"north":{"uv":[7.0,2.125,7.25,2.25],"texture":"#layer0","tintindex":0},"west":{"uv":[5.75,4.25,6.125,4.375],"texture":"#layer0","tintindex":0},"up":{"uv":[3.75,0.375,3.5,0.0],"texture":"#layer0","tintindex":0},"down":{"uv":[3.5,0.375,3.75,0.75],"texture":"#layer0","tintindex":0}}},{"name":"head_13","from":[6.7460003,11.053917,5.615666],"to":[9.254,12.4609165,7.8596663],"rotation":{"angle":0.0,"axis":"z","origin":[8.0,8.0,8.0]},"faces":{"east":{"uv":[6.625,5.625,7.125,5.875],"texture":"#layer0","tintindex":0},"south":{"uv":[0.375,6.875,0.875,7.125],"texture":"#layer0","tintindex":0},"north":{"uv":[6.625,5.125,7.125,5.375],"texture":"#layer0","tintindex":0},"west":{"uv":[0.875,6.875,1.375,7.125],"texture":"#layer0","tintindex":0},"up":{"uv":[6.125,2.0,5.625,1.5],"texture":"#layer0","tintindex":0},"down":{"uv":[5.625,2.0,6.125,2.5],"texture":"#layer0","tintindex":0}}},{"name":"head_14","from":[5.846,11.053917,5.765666],"to":[6.854,11.860917,7.859666],"rotation":{"angle":0.0,"axis":"z","origin":[8.0,8.0,8.0]},"faces":{"east":{"uv":[3.5,3.125,3.875,3.25],"texture":"#layer0","tintindex":0},"south":{"uv":[7.0,2.0,7.25,2.125],"texture":"#layer0","tintindex":0},"north":{"uv":[7.0,1.25,7.25,1.375],"texture":"#layer0","tintindex":0},"west":{"uv":[2.375,4.75,2.75,4.875],"texture":"#layer0","tintindex":0},"up":{"uv":[1.75,2.25,1.5,1.875],"texture":"#layer0","tintindex":0},"down":{"uv":[1.5,2.25,1.75,2.625],"texture":"#layer0","tintindex":0}}},{"name":"head_15","from":[6.545714,10.565853,5.7764063],"to":[7.607396,11.096697,6.50714],"rotation":{"angle":0.0,"axis":"z","origin":[8.0,8.0,8.0]},"faces":{"east":{"uv":[2.375,3.125,2.5,3.25],"texture":"#layer0","tintindex":0},"south":{"uv":[7.0,0.25,7.25,0.375],"texture":"#layer0","tintindex":0},"north":{"uv":[6.625,3.125,6.875,3.25],"texture":"#layer0","tintindex":0},"west":{"uv":[3.5,2.5,3.625,2.625],"texture":"#layer0","tintindex":0},"up":{"uv":[7.25,1.125,7.0,1.0],"texture":"#layer0","tintindex":0},"down":{"uv":[7.0,1.125,7.25,1.25],"texture":"#layer0","tintindex":0}}},{"name":"head_16","from":[5.396,8.653916,7.415666],"to":[10.604,10.360916,8.909666],"rotation":{"angle":0.0,"axis":"z","origin":[8.0,8.0,8.0]},"faces":{"east":{"uv":[1.25,4.0,1.5,4.375],"texture":"#layer0","tintindex":0},"south":{"uv":[0.5,4.75,1.625,5.125],"texture":"#layer0","tintindex":0},"north":{"uv":[4.25,0.625,5.375,1.0],"texture":"#layer0","tintindex":0},"west":{"uv":[3.625,4.25,3.875,4.625],"texture":"#layer0","tintindex":0},"up":{"uv":[6.625,3.0,5.5,2.75],"texture":"#layer0","tintindex":0},"down":{"uv":[5.5,3.0,6.625,3.25],"texture":"#layer0","tintindex":0}}},{"name":"head_17","from":[5.3360004,7.3039165,6.8156657],"to":[10.6640005,8.7109165,10.109666],"rotation":{"angle":0.0,"axis":"z","origin":[8.0,8.0,8.0]},"faces":{"east":{"uv":[6.375,5.375,7.0,5.625],"texture":"#layer0","tintindex":0},"south":{"uv":[5.5,2.5,6.625,2.75],"texture":"#layer0","tintindex":0},"north":{"uv":[5.375,0.75,6.5,1.0],"texture":"#layer0","tintindex":0},"west":{"uv":[6.375,6.125,7.0,6.375],"texture":"#layer0","tintindex":0},"up":{"uv":[2.875,1.75,1.75,1.125],"texture":"#layer0","tintindex":0},"down":{"uv":[2.5,1.75,3.625,2.375],"texture":"#layer0","tintindex":0}}},{"name":"head_18","from":[6.596,6.853916,8.015666],"to":[9.404,8.260917,10.409666],"rotation":{"angle":0.0,"axis":"z","origin":[8.0,8.0,8.0]},"faces":{"east":{"uv":[1.625,6.875,2.125,7.125],"texture":"#layer0","tintindex":0},"south":{"uv":[6.5,0.75,7.125,1.0],"texture":"#layer0","tintindex":0},"north":{"uv":[6.5,0.5,7.125,0.75],"texture":"#layer0","tintindex":0},"west":{"uv":[2.125,6.875,2.625,7.125],"texture":"#layer0","tintindex":0},"up":{"uv":[5.75,5.125,5.125,4.625],"texture":"#layer0","tintindex":0},"down":{"uv":[3.5,5.25,4.125,5.75],"texture":"#layer0","tintindex":0}}},{"name":"head_19","from":[5.696,8.953917,11.159666],"to":[10.304001,10.360916,11.159666],"rotation":{"angle":22.5,"axis":"x","origin":[7.412,11.197916,12.749666]},"faces":{"east":{"uv":[0.0,0.0,0.0,0.25],"texture":"#layer0","tintindex":0},"south":{"uv":[5.625,1.25,6.625,1.5],"texture":"#layer0","tintindex":0},"north":{"uv":[6.625,1.25,5.625,1.5],"texture":"#layer0","tintindex":0},"west":{"uv":[0.0,0.0,0.0,0.25],"texture":"#layer0","tintindex":0},"up":{"uv":[1.0,0.0,0.0,0.0],"texture":"#layer0","tintindex":0},"down":{"uv":[0.0,0.0,1.0,0.0],"texture":"#layer0","tintindex":0}}},{"name":"head_20","from":[6.596,9.403917,8.315666],"to":[9.404,11.410917,10.109666],"rotation":{"angle":0.0,"axis":"z","origin":[8.0,8.0,8.0]},"faces":{"east":{"uv":[6.75,6.75,7.125,7.125],"texture":"#layer0","tintindex":0},"south":{"uv":[3.5,5.75,4.125,6.125],"texture":"#layer0","tintindex":0},"north":{"uv":[2.875,5.75,3.5,6.125],"texture":"#layer0","tintindex":0},"west":{"uv":[0.0,6.875,0.375,7.25],"texture":"#layer0","tintindex":0},"up":{"uv":[6.375,5.0,5.75,4.625],"texture":"#layer0","tintindex":0},"down":{"uv":[4.625,5.875,5.25,6.25],"texture":"#layer0","tintindex":0}}},{"name":"head_21","from":[10.304001,8.953917,5.465666],"to":[10.304001,10.360916,11.159666],"rotation":{"angle":22.5,"axis":"x","origin":[7.412,11.197916,12.749666]},"faces":{"east":{"uv":[5.25,5.375,6.375,5.625],"texture":"#layer0","tintindex":0},"south":{"uv":[0.0,0.0,0.0,0.25],"texture":"#layer0","tintindex":0},"north":{"uv":[0.0,0.0,0.0,0.25],"texture":"#layer0","tintindex":0},"west":{"uv":[6.375,5.375,5.25,5.625],"texture":"#layer0","tintindex":0},"up":{"uv":[0.0,1.125,0.0,0.0],"texture":"#layer0","tintindex":0},"down":{"uv":[0.0,0.0,0.0,1.125],"texture":"#layer0","tintindex":0}}},{"name":"head_22","from":[5.696,8.953917,5.465666],"to":[5.696,10.360916,11.159666],"rotation":{"angle":22.5,"axis":"x","origin":[7.412,11.197916,12.749666]},"faces":{"east":{"uv":[5.25,5.375,6.375,5.625],"texture":"#layer0","tintindex":0},"south":{"uv":[0.0,0.0,0.0,0.25],"texture":"#layer0","tintindex":0},"north":{"uv":[0.0,0.0,0.0,0.25],"texture":"#layer0","tintindex":0},"west":{"uv":[6.375,5.375,5.25,5.625],"texture":"#layer0","tintindex":0},"up":{"uv":[0.0,1.125,0.0,0.0],"texture":"#layer0","tintindex":0},"down":{"uv":[0.0,0.0,0.0,1.125],"texture":"#layer0","tintindex":0}}},{"name":"head_23","from":[6.9383183,7.5871763,7.037984],"to":[9.061682,8.118014,9.161347],"rotation":{"angle":0.0,"axis":"z","origin":[8.0,8.0,8.0]},"faces":{"east":{"uv":[1.875,5.25,2.375,5.375],"texture":"#layer0","tintindex":0},"south":{"uv":[5.75,5.0,6.25,5.125],"texture":"#layer0","tintindex":0},"north":{"uv":[3.125,2.375,3.625,2.5],"texture":"#layer0","tintindex":0},"west":{"uv":[6.125,2.375,6.625,2.5],"texture":"#layer0","tintindex":0},"up":{"uv":[6.0,3.75,5.5,3.25],"texture":"#layer0","tintindex":0},"down":{"uv":[5.5,3.75,6.0,4.25],"texture":"#layer0","tintindex":0}}},{"name":"head_24","from":[6.142052,7.9853067,5.976302],"to":[9.857948,11.701197,9.692192],"rotation":{"angle":0.0,"axis":"z","origin":[8.0,8.0,8.0]},"faces":{"east":{"uv":[3.875,2.625,4.625,3.375],"texture":"#layer0","tintindex":0},"south":{"uv":[0.5,4.0,1.25,4.75],"texture":"#layer0","tintindex":0},"north":{"uv":[3.875,3.875,4.625,4.625],"texture":"#layer0","tintindex":0},"west":{"uv":[2.0,4.0,2.75,4.75],"texture":"#layer0","tintindex":0},"up":{"uv":[4.875,1.875,4.125,1.125],"texture":"#layer0","tintindex":0},"down":{"uv":[4.125,1.875,4.875,2.625],"texture":"#layer0","tintindex":0}}}],"display":{"head":{"translation":[0.0,-6.4,0.0],"rotation":[0.0,0.0,0.0],"scale":[3.8095,3.8095,3.8095]},"gui":{"translation":[0.0,0.0,0.0],"rotation":[35.0,225.0,0.0],"scale":[0.625,0.625,0.625]}}}