{"file_name":"head","texture_size":[128,128],"textures":{"layer0":"manamodels/hera"},"elements":[{"name":"head_0","from":[6.8,8.014999,6.783332],"to":[9.2,8.615,9.1833315],"rotation":{"angle":0.0,"axis":"z","origin":[8.0,8.0,8.0]},"faces":{"east":{"uv":[2.875,1.0,3.375,1.125],"texture":"#layer0","tintindex":0},"south":{"uv":[4.0,0.875,4.5,1.0],"texture":"#layer0","tintindex":0},"north":{"uv":[1.75,1.625,2.25,1.75],"texture":"#layer0","tintindex":0},"west":{"uv":[4.625,3.125,5.125,3.25],"texture":"#layer0","tintindex":0},"up":{"uv":[4.25,3.75,3.75,3.25],"texture":"#layer0","tintindex":0},"down":{"uv":[4.625,2.625,5.125,3.125],"texture":"#layer0","tintindex":0}}},{"name":"head_1","from":[5.8999996,8.615,5.583332],"to":[10.1,12.815,9.783332],"rotation":{"angle":0.0,"axis":"z","origin":[8.0,8.0,8.0]},"faces":{"east":{"uv":[5.0,0.0,5.875,0.875],"texture":"#layer0","tintindex":0},"south":{"uv":[5.125,2.625,6.0,3.5],"texture":"#layer0","tintindex":0},"north":{"uv":[3.375,4.875,4.25,5.75],"texture":"#layer0","tintindex":0},"west":{"uv":[5.125,3.5,6.0,4.375],"texture":"#layer0","tintindex":0},"up":{"uv":[5.125,6.125,4.25,5.25],"texture":"#layer0","tintindex":0},"down":{"uv":[5.125,5.25,6.0,6.125],"texture":"#layer0","tintindex":0}}},{"name":"head_2","from":[5.75,11.915,5.433332],"to":[10.25,12.815,9.783332],"rotation":{"angle":0.0,"axis":"z","origin":[8.0,8.0,8.0]},"faces":{"east":{"uv":[7.25,1.5,8.125,1.75],"texture":"#layer0","tintindex":0},"south":{"uv":[6.875,4.75,7.875,5.0],"texture":"#layer0","tintindex":0},"north":{"uv":[6.875,4.5,7.875,4.75],"texture":"#layer0","tintindex":0},"west":{"uv":[7.25,1.75,8.125,2.0],"texture":"#layer0","tintindex":0},"up":{"uv":[5.0,0.875,4.0,0.0],"texture":"#layer0","tintindex":0},"down":{"uv":[4.375,4.375,5.375,5.25],"texture":"#layer0","tintindex":0}}},{"name":"head_3","from":[7.55,11.765,5.283332],"to":[8.45,12.965,5.583332],"rotation":{"angle":0.0,"axis":"z","origin":[8.0,8.0,8.0]},"faces":{"east":{"uv":[0.75,4.125,0.875,4.375],"texture":"#layer0","tintindex":0},"south":{"uv":[3.5,2.375,3.75,2.625],"texture":"#layer0","tintindex":0},"north":{"uv":[3.5,2.125,3.75,2.375],"texture":"#layer0","tintindex":0},"west":{"uv":[4.25,3.25,4.375,3.5],"texture":"#layer0","tintindex":0},"up":{"uv":[2.5,1.75,2.25,1.625],"texture":"#layer0","tintindex":0},"down":{"uv":[3.375,1.0,3.625,1.125],"texture":"#layer0","tintindex":0}}},{"name":"head_4","from":[5.3,12.815,5.583332],"to":[10.700001,14.015,10.983332],"rotation":{"angle":0.0,"axis":"z","origin":[8.0,8.0,8.0]},"faces":{"east":{"uv":[0.375,6.875,1.5,7.125],"texture":"#layer0","tintindex":0},"south":{"uv":[2.25,6.875,3.375,7.125],"texture":"#layer0","tintindex":0},"north":{"uv":[6.5,5.75,7.625,6.0],"texture":"#layer0","tintindex":0},"west":{"uv":[5.125,6.875,6.25,7.125],"texture":"#layer0","tintindex":0},"up":{"uv":[2.875,1.125,1.75,0.0],"texture":"#layer0","tintindex":0},"down":{"uv":[2.625,2.625,3.75,3.75],"texture":"#layer0","tintindex":0}}},{"name":"head_5","from":[5.45,11.615,6.183332],"to":[10.55,12.815,7.983332],"rotation":{"angle":0.0,"axis":"z","origin":[8.0,8.0,8.0]},"faces":{"east":{"uv":[5.375,5.0,5.75,5.25],"texture":"#layer0","tintindex":0},"south":{"uv":[6.875,3.75,8.0,4.0],"texture":"#layer0","tintindex":0},"north":{"uv":[6.25,6.875,7.375,7.125],"texture":"#layer0","tintindex":0},"west":{"uv":[5.625,6.125,6.0,6.375],"texture":"#layer0","tintindex":0},"up":{"uv":[7.625,3.375,6.5,3.0],"texture":"#layer0","tintindex":0},"down":{"uv":[6.5,3.375,7.625,3.75],"texture":"#layer0","tintindex":0}}},{"name":"head_6","from":[5.45,9.815001,7.983332],"to":[10.55,12.815,9.783332],"rotation":{"angle":0.0,"axis":"z","origin":[8.0,8.0,8.0]},"faces":{"east":{"uv":[6.875,5.0,7.25,5.625],"texture":"#layer0","tintindex":0},"south":{"uv":[5.5,0.875,6.625,1.5],"texture":"#layer0","tintindex":0},"north":{"uv":[5.375,4.375,6.5,5.0],"texture":"#layer0","tintindex":0},"west":{"uv":[0.375,7.125,0.75,7.75],"texture":"#layer0","tintindex":0},"up":{"uv":[7.625,6.875,6.5,6.5],"texture":"#layer0","tintindex":0},"down":{"uv":[6.5,2.625,7.625,3.0],"texture":"#layer0","tintindex":0}}},{"name":"head_7","from":[5.3,8.014999,9.783332],"to":[10.700001,12.815,10.983332],"rotation":{"angle":0.0,"axis":"z","origin":[8.0,8.0,8.0]},"faces":{"east":{"uv":[4.25,7.0,4.5,8.0],"texture":"#layer0","tintindex":0},"south":{"uv":[2.875,0.0,4.0,1.0],"texture":"#layer0","tintindex":0},"north":{"uv":[2.625,1.125,3.75,2.125],"texture":"#layer0","tintindex":0},"west":{"uv":[4.5,7.0,4.75,8.0],"texture":"#layer0","tintindex":0},"up":{"uv":[8.0,4.25,6.875,4.0],"texture":"#layer0","tintindex":0},"down":{"uv":[6.875,4.25,8.0,4.5],"texture":"#layer0","tintindex":0}}},{"name":"head_8","from":[5.1499996,7.865,10.533332],"to":[10.85,9.514999,12.1833315],"rotation":{"angle":0.0,"axis":"z","origin":[8.0,8.0,8.0]},"faces":{"east":{"uv":[0.75,7.125,1.125,7.5],"texture":"#layer0","tintindex":0},"south":{"uv":[6.0,1.5,7.25,1.875],"texture":"#layer0","tintindex":0},"north":{"uv":[6.0,6.0,7.25,6.375],"texture":"#layer0","tintindex":0},"west":{"uv":[1.125,7.125,1.5,7.5],"texture":"#layer0","tintindex":0},"up":{"uv":[7.25,2.25,6.0,1.875],"texture":"#layer0","tintindex":0},"down":{"uv":[6.0,2.25,7.25,2.625],"texture":"#layer0","tintindex":0}}}],"display":{"head":{"translation":[0.0,-6.4,0.0],"rotation":[0.0,0.0,0.0],"scale":[3.8095,3.8095,3.8095]},"gui":{"translation":[0.0,0.0,0.0],"rotation":[35.0,225.0,0.0],"scale":[0.625,0.625,0.625]}}}