{"file_name":"torso","texture_size":[128,128],"textures":{"layer0":"manamodels/hera"},"elements":[{"name":"torso_0","from":[6.2,7.097498,6.039998],"to":[9.8,12.497498,9.6399975],"rotation":{"angle":0.0,"axis":"z","origin":[8.0,8.0,8.0]},"faces":{"east":{"uv":[1.75,4.375,2.5,5.5],"texture":"#layer0","tintindex":0},"south":{"uv":[4.375,3.25,5.125,4.375],"texture":"#layer0","tintindex":0},"north":{"uv":[0.0,4.125,0.75,5.25],"texture":"#layer0","tintindex":0},"west":{"uv":[0.75,4.625,1.5,5.75],"texture":"#layer0","tintindex":0},"up":{"uv":[4.25,6.5,3.5,5.75],"texture":"#layer0","tintindex":0},"down":{"uv":[5.875,0.0,6.625,0.75],"texture":"#layer0","tintindex":0}}},{"name":"torso_1","from":[6.05,13.472499,3.3999977],"to":[9.950001,15.1224985,5.199998],"rotation":{"angle":-45.0,"axis":"x","origin":[11.6,14.822498,8.799998]},"faces":{"east":{"uv":[3.125,7.125,3.5,7.5],"texture":"#layer0","tintindex":0},"south":{"uv":[6.625,0.375,7.5,0.75],"texture":"#layer0","tintindex":0},"north":{"uv":[6.625,0.0,7.5,0.375],"texture":"#layer0","tintindex":0},"west":{"uv":[7.25,2.0,7.625,2.375],"texture":"#layer0","tintindex":0},"up":{"uv":[7.5,1.125,6.625,0.75],"texture":"#layer0","tintindex":0},"down":{"uv":[6.625,1.125,7.5,1.5],"texture":"#layer0","tintindex":0}}},{"name":"torso_2","from":[6.05,7.5474977,5.8899975],"to":[9.950001,8.477498,9.789998],"rotation":{"angle":0.0,"axis":"z","origin":[8.0,8.0,8.0]},"faces":{"east":{"uv":[5.125,7.125,6.0,7.375],"texture":"#layer0","tintindex":0},"south":{"uv":[6.0,7.125,6.875,7.375],"texture":"#layer0","tintindex":0},"north":{"uv":[2.25,7.125,3.125,7.375],"texture":"#layer0","tintindex":0},"west":{"uv":[6.875,7.125,7.75,7.375],"texture":"#layer0","tintindex":0},"up":{"uv":[5.5,2.625,4.625,1.75],"texture":"#layer0","tintindex":0},"down":{"uv":[2.5,4.875,3.375,5.75],"texture":"#layer0","tintindex":0}}}],"display":{"head":{"translation":[0.0,-6.4,0.0],"rotation":[0.0,0.0,0.0],"scale":[3.8095,3.8095,3.8095]},"gui":{"translation":[0.0,0.0,0.0],"rotation":[35.0,225.0,0.0],"scale":[0.625,0.625,0.625]}}}