{"display":{"gui":{"translation":[0.5,-0.25,0],"scale":[0.8,0.8,0.8]}},"textures":{"0":"emoji/pins/16","particle":"emoji/pins/16"},"elements":[{"from":[0,0,0],"to":[16,16,0],"faces":{"north":{"uv":[12,10,14,12],"texture":"#0","tintindex":0},"east":{"uv":[12,10,14,12],"texture":"#0","tintindex":0},"south":{"uv":[12,10,14,12],"texture":"#0","tintindex":0},"west":{"uv":[12,10,14,12],"texture":"#0","tintindex":0},"up":{"uv":[12,10,14,12],"texture":"#0","tintindex":0},"down":{"uv":[12,10,14,12],"texture":"#0","tintindex":0}}}],"gui_light":"front"}