{"display":{"gui":{"translation":[3.5,0,0],"scale":[1.2,1.2,1.2]}},"textures":{"0":"emoji/pins/16","particle":"emoji/pins/16"},"elements":[{"from":[0,0,0],"to":[16,16,0],"faces":{"north":{"uv":[12,2,14,4],"texture":"#0","tintindex":0},"east":{"uv":[12,2,14,4],"texture":"#0","tintindex":0},"south":{"uv":[12,2,14,4],"texture":"#0","tintindex":0},"west":{"uv":[12,2,14,4],"texture":"#0","tintindex":0},"up":{"uv":[12,2,14,4],"texture":"#0","tintindex":0},"down":{"uv":[12,2,14,4],"texture":"#0","tintindex":0}}}],"gui_light":"front"}