{"display":{"gui":{"scale":[0.8,0.8,1]}},"textures":{"0":"emoji/pins/16","particle":"emoji/pins/16"},"elements":[{"from":[0,0,0],"to":[16,16,0],"faces":{"north":{"uv":[10,6,12,8],"texture":"#0","tintindex":0},"east":{"uv":[10,6,12,8],"texture":"#0","tintindex":0},"south":{"uv":[10,6,12,8],"texture":"#0","tintindex":0},"west":{"uv":[10,6,12,8],"texture":"#0","tintindex":0},"up":{"uv":[10,6,12,8],"texture":"#0","tintindex":0},"down":{"uv":[10,6,12,8],"texture":"#0","tintindex":0}}}],"gui_light":"front"}