{"file_name":"backleg1","texture_size":[128,128],"textures":{"layer0":"manamodels/hound"},"elements":[{"name":"backleg1_0","from":[8.0,5.0,6.2],"to":[10.4,9.8,9.8],"rotation":{"angle":0.0,"axis":"z","origin":[8.0,8.0,8.0]},"faces":{"east":{"uv":[5.0,6.625,5.75,7.625],"texture":"#layer0","tintindex":0},"south":{"uv":[5.25,7.625,5.75,8.625],"texture":"#layer0","tintindex":0},"north":{"uv":[4.75,7.625,5.25,8.625],"texture":"#layer0","tintindex":0},"west":{"uv":[5.75,6.625,6.5,7.625],"texture":"#layer0","tintindex":0},"up":{"uv":[2.0,4.125,1.5,3.375],"texture":"#layer0","tintindex":0},"down":{"uv":[7.625,7.625,8.125,8.375],"texture":"#layer0","tintindex":0}}},{"name":"backleg1_1","from":[8.6,1.3999997,8.0],"to":[10.4,5.0,9.8],"rotation":{"angle":0.0,"axis":"z","origin":[8.0,8.0,8.0]},"faces":{"east":{"uv":[7.625,3.125,8.0,3.875],"texture":"#layer0","tintindex":0},"south":{"uv":[7.625,3.875,8.0,4.625],"texture":"#layer0","tintindex":0},"north":{"uv":[7.625,2.375,8.0,3.125],"texture":"#layer0","tintindex":0},"west":{"uv":[7.625,4.625,8.0,5.375],"texture":"#layer0","tintindex":0},"up":{"uv":[6.375,3.75,6.0,3.375],"texture":"#layer0","tintindex":0},"down":{"uv":[8.0,3.25,8.375,3.625],"texture":"#layer0","tintindex":0}}},{"name":"backleg1_2","from":[8.45,1.2499998,7.85],"to":[10.55,5.1499996,9.950001],"rotation":{"angle":0.0,"axis":"z","origin":[8.0,8.0,8.0]},"faces":{"east":{"uv":[7.875,1.25,8.25,2.0],"texture":"#layer0","tintindex":0},"south":{"uv":[1.0,8.0,1.375,8.75],"texture":"#layer0","tintindex":0},"north":{"uv":[2.25,7.875,2.625,8.625],"texture":"#layer0","tintindex":0},"west":{"uv":[1.375,8.0,1.75,8.75],"texture":"#layer0","tintindex":0},"up":{"uv":[8.375,4.0,8.0,3.625],"texture":"#layer0","tintindex":0},"down":{"uv":[8.0,4.0,8.375,4.375],"texture":"#layer0","tintindex":0}}}],"display":{"head":{"translation":[0.0,-6.4,0.0],"rotation":[0.0,0.0,0.0],"scale":[3.8095,3.8095,3.8095]},"gui":{"translation":[0.0,0.0,0.0],"rotation":[35.0,225.0,0.0],"scale":[0.625,0.625,0.625]}}}