{"file_name":"eye_right","texture_size":[128,128],"textures":{"layer0":"manamodels/gary"},"elements":[{"name":"eye_right_0","from":[7.7,8.0,7.7],"to":[8.3,13.400001,8.3],"rotation":{"angle":0.0,"axis":"z","origin":[8.0,8.0,8.0]},"faces":{"east":{"uv":[1.625,4.25,1.75,5.375],"texture":"#layer0","tintindex":0},"south":{"uv":[3.875,5.125,4.0,6.25],"texture":"#layer0","tintindex":0},"north":{"uv":[2.0,2.25,2.125,3.375],"texture":"#layer0","tintindex":0},"west":{"uv":[0.875,7.5,1.0,8.625],"texture":"#layer0","tintindex":0},"up":{"uv":[2.125,3.625,2.0,3.5],"texture":"#layer0","tintindex":0},"down":{"uv":[2.75,5.5,2.875,5.625],"texture":"#layer0","tintindex":0}}},{"name":"eye_right_1","from":[6.8,13.400001,6.8],"to":[9.2,15.8,9.2],"rotation":{"angle":0.0,"axis":"z","origin":[8.0,8.0,8.0]},"faces":{"east":{"uv":[6.125,6.75,6.625,7.25],"texture":"#layer0","tintindex":0},"south":{"uv":[6.75,6.75,7.25,7.25],"texture":"#layer0","tintindex":0},"north":{"uv":[0.0,6.25,0.5,6.75],"texture":"#layer0","tintindex":0},"west":{"uv":[0.0,6.875,0.5,7.375],"texture":"#layer0","tintindex":0},"up":{"uv":[1.125,7.375,0.625,6.875],"texture":"#layer0","tintindex":0},"down":{"uv":[6.875,0.75,7.375,1.25],"texture":"#layer0","tintindex":0}}},{"name":"eye_right_2","from":[7.7,14.3,6.785],"to":[8.3,14.900001,6.785],"rotation":{"angle":0.0,"axis":"z","origin":[8.0,8.0,8.0]},"faces":{"east":{"uv":[0.0,0.0,0.0,0.125],"texture":"#layer0","tintindex":0},"south":{"uv":[10.125,1.625,10.25,1.75],"texture":"#layer0","tintindex":0},"north":{"uv":[8.875,0.875,9.0,1.0],"texture":"#layer0","tintindex":0},"west":{"uv":[0.0,0.0,0.0,0.125],"texture":"#layer0","tintindex":0},"up":{"uv":[0.0,0.0,0.125,0.0],"texture":"#layer0","tintindex":0},"down":{"uv":[0.125,0.0,0.0,0.0],"texture":"#layer0","tintindex":0}}}],"display":{"head":{"translation":[0.0,-6.4,0.0],"rotation":[0.0,0.0,0.0],"scale":[3.8095,3.8095,3.8095]},"gui":{"translation":[0.0,0.0,0.0],"rotation":[35.0,225.0,0.0],"scale":[0.625,0.625,0.625]}}}