{"file_name":"bone53","texture_size":[128,128],"textures":{"layer0":"manamodels/giant_squid"},"elements":[{"name":"bone53_0","from":[4.9333334,0.9499998,6.98],"to":[6.7333336,8.15,8.93],"rotation":{"angle":0.0,"axis":"z","origin":[8.0,8.0,8.0]},"faces":{"east":{"uv":[11.125,13.0,10.75,14.5],"texture":"#layer0","tintindex":0},"south":{"uv":[11.125,13.0,10.75,14.5],"texture":"#layer0","tintindex":0},"north":{"uv":[11.125,13.0,10.75,14.5],"texture":"#layer0","tintindex":0},"west":{"uv":[11.125,13.0,10.75,14.5],"texture":"#layer0","tintindex":0},"up":{"uv":[14.125,2.375,14.5,2.0],"texture":"#layer0","tintindex":0},"down":{"uv":[14.5,11.875,14.125,12.25],"texture":"#layer0","tintindex":0}}}],"display":{"head":{"translation":[0.0,-6.4,0.0],"rotation":[0.0,0.0,0.0],"scale":[3.8095,3.8095,3.8095]},"gui":{"translation":[0.0,0.0,0.0],"rotation":[35.0,225.0,0.0],"scale":[0.625,0.625,0.625]}}}