{"file_name":"bone55","texture_size":[128,128],"textures":{"layer0":"manamodels/giant_squid"},"elements":[{"name":"bone55_0","from":[4.3333335,3.1999998,6.35],"to":[7.3333335,8.0,9.5],"rotation":{"angle":0.0,"axis":"z","origin":[8.0,8.0,8.0]},"faces":{"east":{"uv":[5.25,11.375,5.875,12.375],"texture":"#layer0","tintindex":0},"south":{"uv":[5.25,11.375,5.875,12.375],"texture":"#layer0","tintindex":0},"north":{"uv":[5.25,11.375,5.875,12.375],"texture":"#layer0","tintindex":0},"west":{"uv":[5.25,11.375,5.875,12.375],"texture":"#layer0","tintindex":0},"up":{"uv":[13.375,0.625,14.0,1.25],"texture":"#layer0","tintindex":0},"down":{"uv":[14.0,13.375,13.375,12.75],"texture":"#layer0","tintindex":0}}}],"display":{"head":{"translation":[0.0,-6.4,0.0],"rotation":[0.0,0.0,0.0],"scale":[3.8095,3.8095,3.8095]},"gui":{"translation":[0.0,0.0,0.0],"rotation":[35.0,225.0,0.0],"scale":[0.625,0.625,0.625]}}}