{"file_name":"bone50","texture_size":[128,128],"textures":{"layer0":"manamodels/giant_squid"},"elements":[{"name":"bone50_0","from":[4.633333,2.6,6.6499996],"to":[7.033334,8.0,9.2],"rotation":{"angle":0.0,"axis":"z","origin":[8.0,8.0,8.0]},"faces":{"east":{"uv":[13.25,8.0,12.75,9.125],"texture":"#layer0","tintindex":0},"south":{"uv":[13.25,8.0,12.75,9.125],"texture":"#layer0","tintindex":0},"north":{"uv":[13.25,8.0,12.75,9.125],"texture":"#layer0","tintindex":0},"west":{"uv":[13.25,8.0,12.75,9.125],"texture":"#layer0","tintindex":0},"up":{"uv":[11.125,14.0,11.625,13.5],"texture":"#layer0","tintindex":0},"down":{"uv":[5.875,13.875,5.375,14.375],"texture":"#layer0","tintindex":0}}}],"display":{"head":{"translation":[0.0,-6.4,0.0],"rotation":[0.0,0.0,0.0],"scale":[3.8095,3.8095,3.8095]},"gui":{"translation":[0.0,0.0,0.0],"rotation":[35.0,225.0,0.0],"scale":[0.625,0.625,0.625]}}}