{"display":{"thirdperson_righthand":{"translation":[0,5,0],"scale":[0.7,0.7,0.7]},"thirdperson_lefthand":{"translation":[0,5,0],"scale":[0.7,0.7,0.7]},"firstperson_righthand":{"translation":[3,4.25,0]},"firstperson_lefthand":{"translation":[3,4.25,0]},"ground":{"translation":[0,1.5,0],"scale":[0.7,0.7,0.7]},"gui":{"rotation":[29,-34,0],"translation":[0,7.75,0],"scale":[2,2,2]}},"textures":{"1":"crates/arctic21_crate/flask"},"elements":[{"from":[5,0,7],"to":[11,7,9],"rotation":{"angle":0,"axis":"y","origin":[9,0,8]},"faces":{"north":{"uv":[2,2,8,9],"texture":"#1"},"east":{"uv":[0,2,2,9],"texture":"#1"},"south":{"uv":[10,2,16,9],"texture":"#1"},"west":{"uv":[8,2,10,9],"texture":"#1"},"up":{"uv":[8,2,2,0],"texture":"#1"},"down":{"uv":[14,0,8,2],"texture":"#1"}}},{"from":[7.2,6.2,7.2],"to":[8.8,7.8,8.8],"rotation":{"angle":0,"axis":"y","origin":[8,0,8]},"faces":{"north":{"uv":[2,11,4,13],"texture":"#1"},"east":{"uv":[0,11,2,13],"texture":"#1"},"south":{"uv":[6,11,8,13],"texture":"#1"},"west":{"uv":[4,11,6,13],"texture":"#1"},"up":{"uv":[4,11,2,9],"texture":"#1"},"down":{"uv":[6,9,4,11],"texture":"#1"}}}],"gui_light":"front"}