{"credit":"Made with Blockbench","texture_size":[80,48],"textures":{"0":"manalabs:crops/strawberry/strawberry_block","particle":"manalabs:crops/strawberry/strawberry_block"},"elements":[{"from":[8,0,0.5],"to":[8,8,15.5],"faces":{"north":{"uv":[0,8,0,10.66667],"texture":"#0"},"east":{"uv":[9.6,13.33333,6.6,16],"texture":"#0"},"south":{"uv":[0,8,0,10.66667],"texture":"#0"},"west":{"uv":[6.6,13.33333,9.6,16],"texture":"#0"},"up":{"uv":[0,0,0,15],"texture":"#0"},"down":{"uv":[0,0,0,15],"texture":"#0"}}},{"from":[0.5,0,8],"to":[15.5,8,8],"rotation":{"angle":0,"axis":"y","origin":[8,16,8]},"faces":{"north":{"uv":[9.6,13.33333,6.6,16],"texture":"#0"},"east":{"uv":[0,8,0,10.66667],"texture":"#0"},"south":{"uv":[6.6,13.33333,9.6,16],"texture":"#0"},"west":{"uv":[0,8,0,10.66667],"texture":"#0"},"up":{"uv":[0,0,0,15],"rotation":270,"texture":"#0"},"down":{"uv":[0,0,0,15],"rotation":90,"texture":"#0"}}},{"from":[0.5,8,8],"to":[15.5,17,8],"rotation":{"angle":-22.5,"axis":"x","origin":[8,8,8]},"faces":{"north":{"uv":[9.6,10.33333,6.6,13.33333],"texture":"#0"},"east":{"uv":[0,0,1.6,0],"rotation":270,"texture":"#0"},"south":{"uv":[6.6,10.33333,9.6,13.33333],"texture":"#0"},"west":{"uv":[0,0,1.6,0],"rotation":90,"texture":"#0"},"up":{"uv":[0,0,3,0],"rotation":180,"texture":"#0"},"down":{"uv":[0,0,3,0],"texture":"#0"}}},{"from":[8,8,0.5],"to":[8,17,15.5],"rotation":{"angle":-22.5,"axis":"z","origin":[8,8,8]},"faces":{"north":{"uv":[0,0,1.6,0],"rotation":90,"texture":"#0"},"east":{"uv":[9.6,10.33333,6.6,13.33333],"texture":"#0"},"south":{"uv":[0,0,1.6,0],"rotation":270,"texture":"#0"},"west":{"uv":[6.6,10.33333,9.6,13.33333],"texture":"#0"},"up":{"uv":[0,0,3,0],"rotation":270,"texture":"#0"},"down":{"uv":[0,0,3,0],"rotation":270,"texture":"#0"}}},{"from":[0.5,8,8],"to":[15.5,17,8],"rotation":{"angle":22.5,"axis":"x","origin":[8,8,8]},"faces":{"north":{"uv":[6.6,10.33333,9.6,13.33333],"texture":"#0"},"east":{"uv":[0,0,1.6,0],"rotation":90,"texture":"#0"},"south":{"uv":[6.6,10.33333,9.6,13.33333],"texture":"#0"},"west":{"uv":[0,0,1.6,0],"rotation":270,"texture":"#0"},"up":{"uv":[0,0,3,0],"texture":"#0"},"down":{"uv":[0,0,3,0],"rotation":180,"texture":"#0"}}},{"from":[8,8,0.5],"to":[8,17,15.5],"rotation":{"angle":22.5,"axis":"z","origin":[8,8,8]},"faces":{"north":{"uv":[0,0,1.6,0],"rotation":270,"texture":"#0"},"east":{"uv":[6.6,10.33333,9.6,13.33333],"texture":"#0"},"south":{"uv":[0,0,1.6,0],"rotation":90,"texture":"#0"},"west":{"uv":[9.6,10.33333,6.6,13.33333],"texture":"#0"},"up":{"uv":[0,0,3,0],"rotation":90,"texture":"#0"},"down":{"uv":[0,0,3,0],"rotation":90,"texture":"#0"}}},{"from":[5,7,5],"to":[7,9,7],"rotation":{"angle":22.5,"axis":"x","origin":[6,7.5,6]},"faces":{"north":{"uv":[0,0.66667,0.4,1.33333],"texture":"#0"},"east":{"uv":[0.4,0.66667,0,1.33333],"texture":"#0"},"south":{"uv":[0,0.66667,0.4,1.33333],"texture":"#0"},"west":{"uv":[0.4,0.66667,0,1.33333],"texture":"#0"},"up":{"uv":[0,0,0.4,0.66667],"texture":"#0"},"down":{"uv":[0,0.66667,0.4,1.33333],"texture":"#0"}}},{"from":[5.5,6.5,5.5],"to":[6.5,7.5,6.5],"rotation":{"angle":22.5,"axis":"x","origin":[6,7.5,6]},"faces":{"north":{"uv":[0,1.33333,0.2,1.66667],"texture":"#0"},"east":{"uv":[0,1.33333,0.2,1.66667],"texture":"#0"},"south":{"uv":[0,1.33333,0.2,1.66667],"texture":"#0"},"west":{"uv":[0,1.33333,0.2,1.66667],"texture":"#0"},"up":{"uv":[0,1.33333,0.2,1.66667],"texture":"#0"},"down":{"uv":[0,1.33333,0.2,1.66667],"texture":"#0"}}},{"from":[9,3,6],"to":[11,5,8],"rotation":{"angle":22.5,"axis":"z","origin":[10,3.5,7]},"faces":{"north":{"uv":[0,0.66667,0.4,1.33333],"texture":"#0"},"east":{"uv":[0.4,0.66667,0,1.33333],"texture":"#0"},"south":{"uv":[0,0.66667,0.4,1.33333],"texture":"#0"},"west":{"uv":[0.4,0.66667,0,1.33333],"texture":"#0"},"up":{"uv":[0,0,0.4,0.66667],"texture":"#0"},"down":{"uv":[0,0.66667,0.4,1.33333],"texture":"#0"}}},{"from":[9.5,2.5,6.5],"to":[10.5,3.5,7.5],"rotation":{"angle":22.5,"axis":"z","origin":[10,3.5,7]},"faces":{"north":{"uv":[0,1.33333,0.2,1.66667],"texture":"#0"},"east":{"uv":[0,1.33333,0.2,1.66667],"texture":"#0"},"south":{"uv":[0,1.33333,0.2,1.66667],"texture":"#0"},"west":{"uv":[0,1.33333,0.2,1.66667],"texture":"#0"},"up":{"uv":[0,1.33333,0.2,1.66667],"texture":"#0"},"down":{"uv":[0,1.33333,0.2,1.66667],"texture":"#0"}}},{"from":[4,3,8],"to":[6,5,10],"rotation":{"angle":22.5,"axis":"y","origin":[5,3.5,10]},"faces":{"north":{"uv":[0,0.66667,0.4,1.33333],"texture":"#0"},"east":{"uv":[0.4,0.66667,0,1.33333],"texture":"#0"},"south":{"uv":[0,0.66667,0.4,1.33333],"texture":"#0"},"west":{"uv":[0.4,0.66667,0,1.33333],"texture":"#0"},"up":{"uv":[0,0,0.4,0.66667],"texture":"#0"},"down":{"uv":[0,0.66667,0.4,1.33333],"texture":"#0"}}},{"from":[4.5,2.5,8.5],"to":[5.5,3.5,9.5],"rotation":{"angle":22.5,"axis":"y","origin":[5,3.5,10]},"faces":{"north":{"uv":[0,1.33333,0.2,1.66667],"texture":"#0"},"east":{"uv":[0,1.33333,0.2,1.66667],"texture":"#0"},"south":{"uv":[0,1.33333,0.2,1.66667],"texture":"#0"},"west":{"uv":[0,1.33333,0.2,1.66667],"texture":"#0"},"up":{"uv":[0,1.33333,0.2,1.66667],"texture":"#0"},"down":{"uv":[0,1.33333,0.2,1.66667],"texture":"#0"}}},{"from":[9,6,9],"to":[11,8,11],"rotation":{"angle":-22.5,"axis":"x","origin":[10,6.5,10]},"faces":{"north":{"uv":[0,0.66667,0.4,1.33333],"texture":"#0"},"east":{"uv":[0.4,0.66667,0,1.33333],"texture":"#0"},"south":{"uv":[0,0.66667,0.4,1.33333],"texture":"#0"},"west":{"uv":[0.4,0.66667,0,1.33333],"texture":"#0"},"up":{"uv":[0,0,0.4,0.66667],"texture":"#0"},"down":{"uv":[0,0.66667,0.4,1.33333],"texture":"#0"}}},{"from":[9.5,5.5,9.5],"to":[10.5,6.5,10.5],"rotation":{"angle":-22.5,"axis":"x","origin":[10,6.5,10]},"faces":{"north":{"uv":[0,1.33333,0.2,1.66667],"texture":"#0"},"east":{"uv":[0,1.33333,0.2,1.66667],"texture":"#0"},"south":{"uv":[0,1.33333,0.2,1.66667],"texture":"#0"},"west":{"uv":[0,1.33333,0.2,1.66667],"texture":"#0"},"up":{"uv":[0,1.33333,0.2,1.66667],"texture":"#0"},"down":{"uv":[0,1.33333,0.2,1.66667],"texture":"#0"}}}],"gui_light":"front","display":{"thirdperson_righthand":{"translation":[0,5,2]},"thirdperson_lefthand":{"translation":[0,5,2]},"firstperson_righthand":{"rotation":[0,-90,25],"translation":[1.13,3.2,1.13],"scale":[0.68,0.68,0.68]},"firstperson_lefthand":{"rotation":[0,-90,25],"translation":[1.13,3.2,1.13],"scale":[0.68,0.68,0.68]},"gui":{"rotation":[30,45,0],"translation":[0,-3,0],"scale":[0.5,0.5,0.5]},"head":{"translation":[0,-31.75,0],"scale":[1.5,1.5,1.5]},"fixed":{"rotation":[-90,0,0],"translation":[0,0,-16],"scale":[2,2,2]}},"groups":[0,1,2,3,4,5,{"name":"group","origin":[0,0,0],"color":0,"children":[6,7]},{"name":"group","origin":[0,0,0],"color":0,"children":[8,9]},{"name":"group","origin":[0,0,0],"color":0,"children":[10,11]},{"name":"group","origin":[0,0,0],"color":0,"children":[12,13]}]}