{"credit":"Copyright ManaLabs Inc","texture_size":[64,64],"textures":{"0":"manalabs:crates/zodiac/fish_hat","particle":"manalabs:crates/zodiac/fish_hat"},"elements":[{"from":[1.5,6.85355,8.35355],"to":[10.5,9.85355,11.35355],"rotation":{"angle":0,"axis":"y","origin":[6,8.35355,9.85355]},"faces":{"north":{"uv":[7.25,1.75,9.5,2.5],"texture":"#0"},"east":{"uv":[7.25,9.25,8,10],"texture":"#0"},"south":{"uv":[7.25,2.5,9.5,3.25],"texture":"#0"},"west":{"uv":[8,9.25,8.75,10],"texture":"#0"},"up":{"uv":[9.5,4,7.25,3.25],"texture":"#0"},"down":{"uv":[9.5,4,7.25,4.75],"texture":"#0"}}},{"from":[5.5,6.85355,8.35355],"to":[14.5,9.85355,11.35355],"rotation":{"angle":0,"axis":"y","origin":[10,8.35355,9.85355]},"faces":{"north":{"uv":[9.5,1.75,7.25,2.5],"texture":"#0"},"east":{"uv":[8.75,9.25,8,10],"texture":"#0"},"south":{"uv":[9.5,2.5,7.25,3.25],"texture":"#0"},"west":{"uv":[8,9.25,7.25,10],"texture":"#0"},"up":{"uv":[7.25,4,9.5,3.25],"texture":"#0"},"down":{"uv":[7.25,4,9.5,4.75],"texture":"#0"}}},{"from":[3.5,5,6],"to":[12.5,13,15],"rotation":{"angle":45,"axis":"x","origin":[8,8,9.5]},"faces":{"north":{"uv":[2.75,4.5,5,6.5],"texture":"#0"},"east":{"uv":[7.25,4,5,6],"texture":"#0"},"south":{"uv":[2.75,4.5,5,6.5],"texture":"#0"},"west":{"uv":[5,4,7.25,6],"texture":"#0"},"up":{"uv":[5,2.25,2.75,0],"texture":"#0"},"down":{"uv":[5,2.25,2.75,4.5],"texture":"#0"}}},{"from":[7,8.45711,6.5],"to":[9,15.45711,10.5],"rotation":{"angle":22.5,"axis":"x","origin":[8,9.45711,8]},"faces":{"north":{"uv":[1.25,9,1.75,10.75],"texture":"#0"},"east":{"uv":[4,6.5,5,8.25],"texture":"#0"},"south":{"uv":[1.75,9,2.25,10.75],"texture":"#0"},"west":{"uv":[1.5,7.25,2.5,9],"texture":"#0"},"up":{"uv":[1.25,10.5,0.75,9.5],"texture":"#0"},"down":{"uv":[10,1.5,9.5,2.5],"texture":"#0"}}},{"from":[2.5,7.5,12.5],"to":[3.5,10.5,18.5],"rotation":{"angle":-22.5,"axis":"y","origin":[7,7,16.5]},"faces":{"north":{"uv":[2.5,7.25,2.75,8],"texture":"#0"},"east":{"uv":[6.5,8.5,8,9.25],"texture":"#0"},"south":{"uv":[1.25,8.25,1.5,9],"texture":"#0"},"west":{"uv":[8,8.5,9.5,9.25],"texture":"#0"},"up":{"uv":[2.5,10.5,2.25,9],"texture":"#0"},"down":{"uv":[2.75,9.5,2.5,11],"texture":"#0"}}},{"from":[12.5,7.5,12.5],"to":[13.5,10.5,18.5],"rotation":{"angle":22.5,"axis":"y","origin":[9,7,16.5]},"faces":{"north":{"uv":[2.75,7.25,2.5,8],"texture":"#0"},"east":{"uv":[9.5,8.5,8,9.25],"texture":"#0"},"south":{"uv":[1.5,8.25,1.25,9],"texture":"#0"},"west":{"uv":[8,8.5,6.5,9.25],"texture":"#0"},"up":{"uv":[2.25,10.5,2.5,9],"texture":"#0"},"down":{"uv":[2.5,9.5,2.75,11],"texture":"#0"}}},{"from":[5.5,5.5,12.5],"to":[10.5,12.5,17.5],"rotation":{"angle":0,"axis":"y","origin":[8,10,7.5]},"faces":{"north":{"uv":[1.5,5.5,2.75,7.25],"texture":"#0"},"east":{"uv":[2.75,6.5,4,8.25],"texture":"#0"},"south":{"uv":[6.5,6,7.75,7.75],"texture":"#0"},"west":{"uv":[7.25,0,8.5,1.75],"texture":"#0"},"up":{"uv":[1.25,9.5,0,8.25],"texture":"#0"},"down":{"uv":[3.75,8.25,2.5,9.5],"texture":"#0"}}},{"from":[7,3.5,14.5],"to":[9,14.5,20.5],"rotation":{"angle":0,"axis":"y","origin":[8.5,10,7.5]},"faces":{"north":{"uv":[3.75,8.25,4.25,11],"texture":"#0"},"east":{"uv":[0,5.5,1.5,8.25],"texture":"#0"},"south":{"uv":[4.25,8.25,4.75,11],"texture":"#0"},"west":{"uv":[5,6,6.5,8.75],"texture":"#0"},"up":{"uv":[6.75,10.75,6.25,9.25],"texture":"#0"},"down":{"uv":[7.25,9.25,6.75,10.75],"texture":"#0"}}},{"from":[2.5,4,5],"to":[13.5,6,16],"rotation":{"angle":45,"axis":"x","origin":[8,8,9.5]},"faces":{"north":{"uv":[7.75,7,10.5,7.5],"texture":"#0"},"east":{"uv":[8.5,0,11.25,0.5],"texture":"#0"},"south":{"uv":[8.5,0.5,11.25,1],"texture":"#0"},"west":{"uv":[8.5,1,11.25,1.5],"texture":"#0"},"up":{"uv":[2.75,2.75,0,0],"texture":"#0"},"down":{"uv":[2.75,2.75,0,5.5],"texture":"#0"}}}],"display":{"thirdperson_righthand":{"rotation":[75,45,0],"translation":[0,2.5,0],"scale":[0.375,0.375,0.375]},"thirdperson_lefthand":{"rotation":[75,45,0],"translation":[0,2.5,0],"scale":[0.375,0.375,0.375]},"firstperson_righthand":{"rotation":[0,8,0],"translation":[2.5,2,0],"scale":[0.4,0.4,0.4]},"firstperson_lefthand":{"rotation":[0,8,0],"translation":[2.5,2,0],"scale":[0.4,0.4,0.4]},"ground":{"translation":[0,3,0],"scale":[0.35,0.35,0.35]},"gui":{"rotation":[30,123,0],"translation":[-2.25,-0.75,0],"scale":[0.725,0.725,0.725]},"head":{"translation":[0,5.5,-0.25],"scale":[1.6,1.6,1.6]},"fixed":{"rotation":[0,90,0],"translation":[-5,0,0]}},"groups":[{"name":"root","origin":[8,8,8],"color":0,"children":[0,1,2,3,4,5,6,7,8]}]}