{"file_name":"arm_right","texture_size":[64,64],"textures":{"layer0":"manamodels/flying_happy"},"elements":[{"name":"arm_right_0","from":[8.0,6.5,7.7],"to":[8.6,7.1,8.3],"rotation":{"angle":45.0,"axis":"y","origin":[8.3,6.8,8.0]},"faces":{"east":{"uv":[8.0,4.75,8.25,5.0],"texture":"#layer0","tintindex":0},"south":{"uv":[5.5,8.0,5.75,8.25],"texture":"#layer0","tintindex":0},"north":{"uv":[8.0,4.25,8.25,4.5],"texture":"#layer0","tintindex":0},"west":{"uv":[8.0,6.5,8.25,6.75],"texture":"#layer0","tintindex":0},"up":{"uv":[7.25,8.25,7.0,8.0],"texture":"#layer0","tintindex":0},"down":{"uv":[8.0,7.0,8.25,7.25],"texture":"#layer0","tintindex":0}}},{"name":"arm_right_1","from":[8.0,7.1,7.7],"to":[8.6,8.3,8.3],"rotation":{"angle":0.0,"axis":"z","origin":[8.0,8.0,8.0]},"faces":{"east":{"uv":[1.5,7.25,1.75,7.75],"texture":"#layer0","tintindex":0},"south":{"uv":[2.0,7.25,2.25,7.75],"texture":"#layer0","tintindex":0},"north":{"uv":[1.0,7.25,1.25,7.75],"texture":"#layer0","tintindex":0},"west":{"uv":[5.75,7.25,6.0,7.75],"texture":"#layer0","tintindex":0},"up":{"uv":[8.25,7.75,8.0,7.5],"texture":"#layer0","tintindex":0},"down":{"uv":[8.0,8.0,8.25,8.25],"texture":"#layer0","tintindex":0}}}],"display":{"head":{"translation":[0.0,-6.4,0.0],"rotation":[0.0,0.0,0.0],"scale":[3.8095,3.8095,3.8095]},"gui":{"translation":[0.0,0.0,0.0],"rotation":[35.0,225.0,0.0],"scale":[0.625,0.625,0.625]}}}