{"file_name":"torso","texture_size":[64,64],"textures":{"layer0":"manamodels/flying_happy"},"elements":[{"name":"torso_0","from":[6.8,6.2,6.8],"to":[9.2,9.2,9.2],"rotation":{"angle":0.0,"axis":"z","origin":[8.0,8.0,8.0]},"faces":{"east":{"uv":[0.0,5.25,1.0,6.5],"texture":"#layer0","tintindex":0},"south":{"uv":[5.25,0.0,6.25,1.25],"texture":"#layer0","tintindex":0},"north":{"uv":[1.75,4.75,2.75,6.0],"texture":"#layer0","tintindex":0},"west":{"uv":[3.0,5.5,4.0,6.75],"texture":"#layer0","tintindex":0},"up":{"uv":[5.25,6.5,4.25,5.5],"texture":"#layer0","tintindex":0},"down":{"uv":[5.5,5.5,6.5,6.5],"texture":"#layer0","tintindex":0}}},{"name":"torso_1","from":[7.7,6.2,9.2],"to":[8.3,6.8,10.4],"rotation":{"angle":0.0,"axis":"z","origin":[8.0,8.0,8.0]},"faces":{"east":{"uv":[4.75,7.75,5.25,8.0],"texture":"#layer0","tintindex":0},"south":{"uv":[8.75,0.5,9.0,0.75],"texture":"#layer0","tintindex":0},"north":{"uv":[8.75,0.0,9.0,0.25],"texture":"#layer0","tintindex":0},"west":{"uv":[6.25,7.75,6.75,8.0],"texture":"#layer0","tintindex":0},"up":{"uv":[0.75,8.25,0.5,7.75],"texture":"#layer0","tintindex":0},"down":{"uv":[7.5,7.75,7.75,8.25],"texture":"#layer0","tintindex":0}}},{"name":"torso_2","from":[7.715,5.188964,11.31719],"to":[8.285,5.788964,13.11719],"rotation":{"angle":-22.5,"axis":"x","origin":[8.0,3.3889637,8.31719]},"faces":{"east":{"uv":[3.0,4.75,3.75,5.0],"texture":"#layer0","tintindex":0},"south":{"uv":[8.75,1.5,9.0,1.75],"texture":"#layer0","tintindex":0},"north":{"uv":[8.75,1.0,9.0,1.25],"texture":"#layer0","tintindex":0},"west":{"uv":[6.5,2.0,7.25,2.25],"texture":"#layer0","tintindex":0},"up":{"uv":[5.0,7.5,4.75,6.75],"texture":"#layer0","tintindex":0},"down":{"uv":[5.25,6.75,5.5,7.5],"texture":"#layer0","tintindex":0}}}],"display":{"head":{"translation":[0.0,-6.4,0.0],"rotation":[0.0,0.0,0.0],"scale":[3.8095,3.8095,3.8095]},"gui":{"translation":[0.0,0.0,0.0],"rotation":[35.0,225.0,0.0],"scale":[0.625,0.625,0.625]}}}