{"display":{"thirdperson_righthand":{"translation":[0,0,4.5],"scale":[0.5,0.5,0.5]},"thirdperson_lefthand":{"translation":[0,0,4.5],"scale":[0.5,0.5,0.5]},"firstperson_righthand":{"rotation":[0,-90,0],"translation":[-4.25,0,0],"scale":[0.7,0.7,0.7]},"firstperson_lefthand":{"rotation":[0,90,0],"translation":[4.75,0,0],"scale":[0.7,0.7,0.7]},"ground":{"translation":[0,1,3],"scale":[0.4,0.4,0.4]},"gui":{"rotation":[0,-25,32],"translation":[-2.25,-0.5,0],"scale":[0.6,0.6,0.6]},"head":{"rotation":[8,0,22.5],"translation":[0,-19,14.25],"scale":[2,2,2]},"fixed":{"translation":[0,-1,3.75],"scale":[0.7,0.7,0.7]}},"texture_size":[64,64],"textures":{"0":"furniture/anchor","particle":"furniture/anchor"},"elements":[{"from":[6,-5,0],"to":[10,11,2],"faces":{"north":{"uv":[2,2,3,6],"texture":"#0"},"east":{"uv":[0,5.75,0.5,9.75],"texture":"#0"},"south":{"uv":[3,3,4,7],"texture":"#0"},"west":{"uv":[0.5,5.75,1,9.75],"texture":"#0"},"up":{"uv":[4,3,3,2.5],"texture":"#0"},"down":{"uv":[2,8.75,1,9.25],"texture":"#0"}}},{"from":[8,-6,-1],"to":[8,17,3],"rotation":{"angle":0,"axis":"y","origin":[0.5,0,-1]},"faces":{"north":{"uv":[0,0,0,5.75],"texture":"#0"},"east":{"uv":[0,0,1,5.75],"texture":"#0"},"south":{"uv":[0,0,0,5.75],"texture":"#0"},"west":{"uv":[1,1,2,6.75],"texture":"#0"},"up":{"uv":[0,1,0,0],"texture":"#0"},"down":{"uv":[0,0,0,1],"texture":"#0"}}},{"from":[5,-14,0.525],"to":[8,-11,1.475],"rotation":{"angle":45,"axis":"z","origin":[-2,-7,0]},"faces":{"north":{"uv":[1,0,1.75,0.75],"texture":"#0"},"east":{"uv":[2.75,6,3,6.75],"texture":"#0"},"south":{"uv":[3,1.75,3.75,2.5],"texture":"#0"},"west":{"uv":[5.5,8.25,5.75,9],"texture":"#0"},"up":{"uv":[1.75,1,1,0.75],"texture":"#0"},"down":{"uv":[2.75,1.75,2,2],"texture":"#0"}}},{"from":[7,11,0],"to":[9,17,2],"faces":{"north":{"uv":[2.75,8.25,3.25,9.75],"texture":"#0"},"east":{"uv":[3.25,8.25,3.75,9.75],"texture":"#0"},"south":{"uv":[3.75,8.25,4.25,9.75],"texture":"#0"},"west":{"uv":[4.25,8.25,4.75,9.75],"texture":"#0"},"up":{"uv":[0.5,10.25,0,9.75],"texture":"#0"},"down":{"uv":[1,9.75,0.5,10.25],"texture":"#0"}}},{"from":[6.5,11,1],"to":[9.5,17,1],"faces":{"north":{"uv":[5.75,7.5,6.5,9],"texture":"#0"},"east":{"uv":[0,0,0,1.5],"texture":"#0"},"south":{"uv":[7.75,3,8.5,4.5],"texture":"#0"},"west":{"uv":[0,0,0,1.5],"texture":"#0"},"up":{"uv":[0.75,0,0,0],"texture":"#0"},"down":{"uv":[0.75,0,0,0],"texture":"#0"}}},{"from":[-6.18198,15.62563,0.025],"to":[-3.18198,16.62563,1.975],"rotation":{"angle":-45,"axis":"z","origin":[3.31802,4.62563,1]},"faces":{"north":{"uv":[9.75,7.25,10.5,7.5],"texture":"#0"},"east":{"uv":[6.5,10.25,7,10.5],"texture":"#0"},"south":{"uv":[9.75,7.5,10.5,7.75],"texture":"#0"},"west":{"uv":[7.25,10.25,7.75,10.5],"texture":"#0"},"up":{"uv":[10,5,9.25,4.5],"texture":"#0"},"down":{"uv":[10,6.25,9.25,6.75],"texture":"#0"}}},{"from":[4.37868,19.12132,0],"to":[5.37868,22.12132,2],"rotation":{"angle":0,"axis":"y","origin":[-6.62132,12.62132,1]},"faces":{"north":{"uv":[2.25,10,2.5,10.75],"texture":"#0"},"east":{"uv":[1,9.5,1.5,10.25],"texture":"#0"},"south":{"uv":[2.5,10,2.75,10.75],"texture":"#0"},"west":{"uv":[1.5,9.5,2,10.25],"texture":"#0"},"up":{"uv":[8,10.75,7.75,10.25],"texture":"#0"},"down":{"uv":[8.25,10.25,8,10.75],"texture":"#0"}}},{"from":[-6.18198,24.61701,0.025],"to":[-3.18198,25.61701,1.975],"rotation":{"angle":45,"axis":"z","origin":[3.31802,36.61701,1]},"faces":{"north":{"uv":[9.75,8,10.5,8.25],"texture":"#0"},"east":{"uv":[8.25,10.25,8.75,10.5],"texture":"#0"},"south":{"uv":[9.75,8.25,10.5,8.5],"texture":"#0"},"west":{"uv":[8.75,10.25,9.25,10.5],"texture":"#0"},"up":{"uv":[2.75,10,2,9.5],"texture":"#0"},"down":{"uv":[10.25,9.5,9.5,10],"texture":"#0"}}},{"from":[6.5,17,0],"to":[9.5,18,2],"rotation":{"angle":0,"axis":"y","origin":[0,6,1]},"faces":{"north":{"uv":[9.5,8.75,10.25,9],"texture":"#0"},"east":{"uv":[1.25,10.25,1.75,10.5],"texture":"#0"},"south":{"uv":[9.5,9.25,10.25,9.5],"texture":"#0"},"west":{"uv":[2.75,10.25,3.25,10.5],"texture":"#0"},"up":{"uv":[7.75,3.5,7,3],"texture":"#0"},"down":{"uv":[2.75,8.75,2,9.25],"texture":"#0"}}},{"from":[19.18198,15.62563,0.025],"to":[22.18198,16.62563,1.975],"rotation":{"angle":45,"axis":"z","origin":[12.68198,4.62563,1]},"faces":{"north":{"uv":[9.75,1,10.5,1.25],"texture":"#0"},"east":{"uv":[3.25,10.25,3.75,10.5],"texture":"#0"},"south":{"uv":[9.75,1.25,10.5,1.5],"texture":"#0"},"west":{"uv":[3.75,10.25,4.25,10.5],"texture":"#0"},"up":{"uv":[5.5,9.75,4.75,9.25],"texture":"#0"},"down":{"uv":[6.25,9.25,5.5,9.75],"texture":"#0"}}},{"from":[10.62132,19.12132,0],"to":[11.62132,22.12132,2],"rotation":{"angle":0,"axis":"y","origin":[22.62132,12.62132,1]},"faces":{"north":{"uv":[9.25,9.75,9.5,10.5],"texture":"#0"},"east":{"uv":[6.25,9.25,6.75,10],"texture":"#0"},"south":{"uv":[2,10,2.25,10.75],"texture":"#0"},"west":{"uv":[6.75,9.25,7.25,10],"texture":"#0"},"up":{"uv":[2,10.75,1.75,10.25],"texture":"#0"},"down":{"uv":[4.5,10.25,4.25,10.75],"texture":"#0"}}},{"from":[19.18198,24.61701,0.025],"to":[22.18198,25.61701,1.975],"rotation":{"angle":-45,"axis":"z","origin":[12.68198,36.61701,1]},"faces":{"north":{"uv":[9.75,5.75,10.5,6],"texture":"#0"},"east":{"uv":[5.5,10.25,6,10.5],"texture":"#0"},"south":{"uv":[9.75,6,10.5,6.25],"texture":"#0"},"west":{"uv":[6,10.25,6.5,10.5],"texture":"#0"},"up":{"uv":[9.5,9.75,8.75,9.25],"texture":"#0"},"down":{"uv":[10,3.5,9.25,4],"texture":"#0"}}},{"from":[6.5,23.24264,0],"to":[9.5,24.24264,2],"rotation":{"angle":0,"axis":"y","origin":[0,35.24264,1]},"faces":{"north":{"uv":[9.75,3,10.5,3.25],"texture":"#0"},"east":{"uv":[4.5,10.25,5,10.5],"texture":"#0"},"south":{"uv":[9.75,3.25,10.5,3.5],"texture":"#0"},"west":{"uv":[5,10.25,5.5,10.5],"texture":"#0"},"up":{"uv":[8,9.75,7.25,9.25],"texture":"#0"},"down":{"uv":[8.75,9.25,8,9.75],"texture":"#0"}}},{"from":[4.63883,-3.39804,-0.5],"to":[11.63883,-2.39804,2.5],"rotation":{"angle":22.5,"axis":"z","origin":[10.63883,5.15196,-0.5]},"faces":{"north":{"uv":[8.75,1.75,10.5,2],"texture":"#0"},"east":{"uv":[6.25,10,7,10.25],"texture":"#0"},"south":{"uv":[8.75,2,10.5,2.25],"texture":"#0"},"west":{"uv":[9.5,10,10.25,10.25],"texture":"#0"},"up":{"uv":[8.5,0.75,6.75,0],"texture":"#0"},"down":{"uv":[8.5,0.75,6.75,1.5],"texture":"#0"}}},{"from":[4.63883,-4.39804,0.5],"to":[11.63883,-1.39804,1.5],"rotation":{"angle":22.5,"axis":"z","origin":[10.63883,5.15196,0.5]},"faces":{"north":{"uv":[6.5,5.75,8.25,6.5],"texture":"#0"},"east":{"uv":[1.75,0,2,0.75],"texture":"#0"},"south":{"uv":[1,6.75,2.75,7.5],"texture":"#0"},"west":{"uv":[3.75,1.75,4,2.5],"texture":"#0"},"up":{"uv":[10.25,7.25,8.5,7],"texture":"#0"},"down":{"uv":[10.5,1.5,8.75,1.75],"texture":"#0"}}},{"from":[9,14,0.5],"to":[16,16,1.5],"faces":{"north":{"uv":[4,3.5,5.75,4],"texture":"#0"},"east":{"uv":[0.25,10.25,0.5,10.75],"texture":"#0"},"south":{"uv":[7.75,5.25,9.5,5.75],"texture":"#0"},"west":{"uv":[0.5,10.25,0.75,10.75],"texture":"#0"},"up":{"uv":[10,8,8.25,7.75],"texture":"#0"},"down":{"uv":[10.25,4.25,8.5,4.5],"texture":"#0"}}},{"from":[9.5,13,1],"to":[17.5,16,1],"faces":{"north":{"uv":[5.75,3.5,7.75,4.25],"texture":"#0"},"east":{"uv":[0,0,0,0.75],"texture":"#0"},"south":{"uv":[5.75,4.25,7.75,5],"texture":"#0"},"west":{"uv":[0,0,0,0.75],"texture":"#0"},"up":{"uv":[2,0,0,0],"texture":"#0"},"down":{"uv":[2,0,0,0],"texture":"#0"}}},{"from":[7,-2.05,0.525],"to":[13,-0.05,1.475],"rotation":{"angle":45,"axis":"z","origin":[12,7,0.5]},"faces":{"north":{"uv":[8.25,5.75,9.75,6.25],"texture":"#0"},"east":{"uv":[0.75,10.25,1,10.75],"texture":"#0"},"south":{"uv":[8.25,7.25,9.75,7.75],"texture":"#0"},"west":{"uv":[1,10.25,1.25,10.75],"texture":"#0"},"up":{"uv":[8,9,6.5,8.75],"texture":"#0"},"down":{"uv":[2.5,9.25,1,9.5],"texture":"#0"}}},{"from":[7,-2.55,1.025],"to":[13,0.45,1.025],"rotation":{"angle":45,"axis":"z","origin":[12,7,0.5]},"faces":{"north":{"uv":[2.75,7.5,4.25,8.25],"texture":"#0"},"east":{"uv":[0,0,0,0.75],"texture":"#0"},"south":{"uv":[4.25,7.5,5.75,8.25],"texture":"#0"},"west":{"uv":[0,0,0,0.75],"texture":"#0"},"up":{"uv":[1.5,0,0,0],"texture":"#0"},"down":{"uv":[1.5,0,0,0],"texture":"#0"}}},{"from":[7.32442,-1.33323,0],"to":[12.32442,-0.33323,2],"rotation":{"angle":45,"axis":"z","origin":[12.32442,7.21677,-0.5]},"faces":{"north":{"uv":[9.25,6.75,10.5,7],"texture":"#0"},"east":{"uv":[9.5,10.25,10,10.5],"texture":"#0"},"south":{"uv":[9.5,5.25,10.75,5.5],"texture":"#0"},"west":{"uv":[10,10.25,10.5,10.5],"texture":"#0"},"up":{"uv":[4,7.5,2.75,7],"texture":"#0"},"down":{"uv":[9.75,0.5,8.5,1],"texture":"#0"}}},{"from":[10,-5,1],"to":[15,2,1],"rotation":{"angle":0,"axis":"y","origin":[0,0,0.5]},"faces":{"north":{"uv":[5.5,0,6.75,1.75],"texture":"#0"},"east":{"uv":[0,0,0,1.75],"texture":"#0"},"south":{"uv":[4,5.75,5.25,7.5],"texture":"#0"},"west":{"uv":[0,0,0,1.75],"texture":"#0"},"up":{"uv":[1.25,0,0,0],"texture":"#0"},"down":{"uv":[1.25,0,0,0],"texture":"#0"}}},{"from":[14.5,1,1],"to":[21.5,8,1],"rotation":{"angle":0,"axis":"y","origin":[10.5,0,0.5]},"faces":{"north":{"uv":[2,0,3.75,1.75],"texture":"#0"},"east":{"uv":[0,0,0,1.75],"texture":"#0"},"south":{"uv":[3.75,0,5.5,1.75],"texture":"#0"},"west":{"uv":[0,0,0,1.75],"texture":"#0"},"up":{"uv":[1.75,0,0,0],"texture":"#0"},"down":{"uv":[1.75,0,0,0],"texture":"#0"}}},{"from":[-5.5,1,1],"to":[1.5,8,1],"rotation":{"angle":0,"axis":"y","origin":[10.5,0,0.5]},"faces":{"north":{"uv":[2,0,3.75,1.75],"texture":"#0"},"east":{"uv":[0,0,0,1.75],"texture":"#0"},"south":{"uv":[3.75,0,5.5,1.75],"texture":"#0"},"west":{"uv":[0,0,0,1.75],"texture":"#0"},"up":{"uv":[1.75,0,0,0],"texture":"#0"},"down":{"uv":[1.75,0,0,0],"texture":"#0"}}},{"from":[17.5,4,0.5],"to":[18.5,6,1.5],"rotation":{"angle":0,"axis":"y","origin":[10.5,0,0]},"faces":{"north":{"uv":[10.25,0.5,10.5,1],"texture":"#0"},"east":{"uv":[10.25,9.25,10.5,9.75],"texture":"#0"},"south":{"uv":[10.25,9.75,10.5,10.25],"texture":"#0"},"west":{"uv":[1.25,10.5,1.5,11],"texture":"#0"},"up":{"uv":[2,1,1.75,0.75],"texture":"#0"},"down":{"uv":[3,1.75,2.75,2],"texture":"#0"}}},{"from":[-2.5,4,0.5],"to":[-1.5,6,1.5],"rotation":{"angle":0,"axis":"y","origin":[10.5,0,0]},"faces":{"north":{"uv":[10.25,0.5,10.5,1],"texture":"#0"},"east":{"uv":[10.25,9.25,10.5,9.75],"texture":"#0"},"south":{"uv":[10.25,9.75,10.5,10.25],"texture":"#0"},"west":{"uv":[1.25,10.5,1.5,11],"texture":"#0"},"up":{"uv":[2,1,1.75,0.75],"texture":"#0"},"down":{"uv":[3,1.75,2.75,2],"texture":"#0"}}},{"from":[17,2,0],"to":[19,4,2],"rotation":{"angle":0,"axis":"y","origin":[10.5,0,0]},"faces":{"north":{"uv":[2.75,9.75,3.25,10.25],"texture":"#0"},"east":{"uv":[3.25,9.75,3.75,10.25],"texture":"#0"},"south":{"uv":[3.75,9.75,4.25,10.25],"texture":"#0"},"west":{"uv":[4.25,9.75,4.75,10.25],"texture":"#0"},"up":{"uv":[5.25,10.25,4.75,9.75],"texture":"#0"},"down":{"uv":[5.75,9.75,5.25,10.25],"texture":"#0"}}},{"from":[-3,2,0],"to":[-1,4,2],"rotation":{"angle":0,"axis":"y","origin":[10.5,0,0]},"faces":{"north":{"uv":[2.75,9.75,3.25,10.25],"texture":"#0"},"east":{"uv":[3.25,9.75,3.75,10.25],"texture":"#0"},"south":{"uv":[3.75,9.75,4.25,10.25],"texture":"#0"},"west":{"uv":[4.25,9.75,4.75,10.25],"texture":"#0"},"up":{"uv":[5.25,10.25,4.75,9.75],"texture":"#0"},"down":{"uv":[5.75,9.75,5.25,10.25],"texture":"#0"}}},{"from":[16.5,1,-0.5],"to":[19.5,2,2.5],"rotation":{"angle":0,"axis":"y","origin":[10.5,0,0.5]},"faces":{"north":{"uv":[10,0,10.75,0.25],"texture":"#0"},"east":{"uv":[10,0.25,10.75,0.5],"texture":"#0"},"south":{"uv":[10,3.5,10.75,3.75],"texture":"#0"},"west":{"uv":[10,3.75,10.75,4],"texture":"#0"},"up":{"uv":[2.75,6.75,2,6],"texture":"#0"},"down":{"uv":[5.5,8.25,4.75,9],"texture":"#0"}}},{"from":[-3.5,1,-0.5],"to":[-0.5,2,2.5],"rotation":{"angle":0,"axis":"y","origin":[10.5,0,0.5]},"faces":{"north":{"uv":[10,0,10.75,0.25],"texture":"#0"},"east":{"uv":[10,0.25,10.75,0.5],"texture":"#0"},"south":{"uv":[10,3.5,10.75,3.75],"texture":"#0"},"west":{"uv":[10,3.75,10.75,4],"texture":"#0"},"up":{"uv":[2.75,6.75,2,6],"texture":"#0"},"down":{"uv":[5.5,8.25,4.75,9],"texture":"#0"}}},{"from":[4.36117,-3.39804,-0.5],"to":[11.36117,-2.39804,2.5],"rotation":{"angle":-22.5,"axis":"z","origin":[5.36117,5.15196,-0.5]},"faces":{"north":{"uv":[8.75,2.25,10.5,2.5],"texture":"#0"},"east":{"uv":[10,4.5,10.75,4.75],"texture":"#0"},"south":{"uv":[8.75,2.5,10.5,2.75],"texture":"#0"},"west":{"uv":[10,4.75,10.75,5],"texture":"#0"},"up":{"uv":[8.75,2.25,7,1.5],"texture":"#0"},"down":{"uv":[8.75,2.25,7,3],"texture":"#0"}}},{"from":[4.36117,-4.39804,0.5],"to":[11.36117,-1.39804,1.5],"rotation":{"angle":-22.5,"axis":"z","origin":[5.36117,5.15196,0.5]},"faces":{"north":{"uv":[6.5,7.25,8.25,8],"texture":"#0"},"east":{"uv":[7,10,7.25,10.75],"texture":"#0"},"south":{"uv":[1,7.5,2.75,8.25],"texture":"#0"},"west":{"uv":[0,10.25,0.25,11],"texture":"#0"},"up":{"uv":[10.5,3,8.75,2.75],"texture":"#0"},"down":{"uv":[6.5,9,4.75,9.25],"texture":"#0"}}},{"from":[0,14,0.5],"to":[7,16,1.5],"rotation":{"angle":0,"axis":"y","origin":[16,0,0]},"faces":{"north":{"uv":[8,8,9.75,8.5],"texture":"#0"},"east":{"uv":[1.5,10.5,1.75,11],"texture":"#0"},"south":{"uv":[1,8.25,2.75,8.75],"texture":"#0"},"west":{"uv":[2.75,10.5,3,11],"texture":"#0"},"up":{"uv":[8.25,9.25,6.5,9],"texture":"#0"},"down":{"uv":[10,9,8.25,9.25],"texture":"#0"}}},{"from":[-1.5,13,1],"to":[6.5,16,1],"rotation":{"angle":0,"axis":"y","origin":[16,0,0]},"faces":{"north":{"uv":[5.75,5,7.75,5.75],"texture":"#0"},"east":{"uv":[0,0,0,0.75],"texture":"#0"},"south":{"uv":[6.5,6.5,8.5,7.25],"texture":"#0"},"west":{"uv":[0,0,0,0.75],"texture":"#0"},"up":{"uv":[2,0,0,0],"texture":"#0"},"down":{"uv":[2,0,0,0],"texture":"#0"}}},{"from":[3,-2.05,0.525],"to":[9,-0.05,1.475],"rotation":{"angle":-45,"axis":"z","origin":[4,7,0.5]},"faces":{"north":{"uv":[8,8.5,9.5,9],"texture":"#0"},"east":{"uv":[3,10.5,3.25,11],"texture":"#0"},"south":{"uv":[8.5,0,10,0.5],"texture":"#0"},"west":{"uv":[3.25,10.5,3.5,11],"texture":"#0"},"up":{"uv":[10.75,4.25,9.25,4],"texture":"#0"},"down":{"uv":[10.75,5,9.25,5.25],"texture":"#0"}}},{"from":[3,-2.55,1.025],"to":[9,0.45,1.025],"rotation":{"angle":-45,"axis":"z","origin":[4,7,0.5]},"faces":{"north":{"uv":[7.75,4.5,9.25,5.25],"texture":"#0"},"east":{"uv":[0,0,0,0.75],"texture":"#0"},"south":{"uv":[6.5,8,8,8.75],"texture":"#0"},"west":{"uv":[0,0,0,0.75],"texture":"#0"},"up":{"uv":[1.5,0,0,0],"texture":"#0"},"down":{"uv":[1.5,0,0,0],"texture":"#0"}}},{"from":[3.67558,-1.33323,0],"to":[8.67558,-0.33323,2],"rotation":{"angle":-45,"axis":"z","origin":[3.67558,7.21677,-0.5]},"faces":{"north":{"uv":[9.5,5.5,10.75,5.75],"texture":"#0"},"east":{"uv":[10.25,4.25,10.75,4.5],"texture":"#0"},"south":{"uv":[9.5,8.5,10.75,8.75],"texture":"#0"},"west":{"uv":[10.25,7,10.75,7.25],"texture":"#0"},"up":{"uv":[9.75,1.5,8.5,1],"texture":"#0"},"down":{"uv":[9.75,3,8.5,3.5],"texture":"#0"}}},{"from":[1,-5,1],"to":[6,2,1],"rotation":{"angle":0,"axis":"y","origin":[16,0,0.5]},"faces":{"north":{"uv":[5.25,5.75,6.5,7.5],"texture":"#0"},"east":{"uv":[0,0,0,1.75],"texture":"#0"},"south":{"uv":[5.75,1.75,7,3.5],"texture":"#0"},"west":{"uv":[0,0,0,1.75],"texture":"#0"},"up":{"uv":[1.25,0,0,0],"texture":"#0"},"down":{"uv":[1.25,0,0,0],"texture":"#0"}}}],"gui_light":"front"}