{"display":{"thirdperson_righthand":{"rotation":[75,45,0],"translation":[-0.5,3.75,4.75],"scale":[0.375,0.375,0.375]},"thirdperson_lefthand":{"rotation":[75,45,0],"translation":[-0.5,3.75,4.75],"scale":[0.375,0.375,0.375]},"firstperson_righthand":{"rotation":[0,116,0],"translation":[0.5,3.25,0],"scale":[0.2,0.2,0.2]},"firstperson_lefthand":{"rotation":[0,116,0],"translation":[0.5,3.25,0],"scale":[0.2,0.2,0.2]},"ground":{"translation":[0,3,0],"scale":[0.25,0.25,0.25]},"gui":{"rotation":[24,168,0],"translation":[0,1.25,0],"scale":[0.4,0.4,0.4]},"head":{"translation":[0,-4.25,-0.75],"scale":[1.6,1.6,1.6]},"fixed":{"translation":[0,1.25,-4.75],"scale":[0.5,0.5,0.5]}},"texture_size":[128,128],"textures":{"0":"crates/blossom_crate/blossom_throne","particle":"crates/blossom_crate/blossom_throne"},"elements":[{"from":[13,-16,0],"to":[16,-4,16],"rotation":{"angle":0,"axis":"y","origin":[8,-16,0]},"faces":{"north":{"uv":[6,2.875,6.375,4.375],"texture":"#0"},"east":{"uv":[4,2.875,6,4.375],"texture":"#0"},"south":{"uv":[8.375,2.875,8.75,4.375],"texture":"#0"},"west":{"uv":[6.375,2.875,8.375,4.375],"texture":"#0"},"up":{"uv":[6.375,2.875,6,0.875],"texture":"#0"},"down":{"uv":[6.75,0.875,6.375,2.875],"texture":"#0"}}},{"from":[3,-16,2],"to":[13,-7,16],"rotation":{"angle":0,"axis":"y","origin":[8,-16,0]},"faces":{"north":{"uv":[1.75,1.75,3,2.875],"texture":"#0"},"east":{"uv":[0,1.75,1.75,2.875],"texture":"#0"},"south":{"uv":[4.75,1.75,6,2.875],"texture":"#0"},"west":{"uv":[3,1.75,4.75,2.875],"texture":"#0"},"up":{"uv":[3,1.75,1.75,0],"texture":"#0"},"down":{"uv":[4.25,0,3,1.75],"texture":"#0"}}},{"from":[1.5,-9,12.75],"to":[14.5,8,14.75],"rotation":{"angle":0,"axis":"y","origin":[7.5,-16,0]},"faces":{"north":{"uv":[0.25,9,1.875,11.125],"texture":"#0"},"east":{"uv":[0,9,0.25,11.125],"texture":"#0"},"south":{"uv":[2.125,9,3.75,11.125],"texture":"#0"},"west":{"uv":[1.875,9,2.125,11.125],"texture":"#0"},"up":{"uv":[1.875,9,0.25,8.75],"texture":"#0"},"down":{"uv":[3.5,8.75,1.875,9],"texture":"#0"}}},{"from":[12.5,-9,11.75],"to":[15.5,9,15.75],"rotation":{"angle":0,"axis":"y","origin":[7.5,-16,0]},"faces":{"north":{"uv":[10.75,6.875,11.125,9.125],"texture":"#0"},"east":{"uv":[10.25,6.875,10.75,9.125],"texture":"#0"},"south":{"uv":[11.625,6.875,12,9.125],"texture":"#0"},"west":{"uv":[11.125,6.875,11.625,9.125],"texture":"#0"},"up":{"uv":[11.125,6.875,10.75,6.375],"texture":"#0"},"down":{"uv":[11.5,6.375,11.125,6.875],"texture":"#0"}}},{"from":[0.5,-9,11.75],"to":[3.5,9,15.75],"rotation":{"angle":0,"axis":"y","origin":[8.5,-16,0]},"faces":{"north":{"uv":[7.75,9.875,8.125,12.125],"texture":"#0"},"east":{"uv":[7.25,9.875,7.75,12.125],"texture":"#0"},"south":{"uv":[8.625,9.875,9,12.125],"texture":"#0"},"west":{"uv":[8.125,9.875,8.625,12.125],"texture":"#0"},"up":{"uv":[8.125,9.875,7.75,9.375],"texture":"#0"},"down":{"uv":[8.5,9.375,8.125,9.875],"texture":"#0"}}},{"from":[6.5,-9,11.75],"to":[9.5,11,15.75],"rotation":{"angle":0,"axis":"y","origin":[8.5,-16,0]},"faces":{"north":{"uv":[9.5,9.375,9.875,11.875],"texture":"#0"},"east":{"uv":[9,9.375,9.5,11.875],"texture":"#0"},"south":{"uv":[10.375,9.375,10.75,11.875],"texture":"#0"},"west":{"uv":[9.875,9.375,10.375,11.875],"texture":"#0"},"up":{"uv":[9.875,9.375,9.5,8.875],"texture":"#0"},"down":{"uv":[10.25,8.875,9.875,9.375],"texture":"#0"}}},{"from":[-0.5,4,15.25],"to":[16.5,28,15.25],"rotation":{"angle":0,"axis":"y","origin":[8.5,-16,0]},"faces":{"north":{"uv":[4.75,4.375,6.875,7.375],"texture":"#0"},"east":{"uv":[4.75,4.375,4.75,7.375],"texture":"#0"},"south":{"uv":[6.875,4.375,4.75,7.375],"texture":"#0"},"west":{"uv":[6.875,4.375,6.875,7.375],"texture":"#0"},"up":{"uv":[6.875,4.375,4.75,4.375],"texture":"#0"},"down":{"uv":[9,4.375,6.875,4.375],"texture":"#0"}}},{"from":[2.5,4,13.25],"to":[5.5,14,15.25],"rotation":{"angle":-22.5,"axis":"z","origin":[6.5,-18,0]},"faces":{"north":{"uv":[0.25,3.125,0.625,4.375],"texture":"#0"},"east":{"uv":[0,3.125,0.25,4.375],"texture":"#0"},"south":{"uv":[0.875,3.125,1.25,4.375],"texture":"#0"},"west":{"uv":[0.625,3.125,0.875,4.375],"texture":"#0"},"up":{"uv":[0.625,3.125,0.25,2.875],"texture":"#0"},"down":{"uv":[1,2.875,0.625,3.125],"texture":"#0"}}},{"from":[11.94741,-3.08185,13.75],"to":[21.94741,-1.08185,14.75],"rotation":{"angle":45,"axis":"z","origin":[18.60468,-0.66521,14.25]},"faces":{"north":{"uv":[4.375,0.5,5.625,0.75],"texture":"#0"},"east":{"uv":[4.25,0.5,4.375,0.75],"texture":"#0"},"south":{"uv":[5.75,0.5,7,0.75],"texture":"#0"},"west":{"uv":[5.625,0.5,5.75,0.75],"texture":"#0"},"up":{"uv":[5.625,0.5,4.375,0.375],"texture":"#0"},"down":{"uv":[6.875,0.375,5.625,0.5],"texture":"#0"}}},{"from":[16.78397,-2.17692,13.75],"to":[17.78397,5.8191,14.75],"rotation":{"angle":22.5,"axis":"z","origin":[18.60468,-0.66521,14.25]},"faces":{"north":{"uv":[3.625,3,3.75,3.875],"texture":"#0"},"east":{"uv":[3.5,3,3.625,3.875],"texture":"#0"},"south":{"uv":[3.875,3,4,3.875],"texture":"#0"},"west":{"uv":[3.75,3,3.875,3.875],"texture":"#0"},"up":{"uv":[3.75,3,3.625,2.875],"texture":"#0"},"down":{"uv":[3.875,2.875,3.75,3],"texture":"#0"}}},{"from":[-5.94741,-3.08185,13.75],"to":[4.05259,-1.08185,14.75],"rotation":{"angle":-45,"axis":"z","origin":[-2.60468,-0.66521,14.25]},"faces":{"north":{"uv":[4.375,0.125,5.625,0.375],"texture":"#0"},"east":{"uv":[4.25,0.125,4.375,0.375],"texture":"#0"},"south":{"uv":[5.75,0.125,7,0.375],"texture":"#0"},"west":{"uv":[5.625,0.125,5.75,0.375],"texture":"#0"},"up":{"uv":[5.625,0.125,4.375,0],"texture":"#0"},"down":{"uv":[6.875,0,5.625,0.125],"texture":"#0"}}},{"from":[-12.94741,-8.08185,14.25],"to":[8.05259,1.91815,14.25],"rotation":{"angle":-45,"axis":"z","origin":[-2.60468,-0.66521,14.25]},"faces":{"north":{"uv":[8.75,2.375,11.375,3.625],"texture":"#0"},"east":{"uv":[8.75,2.375,8.75,3.625],"texture":"#0"},"south":{"uv":[11.375,2.375,14,3.625],"texture":"#0"},"west":{"uv":[11.375,2.375,11.375,3.625],"texture":"#0"},"up":{"uv":[11.375,2.375,8.75,2.375],"texture":"#0"},"down":{"uv":[14,2.375,11.375,2.375],"texture":"#0"}}},{"from":[-12.94741,-8.08185,14.25],"to":[8.05259,1.91815,14.25],"rotation":{"angle":-45,"axis":"z","origin":[-2.60468,-0.66521,14.25]},"faces":{"north":{"uv":[8.75,2.375,11.375,3.625],"texture":"#0"},"east":{"uv":[8.75,2.375,8.75,3.625],"texture":"#0"},"south":{"uv":[11.5,2.375,8.875,3.625],"texture":"#0"},"west":{"uv":[11.375,2.375,11.375,3.625],"texture":"#0"},"up":{"uv":[11.375,2.375,8.75,2.375],"texture":"#0"},"down":{"uv":[14,2.375,11.375,2.375],"texture":"#0"}}},{"from":[-1.78397,-2.17692,13.75],"to":[-0.78397,5.8191,14.75],"rotation":{"angle":-22.5,"axis":"z","origin":[-2.60468,-0.66521,14.25]},"faces":{"north":{"uv":[1.375,0.125,1.5,1],"texture":"#0"},"east":{"uv":[1.25,0.125,1.375,1],"texture":"#0"},"south":{"uv":[1.625,0.125,1.75,1],"texture":"#0"},"west":{"uv":[1.5,0.125,1.625,1],"texture":"#0"},"up":{"uv":[1.5,0.125,1.375,0],"texture":"#0"},"down":{"uv":[1.625,0,1.5,0.125],"texture":"#0"}}},{"from":[-12.78397,-2.17692,14.25],"to":[1.21603,7.8191,14.25],"shade":false,"rotation":{"angle":-22.5,"axis":"z","origin":[-2.60468,-0.66521,14.25]},"faces":{"north":{"uv":[5.5,9.375,3.75,10.5],"texture":"#0"},"east":{"uv":[5.5,9.375,5.5,10.5],"texture":"#0"},"south":{"uv":[3.75,9.375,5.5,10.5],"texture":"#0"},"west":{"uv":[3.75,9.375,3.75,10.5],"texture":"#0"},"up":{"uv":[3.75,9.375,5.5,9.375],"texture":"#0"},"down":{"uv":[5.5,9.375,7.25,9.375],"texture":"#0"}}},{"from":[15.00398,14.8649,13.75],"to":[20,15.8649,14.75],"rotation":{"angle":45,"axis":"z","origin":[16.87898,16.3649,14.25]},"faces":{"north":{"uv":[2.875,4.25,3.375,4.375],"texture":"#0"},"east":{"uv":[2.75,4.25,2.875,4.375],"texture":"#0"},"south":{"uv":[3.5,4.25,4,4.375],"texture":"#0"},"west":{"uv":[3.375,4.25,3.5,4.375],"texture":"#0"},"up":{"uv":[3.375,4.25,2.875,4.125],"texture":"#0"},"down":{"uv":[3.875,4.125,3.375,4.25],"texture":"#0"}}},{"from":[26.25,5.3,13.75],"to":[28.25,14.3,14.75],"rotation":{"angle":22.5,"axis":"z","origin":[6.5,-17.7,0]},"faces":{"north":{"uv":[2.875,3,3.125,4.125],"texture":"#0"},"east":{"uv":[2.75,3,2.875,4.125],"texture":"#0"},"south":{"uv":[3.25,3,3.5,4.125],"texture":"#0"},"west":{"uv":[3.125,3,3.25,4.125],"texture":"#0"},"up":{"uv":[3.125,3,2.875,2.875],"texture":"#0"},"down":{"uv":[3.375,2.875,3.125,3],"texture":"#0"}}},{"from":[-4.94951,6.90923,14.5],"to":[6.80049,28.90923,14.5],"shade":false,"rotation":{"angle":-22.5,"axis":"z","origin":[1.92549,17.90923,14.5]},"faces":{"north":{"uv":[10.375,3.625,9,6.375],"texture":"#0"},"east":{"uv":[10.375,3.625,10.375,6.375],"texture":"#0"},"south":{"uv":[9,3.625,10.375,6.375],"texture":"#0"},"west":{"uv":[9,3.625,9,6.375],"texture":"#0"},"up":{"uv":[9,3.625,10.375,3.625],"texture":"#0"},"down":{"uv":[10.375,3.625,11.75,3.625],"texture":"#0"}}},{"from":[-12.25,5.3,13.75],"to":[-10.25,14.3,14.75],"rotation":{"angle":-22.5,"axis":"z","origin":[9.5,-17.7,0]},"faces":{"north":{"uv":[1.375,3,1.625,4.125],"texture":"#0"},"east":{"uv":[1.25,3,1.375,4.125],"texture":"#0"},"south":{"uv":[1.75,3,2,4.125],"texture":"#0"},"west":{"uv":[1.625,3,1.75,4.125],"texture":"#0"},"up":{"uv":[1.625,3,1.375,2.875],"texture":"#0"},"down":{"uv":[1.875,2.875,1.625,3],"texture":"#0"}}},{"from":[10.5,4,13.25],"to":[13.5,14,15.25],"rotation":{"angle":22.5,"axis":"z","origin":[9.5,-18,0]},"faces":{"north":{"uv":[0.25,0.25,0.625,1.5],"texture":"#0"},"east":{"uv":[0,0.25,0.25,1.5],"texture":"#0"},"south":{"uv":[0.875,0.25,1.25,1.5],"texture":"#0"},"west":{"uv":[0.625,0.25,0.875,1.5],"texture":"#0"},"up":{"uv":[0.625,0.25,0.25,0],"texture":"#0"},"down":{"uv":[1,0,0.625,0.25],"texture":"#0"}}},{"from":[-4,14.8649,13.75],"to":[0.99602,15.8649,14.75],"rotation":{"angle":-45,"axis":"z","origin":[-0.87898,16.3649,14.25]},"faces":{"north":{"uv":[0.125,1.625,0.625,1.75],"texture":"#0"},"east":{"uv":[0,1.625,0.125,1.75],"texture":"#0"},"south":{"uv":[0.75,1.625,1.25,1.75],"texture":"#0"},"west":{"uv":[0.625,1.625,0.75,1.75],"texture":"#0"},"up":{"uv":[0.625,1.625,0.125,1.5],"texture":"#0"},"down":{"uv":[1.125,1.5,0.625,1.625],"texture":"#0"}}},{"from":[-16,5.8649,14.75],"to":[3.99602,21.8649,14.75],"rotation":{"angle":-45,"axis":"z","origin":[-0.87898,16.3649,14.25]},"faces":{"north":{"uv":[4.75,7.375,7.125,9.375],"texture":"#0"},"east":{"uv":[4.75,7.375,4.75,9.375],"texture":"#0"},"south":{"uv":[7.125,7.375,4.75,9.375],"texture":"#0"},"west":{"uv":[7.125,7.375,7.125,9.375],"texture":"#0"},"up":{"uv":[7.125,7.375,4.75,7.375],"texture":"#0"},"down":{"uv":[9.5,7.375,7.125,7.375],"texture":"#0"}}},{"from":[7.94741,-8.08185,14.25],"to":[28.94741,1.91815,14.25],"rotation":{"angle":45,"axis":"z","origin":[18.60468,-0.66521,14.25]},"faces":{"north":{"uv":[11.375,2.375,8.75,3.625],"texture":"#0"},"east":{"uv":[11.375,2.375,11.375,3.625],"texture":"#0"},"south":{"uv":[8.875,2.375,11.5,3.625],"texture":"#0"},"west":{"uv":[8.75,2.375,8.75,3.625],"texture":"#0"},"up":{"uv":[8.75,2.375,11.375,2.375],"texture":"#0"},"down":{"uv":[11.375,2.375,14,2.375],"texture":"#0"}}},{"from":[14.78397,-2.17692,14.25],"to":[28.78397,7.8191,14.25],"shade":false,"rotation":{"angle":22.5,"axis":"z","origin":[18.60468,-0.66521,14.25]},"faces":{"north":{"uv":[3.75,9.375,5.5,10.5],"texture":"#0"},"east":{"uv":[3.75,9.375,3.75,10.5],"texture":"#0"},"south":{"uv":[5.5,9.375,3.75,10.5],"texture":"#0"},"west":{"uv":[5.5,9.375,5.5,10.5],"texture":"#0"},"up":{"uv":[5.5,9.375,3.75,9.375],"texture":"#0"},"down":{"uv":[7.25,9.375,5.5,9.375],"texture":"#0"}}},{"from":[12.00398,5.8649,14.75],"to":[32,21.8649,14.75],"rotation":{"angle":45,"axis":"z","origin":[16.87898,16.3649,14.25]},"faces":{"north":{"uv":[7.125,7.375,4.75,9.375],"texture":"#0"},"east":{"uv":[7.125,7.375,7.125,9.375],"texture":"#0"},"south":{"uv":[4.75,7.375,7.125,9.375],"texture":"#0"},"west":{"uv":[4.75,7.375,4.75,9.375],"texture":"#0"},"up":{"uv":[4.75,7.375,7.125,7.375],"texture":"#0"},"down":{"uv":[7.125,7.375,9.5,7.375],"texture":"#0"}}},{"from":[9.19951,6.90923,14.5],"to":[20.94951,28.90923,14.5],"shade":false,"rotation":{"angle":22.5,"axis":"z","origin":[14.07451,17.90923,14.5]},"faces":{"north":{"uv":[9,3.625,10.375,6.375],"texture":"#0"},"east":{"uv":[9,3.625,9,6.375],"texture":"#0"},"south":{"uv":[10.375,3.625,9,6.375],"texture":"#0"},"west":{"uv":[10.375,3.625,10.375,6.375],"texture":"#0"},"up":{"uv":[10.375,3.625,9,3.625],"texture":"#0"},"down":{"uv":[11.75,3.625,10.375,3.625],"texture":"#0"}}},{"from":[0,-16,0],"to":[3,-4,16],"rotation":{"angle":0,"axis":"y","origin":[8,-16,0]},"faces":{"north":{"uv":[2,4.875,2.375,6.375],"texture":"#0"},"east":{"uv":[0,4.875,2,6.375],"texture":"#0"},"south":{"uv":[4.375,4.875,4.75,6.375],"texture":"#0"},"west":{"uv":[2.375,4.875,4.375,6.375],"texture":"#0"},"up":{"uv":[2.375,4.875,2,2.875],"texture":"#0"},"down":{"uv":[2.75,2.875,2.375,4.875],"texture":"#0"}}},{"from":[-0.5,-6.25,-1],"to":[2.5,-3.25,15],"rotation":{"angle":-45,"axis":"z","origin":[2,-5,5]},"faces":{"north":{"uv":[8.75,2,9.125,2.375],"texture":"#0"},"east":{"uv":[6.75,2,8.75,2.375],"texture":"#0"},"south":{"uv":[11.125,2,11.5,2.375],"texture":"#0"},"west":{"uv":[9.125,2,11.125,2.375],"texture":"#0"},"up":{"uv":[9.125,2,8.75,0],"texture":"#0"},"down":{"uv":[9.5,0,9.125,2],"texture":"#0"}}},{"from":[1,-4.75,-9.5],"to":[1,2.25,17.5],"rotation":{"angle":0,"axis":"y","origin":[8.5,-5,5]},"faces":{"north":{"uv":[13.375,13.75,13.375,14.625],"texture":"#0"},"east":{"uv":[10,13.75,13.375,14.625],"texture":"#0"},"south":{"uv":[16.75,13.75,16.75,14.625],"texture":"#0"},"west":{"uv":[13.375,13.75,16.75,14.625],"texture":"#0"},"up":{"uv":[13.375,13.75,13.375,10.375],"texture":"#0"},"down":{"uv":[13.375,10.375,13.375,13.75],"texture":"#0"}}},{"from":[15,-4.75,-9.5],"to":[15,2.25,17.5],"shade":false,"rotation":{"angle":0,"axis":"y","origin":[7.5,-5,5]},"faces":{"north":{"uv":[13.375,13.75,13.375,14.625],"texture":"#0"},"east":{"uv":[16.75,13.75,13.375,14.625],"texture":"#0"},"south":{"uv":[16.75,13.75,16.75,14.625],"texture":"#0"},"west":{"uv":[13.375,13.75,10,14.625],"texture":"#0"},"up":{"uv":[13.375,13.75,13.375,10.375],"texture":"#0"},"down":{"uv":[13.375,10.375,13.375,13.75],"texture":"#0"}}},{"from":[13.5,-6.25,-1],"to":[16.5,-3.25,15],"rotation":{"angle":45,"axis":"z","origin":[14,-5,5]},"faces":{"north":{"uv":[2,8.375,2.375,8.75],"texture":"#0"},"east":{"uv":[0,8.375,2,8.75],"texture":"#0"},"south":{"uv":[4.375,8.375,4.75,8.75],"texture":"#0"},"west":{"uv":[2.375,8.375,4.375,8.75],"texture":"#0"},"up":{"uv":[2.375,8.375,2,6.375],"texture":"#0"},"down":{"uv":[2.75,6.375,2.375,8.375],"texture":"#0"}}}]}