{"display":{"thirdperson_righthand":{"rotation":[75,45,0],"translation":[-1,2.5,0],"scale":[0.175,0.175,0.175]},"thirdperson_lefthand":{"rotation":[75,45,0],"translation":[-1,2.5,0],"scale":[0.175,0.175,0.175]},"firstperson_righthand":{"rotation":[0,121,0],"translation":[0.25,0,0],"scale":[0.2,0.2,0.2]},"firstperson_lefthand":{"rotation":[0,121,0],"translation":[0.25,0,0],"scale":[0.2,0.2,0.2]},"ground":{"translation":[0,3,0],"scale":[0.25,0.25,0.25]},"gui":{"rotation":[30,225,0],"translation":[1.25,-2,0],"scale":[0.325,0.325,0.325]},"head":{"translation":[0,-19.5,-14.75],"scale":[1.5,1.5,1.5]},"fixed":{"translation":[0,-1.25,-4.75],"scale":[0.5,0.5,0.5]}},"texture_size":[128,128],"textures":{"0":"furniture/chalk_board","particle":"furniture/chalk_board"},"elements":[{"from":[-14,3,14],"to":[30,28,15],"rotation":{"angle":0,"axis":"y","origin":[1,0,0]},"faces":{"north":{"uv":[0,0,5.5,3.125],"texture":"#0"},"east":{"uv":[6.25,4.75,6.375,7.875],"texture":"#0"},"south":{"uv":[0,3.125,5.5,6.25],"texture":"#0"},"west":{"uv":[5,6.25,5.125,9.375],"texture":"#0"},"up":{"uv":[11.75,2.125,6.25,2],"texture":"#0"},"down":{"uv":[11.75,2.125,6.25,2.25],"texture":"#0"}}},{"from":[30,3,13],"to":[32,28,15],"rotation":{"angle":0,"axis":"y","origin":[1,0,0]},"faces":{"north":{"uv":[5.5,2,5.75,5.125],"texture":"#0"},"east":{"uv":[5.5,5.125,5.75,8.25],"texture":"#0"},"south":{"uv":[5.75,2,6,5.125],"texture":"#0"},"west":{"uv":[5.75,5.125,6,8.25],"texture":"#0"},"up":{"uv":[5.375,6.5,5.125,6.25],"texture":"#0"},"down":{"uv":[6.625,4.75,6.375,5],"texture":"#0"}}},{"from":[25,-6,15],"to":[27,16,17],"rotation":{"angle":0,"axis":"y","origin":[1,0,0]},"faces":{"north":{"uv":[0.5,6.25,0.75,9],"texture":"#0"},"east":{"uv":[0.75,6.25,1,9],"texture":"#0"},"south":{"uv":[1,6.25,1.25,9],"texture":"#0"},"west":{"uv":[1.25,6.25,1.5,9],"texture":"#0"},"up":{"uv":[6.625,5.25,6.375,5],"texture":"#0"},"down":{"uv":[6.625,5.25,6.375,5.5],"texture":"#0"}}},{"from":[25,-8,9],"to":[27,-6,23],"rotation":{"angle":0,"axis":"y","origin":[1,0,0]},"faces":{"north":{"uv":[6.375,5.5,6.625,5.75],"texture":"#0"},"east":{"uv":[6.25,2.25,8,2.5],"texture":"#0"},"south":{"uv":[6.375,5.75,6.625,6],"texture":"#0"},"west":{"uv":[2.5,6.25,4.25,6.5],"texture":"#0"},"up":{"uv":[6.5,4.25,6.25,2.5],"texture":"#0"},"down":{"uv":[4.5,6.25,4.25,8],"texture":"#0"}}},{"from":[-11,-6,15],"to":[-9,16,17],"rotation":{"angle":0,"axis":"y","origin":[15,0,0]},"faces":{"north":{"uv":[1.5,6.25,1.75,9],"texture":"#0"},"east":{"uv":[1.75,6.25,2,9],"texture":"#0"},"south":{"uv":[2,6.25,2.25,9],"texture":"#0"},"west":{"uv":[2.25,6.25,2.5,9],"texture":"#0"},"up":{"uv":[6.625,6.25,6.375,6],"texture":"#0"},"down":{"uv":[6.625,6.25,6.375,6.5],"texture":"#0"}}},{"from":[-11,-8,9],"to":[-9,-6,23],"rotation":{"angle":0,"axis":"y","origin":[15,0,0]},"faces":{"north":{"uv":[2.5,6.5,2.75,6.75],"texture":"#0"},"east":{"uv":[6.25,4.25,8,4.5],"texture":"#0"},"south":{"uv":[6.5,2.5,6.75,2.75],"texture":"#0"},"west":{"uv":[6.25,4.5,8,4.75],"texture":"#0"},"up":{"uv":[4.75,8,4.5,6.25],"texture":"#0"},"down":{"uv":[5,6.25,4.75,8],"texture":"#0"}}},{"from":[-16,3,13],"to":[-14,28,15],"rotation":{"angle":0,"axis":"y","origin":[15,0,0]},"faces":{"north":{"uv":[6,2,6.25,5.125],"texture":"#0"},"east":{"uv":[6,5.125,6.25,8.25],"texture":"#0"},"south":{"uv":[0,6.25,0.25,9.375],"texture":"#0"},"west":{"uv":[0.25,6.25,0.5,9.375],"texture":"#0"},"up":{"uv":[3,6.75,2.75,6.5],"texture":"#0"},"down":{"uv":[6.75,2.75,6.5,3],"texture":"#0"}}},{"from":[-16,1,13],"to":[32,3,15],"rotation":{"angle":0,"axis":"y","origin":[1,0,0]},"faces":{"north":{"uv":[5.5,0,11.5,0.25],"texture":"#0"},"east":{"uv":[3,6.5,3.25,6.75],"texture":"#0"},"south":{"uv":[5.5,0.25,11.5,0.5],"texture":"#0"},"west":{"uv":[6.5,3,6.75,3.25],"texture":"#0"},"up":{"uv":[11.5,0.75,5.5,0.5],"texture":"#0"},"down":{"uv":[11.5,0.75,5.5,1],"texture":"#0"}}},{"from":[-16,28,13],"to":[32,30,15],"rotation":{"angle":0,"axis":"y","origin":[1,0,0]},"faces":{"north":{"uv":[5.5,1,11.5,1.25],"texture":"#0"},"east":{"uv":[3.25,6.5,3.5,6.75],"texture":"#0"},"south":{"uv":[5.5,1.25,11.5,1.5],"texture":"#0"},"west":{"uv":[6.5,3.25,6.75,3.5],"texture":"#0"},"up":{"uv":[11.5,1.75,5.5,1.5],"texture":"#0"},"down":{"uv":[11.5,1.75,5.5,2],"texture":"#0"}}}]}