{"display":{"thirdperson_righthand":{"translation":[0,0,3.5],"scale":[0.5,0.5,0.5]},"thirdperson_lefthand":{"translation":[0,0,3.5],"scale":[0.5,0.5,0.5]},"firstperson_righthand":{"translation":[6,0,0],"scale":[0.7,0.7,0.7]},"firstperson_lefthand":{"translation":[5.75,0,0],"scale":[0.7,0.7,0.7]},"ground":{"translation":[0,5.5,3.25],"scale":[0.4,0.4,0.4]},"gui":{"rotation":[14,0,41],"translation":[-1.25,0,0],"scale":[0.5,0.5,0.5]},"head":{"translation":[0,4.75,15],"scale":[2,2,2]},"fixed":{"translation":[0,7.25,-2.25]}},"texture_size":[128,128],"textures":{"0":"furniture/christmas_tree","particle":"furniture/christmas_tree"},"elements":[{"from":[7,-3,-0.5],"to":[9,12,1.5],"rotation":{"angle":-45,"axis":"y","origin":[8,4,0.5]},"faces":{"north":{"uv":[8.625,12.375,8.875,14.25],"texture":"#0"},"east":{"uv":[8.875,12.375,9.125,14.25],"texture":"#0"},"south":{"uv":[12.375,12.625,12.625,14.5],"texture":"#0"},"west":{"uv":[12.625,12.625,12.875,14.5],"texture":"#0"},"up":{"uv":[2.75,1.625,2.5,1.375],"texture":"#0"},"down":{"uv":[3,1.375,2.75,1.625],"texture":"#0"}}},{"from":[6.5,-16,-1],"to":[9.5,-3,2],"rotation":{"angle":-45,"axis":"y","origin":[8,4,0.5]},"faces":{"north":{"uv":[10.875,12.125,11.25,13.75],"texture":"#0"},"east":{"uv":[11.25,12.125,11.625,13.75],"texture":"#0"},"south":{"uv":[12.25,7.875,12.625,9.5],"texture":"#0"},"west":{"uv":[12.25,9.5,12.625,11.125],"texture":"#0"},"up":{"uv":[2.125,1.75,1.75,1.375],"texture":"#0"},"down":{"uv":[2.5,1.375,2.125,1.75],"texture":"#0"}}},{"from":[7.5,9,0],"to":[8.5,25,1],"rotation":{"angle":-45,"axis":"y","origin":[8,4,0.5]},"faces":{"north":{"uv":[12.625,7.875,12.75,9.875],"texture":"#0"},"east":{"uv":[12.625,9.875,12.75,11.875],"texture":"#0"},"south":{"uv":[0,12.75,0.125,14.75],"texture":"#0"},"west":{"uv":[0.125,12.75,0.25,14.75],"texture":"#0"},"up":{"uv":[2.625,1.75,2.5,1.625],"texture":"#0"},"down":{"uv":[2.75,1.625,2.625,1.75],"texture":"#0"}}},{"from":[8,24,-5.5],"to":[8,31,6.5],"rotation":{"angle":0,"axis":"y","origin":[8.5,27.5,0]},"faces":{"north":{"uv":[0,0,0,0.875],"texture":"#0"},"east":{"uv":[11.125,1.25,12.625,2.125],"texture":"#0"},"south":{"uv":[0,0,0,0.875],"texture":"#0"},"west":{"uv":[11.25,5,12.75,5.875],"texture":"#0"},"up":{"uv":[0,1.5,0,0],"texture":"#0"},"down":{"uv":[0,0,0,1.5],"texture":"#0"}}},{"from":[2,24,0.5],"to":[14,31,0.5],"rotation":{"angle":0,"axis":"y","origin":[8,27.5,0.5]},"faces":{"north":{"uv":[11.25,5,12.75,5.875],"texture":"#0"},"east":{"uv":[0,0,0,0.875],"texture":"#0"},"south":{"uv":[11.125,1.25,12.625,2.125],"texture":"#0"},"west":{"uv":[0,0,0,0.875],"texture":"#0"},"up":{"uv":[0,1.5,0,0],"rotation":90,"texture":"#0"},"down":{"uv":[0,0,0,1.5],"rotation":270,"texture":"#0"}}},{"from":[3,17,-8],"to":[13,17,1],"rotation":{"angle":-22.5,"axis":"x","origin":[0,16,0]},"faces":{"north":{"uv":[0,0,1.25,0],"texture":"#0"},"east":{"uv":[0,0,1.125,0],"texture":"#0"},"south":{"uv":[0,0,1.25,0],"texture":"#0"},"west":{"uv":[0,0,1.125,0],"texture":"#0"},"up":{"uv":[3.875,11.875,2.625,10.75],"texture":"#0"},"down":{"uv":[5.125,10.75,3.875,11.875],"texture":"#0"}}},{"from":[3,17,0],"to":[13,17,9],"rotation":{"angle":22.5,"axis":"x","origin":[0,16,1]},"faces":{"north":{"uv":[1.25,0,0,0],"texture":"#0"},"east":{"uv":[1.125,0,0,0],"texture":"#0"},"south":{"uv":[1.25,0,0,0],"texture":"#0"},"west":{"uv":[1.125,0,0,0],"texture":"#0"},"up":{"uv":[3.875,10.75,2.625,11.875],"texture":"#0"},"down":{"uv":[5.125,11.875,3.875,10.75],"texture":"#0"}}},{"from":[11.5,-7,-3],"to":[11.5,9,4],"rotation":{"angle":0,"axis":"y","origin":[6.5,3,-2]},"faces":{"north":{"uv":[0,0,0,2],"texture":"#0"},"east":{"uv":[10.375,7.5,11.25,9.5],"texture":"#0"},"south":{"uv":[0,0,0,2],"texture":"#0"},"west":{"uv":[0,10.75,0.875,12.75],"texture":"#0"},"up":{"uv":[0,0.875,0,0],"texture":"#0"},"down":{"uv":[0,0,0,0.875],"texture":"#0"}}},{"from":[4.5,-7,-3],"to":[4.5,9,4],"rotation":{"angle":0,"axis":"y","origin":[9.5,3,-2]},"faces":{"north":{"uv":[0,0,0,2],"texture":"#0"},"east":{"uv":[0.875,10.75,0,12.75],"texture":"#0"},"south":{"uv":[0,0,0,2],"texture":"#0"},"west":{"uv":[11.25,7.5,10.375,9.5],"texture":"#0"},"up":{"uv":[0,0.875,0,0],"texture":"#0"},"down":{"uv":[0,0,0,0.875],"texture":"#0"}}},{"from":[4.5,-7,4],"to":[11.5,9,4],"rotation":{"angle":0,"axis":"y","origin":[-0.5,3,5]},"faces":{"north":{"uv":[0.875,10.75,1.75,12.75],"texture":"#0"},"east":{"uv":[0,0,0,2],"texture":"#0"},"south":{"uv":[1.75,10.75,2.625,12.75],"texture":"#0"},"west":{"uv":[0,0,0,2],"texture":"#0"},"up":{"uv":[0.875,0,0,0],"texture":"#0"},"down":{"uv":[0.875,0,0,0],"texture":"#0"}}},{"from":[4.5,-7,-3],"to":[11.5,9,-3],"rotation":{"angle":0,"axis":"y","origin":[-0.5,3,-4]},"faces":{"north":{"uv":[2.625,10.75,1.75,12.75],"texture":"#0"},"east":{"uv":[0,0,0,2],"texture":"#0"},"south":{"uv":[1.75,10.75,0.875,12.75],"texture":"#0"},"west":{"uv":[0,0,0,2],"texture":"#0"},"up":{"uv":[0.875,0,0,0],"texture":"#0"},"down":{"uv":[0.875,0,0,0],"texture":"#0"}}},{"from":[4.5,7.85573,0.24836],"to":[11.5,16.85573,0.24836],"rotation":{"angle":-22.5,"axis":"x","origin":[-0.5,17.85573,-0.75164]},"faces":{"north":{"uv":[11.875,3.25,12.75,4.375],"texture":"#0"},"east":{"uv":[0,0,0,1.125],"texture":"#0"},"south":{"uv":[4.625,12,5.5,13.125],"texture":"#0"},"west":{"uv":[0,0,0,1.125],"texture":"#0"},"up":{"uv":[0.875,0,0,0],"texture":"#0"},"down":{"uv":[0.875,0,0,0],"texture":"#0"}}},{"from":[4.5,7.85573,0.75164],"to":[11.5,16.85573,0.75164],"rotation":{"angle":22.5,"axis":"x","origin":[-0.5,17.85573,1.75164]},"faces":{"north":{"uv":[5.5,12,4.625,13.125],"texture":"#0"},"east":{"uv":[0,0,0,1.125],"texture":"#0"},"south":{"uv":[12.75,3.25,11.875,4.375],"texture":"#0"},"west":{"uv":[0,0,0,1.125],"texture":"#0"},"up":{"uv":[0.875,0,0,0],"texture":"#0"},"down":{"uv":[0.875,0,0,0],"texture":"#0"}}},{"from":[7.29156,10.15221,-3],"to":[7.29156,19.15221,4],"rotation":{"angle":22.5,"axis":"z","origin":[12.29156,20.15221,-2]},"faces":{"north":{"uv":[0,0,0,1.125],"texture":"#0"},"east":{"uv":[10,12.125,10.875,13.25],"texture":"#0"},"south":{"uv":[0,0,0,1.125],"texture":"#0"},"west":{"uv":[12.25,6.75,13.125,7.875],"texture":"#0"},"up":{"uv":[0,0.875,0,0],"texture":"#0"},"down":{"uv":[0,0,0,0.875],"texture":"#0"}}},{"from":[8.70844,10.15221,-3],"to":[8.70844,19.15221,4],"rotation":{"angle":-22.5,"axis":"z","origin":[3.70844,20.15221,-2]},"faces":{"north":{"uv":[0,0,0,1.125],"texture":"#0"},"east":{"uv":[13.125,6.75,12.25,7.875],"texture":"#0"},"south":{"uv":[0,0,0,1.125],"texture":"#0"},"west":{"uv":[10.875,12.125,10,13.25],"texture":"#0"},"up":{"uv":[0,0.875,0,0],"texture":"#0"},"down":{"uv":[0,0,0,0.875],"texture":"#0"}}},{"from":[7.5,17,-4.5],"to":[16.5,17,5.5],"rotation":{"angle":-22.5,"axis":"z","origin":[8.5,16,-7.5]},"faces":{"north":{"uv":[0,0,1.125,0],"texture":"#0"},"east":{"uv":[0,0,1.25,0],"texture":"#0"},"south":{"uv":[0,0,1.125,0],"texture":"#0"},"west":{"uv":[0,0,1.25,0],"texture":"#0"},"up":{"uv":[6.25,12,5.125,10.75],"texture":"#0"},"down":{"uv":[11.875,0,10.75,1.25],"texture":"#0"}}},{"from":[-0.5,17,-4.5],"to":[8.5,17,5.5],"rotation":{"angle":22.5,"axis":"z","origin":[7.5,16,-7.5]},"faces":{"north":{"uv":[1.125,0,0,0],"texture":"#0"},"east":{"uv":[1.25,0,0,0],"texture":"#0"},"south":{"uv":[1.125,0,0,0],"texture":"#0"},"west":{"uv":[1.25,0,0,0],"texture":"#0"},"up":{"uv":[5.125,12,6.25,10.75],"texture":"#0"},"down":{"uv":[10.75,0,11.875,1.25],"texture":"#0"}}},{"from":[7.5,14,-5.5],"to":[17.5,14,6.5],"rotation":{"angle":-22.5,"axis":"z","origin":[8.5,13,-7.5]},"faces":{"north":{"uv":[0,0,1.25,0],"texture":"#0"},"east":{"uv":[0,0,1.5,0],"texture":"#0"},"south":{"uv":[0,0,1.25,0],"texture":"#0"},"west":{"uv":[0,0,1.5,0],"texture":"#0"},"up":{"uv":[7.25,9.5,6,8],"texture":"#0"},"down":{"uv":[9.25,0,8,1.5],"texture":"#0"}}},{"from":[-1.5,14,-5.5],"to":[8.5,14,6.5],"rotation":{"angle":22.5,"axis":"z","origin":[7.5,13,-7.5]},"faces":{"north":{"uv":[1.25,0,0,0],"texture":"#0"},"east":{"uv":[1.5,0,0,0],"texture":"#0"},"south":{"uv":[1.25,0,0,0],"texture":"#0"},"west":{"uv":[1.5,0,0,0],"texture":"#0"},"up":{"uv":[6,9.5,7.25,8],"texture":"#0"},"down":{"uv":[8,0,9.25,1.5],"texture":"#0"}}},{"from":[7.5,10,-5.5],"to":[17.5,10,6.5],"rotation":{"angle":-22.5,"axis":"z","origin":[8.5,9,-7.5]},"faces":{"north":{"uv":[0,0,1.25,0],"texture":"#0"},"east":{"uv":[0,0,1.5,0],"texture":"#0"},"south":{"uv":[0,0,1.25,0],"texture":"#0"},"west":{"uv":[0,0,1.5,0],"texture":"#0"},"up":{"uv":[9.25,5.625,8,4.125],"texture":"#0"},"down":{"uv":[9.625,1.5,8.375,3],"texture":"#0"}}},{"from":[-1.5,10,-5.5],"to":[8.5,10,6.5],"rotation":{"angle":22.5,"axis":"z","origin":[7.5,9,-7.5]},"faces":{"north":{"uv":[1.25,0,0,0],"texture":"#0"},"east":{"uv":[1.5,0,0,0],"texture":"#0"},"south":{"uv":[1.25,0,0,0],"texture":"#0"},"west":{"uv":[1.5,0,0,0],"texture":"#0"},"up":{"uv":[8,5.625,9.25,4.125],"texture":"#0"},"down":{"uv":[8.375,1.5,9.625,3],"texture":"#0"}}},{"from":[7.5,2,-6.5],"to":[18.5,2,7.5],"rotation":{"angle":-22.5,"axis":"z","origin":[8.5,1,-7.5]},"faces":{"north":{"uv":[0,0,1.375,0],"texture":"#0"},"east":{"uv":[0,0,1.75,0],"texture":"#0"},"south":{"uv":[0,0,1.375,0],"texture":"#0"},"west":{"uv":[0,0,1.75,0],"texture":"#0"},"up":{"uv":[4.875,3.5,3.5,1.75],"texture":"#0"},"down":{"uv":[1.375,4.125,0,5.875],"texture":"#0"}}},{"from":[7.5,-6,-6.5],"to":[18.5,-6,7.5],"rotation":{"angle":-22.5,"axis":"z","origin":[8.5,-7,-7.5]},"faces":{"north":{"uv":[0,0,1.375,0],"texture":"#0"},"east":{"uv":[0,0,1.75,0],"texture":"#0"},"south":{"uv":[0,0,1.375,0],"texture":"#0"},"west":{"uv":[0,0,1.75,0],"texture":"#0"},"up":{"uv":[4.875,3.5,3.5,1.75],"texture":"#0"},"down":{"uv":[1.375,4.125,0,5.875],"texture":"#0"}}},{"from":[-2.5,2,-6.5],"to":[8.5,2,7.5],"rotation":{"angle":22.5,"axis":"z","origin":[7.5,1,-7.5]},"faces":{"north":{"uv":[1.375,0,0,0],"texture":"#0"},"east":{"uv":[1.75,0,0,0],"texture":"#0"},"south":{"uv":[1.375,0,0,0],"texture":"#0"},"west":{"uv":[1.75,0,0,0],"texture":"#0"},"up":{"uv":[3.5,3.5,4.875,1.75],"texture":"#0"},"down":{"uv":[0,4.125,1.375,5.875],"texture":"#0"}}},{"from":[-2.5,-6,-6.5],"to":[8.5,-6,7.5],"rotation":{"angle":22.5,"axis":"z","origin":[7.5,-7,-7.5]},"faces":{"north":{"uv":[1.375,0,0,0],"texture":"#0"},"east":{"uv":[1.75,0,0,0],"texture":"#0"},"south":{"uv":[1.375,0,0,0],"texture":"#0"},"west":{"uv":[1.75,0,0,0],"texture":"#0"},"up":{"uv":[3.5,3.5,4.875,1.75],"texture":"#0"},"down":{"uv":[0,4.125,1.375,5.875],"texture":"#0"}}},{"from":[-2.5,-2,-6.5],"to":[8.5,-2,7.5],"rotation":{"angle":22.5,"axis":"z","origin":[7.5,-3,-7.5]},"faces":{"north":{"uv":[1.375,0,0,0],"texture":"#0"},"east":{"uv":[1.75,0,0,0],"texture":"#0"},"south":{"uv":[1.375,0,0,0],"texture":"#0"},"west":{"uv":[1.75,0,0,0],"texture":"#0"},"up":{"uv":[3.5,3.5,4.875,1.75],"texture":"#0"},"down":{"uv":[0,4.125,1.375,5.875],"texture":"#0"}}},{"from":[-2.5,6,-6.5],"to":[8.5,6,7.5],"rotation":{"angle":22.5,"axis":"z","origin":[7.5,5,-7.5]},"faces":{"north":{"uv":[1.375,0,0,0],"texture":"#0"},"east":{"uv":[1.75,0,0,0],"texture":"#0"},"south":{"uv":[1.375,0,0,0],"texture":"#0"},"west":{"uv":[1.75,0,0,0],"texture":"#0"},"up":{"uv":[3.5,3.5,4.875,1.75],"texture":"#0"},"down":{"uv":[0,4.125,1.375,5.875],"texture":"#0"}}},{"from":[0.5,20,-3.5],"to":[8.5,20,4.5],"rotation":{"angle":22.5,"axis":"z","origin":[7.5,19,-7.5]},"faces":{"north":{"uv":[0,0,1,0],"texture":"#0"},"east":{"uv":[0,0,1,0],"texture":"#0"},"south":{"uv":[0,0,1,0],"texture":"#0"},"west":{"uv":[0,0,1,0],"texture":"#0"},"up":{"uv":[12.625,12.625,11.625,11.625],"texture":"#0"},"down":{"uv":[3.625,11.875,2.625,12.875],"texture":"#0"}}},{"from":[7.5,20,-3.5],"to":[15.5,20,4.5],"rotation":{"angle":-22.5,"axis":"z","origin":[8.5,19,-7.5]},"faces":{"north":{"uv":[1,0,0,0],"texture":"#0"},"east":{"uv":[1,0,0,0],"texture":"#0"},"south":{"uv":[1,0,0,0],"texture":"#0"},"west":{"uv":[1,0,0,0],"texture":"#0"},"up":{"uv":[11.625,12.625,12.625,11.625],"texture":"#0"},"down":{"uv":[2.625,11.875,3.625,12.875],"texture":"#0"}}},{"from":[2.5,23,-2.5],"to":[8.5,23,3.5],"rotation":{"angle":22.5,"axis":"z","origin":[7.5,22,-7.5]},"faces":{"north":{"uv":[0,0,0.75,0],"texture":"#0"},"east":{"uv":[0,0,0.75,0],"texture":"#0"},"south":{"uv":[0,0,0.75,0],"texture":"#0"},"west":{"uv":[0,0,0.75,0],"texture":"#0"},"up":{"uv":[3.5,5.25,2.75,4.5],"texture":"#0"},"down":{"uv":[4.875,5.25,4.125,6],"texture":"#0"}}},{"from":[7.5,23,-2.5],"to":[13.5,23,3.5],"rotation":{"angle":-22.5,"axis":"z","origin":[8.5,22,-7.5]},"faces":{"north":{"uv":[0.75,0,0,0],"texture":"#0"},"east":{"uv":[0.75,0,0,0],"texture":"#0"},"south":{"uv":[0.75,0,0,0],"texture":"#0"},"west":{"uv":[0.75,0,0,0],"texture":"#0"},"up":{"uv":[2.75,5.25,3.5,4.5],"texture":"#0"},"down":{"uv":[4.125,5.25,4.875,6],"texture":"#0"}}},{"from":[4,20,0],"to":[12,20,8],"rotation":{"angle":22.5,"axis":"x","origin":[0,19,1]},"faces":{"north":{"uv":[0,0,1,0],"texture":"#0"},"east":{"uv":[0,0,1,0],"texture":"#0"},"south":{"uv":[0,0,1,0],"texture":"#0"},"west":{"uv":[0,0,1,0],"texture":"#0"},"up":{"uv":[4.625,12.875,3.625,11.875],"texture":"#0"},"down":{"uv":[12.875,0,11.875,1],"texture":"#0"}}},{"from":[4,20,-7],"to":[12,20,1],"rotation":{"angle":-22.5,"axis":"x","origin":[0,19,0]},"faces":{"north":{"uv":[1,0,0,0],"texture":"#0"},"east":{"uv":[1,0,0,0],"texture":"#0"},"south":{"uv":[1,0,0,0],"texture":"#0"},"west":{"uv":[1,0,0,0],"texture":"#0"},"up":{"uv":[4.625,11.875,3.625,12.875],"texture":"#0"},"down":{"uv":[12.875,1,11.875,0],"texture":"#0"}}},{"from":[5,23,0],"to":[11,23,6],"rotation":{"angle":22.5,"axis":"x","origin":[0,22,1]},"faces":{"north":{"uv":[0,0,0.75,0],"texture":"#0"},"east":{"uv":[0,0,0.75,0],"texture":"#0"},"south":{"uv":[0,0,0.75,0],"texture":"#0"},"west":{"uv":[0,0,0.75,0],"texture":"#0"},"up":{"uv":[8.625,13.125,7.875,12.375],"texture":"#0"},"down":{"uv":[12.375,12.625,11.625,13.375],"texture":"#0"}}},{"from":[5,23,-5],"to":[11,23,1],"rotation":{"angle":-22.5,"axis":"x","origin":[0,22,0]},"faces":{"north":{"uv":[0.75,0,0,0],"texture":"#0"},"east":{"uv":[0.75,0,0,0],"texture":"#0"},"south":{"uv":[0.75,0,0,0],"texture":"#0"},"west":{"uv":[0.75,0,0,0],"texture":"#0"},"up":{"uv":[8.625,12.375,7.875,13.125],"texture":"#0"},"down":{"uv":[12.375,13.375,11.625,12.625],"texture":"#0"}}},{"from":[2,14,0],"to":[14,14,10],"rotation":{"angle":22.5,"axis":"x","origin":[0,13,1]},"faces":{"north":{"uv":[0,0,1.5,0],"texture":"#0"},"east":{"uv":[0,0,1.25,0],"texture":"#0"},"south":{"uv":[0,0,1.5,0],"texture":"#0"},"west":{"uv":[0,0,1.25,0],"texture":"#0"},"up":{"uv":[10.75,1.25,9.25,0],"texture":"#0"},"down":{"uv":[10.75,3,9.25,4.25],"texture":"#0"}}},{"from":[2,14,-9],"to":[14,14,1],"rotation":{"angle":-22.5,"axis":"x","origin":[0,13,0]},"faces":{"north":{"uv":[1.5,0,0,0],"texture":"#0"},"east":{"uv":[1.25,0,0,0],"texture":"#0"},"south":{"uv":[1.5,0,0,0],"texture":"#0"},"west":{"uv":[1.25,0,0,0],"texture":"#0"},"up":{"uv":[10.75,0,9.25,1.25],"texture":"#0"},"down":{"uv":[10.75,4.25,9.25,3],"texture":"#0"}}},{"from":[2,10,0],"to":[14,10,10],"rotation":{"angle":22.5,"axis":"x","origin":[0,9,1]},"faces":{"north":{"uv":[0,0,1.5,0],"texture":"#0"},"east":{"uv":[0,0,1.25,0],"texture":"#0"},"south":{"uv":[0,0,1.5,0],"texture":"#0"},"west":{"uv":[0,0,1.25,0],"texture":"#0"},"up":{"uv":[10.75,5.5,9.25,4.25],"texture":"#0"},"down":{"uv":[6.5,9.5,5,10.75],"texture":"#0"}}},{"from":[2,10,-9],"to":[14,10,1],"rotation":{"angle":-22.5,"axis":"x","origin":[0,9,0]},"faces":{"north":{"uv":[1.5,0,0,0],"texture":"#0"},"east":{"uv":[1.25,0,0,0],"texture":"#0"},"south":{"uv":[1.5,0,0,0],"texture":"#0"},"west":{"uv":[1.25,0,0,0],"texture":"#0"},"up":{"uv":[10.75,4.25,9.25,5.5],"texture":"#0"},"down":{"uv":[6.5,10.75,5,9.5],"texture":"#0"}}},{"from":[1,2,0],"to":[15,2,11],"rotation":{"angle":22.5,"axis":"x","origin":[0,1,1]},"faces":{"north":{"uv":[0,0,1.75,0],"texture":"#0"},"east":{"uv":[0,0,1.375,0],"texture":"#0"},"south":{"uv":[0,0,1.75,0],"texture":"#0"},"west":{"uv":[0,0,1.375,0],"texture":"#0"},"up":{"uv":[8,2.75,6.25,1.375],"texture":"#0"},"down":{"uv":[8,4.875,6.25,6.25],"texture":"#0"}}},{"from":[1,-6,0],"to":[15,-6,11],"rotation":{"angle":22.5,"axis":"x","origin":[0,-7,1]},"faces":{"north":{"uv":[0,0,1.75,0],"texture":"#0"},"east":{"uv":[0,0,1.375,0],"texture":"#0"},"south":{"uv":[0,0,1.75,0],"texture":"#0"},"west":{"uv":[0,0,1.375,0],"texture":"#0"},"up":{"uv":[8,2.75,6.25,1.375],"texture":"#0"},"down":{"uv":[8,4.875,6.25,6.25],"texture":"#0"}}},{"from":[1,2,-10],"to":[15,2,1],"rotation":{"angle":-22.5,"axis":"x","origin":[0,1,0]},"faces":{"north":{"uv":[1.75,0,0,0],"texture":"#0"},"east":{"uv":[1.375,0,0,0],"texture":"#0"},"south":{"uv":[1.75,0,0,0],"texture":"#0"},"west":{"uv":[1.375,0,0,0],"texture":"#0"},"up":{"uv":[8,1.375,6.25,2.75],"texture":"#0"},"down":{"uv":[8,6.25,6.25,4.875],"texture":"#0"}}},{"from":[1,-6,-10],"to":[15,-6,1],"rotation":{"angle":-22.5,"axis":"x","origin":[0,-7,0]},"faces":{"north":{"uv":[1.75,0,0,0],"texture":"#0"},"east":{"uv":[1.375,0,0,0],"texture":"#0"},"south":{"uv":[1.75,0,0,0],"texture":"#0"},"west":{"uv":[1.375,0,0,0],"texture":"#0"},"up":{"uv":[8,1.375,6.25,2.75],"texture":"#0"},"down":{"uv":[8,6.25,6.25,4.875],"texture":"#0"}}},{"from":[1,-2,-10],"to":[15,-2,1],"rotation":{"angle":-22.5,"axis":"x","origin":[0,-3,0]},"faces":{"north":{"uv":[1.75,0,0,0],"texture":"#0"},"east":{"uv":[1.375,0,0,0],"texture":"#0"},"south":{"uv":[1.75,0,0,0],"texture":"#0"},"west":{"uv":[1.375,0,0,0],"texture":"#0"},"up":{"uv":[8,1.375,6.25,2.75],"texture":"#0"},"down":{"uv":[8,6.25,6.25,4.875],"texture":"#0"}}},{"from":[1,6,-10],"to":[15,6,1],"rotation":{"angle":-22.5,"axis":"x","origin":[0,5,0]},"faces":{"north":{"uv":[1.75,0,0,0],"texture":"#0"},"east":{"uv":[1.375,0,0,0],"texture":"#0"},"south":{"uv":[1.75,0,0,0],"texture":"#0"},"west":{"uv":[1.375,0,0,0],"texture":"#0"},"up":{"uv":[8,1.375,6.25,2.75],"texture":"#0"},"down":{"uv":[8,6.25,6.25,4.875],"texture":"#0"}}},{"from":[3.5,7,-6],"to":[4.5,8,-5],"rotation":{"angle":-45,"axis":"y","origin":[4,6.75,-5.5]},"faces":{"north":{"uv":[2.75,1.625,2.875,1.75],"texture":"#0"},"east":{"uv":[2.875,1.625,3,1.75],"texture":"#0"},"south":{"uv":[3,1.625,3.125,1.75],"texture":"#0"},"west":{"uv":[3.125,1.625,3.25,1.75],"texture":"#0"},"up":{"uv":[3.375,1.75,3.25,1.625],"texture":"#0"},"down":{"uv":[3.5,1.625,3.375,1.75],"texture":"#0"}}},{"from":[3,5,-6.5],"to":[5,7,-4.5],"rotation":{"angle":-45,"axis":"y","origin":[4,6.75,-5.5]},"faces":{"north":{"uv":[3,1.375,3.25,1.625],"texture":"#0"},"east":{"uv":[3.25,1.375,3.5,1.625],"texture":"#0"},"south":{"uv":[1.375,4.125,1.625,4.375],"texture":"#0"},"west":{"uv":[4.125,6,4.375,6.25],"texture":"#0"},"up":{"uv":[4.625,6.25,4.375,6],"texture":"#0"},"down":{"uv":[4.875,6,4.625,6.25],"texture":"#0"}}},{"from":[14.25,2.75,1.25],"to":[15.25,3.75,2.25],"rotation":{"angle":-45,"axis":"y","origin":[14.75,2.5,1.75]},"faces":{"north":{"uv":[1.625,4.125,1.75,4.25],"texture":"#0"},"east":{"uv":[1.625,4.25,1.75,4.375],"texture":"#0"},"south":{"uv":[1.375,4.375,1.5,4.5],"texture":"#0"},"west":{"uv":[1.5,4.375,1.625,4.5],"texture":"#0"},"up":{"uv":[1.75,4.5,1.625,4.375],"texture":"#0"},"down":{"uv":[4.25,6.5,4.125,6.625],"texture":"#0"}}},{"from":[13.75,0.75,0.75],"to":[15.75,2.75,2.75],"rotation":{"angle":-45,"axis":"y","origin":[14.75,2.5,1.75]},"faces":{"north":{"uv":[4.125,6.25,4.375,6.5],"texture":"#0"},"east":{"uv":[4.375,6.25,4.625,6.5],"texture":"#0"},"south":{"uv":[4.625,6.25,4.875,6.5],"texture":"#0"},"west":{"uv":[6.25,2.75,6.5,3],"texture":"#0"},"up":{"uv":[6.5,3.25,6.25,3],"texture":"#0"},"down":{"uv":[6.5,3.25,6.25,3.5],"texture":"#0"}}},{"from":[0,-1.5,-4],"to":[1,-0.5,-3],"rotation":{"angle":-45,"axis":"y","origin":[0.5,-1.75,-3.5]},"faces":{"north":{"uv":[4.25,6.5,4.375,6.625],"texture":"#0"},"east":{"uv":[4.375,6.5,4.5,6.625],"texture":"#0"},"south":{"uv":[4.5,6.5,4.625,6.625],"texture":"#0"},"west":{"uv":[4.625,6.5,4.75,6.625],"texture":"#0"},"up":{"uv":[4.875,6.625,4.75,6.5],"texture":"#0"},"down":{"uv":[6.625,2.75,6.5,2.875],"texture":"#0"}}},{"from":[-0.5,-3.5,-4.5],"to":[1.5,-1.5,-2.5],"rotation":{"angle":-45,"axis":"y","origin":[0.5,-1.75,-3.5]},"faces":{"north":{"uv":[5.875,6.625,6.125,6.875],"texture":"#0"},"east":{"uv":[5.875,6.875,6.125,7.125],"texture":"#0"},"south":{"uv":[5.875,7.125,6.125,7.375],"texture":"#0"},"west":{"uv":[5.875,7.375,6.125,7.625],"texture":"#0"},"up":{"uv":[7.625,4.375,7.375,4.125],"texture":"#0"},"down":{"uv":[7.625,4.375,7.375,4.625],"texture":"#0"}}},{"from":[4.5,14.5,-5.25],"to":[5.5,15.5,-4.25],"rotation":{"angle":-45,"axis":"y","origin":[5,14.25,-4.75]},"faces":{"north":{"uv":[6.5,2.875,6.625,3],"texture":"#0"},"east":{"uv":[6.5,3,6.625,3.125],"texture":"#0"},"south":{"uv":[6.5,3.125,6.625,3.25],"texture":"#0"},"west":{"uv":[6.5,3.25,6.625,3.375],"texture":"#0"},"up":{"uv":[6.625,3.5,6.5,3.375],"texture":"#0"},"down":{"uv":[6.25,6.625,6.125,6.75],"texture":"#0"}}},{"from":[4,12.5,-5.75],"to":[6,14.5,-3.75],"rotation":{"angle":-45,"axis":"y","origin":[5,14.25,-4.75]},"faces":{"north":{"uv":[7.375,4.625,7.625,4.875],"texture":"#0"},"east":{"uv":[0,7.625,0.25,7.875],"texture":"#0"},"south":{"uv":[0.25,7.625,0.5,7.875],"texture":"#0"},"west":{"uv":[0.5,7.625,0.75,7.875],"texture":"#0"},"up":{"uv":[1,7.875,0.75,7.625],"texture":"#0"},"down":{"uv":[1.25,7.625,1,7.875],"texture":"#0"}}},{"from":[7.5,-2,-6.5],"to":[18.5,-2,7.5],"rotation":{"angle":-22.5,"axis":"z","origin":[8.5,-3,8.5]},"faces":{"north":{"uv":[0,0,1.375,0],"texture":"#0"},"east":{"uv":[0,0,1.75,0],"texture":"#0"},"south":{"uv":[0,0,1.375,0],"texture":"#0"},"west":{"uv":[0,0,1.75,0],"texture":"#0"},"up":{"uv":[6.625,4.875,4.875,3.5],"rotation":270,"texture":"#0"},"down":{"uv":[8,0,6.25,1.375],"rotation":90,"texture":"#0"}}},{"from":[7.5,6,-6.5],"to":[18.5,6,7.5],"rotation":{"angle":-22.5,"axis":"z","origin":[8.5,5,8.5]},"faces":{"north":{"uv":[0,0,1.375,0],"texture":"#0"},"east":{"uv":[0,0,1.75,0],"texture":"#0"},"south":{"uv":[0,0,1.375,0],"texture":"#0"},"west":{"uv":[0,0,1.75,0],"texture":"#0"},"up":{"uv":[6.625,4.875,4.875,3.5],"rotation":270,"texture":"#0"},"down":{"uv":[8,0,6.25,1.375],"rotation":90,"texture":"#0"}}},{"from":[1,-2,0],"to":[15,-2,11],"rotation":{"angle":22.5,"axis":"x","origin":[16,-3,1]},"faces":{"north":{"uv":[0,0,1.75,0],"texture":"#0"},"east":{"uv":[0,0,1.375,0],"texture":"#0"},"south":{"uv":[0,0,1.75,0],"texture":"#0"},"west":{"uv":[0,0,1.375,0],"texture":"#0"},"up":{"uv":[4.875,5.25,3.5,3.5],"rotation":90,"texture":"#0"},"down":{"uv":[4.875,0,3.5,1.75],"rotation":270,"texture":"#0"}}},{"from":[1,6,0],"to":[15,6,11],"rotation":{"angle":22.5,"axis":"x","origin":[16,5,1]},"faces":{"north":{"uv":[0,0,1.75,0],"texture":"#0"},"east":{"uv":[0,0,1.375,0],"texture":"#0"},"south":{"uv":[0,0,1.75,0],"texture":"#0"},"west":{"uv":[0,0,1.375,0],"texture":"#0"},"up":{"uv":[4.875,5.25,3.5,3.5],"rotation":90,"texture":"#0"},"down":{"uv":[4.875,0,3.5,1.75],"rotation":270,"texture":"#0"}}},{"from":[12,-1.5,8],"to":[13,-0.5,9],"rotation":{"angle":-45,"axis":"y","origin":[12.5,-1.75,8.5]},"faces":{"north":{"uv":[6.5,2.875,6.625,3],"texture":"#0"},"east":{"uv":[6.5,3,6.625,3.125],"texture":"#0"},"south":{"uv":[6.5,3.125,6.625,3.25],"texture":"#0"},"west":{"uv":[6.5,3.25,6.625,3.375],"texture":"#0"},"up":{"uv":[6.625,3.5,6.5,3.375],"texture":"#0"},"down":{"uv":[6.25,6.625,6.125,6.75],"texture":"#0"}}},{"from":[11.5,-3.5,7.5],"to":[13.5,-1.5,9.5],"rotation":{"angle":-45,"axis":"y","origin":[12.5,-1.75,8.5]},"faces":{"north":{"uv":[7.375,4.625,7.625,4.875],"texture":"#0"},"east":{"uv":[0,7.625,0.25,7.875],"texture":"#0"},"south":{"uv":[0.25,7.625,0.5,7.875],"texture":"#0"},"west":{"uv":[0.5,7.625,0.75,7.875],"texture":"#0"},"up":{"uv":[1,7.875,0.75,7.625],"texture":"#0"},"down":{"uv":[1.25,7.625,1,7.875],"texture":"#0"}}},{"from":[13.5,17,-1],"to":[14.5,18,0],"rotation":{"angle":-45,"axis":"y","origin":[14,16.75,-0.5]},"faces":{"north":{"uv":[6.5,2.875,6.625,3],"texture":"#0"},"east":{"uv":[6.5,3,6.625,3.125],"texture":"#0"},"south":{"uv":[6.5,3.125,6.625,3.25],"texture":"#0"},"west":{"uv":[6.5,3.25,6.625,3.375],"texture":"#0"},"up":{"uv":[6.625,3.5,6.5,3.375],"texture":"#0"},"down":{"uv":[6.25,6.625,6.125,6.75],"texture":"#0"}}},{"from":[13,15,-1.5],"to":[15,17,0.5],"rotation":{"angle":-45,"axis":"y","origin":[14,16.75,-0.5]},"faces":{"north":{"uv":[7.375,4.625,7.625,4.875],"texture":"#0"},"east":{"uv":[0,7.625,0.25,7.875],"texture":"#0"},"south":{"uv":[0.25,7.625,0.5,7.875],"texture":"#0"},"west":{"uv":[0.5,7.625,0.75,7.875],"texture":"#0"},"up":{"uv":[1,7.875,0.75,7.625],"texture":"#0"},"down":{"uv":[1.25,7.625,1,7.875],"texture":"#0"}}},{"from":[1.5,7,3],"to":[2.5,8,4],"rotation":{"angle":-45,"axis":"y","origin":[2,6.75,3.5]},"faces":{"north":{"uv":[6.5,2.875,6.625,3],"texture":"#0"},"east":{"uv":[6.5,3,6.625,3.125],"texture":"#0"},"south":{"uv":[6.5,3.125,6.625,3.25],"texture":"#0"},"west":{"uv":[6.5,3.25,6.625,3.375],"texture":"#0"},"up":{"uv":[6.625,3.5,6.5,3.375],"texture":"#0"},"down":{"uv":[6.25,6.625,6.125,6.75],"texture":"#0"}}},{"from":[1,5,2.5],"to":[3,7,4.5],"rotation":{"angle":-45,"axis":"y","origin":[2,6.75,3.5]},"faces":{"north":{"uv":[7.375,4.625,7.625,4.875],"texture":"#0"},"east":{"uv":[0,7.625,0.25,7.875],"texture":"#0"},"south":{"uv":[0.25,7.625,0.5,7.875],"texture":"#0"},"west":{"uv":[0.5,7.625,0.75,7.875],"texture":"#0"},"up":{"uv":[1,7.875,0.75,7.625],"texture":"#0"},"down":{"uv":[1.25,7.625,1,7.875],"texture":"#0"}}},{"from":[4.5,-5.75,-8],"to":[5.5,-4.75,-7],"rotation":{"angle":-45,"axis":"y","origin":[5,-6,-7.5]},"faces":{"north":{"uv":[6.5,2.875,6.625,3],"texture":"#0"},"east":{"uv":[6.5,3,6.625,3.125],"texture":"#0"},"south":{"uv":[6.5,3.125,6.625,3.25],"texture":"#0"},"west":{"uv":[6.5,3.25,6.625,3.375],"texture":"#0"},"up":{"uv":[6.625,3.5,6.5,3.375],"texture":"#0"},"down":{"uv":[6.25,6.625,6.125,6.75],"texture":"#0"}}},{"from":[4,-7.75,-8.5],"to":[6,-5.75,-6.5],"rotation":{"angle":-45,"axis":"y","origin":[5,-6,-7.5]},"faces":{"north":{"uv":[7.375,4.625,7.625,4.875],"texture":"#0"},"east":{"uv":[0,7.625,0.25,7.875],"texture":"#0"},"south":{"uv":[0.25,7.625,0.5,7.875],"texture":"#0"},"west":{"uv":[0.5,7.625,0.75,7.875],"texture":"#0"},"up":{"uv":[1,7.875,0.75,7.625],"texture":"#0"},"down":{"uv":[1.25,7.625,1,7.875],"texture":"#0"}}},{"from":[1.5,-5,4],"to":[2.5,-4,5],"rotation":{"angle":-45,"axis":"y","origin":[2,-5.25,4.5]},"faces":{"north":{"uv":[1.625,4.125,1.75,4.25],"texture":"#0"},"east":{"uv":[1.625,4.25,1.75,4.375],"texture":"#0"},"south":{"uv":[1.375,4.375,1.5,4.5],"texture":"#0"},"west":{"uv":[1.5,4.375,1.625,4.5],"texture":"#0"},"up":{"uv":[1.75,4.5,1.625,4.375],"texture":"#0"},"down":{"uv":[4.25,6.5,4.125,6.625],"texture":"#0"}}},{"from":[1,-7,3.5],"to":[3,-5,5.5],"rotation":{"angle":-45,"axis":"y","origin":[2,-5.25,4.5]},"faces":{"north":{"uv":[4.125,6.25,4.375,6.5],"texture":"#0"},"east":{"uv":[4.375,6.25,4.625,6.5],"texture":"#0"},"south":{"uv":[4.625,6.25,4.875,6.5],"texture":"#0"},"west":{"uv":[6.25,2.75,6.5,3],"texture":"#0"},"up":{"uv":[6.5,3.25,6.25,3],"texture":"#0"},"down":{"uv":[6.5,3.25,6.25,3.5],"texture":"#0"}}},{"from":[5.75,10.75,-6.5],"to":[6.75,11.75,-5.5],"rotation":{"angle":-45,"axis":"y","origin":[6.25,10.5,-6]},"faces":{"north":{"uv":[1.625,4.125,1.75,4.25],"texture":"#0"},"east":{"uv":[1.625,4.25,1.75,4.375],"texture":"#0"},"south":{"uv":[1.375,4.375,1.5,4.5],"texture":"#0"},"west":{"uv":[1.5,4.375,1.625,4.5],"texture":"#0"},"up":{"uv":[1.75,4.5,1.625,4.375],"texture":"#0"},"down":{"uv":[4.25,6.5,4.125,6.625],"texture":"#0"}}},{"from":[5.25,8.75,-7],"to":[7.25,10.75,-5],"rotation":{"angle":-45,"axis":"y","origin":[6.25,10.5,-6]},"faces":{"north":{"uv":[4.125,6.25,4.375,6.5],"texture":"#0"},"east":{"uv":[4.375,6.25,4.625,6.5],"texture":"#0"},"south":{"uv":[4.625,6.25,4.875,6.5],"texture":"#0"},"west":{"uv":[6.25,2.75,6.5,3],"texture":"#0"},"up":{"uv":[6.5,3.25,6.25,3],"texture":"#0"},"down":{"uv":[6.5,3.25,6.25,3.5],"texture":"#0"}}},{"from":[4.5,14.5,5],"to":[5.5,15.5,6],"rotation":{"angle":-45,"axis":"y","origin":[5,14.25,5.5]},"faces":{"north":{"uv":[1.625,4.125,1.75,4.25],"texture":"#0"},"east":{"uv":[1.625,4.25,1.75,4.375],"texture":"#0"},"south":{"uv":[1.375,4.375,1.5,4.5],"texture":"#0"},"west":{"uv":[1.5,4.375,1.625,4.5],"texture":"#0"},"up":{"uv":[1.75,4.5,1.625,4.375],"texture":"#0"},"down":{"uv":[4.25,6.5,4.125,6.625],"texture":"#0"}}},{"from":[4,12.5,4.5],"to":[6,14.5,6.5],"rotation":{"angle":-45,"axis":"y","origin":[5,14.25,5.5]},"faces":{"north":{"uv":[4.125,6.25,4.375,6.5],"texture":"#0"},"east":{"uv":[4.375,6.25,4.625,6.5],"texture":"#0"},"south":{"uv":[4.625,6.25,4.875,6.5],"texture":"#0"},"west":{"uv":[6.25,2.75,6.5,3],"texture":"#0"},"up":{"uv":[6.5,3.25,6.25,3],"texture":"#0"},"down":{"uv":[6.5,3.25,6.25,3.5],"texture":"#0"}}},{"from":[11.5,-1.75,-7.75],"to":[12.5,-0.75,-6.75],"rotation":{"angle":-45,"axis":"y","origin":[12,-2,-7.25]},"faces":{"north":{"uv":[1.625,4.125,1.75,4.25],"texture":"#0"},"east":{"uv":[1.625,4.25,1.75,4.375],"texture":"#0"},"south":{"uv":[1.375,4.375,1.5,4.5],"texture":"#0"},"west":{"uv":[1.5,4.375,1.625,4.5],"texture":"#0"},"up":{"uv":[1.75,4.5,1.625,4.375],"texture":"#0"},"down":{"uv":[4.25,6.5,4.125,6.625],"texture":"#0"}}},{"from":[11,-3.75,-8.25],"to":[13,-1.75,-6.25],"rotation":{"angle":-45,"axis":"y","origin":[12,-2,-7.25]},"faces":{"north":{"uv":[4.125,6.25,4.375,6.5],"texture":"#0"},"east":{"uv":[4.375,6.25,4.625,6.5],"texture":"#0"},"south":{"uv":[4.625,6.25,4.875,6.5],"texture":"#0"},"west":{"uv":[6.25,2.75,6.5,3],"texture":"#0"},"up":{"uv":[6.5,3.25,6.25,3],"texture":"#0"},"down":{"uv":[6.5,3.25,6.25,3.5],"texture":"#0"}}},{"from":[12.5,11.5,-5],"to":[13.5,12.5,-4],"rotation":{"angle":-45,"axis":"y","origin":[13,11.25,-4.5]},"faces":{"north":{"uv":[4.25,6.5,4.375,6.625],"texture":"#0"},"east":{"uv":[4.375,6.5,4.5,6.625],"texture":"#0"},"south":{"uv":[4.5,6.5,4.625,6.625],"texture":"#0"},"west":{"uv":[4.625,6.5,4.75,6.625],"texture":"#0"},"up":{"uv":[4.875,6.625,4.75,6.5],"texture":"#0"},"down":{"uv":[6.625,2.75,6.5,2.875],"texture":"#0"}}},{"from":[12,9.5,-5.5],"to":[14,11.5,-3.5],"rotation":{"angle":-45,"axis":"y","origin":[13,11.25,-4.5]},"faces":{"north":{"uv":[5.875,6.625,6.125,6.875],"texture":"#0"},"east":{"uv":[5.875,6.875,6.125,7.125],"texture":"#0"},"south":{"uv":[5.875,7.125,6.125,7.375],"texture":"#0"},"west":{"uv":[5.875,7.375,6.125,7.625],"texture":"#0"},"up":{"uv":[7.625,4.375,7.375,4.125],"texture":"#0"},"down":{"uv":[7.625,4.375,7.375,4.625],"texture":"#0"}}},{"from":[14.5,-9.5,-1.75],"to":[15.5,-8.5,-0.75],"rotation":{"angle":-45,"axis":"y","origin":[15,-9.75,-1.25]},"faces":{"north":{"uv":[4.25,6.5,4.375,6.625],"texture":"#0"},"east":{"uv":[4.375,6.5,4.5,6.625],"texture":"#0"},"south":{"uv":[4.5,6.5,4.625,6.625],"texture":"#0"},"west":{"uv":[4.625,6.5,4.75,6.625],"texture":"#0"},"up":{"uv":[4.875,6.625,4.75,6.5],"texture":"#0"},"down":{"uv":[6.625,2.75,6.5,2.875],"texture":"#0"}}},{"from":[14,-11.5,-2.25],"to":[16,-9.5,-0.25],"rotation":{"angle":-45,"axis":"y","origin":[15,-9.75,-1.25]},"faces":{"north":{"uv":[5.875,6.625,6.125,6.875],"texture":"#0"},"east":{"uv":[5.875,6.875,6.125,7.125],"texture":"#0"},"south":{"uv":[5.875,7.125,6.125,7.375],"texture":"#0"},"west":{"uv":[5.875,7.375,6.125,7.625],"texture":"#0"},"up":{"uv":[7.625,4.375,7.375,4.125],"texture":"#0"},"down":{"uv":[7.625,4.375,7.375,4.625],"texture":"#0"}}},{"from":[13.5,11,3],"to":[14.5,12,4],"rotation":{"angle":-45,"axis":"y","origin":[14,10.75,3.5]},"faces":{"north":{"uv":[4.25,6.5,4.375,6.625],"texture":"#0"},"east":{"uv":[4.375,6.5,4.5,6.625],"texture":"#0"},"south":{"uv":[4.5,6.5,4.625,6.625],"texture":"#0"},"west":{"uv":[4.625,6.5,4.75,6.625],"texture":"#0"},"up":{"uv":[4.875,6.625,4.75,6.5],"texture":"#0"},"down":{"uv":[6.625,2.75,6.5,2.875],"texture":"#0"}}},{"from":[13,9,2.5],"to":[15,11,4.5],"rotation":{"angle":-45,"axis":"y","origin":[14,10.75,3.5]},"faces":{"north":{"uv":[5.875,6.625,6.125,6.875],"texture":"#0"},"east":{"uv":[5.875,6.875,6.125,7.125],"texture":"#0"},"south":{"uv":[5.875,7.125,6.125,7.375],"texture":"#0"},"west":{"uv":[5.875,7.375,6.125,7.625],"texture":"#0"},"up":{"uv":[7.625,4.375,7.375,4.125],"texture":"#0"},"down":{"uv":[7.625,4.375,7.375,4.625],"texture":"#0"}}},{"from":[6.5,6.75,6.75],"to":[7.5,7.75,7.75],"rotation":{"angle":-45,"axis":"y","origin":[7,6.5,7.25]},"faces":{"north":{"uv":[4.25,6.5,4.375,6.625],"texture":"#0"},"east":{"uv":[4.375,6.5,4.5,6.625],"texture":"#0"},"south":{"uv":[4.5,6.5,4.625,6.625],"texture":"#0"},"west":{"uv":[4.625,6.5,4.75,6.625],"texture":"#0"},"up":{"uv":[4.875,6.625,4.75,6.5],"texture":"#0"},"down":{"uv":[6.625,2.75,6.5,2.875],"texture":"#0"}}},{"from":[6,4.75,6.25],"to":[8,6.75,8.25],"rotation":{"angle":-45,"axis":"y","origin":[7,6.5,7.25]},"faces":{"north":{"uv":[5.875,6.625,6.125,6.875],"texture":"#0"},"east":{"uv":[5.875,6.875,6.125,7.125],"texture":"#0"},"south":{"uv":[5.875,7.125,6.125,7.375],"texture":"#0"},"west":{"uv":[5.875,7.375,6.125,7.625],"texture":"#0"},"up":{"uv":[7.625,4.375,7.375,4.125],"texture":"#0"},"down":{"uv":[7.625,4.375,7.375,4.625],"texture":"#0"}}},{"from":[15.5,-1.75,-3.25],"to":[16.5,-0.75,-2.25],"rotation":{"angle":-45,"axis":"y","origin":[16,-2,-2.75]},"faces":{"north":{"uv":[2.75,1.625,2.875,1.75],"texture":"#0"},"east":{"uv":[2.875,1.625,3,1.75],"texture":"#0"},"south":{"uv":[3,1.625,3.125,1.75],"texture":"#0"},"west":{"uv":[3.125,1.625,3.25,1.75],"texture":"#0"},"up":{"uv":[3.375,1.75,3.25,1.625],"texture":"#0"},"down":{"uv":[3.5,1.625,3.375,1.75],"texture":"#0"}}},{"from":[15,-3.75,-3.75],"to":[17,-1.75,-1.75],"rotation":{"angle":-45,"axis":"y","origin":[16,-2,-2.75]},"faces":{"north":{"uv":[3,1.375,3.25,1.625],"texture":"#0"},"east":{"uv":[3.25,1.375,3.5,1.625],"texture":"#0"},"south":{"uv":[1.375,4.125,1.625,4.375],"texture":"#0"},"west":{"uv":[4.125,6,4.375,6.25],"texture":"#0"},"up":{"uv":[4.625,6.25,4.375,6],"texture":"#0"},"down":{"uv":[4.875,6,4.625,6.25],"texture":"#0"}}},{"from":[1.5,17,0],"to":[2.5,18,1],"rotation":{"angle":-45,"axis":"y","origin":[2,16.75,0.5]},"faces":{"north":{"uv":[2.75,1.625,2.875,1.75],"texture":"#0"},"east":{"uv":[2.875,1.625,3,1.75],"texture":"#0"},"south":{"uv":[3,1.625,3.125,1.75],"texture":"#0"},"west":{"uv":[3.125,1.625,3.25,1.75],"texture":"#0"},"up":{"uv":[3.375,1.75,3.25,1.625],"texture":"#0"},"down":{"uv":[3.5,1.625,3.375,1.75],"texture":"#0"}}},{"from":[1,15,-0.5],"to":[3,17,1.5],"rotation":{"angle":-45,"axis":"y","origin":[2,16.75,0.5]},"faces":{"north":{"uv":[3,1.375,3.25,1.625],"texture":"#0"},"east":{"uv":[3.25,1.375,3.5,1.625],"texture":"#0"},"south":{"uv":[1.375,4.125,1.625,4.375],"texture":"#0"},"west":{"uv":[4.125,6,4.375,6.25],"texture":"#0"},"up":{"uv":[4.625,6.25,4.375,6],"texture":"#0"},"down":{"uv":[4.875,6,4.625,6.25],"texture":"#0"}}},{"from":[6.5,-1,7],"to":[7.5,0,8],"rotation":{"angle":-45,"axis":"y","origin":[7,-1.25,7.5]},"faces":{"north":{"uv":[2.75,1.625,2.875,1.75],"texture":"#0"},"east":{"uv":[2.875,1.625,3,1.75],"texture":"#0"},"south":{"uv":[3,1.625,3.125,1.75],"texture":"#0"},"west":{"uv":[3.125,1.625,3.25,1.75],"texture":"#0"},"up":{"uv":[3.375,1.75,3.25,1.625],"texture":"#0"},"down":{"uv":[3.5,1.625,3.375,1.75],"texture":"#0"}}},{"from":[6,-3,6.5],"to":[8,-1,8.5],"rotation":{"angle":-45,"axis":"y","origin":[7,-1.25,7.5]},"faces":{"north":{"uv":[3,1.375,3.25,1.625],"texture":"#0"},"east":{"uv":[3.25,1.375,3.5,1.625],"texture":"#0"},"south":{"uv":[1.375,4.125,1.625,4.375],"texture":"#0"},"west":{"uv":[4.125,6,4.375,6.25],"texture":"#0"},"up":{"uv":[4.625,6.25,4.375,6],"texture":"#0"},"down":{"uv":[4.875,6,4.625,6.25],"texture":"#0"}}},{"from":[3.5,-9.25,7.25],"to":[4.5,-8.25,8.25],"rotation":{"angle":-45,"axis":"y","origin":[4,-9.5,7.75]},"faces":{"north":{"uv":[2.75,1.625,2.875,1.75],"texture":"#0"},"east":{"uv":[2.875,1.625,3,1.75],"texture":"#0"},"south":{"uv":[3,1.625,3.125,1.75],"texture":"#0"},"west":{"uv":[3.125,1.625,3.25,1.75],"texture":"#0"},"up":{"uv":[3.375,1.75,3.25,1.625],"texture":"#0"},"down":{"uv":[3.5,1.625,3.375,1.75],"texture":"#0"}}},{"from":[3,-11.25,6.75],"to":[5,-9.25,8.75],"rotation":{"angle":-45,"axis":"y","origin":[4,-9.5,7.75]},"faces":{"north":{"uv":[3,1.375,3.25,1.625],"texture":"#0"},"east":{"uv":[3.25,1.375,3.5,1.625],"texture":"#0"},"south":{"uv":[1.375,4.125,1.625,4.375],"texture":"#0"},"west":{"uv":[4.125,6,4.375,6.25],"texture":"#0"},"up":{"uv":[4.625,6.25,4.375,6],"texture":"#0"},"down":{"uv":[4.875,6,4.625,6.25],"texture":"#0"}}}],"gui_light":"front"}