{"display":{"thirdperson_righthand":{"rotation":[50,0,0],"translation":[0,1,0],"scale":[0.275,0.275,0.275]},"thirdperson_lefthand":{"rotation":[50,0,0],"translation":[0,1,0],"scale":[0.275,0.275,0.275]},"firstperson_righthand":{"rotation":[0,138,0],"translation":[0,2.5,0],"scale":[0.2,0.2,0.2]},"firstperson_lefthand":{"rotation":[0,138,0],"translation":[0,2.5,0],"scale":[0.2,0.2,0.2]},"ground":{"translation":[0,3,0],"scale":[0.25,0.25,0.25]},"gui":{"rotation":[30,225,0],"scale":[0.425,0.425,0.425]},"head":{"translation":[0,-30.25,0],"scale":[1.6,1.6,1.6]},"fixed":{"scale":[0.5,0.5,0.5]}},"texture_size":[128,128],"textures":{"0":"furniture/computer_desk","particle":"furniture/computer_desk"},"elements":[{"from":[-8,14,0],"to":[24,16,16],"rotation":{"angle":0,"axis":"y","origin":[-8,0,0]},"faces":{"north":{"uv":[6,1.75,10,2],"texture":"#0","tintindex":0},"east":{"uv":[6,2.25,8,2.5],"texture":"#0","tintindex":0},"south":{"uv":[6,2,10,2.25],"texture":"#0","tintindex":0},"west":{"uv":[6,2.5,8,2.75],"texture":"#0","tintindex":0},"up":{"uv":[4,2,0,0],"texture":"#0","tintindex":0},"down":{"uv":[4,2,0,4],"texture":"#0","tintindex":0}}},{"from":[15,0,0],"to":[24,14,16],"rotation":{"angle":0,"axis":"y","origin":[-8,0,0]},"faces":{"north":{"uv":[0,5.75,1.125,7.5],"texture":"#0","tintindex":0},"east":{"uv":[0,4,2,5.75],"texture":"#0","tintindex":0},"south":{"uv":[1.125,5.75,2.25,7.5],"texture":"#0","tintindex":0},"west":{"uv":[4,0,6,1.75],"texture":"#0","tintindex":0},"up":{"uv":[5.125,5.5,4,3.5],"texture":"#0","tintindex":0},"down":{"uv":[6.25,3.5,5.125,5.5],"texture":"#0","tintindex":0}}},{"from":[15,6,-1],"to":[24,9,0],"rotation":{"angle":0,"axis":"y","origin":[-8,0,0]},"faces":{"north":{"uv":[6.25,3.5,7.375,3.875],"texture":"#0","tintindex":0},"east":{"uv":[3.625,5.75,3.75,6.125],"texture":"#0","tintindex":0},"south":{"uv":[6.25,3.875,7.375,4.25],"texture":"#0","tintindex":0},"west":{"uv":[3.75,5.75,3.875,6.125],"texture":"#0","tintindex":0},"up":{"uv":[7.375,5.375,6.25,5.25],"texture":"#0","tintindex":0},"down":{"uv":[7.375,5.375,6.25,5.5],"texture":"#0","tintindex":0}}},{"from":[15,10,-1],"to":[24,13,0],"rotation":{"angle":0,"axis":"y","origin":[-8,0,0]},"faces":{"north":{"uv":[6.25,3.5,7.375,3.875],"texture":"#0","tintindex":0},"east":{"uv":[3.625,5.75,3.75,6.125],"texture":"#0","tintindex":0},"south":{"uv":[6.25,3.875,7.375,4.25],"texture":"#0","tintindex":0},"west":{"uv":[3.75,5.75,3.875,6.125],"texture":"#0","tintindex":0},"up":{"uv":[7.375,5.375,6.25,5.25],"texture":"#0","tintindex":0},"down":{"uv":[7.375,5.375,6.25,5.5],"texture":"#0","tintindex":0}}},{"from":[15,2,-1],"to":[24,5,0],"rotation":{"angle":0,"axis":"y","origin":[-8,0,0]},"faces":{"north":{"uv":[6.25,3.5,7.375,3.875],"texture":"#0","tintindex":0},"east":{"uv":[3.625,5.75,3.75,6.125],"texture":"#0","tintindex":0},"south":{"uv":[6.25,3.875,7.375,4.25],"texture":"#0","tintindex":0},"west":{"uv":[3.75,5.75,3.875,6.125],"texture":"#0","tintindex":0},"up":{"uv":[7.375,5.375,6.25,5.25],"texture":"#0","tintindex":0},"down":{"uv":[7.375,5.375,6.25,5.5],"texture":"#0","tintindex":0}}},{"from":[-8,2,-1],"to":[1,5,0],"rotation":{"angle":0,"axis":"y","origin":[24,0,0]},"faces":{"north":{"uv":[7.375,3.5,6.25,3.875],"texture":"#0","tintindex":0},"east":{"uv":[3.875,5.75,3.75,6.125],"texture":"#0","tintindex":0},"south":{"uv":[7.375,3.875,6.25,4.25],"texture":"#0","tintindex":0},"west":{"uv":[3.75,5.75,3.625,6.125],"texture":"#0","tintindex":0},"up":{"uv":[6.25,5.375,7.375,5.25],"texture":"#0","tintindex":0},"down":{"uv":[6.25,5.375,7.375,5.5],"texture":"#0","tintindex":0}}},{"from":[-8,6,-1],"to":[1,9,0],"rotation":{"angle":0,"axis":"y","origin":[24,0,0]},"faces":{"north":{"uv":[7.375,3.5,6.25,3.875],"texture":"#0","tintindex":0},"east":{"uv":[3.875,5.75,3.75,6.125],"texture":"#0","tintindex":0},"south":{"uv":[7.375,3.875,6.25,4.25],"texture":"#0","tintindex":0},"west":{"uv":[3.75,5.75,3.625,6.125],"texture":"#0","tintindex":0},"up":{"uv":[6.25,5.375,7.375,5.25],"texture":"#0","tintindex":0},"down":{"uv":[6.25,5.375,7.375,5.5],"texture":"#0","tintindex":0}}},{"from":[-8,10,-1],"to":[1,13,0],"rotation":{"angle":0,"axis":"y","origin":[24,0,0]},"faces":{"north":{"uv":[7.375,3.5,6.25,3.875],"texture":"#0","tintindex":0},"east":{"uv":[3.875,5.75,3.75,6.125],"texture":"#0","tintindex":0},"south":{"uv":[7.375,3.875,6.25,4.25],"texture":"#0","tintindex":0},"west":{"uv":[3.75,5.75,3.625,6.125],"texture":"#0","tintindex":0},"up":{"uv":[6.25,5.375,7.375,5.25],"texture":"#0","tintindex":0},"down":{"uv":[6.25,5.375,7.375,5.5],"texture":"#0","tintindex":0}}},{"from":[-8,0,0],"to":[1,14,16],"rotation":{"angle":0,"axis":"y","origin":[24,0,0]},"faces":{"north":{"uv":[2.25,5.75,3.375,7.5],"texture":"#0","tintindex":0},"east":{"uv":[4,1.75,6,3.5],"texture":"#0","tintindex":0},"south":{"uv":[6,0,7.125,1.75],"texture":"#0","tintindex":0},"west":{"uv":[2,4,4,5.75],"texture":"#0","tintindex":0},"up":{"uv":[5.125,7.5,4,5.5],"texture":"#0","tintindex":0},"down":{"uv":[6.25,5.5,5.125,7.5],"texture":"#0","tintindex":0}}}]}