{"display":{"thirdperson_righthand":{"rotation":[75,45,0],"translation":[0,2.5,0],"scale":[0.375,0.375,0.375]},"thirdperson_lefthand":{"rotation":[75,45,0],"translation":[0,2.5,0],"scale":[0.375,0.375,0.375]},"firstperson_righthand":{"rotation":[0,45,0],"translation":[2.5,0,0],"scale":[0.4,0.4,0.4]},"firstperson_lefthand":{"rotation":[0,45,0],"translation":[2.5,0,0],"scale":[0.4,0.4,0.4]},"ground":{"translation":[0,3,0],"scale":[0.25,0.25,0.25]},"gui":{"rotation":[30,225,0],"translation":[0,-2.5,0],"scale":[0.625,0.625,0.625]},"head":{"translation":[0,-31,0],"scale":[1.6,1.6,1.6]},"fixed":{"translation":[0,0,-3.25],"scale":[0.5,0.5,0.5]}},"texture_size":[64,64],"textures":{"0":"furniture/deck_chair","particle":"furniture/deck_chair"},"elements":[{"from":[1,2,6],"to":[2,26,8],"rotation":{"angle":22.5,"axis":"x","origin":[0.5,7.5,1]},"faces":{"north":{"uv":[2,5.75,2.25,11.75],"texture":"#0"},"east":{"uv":[1,5.25,0.5,11.25],"texture":"#0"},"south":{"uv":[2.25,5.75,2.5,11.75],"texture":"#0"},"west":{"uv":[0.5,5.25,1,11.25],"texture":"#0"},"up":{"uv":[6.25,7,6,6.5],"texture":"#0"},"down":{"uv":[6.5,6.5,6.25,7],"texture":"#0"}}},{"from":[14,2,6],"to":[15,26,8],"rotation":{"angle":22.5,"axis":"x","origin":[15.5,7.5,1]},"faces":{"north":{"uv":[2.25,5.75,2,11.75],"texture":"#0"},"east":{"uv":[1,5.25,0.5,11.25],"texture":"#0"},"south":{"uv":[2.5,5.75,2.25,11.75],"texture":"#0"},"west":{"uv":[0.5,5.25,1,11.25],"texture":"#0"},"up":{"uv":[6,7,6.25,6.5],"texture":"#0"},"down":{"uv":[6.25,6.5,6.5,7],"texture":"#0"}}},{"from":[2,5.61396,0.62132],"to":[3,7.61396,19.62132],"rotation":{"angle":22.5,"axis":"x","origin":[1.5,13.86396,3.12132]},"faces":{"north":{"uv":[6.5,6.5,6.75,7],"texture":"#0"},"east":{"uv":[0.5,11,1,6.25],"rotation":90,"texture":"#0"},"south":{"uv":[6.75,5.25,7,5.75],"texture":"#0"},"west":{"uv":[0.5,6.25,1,11],"rotation":90,"texture":"#0"},"up":{"uv":[3.25,10.5,3,5.75],"texture":"#0"},"down":{"uv":[3.5,5.75,3.25,10.5],"texture":"#0"}}},{"from":[13,5.61396,0.62132],"to":[14,7.61396,19.62132],"rotation":{"angle":22.5,"axis":"x","origin":[14.5,13.86396,3.12132]},"faces":{"north":{"uv":[6.75,6.5,6.5,7],"texture":"#0"},"east":{"uv":[0.5,11,1,6.25],"rotation":90,"texture":"#0"},"south":{"uv":[7,5.25,6.75,5.75],"texture":"#0"},"west":{"uv":[0.5,6.25,1,11],"rotation":90,"texture":"#0"},"up":{"uv":[3,10.5,3.25,5.75],"texture":"#0"},"down":{"uv":[3.25,5.75,3.5,10.5],"texture":"#0"}}},{"from":[1.1,-1.28604,7.72132],"to":[1.9,9.51396,8.52132],"rotation":{"angle":-22.5,"axis":"x","origin":[1.5,13.86396,3.12132]},"faces":{"north":{"uv":[4,5.75,4.25,8.5],"texture":"#0"},"east":{"uv":[4.25,5.75,4.5,8.5],"texture":"#0"},"south":{"uv":[4.5,5.75,4.75,8.5],"texture":"#0"},"west":{"uv":[4.75,5.75,5,8.5],"texture":"#0"},"up":{"uv":[7.5,7.25,7.25,7],"texture":"#0"},"down":{"uv":[7.5,7.25,7.25,7.5],"texture":"#0"}}},{"from":[14.1,-1.28604,7.72132],"to":[14.9,9.51396,8.52132],"rotation":{"angle":-22.5,"axis":"x","origin":[14.5,13.86396,3.12132]},"faces":{"north":{"uv":[5,5.75,5.25,8.5],"texture":"#0"},"east":{"uv":[5.25,5.75,5.5,8.5],"texture":"#0"},"south":{"uv":[5.5,5.75,5.75,8.5],"texture":"#0"},"west":{"uv":[5.75,5.75,6,8.5],"texture":"#0"},"up":{"uv":[7.75,5.5,7.5,5.25],"texture":"#0"},"down":{"uv":[7.75,5.5,7.5,5.75],"texture":"#0"}}},{"from":[3,6.61396,0.62132],"to":[13,7.61396,2.62132],"rotation":{"angle":22.5,"axis":"x","origin":[1.5,13.86396,3.12132]},"faces":{"north":{"uv":[6,6,8.5,6.25],"texture":"#0"},"east":{"uv":[7,5.25,7.5,5.5],"texture":"#0"},"south":{"uv":[6,6.25,8.5,6.5],"texture":"#0"},"west":{"uv":[7,5.5,7.5,5.75],"texture":"#0"},"up":{"uv":[8,4,5.5,3.5],"texture":"#0"},"down":{"uv":[8,4,5.5,4.5],"texture":"#0"}}},{"from":[2.8,6.41396,0.42132],"to":[13.2,7.81396,2.82132],"rotation":{"angle":22.5,"axis":"x","origin":[1.5,13.86396,3.12132]},"faces":{"north":{"uv":[8.25,9.25,10.75,9.5],"texture":"#0"},"east":{"uv":[9.25,8.5,9.75,8.75],"texture":"#0"},"south":{"uv":[8.25,9.5,10.75,9.75],"texture":"#0"},"west":{"uv":[9.25,8.75,9.75,9],"texture":"#0"},"up":{"uv":[10.25,7.25,7.75,6.75],"texture":"#0"},"down":{"uv":[10.25,7.25,7.75,7.75],"texture":"#0"}}},{"from":[2.5,8.61396,-0.62868],"to":[13.5,8.61396,7.37132],"rotation":{"angle":0,"axis":"y","origin":[2,13.86396,3.12132]},"faces":{"north":{"uv":[0,0,2.75,0],"texture":"#0"},"east":{"uv":[0,0,2,0],"texture":"#0"},"south":{"uv":[0,0,2.75,0],"texture":"#0"},"west":{"uv":[0,0,2,0],"texture":"#0"},"up":{"uv":[2.75,5.25,0,3.25],"texture":"#0"},"down":{"uv":[2.75,3.25,0,5.25],"texture":"#0"}}},{"from":[2.5,10.62561,9.26311],"to":[13.5,23.62561,9.26311],"rotation":{"angle":22.5,"axis":"x","origin":[2,14.37561,3.26311]},"faces":{"north":{"uv":[0,0,2.75,3.25],"texture":"#0"},"east":{"uv":[0,0,0,3.25],"texture":"#0"},"south":{"uv":[0,0,2.75,3.25],"texture":"#0"},"west":{"uv":[0,0,0,3.25],"texture":"#0"},"up":{"uv":[2.75,0,0,0],"texture":"#0"},"down":{"uv":[2.75,0,0,0],"texture":"#0"}}},{"from":[2,23,6],"to":[14,25,7],"rotation":{"angle":22.5,"axis":"x","origin":[0.5,7.5,1]},"faces":{"north":{"uv":[5.5,1.5,8.5,2],"texture":"#0"},"east":{"uv":[7,7,7.25,7.5],"texture":"#0"},"south":{"uv":[8.5,1.5,5.5,2],"texture":"#0"},"west":{"uv":[7.25,6.5,7.5,7],"texture":"#0"},"up":{"uv":[8.5,4.75,5.5,4.5],"texture":"#0"},"down":{"uv":[8.5,4.75,5.5,5],"texture":"#0"}}},{"from":[1.8,22.8,5.8],"to":[14.2,25.2,7.2],"rotation":{"angle":22.5,"axis":"x","origin":[0.5,7.5,1]},"faces":{"north":{"uv":[11.75,9.25,14.75,9.75],"texture":"#0"},"east":{"uv":[13.25,14.75,13.5,15.25],"texture":"#0"},"south":{"uv":[14.75,9.25,11.75,9.75],"texture":"#0"},"west":{"uv":[13.5,14.25,13.75,14.75],"texture":"#0"},"up":{"uv":[14.75,12.5,11.75,12.25],"texture":"#0"},"down":{"uv":[14.75,12.5,11.75,12.75],"texture":"#0"}}},{"from":[2.1,6.6,14.6],"to":[13.9,7.4,16.4],"rotation":{"angle":22.5,"axis":"x","origin":[0.5,7.5,1]},"faces":{"north":{"uv":[8.5,4.75,5.5,5],"rotation":180,"texture":"#0"},"east":{"uv":[7,7,7.25,7.5],"rotation":270,"texture":"#0"},"south":{"uv":[8.5,4.75,5.5,4.5],"texture":"#0"},"west":{"uv":[7.25,6.5,7.5,7],"rotation":90,"texture":"#0"},"up":{"uv":[5.5,1.5,8.5,2],"rotation":180,"texture":"#0"},"down":{"uv":[8.5,1.5,5.5,2],"texture":"#0"}}}]}