{"display":{"thirdperson_righthand":{"translation":[0,8.5,0],"scale":[0.4,0.4,0.4]},"thirdperson_lefthand":{"translation":[0,8.5,0],"scale":[0.4,0.4,0.4]},"firstperson_righthand":{"scale":[0.4,0.4,0.4]},"firstperson_lefthand":{"scale":[0.4,0.4,0.4]},"ground":{"scale":[0.2,0.2,0.2]},"gui":{"rotation":[15,154,0],"translation":[0,0.5,0],"scale":[0.3,0.3,0.3]},"head":{"translation":[0,-7,0],"scale":[1.5,1.5,1.5]},"fixed":{"translation":[0,0,-3.75],"scale":[0.4,0.4,0.4]}},"texture_size":[128,128],"textures":{"0":"furniture/fire_throne","particle":"furniture/fire_throne"},"elements":[{"from":[-2.18336,-13.13681,11.75],"to":[10.81664,2.86319,11.75],"rotation":{"angle":45,"axis":"z","origin":[11.96251,2.16775,13.25]},"faces":{"north":{"uv":[8,8,9.625,10],"texture":"#0"},"east":{"uv":[0,0,0,2],"texture":"#0"},"south":{"uv":[8,0,9.625,2],"texture":"#0"},"west":{"uv":[0,0,0,2],"texture":"#0"},"up":{"uv":[1.625,0,0,0],"texture":"#0"},"down":{"uv":[1.625,0,0,0],"texture":"#0"}}},{"from":[1.88771,-8.89417,12],"to":[14.88771,7.10583,12],"rotation":{"angle":45,"axis":"z","origin":[12.96251,2.16775,13.25]},"faces":{"north":{"uv":[8,2,9.625,4],"texture":"#0"},"east":{"uv":[0,0,0,2],"texture":"#0"},"south":{"uv":[8,4,9.625,6],"texture":"#0"},"west":{"uv":[0,0,0,2],"texture":"#0"},"up":{"uv":[1.625,0,0,0],"texture":"#0"},"down":{"uv":[1.625,0,0,0],"texture":"#0"}}},{"from":[6.13035,-4.65153,12.25],"to":[19.13035,11.34847,12.25],"rotation":{"angle":45,"axis":"z","origin":[12.96251,2.16775,13.25]},"faces":{"north":{"uv":[8,6,9.625,8],"texture":"#0"},"east":{"uv":[0,0,0,2],"texture":"#0"},"south":{"uv":[4,9.625,5.625,11.625],"texture":"#0"},"west":{"uv":[0,0,0,2],"texture":"#0"},"up":{"uv":[1.625,0,0,0],"texture":"#0"},"down":{"uv":[1.625,0,0,0],"texture":"#0"}}},{"from":[10.37299,-0.40889,12.5],"to":[23.37299,15.59111,12.5],"rotation":{"angle":45,"axis":"z","origin":[12.96251,2.16775,13.25]},"faces":{"north":{"uv":[5.625,9.625,7.25,11.625],"texture":"#0"},"east":{"uv":[0,0,0,2],"texture":"#0"},"south":{"uv":[9.625,9.625,11.25,11.625],"texture":"#0"},"west":{"uv":[0,0,0,2],"texture":"#0"},"up":{"uv":[1.625,0,0,0],"texture":"#0"},"down":{"uv":[1.625,0,0,0],"texture":"#0"}}},{"from":[14.61563,3.83375,12.75],"to":[27.61563,19.83375,12.75],"rotation":{"angle":45,"axis":"z","origin":[12.96251,2.16775,13.25]},"faces":{"north":{"uv":[9.625,0,11.25,2],"texture":"#0"},"east":{"uv":[0,0,0,2],"texture":"#0"},"south":{"uv":[9.625,2,11.25,4],"texture":"#0"},"west":{"uv":[0,0,0,2],"texture":"#0"},"up":{"uv":[1.625,0,0,0],"texture":"#0"},"down":{"uv":[1.625,0,0,0],"texture":"#0"}}},{"from":[7.312,-3.94443,11.751],"to":[14.312,12.05557,11.751],"rotation":{"angle":-45,"axis":"z","origin":[0.16612,11.36014,13.251]},"faces":{"north":{"uv":[11.25,2,12.125,4],"texture":"#0"},"east":{"uv":[0,0,0,2],"texture":"#0"},"south":{"uv":[11.25,4,12.125,6],"texture":"#0"},"west":{"uv":[0,0,0,2],"texture":"#0"},"up":{"uv":[0.875,0,0,0],"texture":"#0"},"down":{"uv":[0.875,0,0,0],"texture":"#0"}}},{"from":[2.58408,0.29822,12],"to":[10.58408,16.29822,12],"rotation":{"angle":-45,"axis":"z","origin":[-0.49073,11.36014,13.25]},"faces":{"north":{"uv":[11.25,11.25,12.25,13.25],"texture":"#0"},"east":{"uv":[0,0,0,2],"texture":"#0"},"south":{"uv":[11.25,0,12.25,2],"texture":"#0"},"west":{"uv":[0,0,0,2],"texture":"#0"},"up":{"uv":[1,0,0,0],"texture":"#0"},"down":{"uv":[1,0,0,0],"texture":"#0"}}},{"from":[-2.65856,4.54086,12.25],"to":[6.34144,20.54086,12.25],"rotation":{"angle":-45,"axis":"z","origin":[-0.49073,11.36014,13.25]},"faces":{"north":{"uv":[1.625,10,2.75,12],"texture":"#0"},"east":{"uv":[0,0,0,2],"texture":"#0"},"south":{"uv":[2.75,10,3.875,12],"texture":"#0"},"west":{"uv":[0,0,0,2],"texture":"#0"},"up":{"uv":[1.125,0,0,0],"texture":"#0"},"down":{"uv":[1.125,0,0,0],"texture":"#0"}}},{"from":[-6.14385,13.02614,12.75],"to":[-2.14385,25.02614,12.75],"rotation":{"angle":-45,"axis":"z","origin":[-0.49073,11.36014,13.25]},"faces":{"north":{"uv":[10.75,11.625,11.25,13.125],"texture":"#0"},"east":{"uv":[0,0,0,1.5],"texture":"#0"},"south":{"uv":[8.75,12,9.25,13.5],"texture":"#0"},"west":{"uv":[0,0,0,1.5],"texture":"#0"},"up":{"uv":[0.5,0,0,0],"texture":"#0"},"down":{"uv":[0.5,0,0,0],"texture":"#0"}}},{"from":[15.31127,-6,-3],"to":[21.31127,-1,-1],"rotation":{"angle":0,"axis":"y","origin":[20.31127,-4,-2]},"faces":{"north":{"uv":[12.25,11.25,13,11.875],"texture":"#0"},"east":{"uv":[9.25,10,9.5,10.625],"texture":"#0"},"south":{"uv":[13,11.25,13.75,11.875],"texture":"#0"},"west":{"uv":[9.25,10.625,9.5,11.25],"texture":"#0"},"up":{"uv":[8,9.875,7.25,9.625],"texture":"#0"},"down":{"uv":[10.375,9.25,9.625,9.5],"texture":"#0"}}},{"from":[20.93259,-2.29289,-2.475],"to":[22.93259,-0.29289,-1.475],"rotation":{"angle":-45,"axis":"z","origin":[21.93259,-0.29289,-1.975]},"faces":{"north":{"uv":[12.625,9.75,12.875,10],"texture":"#0"},"east":{"uv":[11.125,9.25,11.25,9.5],"texture":"#0"},"south":{"uv":[12.875,9.75,13.125,10],"texture":"#0"},"west":{"uv":[1.5,11.75,1.625,12],"texture":"#0"},"up":{"uv":[9,13.625,8.75,13.5],"texture":"#0"},"down":{"uv":[9.25,13.5,9,13.625],"texture":"#0"}}},{"from":[-0.06741,-2.29289,-2.475],"to":[1.93259,-0.29289,-1.475],"rotation":{"angle":-45,"axis":"z","origin":[0.93259,-0.29289,-1.975]},"faces":{"north":{"uv":[12.625,9.75,12.875,10],"texture":"#0"},"east":{"uv":[11.125,9.25,11.25,9.5],"texture":"#0"},"south":{"uv":[12.875,9.75,13.125,10],"texture":"#0"},"west":{"uv":[1.5,11.75,1.625,12],"texture":"#0"},"up":{"uv":[9,13.625,8.75,13.5],"texture":"#0"},"down":{"uv":[9.25,13.5,9,13.625],"texture":"#0"}}},{"from":[13.68995,-2.29289,-2.475],"to":[15.68995,-0.29289,-1.475],"rotation":{"angle":45,"axis":"z","origin":[14.68995,-0.29289,-1.975]},"faces":{"north":{"uv":[12.875,9.75,12.625,10],"texture":"#0"},"east":{"uv":[1.625,11.75,1.5,12],"texture":"#0"},"south":{"uv":[13.125,9.75,12.875,10],"texture":"#0"},"west":{"uv":[11.25,9.25,11.125,9.5],"texture":"#0"},"up":{"uv":[8.75,13.625,9,13.5],"texture":"#0"},"down":{"uv":[9,13.5,9.25,13.625],"texture":"#0"}}},{"from":[20.93259,-0.29289,-1.975],"to":[22.93259,1.70711,-1.975],"rotation":{"angle":-45,"axis":"z","origin":[21.93259,-0.29289,-1.975]},"faces":{"north":{"uv":[13.875,10.875,14.125,11.125],"texture":"#0"},"east":{"uv":[0,0,0,0.25],"texture":"#0"},"south":{"uv":[14.125,1.5,14.375,1.75],"texture":"#0"},"west":{"uv":[0,0,0,0.25],"texture":"#0"},"up":{"uv":[0.25,0,0,0],"texture":"#0"},"down":{"uv":[0.25,0,0,0],"texture":"#0"}}},{"from":[-0.06741,-0.29289,-1.975],"to":[1.93259,1.70711,-1.975],"rotation":{"angle":-45,"axis":"z","origin":[0.93259,-0.29289,-1.975]},"faces":{"north":{"uv":[13.875,10.875,14.125,11.125],"texture":"#0"},"east":{"uv":[0,0,0,0.25],"texture":"#0"},"south":{"uv":[14.125,1.5,14.375,1.75],"texture":"#0"},"west":{"uv":[0,0,0,0.25],"texture":"#0"},"up":{"uv":[0.25,0,0,0],"texture":"#0"},"down":{"uv":[0.25,0,0,0],"texture":"#0"}}},{"from":[13.68995,-0.29289,-1.975],"to":[15.68995,1.70711,-1.975],"rotation":{"angle":45,"axis":"z","origin":[14.68995,-0.29289,-1.975]},"faces":{"north":{"uv":[14.125,10.875,13.875,11.125],"texture":"#0"},"east":{"uv":[0,0,0,0.25],"texture":"#0"},"south":{"uv":[14.375,1.5,14.125,1.75],"texture":"#0"},"west":{"uv":[0,0,0,0.25],"texture":"#0"},"up":{"uv":[0,0,0.25,0],"texture":"#0"},"down":{"uv":[0,0,0.25,0],"texture":"#0"}}},{"from":[16.81127,-9,-2.75],"to":[19.81127,-6,-1.75],"rotation":{"angle":0,"axis":"y","origin":[19.81127,-9,-2]},"faces":{"north":{"uv":[9.25,11.25,9.625,11.625],"texture":"#0"},"east":{"uv":[3.875,10,4,10.375],"texture":"#0"},"south":{"uv":[6.875,11.625,7.25,12],"texture":"#0"},"west":{"uv":[9.5,10,9.625,10.375],"texture":"#0"},"up":{"uv":[11.25,9.625,10.875,9.5],"texture":"#0"},"down":{"uv":[12.625,12.125,12.25,12.25],"texture":"#0"}}},{"from":[17.81127,0.97487,3.61091],"to":[18.81127,2.97487,4.61091],"rotation":{"angle":-22.5,"axis":"x","origin":[18.31127,0.47487,9.11091]},"faces":{"north":{"uv":[14.25,11.75,14.375,12],"texture":"#0"},"east":{"uv":[14.25,12,14.375,12.25],"texture":"#0"},"south":{"uv":[14.25,12.25,14.375,12.5],"texture":"#0"},"west":{"uv":[14.25,12.5,14.375,12.75],"texture":"#0"},"up":{"uv":[4,11.625,3.875,11.5],"texture":"#0"},"down":{"uv":[12.875,5.875,12.75,6],"texture":"#0"}}},{"from":[17.31127,-2.02513,3.11091],"to":[19.31127,0.97487,5.11091],"rotation":{"angle":-22.5,"axis":"x","origin":[18.31127,0.47487,9.11091]},"faces":{"north":{"uv":[14.125,0,14.375,0.375],"texture":"#0"},"east":{"uv":[14.125,0.375,14.375,0.75],"texture":"#0"},"south":{"uv":[14.125,0.75,14.375,1.125],"texture":"#0"},"west":{"uv":[14.125,1.125,14.375,1.5],"texture":"#0"},"up":{"uv":[14.375,14,14.125,13.75],"texture":"#0"},"down":{"uv":[9.625,14.25,9.375,14.5],"texture":"#0"}}},{"from":[18.31127,-2,0],"to":[18.31127,5,11],"rotation":{"angle":0,"axis":"y","origin":[12.96251,2.16775,13.25]},"faces":{"north":{"uv":[0,0,0,0.875],"texture":"#0"},"east":{"uv":[12.125,3.25,13.5,4.125],"texture":"#0"},"south":{"uv":[0,0,0,0.875],"texture":"#0"},"west":{"uv":[12.125,4.125,13.5,5],"texture":"#0"},"up":{"uv":[0,1.375,0,0],"texture":"#0"},"down":{"uv":[0,0,0,1.375],"texture":"#0"}}},{"from":[17.81127,0.97487,7.61091],"to":[18.81127,3.97487,8.61091],"rotation":{"angle":-22.5,"axis":"x","origin":[18.31127,0.47487,8.11091]},"faces":{"north":{"uv":[3.875,10.75,4,11.125],"texture":"#0"},"east":{"uv":[9.5,10.75,9.625,11.125],"texture":"#0"},"south":{"uv":[3.875,11.125,4,11.5],"texture":"#0"},"west":{"uv":[3.75,12,3.875,12.375],"texture":"#0"},"up":{"uv":[8,10,7.875,9.875],"texture":"#0"},"down":{"uv":[9.625,11.125,9.5,11.25],"texture":"#0"}}},{"from":[16.81127,-1.52513,9.61091],"to":[19.81127,1.47487,12.61091],"rotation":{"angle":45,"axis":"x","origin":[18.31127,0.47487,8.11091]},"faces":{"north":{"uv":[2.25,14,2.625,14.375],"texture":"#0"},"east":{"uv":[2.625,14,3,14.375],"texture":"#0"},"south":{"uv":[3,14,3.375,14.375],"texture":"#0"},"west":{"uv":[3.375,14,3.75,14.375],"texture":"#0"},"up":{"uv":[7.25,14.375,6.875,14],"texture":"#0"},"down":{"uv":[7.625,14,7.25,14.375],"texture":"#0"}}},{"from":[17.31127,-2.02513,7.11091],"to":[19.31127,0.97487,9.11091],"rotation":{"angle":-22.5,"axis":"x","origin":[18.31127,0.47487,8.11091]},"faces":{"north":{"uv":[13.375,11.875,13.625,12.25],"texture":"#0"},"east":{"uv":[14,8.75,14.25,9.125],"texture":"#0"},"south":{"uv":[14,9.125,14.25,9.5],"texture":"#0"},"west":{"uv":[14.125,14.125,14.375,14.5],"texture":"#0"},"up":{"uv":[14.375,11,14.125,10.75],"texture":"#0"},"down":{"uv":[14.375,13.5,14.125,13.75],"texture":"#0"}}},{"from":[-0.18873,-16,0],"to":[15.81127,-8,13],"rotation":{"angle":0,"axis":"y","origin":[12.96251,2.16775,13.25]},"faces":{"north":{"uv":[7.25,10,9.25,11],"texture":"#0"},"east":{"uv":[11.25,6,12.875,7],"texture":"#0"},"south":{"uv":[7.25,11,9.25,12],"texture":"#0"},"west":{"uv":[11.25,7,12.875,8],"texture":"#0"},"up":{"uv":[6,9.625,4,8],"texture":"#0"},"down":{"uv":[8,8,6,9.625],"texture":"#0"}}},{"from":[15.81127,-16,0],"to":[20.81127,-2,13],"rotation":{"angle":0,"axis":"y","origin":[12.96251,2.16775,13.25]},"faces":{"north":{"uv":[12.875,0,13.5,1.75],"texture":"#0"},"east":{"uv":[9.625,7.5,11.25,9.25],"texture":"#0"},"south":{"uv":[12.875,5.875,13.5,7.625],"texture":"#0"},"west":{"uv":[0,10,1.625,11.75],"texture":"#0"},"up":{"uv":[6.875,15.25,6.25,13.625],"texture":"#0"},"down":{"uv":[9.375,13.625,8.75,15.25],"texture":"#0"}}},{"from":[-5.18873,-16,0],"to":[-0.18873,-2,13],"rotation":{"angle":0,"axis":"y","origin":[4.66003,2.16775,13.25]},"faces":{"north":{"uv":[13.5,0,12.875,1.75],"texture":"#0"},"east":{"uv":[1.625,10,0,11.75],"texture":"#0"},"south":{"uv":[13.5,5.875,12.875,7.625],"texture":"#0"},"west":{"uv":[11.25,7.5,9.625,9.25],"texture":"#0"},"up":{"uv":[6.25,15.25,6.875,13.625],"texture":"#0"},"down":{"uv":[8.75,13.625,9.375,15.25],"texture":"#0"}}},{"from":[15.81127,-16,13],"to":[20.81127,-2,18],"rotation":{"angle":0,"axis":"y","origin":[12.96251,2.16775,13.25]},"faces":{"north":{"uv":[12.25,13.125,12.875,14.875],"texture":"#0"},"east":{"uv":[12.875,13.125,13.5,14.875],"texture":"#0"},"south":{"uv":[10.75,13.25,11.375,15],"texture":"#0"},"west":{"uv":[11.375,13.25,12,15],"texture":"#0"},"up":{"uv":[10.75,14.25,10.125,13.625],"texture":"#0"},"down":{"uv":[14.25,11.875,13.625,12.5],"texture":"#0"}}},{"from":[-5.18873,-16,13],"to":[-0.18873,-2,18],"rotation":{"angle":0,"axis":"y","origin":[4.66003,2.16775,13.25]},"faces":{"north":{"uv":[12.875,13.125,12.25,14.875],"texture":"#0"},"east":{"uv":[12,13.25,11.375,15],"texture":"#0"},"south":{"uv":[11.375,13.25,10.75,15],"texture":"#0"},"west":{"uv":[13.5,13.125,12.875,14.875],"texture":"#0"},"up":{"uv":[10.125,14.25,10.75,13.625],"texture":"#0"},"down":{"uv":[13.625,11.875,14.25,12.5],"texture":"#0"}}},{"from":[15.81127,-16,-1],"to":[20.81127,-2,0],"rotation":{"angle":0,"axis":"y","origin":[12.96251,2.16775,13.25]},"faces":{"north":{"uv":[13.5,3.25,14.125,5],"texture":"#0"},"east":{"uv":[1.75,14,1.875,15.75],"texture":"#0"},"south":{"uv":[13.5,5,14.125,6.75],"texture":"#0"},"west":{"uv":[1.875,14,2,15.75],"texture":"#0"},"up":{"uv":[10.25,9.625,9.625,9.5],"texture":"#0"},"down":{"uv":[7.875,9.875,7.25,10],"texture":"#0"}}},{"from":[-5.18873,-16,-1],"to":[-0.18873,-2,0],"rotation":{"angle":0,"axis":"y","origin":[4.66003,2.16775,13.25]},"faces":{"north":{"uv":[14.125,3.25,13.5,5],"texture":"#0"},"east":{"uv":[2,14,1.875,15.75],"texture":"#0"},"south":{"uv":[14.125,5,13.5,6.75],"texture":"#0"},"west":{"uv":[1.875,14,1.75,15.75],"texture":"#0"},"up":{"uv":[9.625,9.625,10.25,9.5],"texture":"#0"},"down":{"uv":[7.25,9.875,7.875,10],"texture":"#0"}}},{"from":[-0.18873,-16,13],"to":[15.81127,0,18],"rotation":{"angle":0,"axis":"y","origin":[12.96251,2.16775,13.25]},"faces":{"north":{"uv":[0,0,2,2],"texture":"#0"},"east":{"uv":[6.875,12,7.5,14],"texture":"#0"},"south":{"uv":[0,2,2,4],"texture":"#0"},"west":{"uv":[7.5,12,8.125,14],"texture":"#0"},"up":{"uv":[13.25,10.625,11.25,10],"texture":"#0"},"down":{"uv":[13.25,10.625,11.25,11.25],"texture":"#0"}}},{"from":[-0.18873,0,13],"to":[15.81127,16,18],"rotation":{"angle":0,"axis":"y","origin":[12.96251,2.16775,13.25]},"faces":{"north":{"uv":[2,2,4,4],"texture":"#0"},"east":{"uv":[8.125,12,8.75,14],"texture":"#0"},"south":{"uv":[2,0,4,2],"texture":"#0"},"west":{"uv":[12,8,12.625,10],"texture":"#0"},"up":{"uv":[14.125,2.625,12.125,2],"texture":"#0"},"down":{"uv":[14.125,2.625,12.125,3.25],"texture":"#0"}}},{"from":[-0.18873,16,15.75],"to":[15.81127,32,15.75],"rotation":{"angle":0,"axis":"y","origin":[12.96251,2.16775,13]},"faces":{"north":{"uv":[2,6,4,8],"texture":"#0"},"east":{"uv":[0,0,0,2],"texture":"#0"},"south":{"uv":[4,6,6,8],"texture":"#0"},"west":{"uv":[0,0,0,2],"texture":"#0"},"up":{"uv":[2,0,0,0],"texture":"#0"},"down":{"uv":[2,0,0,0],"texture":"#0"}}},{"from":[-5.68873,-6,-3],"to":[0.31127,-1,-1],"rotation":{"angle":0,"axis":"y","origin":[-4.68873,-4,-2]},"faces":{"north":{"uv":[13,11.25,12.25,11.875],"texture":"#0"},"east":{"uv":[9.5,10.625,9.25,11.25],"texture":"#0"},"south":{"uv":[13.75,11.25,13,11.875],"texture":"#0"},"west":{"uv":[9.5,10,9.25,10.625],"texture":"#0"},"up":{"uv":[7.25,9.875,8,9.625],"texture":"#0"},"down":{"uv":[9.625,9.25,10.375,9.5],"texture":"#0"}}},{"from":[-7.31005,-2.29289,-2.475],"to":[-5.31005,-0.29289,-1.475],"rotation":{"angle":45,"axis":"z","origin":[-6.31005,-0.29289,-1.975]},"faces":{"north":{"uv":[12.875,9.75,12.625,10],"texture":"#0"},"east":{"uv":[1.625,11.75,1.5,12],"texture":"#0"},"south":{"uv":[13.125,9.75,12.875,10],"texture":"#0"},"west":{"uv":[11.25,9.25,11.125,9.5],"texture":"#0"},"up":{"uv":[8.75,13.625,9,13.5],"texture":"#0"},"down":{"uv":[9,13.5,9.25,13.625],"texture":"#0"}}},{"from":[-7.31005,-0.29289,-1.975],"to":[-5.31005,1.70711,-1.975],"rotation":{"angle":45,"axis":"z","origin":[-6.31005,-0.29289,-1.975]},"faces":{"north":{"uv":[14.125,10.875,13.875,11.125],"texture":"#0"},"east":{"uv":[0,0,0,0.25],"texture":"#0"},"south":{"uv":[14.375,1.5,14.125,1.75],"texture":"#0"},"west":{"uv":[0,0,0,0.25],"texture":"#0"},"up":{"uv":[0,0,0.25,0],"texture":"#0"},"down":{"uv":[0,0,0.25,0],"texture":"#0"}}},{"from":[-4.18873,-9,-2.75],"to":[-1.18873,-6,-1.75],"rotation":{"angle":0,"axis":"y","origin":[-4.18873,-9,-2]},"faces":{"north":{"uv":[9.625,11.25,9.25,11.625],"texture":"#0"},"east":{"uv":[9.625,10,9.5,10.375],"texture":"#0"},"south":{"uv":[7.25,11.625,6.875,12],"texture":"#0"},"west":{"uv":[4,10,3.875,10.375],"texture":"#0"},"up":{"uv":[10.875,9.625,11.25,9.5],"texture":"#0"},"down":{"uv":[12.25,12.125,12.625,12.25],"texture":"#0"}}},{"from":[-3.18873,0.97487,3.61091],"to":[-2.18873,2.97487,4.61091],"rotation":{"angle":-22.5,"axis":"x","origin":[-2.68873,0.47487,9.11091]},"faces":{"north":{"uv":[14.375,11.75,14.25,12],"texture":"#0"},"east":{"uv":[14.375,12.5,14.25,12.75],"texture":"#0"},"south":{"uv":[14.375,12.25,14.25,12.5],"texture":"#0"},"west":{"uv":[14.375,12,14.25,12.25],"texture":"#0"},"up":{"uv":[3.875,11.625,4,11.5],"texture":"#0"},"down":{"uv":[12.75,5.875,12.875,6],"texture":"#0"}}},{"from":[-3.68873,-2.02513,3.11091],"to":[-1.68873,0.97487,5.11091],"rotation":{"angle":-22.5,"axis":"x","origin":[-2.68873,0.47487,9.11091]},"faces":{"north":{"uv":[14.375,0,14.125,0.375],"texture":"#0"},"east":{"uv":[14.375,1.125,14.125,1.5],"texture":"#0"},"south":{"uv":[14.375,0.75,14.125,1.125],"texture":"#0"},"west":{"uv":[14.375,0.375,14.125,0.75],"texture":"#0"},"up":{"uv":[14.125,14,14.375,13.75],"texture":"#0"},"down":{"uv":[9.375,14.25,9.625,14.5],"texture":"#0"}}},{"from":[-2.68873,-2,0],"to":[-2.68873,5,11],"rotation":{"angle":0,"axis":"y","origin":[2.66003,2.16775,13.25]},"faces":{"north":{"uv":[0,0,0,0.875],"texture":"#0"},"east":{"uv":[13.5,4.125,12.125,5],"texture":"#0"},"south":{"uv":[0,0,0,0.875],"texture":"#0"},"west":{"uv":[13.5,3.25,12.125,4.125],"texture":"#0"},"up":{"uv":[0,1.375,0,0],"texture":"#0"},"down":{"uv":[0,0,0,1.375],"texture":"#0"}}},{"from":[-3.18873,0.97487,7.61091],"to":[-2.18873,3.97487,8.61091],"rotation":{"angle":-22.5,"axis":"x","origin":[-2.68873,0.47487,8.11091]},"faces":{"north":{"uv":[4,10.75,3.875,11.125],"texture":"#0"},"east":{"uv":[3.875,12,3.75,12.375],"texture":"#0"},"south":{"uv":[4,11.125,3.875,11.5],"texture":"#0"},"west":{"uv":[9.625,10.75,9.5,11.125],"texture":"#0"},"up":{"uv":[7.875,10,8,9.875],"texture":"#0"},"down":{"uv":[9.5,11.125,9.625,11.25],"texture":"#0"}}},{"from":[-4.18873,-1.52513,9.61091],"to":[-1.18873,1.47487,12.61091],"rotation":{"angle":45,"axis":"x","origin":[-2.68873,0.47487,8.11091]},"faces":{"north":{"uv":[2.625,14,2.25,14.375],"texture":"#0"},"east":{"uv":[3.75,14,3.375,14.375],"texture":"#0"},"south":{"uv":[3.375,14,3,14.375],"texture":"#0"},"west":{"uv":[3,14,2.625,14.375],"texture":"#0"},"up":{"uv":[6.875,14.375,7.25,14],"texture":"#0"},"down":{"uv":[7.25,14,7.625,14.375],"texture":"#0"}}},{"from":[-3.68873,-2.02513,7.11091],"to":[-1.68873,0.97487,9.11091],"rotation":{"angle":-22.5,"axis":"x","origin":[-2.68873,0.47487,8.11091]},"faces":{"north":{"uv":[13.625,11.875,13.375,12.25],"texture":"#0"},"east":{"uv":[14.375,14.125,14.125,14.5],"texture":"#0"},"south":{"uv":[14.25,9.125,14,9.5],"texture":"#0"},"west":{"uv":[14.25,8.75,14,9.125],"texture":"#0"},"up":{"uv":[14.125,11,14.375,10.75],"texture":"#0"},"down":{"uv":[14.125,13.5,14.375,13.75],"texture":"#0"}}}],"gui_light":"front"}