{"display":{"thirdperson_righthand":{"translation":[0,3,0],"scale":[0.3,0.3,0.3]},"thirdperson_lefthand":{"translation":[0,3,0],"scale":[0.3,0.3,0.3]},"firstperson_righthand":{"scale":[0.5,0.5,0.5]},"firstperson_lefthand":{"scale":[0.5,0.5,0.5]},"ground":{"scale":[0.3,0.3,0.3]},"gui":{"rotation":[24,168,0],"translation":[0,-1,0],"scale":[0.4,0.4,0.4]},"head":{"translation":[0,-21,0],"scale":[1.6,1.6,1.6]},"fixed":{"translation":[0,-2.25,-4],"scale":[0.5,0.5,0.5]}},"texture_size":[128,128],"textures":{"0":"furniture/ice_throne","particle":"furniture/ice_throne"},"elements":[{"from":[9.5,26,11.5],"to":[13.5,27,15.5],"rotation":{"angle":0,"axis":"y","origin":[-0.5,13,-0.5]},"faces":{"north":{"uv":[6,5.875,6.5,6],"texture":"#0"},"east":{"uv":[6.5,5.875,7,6],"texture":"#0"},"south":{"uv":[7,5.875,7.5,6],"texture":"#0"},"west":{"uv":[7.5,5.875,8,6],"texture":"#0"},"up":{"uv":[11.25,10.625,10.75,10.125],"texture":"#0"},"down":{"uv":[11.5,4.25,11,4.75],"texture":"#0"}}},{"from":[10.4609,26.19657,12],"to":[13.4609,28.19657,15],"rotation":{"angle":22.5,"axis":"z","origin":[11.4609,26.69657,13]},"faces":{"north":{"uv":[9.75,8.75,10.125,9],"texture":"#0"},"east":{"uv":[10.125,7.875,10.5,8.125],"texture":"#0"},"south":{"uv":[10.125,9.875,10.5,10.125],"texture":"#0"},"west":{"uv":[11.5,4.5,11.875,4.75],"texture":"#0"},"up":{"uv":[11.875,3.75,11.5,3.375],"texture":"#0"},"down":{"uv":[11.875,3.75,11.5,4.125],"texture":"#0"}}},{"from":[10.4609,28.19657,12.5],"to":[12.4609,30.19657,14.5],"rotation":{"angle":22.5,"axis":"z","origin":[11.4609,26.69657,13]},"faces":{"north":{"uv":[11.625,10.25,11.875,10.5],"texture":"#0"},"east":{"uv":[11.625,10.5,11.875,10.75],"texture":"#0"},"south":{"uv":[11.625,10.75,11.875,11],"texture":"#0"},"west":{"uv":[11.625,11,11.875,11.25],"texture":"#0"},"up":{"uv":[11.875,11.5,11.625,11.25],"texture":"#0"},"down":{"uv":[7.5,11.75,7.25,12],"texture":"#0"}}},{"from":[9.4609,29.19657,13.25],"to":[10.4609,32,14.25],"rotation":{"angle":0,"axis":"z","origin":[11.4609,26.69657,13]},"faces":{"north":{"uv":[10.5,11.875,10.625,12.25],"texture":"#0"},"east":{"uv":[10.625,11.875,10.75,12.25],"texture":"#0"},"south":{"uv":[11.25,11.875,11.375,12.25],"texture":"#0"},"west":{"uv":[11.375,11.875,11.5,12.25],"texture":"#0"},"up":{"uv":[11.375,6.75,11.25,6.625],"texture":"#0"},"down":{"uv":[11.375,6.75,11.25,6.875],"texture":"#0"}}},{"from":[2.5,26,11.5],"to":[6.5,27,15.5],"rotation":{"angle":0,"axis":"y","origin":[16.5,13,-0.5]},"faces":{"north":{"uv":[8,7.875,8.5,8],"texture":"#0"},"east":{"uv":[10.75,10.625,11.25,10.75],"texture":"#0"},"south":{"uv":[11.625,11.5,12.125,11.625],"texture":"#0"},"west":{"uv":[7.5,11.75,8,11.875],"texture":"#0"},"up":{"uv":[11.5,8.625,11,8.125],"texture":"#0"},"down":{"uv":[11.625,0.75,11.125,1.25],"texture":"#0"}}},{"from":[2.5391,26.19657,12],"to":[5.5391,28.19657,15],"rotation":{"angle":-22.5,"axis":"z","origin":[4.5391,26.69657,13]},"faces":{"north":{"uv":[11.625,0,12,0.25],"texture":"#0"},"east":{"uv":[11.625,0.25,12,0.5],"texture":"#0"},"south":{"uv":[11.625,0.5,12,0.75],"texture":"#0"},"west":{"uv":[11.625,0.75,12,1],"texture":"#0"},"up":{"uv":[11.875,4.5,11.5,4.125],"texture":"#0"},"down":{"uv":[11.875,8.125,11.5,8.5],"texture":"#0"}}},{"from":[3.5391,28.19657,12.5],"to":[5.5391,30.19657,14.5],"rotation":{"angle":-22.5,"axis":"z","origin":[4.5391,26.69657,13]},"faces":{"north":{"uv":[8,11.75,8.25,12],"texture":"#0"},"east":{"uv":[8.25,11.75,8.5,12],"texture":"#0"},"south":{"uv":[8.5,11.75,8.75,12],"texture":"#0"},"west":{"uv":[8.75,11.75,9,12],"texture":"#0"},"up":{"uv":[9.25,12,9,11.75],"texture":"#0"},"down":{"uv":[9.5,11.75,9.25,12],"texture":"#0"}}},{"from":[5.5391,29.19657,13.25],"to":[6.5391,32,14.25],"rotation":{"angle":0,"axis":"z","origin":[4.5391,26.69657,13]},"faces":{"north":{"uv":[11.5,11.875,11.625,12.25],"texture":"#0"},"east":{"uv":[11.875,11.875,12,12.25],"texture":"#0"},"south":{"uv":[11.875,1.25,12,1.625],"texture":"#0"},"west":{"uv":[11.875,1.625,12,2],"texture":"#0"},"up":{"uv":[11.5,3.5,11.375,3.375],"texture":"#0"},"down":{"uv":[8.875,11.5,8.75,11.625],"texture":"#0"}}},{"from":[0,-6,-1.925],"to":[5,5,7],"rotation":{"angle":22.5,"axis":"z","origin":[0,-6,0]},"faces":{"north":{"uv":[4.25,10,4.875,11.375],"texture":"#0"},"east":{"uv":[8,4,9.125,5.375],"texture":"#0"},"south":{"uv":[4.875,10,5.5,11.375],"texture":"#0"},"west":{"uv":[8,5.375,9.125,6.75],"texture":"#0"},"up":{"uv":[8.625,7.875,8,6.75],"texture":"#0"},"down":{"uv":[10.75,6.75,10.125,7.875],"texture":"#0"}}},{"from":[1,-6,7.075],"to":[5,5,13],"rotation":{"angle":22.5,"axis":"z","origin":[0,-6,9]},"faces":{"north":{"uv":[10.75,5.5,11.25,6.875],"texture":"#0"},"east":{"uv":[0,10,0.75,11.375],"texture":"#0"},"south":{"uv":[10.75,8.75,11.25,10.125],"texture":"#0"},"west":{"uv":[0.75,10,1.5,11.375],"texture":"#0"},"up":{"uv":[11.5,4.25,11,3.5],"texture":"#0"},"down":{"uv":[11.625,0,11.125,0.75],"texture":"#0"}}},{"from":[5.5,-2.5,-1.5],"to":[7.5,3.5,0.5],"rotation":{"angle":45,"axis":"z","origin":[-1.5,-10.5,-2.5]},"faces":{"north":{"uv":[0.5,11.375,0.75,12.125],"texture":"#0"},"east":{"uv":[0.75,11.375,1,12.125],"texture":"#0"},"south":{"uv":[1,11.375,1.25,12.125],"texture":"#0"},"west":{"uv":[1.25,11.375,1.5,12.125],"texture":"#0"},"up":{"uv":[11.875,10,11.625,9.75],"texture":"#0"},"down":{"uv":[11.875,10,11.625,10.25],"texture":"#0"}}},{"from":[2.92809,5.71733,-1],"to":[3.92809,8.71733,0],"rotation":{"angle":22.5,"axis":"z","origin":[1.92809,-17.28267,-2]},"faces":{"north":{"uv":[10,11.875,10.125,12.25],"texture":"#0"},"east":{"uv":[10.125,11.875,10.25,12.25],"texture":"#0"},"south":{"uv":[10.25,11.875,10.375,12.25],"texture":"#0"},"west":{"uv":[10.375,11.875,10.5,12.25],"texture":"#0"},"up":{"uv":[10.75,6.75,10.625,6.625],"texture":"#0"},"down":{"uv":[11.25,1.25,11.125,1.375],"texture":"#0"}}},{"from":[-1.58174,14.58864,9.5],"to":[-0.58174,17.58864,10.5],"rotation":{"angle":22.5,"axis":"z","origin":[-2.33174,9.58864,10]},"faces":{"north":{"uv":[7.625,11.875,7.75,12.25],"texture":"#0"},"east":{"uv":[7.75,11.875,7.875,12.25],"texture":"#0"},"south":{"uv":[7.875,11.875,8,12.25],"texture":"#0"},"west":{"uv":[9.875,11.875,10,12.25],"texture":"#0"},"up":{"uv":[9,10.375,8.875,10.25],"texture":"#0"},"down":{"uv":[10.75,6.5,10.625,6.625],"texture":"#0"}}},{"from":[-2.08174,11.58864,9.5],"to":[-0.08174,14.58864,10.5],"rotation":{"angle":22.5,"axis":"z","origin":[-2.33174,9.58864,10]},"faces":{"north":{"uv":[6.375,11.625,6.625,12],"texture":"#0"},"east":{"uv":[7.125,11.875,7.25,12.25],"texture":"#0"},"south":{"uv":[11.625,11.625,11.875,12],"texture":"#0"},"west":{"uv":[7.5,11.875,7.625,12.25],"texture":"#0"},"up":{"uv":[11.25,4.875,11,4.75],"texture":"#0"},"down":{"uv":[11.25,8.625,11,8.75],"texture":"#0"}}},{"from":[-3.83174,9.58864,9],"to":[-0.83174,12.58864,11],"rotation":{"angle":0,"axis":"z","origin":[-2.83174,12.58864,10]},"faces":{"north":{"uv":[6.625,11.5,7,11.875],"texture":"#0"},"east":{"uv":[7,11.5,7.25,11.875],"texture":"#0"},"south":{"uv":[10.125,11.5,10.5,11.875],"texture":"#0"},"west":{"uv":[10.5,11.5,10.75,11.875],"texture":"#0"},"up":{"uv":[9.375,9,9,8.75],"texture":"#0"},"down":{"uv":[9.75,8.75,9.375,9],"texture":"#0"}}},{"from":[2.75,-0.5,8],"to":[6.75,10.5,12],"rotation":{"angle":22.5,"axis":"z","origin":[0.75,-6.5,0]},"faces":{"north":{"uv":[5.5,10,6,11.375],"texture":"#0"},"east":{"uv":[7.25,10.375,7.75,11.75],"texture":"#0"},"south":{"uv":[8.875,10.375,9.375,11.75],"texture":"#0"},"west":{"uv":[9.375,10.375,9.875,11.75],"texture":"#0"},"up":{"uv":[10.25,6,9.75,5.5],"texture":"#0"},"down":{"uv":[10.75,5.5,10.25,6],"texture":"#0"}}},{"from":[5.5,4.5,2.5],"to":[7.5,10.5,4.5],"rotation":{"angle":45,"axis":"z","origin":[-1.5,-6.5,1.5]},"faces":{"north":{"uv":[9.875,10.375,10.125,11.125],"texture":"#0"},"east":{"uv":[9.875,11.125,10.125,11.875],"texture":"#0"},"south":{"uv":[0,11.375,0.25,12.125],"texture":"#0"},"west":{"uv":[0.25,11.375,0.5,12.125],"texture":"#0"},"up":{"uv":[10.75,8.125,10.5,7.875],"texture":"#0"},"down":{"uv":[10.75,9.875,10.5,10.125],"texture":"#0"}}},{"from":[0.80677,11.83865,3],"to":[1.80677,15.83865,4],"rotation":{"angle":22.5,"axis":"z","origin":[-0.19323,-11.16135,2]},"faces":{"north":{"uv":[8.875,9.625,9,10.125],"texture":"#0"},"east":{"uv":[9.625,3.5,9.75,4],"texture":"#0"},"south":{"uv":[10.625,6,10.75,6.5],"texture":"#0"},"west":{"uv":[8.75,11,8.875,11.5],"texture":"#0"},"up":{"uv":[8.625,8,8.5,7.875],"texture":"#0"},"down":{"uv":[9,10.125,8.875,10.25],"texture":"#0"}}},{"from":[0.75,4.5,2],"to":[3.75,9.5,5],"rotation":{"angle":22.5,"axis":"z","origin":[-0.25,-6.5,2]},"faces":{"north":{"uv":[8.625,6.75,9,7.375],"texture":"#0"},"east":{"uv":[8.625,7.375,9,8],"texture":"#0"},"south":{"uv":[7.75,10.375,8.125,11],"texture":"#0"},"west":{"uv":[11.25,11.25,11.625,11.875],"texture":"#0"},"up":{"uv":[11.75,7.75,11.375,7.375],"texture":"#0"},"down":{"uv":[11.75,7.75,11.375,8.125],"texture":"#0"}}},{"from":[7,23,12],"to":[9,25,15],"rotation":{"angle":0,"axis":"y","origin":[0,10,0]},"faces":{"north":{"uv":[9.5,11.75,9.75,12],"texture":"#0"},"east":{"uv":[11.625,1,12,1.25],"texture":"#0"},"south":{"uv":[11.75,3,12,3.25],"texture":"#0"},"west":{"uv":[11.625,2,12,2.25],"texture":"#0"},"up":{"uv":[11.875,2.625,11.625,2.25],"texture":"#0"},"down":{"uv":[11.875,2.625,11.625,3],"texture":"#0"}}},{"from":[2,23,11],"to":[7,26,16],"rotation":{"angle":0,"axis":"y","origin":[0,10,0]},"faces":{"north":{"uv":[11.25,5.125,11.875,5.5],"texture":"#0"},"east":{"uv":[11.25,5.5,11.875,5.875],"texture":"#0"},"south":{"uv":[11.25,5.875,11.875,6.25],"texture":"#0"},"west":{"uv":[11.25,6.25,11.875,6.625],"texture":"#0"},"up":{"uv":[11.375,7.5,10.75,6.875],"texture":"#0"},"down":{"uv":[11.375,7.5,10.75,8.125],"texture":"#0"}}},{"from":[9,23,11],"to":[14,26,16],"rotation":{"angle":0,"axis":"y","origin":[0,10,0]},"faces":{"north":{"uv":[11.125,3,11.75,3.375],"texture":"#0"},"east":{"uv":[11.25,1.25,11.875,1.625],"texture":"#0"},"south":{"uv":[11.25,1.625,11.875,2],"texture":"#0"},"west":{"uv":[11.25,4.75,11.875,5.125],"texture":"#0"},"up":{"uv":[10.625,2,10,1.375],"texture":"#0"},"down":{"uv":[11.25,1.375,10.625,2],"texture":"#0"}}},{"from":[2,10,11],"to":[14,23,16],"rotation":{"angle":0,"axis":"y","origin":[0,10,0]},"faces":{"north":{"uv":[6,8,7.5,9.625],"texture":"#0"},"east":{"uv":[1.5,10,2.125,11.625],"texture":"#0"},"south":{"uv":[7.5,8,9,9.625],"texture":"#0"},"west":{"uv":[2.125,10,2.75,11.625],"texture":"#0"},"up":{"uv":[11.25,5.5,9.75,4.875],"texture":"#0"},"down":{"uv":[4.25,10,2.75,10.625],"texture":"#0"}}},{"from":[0,-6,11],"to":[16,10,16],"rotation":{"angle":0,"axis":"y","origin":[0,-6,0]},"faces":{"north":{"uv":[0,0,2,2],"texture":"#0"},"east":{"uv":[9.125,4,9.75,6],"texture":"#0"},"south":{"uv":[0,2,2,4],"texture":"#0"},"west":{"uv":[6,9.625,6.625,11.625],"texture":"#0"},"up":{"uv":[8,5.875,6,5.25],"texture":"#0"},"down":{"uv":[11,8.125,9,8.75],"texture":"#0"}}},{"from":[0,-6,-2],"to":[16,2,11],"rotation":{"angle":0,"axis":"y","origin":[0,-6,0]},"faces":{"north":{"uv":[8,0,10,1],"texture":"#0"},"east":{"uv":[8,2,9.625,3],"texture":"#0"},"south":{"uv":[8,1,10,2],"texture":"#0"},"west":{"uv":[8,3,9.625,4],"texture":"#0"},"up":{"uv":[8,3.625,6,2],"texture":"#0"},"down":{"uv":[8,3.625,6,5.25],"texture":"#0"}}},{"from":[11,-6,-1.925],"to":[16,5,7],"rotation":{"angle":-22.5,"axis":"z","origin":[16,-6,0]},"faces":{"north":{"uv":[4.875,10,4.25,11.375],"texture":"#0"},"east":{"uv":[9.125,5.375,8,6.75],"texture":"#0"},"south":{"uv":[5.5,10,4.875,11.375],"texture":"#0"},"west":{"uv":[9.125,4,8,5.375],"texture":"#0"},"up":{"uv":[8,7.875,8.625,6.75],"texture":"#0"},"down":{"uv":[10.125,6.75,10.75,7.875],"texture":"#0"}}},{"from":[11,-6,7.075],"to":[15,5,13],"rotation":{"angle":-22.5,"axis":"z","origin":[16,-6,9]},"faces":{"north":{"uv":[11.25,5.5,10.75,6.875],"texture":"#0"},"east":{"uv":[1.5,10,0.75,11.375],"texture":"#0"},"south":{"uv":[11.25,8.75,10.75,10.125],"texture":"#0"},"west":{"uv":[0.75,10,0,11.375],"texture":"#0"},"up":{"uv":[11,4.25,11.5,3.5],"texture":"#0"},"down":{"uv":[11.125,0,11.625,0.75],"texture":"#0"}}},{"from":[8.5,-2.5,-1.5],"to":[10.5,3.5,0.5],"rotation":{"angle":-45,"axis":"z","origin":[17.5,-10.5,-2.5]},"faces":{"north":{"uv":[0.75,11.375,0.5,12.125],"texture":"#0"},"east":{"uv":[1.5,11.375,1.25,12.125],"texture":"#0"},"south":{"uv":[1.25,11.375,1,12.125],"texture":"#0"},"west":{"uv":[1,11.375,0.75,12.125],"texture":"#0"},"up":{"uv":[11.625,10,11.875,9.75],"texture":"#0"},"down":{"uv":[11.625,10,11.875,10.25],"texture":"#0"}}},{"from":[12.07191,5.71733,-1],"to":[13.07191,8.71733,0],"rotation":{"angle":-22.5,"axis":"z","origin":[14.07191,-17.28267,-2]},"faces":{"north":{"uv":[10.125,11.875,10,12.25],"texture":"#0"},"east":{"uv":[10.5,11.875,10.375,12.25],"texture":"#0"},"south":{"uv":[10.375,11.875,10.25,12.25],"texture":"#0"},"west":{"uv":[10.25,11.875,10.125,12.25],"texture":"#0"},"up":{"uv":[10.625,6.75,10.75,6.625],"texture":"#0"},"down":{"uv":[11.125,1.25,11.25,1.375],"texture":"#0"}}},{"from":[16.58174,14.58864,9.5],"to":[17.58174,17.58864,10.5],"rotation":{"angle":-22.5,"axis":"z","origin":[18.33174,9.58864,10]},"faces":{"north":{"uv":[7.75,11.875,7.625,12.25],"texture":"#0"},"east":{"uv":[10,11.875,9.875,12.25],"texture":"#0"},"south":{"uv":[8,11.875,7.875,12.25],"texture":"#0"},"west":{"uv":[7.875,11.875,7.75,12.25],"texture":"#0"},"up":{"uv":[8.875,10.375,9,10.25],"texture":"#0"},"down":{"uv":[10.625,6.5,10.75,6.625],"texture":"#0"}}},{"from":[16.08174,11.58864,9.5],"to":[18.08174,14.58864,10.5],"rotation":{"angle":-22.5,"axis":"z","origin":[18.33174,9.58864,10]},"faces":{"north":{"uv":[6.625,11.625,6.375,12],"texture":"#0"},"east":{"uv":[7.625,11.875,7.5,12.25],"texture":"#0"},"south":{"uv":[11.875,11.625,11.625,12],"texture":"#0"},"west":{"uv":[7.25,11.875,7.125,12.25],"texture":"#0"},"up":{"uv":[11,4.875,11.25,4.75],"texture":"#0"},"down":{"uv":[11,8.625,11.25,8.75],"texture":"#0"}}},{"from":[16.83174,9.58864,9],"to":[19.83174,12.58864,11],"rotation":{"angle":0,"axis":"z","origin":[18.83174,12.58864,10]},"faces":{"north":{"uv":[7,11.5,6.625,11.875],"texture":"#0"},"east":{"uv":[10.75,11.5,10.5,11.875],"texture":"#0"},"south":{"uv":[10.5,11.5,10.125,11.875],"texture":"#0"},"west":{"uv":[7.25,11.5,7,11.875],"texture":"#0"},"up":{"uv":[9,9,9.375,8.75],"texture":"#0"},"down":{"uv":[9.375,8.75,9.75,9],"texture":"#0"}}},{"from":[9.25,-0.5,8],"to":[13.25,10.5,12],"rotation":{"angle":-22.5,"axis":"z","origin":[15.25,-6.5,0]},"faces":{"north":{"uv":[6,10,5.5,11.375],"texture":"#0"},"east":{"uv":[9.875,10.375,9.375,11.75],"texture":"#0"},"south":{"uv":[9.375,10.375,8.875,11.75],"texture":"#0"},"west":{"uv":[7.75,10.375,7.25,11.75],"texture":"#0"},"up":{"uv":[9.75,6,10.25,5.5],"texture":"#0"},"down":{"uv":[10.25,5.5,10.75,6],"texture":"#0"}}},{"from":[8.5,4.5,2.5],"to":[10.5,10.5,4.5],"rotation":{"angle":-45,"axis":"z","origin":[17.5,-6.5,1.5]},"faces":{"north":{"uv":[10.125,10.375,9.875,11.125],"texture":"#0"},"east":{"uv":[0.5,11.375,0.25,12.125],"texture":"#0"},"south":{"uv":[0.25,11.375,0,12.125],"texture":"#0"},"west":{"uv":[10.125,11.125,9.875,11.875],"texture":"#0"},"up":{"uv":[10.5,8.125,10.75,7.875],"texture":"#0"},"down":{"uv":[10.5,9.875,10.75,10.125],"texture":"#0"}}},{"from":[14.19323,11.83865,3],"to":[15.19323,15.83865,4],"rotation":{"angle":-22.5,"axis":"z","origin":[16.19323,-11.16135,2]},"faces":{"north":{"uv":[9,9.625,8.875,10.125],"texture":"#0"},"east":{"uv":[8.875,11,8.75,11.5],"texture":"#0"},"south":{"uv":[10.75,6,10.625,6.5],"texture":"#0"},"west":{"uv":[9.75,3.5,9.625,4],"texture":"#0"},"up":{"uv":[8.5,8,8.625,7.875],"texture":"#0"},"down":{"uv":[8.875,10.125,9,10.25],"texture":"#0"}}},{"from":[12.25,4.5,2],"to":[15.25,9.5,5],"rotation":{"angle":-22.5,"axis":"z","origin":[16.25,-6.5,2]},"faces":{"north":{"uv":[9,6.75,8.625,7.375],"texture":"#0"},"east":{"uv":[11.625,11.25,11.25,11.875],"texture":"#0"},"south":{"uv":[8.125,10.375,7.75,11],"texture":"#0"},"west":{"uv":[9,7.375,8.625,8],"texture":"#0"},"up":{"uv":[11.375,7.75,11.75,7.375],"texture":"#0"},"down":{"uv":[11.375,7.75,11.75,8.125],"texture":"#0"}}}],"gui_light":"front"}