{"display":{"thirdperson_righthand":{"rotation":[75,45,0],"translation":[0,2.5,3.5],"scale":[0.375,0.375,0.375]},"thirdperson_lefthand":{"rotation":[75,45,0],"translation":[0,2.5,3.5],"scale":[0.375,0.375,0.375]},"firstperson_righthand":{"rotation":[0,225,0],"translation":[1,4,0],"scale":[0.4,0.4,0.4]},"firstperson_lefthand":{"rotation":[0,225,0],"translation":[1,4,0],"scale":[0.4,0.4,0.4]},"ground":{"translation":[0,3,0],"scale":[0.55,0.55,0.55]},"gui":{"rotation":[30,225,0],"translation":[0,3.5,0],"scale":[0.825,0.825,0.825]},"head":{"translation":[0,-30.75,0],"scale":[1.6,1.6,1.6]},"fixed":{"translation":[0,5.75,-1.5]}},"texture_size":[64,64],"textures":{"0":"furniture/plant_type_3"},"elements":[{"from":[4,0,4],"to":[12,4,12],"rotation":{"angle":0,"axis":"y","origin":[8,0,0]},"faces":{"north":{"uv":[2,2,4,3],"texture":"#0"},"east":{"uv":[0,2,2,3],"texture":"#0"},"south":{"uv":[6,2,8,3],"texture":"#0"},"west":{"uv":[4,2,6,3],"texture":"#0"},"up":{"uv":[4,2,2,0],"texture":"#0"},"down":{"uv":[6,0,4,2],"texture":"#0"}}},{"from":[10,4,6],"to":[10,6,10],"rotation":{"angle":0,"axis":"y","origin":[8,0,0]},"faces":{"north":{"uv":[6,4,6,4.5],"texture":"#0"},"east":{"uv":[5,4,6,4.5],"texture":"#0"},"south":{"uv":[7,4,7,4.5],"texture":"#0"},"west":{"uv":[6,4,7,4.5],"texture":"#0"},"up":{"uv":[6,4,6,3],"texture":"#0"},"down":{"uv":[6,3,6,4],"texture":"#0"}}},{"from":[6,4,6],"to":[6,6,10],"shade":false,"rotation":{"angle":0,"axis":"y","origin":[8,0,0]},"faces":{"north":{"uv":[6,4,6,4.5],"texture":"#0"},"east":{"uv":[7,4,6,4.5],"texture":"#0"},"south":{"uv":[7,4,7,4.5],"texture":"#0"},"west":{"uv":[6,4,5,4.5],"texture":"#0"},"up":{"uv":[6,4,6,3],"texture":"#0"},"down":{"uv":[6,3,6,4],"texture":"#0"}}},{"from":[6,4,6],"to":[10,6,6],"rotation":{"angle":0,"axis":"y","origin":[8,0,0]},"faces":{"north":{"uv":[5,4,6,4.5],"texture":"#0"},"east":{"uv":[5,4,5,4.5],"texture":"#0"},"south":{"uv":[6,4,7,4.5],"texture":"#0"},"west":{"uv":[6,4,6,4.5],"texture":"#0"},"up":{"uv":[6,4,5,4],"texture":"#0"},"down":{"uv":[7,4,6,4],"texture":"#0"}}},{"from":[6,4,10],"to":[10,6,10],"rotation":{"angle":0,"axis":"y","origin":[8,0,0]},"faces":{"north":{"uv":[5,4,6,4.5],"texture":"#0"},"east":{"uv":[5,4,5,4.5],"texture":"#0"},"south":{"uv":[6,4,7,4.5],"texture":"#0"},"west":{"uv":[6,4,6,4.5],"texture":"#0"},"up":{"uv":[6,4,5,4],"texture":"#0"},"down":{"uv":[7,4,6,4],"texture":"#0"}}},{"from":[5,4,5],"to":[11,6,5],"rotation":{"angle":0,"axis":"y","origin":[8,0,0]},"faces":{"north":{"uv":[0.75,4.5,2.25,5],"texture":"#0"},"east":{"uv":[0.75,4.5,0.75,5],"texture":"#0"},"south":{"uv":[2.25,4.5,3.75,5],"texture":"#0"},"west":{"uv":[2.25,4.5,2.25,5],"texture":"#0"},"up":{"uv":[2.25,4.5,0.75,4.5],"texture":"#0"},"down":{"uv":[3.75,4.5,2.25,4.5],"texture":"#0"}}},{"from":[5,4,11],"to":[11,6,11],"rotation":{"angle":0,"axis":"y","origin":[8,0,0]},"faces":{"north":{"uv":[0.75,4.5,2.25,5],"texture":"#0"},"east":{"uv":[0.75,4.5,0.75,5],"texture":"#0"},"south":{"uv":[2.25,4.5,3.75,5],"texture":"#0"},"west":{"uv":[2.25,4.5,2.25,5],"texture":"#0"},"up":{"uv":[2.25,4.5,0.75,4.5],"texture":"#0"},"down":{"uv":[3.75,4.5,2.25,4.5],"texture":"#0"}}},{"from":[11,4,5],"to":[11,6,11],"rotation":{"angle":0,"axis":"y","origin":[8,0,0]},"faces":{"north":{"uv":[2.25,4.5,2.25,5],"texture":"#0"},"east":{"uv":[0.75,4.5,2.25,5],"texture":"#0"},"south":{"uv":[3.75,4.5,3.75,5],"texture":"#0"},"west":{"uv":[2.25,4.5,3.75,5],"texture":"#0"},"up":{"uv":[2.25,4.5,2.25,3],"texture":"#0"},"down":{"uv":[2.25,3,2.25,4.5],"texture":"#0"}}},{"from":[5,4,5],"to":[5,6,11],"shade":false,"rotation":{"angle":0,"axis":"y","origin":[8,0,0]},"faces":{"north":{"uv":[2.25,4.5,2.25,5],"texture":"#0"},"east":{"uv":[3.75,4.5,2.25,5],"texture":"#0"},"south":{"uv":[3.75,4.5,3.75,5],"texture":"#0"},"west":{"uv":[2.25,4.5,0.75,5],"texture":"#0"},"up":{"uv":[2.25,4.5,2.25,3],"texture":"#0"},"down":{"uv":[2.25,3,2.25,4.5],"texture":"#0"}}}]}