{"display":{"thirdperson_righthand":{"rotation":[0,117,44],"translation":[2.25,-4.75,5.75],"scale":[0.5,0.5,0.5]},"thirdperson_lefthand":{"rotation":[0,117,44],"translation":[2.25,-4.75,5.75],"scale":[0.5,0.5,0.5]},"firstperson_righthand":{"scale":[0.5,0.5,0.5]},"firstperson_lefthand":{"scale":[0.5,0.5,0.5]},"ground":{"scale":[0.3,0.3,0.3]},"gui":{"rotation":[27,-20,0],"translation":[0,-1.25,0],"scale":[0.7,0.7,0.7]},"head":{"translation":[0,-27.5,0],"scale":[2,2,2]},"fixed":{"translation":[0,-0.5,-1.75],"scale":[0.5,0.5,0.5]}},"texture_size":[64,64],"textures":{"0":"furniture/velvet_rope_uncoloured","particle":"furniture/velvet_rope_uncoloured"},"elements":[{"from":[19,1,7],"to":[21,16,9],"faces":{"north":{"uv":[0,3.5,0.5,7.25],"texture":"#0"},"east":{"uv":[0.5,3.5,1,7.25],"texture":"#0"},"south":{"uv":[1,3.5,1.5,7.25],"texture":"#0"},"west":{"uv":[1.5,3.5,2,7.25],"texture":"#0"},"up":{"uv":[4.5,4,4,3.5],"texture":"#0"},"down":{"uv":[5.75,3.75,5.25,4.25],"texture":"#0"}}},{"from":[19,16,7],"to":[21,23,9],"faces":{"north":{"uv":[3.5,0,4,1.75],"texture":"#0"},"east":{"uv":[3.5,1.75,4,3.5],"texture":"#0"},"south":{"uv":[4,4,4.5,5.75],"texture":"#0"},"west":{"uv":[4,0,4.5,1.75],"texture":"#0"},"up":{"uv":[4.5,6.25,4,5.75],"texture":"#0"},"down":{"uv":[7,5.75,6.5,6.25],"texture":"#0"}}},{"from":[18.5,17,6.5],"to":[21.5,18,9.5],"faces":{"north":{"uv":[6.75,4.5,7.5,4.75],"texture":"#0"},"east":{"uv":[6.75,4.75,7.5,5],"texture":"#0"},"south":{"uv":[7,7,7.75,7.25],"texture":"#0"},"west":{"uv":[7,0.25,7.75,0.5],"texture":"#0"},"up":{"uv":[5.25,4.25,4.5,3.5],"texture":"#0"},"down":{"uv":[5.75,5,5,5.75],"texture":"#0"}}},{"from":[18.5,19.5,6.5],"to":[21.5,22.5,9.5],"faces":{"north":{"uv":[5,0,5.75,0.75],"texture":"#0"},"east":{"uv":[5,0.75,5.75,1.5],"texture":"#0"},"south":{"uv":[5,1.5,5.75,2.25],"texture":"#0"},"west":{"uv":[5,2.25,5.75,3],"texture":"#0"},"up":{"uv":[5.75,5,5,4.25],"texture":"#0"},"down":{"uv":[6,3,5.25,3.75],"texture":"#0"}}},{"from":[16.5,0,4.5],"to":[23.5,1,11.5],"faces":{"north":{"uv":[5.75,5.25,7.5,5.5],"texture":"#0"},"east":{"uv":[5.75,5.5,7.5,5.75],"texture":"#0"},"south":{"uv":[6,3,7.75,3.25],"texture":"#0"},"west":{"uv":[6,3.25,7.75,3.5],"texture":"#0"},"up":{"uv":[1.75,1.75,0,0],"texture":"#0"},"down":{"uv":[1.75,1.75,0,3.5],"texture":"#0"}}},{"from":[18.2706,14.84672,7.5],"to":[19.2706,15.84672,8.5],"rotation":{"angle":-22.5,"axis":"z","origin":[18.7706,17.34672,7]},"faces":{"north":{"uv":[4.5,4.25,4.75,4.5],"texture":"#0"},"east":{"uv":[4.75,4.25,5,4.5],"texture":"#0"},"south":{"uv":[6.5,2.75,6.75,3],"texture":"#0"},"west":{"uv":[7.25,1.5,7.5,1.75],"texture":"#0"},"up":{"uv":[7.5,2,7.25,1.75],"texture":"#0"},"down":{"uv":[7.5,2,7.25,2.25],"texture":"#0"}}},{"from":[-3.1456,14.84672,7.5],"to":[-2.1456,15.84672,8.5],"rotation":{"angle":22.5,"axis":"z","origin":[-2.6456,17.34672,7]},"faces":{"north":{"uv":[0.75,7.5,1,7.75],"texture":"#0"},"east":{"uv":[1,7.5,1.25,7.75],"texture":"#0"},"south":{"uv":[1.25,7.5,1.5,7.75],"texture":"#0"},"west":{"uv":[1.5,7.5,1.75,7.75],"texture":"#0"},"up":{"uv":[2,7.75,1.75,7.5],"texture":"#0"},"down":{"uv":[2.25,7.5,2,7.75],"texture":"#0"}}},{"name":"change","from":[18.2706,9.84672,7.5],"to":[19.2706,14.84672,8.5],"rotation":{"angle":-22.5,"axis":"z","origin":[18.7706,17.34672,7]},"faces":{"north":{"uv":[6.5,0.25,6.75,1.5],"texture":"#0"},"east":{"uv":[6.5,1.5,6.75,2.75],"texture":"#0"},"south":{"uv":[6.5,3.75,6.75,5],"texture":"#0"},"west":{"uv":[4,6.75,4.25,8],"texture":"#0"},"up":{"uv":[7.5,2.5,7.25,2.25],"texture":"#0"},"down":{"uv":[7.5,2.5,7.25,2.75],"texture":"#0"}}},{"name":"change","from":[-3.1456,9.84672,7.5],"to":[-2.1456,14.84672,8.5],"rotation":{"angle":22.5,"axis":"z","origin":[-2.6456,17.34672,7]},"faces":{"north":{"uv":[5.25,6.75,5.5,8],"texture":"#0"},"east":{"uv":[5.5,6.75,5.75,8],"texture":"#0"},"south":{"uv":[5.75,6.75,6,8],"texture":"#0"},"west":{"uv":[6,6.75,6.25,8],"texture":"#0"},"up":{"uv":[2.5,7.75,2.25,7.5],"texture":"#0"},"down":{"uv":[2.75,7.5,2.5,7.75],"texture":"#0"}}},{"name":"change","from":[20.81216,3.38313,7.5],"to":[21.81216,8.38313,8.5],"rotation":{"angle":-45,"axis":"z","origin":[21.31216,15.88313,7]},"faces":{"north":{"uv":[4.25,6.75,4.5,8],"texture":"#0"},"east":{"uv":[4.5,6.75,4.75,8],"texture":"#0"},"south":{"uv":[4.75,6.75,5,8],"texture":"#0"},"west":{"uv":[5,6.75,5.25,8],"texture":"#0"},"up":{"uv":[7.5,3,7.25,2.75],"texture":"#0"},"down":{"uv":[7.5,3.75,7.25,4],"texture":"#0"}}},{"name":"change","from":[-5.68716,3.38313,7.5],"to":[-4.68716,8.38313,8.5],"rotation":{"angle":45,"axis":"z","origin":[-5.18716,15.88313,7]},"faces":{"north":{"uv":[6.25,6.75,6.5,8],"texture":"#0"},"east":{"uv":[6.5,6.75,6.75,8],"texture":"#0"},"south":{"uv":[6.75,6.75,7,8],"texture":"#0"},"west":{"uv":[6.75,0.25,7,1.5],"texture":"#0"},"up":{"uv":[3,7.75,2.75,7.5],"texture":"#0"},"down":{"uv":[3.25,7.5,3,7.75],"texture":"#0"}}},{"name":"change","from":[9.06463,9.52281,7.5],"to":[12.06463,10.52281,8.5],"rotation":{"angle":22.5,"axis":"z","origin":[19.56463,10.02281,7]},"faces":{"north":{"uv":[7,5.75,7.75,6],"texture":"#0"},"east":{"uv":[7.25,4,7.5,4.25],"texture":"#0"},"south":{"uv":[7,6,7.75,6.25],"texture":"#0"},"west":{"uv":[0,7.5,0.25,7.75],"texture":"#0"},"up":{"uv":[7.75,7,7,6.75],"texture":"#0"},"down":{"uv":[0.75,7.25,0,7.5],"texture":"#0"}}},{"name":"change","from":[4.06037,9.52281,7.5],"to":[7.06037,10.52281,8.5],"rotation":{"angle":-22.5,"axis":"z","origin":[-3.43963,10.02281,7]},"faces":{"north":{"uv":[0.75,7.25,1.5,7.5],"texture":"#0"},"east":{"uv":[3.25,7.5,3.5,7.75],"texture":"#0"},"south":{"uv":[1.5,7.25,2.25,7.5],"texture":"#0"},"west":{"uv":[3.5,7.5,3.75,7.75],"texture":"#0"},"up":{"uv":[3,7.5,2.25,7.25],"texture":"#0"},"down":{"uv":[3.75,7.25,3,7.5],"texture":"#0"}}},{"name":"change","from":[6.05524,5.5427,7.5],"to":[10.05524,6.5427,8.5],"rotation":{"angle":0,"axis":"y","origin":[17.55524,6.0427,7]},"faces":{"north":{"uv":[4,6.25,5,6.5],"texture":"#0"},"east":{"uv":[0.25,7.5,0.5,7.75],"texture":"#0"},"south":{"uv":[6.5,5,7.5,5.25],"texture":"#0"},"west":{"uv":[0.5,7.5,0.75,7.75],"texture":"#0"},"up":{"uv":[7.5,6.5,6.5,6.25],"texture":"#0"},"down":{"uv":[7.75,4.25,6.75,4.5],"texture":"#0"}}},{"from":[18.2706,15.84672,8],"to":[19.2706,17.84672,8],"rotation":{"angle":-22.5,"axis":"z","origin":[18.7706,17.34672,7]},"faces":{"north":{"uv":[5,3,5.25,3.5],"texture":"#0"},"east":{"uv":[0,0,0,0.5],"texture":"#0"},"south":{"uv":[3.75,7.25,4,7.75],"texture":"#0"},"west":{"uv":[0,0,0,0.5],"texture":"#0"},"up":{"uv":[0.25,0,0,0],"texture":"#0"},"down":{"uv":[0.25,0,0,0],"texture":"#0"}}},{"from":[-3.1456,15.84672,8],"to":[-2.1456,17.84672,8],"rotation":{"angle":22.5,"axis":"z","origin":[-2.6456,17.34672,7]},"faces":{"north":{"uv":[7,7.25,7.25,7.75],"texture":"#0"},"east":{"uv":[0,0,0,0.5],"texture":"#0"},"south":{"uv":[7.25,7.25,7.5,7.75],"texture":"#0"},"west":{"uv":[0,0,0,0.5],"texture":"#0"},"up":{"uv":[0.25,0,0,0],"texture":"#0"},"down":{"uv":[0.25,0,0,0],"texture":"#0"}}},{"from":[-4.875,1,7],"to":[-2.875,16,9],"rotation":{"angle":0,"axis":"y","origin":[0.125,0,1.5]},"faces":{"north":{"uv":[0,3.5,0.5,7.25],"texture":"#0"},"east":{"uv":[0.5,3.5,1,7.25],"texture":"#0"},"south":{"uv":[1,3.5,1.5,7.25],"texture":"#0"},"west":{"uv":[1.5,3.5,2,7.25],"texture":"#0"},"up":{"uv":[4.5,4,4,3.5],"texture":"#0"},"down":{"uv":[5.75,3.75,5.25,4.25],"texture":"#0"}}},{"from":[-4.875,16,7],"to":[-2.875,23,9],"rotation":{"angle":0,"axis":"y","origin":[0.125,0,1.5]},"faces":{"north":{"uv":[3.5,0,4,1.75],"texture":"#0"},"east":{"uv":[3.5,1.75,4,3.5],"texture":"#0"},"south":{"uv":[4,4,4.5,5.75],"texture":"#0"},"west":{"uv":[4,0,4.5,1.75],"texture":"#0"},"up":{"uv":[4.5,6.25,4,5.75],"texture":"#0"},"down":{"uv":[7,5.75,6.5,6.25],"texture":"#0"}}},{"from":[-5.375,17,6.5],"to":[-2.375,18,9.5],"rotation":{"angle":0,"axis":"y","origin":[0.125,0,1.5]},"faces":{"north":{"uv":[6.75,4.5,7.5,4.75],"texture":"#0"},"east":{"uv":[6.75,4.75,7.5,5],"texture":"#0"},"south":{"uv":[7,7,7.75,7.25],"texture":"#0"},"west":{"uv":[7,0.25,7.75,0.5],"texture":"#0"},"up":{"uv":[5.25,4.25,4.5,3.5],"texture":"#0"},"down":{"uv":[5.75,5,5,5.75],"texture":"#0"}}},{"from":[-5.375,19.5,6.5],"to":[-2.375,22.5,9.5],"rotation":{"angle":0,"axis":"y","origin":[0.125,0,1.5]},"faces":{"north":{"uv":[5,0,5.75,0.75],"texture":"#0"},"east":{"uv":[5,0.75,5.75,1.5],"texture":"#0"},"south":{"uv":[5,1.5,5.75,2.25],"texture":"#0"},"west":{"uv":[5,2.25,5.75,3],"texture":"#0"},"up":{"uv":[5.75,5,5,4.25],"texture":"#0"},"down":{"uv":[6,3,5.25,3.75],"texture":"#0"}}},{"from":[-7.375,0,4.5],"to":[-0.375,1,11.5],"rotation":{"angle":0,"axis":"y","origin":[0.125,0,1.5]},"faces":{"north":{"uv":[5.75,5.25,7.5,5.5],"texture":"#0"},"east":{"uv":[5.75,5.5,7.5,5.75],"texture":"#0"},"south":{"uv":[6,3,7.75,3.25],"texture":"#0"},"west":{"uv":[6,3.25,7.75,3.5],"texture":"#0"},"up":{"uv":[1.75,1.75,0,0],"texture":"#0"},"down":{"uv":[1.75,1.75,0,3.5],"texture":"#0"}}}],"gui_light":"front"}