{"file_name":"fingerset_right","texture_size":[128,128],"textures":{"layer0":"manamodels/yeti"},"elements":[{"name":"fingerset_right_0","from":[6.194,4.394,5.594],"to":[8.0060005,8.0060005,10.406],"rotation":{"angle":0.0,"axis":"z","origin":[8.0,8.0,8.0]},"faces":{"east":{"uv":[10.0,9.25,11.0,10.0],"texture":"#layer0","tintindex":0},"south":{"uv":[8.25,6.5,8.625,7.25],"texture":"#layer0","tintindex":0},"north":{"uv":[2.5,8.5,2.875,9.25],"texture":"#layer0","tintindex":0},"west":{"uv":[7.25,6.5,8.25,7.25],"texture":"#layer0","tintindex":0},"up":{"uv":[3.0,7.0,3.375,8.0],"texture":"#layer0","tintindex":0},"down":{"uv":[8.625,1.0,8.25,0.0],"texture":"#layer0","tintindex":0}}}],"display":{"head":{"translation":[0.0,-6.4,0.0],"rotation":[0.0,0.0,0.0],"scale":[3.8095,3.8095,3.8095]},"gui":{"translation":[0.0,0.0,0.0],"rotation":[35.0,225.0,0.0],"scale":[0.625,0.625,0.625]}}}