{"textures":{"0":"modelengine:custom/kraken","particle":"modelengine:custom/kraken"},"elements":[{"from":[6.8,4.8,6.8],"to":[9.2,8.0,9.200001],"faces":{"east":{"uv":[14.125,4.5,14.5,5.0],"tintindex":0,"rotation":0,"texture":"#0"},"south":{"uv":[14.125,5.0,14.5,5.5],"tintindex":0,"rotation":0,"texture":"#0"},"north":{"uv":[14.125,4.0,14.5,4.5],"tintindex":0,"rotation":0,"texture":"#0"},"west":{"uv":[14.125,5.5,14.5,6.0],"tintindex":0,"rotation":0,"texture":"#0"},"up":{"uv":[3.625,15.1875,3.25,14.8125],"tintindex":0,"rotation":0,"texture":"#0"},"down":{"uv":[4.0,14.8125,3.625,15.1875],"tintindex":0,"rotation":0,"texture":"#0"}}}],"display":{"gui":{"rotation":[30,225,0]}}}