{"textures":{"0":"modelengine:custom/kraken","particle":"modelengine:custom/kraken"},"elements":[{"from":[6.8,4.799999,6.8],"to":[9.2,8.0,9.2],"faces":{"east":{"uv":[14.125,5.5,13.75,6.0],"tintindex":0,"rotation":0,"texture":"#0"},"south":{"uv":[14.125,5.0,13.75,5.5],"tintindex":0,"rotation":0,"texture":"#0"},"north":{"uv":[12.0,13.75,11.625,14.25],"tintindex":0,"rotation":0,"texture":"#0"},"west":{"uv":[14.125,13.0,13.75,13.5],"tintindex":0,"rotation":0,"texture":"#0"},"up":{"uv":[4.125,12.8125,3.75,13.1875],"tintindex":0,"rotation":0,"texture":"#0"},"down":{"uv":[14.875,10.0,14.5,9.625],"tintindex":0,"rotation":0,"texture":"#0"}}}],"display":{"gui":{"rotation":[30,225,0]}}}