{"textures":{"0":"modelengine:custom/kraken","particle":"modelengine:custom/kraken"},"elements":[{"from":[6.4,4.8,6.3999996],"to":[9.6,8.0,9.6],"faces":{"east":{"uv":[10.625,12.8125,10.125,13.3125],"tintindex":0,"rotation":0,"texture":"#0"},"south":{"uv":[10.125,12.8125,9.625,13.3125],"tintindex":0,"rotation":0,"texture":"#0"},"north":{"uv":[11.125,12.8125,10.625,13.3125],"tintindex":0,"rotation":0,"texture":"#0"},"west":{"uv":[11.625,12.8125,11.125,13.3125],"tintindex":0,"rotation":0,"texture":"#0"},"up":{"uv":[3.0,12.875,2.5,13.375],"tintindex":0,"rotation":0,"texture":"#0"},"down":{"uv":[13.375,3.0,12.875,2.5],"tintindex":0,"rotation":0,"texture":"#0"}}}],"display":{"gui":{"rotation":[30,225,0]}}}