{"textures":{"0":"modelengine:custom/kraken","particle":"modelengine:custom/kraken"},"elements":[{"from":[6.4,4.8,6.4],"to":[9.6,8.0,9.6],"faces":{"east":{"uv":[8.125,11.8125,7.625,12.3125],"tintindex":0,"rotation":0,"texture":"#0"},"south":{"uv":[7.625,11.8125,7.125,12.3125],"tintindex":0,"rotation":0,"texture":"#0"},"north":{"uv":[8.625,11.8125,8.125,12.3125],"tintindex":0,"rotation":0,"texture":"#0"},"west":{"uv":[9.125,11.8125,8.625,12.3125],"tintindex":0,"rotation":0,"texture":"#0"},"up":{"uv":[9.625,11.8125,9.125,12.3125],"tintindex":0,"rotation":0,"texture":"#0"},"down":{"uv":[10.125,12.3125,9.625,11.8125],"tintindex":0,"rotation":0,"texture":"#0"}}}],"display":{"gui":{"rotation":[30,225,0]}}}