{"display":{"thirdperson_righthand":{"rotation":[75,45,0],"translation":[-0.75,-0.25,3],"scale":[0.375,0.375,0.375]},"thirdperson_lefthand":{"rotation":[75,45,0],"translation":[-0.75,2.5,3],"scale":[0.375,0.375,0.375]},"firstperson_righthand":{"rotation":[-180,85.25,-180],"translation":[2.5,2,0],"scale":[0.4,0.4,0.4]},"firstperson_lefthand":{"rotation":[-180,85.25,-180],"translation":[2.5,2,0],"scale":[0.4,0.4,0.4]},"ground":{"translation":[0,3,0],"scale":[0.75,0.75,0.75]},"gui":{"rotation":[30,225,0],"translation":[0,3.5,0],"scale":[0.85,0.85,0.85]},"head":{"translation":[0,-41.25,-0.75],"scale":[2,2,2]},"fixed":{"translation":[0,3.75,-2.25]}},"texture_size":[32,32],"textures":{"0":"crates/summer_crate/flamingo_floaty","particle":"crates/summer_crate/flamingo_floaty"},"elements":[{"from":[1.5,0,3],"to":[14.5,4,13],"rotation":{"angle":0,"axis":"y","origin":[0.5,0,0]},"faces":{"north":{"uv":[6.5,0,13,2],"texture":"#0"},"east":{"uv":[6.5,4,11.5,6],"texture":"#0"},"south":{"uv":[6.5,0,13,2],"texture":"#0"},"west":{"uv":[6.5,6,11.5,8],"texture":"#0"},"up":{"uv":[6.5,5,0,0],"texture":"#0"},"down":{"uv":[6.5,5,0,10],"texture":"#0"}}},{"from":[6.5,1,1.5],"to":[9.5,5,5.5],"rotation":{"angle":-22.5,"axis":"x","origin":[8,3,3]},"faces":{"north":{"uv":[4,10,5.5,12],"texture":"#0"},"east":{"uv":[6.5,8,8.5,10],"texture":"#0"},"south":{"uv":[5.5,10,7,12],"texture":"#0"},"west":{"uv":[8.5,8,10.5,10],"texture":"#0"},"up":{"uv":[8.5,12,7,10],"texture":"#0"},"down":{"uv":[10,10,8.5,12],"texture":"#0"}}},{"from":[7,4,2],"to":[9,12,4],"rotation":{"angle":22.5,"axis":"x","origin":[7.5,6,2.5]},"faces":{"north":{"uv":[0,10,1,14],"texture":"#0"},"east":{"uv":[1,10,2,14],"texture":"#0"},"south":{"uv":[2,10,3,14],"texture":"#0"},"west":{"uv":[3,10,4,14],"texture":"#0"},"up":{"uv":[10,13,9,12],"texture":"#0"},"down":{"uv":[13,9.5,12,10.5],"texture":"#0"}}},{"from":[6.5,9,1],"to":[9.5,12,5],"rotation":{"angle":0,"axis":"y","origin":[8,6,2.5]},"faces":{"north":{"uv":[10,11.5,11.5,13],"texture":"#0"},"east":{"uv":[10,10,12,11.5],"texture":"#0"},"south":{"uv":[11.5,11.5,13,13],"texture":"#0"},"west":{"uv":[10.5,8,12.5,9.5],"texture":"#0"},"up":{"uv":[13,6,11.5,4],"texture":"#0"},"down":{"uv":[13,6,11.5,8],"texture":"#0"}}},{"from":[7.5,10.06933,-1.37412],"to":[8.5,12.06933,0.62588],"rotation":{"angle":-22.5,"axis":"x","origin":[8,6.81933,2.37588]},"faces":{"north":{"uv":[13,2,13.5,3],"texture":"#0"},"east":{"uv":[12,10.5,13,11.5],"texture":"#0"},"south":{"uv":[13,3,13.5,4],"texture":"#0"},"west":{"uv":[12.5,8,13.5,9],"texture":"#0"},"up":{"uv":[4.5,14,4,13],"texture":"#0"},"down":{"uv":[13.5,4,13,5],"texture":"#0"}}},{"from":[7,9,-1.25],"to":[9,11,1.75],"rotation":{"angle":0,"axis":"y","origin":[8.5,6.75,3]},"faces":{"north":{"uv":[13,0,14,1],"texture":"#0"},"east":{"uv":[4,12,5.5,13],"texture":"#0"},"south":{"uv":[13,1,14,2],"texture":"#0"},"west":{"uv":[5.5,12,7,13],"texture":"#0"},"up":{"uv":[8,13.5,7,12],"texture":"#0"},"down":{"uv":[9,12,8,13.5],"texture":"#0"}}}]}