{"file_name":"head","texture_size":[128,128],"textures":{"layer0":"manamodels/sahuagin"},"elements":[{"name":"head_0","from":[4.1503997,7.529601,4.1503997],"to":[11.849601,15.228802,11.849601],"rotation":{"angle":-45.0,"axis":"y","origin":[8.0,7.539197,8.0]},"faces":{"east":{"uv":[9.0,7.875,10.0,8.875],"texture":"#layer0","tintindex":0},"south":{"uv":[9.25,6.5,10.25,7.5],"texture":"#layer0","tintindex":0},"north":{"uv":[9.0,3.75,10.0,4.75],"texture":"#layer0","tintindex":0},"west":{"uv":[9.5,4.75,10.5,5.75],"texture":"#layer0","tintindex":0},"up":{"uv":[3.5,10.75,2.5,9.75],"texture":"#layer0","tintindex":0},"down":{"uv":[3.5,9.75,4.5,10.75],"texture":"#layer0","tintindex":0}}},{"name":"head_1","from":[8.0,5.6192007,3.968],"to":[8.0,26.7392,25.088001],"rotation":{"angle":0.0,"axis":"z","origin":[8.0,8.0,8.0]},"faces":{"east":{"uv":[5.0,5.0,7.75,7.75],"texture":"#layer0","tintindex":0},"south":{"uv":[0.0,0.0,0.0,2.75],"texture":"#layer0","tintindex":0},"north":{"uv":[0.0,0.0,0.0,2.75],"texture":"#layer0","tintindex":0},"west":{"uv":[5.0,0.0,7.75,2.75],"texture":"#layer0","tintindex":0},"up":{"uv":[0.0,2.75,0.0,0.0],"texture":"#layer0","tintindex":0},"down":{"uv":[0.0,0.0,0.0,2.75],"texture":"#layer0","tintindex":0}}},{"name":"head_2","from":[9.591259,3.6992002,9.589905],"to":[24.95126,19.0592,9.589905],"rotation":{"angle":-45.0,"axis":"y","origin":[13.431261,7.539197,13.429904]},"faces":{"east":{"uv":[0.0,0.0,0.0,2.0],"texture":"#layer0","tintindex":0},"south":{"uv":[3.0,6.0,5.0,8.0],"texture":"#layer0","tintindex":0},"north":{"uv":[5.0,2.75,7.0,4.75],"texture":"#layer0","tintindex":0},"west":{"uv":[0.0,0.0,0.0,2.0],"texture":"#layer0","tintindex":0},"up":{"uv":[2.0,0.0,0.0,0.0],"texture":"#layer0","tintindex":0},"down":{"uv":[0.0,0.0,2.0,0.0],"texture":"#layer0","tintindex":0}}},{"name":"head_3","from":[-1.2705765,3.6992002,9.590576],"to":[-1.2705765,19.0592,24.950577],"rotation":{"angle":-45.0,"axis":"y","origin":[2.5694242,7.539197,13.430576]},"faces":{"east":{"uv":[7.0,2.75,9.0,4.75],"texture":"#layer0","tintindex":0},"south":{"uv":[0.0,0.0,0.0,2.0],"texture":"#layer0","tintindex":0},"north":{"uv":[0.0,0.0,0.0,2.0],"texture":"#layer0","tintindex":0},"west":{"uv":[5.0,7.75,7.0,9.75],"texture":"#layer0","tintindex":0},"up":{"uv":[0.0,2.0,0.0,0.0],"texture":"#layer0","tintindex":0},"down":{"uv":[0.0,0.0,0.0,2.0],"texture":"#layer0","tintindex":0}}}],"display":{"head":{"translation":[0.0,-6.4,0.0],"rotation":[0.0,0.0,0.0],"scale":[3.8095,3.8095,3.8095]},"gui":{"translation":[0.0,0.0,0.0],"rotation":[35.0,225.0,0.0],"scale":[0.625,0.625,0.625]}}}