{"file_name":"upperarm_right","texture_size":[128,128],"textures":{"layer0":"manamodels/sahuagin"},"elements":[{"name":"upperarm_right_0","from":[7.0399995,-1.5807996,6.08],"to":[10.879999,9.939201,9.92],"rotation":{"angle":-45.0,"axis":"y","origin":[8.96,7.539199,8.0]},"faces":{"east":{"uv":[4.5,0.0,5.0,1.5],"texture":"#layer0","tintindex":0},"south":{"uv":[7.75,10.25,8.25,11.75],"texture":"#layer0","tintindex":0},"north":{"uv":[2.0,3.5,2.5,5.0],"texture":"#layer0","tintindex":0},"west":{"uv":[3.875,10.75,4.375,12.25],"texture":"#layer0","tintindex":0},"up":{"uv":[12.125,9.0,11.625,8.5],"texture":"#layer0","tintindex":0},"down":{"uv":[11.625,10.875,12.125,11.375],"texture":"#layer0","tintindex":0}}}],"display":{"head":{"translation":[0.0,-6.4,0.0],"rotation":[0.0,0.0,0.0],"scale":[3.8095,3.8095,3.8095]},"gui":{"translation":[0.0,0.0,0.0],"rotation":[35.0,225.0,0.0],"scale":[0.625,0.625,0.625]}}}