{"textures":{"0":"modelengine:custom/moose","particle":"modelengine:custom/moose"},"elements":[{"from":[6.0,4.0,8.0],"to":[10.0,8.0,16.0],"faces":{"east":{"uv":[9.75,6.0,10.75,6.5],"tintindex":0,"rotation":0,"texture":"#0"},"south":{"uv":[10.25,9.75,10.75,10.25],"tintindex":0,"rotation":0,"texture":"#0"},"north":{"uv":[10.25,8.5,10.75,9.0],"tintindex":0,"rotation":0,"texture":"#0"},"west":{"uv":[9.75,6.5,10.75,7.0],"tintindex":0,"rotation":0,"texture":"#0"},"up":{"uv":[10.25,8.0,9.75,7.0],"tintindex":0,"rotation":0,"texture":"#0"},"down":{"uv":[10.25,8.0,9.75,9.0],"tintindex":0,"rotation":0,"texture":"#0"}}}],"display":{"gui":{"rotation":[30,225,0]}}}