{"file_name":"arm2","texture_size":[128,128],"textures":{"layer0":"manamodels/npc_miner"},"elements":[{"name":"arm2_0","from":[8.288001,1.8680001,6.6679997],"to":[10.952002,8.528001,9.332],"rotation":{"angle":0.0,"axis":"z","origin":[8.0,8.0,8.0]},"faces":{"east":{"uv":[4.875,5.875,5.375,7.125],"texture":"#layer0","tintindex":0},"south":{"uv":[0.0,6.0,0.5,7.25],"texture":"#layer0","tintindex":0},"north":{"uv":[4.25,5.875,4.75,7.125],"texture":"#layer0","tintindex":0},"west":{"uv":[0.625,6.0,1.125,7.25],"texture":"#layer0","tintindex":0},"up":{"uv":[7.375,8.875,6.875,8.375],"texture":"#layer0","tintindex":0},"down":{"uv":[0.0,8.5,0.5,9.0],"texture":"#layer0","tintindex":0}}},{"name":"arm2_1","from":[7.6219997,3.1999998,6.002],"to":[11.618,4.5319996,9.998],"rotation":{"angle":0.0,"axis":"z","origin":[8.0,8.0,8.0]},"faces":{"east":{"uv":[9.25,2.125,10.0,2.375],"texture":"#layer0","tintindex":0},"south":{"uv":[9.25,2.5,10.0,2.75],"texture":"#layer0","tintindex":0},"north":{"uv":[9.125,6.375,9.875,6.625],"texture":"#layer0","tintindex":0},"west":{"uv":[0.875,9.375,1.625,9.625],"texture":"#layer0","tintindex":0},"up":{"uv":[2.0,7.625,1.25,6.875],"texture":"#layer0","tintindex":0},"down":{"uv":[7.0,4.875,7.75,5.625],"texture":"#layer0","tintindex":0}}},{"name":"arm2_2","from":[10.619001,2.2009997,7.001],"to":[11.285001,2.8669999,8.999001],"rotation":{"angle":0.0,"axis":"z","origin":[8.0,8.0,8.0]},"faces":{"east":{"uv":[2.0,11.0,2.375,11.125],"texture":"#layer0","tintindex":0},"south":{"uv":[8.75,11.25,8.875,11.375],"texture":"#layer0","tintindex":0},"north":{"uv":[11.25,8.625,11.375,8.75],"texture":"#layer0","tintindex":0},"west":{"uv":[2.5,11.0,2.875,11.125],"texture":"#layer0","tintindex":0},"up":{"uv":[0.625,11.375,0.5,11.0],"texture":"#layer0","tintindex":0},"down":{"uv":[3.0,11.0,3.125,11.375],"texture":"#layer0","tintindex":0}}},{"name":"arm2_3","from":[18.444502,-1.4619999,6.002],"to":[19.7765,2.534,9.998],"rotation":{"angle":45.0,"axis":"z","origin":[5.6239996,-6.1240005,8.0]},"faces":{"east":{"uv":[2.125,7.125,2.875,7.875],"texture":"#layer0","tintindex":0},"south":{"uv":[7.125,9.0,7.375,9.75],"texture":"#layer0","tintindex":0},"north":{"uv":[5.625,9.0,5.875,9.75],"texture":"#layer0","tintindex":0},"west":{"uv":[5.5,7.125,6.25,7.875],"texture":"#layer0","tintindex":0},"up":{"uv":[0.25,9.875,0.0,9.125],"texture":"#layer0","tintindex":0},"down":{"uv":[2.625,9.125,2.875,9.875],"texture":"#layer0","tintindex":0}}}],"display":{"head":{"translation":[0.0,-6.4,0.0],"rotation":[0.0,0.0,0.0],"scale":[3.8095,3.8095,3.8095]},"gui":{"translation":[0.0,0.0,0.0],"rotation":[35.0,225.0,0.0],"scale":[0.625,0.625,0.625]}}}