{"file_name":"pickaxe2","texture_size":[128,128],"textures":{"layer0":"manamodels/npc_miner"},"elements":[{"name":"pickaxe2_0","from":[7.778,7.772582,2.4554598],"to":[8.444,8.438581,12.44546],"rotation":{"angle":0.0,"axis":"z","origin":[8.0,8.0,8.0]},"faces":{"east":{"uv":[8.625,5.125,10.5,5.25],"texture":"#layer0","tintindex":0},"south":{"uv":[10.875,11.25,11.0,11.375],"texture":"#layer0","tintindex":0},"north":{"uv":[10.625,11.25,10.75,11.375],"texture":"#layer0","tintindex":0},"west":{"uv":[8.625,5.375,10.5,5.5],"texture":"#layer0","tintindex":0},"up":{"uv":[8.125,10.5,8.0,8.625],"texture":"#layer0","tintindex":0},"down":{"uv":[8.25,8.625,8.375,10.5],"texture":"#layer0","tintindex":0}}},{"name":"pickaxe2_1","from":[7.4449997,7.439583,12.44546],"to":[8.777,8.771584,13.777459],"rotation":{"angle":0.0,"axis":"z","origin":[8.0,8.0,8.0]},"faces":{"east":{"uv":[5.375,10.875,5.625,11.125],"texture":"#layer0","tintindex":0},"south":{"uv":[10.875,5.875,11.125,6.125],"texture":"#layer0","tintindex":0},"north":{"uv":[5.0,10.875,5.25,11.125],"texture":"#layer0","tintindex":0},"west":{"uv":[6.125,10.875,6.375,11.125],"texture":"#layer0","tintindex":0},"up":{"uv":[11.125,6.5,10.875,6.25],"texture":"#layer0","tintindex":0},"down":{"uv":[7.0,10.875,7.25,11.125],"texture":"#layer0","tintindex":0}}},{"name":"pickaxe2_2","from":[7.1120005,6.4405823,0.4574597],"to":[9.110001,9.770582,2.4554598],"rotation":{"angle":0.0,"axis":"z","origin":[8.0,8.0,8.0]},"faces":{"east":{"uv":[8.75,2.125,9.125,2.75],"texture":"#layer0","tintindex":0},"south":{"uv":[3.75,8.75,4.125,9.375],"texture":"#layer0","tintindex":0},"north":{"uv":[8.5,8.625,8.875,9.25],"texture":"#layer0","tintindex":0},"west":{"uv":[4.25,8.75,4.625,9.375],"texture":"#layer0","tintindex":0},"up":{"uv":[10.25,9.125,9.875,8.75],"texture":"#layer0","tintindex":0},"down":{"uv":[0.0,10.0,0.375,10.375],"texture":"#layer0","tintindex":0}}},{"name":"pickaxe2_3","from":[6.445999,5.1085825,-0.20854044],"to":[9.775999,6.4405828,3.12146],"rotation":{"angle":0.0,"axis":"z","origin":[8.0,8.0,8.0]},"faces":{"east":{"uv":[3.75,9.5,4.375,9.75],"texture":"#layer0","tintindex":0},"south":{"uv":[4.5,9.5,5.125,9.75],"texture":"#layer0","tintindex":0},"north":{"uv":[9.25,9.375,9.875,9.625],"texture":"#layer0","tintindex":0},"west":{"uv":[9.5,7.25,10.125,7.5],"texture":"#layer0","tintindex":0},"up":{"uv":[2.0,3.25,1.375,2.625],"texture":"#layer0","tintindex":0},"down":{"uv":[8.125,3.25,8.75,3.875],"texture":"#layer0","tintindex":0}}}],"display":{"head":{"translation":[0.0,-6.4,0.0],"rotation":[0.0,0.0,0.0],"scale":[3.8095,3.8095,3.8095]},"gui":{"translation":[0.0,0.0,0.0],"rotation":[35.0,225.0,0.0],"scale":[0.625,0.625,0.625]}}}