{"display":{"thirdperson_righthand":{"translation":[9,-2.15,8.25]},"thirdperson_lefthand":{"rotation":[0,0,-180],"translation":[9,-2.15,8.25],"scale":[1,-1,1]},"firstperson_righthand":{"rotation":[26,3,0],"translation":[12,1,-0.25],"scale":[0.8,0.8,0.8]},"ground":{"rotation":[72,55,0],"translation":[3,3,-0.75],"scale":[0.35,0.35,0.35]},"gui":{"rotation":[20,64,-31],"translation":[1.25,0.25,0],"scale":[0.5,0.5,0.5]},"head":{"rotation":[60,-126,65],"translation":[-2.5,-8.5,12.25]},"fixed":{"rotation":[0,-90,0],"translation":[-0.75,0,2.5],"scale":[0.4,0.4,0.4]}},"texture_size":[64,64],"textures":{"0":"crates/drseuss21_crate/plain_gold_bow","particle":"crates/drseuss21_crate/plain_gold_bow"},"elements":[{"from":[-4.55,2.8563,4.55954],"to":[1.425,6.8563,7.55954],"rotation":{"angle":22.5,"axis":"x","origin":[7.5,10.8563,12.55954]},"faces":{"north":{"uv":[4,2,5,3],"texture":"#0"},"east":{"uv":[5,0.75,5.75,1.75],"texture":"#0"},"south":{"uv":[4,3,5,4],"texture":"#0"},"west":{"uv":[5,1.75,5.75,2.75],"texture":"#0"},"up":{"uv":[6,3.5,5,2.75],"texture":"#0"},"down":{"uv":[6,3.5,5,4.25],"texture":"#0"}}},{"from":[-3.5,5.5,-0.5],"to":[1.5,10.5,4.5],"rotation":{"angle":0,"axis":"y","origin":[8.5,14.5,7.5]},"faces":{"north":{"uv":[8.25,1.5,9.5,2.75],"texture":"#0"},"east":{"uv":[8.25,2.5,9.5,3.75],"texture":"#0"},"south":{"uv":[2.5,8.5,3.5,9.5],"texture":"#0"},"west":{"uv":[8.5,0,9.75,1.25],"texture":"#0"},"up":{"uv":[9.75,8,8.5,6.75],"texture":"#0"},"down":{"uv":[8,8.75,6.75,10],"texture":"#0"}}},{"from":[-4,7.5,-1],"to":[0,8.5,2],"rotation":{"angle":0,"axis":"y","origin":[7,14.5,7]},"faces":{"north":{"uv":[6.75,6.5,7.75,6.75],"texture":"#0"},"east":{"uv":[7.25,0,8,0.25],"texture":"#0"},"south":{"uv":[7,5.25,8,5.5],"texture":"#0"},"west":{"uv":[7.25,0.25,8,0.5],"texture":"#0"},"up":{"uv":[6,5.75,5,5],"texture":"#0"},"down":{"uv":[6,0,5,0.75],"texture":"#0"}}},{"from":[-4.25,9,-1.25],"to":[-0.25,10,1.75],"rotation":{"angle":0,"axis":"y","origin":[7.75,16,6.75]},"faces":{"north":{"uv":[8.5,4.5,9.5,4.75],"texture":"#0"},"east":{"uv":[7.25,3.5,8,3.75],"texture":"#0"},"south":{"uv":[7.25,3.75,8,4],"texture":"#0"},"west":{"uv":[7.25,4,8,4.25],"texture":"#0"},"up":{"uv":[9.5,5.75,8.5,5],"texture":"#0"},"down":{"uv":[9.75,8.75,8.75,9.75],"texture":"#0"}}},{"from":[-6.60852,6,0.15561],"to":[-4.60852,7,1.15561],"rotation":{"angle":-22.5,"axis":"y","origin":[2.39148,14,8.15561]},"faces":{"north":{"uv":[7.5,7.25,8,7.5],"texture":"#0"},"east":{"uv":[7.5,8,7.75,8.25],"texture":"#0"},"south":{"uv":[7.5,7.75,8,8],"texture":"#0"},"west":{"uv":[7.75,8,8,8.25],"texture":"#0"},"up":{"uv":[8.25,0.75,7.75,0.5],"texture":"#0"},"down":{"uv":[8.25,0.75,7.75,1],"texture":"#0"}}},{"from":[-9.30711,6,2.1066],"to":[-7.30711,7,3.1066],"rotation":{"angle":-45,"axis":"y","origin":[-0.30711,14,10.1066]},"faces":{"north":{"uv":[7.5,2,8,2.25],"texture":"#0"},"east":{"uv":[5.5,8,5.75,8.25],"texture":"#0"},"south":{"uv":[7.5,6,8,6.25],"texture":"#0"},"west":{"uv":[5.75,8,6,8.25],"texture":"#0"},"up":{"uv":[8,6.5,7.5,6.25],"texture":"#0"},"down":{"uv":[8,7,7.5,7.25],"texture":"#0"}}},{"from":[-4.5,10.02375,0.66478],"to":[-3.5,11.02375,3.66478],"rotation":{"angle":0,"axis":"y","origin":[3.5,15.02375,-3.33522]},"faces":{"north":{"uv":[8,8,8.25,8.25],"texture":"#0"},"east":{"uv":[2.25,2,3,2.25],"texture":"#0"},"south":{"uv":[8,0,8.25,0.25],"texture":"#0"},"west":{"uv":[7,6.75,7.75,7],"texture":"#0"},"up":{"uv":[2.5,8,2.25,7.25],"texture":"#0"},"down":{"uv":[2.75,7.25,2.5,8],"texture":"#0"}}},{"from":[-4.5,10.25,2.5],"to":[-3.5,12.25,3.5],"rotation":{"angle":22.5,"axis":"x","origin":[3.5,16.25,-1.5]},"faces":{"north":{"uv":[0.75,7.75,1,8.25],"texture":"#0"},"east":{"uv":[1,7.75,1.25,8.25],"texture":"#0"},"south":{"uv":[7,7.75,7.25,8.25],"texture":"#0"},"west":{"uv":[7.25,7.75,7.5,8.25],"texture":"#0"},"up":{"uv":[6.75,8.25,6.5,8],"texture":"#0"},"down":{"uv":[7,8,6.75,8.25],"texture":"#0"}}},{"from":[-8.54289,9,2.77082],"to":[-6.54289,10,3.77082],"rotation":{"angle":-45,"axis":"y","origin":[0.45711,17,10.77082]},"faces":{"north":{"uv":[7.75,6.5,8.25,6.75],"texture":"#0"},"east":{"uv":[8,2.75,8.25,3],"texture":"#0"},"south":{"uv":[7.75,6.75,8.25,7],"texture":"#0"},"west":{"uv":[8,3,8.25,3.25],"texture":"#0"},"up":{"uv":[0.5,8.25,0,8],"texture":"#0"},"down":{"uv":[2.5,8,2,8.25],"texture":"#0"}}},{"from":[-4,11.44891,-0.50225],"to":[-3,12.44891,0.49775],"rotation":{"angle":-22.5,"axis":"x","origin":[4,17.44891,5.49775]},"faces":{"north":{"uv":[8,0.25,8.25,0.5],"texture":"#0"},"east":{"uv":[8,1,8.25,1.25],"texture":"#0"},"south":{"uv":[8,1.25,8.25,1.5],"texture":"#0"},"west":{"uv":[8,1.5,8.25,1.75],"texture":"#0"},"up":{"uv":[8.25,2,8,1.75],"texture":"#0"},"down":{"uv":[8.25,2,8,2.25],"texture":"#0"}}},{"from":[-4.5,10.6806,7.66478],"to":[-3.5,12.6806,9.66478],"rotation":{"angle":45,"axis":"x","origin":[3.5,16.6806,3.66478]},"faces":{"north":{"uv":[7.75,1,8,1.5],"texture":"#0"},"east":{"uv":[7,1.75,7.5,2.25],"texture":"#0"},"south":{"uv":[7.75,1.5,8,2],"texture":"#0"},"west":{"uv":[7,4.75,7.5,5.25],"texture":"#0"},"up":{"uv":[8,4.75,7.75,4.25],"texture":"#0"},"down":{"uv":[8,4.75,7.75,5.25],"texture":"#0"}}},{"from":[-3,3.37868,6.77817],"to":[1,4.37868,7.77817],"rotation":{"angle":45,"axis":"x","origin":[8,8.37868,14.77817]},"faces":{"north":{"uv":[7.25,2.25,8.25,2.5],"texture":"#0"},"east":{"uv":[8,2.25,8.25,2.5],"texture":"#0"},"south":{"uv":[7.25,2.5,8,2.75],"texture":"#0"},"west":{"uv":[8,2.5,8.25,2.75],"texture":"#0"},"up":{"uv":[8.25,3,7.25,2.75],"texture":"#0"},"down":{"uv":[8,3,7.25,3.25],"texture":"#0"}}},{"from":[-3.525,7.5,4],"to":[1.525,10.525,7],"rotation":{"angle":0,"axis":"y","origin":[8.5,14.5,12]},"faces":{"north":{"uv":[5,4.25,6,5],"texture":"#0"},"east":{"uv":[4,6,4.75,6.75],"texture":"#0"},"south":{"uv":[0,9.25,1.25,10],"texture":"#0"},"west":{"uv":[6,6,6.75,6.75],"texture":"#0"},"up":{"uv":[7,12.75,5.75,12],"texture":"#0"},"down":{"uv":[6.75,1.5,5.75,2.25],"texture":"#0"}}},{"from":[-3.475,-0.20711,7.36396],"to":[1.475,2.79289,8.36396],"rotation":{"angle":45,"axis":"x","origin":[8.5,6.79289,13.36396]},"faces":{"north":{"uv":[1,6,2,6.75],"texture":"#0"},"east":{"uv":[2.75,7.25,3,8],"texture":"#0"},"south":{"uv":[2.75,11,4,11.75],"texture":"#0"},"west":{"uv":[7.25,0.5,7.5,1.25],"texture":"#0"},"up":{"uv":[8,5.75,7,5.5],"texture":"#0"},"down":{"uv":[8,5.75,7,6],"texture":"#0"}}},{"from":[-2.5,4.56,0.91],"to":[0.14,13.36,3.55],"rotation":{"angle":0,"axis":"y","origin":[6.3,16,7.95]},"faces":{"north":{"uv":[0,0,0.75,2.5],"texture":"#0"},"east":{"uv":[0.75,0.75,1.5,3.25],"texture":"#0"},"south":{"uv":[1.5,1.5,2.25,4],"texture":"#0"},"west":{"uv":[2.25,2.25,3,4.75],"texture":"#0"},"up":{"uv":[1.5,0.75,0.75,0],"texture":"#0"},"down":{"uv":[0.75,2.5,0,3.25],"texture":"#0"}}},{"from":[-1.219,5.31474,26.63051],"to":[-1.219,18.31474,27.63051],"rotation":{"angle":-22.5,"axis":"x","origin":[-2.969,-3.63526,15.88051]},"faces":{"north":{"uv":[0,0,0,5.25],"texture":"#0"},"east":{"uv":[9.75,0,10,5.25],"texture":"#0"},"south":{"uv":[0,0,0,5.25],"texture":"#0"},"west":{"uv":[9.75,0,9.75,3.25],"texture":"#0"},"up":{"uv":[0,0,0,0.25],"texture":"#0"},"down":{"uv":[0,0,0,0.25],"texture":"#0"}}},{"from":[-1.219,-0.31474,26.63051],"to":[-1.219,12.68526,27.63051],"rotation":{"angle":22.5,"axis":"x","origin":[-2.969,21.63526,15.88051]},"faces":{"north":{"uv":[0,5.25,0,0],"texture":"#0"},"east":{"uv":[9.75,5.25,10,0],"texture":"#0"},"south":{"uv":[0,5.25,0,0],"texture":"#0"},"west":{"uv":[9.75,3.25,9.75,0],"texture":"#0"},"up":{"uv":[0,0.25,0,0],"texture":"#0"},"down":{"uv":[0,0.25,0,0],"texture":"#0"}}},{"from":[-2.038,11.575,1.875],"to":[-0.322,16.855,3.635],"rotation":{"angle":22.5,"axis":"x","origin":[-1.18,14.215,2.755]},"faces":{"north":{"uv":[3,4.5,3.5,6],"texture":"#0"},"east":{"uv":[3.5,4.5,4,6],"texture":"#0"},"south":{"uv":[4.5,4.5,5,6],"texture":"#0"},"west":{"uv":[4.5,0,5,1.5],"texture":"#0"},"up":{"uv":[2,1.5,1.5,1],"texture":"#0"},"down":{"uv":[5,1.5,4.5,2],"texture":"#0"}}},{"from":[-2.038,1.145,1.875],"to":[-0.322,6.425,3.635],"rotation":{"angle":-22.5,"axis":"x","origin":[-1.18,3.785,2.755]},"faces":{"north":{"uv":[3,6,3.5,4.5],"texture":"#0"},"east":{"uv":[3.5,6,4,4.5],"texture":"#0"},"south":{"uv":[4.5,6,5,4.5],"texture":"#0"},"west":{"uv":[4.5,1.5,5,0],"texture":"#0"},"up":{"uv":[5,2,4.5,1.5],"texture":"#0"},"down":{"uv":[2,1,1.5,1.5],"texture":"#0"}}},{"from":[-2.013,16.9921,2.94678],"to":[-0.363,20.5121,4.70678],"rotation":{"angle":45,"axis":"x","origin":[-1.159,16.97766,2.94627]},"faces":{"north":{"uv":[6,3,6.5,4],"texture":"#0"},"east":{"uv":[6,4,6.5,5],"texture":"#0"},"south":{"uv":[6,5,6.5,6],"texture":"#0"},"west":{"uv":[0,6.25,0.5,7.25],"texture":"#0"},"up":{"uv":[5,4.5,4.5,4],"texture":"#0"},"down":{"uv":[7.25,0.75,6.75,1.25],"texture":"#0"}}},{"from":[-2.013,-2.5121,2.94678],"to":[-0.363,1.0079,4.70678],"rotation":{"angle":-45,"axis":"x","origin":[-1.159,1.02234,2.94627]},"faces":{"north":{"uv":[6,4,6.5,3],"texture":"#0"},"east":{"uv":[6,5,6.5,4],"texture":"#0"},"south":{"uv":[6,6,6.5,5],"texture":"#0"},"west":{"uv":[0,7.25,0.5,6.25],"texture":"#0"},"up":{"uv":[7.25,1.25,6.75,0.75],"texture":"#0"},"down":{"uv":[5,4,4.5,4.5],"texture":"#0"}}},{"from":[-1.988,16.97096,6.21962],"to":[-0.388,17.85096,9.73962],"rotation":{"angle":-22.5,"axis":"x","origin":[-1.159,16.97766,2.94627]},"faces":{"north":{"uv":[7.75,4.5,7.25,4.75],"rotation":180,"texture":"#0"},"east":{"uv":[3.75,1,4,2],"rotation":270,"texture":"#0"},"south":{"uv":[7.75,4.5,7.25,4.25],"texture":"#0"},"west":{"uv":[6.75,1.25,7,2.25],"rotation":90,"texture":"#0"},"up":{"uv":[2,6.25,2.5,7.25],"rotation":180,"texture":"#0"},"down":{"uv":[2.5,6.25,3,7.25],"texture":"#0"}}},{"from":[-1.988,0.14904,6.21962],"to":[-0.388,1.02904,9.73962],"rotation":{"angle":22.5,"axis":"x","origin":[-1.159,1.02234,2.94627]},"faces":{"north":{"uv":[7.75,4.75,7.25,4.5],"rotation":180,"texture":"#0"},"east":{"uv":[4,1,3.75,2],"rotation":270,"texture":"#0"},"south":{"uv":[7.75,4.25,7.25,4.5],"texture":"#0"},"west":{"uv":[7,1.25,6.75,2.25],"rotation":90,"texture":"#0"},"up":{"uv":[2.5,7.25,3,6.25],"texture":"#0"},"down":{"uv":[2,7.25,2.5,6.25],"rotation":180,"texture":"#0"}}},{"from":[-1.613,16.56975,6.21186],"to":[-0.733,18.32975,13.25186],"rotation":{"angle":-22.5,"axis":"x","origin":[-1.159,16.97766,2.94627]},"faces":{"north":{"uv":[6,2.25,5.75,2.75],"rotation":180,"texture":"#0"},"east":{"uv":[1,3.25,1.5,5.25],"rotation":270,"texture":"#0"},"south":{"uv":[2.25,1.5,2,1],"texture":"#0"},"west":{"uv":[1.5,4,2,6],"rotation":90,"texture":"#0"},"up":{"uv":[4.75,6,5,8],"rotation":180,"texture":"#0"},"down":{"uv":[0.5,6.25,0.75,8.25],"texture":"#0"}}},{"from":[-1.613,-0.32975,6.21186],"to":[-0.733,1.43025,13.25186],"rotation":{"angle":22.5,"axis":"x","origin":[-1.159,1.02234,2.94627]},"faces":{"north":{"uv":[6,2.75,5.75,2.25],"rotation":180,"texture":"#0"},"east":{"uv":[1.5,3.25,1,5.25],"rotation":270,"texture":"#0"},"south":{"uv":[2.25,1,2,1.5],"texture":"#0"},"west":{"uv":[2,4,1.5,6],"rotation":90,"texture":"#0"},"up":{"uv":[0.5,8.25,0.75,6.25],"texture":"#0"},"down":{"uv":[4.75,8,5,6],"rotation":180,"texture":"#0"}}},{"from":[-1.588,20.41061,11.94997],"to":[-0.752,22.17061,14.58997],"rotation":{"angle":0,"axis":"x","origin":[-1.159,16.97766,2.94627]},"faces":{"north":{"uv":[7.5,6,7.25,6.5],"rotation":180,"texture":"#0"},"east":{"uv":[1,5.25,1.5,6],"rotation":270,"texture":"#0"},"south":{"uv":[1,6.75,0.75,6.25],"texture":"#0"},"west":{"uv":[3.75,6.75,4.25,7.5],"rotation":90,"texture":"#0"},"up":{"uv":[2,4,2.25,4.75],"rotation":180,"texture":"#0"},"down":{"uv":[0,7.25,0.25,8],"texture":"#0"}}},{"from":[-1.588,-4.17061,11.94997],"to":[-0.752,-2.41061,14.58997],"rotation":{"angle":0,"axis":"x","origin":[-1.159,1.02234,2.94627]},"faces":{"north":{"uv":[7.5,6.5,7.25,6],"rotation":180,"texture":"#0"},"east":{"uv":[1.5,5.25,1,6],"rotation":270,"texture":"#0"},"south":{"uv":[1,6.25,0.75,6.75],"texture":"#0"},"west":{"uv":[4.25,6.75,3.75,7.5],"rotation":90,"texture":"#0"},"up":{"uv":[0,8,0.25,7.25],"texture":"#0"},"down":{"uv":[2,4.75,2.25,4],"rotation":180,"texture":"#0"}}},{"from":[-1.588,20.79061,14.58997],"to":[-0.752,21.67061,19.45431],"rotation":{"angle":0,"axis":"x","origin":[-1.159,16.97766,2.94627]},"faces":{"north":{"uv":[2.75,8,2.5,8.25],"rotation":180,"texture":"#0"},"east":{"uv":[3,6.75,3.25,8.25],"rotation":270,"texture":"#0"},"south":{"uv":[7,3,6.75,2.75],"texture":"#0"},"west":{"uv":[3.5,6.75,3.75,8.25],"rotation":90,"texture":"#0"},"up":{"uv":[1.75,6.75,2,8.25],"rotation":180,"texture":"#0"},"down":{"uv":[3.25,6.75,3.5,8.25],"texture":"#0"}}},{"from":[-1.588,-3.67061,14.58997],"to":[-0.752,-2.79061,19.45431],"rotation":{"angle":0,"axis":"x","origin":[-1.159,1.02234,2.94627]},"faces":{"north":{"uv":[2.75,8.25,2.5,8],"rotation":180,"texture":"#0"},"east":{"uv":[3.25,6.75,3,8.25],"rotation":270,"texture":"#0"},"south":{"uv":[7,2.75,6.75,3],"texture":"#0"},"west":{"uv":[3.75,6.75,3.5,8.25],"rotation":90,"texture":"#0"},"up":{"uv":[3.25,8.25,3.5,6.75],"texture":"#0"},"down":{"uv":[1.75,8.25,2,6.75],"rotation":180,"texture":"#0"}}},{"from":[-1.563,26.81772,15.85856],"to":[-0.821,28.73772,16.73856],"rotation":{"angle":22.5,"axis":"x","origin":[-1.159,16.97766,2.94627]},"faces":{"north":{"uv":[3.75,7.5,4,8],"texture":"#0"},"east":{"uv":[4,7.5,4.25,8],"texture":"#0"},"south":{"uv":[5,7.5,5.25,8],"texture":"#0"},"west":{"uv":[5.25,7.5,5.5,8],"texture":"#0"},"up":{"uv":[3,8.25,2.75,8],"texture":"#0"},"down":{"uv":[4,8,3.75,8.25],"texture":"#0"}}},{"from":[-1.563,-10.73772,15.85856],"to":[-0.821,-8.81772,16.73856],"rotation":{"angle":-22.5,"axis":"x","origin":[-1.159,1.02234,2.94627]},"faces":{"north":{"uv":[3.75,8,4,7.5],"texture":"#0"},"east":{"uv":[4,8,4.25,7.5],"texture":"#0"},"south":{"uv":[5,8,5.25,7.5],"texture":"#0"},"west":{"uv":[5.25,8,5.5,7.5],"texture":"#0"},"up":{"uv":[4,8.25,3.75,8],"texture":"#0"},"down":{"uv":[3,8,2.75,8.25],"texture":"#0"}}},{"from":[-3.675,9.25,-12.75],"to":[1.325,9.25,19.25],"rotation":{"angle":0,"axis":"y","origin":[-1.675,9.25,-6.5]},"faces":{"north":{"uv":[0,0,1.25,0],"texture":"#0"},"east":{"uv":[0,0,8,0],"texture":"#0"},"south":{"uv":[0,0,1.25,0],"texture":"#0"},"west":{"uv":[0,0,8,0],"texture":"#0"},"up":{"uv":[13,0.25,14.25,8],"texture":"#0"},"down":{"uv":[13,8,14.25,0.25],"texture":"#0"}}},{"from":[-3.675,9.25,19.25],"to":[1.325,9.25,24.25],"rotation":{"angle":0,"axis":"y","origin":[-1.675,9.25,-1.5]},"faces":{"north":{"uv":[0,0,1.25,0],"texture":"#0"},"east":{"uv":[0,0,1.25,0],"texture":"#0"},"south":{"uv":[0,0,1.25,0],"texture":"#0"},"west":{"uv":[0,0,1.25,0],"texture":"#0"},"up":{"uv":[10.5,7.75,11.75,9],"texture":"#0"},"down":{"uv":[10.5,9,11.75,7.75],"texture":"#0"}}},{"from":[-1.175,6.75,-12.75],"to":[-1.175,11.75,19.25],"rotation":{"angle":0,"axis":"z","origin":[-1.175,9.25,11.75]},"faces":{"north":{"uv":[0,0,1.25,0],"rotation":90,"texture":"#0"},"east":{"uv":[13,8,14.25,0.25],"rotation":270,"texture":"#0"},"south":{"uv":[0,0,1.25,0],"rotation":270,"texture":"#0"},"west":{"uv":[14.75,0,16,8],"rotation":270,"texture":"#0"},"up":{"uv":[0,0,8,0],"rotation":270,"texture":"#0"},"down":{"uv":[0,0,8,0],"rotation":270,"texture":"#0"}}},{"from":[-1.175,6.75,19.25],"to":[-1.175,11.75,24.25],"rotation":{"angle":0,"axis":"z","origin":[-1.175,9.25,11.75]},"faces":{"north":{"uv":[0,0,1.25,0],"rotation":90,"texture":"#0"},"east":{"uv":[10.5,1.25,11.75,0],"rotation":270,"texture":"#0"},"south":{"uv":[0,0,1.25,0],"rotation":270,"texture":"#0"},"west":{"uv":[10.5,0,11.75,1.25],"rotation":270,"texture":"#0"},"up":{"uv":[0,0,1.25,0],"rotation":270,"texture":"#0"},"down":{"uv":[0,0,1.25,0],"rotation":270,"texture":"#0"}}}],"gui_light":"front"}