{"textures":{"0":"modelengine:custom/goblin_king","particle":"modelengine:custom/goblin_king"},"elements":[{"from":[7.4663363,7.2753067,7.1392894],"to":[8.528836,10.675308,8.20179],"faces":{"east":{"uv":[1.25,2.5,1.3125,2.6875],"tintindex":0,"rotation":0,"texture":"#0"},"south":{"uv":[2.125,5.5,2.1875,5.6875],"tintindex":0,"rotation":0,"texture":"#0"},"north":{"uv":[0.8125,1.75,0.875,1.9375],"tintindex":0,"rotation":0,"texture":"#0"},"west":{"uv":[6.0625,5.0,6.125,5.1875],"tintindex":0,"rotation":0,"texture":"#0"},"up":{"uv":[2.75,2.125,2.6875,2.0625],"tintindex":0,"rotation":0,"texture":"#0"},"down":{"uv":[3.0,0.9375,2.9375,1.0],"tintindex":0,"rotation":0,"texture":"#0"}},"rotation":{"origin":[8.263211,6.8503075,7.936165],"angle":22.5,"axis":"y"}},{"from":[7.021344,6.2278137,7.1450906],"to":[9.146344,7.8215637,9.27009],"faces":{"east":{"uv":[6.0,1.4375,6.125,1.5625],"tintindex":0,"rotation":0,"texture":"#0"},"south":{"uv":[6.5,6.8125,6.625,6.9375],"tintindex":0,"rotation":0,"texture":"#0"},"north":{"uv":[6.0,0.3125,6.125,0.4375],"tintindex":0,"rotation":0,"texture":"#0"},"west":{"uv":[5.5,7.625,5.625,7.75],"tintindex":0,"rotation":0,"texture":"#0"},"up":{"uv":[5.75,7.75,5.625,7.625],"tintindex":0,"rotation":0,"texture":"#0"},"down":{"uv":[6.125,7.625,6.0,7.75],"tintindex":0,"rotation":0,"texture":"#0"}},"rotation":{"origin":[8.083844,6.8653145,8.20759],"angle":22.5,"axis":"y"}}],"display":{"gui":{"rotation":[30,225,0]}}}