{"textures":{"0":"modelengine:custom/mummy","particle":"modelengine:custom/mummy"},"elements":[{"from":[5.0,8.0,5.0],"to":[11.0,10.0,11.0],"faces":{"east":{"uv":[7.0,5.5,8.5,6.0],"tintindex":0,"rotation":0,"texture":"#0"},"south":{"uv":[7.0,6.0,8.5,6.5],"tintindex":0,"rotation":0,"texture":"#0"},"north":{"uv":[2.0,1.5,3.5,2.0],"tintindex":0,"rotation":0,"texture":"#0"},"west":{"uv":[7.0,6.5,8.5,7.0],"tintindex":0,"rotation":0,"texture":"#0"},"up":{"uv":[1.5,7.0,0.0,5.5],"tintindex":0,"rotation":0,"texture":"#0"},"down":{"uv":[5.5,5.5,4.0,7.0],"tintindex":0,"rotation":0,"texture":"#0"}}},{"from":[4.0,10.0,4.0],"to":[12.0,16.0,12.0],"faces":{"east":{"uv":[2.0,0.0,4.0,1.5],"tintindex":0,"rotation":0,"texture":"#0"},"south":{"uv":[2.0,3.5,4.0,5.0],"tintindex":0,"rotation":0,"texture":"#0"},"north":{"uv":[2.0,2.0,4.0,3.5],"tintindex":0,"rotation":0,"texture":"#0"},"west":{"uv":[0.0,4.0,2.0,5.5],"tintindex":0,"rotation":0,"texture":"#0"},"up":{"uv":[2.0,2.0,0.0,0.0],"tintindex":0,"rotation":0,"texture":"#0"},"down":{"uv":[2.0,2.0,0.0,4.0],"tintindex":0,"rotation":0,"texture":"#0"}}}],"display":{"gui":{"rotation":[30,225,0]}}}