{"file_name":"arm_right","texture_size":[128,128],"textures":{"layer0":"manamodels/apollo"},"elements":[{"name":"arm_right_0","from":[8.0911875,7.0071926,6.841754],"to":[10.556509,7.8987203,9.15056],"rotation":{"angle":0.0,"axis":"z","origin":[8.0,8.0,8.0]},"faces":{"east":{"uv":[8.125,1.0,8.625,1.125],"texture":"#layer0","tintindex":0},"south":{"uv":[8.125,1.125,8.625,1.25],"texture":"#layer0","tintindex":0},"north":{"uv":[6.5,8.125,7.0,8.25],"texture":"#layer0","tintindex":0},"west":{"uv":[8.125,2.5,8.625,2.625],"texture":"#layer0","tintindex":0},"up":{"uv":[7.375,3.25,6.875,2.75],"texture":"#layer0","tintindex":0},"down":{"uv":[6.875,3.25,7.375,3.75],"texture":"#layer0","tintindex":0}}},{"name":"arm_right_1","from":[8.0911875,7.0071926,6.9917545],"to":[9.95651,9.098721,9.000561],"rotation":{"angle":0.0,"axis":"z","origin":[8.0,8.0,8.0]},"faces":{"east":{"uv":[7.5,7.75,7.875,8.125],"texture":"#layer0","tintindex":0},"south":{"uv":[7.75,2.5,8.125,2.875],"texture":"#layer0","tintindex":0},"north":{"uv":[5.125,7.75,5.5,8.125],"texture":"#layer0","tintindex":0},"west":{"uv":[7.75,2.875,8.125,3.25],"texture":"#layer0","tintindex":0},"up":{"uv":[8.125,4.625,7.75,4.25],"texture":"#layer0","tintindex":0},"down":{"uv":[7.75,7.125,8.125,7.5],"texture":"#layer0","tintindex":0}}},{"name":"arm_right_2","from":[8.0911875,8.057192,6.9017544],"to":[10.25651,8.94872,9.09056],"rotation":{"angle":0.0,"axis":"z","origin":[8.0,8.0,8.0]},"faces":{"east":{"uv":[8.125,2.75,8.625,2.875],"texture":"#layer0","tintindex":0},"south":{"uv":[8.125,2.875,8.625,3.0],"texture":"#layer0","tintindex":0},"north":{"uv":[8.125,2.625,8.625,2.75],"texture":"#layer0","tintindex":0},"west":{"uv":[8.125,3.0,8.625,3.125],"texture":"#layer0","tintindex":0},"up":{"uv":[7.375,4.25,6.875,3.75],"texture":"#layer0","tintindex":0},"down":{"uv":[6.875,4.25,7.375,4.75],"texture":"#layer0","tintindex":0}}},{"name":"arm_right_3","from":[8.151188,4.607192,7.051754],"to":[9.896511,8.978721,8.94056],"rotation":{"angle":0.0,"axis":"z","origin":[8.0,8.0,8.0]},"faces":{"east":{"uv":[6.5,6.5,6.875,7.375],"texture":"#layer0","tintindex":0},"south":{"uv":[6.5,0.0,6.875,0.875],"texture":"#layer0","tintindex":0},"north":{"uv":[6.125,6.5,6.5,7.375],"texture":"#layer0","tintindex":0},"west":{"uv":[6.5,1.5,6.875,2.375],"texture":"#layer0","tintindex":0},"up":{"uv":[1.625,8.125,1.25,7.75],"texture":"#layer0","tintindex":0},"down":{"uv":[1.625,7.75,2.0,8.125],"texture":"#layer0","tintindex":0}}},{"name":"arm_right_4","from":[8.031187,2.5071921,6.931754],"to":[10.01651,4.59872,9.06056],"rotation":{"angle":0.0,"axis":"z","origin":[8.0,8.0,8.0]},"faces":{"east":{"uv":[7.375,1.75,7.875,2.125],"texture":"#layer0","tintindex":0},"south":{"uv":[0.875,7.75,1.25,8.125],"texture":"#layer0","tintindex":0},"north":{"uv":[7.125,7.625,7.5,8.0],"texture":"#layer0","tintindex":0},"west":{"uv":[7.375,2.125,7.875,2.5],"texture":"#layer0","tintindex":0},"up":{"uv":[7.75,3.0,7.375,2.5],"texture":"#layer0","tintindex":0},"down":{"uv":[7.375,3.0,7.75,3.5],"texture":"#layer0","tintindex":0}}}],"display":{"head":{"translation":[0.0,-6.4,0.0],"rotation":[0.0,0.0,0.0],"scale":[3.8095,3.8095,3.8095]},"gui":{"translation":[0.0,0.0,0.0],"rotation":[35.0,225.0,0.0],"scale":[0.625,0.625,0.625]}}}