{"display":{"thirdperson_righthand":{"translation":[0,-0.5,2],"scale":[0.5,0.5,0.5]},"thirdperson_lefthand":{"translation":[0,-0.5,2],"scale":[0.5,0.5,0.5]},"firstperson_righthand":{"translation":[1.63,1.45,1.13],"scale":[0.38,0.38,0.38]},"firstperson_lefthand":{"translation":[1.63,1.45,1.13],"scale":[0.38,0.38,0.38]},"ground":{"rotation":[26.62,-5.14,-27.98],"scale":[0.5,0.5,0.5]},"gui":{"rotation":[-90,43.75,90],"translation":[3,-3,0],"scale":[0.7,0.7,0.7]},"head":{"rotation":[99.94,45.1,-97.08],"translation":[-2.75,-18.75,4.5]},"fixed":{"rotation":[-90,50.75,90],"translation":[3.75,-4,-1],"scale":[0.8,0.8,0.8]}},"texture_size":[32,32],"textures":{"1":"impostor/impostor_dagger","particle":"impostor/impostor_dagger"},"elements":[{"from":[7,4,7],"to":[9,9,9],"rotation":{"angle":0,"axis":"y","origin":[8,0,0]},"faces":{"north":{"uv":[0,9,1,11.5],"texture":"#1"},"east":{"uv":[10,0,9,2.5],"texture":"#1"},"south":{"uv":[2,9,1,11.5],"texture":"#1"},"west":{"uv":[2,9,3,11.5],"texture":"#1"},"up":{"uv":[6,10,5,9],"texture":"#1"},"down":{"uv":[11,0.5,10,1.5],"texture":"#1"}}},{"from":[7.5,10,6],"to":[8.5,23,9],"rotation":{"angle":0,"axis":"y","origin":[8.5,0,0]},"faces":{"north":{"uv":[7.5,6,8,12.5],"texture":"#1"},"east":{"uv":[6,0,7.5,6.5],"texture":"#1"},"south":{"uv":[8,6,8.5,12.5],"texture":"#1"},"west":{"uv":[6,6.5,7.5,13],"texture":"#1"},"up":{"uv":[3.5,11.5,3,10],"texture":"#1"},"down":{"uv":[4,10,3.5,11.5],"texture":"#1"}}},{"from":[8,10,5],"to":[8,28,11],"rotation":{"angle":0,"axis":"y","origin":[8.5,0,0]},"faces":{"north":{"uv":[0,0,0,9],"texture":"#1"},"east":{"uv":[0,0,3,9],"texture":"#1"},"south":{"uv":[0,0,0,9],"texture":"#1"},"west":{"uv":[3,0,6,9],"texture":"#1"},"up":{"uv":[0,3,0,0],"texture":"#1"},"down":{"uv":[0,0,0,3],"texture":"#1"}}},{"from":[6.5,2,6],"to":[9.5,4,10],"rotation":{"angle":0,"axis":"y","origin":[8.5,0,0]},"faces":{"north":{"uv":[9,3.5,10.5,4.5],"texture":"#1"},"east":{"uv":[9,2.5,11,3.5],"texture":"#1"},"south":{"uv":[9,4.5,10.5,5.5],"texture":"#1"},"west":{"uv":[3,9,5,10],"texture":"#1"},"up":{"uv":[10,8,8.5,6],"texture":"#1"},"down":{"uv":[10,8,8.5,10],"texture":"#1"}}},{"from":[6.5,9,5],"to":[9.5,10,11],"rotation":{"angle":0,"axis":"y","origin":[8.5,0,0]},"faces":{"north":{"uv":[10,1.5,11.5,2],"texture":"#1"},"east":{"uv":[9,5.5,12,6],"texture":"#1"},"south":{"uv":[10,2,11.5,2.5],"texture":"#1"},"west":{"uv":[10,0,13,0.5],"texture":"#1"},"up":{"uv":[9,3,7.5,0],"texture":"#1"},"down":{"uv":[9,3,7.5,6],"texture":"#1"}}}]}