{"file_name":"upperleg3","texture_size":[64,64],"textures":{"layer0":"manamodels/kryknapet"},"elements":[{"name":"upperleg3_0","from":[8.0,7.6832,7.6832],"to":[10.534401,8.3168,8.3168],"rotation":{"angle":0.0,"axis":"z","origin":[8.0,8.0,8.0]},"faces":{"east":{"uv":[2.5,12.0,2.0,12.5],"texture":"#layer0","tintindex":0},"south":{"uv":[13.0,6.0,11.0,6.5],"texture":"#layer0","tintindex":0},"north":{"uv":[13.0,6.5,11.0,7.0],"texture":"#layer0","tintindex":0},"west":{"uv":[3.0,12.0,2.5,12.5],"texture":"#layer0","tintindex":0},"up":{"uv":[2.0,11.5,0.0,12.0],"texture":"#layer0","tintindex":0},"down":{"uv":[2.0,12.0,4.0,11.5],"texture":"#layer0","tintindex":0}}}],"display":{"head":{"translation":[0.0,-6.4,0.0],"rotation":[0.0,0.0,0.0],"scale":[3.8095,3.8095,3.8095]},"gui":{"translation":[0.0,0.0,0.0],"rotation":[35.0,225.0,0.0],"scale":[0.625,0.625,0.625]}}}