{"file_name":"foot","texture_size":[256,256],"textures":{"layer0":"manamodels/knight"},"elements":[{"name":"foot_0","from":[6.8,6.8,6.2],"to":[9.2,8.0,9.8],"rotation":{"angle":0.0,"axis":"z","origin":[8.0,8.0,8.0]},"faces":{"east":{"uv":[7.1875,2.3125,7.5625,2.4375],"texture":"#layer0","tintindex":0},"south":{"uv":[7.3125,0.8125,7.5625,0.9375],"texture":"#layer0","tintindex":0},"north":{"uv":[7.25,2.125,7.5,2.25],"texture":"#layer0","tintindex":0},"west":{"uv":[7.1875,2.5,7.5625,2.625],"texture":"#layer0","tintindex":0},"up":{"uv":[0.25,6.875,0.0,6.5],"texture":"#layer0","tintindex":0},"down":{"uv":[0.3125,6.5,0.5625,6.875],"texture":"#layer0","tintindex":0}}},{"name":"foot_1","from":[8.0,6.8,5.8999996],"to":[8.0,8.6,7.7],"rotation":{"angle":0.0,"axis":"z","origin":[8.0,8.0,8.0]},"faces":{"east":{"uv":[0.75,7.25,0.9375,7.4375],"texture":"#layer0","tintindex":0},"south":{"uv":[7.0625,7.5,7.0625,7.6875],"texture":"#layer0","tintindex":0},"north":{"uv":[7.0,7.5,7.0,7.6875],"texture":"#layer0","tintindex":0},"west":{"uv":[1.0,7.25,1.1875,7.4375],"texture":"#layer0","tintindex":0},"up":{"uv":[7.125,7.6875,7.125,7.5],"texture":"#layer0","tintindex":0},"down":{"uv":[7.1875,7.5,7.1875,7.6875],"texture":"#layer0","tintindex":0}}},{"name":"foot_2","from":[7.4,6.8,4.3999996],"to":[8.6,8.0,6.2],"rotation":{"angle":0.0,"axis":"z","origin":[8.0,8.0,8.0]},"faces":{"east":{"uv":[3.25,6.25,3.4375,6.375],"texture":"#layer0","tintindex":0},"south":{"uv":[7.5,0.5625,7.625,0.6875],"texture":"#layer0","tintindex":0},"north":{"uv":[6.25,6.6875,6.375,6.8125],"texture":"#layer0","tintindex":0},"west":{"uv":[1.5,7.375,1.6875,7.5],"texture":"#layer0","tintindex":0},"up":{"uv":[5.625,2.125,5.5,1.9375],"texture":"#layer0","tintindex":0},"down":{"uv":[5.9375,1.6875,6.0625,1.875],"texture":"#layer0","tintindex":0}}},{"name":"foot_3","from":[7.7,6.8,3.7999997],"to":[8.3,7.4,4.3999996],"rotation":{"angle":0.0,"axis":"z","origin":[8.0,8.0,8.0]},"faces":{"east":{"uv":[6.8125,0.8125,6.875,0.875],"texture":"#layer0","tintindex":0},"south":{"uv":[6.5625,6.875,6.625,6.9375],"texture":"#layer0","tintindex":0},"north":{"uv":[5.8125,0.9375,5.875,1.0],"texture":"#layer0","tintindex":0},"west":{"uv":[3.0625,7.3125,3.125,7.375],"texture":"#layer0","tintindex":0},"up":{"uv":[7.375,5.8125,7.3125,5.75],"texture":"#layer0","tintindex":0},"down":{"uv":[6.125,7.3125,6.1875,7.375],"texture":"#layer0","tintindex":0}}}],"display":{"head":{"translation":[0.0,-6.4,0.0],"rotation":[0.0,0.0,0.0],"scale":[3.8095,3.8095,3.8095]},"gui":{"translation":[0.0,0.0,0.0],"rotation":[35.0,225.0,0.0],"scale":[0.625,0.625,0.625]}}}