{"file_name":"torso","texture_size":[256,256],"textures":{"layer0":"manamodels/knight"},"elements":[{"name":"torso_0","from":[7.866746,1.9999998,2.5136838],"to":[13.866746,4.3999996,6.1136837],"rotation":{"angle":0.0,"axis":"z","origin":[8.0,8.0,8.0]},"faces":{"east":{"uv":[4.375,6.4375,4.75,6.6875],"texture":"#layer0","tintindex":0},"south":{"uv":[0.6875,5.125,1.3125,5.375],"texture":"#layer0","tintindex":0},"north":{"uv":[0.0,5.125,0.625,5.375],"texture":"#layer0","tintindex":0},"west":{"uv":[6.4375,4.375,6.8125,4.625],"texture":"#layer0","tintindex":0},"up":{"uv":[4.5,2.8125,3.875,2.4375],"texture":"#layer0","tintindex":0},"down":{"uv":[3.875,2.875,4.5,3.25],"texture":"#layer0","tintindex":0}}},{"name":"torso_1","from":[6.666746,4.3999996,2.5136838],"to":[15.066747,8.0,6.713684],"rotation":{"angle":0.0,"axis":"z","origin":[8.0,8.0,8.0]},"faces":{"east":{"uv":[5.0625,0.625,5.5,1.0],"texture":"#layer0","tintindex":0},"south":{"uv":[2.375,1.625,3.25,2.0],"texture":"#layer0","tintindex":0},"north":{"uv":[2.375,1.1875,3.25,1.5625],"texture":"#layer0","tintindex":0},"west":{"uv":[5.0625,3.875,5.5,4.25],"texture":"#layer0","tintindex":0},"up":{"uv":[3.25,0.625,2.375,0.1875],"texture":"#layer0","tintindex":0},"down":{"uv":[2.375,0.6875,3.25,1.125],"texture":"#layer0","tintindex":0}}},{"name":"torso_2","from":[7.2367454,-1.0000005,2.5136838],"to":[14.496746,1.9999998,6.1136837],"rotation":{"angle":0.0,"axis":"z","origin":[8.0,8.0,8.0]},"faces":{"east":{"uv":[6.0625,5.5625,6.4375,5.875],"texture":"#layer0","tintindex":0},"south":{"uv":[3.875,3.6875,4.625,4.0],"texture":"#layer0","tintindex":0},"north":{"uv":[3.875,3.3125,4.625,3.625],"texture":"#layer0","tintindex":0},"west":{"uv":[5.625,6.0625,6.0,6.375],"texture":"#layer0","tintindex":0},"up":{"uv":[3.25,2.8125,2.5,2.4375],"texture":"#layer0","tintindex":0},"down":{"uv":[2.5,2.875,3.25,3.25],"texture":"#layer0","tintindex":0}}},{"name":"torso_3","from":[9.593954,5.6,3.8720598],"to":[13.1939535,8.6,7.47206],"rotation":{"angle":45.0,"axis":"y","origin":[9.593954,8.6,5.67206]},"faces":{"east":{"uv":[2.0,6.0,2.375,6.3125],"texture":"#layer0","tintindex":0},"south":{"uv":[3.5,6.0625,3.875,6.375],"texture":"#layer0","tintindex":0},"north":{"uv":[0.875,5.875,1.25,6.1875],"texture":"#layer0","tintindex":0},"west":{"uv":[5.1875,6.0625,5.5625,6.375],"texture":"#layer0","tintindex":0},"up":{"uv":[5.875,1.4375,5.5,1.0625],"texture":"#layer0","tintindex":0},"down":{"uv":[5.5,1.5,5.875,1.875],"texture":"#layer0","tintindex":0}}},{"name":"torso_4","from":[10.133492,1.3999997,2.6599998],"to":[13.133492,6.2,4.46],"rotation":{"angle":-22.5,"axis":"y","origin":[13.733493,8.0,3.8600001]},"faces":{"east":{"uv":[1.875,4.4375,2.0625,4.9375],"texture":"#layer0","tintindex":0},"south":{"uv":[1.375,5.125,1.6875,5.625],"texture":"#layer0","tintindex":0},"north":{"uv":[5.125,1.0625,5.4375,1.5625],"texture":"#layer0","tintindex":0},"west":{"uv":[2.9375,5.6875,3.125,6.1875],"texture":"#layer0","tintindex":0},"up":{"uv":[5.8125,7.1875,5.5,7.0],"texture":"#layer0","tintindex":0},"down":{"uv":[6.5625,7.0,6.875,7.1875],"texture":"#layer0","tintindex":0}}},{"name":"torso_5","from":[8.6,1.3999997,2.6599998],"to":[11.6,6.2,4.46],"rotation":{"angle":22.5,"axis":"y","origin":[8.0,8.0,3.8600001]},"faces":{"east":{"uv":[5.6875,6.4375,5.875,6.9375],"texture":"#layer0","tintindex":0},"south":{"uv":[1.75,5.125,2.0625,5.625],"texture":"#layer0","tintindex":0},"north":{"uv":[5.125,1.625,5.4375,2.125],"texture":"#layer0","tintindex":0},"west":{"uv":[6.4375,6.3125,6.625,6.8125],"texture":"#layer0","tintindex":0},"up":{"uv":[7.3125,6.75,7.0,6.5625],"texture":"#layer0","tintindex":0},"down":{"uv":[7.0,6.8125,7.3125,7.0],"texture":"#layer0","tintindex":0}}},{"name":"torso_6","from":[11.539112,8.0,3.0404658],"to":[14.539112,10.4,6.040466],"rotation":{"angle":-45.0,"axis":"y","origin":[12.139112,-16.600002,1.840466]},"faces":{"east":{"uv":[6.5,5.9375,6.8125,6.1875],"texture":"#layer0","tintindex":0},"south":{"uv":[6.5625,1.6875,6.875,1.9375],"texture":"#layer0","tintindex":0},"north":{"uv":[6.5,5.625,6.8125,5.875],"texture":"#layer0","tintindex":0},"west":{"uv":[0.9375,6.625,1.25,6.875],"texture":"#layer0","tintindex":0},"up":{"uv":[1.25,6.5625,0.9375,6.25],"texture":"#layer0","tintindex":0},"down":{"uv":[2.875,6.25,3.1875,6.5625],"texture":"#layer0","tintindex":0}}},{"name":"torso_7","from":[14.466746,6.2,4.913684],"to":[16.866747,9.2,7.913684],"rotation":{"angle":-45.0,"axis":"x","origin":[16.266747,5.0,6.1136837]},"faces":{"east":{"uv":[3.625,6.4375,3.9375,6.75],"texture":"#layer0","tintindex":0},"south":{"uv":[2.8125,6.625,3.0625,6.9375],"texture":"#layer0","tintindex":0},"north":{"uv":[6.625,2.0,6.875,2.3125],"texture":"#layer0","tintindex":0},"west":{"uv":[6.4375,3.625,6.75,3.9375],"texture":"#layer0","tintindex":0},"up":{"uv":[6.1875,7.0,5.9375,6.6875],"texture":"#layer0","tintindex":0},"down":{"uv":[6.6875,6.25,6.9375,6.5625],"texture":"#layer0","tintindex":0}}},{"name":"torso_8","from":[4.866746,6.2,4.913684],"to":[7.266746,9.2,7.913684],"rotation":{"angle":-45.0,"axis":"x","origin":[5.4667463,5.0,6.1136837]},"faces":{"east":{"uv":[4.0,6.4375,4.3125,6.75],"texture":"#layer0","tintindex":0},"south":{"uv":[2.0,6.75,2.25,7.0625],"texture":"#layer0","tintindex":0},"north":{"uv":[6.6875,6.625,6.9375,6.9375],"texture":"#layer0","tintindex":0},"west":{"uv":[6.4375,4.0,6.75,4.3125],"texture":"#layer0","tintindex":0},"up":{"uv":[4.625,7.0625,4.375,6.75],"texture":"#layer0","tintindex":0},"down":{"uv":[4.6875,6.75,4.9375,7.0625],"texture":"#layer0","tintindex":0}}}],"display":{"head":{"translation":[0.0,-6.4,0.0],"rotation":[0.0,0.0,0.0],"scale":[3.8095,3.8095,3.8095]},"gui":{"translation":[0.0,0.0,0.0],"rotation":[35.0,225.0,0.0],"scale":[0.625,0.625,0.625]}}}