{"textures":{"0":"modelengine:custom/slayer_minion","particle":"modelengine:custom/slayer_minion"},"elements":[{"from":[2.5,5.25,6.5],"to":[7.5,8.25,9.5],"faces":{"east":{"uv":[8.875,7.5,9.25,7.875],"tintindex":0,"rotation":0,"texture":"#0"},"south":{"uv":[10.25,7.5,10.875,7.875],"tintindex":0,"rotation":0,"texture":"#0"},"north":{"uv":[9.25,7.5,9.875,7.875],"tintindex":0,"rotation":0,"texture":"#0"},"west":{"uv":[9.875,7.5,10.25,7.875],"tintindex":0,"rotation":0,"texture":"#0"},"up":{"uv":[9.875,7.5,9.25,7.125],"tintindex":0,"rotation":0,"texture":"#0"},"down":{"uv":[10.5,7.125,9.875,7.5],"tintindex":0,"rotation":0,"texture":"#0"}},"rotation":{"origin":[6.0,6.75,8.0],"angle":22.5,"axis":"z"}},{"from":[6.5,5.25,6.5],"to":[11.5,8.25,9.5],"faces":{"east":{"uv":[5.125,9.625,5.5,10.0],"tintindex":0,"rotation":0,"texture":"#0"},"south":{"uv":[6.5,9.625,7.125,10.0],"tintindex":0,"rotation":0,"texture":"#0"},"north":{"uv":[5.5,9.625,6.125,10.0],"tintindex":0,"rotation":0,"texture":"#0"},"west":{"uv":[6.125,9.625,6.5,10.0],"tintindex":0,"rotation":0,"texture":"#0"},"up":{"uv":[6.125,9.625,5.5,9.25],"tintindex":0,"rotation":0,"texture":"#0"},"down":{"uv":[6.75,9.25,6.125,9.625],"tintindex":0,"rotation":0,"texture":"#0"}},"rotation":{"origin":[8.0,6.75,8.0],"angle":-22.5,"axis":"z"}}],"display":{"gui":{"rotation":[30,225,0]}}}