{"textures":{"0":"modelengine:custom/goomba_pet","particle":"modelengine:custom/goomba_pet"},"elements":[{"from":[12.5,14.125,5.625],"to":[6.5,10.125,5.625],"faces":{"south":{"uv":[16.0,12.5,13.0,10.5],"tintindex":0,"rotation":0,"texture":"#0"},"north":{"uv":[9.0,16.0,6.0,14.0],"tintindex":0,"rotation":0,"texture":"#0"}}},{"from":[4.0,6.125,5.875],"to":[12.0,10.125,10.875],"faces":{"east":{"uv":[3.0,6.5,5.5,8.5],"tintindex":0,"rotation":0,"texture":"#0"},"south":{"uv":[4.0,2.0,8.0,4.0],"tintindex":0,"rotation":0,"texture":"#0"},"north":{"uv":[4.0,0.0,8.0,2.0],"tintindex":0,"rotation":0,"texture":"#0"},"west":{"uv":[5.5,6.5,8.0,8.5],"tintindex":0,"rotation":0,"texture":"#0"},"up":{"uv":[4.0,2.5,0.0,0.0],"tintindex":0,"rotation":0,"texture":"#0"},"down":{"uv":[4.0,2.5,0.0,5.0],"tintindex":0,"rotation":0,"texture":"#0"}}},{"from":[5.0,10.125,5.875],"to":[11.0,13.125,10.875],"faces":{"east":{"uv":[8.0,5.5,10.5,7.0],"tintindex":0,"rotation":0,"texture":"#0"},"south":{"uv":[0.0,7.5,3.0,9.0],"tintindex":0,"rotation":0,"texture":"#0"},"north":{"uv":[7.0,4.0,10.0,5.5],"tintindex":0,"rotation":0,"texture":"#0"},"west":{"uv":[8.0,7.0,10.5,8.5],"tintindex":0,"rotation":0,"texture":"#0"},"up":{"uv":[7.0,6.5,4.0,4.0],"tintindex":0,"rotation":0,"texture":"#0"},"down":{"uv":[3.0,5.0,0.0,7.5],"tintindex":0,"rotation":0,"texture":"#0"}}},{"from":[9.5,14.125,5.625],"to":[3.5,10.125,5.625],"faces":{"south":{"uv":[13.0,12.5,16.0,10.5],"tintindex":0,"rotation":0,"texture":"#0"},"north":{"uv":[6.0,16.0,9.0,14.0],"tintindex":0,"rotation":0,"texture":"#0"}}},{"from":[3.5,10.125,5.625],"to":[9.5,14.125,5.625],"faces":{"south":{"uv":[6.0,14.0,9.0,16.0],"tintindex":0,"rotation":0,"texture":"#0"},"north":{"uv":[13.0,10.5,16.0,12.5],"tintindex":0,"rotation":0,"texture":"#0"}}},{"from":[6.5,10.125,5.625],"to":[12.5,14.125,5.625],"faces":{"south":{"uv":[9.0,14.0,6.0,16.0],"tintindex":0,"rotation":0,"texture":"#0"},"north":{"uv":[16.0,10.5,13.0,12.5],"tintindex":0,"rotation":0,"texture":"#0"}}}],"display":{"gui":{"rotation":[30,225,0]}}}