{"textures":{"0":"modelengine:custom/kraken","particle":"modelengine:custom/kraken"},"elements":[{"from":[4.6666665,-2.666667,3.7999997],"to":[11.333334,2.6666665,10.466667],"faces":{"east":{"uv":[11.0,4.5,11.625,5.0],"tintindex":0,"rotation":0,"texture":"#0"},"south":{"uv":[11.0,5.0,11.625,5.5],"tintindex":0,"rotation":0,"texture":"#0"},"north":{"uv":[11.0,4.0,11.625,4.5],"tintindex":0,"rotation":0,"texture":"#0"},"west":{"uv":[11.0,5.5,11.625,6.0],"tintindex":0,"rotation":0,"texture":"#0"},"up":{"uv":[8.25,9.8125,7.625,9.1875],"tintindex":0,"rotation":0,"texture":"#0"},"down":{"uv":[8.875,9.1875,8.25,9.8125],"tintindex":0,"rotation":0,"texture":"#0"}}},{"from":[4.6666665,-14.123135,5.4518065],"to":[11.333334,-8.789801,12.118473],"faces":{"east":{"uv":[10.875,0.0,11.5,0.5],"tintindex":0,"rotation":0,"texture":"#0"},"south":{"uv":[10.875,0.5,11.5,1.0],"tintindex":0,"rotation":0,"texture":"#0"},"north":{"uv":[10.6875,10.8125,11.3125,11.3125],"tintindex":0,"rotation":0,"texture":"#0"},"west":{"uv":[3.125,10.875,3.75,11.375],"tintindex":0,"rotation":0,"texture":"#0"},"up":{"uv":[9.75,7.1875,9.125,6.5625],"tintindex":0,"rotation":0,"texture":"#0"},"down":{"uv":[7.625,9.125,7.0,9.75],"tintindex":0,"rotation":0,"texture":"#0"}},"rotation":{"origin":[8.0,1.8768663,10.118473],"angle":22.5,"axis":"x"}},{"from":[4.6666665,2.6666665,3.7999997],"to":[11.333334,8.0,10.466667],"faces":{"east":{"uv":[8.8125,10.8125,9.4375,11.3125],"tintindex":0,"rotation":0,"texture":"#0"},"south":{"uv":[9.4375,10.8125,10.0625,11.3125],"tintindex":0,"rotation":0,"texture":"#0"},"north":{"uv":[8.1875,10.8125,8.8125,11.3125],"tintindex":0,"rotation":0,"texture":"#0"},"west":{"uv":[10.0625,10.8125,10.6875,11.3125],"tintindex":0,"rotation":0,"texture":"#0"},"up":{"uv":[9.75,6.5625,9.125,5.9375],"tintindex":0,"rotation":0,"texture":"#0"},"down":{"uv":[7.0,9.125,6.375,9.75],"tintindex":0,"rotation":0,"texture":"#0"}}},{"from":[4.6666665,-9.195774,7.4927835],"to":[11.333334,-3.86244,14.159451],"faces":{"east":{"uv":[11.0,1.0,11.625,1.5],"tintindex":0,"rotation":0,"texture":"#0"},"south":{"uv":[11.0,1.5,11.625,2.0],"tintindex":0,"rotation":0,"texture":"#0"},"north":{"uv":[10.9375,6.0,11.5625,6.5],"tintindex":0,"rotation":0,"texture":"#0"},"west":{"uv":[11.0,2.0,11.625,2.5],"tintindex":0,"rotation":0,"texture":"#0"},"up":{"uv":[3.875,9.8125,3.25,9.1875],"tintindex":0,"rotation":0,"texture":"#0"},"down":{"uv":[4.5,9.1875,3.875,9.8125],"tintindex":0,"rotation":0,"texture":"#0"}},"rotation":{"origin":[8.0,6.804227,12.159451],"angle":22.5,"axis":"x"}}],"display":{"gui":{"rotation":[30,225,0]}}}