{"credit":"Copyright ManaLabs Inc","texture_size":[64,64],"textures":{"0":"manalabs:crates/pokemon21_crate/eevee_hat","particle":"manalabs:crates/pokemon21_crate/eevee_hat"},"elements":[{"from":[3,13,3],"to":[13,16,13],"rotation":{"angle":0,"axis":"x","origin":[8,15.5,8]},"faces":{"north":{"uv":[2.5,2.5,5,3.25],"texture":"#0"},"east":{"uv":[0,2.5,2.5,3.25],"texture":"#0"},"south":{"uv":[7.5,2.5,10,3.25],"texture":"#0"},"west":{"uv":[5,2.5,7.5,3.25],"texture":"#0"},"up":{"uv":[5,2.5,2.5,0],"texture":"#0"},"down":{"uv":[7.5,0,5,2.5],"texture":"#0"}}},{"from":[3.99,15.99,3.99],"to":[12.01,20.01,12.01],"rotation":{"angle":0,"axis":"x","origin":[8,15.5,8]},"faces":{"north":{"uv":[2,5.25,4,6.25],"texture":"#0"},"east":{"uv":[0,5.25,2,6.25],"texture":"#0"},"south":{"uv":[6,5.25,8,6.25],"texture":"#0"},"west":{"uv":[4,5.25,6,6.25],"texture":"#0"},"up":{"uv":[4,5.25,2,3.25],"texture":"#0"},"down":{"uv":[6,3.25,4,5.25],"texture":"#0"}}},{"from":[4,16.5,5.75],"to":[12,22.5,5.75],"rotation":{"angle":0,"axis":"x","origin":[8,15.5,8]},"faces":{"north":{"uv":[6,3.25,8,4.75],"texture":"#0"},"east":{"uv":[6,3.25,6,4.75],"texture":"#0"},"south":{"uv":[8,3.25,6,4.75],"texture":"#0"},"west":{"uv":[8,3.25,8,4.75],"texture":"#0"},"up":{"uv":[8,3.25,6,3.25],"texture":"#0"},"down":{"uv":[10,3.25,8,3.25],"texture":"#0"}}},{"from":[4,16.5,8.75],"to":[12,22.5,8.75],"rotation":{"angle":0,"axis":"x","origin":[8,15.5,8]},"faces":{"north":{"uv":[6,3.25,8,4.75],"texture":"#0"},"east":{"uv":[6,3.25,6,4.75],"texture":"#0"},"south":{"uv":[8,3.25,6,4.75],"texture":"#0"},"west":{"uv":[8,3.25,8,4.75],"texture":"#0"},"up":{"uv":[8,3.25,6,3.25],"texture":"#0"},"down":{"uv":[10,3.25,8,3.25],"texture":"#0"}}},{"from":[1,16,7],"to":[4,23,8],"rotation":{"angle":45,"axis":"z","origin":[2.5,19.5,7.5]},"faces":{"north":{"uv":[2.75,6.5,3.5,8.25],"texture":"#0"},"east":{"uv":[2.5,6.5,2.75,8.25],"texture":"#0"},"south":{"uv":[3.75,6.5,4.5,8.25],"texture":"#0"},"west":{"uv":[3.5,6.5,3.75,8.25],"texture":"#0"},"up":{"uv":[3.5,6.5,2.75,6.25],"texture":"#0"},"down":{"uv":[4.25,6.25,3.5,6.5],"texture":"#0"}}},{"from":[0,16,7.5],"to":[5,26,7.5],"rotation":{"angle":45,"axis":"z","origin":[2.5,19.5,7.5]},"faces":{"north":{"uv":[0,6.25,1.25,8.75],"texture":"#0"},"east":{"uv":[0,6.25,0,8.75],"texture":"#0"},"south":{"uv":[1.25,6.25,0,8.75],"texture":"#0"},"west":{"uv":[1.25,6.25,1.25,8.75],"texture":"#0"},"up":{"uv":[1.25,6.25,0,6.25],"texture":"#0"},"down":{"uv":[2.5,6.25,1.25,6.25],"texture":"#0"}}},{"from":[11,16,7.5],"to":[16,26,7.5],"rotation":{"angle":-45,"axis":"z","origin":[13.5,19.5,7.5]},"faces":{"north":{"uv":[0,0,1.25,2.5],"texture":"#0"},"east":{"uv":[0,0,0,2.5],"texture":"#0"},"south":{"uv":[0,0,1.25,2.5],"texture":"#0"},"west":{"uv":[1.25,0,1.25,2.5],"texture":"#0"},"up":{"uv":[1.25,0,0,0],"texture":"#0"},"down":{"uv":[2.5,0,1.25,0],"texture":"#0"}}},{"from":[12,16,7],"to":[15,23,8],"rotation":{"angle":-45,"axis":"z","origin":[13.5,19.5,7.5]},"faces":{"north":{"uv":[0.25,3.5,1,5.25],"texture":"#0"},"east":{"uv":[0,3.5,0.25,5.25],"texture":"#0"},"south":{"uv":[1.25,3.5,2,5.25],"texture":"#0"},"west":{"uv":[1,3.5,1.25,5.25],"texture":"#0"},"up":{"uv":[1,3.5,0.25,3.25],"texture":"#0"},"down":{"uv":[1.75,3.25,1,3.5],"texture":"#0"}}}],"gui_light":"front","display":{"thirdperson_righthand":{"translation":[0,-6.75,0]},"thirdperson_lefthand":{"translation":[0,-6.75,0]},"firstperson_righthand":{"rotation":[0,134,0],"translation":[0.75,-1.75,0],"scale":[0.7,0.7,0.7]},"firstperson_lefthand":{"rotation":[0,134,0],"translation":[0.75,-1.75,0],"scale":[0.7,0.7,0.7]},"ground":{"translation":[0,-7.25,0]},"gui":{"rotation":[0,-156,0],"translation":[0,-10.5,0]},"head":{"rotation":[3,0,5],"translation":[0.75,-5.25,-0.5],"scale":[1.7,1.7,1.7]},"fixed":{"translation":[0,-9.75,0]}}}