{"credit":"Copyright ManaLabs Inc","texture_size":[32,32],"textures":{"0":"manalabs:crates/pokemon21_crate/excadrill_pickaxe","particle":"manalabs:crates/pokemon21_crate/excadrill_pickaxe"},"elements":[{"from":[7.5,1,7.5],"to":[8.5,10,8.5],"rotation":{"angle":0,"axis":"y","origin":[8,0.5,8]},"faces":{"north":{"uv":[6,6,6.5,10.5],"texture":"#0"},"east":{"uv":[5.5,6,6,10.5],"texture":"#0"},"south":{"uv":[7,6,7.5,10.5],"texture":"#0"},"west":{"uv":[6.5,6,7,10.5],"texture":"#0"},"up":{"uv":[6.5,6,6,5.5],"texture":"#0"},"down":{"uv":[7,5.5,6.5,6],"texture":"#0"}}},{"from":[6.99,9.07135,4.37164],"to":[9.01,10.09135,6.39164],"rotation":{"angle":-22.5,"axis":"x","origin":[8,9.58135,3.88164]},"faces":{"north":{"uv":[8.5,6.5,9.5,7],"texture":"#0"},"east":{"uv":[7.5,6.5,8.5,7],"texture":"#0"},"south":{"uv":[10.5,6.5,11.5,7],"texture":"#0"},"west":{"uv":[9.5,6.5,10.5,7],"texture":"#0"},"up":{"uv":[9.5,6.5,8.5,5.5],"texture":"#0"},"down":{"uv":[10.5,5.5,9.5,6.5],"texture":"#0"}}},{"from":[7,9.0188,2.63918],"to":[9,10.0188,4.63918],"rotation":{"angle":-45,"axis":"x","origin":[8,9.5188,4.13918]},"faces":{"north":{"uv":[11,2,12,2.5],"texture":"#0"},"east":{"uv":[10,2,11,2.5],"texture":"#0"},"south":{"uv":[13,2,14,2.5],"texture":"#0"},"west":{"uv":[12,2,13,2.5],"texture":"#0"},"up":{"uv":[12,2,11,1],"texture":"#0"},"down":{"uv":[13,1,12,2],"texture":"#0"}}},{"from":[7,9.0188,11.36082],"to":[9,10.0188,13.36082],"rotation":{"angle":45,"axis":"x","origin":[8,9.5188,11.86082]},"faces":{"north":{"uv":[14,2,13,2.5],"texture":"#0"},"east":{"uv":[11,2,10,2.5],"texture":"#0"},"south":{"uv":[12,2,11,2.5],"texture":"#0"},"west":{"uv":[13,2,12,2.5],"texture":"#0"},"up":{"uv":[12,1,11,2],"texture":"#0"},"down":{"uv":[13,2,12,1],"texture":"#0"}}},{"from":[6.99,9.07135,9.60836],"to":[9.01,10.09135,11.62836],"rotation":{"angle":22.5,"axis":"x","origin":[8,9.58135,12.11836]},"faces":{"north":{"uv":[7,5,8,5.5],"texture":"#0"},"east":{"uv":[6,5,7,5.5],"texture":"#0"},"south":{"uv":[9,5,10,5.5],"texture":"#0"},"west":{"uv":[8,5,9,5.5],"texture":"#0"},"up":{"uv":[8,5,7,4],"texture":"#0"},"down":{"uv":[9,4,8,5],"texture":"#0"}}},{"from":[7.9375,10.71135,0.77356],"to":[7.9375,13.71135,5.77356],"rotation":{"angle":-45,"axis":"x","origin":[7.9375,11.64885,6.27356]},"faces":{"north":{"uv":[2.5,7.5,2.5,9],"texture":"#0"},"east":{"uv":[5,7.5,2.5,9],"texture":"#0"},"south":{"uv":[5,7.5,5,9],"texture":"#0"},"west":{"uv":[2.5,7.5,5,9],"texture":"#0"},"up":{"uv":[2.5,7.5,2.5,5],"texture":"#0"},"down":{"uv":[2.5,5,2.5,7.5],"texture":"#0"}}},{"from":[7.9375,10.71135,10.22644],"to":[7.9375,13.71135,15.22644],"rotation":{"angle":45,"axis":"x","origin":[7.9375,11.64885,9.72644]},"faces":{"north":{"uv":[5,7.5,5,9],"texture":"#0"},"east":{"uv":[2.5,7.5,5,9],"texture":"#0"},"south":{"uv":[2.5,7.5,2.5,9],"texture":"#0"},"west":{"uv":[5,7.5,2.5,9],"texture":"#0"},"up":{"uv":[2.5,5,2.5,7.5],"texture":"#0"},"down":{"uv":[2.5,7.5,2.5,5],"texture":"#0"}}},{"from":[6.98,9.98,5.98],"to":[9.02,11.02,10.02],"rotation":{"angle":0,"axis":"z","origin":[8,0.5,7.5]},"faces":{"north":{"uv":[6,2,7,2.5],"texture":"#0"},"east":{"uv":[4,2,6,2.5],"texture":"#0"},"south":{"uv":[9,2,10,2.5],"texture":"#0"},"west":{"uv":[7,2,9,2.5],"texture":"#0"},"up":{"uv":[7,2,6,0],"texture":"#0"},"down":{"uv":[8,0,7,2],"texture":"#0"}}},{"from":[8,10,5],"to":[8,12,11],"rotation":{"angle":0,"axis":"z","origin":[8,0.5,7.5]},"faces":{"north":{"uv":[3,3,3,4],"texture":"#0"},"east":{"uv":[6,3,3,4],"texture":"#0"},"south":{"uv":[6,3,6,4],"texture":"#0"},"west":{"uv":[3,3,6,4],"texture":"#0"},"up":{"uv":[3,3,3,0],"texture":"#0"},"down":{"uv":[3,0,3,3],"texture":"#0"}}},{"from":[7.25,0,7.25],"to":[8.75,2,8.75],"rotation":{"angle":0,"axis":"y","origin":[8,0.5,8]},"faces":{"north":{"uv":[0.5,0.5,1,1.5],"texture":"#0"},"east":{"uv":[0,0.5,0.5,1.5],"texture":"#0"},"south":{"uv":[1.5,0.5,2,1.5],"texture":"#0"},"west":{"uv":[1,0.5,1.5,1.5],"texture":"#0"},"up":{"uv":[1,0.5,0.5,0],"texture":"#0"},"down":{"uv":[1.5,0,1,0.5],"texture":"#0"}}},{"from":[7.25,9,7],"to":[8.75,10,9],"rotation":{"angle":0,"axis":"y","origin":[8,0.5,8]},"faces":{"north":{"uv":[0.5,2,1,2.5],"texture":"#0"},"east":{"uv":[0,2,0.5,2.5],"texture":"#0"},"south":{"uv":[1.5,2,2,2.5],"texture":"#0"},"west":{"uv":[1,2,1.5,2.5],"texture":"#0"},"up":{"uv":[1,2,0.5,1.5],"texture":"#0"},"down":{"uv":[1.5,1.5,1,2],"texture":"#0"}}}],"gui_light":"front","display":{"thirdperson_righthand":{"translation":[0,1.5,0.75],"scale":[1.2,1.2,1.2]},"thirdperson_lefthand":{"translation":[0,1.5,0.75],"scale":[1.2,1.2,1.2]},"firstperson_righthand":{"rotation":[-10.5,0,0],"translation":[0,2,-0.25],"scale":[1.2,1.2,1.2]},"firstperson_lefthand":{"translation":[0,1.5,0.75],"scale":[1.2,1.2,1.2]},"ground":{"translation":[0,5,0]},"gui":{"rotation":[0,-90,0],"translation":[0,3.25,0],"scale":[1.3,1.3,1.3]},"fixed":{"rotation":[0,-90,0],"translation":[0,2,-0.25],"scale":[2,2,2]}}}