{"display":{"thirdperson_righthand":{"rotation":[75,45,0],"translation":[0,2.5,0],"scale":[0.375,0.375,0.375]},"thirdperson_lefthand":{"rotation":[75,45,0],"translation":[0,2.5,0],"scale":[0.375,0.375,0.375]},"firstperson_righthand":{"rotation":[0,98,0],"translation":[2.5,2,0],"scale":[0.4,0.4,0.4]},"firstperson_lefthand":{"rotation":[0,98,0],"translation":[2.5,2,0],"scale":[0.4,0.4,0.4]},"ground":{"translation":[0,3,0],"scale":[0.25,0.25,0.25]},"gui":{"rotation":[30,225,0],"translation":[-0.75,0,0],"scale":[0.725,0.725,0.725]},"head":{"rotation":[33,0,0],"translation":[0,7.5,4],"scale":[1.5,1.5,1.5]}},"texture_size":[32,32],"textures":{"0":"festivals/winter/bobble_hat","particle":"festivals/winter/bobble_hat"},"elements":[{"from":[3,4,3],"to":[13,7,13],"rotation":{"angle":0,"axis":"y","origin":[8,6.25,8]},"faces":{"north":{"uv":[9.5,6,14.5,7.5],"texture":"#0","tintindex":0},"east":{"uv":[9.5,6,14.5,7.5],"texture":"#0","tintindex":0},"south":{"uv":[9.5,6,14.5,7.5],"texture":"#0","tintindex":0},"west":{"uv":[9.5,6,14.5,7.5],"texture":"#0","tintindex":0},"up":{"uv":[5,5,0,0],"texture":"#0","tintindex":0},"down":{"uv":[5,5,0,10],"texture":"#0","tintindex":0}}},{"from":[3.5,6,3.5],"to":[12.5,10,12.5],"rotation":{"angle":0,"axis":"y","origin":[8,6.25,8]},"faces":{"north":{"uv":[5,9,9.5,11],"texture":"#0","tintindex":0},"east":{"uv":[5,9,9.5,11],"texture":"#0","tintindex":0},"south":{"uv":[5,9,9.5,11],"texture":"#0","tintindex":0},"west":{"uv":[5,9,9.5,11],"texture":"#0","tintindex":0},"up":{"uv":[9.5,4.5,5,0],"texture":"#0","tintindex":0},"down":{"uv":[9.5,4.5,5,9],"texture":"#0","tintindex":0}}},{"from":[6,9,7],"to":[10,13,11],"rotation":{"angle":22.5,"axis":"x","origin":[8,9,10]},"faces":{"north":{"uv":[9.5,10.5,11.5,12.5],"texture":"#0","tintindex":0},"east":{"uv":[5,11,7,13],"texture":"#0","tintindex":0},"south":{"uv":[7,11,9,13],"texture":"#0","tintindex":0},"west":{"uv":[0,11.5,2,13.5],"texture":"#0","tintindex":0},"up":{"uv":[4,13.5,2,11.5],"texture":"#0","tintindex":0},"down":{"uv":[13.5,10.5,11.5,12.5],"texture":"#0","tintindex":0}}}]}