{"display":{"thirdperson_righthand":{"rotation":[151,63,-52],"translation":[-0.5,1.5,-0.75],"scale":[0.8,0.8,0.8]},"thirdperson_lefthand":{"rotation":[151,63,-52],"translation":[0.5,1.5,-1.5],"scale":[0.8,0.8,0.8]},"firstperson_righthand":{"rotation":[38,28,10],"translation":[3.25,3.25,2.75],"scale":[0.6,0.6,0.6]},"firstperson_lefthand":{"rotation":[43,14,0],"translation":[3.75,2,0],"scale":[0.6,0.6,0.6]},"ground":{"rotation":[34,0,0],"translation":[0,4.75,0],"scale":[0.55,0.55,0.55]},"gui":{"rotation":[106.16,46.81,-107.79],"translation":[1.5,-0.75,-8],"scale":[0.5,0.5,0.5]},"head":{"translation":[0,-12,0]},"fixed":{"rotation":[-137,-134,-129],"scale":[0.6,0.6,0.6]}},"texture_size":[64,64],"textures":{"0":"festivals/winter/hockey_stick","particle":"festivals/winter/hockey_stick"},"elements":[{"from":[7.01,-7.99,7.01],"to":[8.99,26.99,8.99],"rotation":{"angle":-45,"axis":"y","origin":[8,9.5,8]},"faces":{"north":{"uv":[0.5,0,1,8.75],"texture":"#0"},"east":{"uv":[0.5,0,1,8.75],"texture":"#0"},"south":{"uv":[0.5,0,1,8.75],"texture":"#0"},"west":{"uv":[1.5,0,2,8.75],"texture":"#0"},"up":{"uv":[5,1.5,4.5,1],"texture":"#0"},"down":{"uv":[5,1.5,4.5,2],"texture":"#0"}}},{"from":[6.5,26,6.5],"to":[9.5,28,9.5],"rotation":{"angle":0,"axis":"y","origin":[6.5,-17,7.5]},"faces":{"north":{"uv":[4,2.5,4.75,3],"texture":"#0"},"east":{"uv":[4,2.5,4.75,3],"texture":"#0"},"south":{"uv":[4,2.5,4.75,3],"texture":"#0"},"west":{"uv":[4,2.5,4.75,3],"texture":"#0"},"up":{"uv":[3.75,4.5,3,3.75],"texture":"#0"},"down":{"uv":[4.5,3.75,3.75,4.5],"texture":"#0"}}},{"from":[7,-10,-2],"to":[9,-5,8],"rotation":{"angle":-22.5,"axis":"x","origin":[7.5,-6,5]},"faces":{"north":{"uv":[3,2.5,3.5,3.75],"texture":"#0"},"east":{"uv":[2,0,4.5,1.25],"texture":"#0"},"south":{"uv":[3.5,2.5,4,3.75],"texture":"#0"},"west":{"uv":[2,1.25,4.5,2.5],"texture":"#0"},"up":{"uv":[2.5,5,2,2.5],"texture":"#0"},"down":{"uv":[3,2.5,2.5,5],"texture":"#0"}}}]}