{"display":{"thirdperson_righthand":{"rotation":[75,45,0],"translation":[0,1.25,0],"scale":[0.375,0.375,0.375]},"thirdperson_lefthand":{"rotation":[75,45,0],"translation":[0,1.25,0],"scale":[0.375,0.375,0.375]},"firstperson_righthand":{"rotation":[0,136,0],"translation":[1.5,3.25,0],"scale":[0.4,0.4,0.4]},"firstperson_lefthand":{"rotation":[0,136,0],"translation":[1.5,3.25,0],"scale":[0.4,0.4,0.4]},"ground":{"translation":[0,3,0],"scale":[0.7,0.7,0.55]},"gui":{"rotation":[30,225,0],"translation":[0,1.5,0],"scale":[0.9,0.9,0.9]},"head":{"translation":[0,-30.5,0],"scale":[1.6,1.6,1.6]},"fixed":{"translation":[0,0,-0.75],"scale":[1.3,1.3,1.3]}},"texture_size":[32,32],"textures":{"1":"furniture/collectibles/trophies/cooking_trophy","particle":"furniture/collectibles/trophies/cooking_trophy"},"elements":[{"from":[3.5,0,3.5],"to":[12.5,1,12.5],"rotation":{"angle":0,"axis":"y","origin":[8.5,0,5.5]},"faces":{"north":{"uv":[8,6,12.5,6.5],"texture":"#1"},"east":{"uv":[8,6.5,12.5,7],"texture":"#1"},"south":{"uv":[7.5,9,12,9.5],"texture":"#1"},"west":{"uv":[7.5,9.5,12,10],"texture":"#1"},"up":{"uv":[4.5,4.5,0,0],"texture":"#1"},"down":{"uv":[4.5,4.5,0,9],"texture":"#1"}}},{"from":[4.5,1,4.5],"to":[11.5,5,11.5],"rotation":{"angle":0,"axis":"y","origin":[8.5,0,5.5]},"faces":{"north":{"uv":[7.5,7,11,9],"texture":"#1"},"east":{"uv":[8,0,11.5,2],"texture":"#1"},"south":{"uv":[8,0,11.5,2],"texture":"#1"},"west":{"uv":[8,0,11.5,2],"texture":"#1"},"up":{"uv":[8,3.5,4.5,0],"texture":"#1"},"down":{"uv":[8,3.5,4.5,7],"texture":"#1"}}},{"from":[7.5,5,7.25],"to":[8.5,11,8.25],"rotation":{"angle":0,"axis":"y","origin":[8.5,0,7.25]},"faces":{"north":{"uv":[0.5,11,1,14],"texture":"#1"},"east":{"uv":[1,11,0.5,14],"texture":"#1"},"south":{"uv":[2.5,11,2,14],"texture":"#1"},"west":{"uv":[2,11,2.5,14],"texture":"#1"},"up":{"uv":[12.5,3,12,2.5],"texture":"#1"},"down":{"uv":[12.5,3,12,3.5],"texture":"#1"}}},{"from":[5.5,3,8.5],"to":[8.5,14,8.5],"rotation":{"angle":45,"axis":"z","origin":[8,8,7.75]},"faces":{"north":{"uv":[4.5,7,6,12.5],"texture":"#1"},"east":{"uv":[0,0,0,5.5],"texture":"#1"},"south":{"uv":[6,7,4.5,12.5],"texture":"#1"},"west":{"uv":[0,0,0,5.5],"texture":"#1"},"up":{"uv":[1.5,0,0,0],"texture":"#1"},"down":{"uv":[1.5,0,0,0],"texture":"#1"}}},{"from":[6.5,11,8],"to":[8.5,15,9],"rotation":{"angle":45,"axis":"z","origin":[8,8,7.75]},"faces":{"north":{"uv":[9,10,10,12],"texture":"#1"},"east":{"uv":[2.5,11,3,13],"texture":"#1"},"south":{"uv":[10,10,9,12],"texture":"#1"},"west":{"uv":[11.5,2,12,4],"texture":"#1"},"up":{"uv":[9,12,8,11.5],"texture":"#1"},"down":{"uv":[13,2,12,2.5],"texture":"#1"}}},{"from":[8.25,4,8],"to":[9.25,11,9],"rotation":{"angle":-45,"axis":"z","origin":[8,8,7.75]},"faces":{"north":{"uv":[3,10.5,3.5,14],"texture":"#1"},"east":{"uv":[3.5,10.5,3,14],"texture":"#1"},"south":{"uv":[3,10.5,3.5,14],"texture":"#1"},"west":{"uv":[3.5,10.5,3,14],"texture":"#1"},"up":{"uv":[12.5,4,12,3.5],"texture":"#1"},"down":{"uv":[12.5,4,12,4.5],"texture":"#1"}}},{"from":[7.25,11,8],"to":[10.25,15,9],"rotation":{"angle":-45,"axis":"z","origin":[8,8,7.75]},"faces":{"north":{"uv":[0,9,1.5,11],"texture":"#1"},"east":{"uv":[11.5,4,12,6],"texture":"#1"},"south":{"uv":[1.5,9,3,11],"texture":"#1"},"west":{"uv":[7.5,11.5,8,13.5],"texture":"#1"},"up":{"uv":[12.5,9,11,8.5],"texture":"#1"},"down":{"uv":[12.5,11.5,11,12],"texture":"#1"}}},{"from":[6.5,11,7.25],"to":[9.5,14,9.25],"rotation":{"angle":0,"axis":"y","origin":[8.5,0,7.25]},"faces":{"north":{"uv":[3,9,4.5,10.5],"texture":"#1"},"east":{"uv":[11,7,12,8.5],"texture":"#1"},"south":{"uv":[7.5,10,9,11.5],"texture":"#1"},"west":{"uv":[11,7,12,8.5],"texture":"#1"},"up":{"uv":[13,1,11.5,0],"texture":"#1"},"down":{"uv":[13,1,11.5,2],"texture":"#1"}}}],"gui_light":"front"}