{"display":{"thirdperson_righthand":{"rotation":[75,45,0],"translation":[0,2,1.25],"scale":[0.375,0.375,0.375]},"thirdperson_lefthand":{"rotation":[75,45,0],"translation":[0,2,1.25],"scale":[0.375,0.375,0.375]},"firstperson_righthand":{"rotation":[0,128,0],"translation":[3.25,2.75,0],"scale":[0.4,0.4,0.4]},"firstperson_lefthand":{"rotation":[0,128,0],"translation":[4.25,2.75,0],"scale":[0.4,0.4,0.4]},"ground":{"translation":[0,3,0],"scale":[0.5,0.5,0.5]},"gui":{"rotation":[30,225,0],"translation":[0,-0.5,0],"scale":[0.725,0.725,0.725]},"head":{"translation":[0,-30.5,0],"scale":[1.6,1.6,1.6]},"fixed":{"translation":[0,0.75,0]}},"texture_size":[32,32],"textures":{"3":"furniture/collectibles/trophies/spleef_trophy"},"elements":[{"from":[3.5,0,3.5],"to":[12.5,1,12.5],"rotation":{"angle":0,"axis":"y","origin":[8.5,0,5.5]},"faces":{"north":{"uv":[4,10,8.5,10.5],"texture":"#3"},"east":{"uv":[8.5,10,13,10.5],"texture":"#3"},"south":{"uv":[4,10.5,8.5,11],"texture":"#3"},"west":{"uv":[10.5,6,15,6.5],"texture":"#3"},"up":{"uv":[4.5,4.5,0,0],"texture":"#3"},"down":{"uv":[4.5,4.5,0,9],"texture":"#3"}}},{"from":[4.5,1,4.5],"to":[11.5,5,11.5],"rotation":{"angle":0,"axis":"y","origin":[8.5,0,5.5]},"faces":{"north":{"uv":[4.5,7,8,9],"texture":"#3"},"east":{"uv":[8,0,11.5,2],"texture":"#3"},"south":{"uv":[8,2,11.5,4],"texture":"#3"},"west":{"uv":[8,4,11.5,6],"texture":"#3"},"up":{"uv":[8,3.5,4.5,0],"texture":"#3"},"down":{"uv":[8,3.5,4.5,7],"texture":"#3"}}},{"from":[5.75,8,7.5],"to":[6.75,15,8.5],"rotation":{"angle":22.5,"axis":"z","origin":[8,12.25,8]},"faces":{"north":{"uv":[10.5,6.5,11,10],"texture":"#3"},"east":{"uv":[8.5,10.5,9,14],"texture":"#3"},"south":{"uv":[9,10.5,9.5,14],"texture":"#3"},"west":{"uv":[9.5,10.5,10,14],"texture":"#3"},"up":{"uv":[4.5,10,4,9.5],"texture":"#3"},"down":{"uv":[5,9.5,4.5,10],"texture":"#3"}}},{"from":[3.75,5,8],"to":[8.75,9,8],"rotation":{"angle":22.5,"axis":"z","origin":[8,12.25,8]},"faces":{"north":{"uv":[8,6,10.5,8],"texture":"#3"},"east":{"uv":[0,0,0,2],"texture":"#3"},"south":{"uv":[8,6,10.5,8],"texture":"#3"},"west":{"uv":[0,0,0,2],"texture":"#3"},"up":{"uv":[2.5,0,0,0],"texture":"#3"},"down":{"uv":[2.5,0,0,0],"texture":"#3"}}},{"from":[4.25,15,7.5],"to":[8.25,20,8.5],"rotation":{"angle":22.5,"axis":"z","origin":[8,12.25,8]},"faces":{"north":{"uv":[0,9,2,11.5],"texture":"#3"},"east":{"uv":[10,10.5,10.5,13],"texture":"#3"},"south":{"uv":[2,9,4,11.5],"texture":"#3"},"west":{"uv":[10.5,10.5,11,13],"texture":"#3"},"up":{"uv":[6,9.5,4,9],"texture":"#3"},"down":{"uv":[8,9,6,9.5],"texture":"#3"}}}],"gui_light":"front"}