{"display":{"thirdperson_righthand":{"rotation":[75,45,0],"translation":[0,1.25,0],"scale":[0.375,0.375,0.375]},"thirdperson_lefthand":{"rotation":[75,45,0],"translation":[0,1.25,0],"scale":[0.375,0.375,0.375]},"firstperson_righthand":{"rotation":[0,45,0],"scale":[0.4,0.4,0.4]},"firstperson_lefthand":{"rotation":[0,225,0],"scale":[0.4,0.4,0.4]},"ground":{"translation":[0,3,0],"scale":[0.25,0.25,0.25]},"gui":{"rotation":[30,225,0],"translation":[0,1.5,0],"scale":[0.9,0.9,0.9]},"head":{"translation":[0,-30.75,0],"scale":[1.6,1.6,1.6]},"fixed":{"scale":[0.5,0.5,0.5]}},"texture_size":[128,64],"textures":{"3":"furniture/collectibles/trophies/sumo_trophy"},"elements":[{"from":[3.5,0,3.5],"to":[12.5,1,12.5],"rotation":{"angle":0,"axis":"y","origin":[8.5,0,5.5]},"faces":{"north":{"uv":[4,6,6.25,6.5],"texture":"#3"},"east":{"uv":[4,6.5,6.25,7],"texture":"#3"},"south":{"uv":[3.75,9,6,9.5],"texture":"#3"},"west":{"uv":[3.75,9.5,6,10],"texture":"#3"},"up":{"uv":[2.25,4.5,0,0],"texture":"#3"},"down":{"uv":[2.25,4.5,0,9],"texture":"#3"}}},{"from":[4.5,1,4.5],"to":[11.5,5,11.5],"rotation":{"angle":0,"axis":"y","origin":[8.5,0,5.5]},"faces":{"north":{"uv":[3.75,7,5.5,9],"texture":"#3"},"east":{"uv":[4,0,5.75,2],"texture":"#3"},"south":{"uv":[4,0,5.75,2],"texture":"#3"},"west":{"uv":[4,0,5.75,2],"texture":"#3"},"up":{"uv":[4,3.5,2.25,0],"texture":"#3"},"down":{"uv":[4,3.5,2.25,7],"texture":"#3"}}},{"from":[6,4,6.5],"to":[10,7,9.5],"rotation":{"angle":0,"axis":"y","origin":[7.5,6.5,8]},"faces":{"north":{"uv":[11.5,7,12.5,8.5],"texture":"#3"},"east":{"uv":[12.25,5.5,13,7],"texture":"#3"},"south":{"uv":[9.5,7.5,10.5,9],"texture":"#3"},"west":{"uv":[8,9,8.75,10.5],"texture":"#3"},"up":{"uv":[11.5,9,10.5,7.5],"texture":"#3"},"down":{"uv":[13.25,2,12.25,3.5],"texture":"#3"}}},{"from":[5,6,6.25],"to":[11,13,10.25],"rotation":{"angle":0,"axis":"y","origin":[8,9,8]},"faces":{"north":{"uv":[8,0,9.5,3.5],"texture":"#3"},"east":{"uv":[8,3.5,9,7],"texture":"#3"},"south":{"uv":[9.5,0,11,3.5],"texture":"#3"},"west":{"uv":[9,3.5,10,7],"texture":"#3"},"up":{"uv":[11.5,5.5,10,3.5],"texture":"#3"},"down":{"uv":[11.5,5.5,10,7.5],"texture":"#3"}}},{"from":[3.76,6.01,6.26],"to":[5.74,10.99,9.24],"rotation":{"angle":22.5,"axis":"z","origin":[4,9.5,7.75]},"faces":{"north":{"uv":[11.5,8.5,12,11],"texture":"#3"},"east":{"uv":[11.5,2,12.25,4.5],"texture":"#3"},"south":{"uv":[12,8.5,12.5,11],"texture":"#3"},"west":{"uv":[11.5,4.5,12.25,7],"texture":"#3"},"up":{"uv":[11.5,3.5,11,2],"texture":"#3"},"down":{"uv":[9.75,9,9.25,10.5],"texture":"#3"}}},{"from":[5,9,4.25],"to":[11,13,6.25],"rotation":{"angle":0,"axis":"y","origin":[8,9,8]},"faces":{"north":{"uv":[11,0,12.5,2],"texture":"#3"},"east":{"uv":[12.5,0,13,2],"texture":"#3"},"south":{"uv":[8,7,9.5,9],"texture":"#3"},"west":{"uv":[8.75,9,9.25,11],"texture":"#3"},"up":{"uv":[13.75,4.5,12.25,3.5],"texture":"#3"},"down":{"uv":[13.75,4.5,12.25,5.5],"texture":"#3"}}}],"gui_light":"front"}