{"file_name":"dress_left","texture_size":[128,128],"textures":{"layer0":"manamodels/hera"},"elements":[{"name":"dress_left_0","from":[8.0,1.5499997,5.8999996],"to":[10.4,6.95,10.1],"rotation":{"angle":-22.5,"axis":"z","origin":[10.700001,7.55,8.0]},"faces":{"east":{"uv":[0.875,3.0,0.0,4.125],"texture":"#layer0","tintindex":0},"south":{"uv":[2.0,5.5,1.5,6.625],"texture":"#layer0","tintindex":0},"north":{"uv":[0.5,5.25,0.0,6.375],"texture":"#layer0","tintindex":0},"west":{"uv":[1.75,2.375,0.875,3.5],"texture":"#layer0","tintindex":0},"up":{"uv":[6.0,3.5,6.5,2.625],"texture":"#layer0","tintindex":0},"down":{"uv":[6.5,3.5,6.0,4.375],"texture":"#layer0","tintindex":0}}}],"display":{"head":{"translation":[0.0,-6.4,0.0],"rotation":[0.0,0.0,0.0],"scale":[3.8095,3.8095,3.8095]},"gui":{"translation":[0.0,0.0,0.0],"rotation":[35.0,225.0,0.0],"scale":[0.625,0.625,0.625]}}}