{"textures":{"0":"modelengine:custom/hound","particle":"modelengine:custom/hound"},"elements":[{"from":[8.0,5.5504,7.142],"to":[10.96,10.2864,10.694],"faces":{"east":{"uv":[6.5,6.625,7.25,7.625],"tintindex":0,"rotation":0,"texture":"#0"},"south":{"uv":[7.0,2.375,7.625,3.375],"tintindex":0,"rotation":0,"texture":"#0"},"north":{"uv":[2.25,6.875,2.875,7.875],"tintindex":0,"rotation":0,"texture":"#0"},"west":{"uv":[6.625,5.375,7.375,6.375],"tintindex":0,"rotation":0,"texture":"#0"},"up":{"uv":[6.375,8.375,5.75,7.625],"tintindex":0,"rotation":0,"texture":"#0"},"down":{"uv":[7.0,7.625,6.375,8.375],"tintindex":0,"rotation":0,"texture":"#0"}}},{"from":[8.0,0.22239971,7.734],"to":[10.368,5.5504,10.102],"faces":{"east":{"uv":[7.125,3.375,7.625,4.5],"tintindex":0,"rotation":0,"texture":"#0"},"south":{"uv":[0.0,7.25,0.5,8.375],"tintindex":0,"rotation":0,"texture":"#0"},"north":{"uv":[1.5,2.25,2.0,3.375],"tintindex":0,"rotation":0,"texture":"#0"},"west":{"uv":[0.5,7.25,1.0,8.375],"tintindex":0,"rotation":0,"texture":"#0"},"up":{"uv":[4.0,2.0,3.5,1.5],"tintindex":0,"rotation":0,"texture":"#0"},"down":{"uv":[5.875,2.375,5.375,2.875],"tintindex":0,"rotation":0,"texture":"#0"}}},{"from":[7.852,0.07439995,7.586],"to":[10.516,5.6984,10.25],"faces":{"east":{"uv":[3.75,7.375,4.25,8.5],"tintindex":0,"rotation":0,"texture":"#0"},"south":{"uv":[4.25,7.375,4.75,8.5],"tintindex":0,"rotation":0,"texture":"#0"},"north":{"uv":[3.25,7.375,3.75,8.5],"tintindex":0,"rotation":0,"texture":"#0"},"west":{"uv":[7.375,1.25,7.875,2.375],"tintindex":0,"rotation":0,"texture":"#0"},"up":{"uv":[8.5,2.75,8.0,2.25],"tintindex":0,"rotation":0,"texture":"#0"},"down":{"uv":[8.5,2.75,8.0,3.25],"tintindex":0,"rotation":0,"texture":"#0"}}}],"display":{"gui":{"rotation":[30,225,0]}}}