{"file_name":"body_stem","texture_size":[64,64],"textures":{"layer0":"manamodels/krykna-boss"},"elements":[{"name":"body_stem_0","from":[4.04,8.0,4.04],"to":[11.96,15.920001,11.96],"rotation":{"angle":0.0,"axis":"z","origin":[8.0,8.0,8.0]},"faces":{"east":{"uv":[8.0,5.5,9.5,7.0],"texture":"#layer0","tintindex":0},"south":{"uv":[4.0,9.0,5.5,10.5],"texture":"#layer0","tintindex":0},"north":{"uv":[8.0,4.0,9.5,5.5],"texture":"#layer0","tintindex":0},"west":{"uv":[5.5,9.0,7.0,10.5],"texture":"#layer0","tintindex":0},"up":{"uv":[11.0,5.5,9.5,4.0],"texture":"#layer0","tintindex":0},"down":{"uv":[9.5,5.5,11.0,7.0],"texture":"#layer0","tintindex":0}}},{"name":"body_stem_1","from":[2.72,10.639999,1.3999997],"to":[5.36,13.28,4.04],"rotation":{"angle":0.0,"axis":"z","origin":[8.0,8.0,8.0]},"faces":{"east":{"uv":[12.0,0.0,12.5,0.5],"texture":"#layer0","tintindex":0},"south":{"uv":[12.0,0.5,12.5,1.0],"texture":"#layer0","tintindex":0},"north":{"uv":[12.0,12.0,12.5,12.5],"texture":"#layer0","tintindex":0},"west":{"uv":[12.0,1.0,12.5,1.5],"texture":"#layer0","tintindex":0},"up":{"uv":[12.5,2.0,12.0,1.5],"texture":"#layer0","tintindex":0},"down":{"uv":[12.0,2.0,12.5,2.5],"texture":"#layer0","tintindex":0}}},{"name":"body_stem_2","from":[2.72,10.639999,11.96],"to":[5.36,13.28,14.6],"rotation":{"angle":0.0,"axis":"z","origin":[8.0,8.0,8.0]},"faces":{"east":{"uv":[12.5,0.0,12.0,0.5],"texture":"#layer0","tintindex":0},"south":{"uv":[12.5,12.0,12.0,12.5],"texture":"#layer0","tintindex":0},"north":{"uv":[12.5,0.5,12.0,1.0],"texture":"#layer0","tintindex":0},"west":{"uv":[12.5,1.0,12.0,1.5],"texture":"#layer0","tintindex":0},"up":{"uv":[12.5,1.5,12.0,2.0],"texture":"#layer0","tintindex":0},"down":{"uv":[12.0,2.5,12.5,2.0],"texture":"#layer0","tintindex":0}}},{"name":"body_stem_3","from":[10.639999,10.639999,1.3999997],"to":[13.28,13.28,4.04],"rotation":{"angle":0.0,"axis":"z","origin":[8.0,8.0,8.0]},"faces":{"east":{"uv":[12.0,0.0,12.5,0.5],"texture":"#layer0","tintindex":0},"south":{"uv":[12.0,0.5,12.5,1.0],"texture":"#layer0","tintindex":0},"north":{"uv":[12.0,12.0,12.5,12.5],"texture":"#layer0","tintindex":0},"west":{"uv":[12.0,1.0,12.5,1.5],"texture":"#layer0","tintindex":0},"up":{"uv":[12.5,2.0,12.0,1.5],"texture":"#layer0","tintindex":0},"down":{"uv":[12.0,2.0,12.5,2.5],"texture":"#layer0","tintindex":0}}},{"name":"body_stem_4","from":[10.639999,10.639999,11.96],"to":[13.28,13.28,14.6],"rotation":{"angle":0.0,"axis":"z","origin":[8.0,8.0,8.0]},"faces":{"east":{"uv":[12.5,0.0,12.0,0.5],"texture":"#layer0","tintindex":0},"south":{"uv":[12.5,12.0,12.0,12.5],"texture":"#layer0","tintindex":0},"north":{"uv":[12.5,0.5,12.0,1.0],"texture":"#layer0","tintindex":0},"west":{"uv":[12.5,1.0,12.0,1.5],"texture":"#layer0","tintindex":0},"up":{"uv":[12.5,1.5,12.0,2.0],"texture":"#layer0","tintindex":0},"down":{"uv":[12.0,2.5,12.5,2.0],"texture":"#layer0","tintindex":0}}},{"name":"body_stem_5","from":[11.96,9.32,9.32],"to":[14.6,11.959999,11.96],"rotation":{"angle":0.0,"axis":"z","origin":[8.0,8.0,8.0]},"faces":{"east":{"uv":[12.0,12.0,12.5,12.5],"texture":"#layer0","tintindex":0},"south":{"uv":[12.0,0.0,12.5,0.5],"texture":"#layer0","tintindex":0},"north":{"uv":[12.0,1.0,12.5,1.5],"texture":"#layer0","tintindex":0},"west":{"uv":[12.0,0.5,12.5,1.0],"texture":"#layer0","tintindex":0},"up":{"uv":[12.5,2.0,12.0,1.5],"texture":"#layer0","tintindex":0},"down":{"uv":[12.0,2.0,12.5,2.5],"texture":"#layer0","tintindex":0}}},{"name":"body_stem_6","from":[1.3999995,9.32,9.32],"to":[4.0399995,11.959999,11.96],"rotation":{"angle":0.0,"axis":"z","origin":[8.0,8.0,8.0]},"faces":{"east":{"uv":[12.5,0.5,12.0,1.0],"texture":"#layer0","tintindex":0},"south":{"uv":[12.5,0.0,12.0,0.5],"texture":"#layer0","tintindex":0},"north":{"uv":[12.5,1.0,12.0,1.5],"texture":"#layer0","tintindex":0},"west":{"uv":[12.5,12.0,12.0,12.5],"texture":"#layer0","tintindex":0},"up":{"uv":[12.5,1.5,12.0,2.0],"texture":"#layer0","tintindex":0},"down":{"uv":[12.0,2.5,12.5,2.0],"texture":"#layer0","tintindex":0}}},{"name":"body_stem_7","from":[11.96,9.32,4.04],"to":[14.6,11.959999,6.6800003],"rotation":{"angle":0.0,"axis":"z","origin":[8.0,8.0,8.0]},"faces":{"east":{"uv":[12.0,12.0,12.5,12.5],"texture":"#layer0","tintindex":0},"south":{"uv":[12.0,0.0,12.5,0.5],"texture":"#layer0","tintindex":0},"north":{"uv":[12.0,1.0,12.5,1.5],"texture":"#layer0","tintindex":0},"west":{"uv":[12.0,0.5,12.5,1.0],"texture":"#layer0","tintindex":0},"up":{"uv":[12.5,2.0,12.0,1.5],"texture":"#layer0","tintindex":0},"down":{"uv":[12.0,2.0,12.5,2.5],"texture":"#layer0","tintindex":0}}},{"name":"body_stem_8","from":[1.3999995,9.32,4.04],"to":[4.0399995,11.959999,6.6800003],"rotation":{"angle":0.0,"axis":"z","origin":[8.0,8.0,8.0]},"faces":{"east":{"uv":[12.5,0.5,12.0,1.0],"texture":"#layer0","tintindex":0},"south":{"uv":[12.5,0.0,12.0,0.5],"texture":"#layer0","tintindex":0},"north":{"uv":[12.5,1.0,12.0,1.5],"texture":"#layer0","tintindex":0},"west":{"uv":[12.5,12.0,12.0,12.5],"texture":"#layer0","tintindex":0},"up":{"uv":[12.5,1.5,12.0,2.0],"texture":"#layer0","tintindex":0},"down":{"uv":[12.0,2.5,12.5,2.0],"texture":"#layer0","tintindex":0}}},{"name":"body_stem_9","from":[6.35,8.99,1.0699997],"to":[9.65,12.29,4.37],"rotation":{"angle":0.0,"axis":"z","origin":[8.0,8.0,8.0]},"faces":{"east":{"uv":[12.0,0.0,12.5,0.5],"texture":"#layer0","tintindex":0},"south":{"uv":[12.0,0.5,12.5,1.0],"texture":"#layer0","tintindex":0},"north":{"uv":[12.0,12.0,12.5,12.5],"texture":"#layer0","tintindex":0},"west":{"uv":[12.0,1.0,12.5,1.5],"texture":"#layer0","tintindex":0},"up":{"uv":[12.5,2.0,12.0,1.5],"texture":"#layer0","tintindex":0},"down":{"uv":[12.0,2.0,12.5,2.5],"texture":"#layer0","tintindex":0}}},{"name":"body_stem_10","from":[6.35,8.99,11.63],"to":[9.65,12.29,14.929999],"rotation":{"angle":0.0,"axis":"z","origin":[8.0,8.0,8.0]},"faces":{"east":{"uv":[12.5,0.0,12.0,0.5],"texture":"#layer0","tintindex":0},"south":{"uv":[12.5,12.0,12.0,12.5],"texture":"#layer0","tintindex":0},"north":{"uv":[12.5,0.5,12.0,1.0],"texture":"#layer0","tintindex":0},"west":{"uv":[12.5,1.0,12.0,1.5],"texture":"#layer0","tintindex":0},"up":{"uv":[12.5,1.5,12.0,2.0],"texture":"#layer0","tintindex":0},"down":{"uv":[12.0,2.5,12.5,2.0],"texture":"#layer0","tintindex":0}}}],"display":{"head":{"translation":[0.0,-6.4,0.0],"rotation":[0.0,0.0,0.0],"scale":[3.8095,3.8095,3.8095]},"gui":{"translation":[0.0,0.0,0.0],"rotation":[35.0,225.0,0.0],"scale":[0.625,0.625,0.625]}}}