{"file_name":"mouth","texture_size":[64,64],"textures":{"layer0":"manamodels/krykna-boss"},"elements":[{"name":"mouth_0","from":[5.3599997,0.07999945,5.3599997],"to":[10.639999,7.9999995,10.639999],"rotation":{"angle":0.0,"axis":"z","origin":[8.0,8.0,8.0]},"faces":{"east":{"uv":[7.0,10.5,8.0,12.0],"texture":"#layer0","tintindex":0},"south":{"uv":[6.0,11.0,7.0,12.5],"texture":"#layer0","tintindex":0},"north":{"uv":[7.0,9.0,8.0,10.5],"texture":"#layer0","tintindex":0},"west":{"uv":[11.0,4.5,12.0,6.0],"texture":"#layer0","tintindex":0},"up":{"uv":[5.0,12.5,4.0,11.5],"texture":"#layer0","tintindex":0},"down":{"uv":[5.0,11.5,6.0,12.5],"texture":"#layer0","tintindex":0}}},{"name":"mouth_1","from":[5.0300007,-1.5700006,5.0299997],"to":[10.970001,0.40999937,10.969999],"rotation":{"angle":0.0,"axis":"z","origin":[8.0,8.0,8.0]},"faces":{"east":{"uv":[12.0,2.75,13.0,3.0],"texture":"#layer0","tintindex":0},"south":{"uv":[12.0,3.0,13.0,3.25],"texture":"#layer0","tintindex":0},"north":{"uv":[12.0,2.5,13.0,2.75],"texture":"#layer0","tintindex":0},"west":{"uv":[12.0,3.25,13.0,3.5],"texture":"#layer0","tintindex":0},"up":{"uv":[1.0,13.0,0.0,12.0],"texture":"#layer0","tintindex":0},"down":{"uv":[1.0,12.0,2.0,13.0],"texture":"#layer0","tintindex":0}}}],"display":{"head":{"translation":[0.0,-6.4,0.0],"rotation":[0.0,0.0,0.0],"scale":[3.8095,3.8095,3.8095]},"gui":{"translation":[0.0,0.0,0.0],"rotation":[35.0,225.0,0.0],"scale":[0.625,0.625,0.625]}}}