{"textures":{"0":"modelengine:custom/scorpion","particle":"modelengine:custom/scorpion"},"elements":[{"from":[4.99,7.99,7.99],"to":[11.01,14.01,14.01],"faces":{"east":{"uv":[5.875,4.375,6.625,5.125],"tintindex":0,"rotation":0,"texture":"#0"},"south":{"uv":[3.5,6.0,4.25,6.75],"tintindex":0,"rotation":0,"texture":"#0"},"north":{"uv":[5.875,3.625,6.625,4.375],"tintindex":0,"rotation":0,"texture":"#0"},"west":{"uv":[6.0,1.375,6.75,2.125],"tintindex":0,"rotation":0,"texture":"#0"},"up":{"uv":[6.75,2.875,6.0,2.125],"tintindex":0,"rotation":0,"texture":"#0"},"down":{"uv":[1.75,6.125,1.0,6.875],"tintindex":0,"rotation":0,"texture":"#0"}}}],"display":{"gui":{"rotation":[30,225,0]}}}