{"display":{"thirdperson_righthand":{"rotation":[9.5,-81,-86],"translation":[-3,-3.5,3.75],"scale":[1.1,1.1,1.1]},"thirdperson_lefthand":{"rotation":[9.5,-81,-86],"translation":[-3,-1.5,3.75],"scale":[1.1,1.1,1.1]},"firstperson_righthand":{"rotation":[7,90,97],"translation":[10.25,3.5,1.25]},"firstperson_lefthand":{"rotation":[7,90,97],"translation":[9.75,2,1.25]},"ground":{"translation":[1.75,9.25,2.5]},"gui":{"rotation":[0,0,48],"translation":[-3,3.25,0.5],"scale":[0.75,0.75,0.75]},"fixed":{"rotation":[0,0,-41],"translation":[5.5,4.25,2.75]}},"texture_size":[64,64],"textures":{"0":"gear/bow/heroic_bow","particle":"gear/bow/heroic_bow"},"elements":[{"from":[7.03287,4.97,3.97],"to":[9.09287,6.03,5.03],"rotation":{"angle":0,"axis":"y","origin":[9.56287,9,8]},"faces":{"north":{"uv":[8.25,2.75,9.25,3.25],"texture":"#0"},"east":{"uv":[7.25,9.5,7.75,10],"texture":"#0"},"south":{"uv":[8.25,2.75,9.25,3.25],"texture":"#0"},"west":{"uv":[7.75,9.5,8.25,10],"texture":"#0"},"up":{"uv":[9.25,3.75,8.25,3.25],"texture":"#0"},"down":{"uv":[9.5,7.25,8.5,7.75],"texture":"#0"}}},{"from":[7.78287,-4.03,4.22],"to":[8.34287,10.03,4.78],"rotation":{"angle":0,"axis":"y","origin":[9.56287,9,8]},"faces":{"north":{"uv":[8.25,2.75,9.25,3.25],"texture":"#0"},"east":{"uv":[6.5,7.75,7,8.25],"texture":"#0"},"south":{"uv":[8.25,2.75,9.25,3.25],"texture":"#0"},"west":{"uv":[6.5,7.75,7,8.25],"texture":"#0"},"up":{"uv":[9.25,3.75,8.25,3.25],"texture":"#0"},"down":{"uv":[9.5,7.25,8.5,7.75],"texture":"#0"}}},{"from":[8.54287,4.1175,3.98],"to":[10.08287,5.1575,5.02],"rotation":{"angle":-45,"axis":"z","origin":[9.56287,4.6375,4.5]},"faces":{"north":{"uv":[8.75,9,8,9.5],"texture":"#0"},"east":{"uv":[9.25,9.5,9.75,10],"texture":"#0"},"south":{"uv":[8,9,8.75,9.5],"texture":"#0"},"west":{"uv":[9.5,0.5,10,1],"texture":"#0"},"up":{"uv":[9.5,9.5,8.75,9],"texture":"#0"},"down":{"uv":[9.75,0,9,0.5],"texture":"#0"}}},{"from":[6.04287,4.1175,3.98],"to":[7.58287,5.1575,5.02],"rotation":{"angle":45,"axis":"z","origin":[6.56287,4.6375,4.5]},"faces":{"north":{"uv":[8,9,8.75,9.5],"texture":"#0"},"east":{"uv":[10,0.5,9.5,1],"texture":"#0"},"south":{"uv":[8.75,9,8,9.5],"texture":"#0"},"west":{"uv":[9.75,9.5,9.25,10],"texture":"#0"},"up":{"uv":[8.75,9.5,9.5,9],"texture":"#0"},"down":{"uv":[9,0,9.75,0.5],"texture":"#0"}}},{"from":[9.71971,2.05175,4],"to":[10.71971,3.55175,5],"rotation":{"angle":-22.5,"axis":"z","origin":[10.02758,3.08929,4.5]},"faces":{"north":{"uv":[7.25,9.25,6.75,10],"texture":"#0"},"east":{"uv":[6.25,9.25,6.75,10],"texture":"#0"},"south":{"uv":[6.75,9.25,7.25,10],"texture":"#0"},"west":{"uv":[9.25,2,9.75,2.75],"texture":"#0"},"up":{"uv":[10.25,10.25,9.75,9.75],"texture":"#0"},"down":{"uv":[10.25,0,9.75,0.5],"texture":"#0"}}},{"from":[5.40603,2.05175,4],"to":[6.40603,3.55175,5],"rotation":{"angle":22.5,"axis":"z","origin":[6.09816,3.08929,4.5]},"faces":{"north":{"uv":[6.75,9.25,7.25,10],"texture":"#0"},"east":{"uv":[9.75,2,9.25,2.75],"texture":"#0"},"south":{"uv":[7.25,9.25,6.75,10],"texture":"#0"},"west":{"uv":[6.75,9.25,6.25,10],"texture":"#0"},"up":{"uv":[9.75,10.25,10.25,9.75],"texture":"#0"},"down":{"uv":[9.75,0,10.25,0.5],"texture":"#0"}}},{"from":[3.39603,-0.95825,3.99],"to":[4.41603,2.06175,5.01],"rotation":{"angle":45,"axis":"z","origin":[4.09816,3.08929,4.5]},"faces":{"north":{"uv":[6.5,4,7,5.5],"texture":"#0"},"east":{"uv":[7.5,4,7,5.5],"texture":"#0"},"south":{"uv":[7,4,6.5,5.5],"texture":"#0"},"west":{"uv":[6.5,4,6,5.5],"texture":"#0"},"up":{"uv":[9.75,3.5,10.25,3],"texture":"#0"},"down":{"uv":[9.75,7.75,10.25,8.25],"texture":"#0"}}},{"from":[11.58397,-0.95825,3.99],"to":[12.60397,2.06175,5.01],"rotation":{"angle":-45,"axis":"z","origin":[11.90184,3.08929,4.5]},"faces":{"north":{"uv":[7,4,6.5,5.5],"texture":"#0"},"east":{"uv":[6,4,6.5,5.5],"texture":"#0"},"south":{"uv":[6.5,4,7,5.5],"texture":"#0"},"west":{"uv":[7,4,7.5,5.5],"texture":"#0"},"up":{"uv":[10.25,3.5,9.75,3],"texture":"#0"},"down":{"uv":[10.25,7.75,9.75,8.25],"texture":"#0"}}},{"from":[5.43319,1.47,4],"to":[8.43319,2.47,5],"rotation":{"angle":-22.5,"axis":"z","origin":[1.93111,4.70954,4.5]},"faces":{"north":{"uv":[7,7.25,8.5,7.75],"texture":"#0"},"east":{"uv":[4.25,10,3.75,10.5],"texture":"#0"},"south":{"uv":[8.5,7.25,7,7.75],"texture":"#0"},"west":{"uv":[3.75,10,3.25,10.5],"texture":"#0"},"up":{"uv":[7.5,4.5,9,4],"texture":"#0"},"down":{"uv":[7.5,4.5,9,5],"texture":"#0"}}},{"from":[7.56681,1.47,4],"to":[10.56681,2.47,5],"rotation":{"angle":22.5,"axis":"z","origin":[14.06889,4.70954,4.5]},"faces":{"north":{"uv":[8.5,7.25,7,7.75],"texture":"#0"},"east":{"uv":[3.25,10,3.75,10.5],"texture":"#0"},"south":{"uv":[7,7.25,8.5,7.75],"texture":"#0"},"west":{"uv":[3.75,10,4.25,10.5],"texture":"#0"},"up":{"uv":[9,4.5,7.5,4],"texture":"#0"},"down":{"uv":[9,4.5,7.5,5],"texture":"#0"}}},{"from":[1.13208,2.2413,3.995],"to":[2.15208,5.2613,5.015],"rotation":{"angle":22.5,"axis":"z","origin":[1.93111,4.70954,4.5]},"faces":{"north":{"uv":[0,7.75,1.5,8.25],"rotation":270,"texture":"#0"},"east":{"uv":[5.5,8.25,7,7.75],"rotation":90,"texture":"#0"},"south":{"uv":[1.5,7.75,0,8.25],"rotation":90,"texture":"#0"},"west":{"uv":[7,7.75,8.5,8.25],"rotation":90,"texture":"#0"},"up":{"uv":[5.75,10,5.25,10.5],"rotation":90,"texture":"#0"},"down":{"uv":[6.25,10,5.75,10.5],"rotation":90,"texture":"#0"}}},{"from":[13.84792,2.2413,3.995],"to":[14.86792,5.2613,5.015],"rotation":{"angle":-22.5,"axis":"z","origin":[14.06889,4.70954,4.5]},"faces":{"north":{"uv":[0,8.25,1.5,7.75],"rotation":270,"texture":"#0"},"east":{"uv":[7,8.25,8.5,7.75],"rotation":90,"texture":"#0"},"south":{"uv":[1.5,8.25,0,7.75],"rotation":90,"texture":"#0"},"west":{"uv":[5.5,7.75,7,8.25],"rotation":90,"texture":"#0"},"up":{"uv":[5.75,10.5,5.25,10],"rotation":90,"texture":"#0"},"down":{"uv":[6.25,10.5,5.75,10],"rotation":90,"texture":"#0"}}},{"from":[-2.85125,4.91215,4.505],"to":[1.14875,10.41215,4.505],"rotation":{"angle":45,"axis":"z","origin":[2.68111,5.95954,4.5]},"faces":{"north":{"uv":[2.75,6.25,5.5,8.25],"rotation":270,"texture":"#0"},"east":{"uv":[0,0,2.75,0],"rotation":90,"texture":"#0"},"south":{"uv":[5.5,6.25,2.75,8.25],"rotation":90,"texture":"#0"},"west":{"uv":[0,0,2.75,0],"rotation":90,"texture":"#0"},"up":{"uv":[0,0,0,2],"rotation":90,"texture":"#0"},"down":{"uv":[0,0,0,2],"rotation":90,"texture":"#0"}}},{"from":[14.85125,4.91215,4.505],"to":[18.85125,10.41215,4.505],"rotation":{"angle":-45,"axis":"z","origin":[13.31889,5.95954,4.5]},"faces":{"north":{"uv":[2.75,8.25,5.5,6.25],"rotation":270,"texture":"#0"},"east":{"uv":[0,0,2.75,0],"rotation":90,"texture":"#0"},"south":{"uv":[5.5,8.25,2.75,6.25],"rotation":90,"texture":"#0"},"west":{"uv":[0,0,2.75,0],"rotation":90,"texture":"#0"},"up":{"uv":[0,2,0,0],"rotation":90,"texture":"#0"},"down":{"uv":[0,2,0,0],"rotation":90,"texture":"#0"}}},{"from":[3.89633,3.04678,3.99],"to":[6.41633,4.06678,5.01],"rotation":{"angle":-45,"axis":"z","origin":[1.93111,4.70954,4.5]},"faces":{"north":{"uv":[7.75,0,9,0.5],"texture":"#0"},"east":{"uv":[5.25,10,4.75,10.5],"texture":"#0"},"south":{"uv":[9,0,7.75,0.5],"texture":"#0"},"west":{"uv":[4.75,10,4.25,10.5],"texture":"#0"},"up":{"uv":[7.75,1,9,0.5],"texture":"#0"},"down":{"uv":[7.75,1,9,1.5],"texture":"#0"}}},{"from":[9.58367,3.04678,3.99],"to":[12.10367,4.06678,5.01],"rotation":{"angle":45,"axis":"z","origin":[14.06889,4.70954,4.5]},"faces":{"north":{"uv":[9,0,7.75,0.5],"texture":"#0"},"east":{"uv":[4.25,10,4.75,10.5],"texture":"#0"},"south":{"uv":[7.75,0,9,0.5],"texture":"#0"},"west":{"uv":[4.75,10,5.25,10.5],"texture":"#0"},"up":{"uv":[9,1,7.75,0.5],"texture":"#0"},"down":{"uv":[9,1,7.75,1.5],"texture":"#0"}}},{"from":[8.16434,8.20712,4.494],"to":[10.87634,11.51912,4.506],"rotation":{"angle":0,"axis":"z","origin":[8.17034,9.41312,4.5]},"faces":{"north":{"uv":[8.25,1.75,5.5,4],"rotation":90,"texture":"#0"},"east":{"uv":[2.75,0,0,0],"rotation":270,"texture":"#0"},"south":{"uv":[5.5,1.75,8.25,4],"rotation":270,"texture":"#0"},"west":{"uv":[2.75,0,0,0],"rotation":270,"texture":"#0"},"up":{"uv":[0,0,0,2.25],"rotation":270,"texture":"#0"},"down":{"uv":[0,0,0,2.25],"rotation":270,"texture":"#0"}}},{"from":[5.2494,8.20712,4.494],"to":[7.9614,11.51912,4.506],"rotation":{"angle":0,"axis":"z","origin":[7.9554,9.41312,4.5]},"faces":{"north":{"uv":[8.25,4,5.5,1.75],"rotation":90,"texture":"#0"},"east":{"uv":[2.75,0,0,0],"rotation":270,"texture":"#0"},"south":{"uv":[5.5,4,8.25,1.75],"rotation":270,"texture":"#0"},"west":{"uv":[2.75,0,0,0],"rotation":270,"texture":"#0"},"up":{"uv":[0,2.25,0,0],"rotation":270,"texture":"#0"},"down":{"uv":[0,2.25,0,0],"rotation":270,"texture":"#0"}}},{"from":[1.64086,-0.29353,4.49],"to":[7.16086,4.22647,4.51],"rotation":{"angle":-45,"axis":"z","origin":[1.93111,4.70954,4.5]},"faces":{"north":{"uv":[5.5,1.75,8.25,4],"texture":"#0"},"east":{"uv":[0,0,0,2.25],"texture":"#0"},"south":{"uv":[8.25,1.75,5.5,4],"texture":"#0"},"west":{"uv":[0,0,0,2.25],"texture":"#0"},"up":{"uv":[0,0,2.75,0],"texture":"#0"},"down":{"uv":[0,0,2.75,0],"texture":"#0"}}},{"from":[8.83914,-0.29353,4.49],"to":[14.35914,4.22647,4.51],"rotation":{"angle":45,"axis":"z","origin":[14.06889,4.70954,4.5]},"faces":{"north":{"uv":[8.25,1.75,5.5,4],"texture":"#0"},"east":{"uv":[0,0,0,2.25],"texture":"#0"},"south":{"uv":[5.5,1.75,8.25,4],"texture":"#0"},"west":{"uv":[0,0,0,2.25],"texture":"#0"},"up":{"uv":[2.75,0,0,0],"texture":"#0"},"down":{"uv":[2.75,0,0,0],"texture":"#0"}}},{"from":[-1.00367,4.09678,3.99],"to":[1.51633,5.11678,5.01],"rotation":{"angle":-45,"axis":"z","origin":[1.93111,4.70954,4.5]},"faces":{"north":{"uv":[1.25,8.25,2.5,8.75],"texture":"#0"},"east":{"uv":[7.25,10,6.75,10.5],"texture":"#0"},"south":{"uv":[2.5,8.25,1.25,8.75],"texture":"#0"},"west":{"uv":[6.75,10,6.25,10.5],"texture":"#0"},"up":{"uv":[2.5,8.75,3.75,8.25],"texture":"#0"},"down":{"uv":[3.75,8.25,5,8.75],"texture":"#0"}}},{"from":[14.48367,4.09678,3.99],"to":[17.00367,5.11678,5.01],"rotation":{"angle":45,"axis":"z","origin":[14.06889,4.70954,4.5]},"faces":{"north":{"uv":[2.5,8.25,1.25,8.75],"texture":"#0"},"east":{"uv":[6.25,10,6.75,10.5],"texture":"#0"},"south":{"uv":[1.25,8.25,2.5,8.75],"texture":"#0"},"west":{"uv":[6.75,10,7.25,10.5],"texture":"#0"},"up":{"uv":[3.75,8.75,2.5,8.25],"texture":"#0"},"down":{"uv":[5,8.25,3.75,8.75],"texture":"#0"}}},{"from":[-7.78589,5.29093,4.49],"to":[2.23411,8.81093,4.51],"rotation":{"angle":-45,"axis":"z","origin":[1.93111,4.70954,4.5]},"faces":{"north":{"uv":[5.5,5.5,10.5,7.25],"texture":"#0"},"east":{"uv":[0,0,0,1.75],"texture":"#0"},"south":{"uv":[10.5,5.5,5.5,7.25],"texture":"#0"},"west":{"uv":[0,0,0,1.75],"texture":"#0"},"up":{"uv":[0,0,5,0],"texture":"#0"},"down":{"uv":[0,0,5,0],"texture":"#0"}}},{"from":[13.76589,5.29093,4.49],"to":[23.78589,8.81093,4.51],"rotation":{"angle":45,"axis":"z","origin":[14.06889,4.70954,4.5]},"faces":{"north":{"uv":[10.5,5.5,5.5,7.25],"texture":"#0"},"east":{"uv":[0,0,0,1.75],"texture":"#0"},"south":{"uv":[5.5,5.5,10.5,7.25],"texture":"#0"},"west":{"uv":[0,0,0,1.75],"texture":"#0"},"up":{"uv":[5,0,0,0],"texture":"#0"},"down":{"uv":[5,0,0,0],"texture":"#0"}}},{"from":[-0.28589,6.29093,3.99],"to":[0.73411,7.31093,5.01],"rotation":{"angle":-45,"axis":"z","origin":[1.93111,4.70954,4.5]},"faces":{"north":{"uv":[8.25,10,8.75,10.5],"texture":"#0"},"east":{"uv":[9.25,10,8.75,10.5],"texture":"#0"},"south":{"uv":[8.75,10,8.25,10.5],"texture":"#0"},"west":{"uv":[8.25,10,7.75,10.5],"texture":"#0"},"up":{"uv":[9.25,10.5,9.75,10],"texture":"#0"},"down":{"uv":[10,0.5,10.5,1],"texture":"#0"}}},{"from":[15.26589,6.29093,3.99],"to":[16.28589,7.31093,5.01],"rotation":{"angle":45,"axis":"z","origin":[14.06889,4.70954,4.5]},"faces":{"north":{"uv":[8.75,10,8.25,10.5],"texture":"#0"},"east":{"uv":[7.75,10,8.25,10.5],"texture":"#0"},"south":{"uv":[8.25,10,8.75,10.5],"texture":"#0"},"west":{"uv":[8.75,10,9.25,10.5],"texture":"#0"},"up":{"uv":[9.75,10.5,9.25,10],"texture":"#0"},"down":{"uv":[10.5,0.5,10,1],"texture":"#0"}}},{"from":[0.24344,7.17873,3.99],"to":[0.76344,9.69873,5.01],"rotation":{"angle":22.5,"axis":"z","origin":[1.93111,4.70954,4.5]},"faces":{"north":{"uv":[9.25,3.5,10.5,3.75],"rotation":270,"texture":"#0"},"east":{"uv":[5,8.75,6.25,8.25],"rotation":90,"texture":"#0"},"south":{"uv":[10.5,3.5,9.25,3.75],"rotation":90,"texture":"#0"},"west":{"uv":[6.25,8.25,7.5,8.75],"rotation":90,"texture":"#0"},"up":{"uv":[8.75,3.75,8.25,4],"rotation":90,"texture":"#0"},"down":{"uv":[10.75,5.25,10.25,5.5],"rotation":90,"texture":"#0"}}},{"from":[15.23656,7.17873,3.99],"to":[15.75656,9.69873,5.01],"rotation":{"angle":-22.5,"axis":"z","origin":[14.06889,4.70954,4.5]},"faces":{"north":{"uv":[9.25,3.75,10.5,3.5],"rotation":270,"texture":"#0"},"east":{"uv":[6.25,8.75,7.5,8.25],"rotation":90,"texture":"#0"},"south":{"uv":[10.5,3.75,9.25,3.5],"rotation":90,"texture":"#0"},"west":{"uv":[5,8.25,6.25,8.75],"rotation":90,"texture":"#0"},"up":{"uv":[8.75,4,8.25,3.75],"rotation":90,"texture":"#0"},"down":{"uv":[10.75,5.5,10.25,5.25],"rotation":90,"texture":"#0"}}},{"from":[3.39603,2.04175,3.99],"to":[3.91603,3.56175,5.01],"rotation":{"angle":45,"axis":"z","origin":[4.09816,3.08929,4.5]},"faces":{"north":{"uv":[10.25,7.75,10.5,8.25],"texture":"#0"},"east":{"uv":[0.5,9.5,0,10.25],"texture":"#0"},"south":{"uv":[10.25,1,10,1.75],"texture":"#0"},"west":{"uv":[9.75,2.75,9.25,3.5],"texture":"#0"},"up":{"uv":[10.25,4.75,10.5,4.25],"texture":"#0"},"down":{"uv":[10.25,4.75,10.5,5.25],"texture":"#0"}}},{"from":[12.08397,2.04175,3.99],"to":[12.60397,3.56175,5.01],"rotation":{"angle":-45,"axis":"z","origin":[11.90184,3.08929,4.5]},"faces":{"north":{"uv":[10.5,7.75,10.25,8.25],"texture":"#0"},"east":{"uv":[9.25,2.75,9.75,3.5],"texture":"#0"},"south":{"uv":[10,1,10.25,1.75],"texture":"#0"},"west":{"uv":[0,9.5,0.5,10.25],"texture":"#0"},"up":{"uv":[10.5,4.75,10.25,4.25],"texture":"#0"},"down":{"uv":[10.5,4.75,10.25,5.25],"texture":"#0"}}},{"from":[1.49952,1.77594,4.5],"to":[6.99952,8.77594,4.5],"rotation":{"angle":0,"axis":"z","origin":[1.93111,4.70954,4.5]},"faces":{"north":{"uv":[2.75,2.75,5.5,6.25],"texture":"#0"},"east":{"uv":[0,0,0,3.5],"texture":"#0"},"south":{"uv":[5.5,2.75,2.75,6.25],"texture":"#0"},"west":{"uv":[0,0,0,3.5],"texture":"#0"},"up":{"uv":[0,0,2.75,0],"texture":"#0"},"down":{"uv":[0,0,2.75,0],"texture":"#0"}}},{"from":[9.00048,1.77594,4.5],"to":[14.50048,8.77594,4.5],"rotation":{"angle":0,"axis":"z","origin":[14.06889,4.70954,4.5]},"faces":{"north":{"uv":[5.5,2.75,2.75,6.25],"texture":"#0"},"east":{"uv":[0,0,0,3.5],"texture":"#0"},"south":{"uv":[2.75,2.75,5.5,6.25],"texture":"#0"},"west":{"uv":[0,0,0,3.5],"texture":"#0"},"up":{"uv":[2.75,0,0,0],"texture":"#0"},"down":{"uv":[2.75,0,0,0],"texture":"#0"}}},{"from":[2.83201,3.11278,4],"to":[3.33201,4.11278,5],"rotation":{"angle":22.5,"axis":"z","origin":[3.52413,4.15031,4.5]},"faces":{"north":{"uv":[10.25,7.75,10.5,8.25],"texture":"#0"},"east":{"uv":[3.25,10,2.75,10.5],"texture":"#0"},"south":{"uv":[10.5,7.75,10.25,8.25],"texture":"#0"},"west":{"uv":[10.25,9.25,9.75,9.75],"texture":"#0"},"up":{"uv":[10.25,8.75,10.5,8.25],"texture":"#0"},"down":{"uv":[10.25,8.75,10.5,9.25],"texture":"#0"}}},{"from":[12.66799,3.11278,4],"to":[13.16799,4.11278,5],"rotation":{"angle":-22.5,"axis":"z","origin":[12.47587,4.15031,4.5]},"faces":{"north":{"uv":[10.5,7.75,10.25,8.25],"texture":"#0"},"east":{"uv":[9.75,9.25,10.25,9.75],"texture":"#0"},"south":{"uv":[10.25,7.75,10.5,8.25],"texture":"#0"},"west":{"uv":[2.75,10,3.25,10.5],"texture":"#0"},"up":{"uv":[10.5,8.75,10.25,8.25],"texture":"#0"},"down":{"uv":[10.5,8.75,10.25,9.25],"texture":"#0"}}},{"from":[11.71971,-1.44825,4],"to":[12.21971,-0.94825,5],"rotation":{"angle":-45,"axis":"z","origin":[12.02758,3.08929,4.5]},"faces":{"north":{"uv":[9.75,9.25,9.5,9.5],"texture":"#0"},"east":{"uv":[4.75,2.5,5.25,2.75],"texture":"#0"},"south":{"uv":[9.5,9.25,9.75,9.5],"texture":"#0"},"west":{"uv":[7.75,1.5,8.25,1.75],"texture":"#0"},"up":{"uv":[10.5,3.5,10.25,3],"texture":"#0"},"down":{"uv":[10.5,3.75,10.25,4.25],"texture":"#0"}}},{"from":[3.90603,-1.44825,4],"to":[4.40603,-0.94825,5],"rotation":{"angle":45,"axis":"z","origin":[4.09816,3.08929,4.5]},"faces":{"north":{"uv":[9.5,9.25,9.75,9.5],"texture":"#0"},"east":{"uv":[8.25,1.5,7.75,1.75],"texture":"#0"},"south":{"uv":[9.75,9.25,9.5,9.5],"texture":"#0"},"west":{"uv":[5.25,2.5,4.75,2.75],"texture":"#0"},"up":{"uv":[10.25,3.5,10.5,3],"texture":"#0"},"down":{"uv":[10.25,3.75,10.5,4.25],"texture":"#0"}}},{"from":[2.90603,-2.44825,4.5],"to":[4.90603,-0.44825,4.5],"rotation":{"angle":45,"axis":"z","origin":[4.09816,3.08929,4.5]},"faces":{"north":{"uv":[3.75,1.75,4.75,2.75],"texture":"#0"},"east":{"uv":[0,0,0,1],"texture":"#0"},"south":{"uv":[4.75,1.75,3.75,2.75],"texture":"#0"},"west":{"uv":[0,0,0,1],"texture":"#0"},"up":{"uv":[0,0,1,0],"texture":"#0"},"down":{"uv":[0,0,1,0],"texture":"#0"}}},{"from":[11.09397,-2.44825,4.5],"to":[13.09397,-0.44825,4.5],"rotation":{"angle":-45,"axis":"z","origin":[11.90184,3.08929,4.5]},"faces":{"north":{"uv":[4.75,1.75,3.75,2.75],"texture":"#0"},"east":{"uv":[0,0,0,1],"texture":"#0"},"south":{"uv":[3.75,1.75,4.75,2.75],"texture":"#0"},"west":{"uv":[0,0,0,1],"texture":"#0"},"up":{"uv":[1,0,0,0],"texture":"#0"},"down":{"uv":[1,0,0,0],"texture":"#0"}}},{"from":[10.21971,1.05175,4],"to":[10.71971,2.05175,5],"rotation":{"angle":-22.5,"axis":"z","origin":[10.02758,3.08929,4.5]},"faces":{"north":{"uv":[10.25,1.5,10.5,2],"texture":"#0"},"east":{"uv":[9.75,2,10.25,2.5],"texture":"#0"},"south":{"uv":[10.25,1.5,10.5,2],"texture":"#0"},"west":{"uv":[9.75,2.5,10.25,3],"texture":"#0"},"up":{"uv":[10.5,2.5,10.25,2],"texture":"#0"},"down":{"uv":[10.5,2.5,10.25,3],"texture":"#0"}}},{"from":[5.40603,1.05175,4],"to":[5.90603,2.05175,5],"rotation":{"angle":22.5,"axis":"z","origin":[6.09816,3.08929,4.5]},"faces":{"north":{"uv":[10.5,1.5,10.25,2],"texture":"#0"},"east":{"uv":[10.25,2.5,9.75,3],"texture":"#0"},"south":{"uv":[10.5,1.5,10.25,2],"texture":"#0"},"west":{"uv":[10.25,2,9.75,2.5],"texture":"#0"},"up":{"uv":[10.25,2.5,10.5,2],"texture":"#0"},"down":{"uv":[10.25,2.5,10.5,3],"texture":"#0"}}},{"from":[9.39371,2.95519,3.99],"to":[10.41371,4.47519,5.01],"rotation":{"angle":22.5,"axis":"z","origin":[9.90371,4.21519,4.5]},"faces":{"north":{"uv":[9,3.75,9.5,4.5],"texture":"#0"},"east":{"uv":[9,1.25,9.5,2],"texture":"#0"},"south":{"uv":[9,3.75,9.5,4.5],"texture":"#0"},"west":{"uv":[9,4.5,9.5,5.25],"texture":"#0"},"up":{"uv":[10,1.5,9.5,1],"texture":"#0"},"down":{"uv":[10,1.5,9.5,2],"texture":"#0"}}},{"from":[5.71203,2.95519,3.99],"to":[6.73203,4.47519,5.01],"rotation":{"angle":-22.5,"axis":"z","origin":[6.22203,4.21519,4.5]},"faces":{"north":{"uv":[9.5,3.75,9,4.5],"texture":"#0"},"east":{"uv":[9.5,4.5,9,5.25],"texture":"#0"},"south":{"uv":[9.5,3.75,9,4.5],"texture":"#0"},"west":{"uv":[9.5,1.25,9,2],"texture":"#0"},"up":{"uv":[9.5,1.5,10,1],"texture":"#0"},"down":{"uv":[9.5,1.5,10,2],"texture":"#0"}}},{"from":[9.56287,5.1,4],"to":[11.06287,6.6,5],"rotation":{"angle":0,"axis":"y","origin":[13.56287,9.1,8]},"faces":{"north":{"uv":[9,1.5,8.25,2.25],"texture":"#0"},"east":{"uv":[1.75,8.75,2.25,9.5],"texture":"#0"},"south":{"uv":[8.25,1.5,9,2.25],"texture":"#0"},"west":{"uv":[2.25,8.75,2.75,9.5],"texture":"#0"},"up":{"uv":[3.5,9.25,2.75,8.75],"texture":"#0"},"down":{"uv":[4.25,8.75,3.5,9.25],"texture":"#0"}}},{"from":[5.06287,5.1,4],"to":[6.56287,6.6,5],"rotation":{"angle":0,"axis":"y","origin":[2.56287,9.1,8]},"faces":{"north":{"uv":[8.25,1.5,9,2.25],"texture":"#0"},"east":{"uv":[2.75,8.75,2.25,9.5],"texture":"#0"},"south":{"uv":[9,1.5,8.25,2.25],"texture":"#0"},"west":{"uv":[2.25,8.75,1.75,9.5],"texture":"#0"},"up":{"uv":[2.75,9.25,3.5,8.75],"texture":"#0"},"down":{"uv":[3.5,8.75,4.25,9.25],"texture":"#0"}}},{"from":[5.98787,-7.9,4],"to":[7.48787,-6.4,5],"rotation":{"angle":45,"axis":"z","origin":[3.48787,-3.9,8]},"faces":{"north":{"uv":[8.25,1.5,9,2.25],"texture":"#0"},"east":{"uv":[8.75,1.5,8.25,2.25],"texture":"#0"},"south":{"uv":[9,1.5,8.25,2.25],"texture":"#0"},"west":{"uv":[2.25,8.75,1.75,9.5],"texture":"#0"},"up":{"uv":[2.75,9.25,3.5,8.75],"texture":"#0"},"down":{"uv":[3.5,8.75,4.25,9.25],"texture":"#0"}}},{"from":[9.06287,5.25,4],"to":[9.56287,6.25,5],"rotation":{"angle":0,"axis":"y","origin":[12.56287,9.25,8]},"faces":{"north":{"uv":[10,8.75,10.25,9.25],"texture":"#0"},"east":{"uv":[1.5,9.5,2,10],"texture":"#0"},"south":{"uv":[10,8.75,10.25,9.25],"texture":"#0"},"west":{"uv":[2,9.5,2.5,10],"texture":"#0"},"up":{"uv":[0.25,10.75,0,10.25],"texture":"#0"},"down":{"uv":[0.5,10.25,0.25,10.75],"texture":"#0"}}},{"from":[6.56287,5.25,4],"to":[7.06287,6.25,5],"rotation":{"angle":0,"axis":"y","origin":[3.56287,9.25,8]},"faces":{"north":{"uv":[10.25,8.75,10,9.25],"texture":"#0"},"east":{"uv":[2.5,9.5,2,10],"texture":"#0"},"south":{"uv":[10.25,8.75,10,9.25],"texture":"#0"},"west":{"uv":[2,9.5,1.5,10],"texture":"#0"},"up":{"uv":[0,10.75,0.25,10.25],"texture":"#0"},"down":{"uv":[0.25,10.25,0.5,10.75],"texture":"#0"}}},{"from":[10.93787,5.25,4.25],"to":[11.43787,7.25,4.75],"rotation":{"angle":-22.5,"axis":"z","origin":[11.18787,6.25,4.5]},"faces":{"north":{"uv":[1,10,0.75,11],"texture":"#0"},"east":{"uv":[0.5,10,0.75,11],"texture":"#0"},"south":{"uv":[0.75,10,1,11],"texture":"#0"},"west":{"uv":[1,10,1.25,11],"texture":"#0"},"up":{"uv":[5.5,2.75,5.25,2.5],"texture":"#0"},"down":{"uv":[7.5,8.75,7.25,9],"texture":"#0"}}},{"from":[4.68787,5.25,4.25],"to":[5.18787,7.25,4.75],"rotation":{"angle":22.5,"axis":"z","origin":[4.93787,6.25,4.5]},"faces":{"north":{"uv":[0.75,10,1,11],"texture":"#0"},"east":{"uv":[1.25,10,1,11],"texture":"#0"},"south":{"uv":[1,10,0.75,11],"texture":"#0"},"west":{"uv":[0.75,10,0.5,11],"texture":"#0"},"up":{"uv":[5.25,2.75,5.5,2.5],"texture":"#0"},"down":{"uv":[7.25,8.75,7.5,9],"texture":"#0"}}}]}