{"display":{"thirdperson_righthand":{"rotation":[9.5,-81,-86],"translation":[-3,-3.5,3.75],"scale":[1.1,1.1,1.1]},"thirdperson_lefthand":{"rotation":[9.5,-81,-86],"translation":[-3,-1.5,3.75],"scale":[1.1,1.1,1.1]},"firstperson_righthand":{"rotation":[7,90,97],"translation":[10.25,3.5,1.25]},"firstperson_lefthand":{"rotation":[7,90,97],"translation":[9.75,2,1.25]},"ground":{"translation":[1.75,9.25,2.5]},"gui":{"rotation":[0,0,48],"translation":[-3,3.25,0.5],"scale":[0.75,0.75,0.75]},"fixed":{"rotation":[0,0,-41],"translation":[5.5,4.25,2.75]}},"texture_size":[64,64],"textures":{"0":"gear/bow/heroic_bow","particle":"gear/bow/heroic_bow"},"elements":[{"from":[5.97,4.97,3.97],"to":[8.03,6.03,5.03],"rotation":{"angle":0,"axis":"y","origin":[8.5,9,8]},"faces":{"north":{"uv":[8.25,2.75,9.25,3.25],"texture":"#0"},"east":{"uv":[7.25,9.5,7.75,10],"texture":"#0"},"south":{"uv":[8.25,2.75,9.25,3.25],"texture":"#0"},"west":{"uv":[7.75,9.5,8.25,10],"texture":"#0"},"up":{"uv":[9.25,3.75,8.25,3.25],"texture":"#0"},"down":{"uv":[9.5,7.25,8.5,7.75],"texture":"#0"}}},{"from":[7.48,4.1175,3.98],"to":[9.02,5.1575,5.02],"rotation":{"angle":-45,"axis":"z","origin":[8.5,4.6375,4.5]},"faces":{"north":{"uv":[8.75,9,8,9.5],"texture":"#0"},"east":{"uv":[9.25,9.5,9.75,10],"texture":"#0"},"south":{"uv":[8,9,8.75,9.5],"texture":"#0"},"west":{"uv":[9.5,0.5,10,1],"texture":"#0"},"up":{"uv":[9.5,9.5,8.75,9],"texture":"#0"},"down":{"uv":[9.75,0,9,0.5],"texture":"#0"}}},{"from":[4.98,4.1175,3.98],"to":[6.52,5.1575,5.02],"rotation":{"angle":45,"axis":"z","origin":[5.5,4.6375,4.5]},"faces":{"north":{"uv":[8,9,8.75,9.5],"texture":"#0"},"east":{"uv":[10,0.5,9.5,1],"texture":"#0"},"south":{"uv":[8.75,9,8,9.5],"texture":"#0"},"west":{"uv":[9.75,9.5,9.25,10],"texture":"#0"},"up":{"uv":[8.75,9.5,9.5,9],"texture":"#0"},"down":{"uv":[9,0,9.75,0.5],"texture":"#0"}}},{"from":[8.65684,2.05175,4],"to":[9.65684,3.55175,5],"rotation":{"angle":-22.5,"axis":"z","origin":[8.96471,3.08929,4.5]},"faces":{"north":{"uv":[7.25,9.25,6.75,10],"texture":"#0"},"east":{"uv":[6.25,9.25,6.75,10],"texture":"#0"},"south":{"uv":[6.75,9.25,7.25,10],"texture":"#0"},"west":{"uv":[9.25,2,9.75,2.75],"texture":"#0"},"up":{"uv":[10.25,10.25,9.75,9.75],"texture":"#0"},"down":{"uv":[10.25,0,9.75,0.5],"texture":"#0"}}},{"from":[4.34316,2.05175,4],"to":[5.34316,3.55175,5],"rotation":{"angle":22.5,"axis":"z","origin":[5.03529,3.08929,4.5]},"faces":{"north":{"uv":[6.75,9.25,7.25,10],"texture":"#0"},"east":{"uv":[9.75,2,9.25,2.75],"texture":"#0"},"south":{"uv":[7.25,9.25,6.75,10],"texture":"#0"},"west":{"uv":[6.75,9.25,6.25,10],"texture":"#0"},"up":{"uv":[9.75,10.25,10.25,9.75],"texture":"#0"},"down":{"uv":[9.75,0,10.25,0.5],"texture":"#0"}}},{"from":[10.64684,-0.95825,3.99],"to":[11.66684,2.06175,5.01],"rotation":{"angle":-45,"axis":"z","origin":[10.96471,3.08929,4.5]},"faces":{"north":{"uv":[7,4,6.5,5.5],"texture":"#0"},"east":{"uv":[6,4,6.5,5.5],"texture":"#0"},"south":{"uv":[6.5,4,7,5.5],"texture":"#0"},"west":{"uv":[7,4,7.5,5.5],"texture":"#0"},"up":{"uv":[10.25,3.5,9.75,3],"texture":"#0"},"down":{"uv":[10.25,7.75,9.75,8.25],"texture":"#0"}}},{"from":[2.33316,-0.95825,3.99],"to":[3.35316,2.06175,5.01],"rotation":{"angle":45,"axis":"z","origin":[3.03529,3.08929,4.5]},"faces":{"north":{"uv":[6.5,4,7,5.5],"texture":"#0"},"east":{"uv":[7.5,4,7,5.5],"texture":"#0"},"south":{"uv":[7,4,6.5,5.5],"texture":"#0"},"west":{"uv":[6.5,4,6,5.5],"texture":"#0"},"up":{"uv":[9.75,3.5,10.25,3],"texture":"#0"},"down":{"uv":[9.75,7.75,10.25,8.25],"texture":"#0"}}},{"from":[8.63176,-0.54046,4],"to":[11.63176,0.45954,5],"rotation":{"angle":-22.5,"axis":"z","origin":[9.13176,-0.29046,4.5]},"faces":{"north":{"uv":[8.5,7.25,7,7.75],"texture":"#0"},"east":{"uv":[3.25,10,3.75,10.5],"texture":"#0"},"south":{"uv":[7,7.25,8.5,7.75],"texture":"#0"},"west":{"uv":[3.75,10,4.25,10.5],"texture":"#0"},"up":{"uv":[9,4.5,7.5,4],"texture":"#0"},"down":{"uv":[9,4.5,7.5,5],"texture":"#0"}}},{"from":[2.36824,-0.54046,4],"to":[5.36824,0.45954,5],"rotation":{"angle":22.5,"axis":"z","origin":[4.86824,-0.29046,4.5]},"faces":{"north":{"uv":[7,7.25,8.5,7.75],"texture":"#0"},"east":{"uv":[4.25,10,3.75,10.5],"texture":"#0"},"south":{"uv":[8.5,7.25,7,7.75],"texture":"#0"},"west":{"uv":[3.75,10,3.25,10.5],"texture":"#0"},"up":{"uv":[7.5,4.5,9,4],"texture":"#0"},"down":{"uv":[7.5,4.5,9,5],"texture":"#0"}}},{"from":[12.19692,-1.23553,3.995],"to":[15.21692,-0.21553,5.015],"rotation":{"angle":22.5,"axis":"z","origin":[13.70692,2.77447,4.505]},"faces":{"north":{"uv":[1.5,7.75,0,8.25],"texture":"#0"},"east":{"uv":[5.25,10,5.75,10.5],"texture":"#0"},"south":{"uv":[0,7.75,1.5,8.25],"texture":"#0"},"west":{"uv":[5.75,10,6.25,10.5],"texture":"#0"},"up":{"uv":[7,8.25,5.5,7.75],"texture":"#0"},"down":{"uv":[8.5,7.75,7,8.25],"texture":"#0"}}},{"from":[-1.21692,-1.23553,3.995],"to":[1.80308,-0.21553,5.015],"rotation":{"angle":-22.5,"axis":"z","origin":[0.29308,2.77447,4.505]},"faces":{"north":{"uv":[0,7.75,1.5,8.25],"texture":"#0"},"east":{"uv":[6.25,10,5.75,10.5],"texture":"#0"},"south":{"uv":[1.5,7.75,0,8.25],"texture":"#0"},"west":{"uv":[5.75,10,5.25,10.5],"texture":"#0"},"up":{"uv":[5.5,8.25,7,7.75],"texture":"#0"},"down":{"uv":[7,7.75,8.5,8.25],"texture":"#0"}}},{"from":[12.20692,-5.22553,4.505],"to":[17.70692,-1.22553,4.505],"rotation":{"angle":22.5,"axis":"z","origin":[13.70692,2.77447,4.505]},"faces":{"north":{"uv":[5.5,6.25,2.75,8.25],"texture":"#0"},"east":{"uv":[0,0,0,2],"texture":"#0"},"south":{"uv":[2.75,6.25,5.5,8.25],"texture":"#0"},"west":{"uv":[0,0,0,2],"texture":"#0"},"up":{"uv":[2.75,0,0,0],"texture":"#0"},"down":{"uv":[2.75,0,0,0],"texture":"#0"}}},{"from":[-3.70692,-5.22553,4.505],"to":[1.79308,-1.22553,4.505],"rotation":{"angle":-22.5,"axis":"z","origin":[0.29308,2.77447,4.505]},"faces":{"north":{"uv":[2.75,6.25,5.5,8.25],"texture":"#0"},"east":{"uv":[0,0,0,2],"texture":"#0"},"south":{"uv":[5.5,6.25,2.75,8.25],"texture":"#0"},"west":{"uv":[0,0,0,2],"texture":"#0"},"up":{"uv":[0,0,2.75,0],"texture":"#0"},"down":{"uv":[0,0,2.75,0],"texture":"#0"}}},{"from":[11.33579,-1.48814,3.99],"to":[13.85579,-0.46814,5.01],"rotation":{"angle":0,"axis":"z","origin":[12.34579,-0.97814,4.5]},"faces":{"north":{"uv":[9,0,7.75,0.5],"texture":"#0"},"east":{"uv":[4.25,10,4.75,10.5],"texture":"#0"},"south":{"uv":[7.75,0,9,0.5],"texture":"#0"},"west":{"uv":[4.75,10,5.25,10.5],"texture":"#0"},"up":{"uv":[9,1,7.75,0.5],"texture":"#0"},"down":{"uv":[9,1,7.75,1.5],"texture":"#0"}}},{"from":[0.14421,-1.48814,3.99],"to":[2.66421,-0.46814,5.01],"rotation":{"angle":0,"axis":"z","origin":[1.65421,-0.97814,4.5]},"faces":{"north":{"uv":[7.75,0,9,0.5],"texture":"#0"},"east":{"uv":[5.25,10,4.75,10.5],"texture":"#0"},"south":{"uv":[9,0,7.75,0.5],"texture":"#0"},"west":{"uv":[4.75,10,4.25,10.5],"texture":"#0"},"up":{"uv":[7.75,1,9,0.5],"texture":"#0"},"down":{"uv":[7.75,1,9,1.5],"texture":"#0"}}},{"from":[10.33579,-5.48814,4.49],"to":[15.85579,-0.96814,4.51],"rotation":{"angle":0,"axis":"z","origin":[12.34579,-0.97814,4.5]},"faces":{"north":{"uv":[8.25,1.75,5.5,4],"texture":"#0"},"east":{"uv":[0,0,0,2.25],"texture":"#0"},"south":{"uv":[5.5,1.75,8.25,4],"texture":"#0"},"west":{"uv":[0,0,0,2.25],"texture":"#0"},"up":{"uv":[2.75,0,0,0],"texture":"#0"},"down":{"uv":[2.75,0,0,0],"texture":"#0"}}},{"from":[-1.85579,-5.48814,4.49],"to":[3.66421,-0.96814,4.51],"rotation":{"angle":0,"axis":"z","origin":[1.65421,-0.97814,4.5]},"faces":{"north":{"uv":[5.5,1.75,8.25,4],"texture":"#0"},"east":{"uv":[0,0,0,2.25],"texture":"#0"},"south":{"uv":[8.25,1.75,5.5,4],"texture":"#0"},"west":{"uv":[0,0,0,2.25],"texture":"#0"},"up":{"uv":[0,0,2.75,0],"texture":"#0"},"down":{"uv":[0,0,2.75,0],"texture":"#0"}}},{"from":[16.23579,-0.43814,3.99],"to":[18.75579,0.58186,5.01],"rotation":{"angle":0,"axis":"z","origin":[12.24579,-0.92814,4.5]},"faces":{"north":{"uv":[2.5,8.25,1.25,8.75],"texture":"#0"},"east":{"uv":[6.25,10,6.75,10.5],"texture":"#0"},"south":{"uv":[1.25,8.25,2.5,8.75],"texture":"#0"},"west":{"uv":[6.75,10,7.25,10.5],"texture":"#0"},"up":{"uv":[3.75,8.75,2.5,8.25],"texture":"#0"},"down":{"uv":[5,8.25,3.75,8.75],"texture":"#0"}}},{"from":[-4.75579,-0.43814,3.99],"to":[-2.23579,0.58186,5.01],"rotation":{"angle":0,"axis":"z","origin":[1.75421,-0.92814,4.5]},"faces":{"north":{"uv":[1.25,8.25,2.5,8.75],"texture":"#0"},"east":{"uv":[7.25,10,6.75,10.5],"texture":"#0"},"south":{"uv":[2.5,8.25,1.25,8.75],"texture":"#0"},"west":{"uv":[6.75,10,6.25,10.5],"texture":"#0"},"up":{"uv":[2.5,8.75,3.75,8.25],"texture":"#0"},"down":{"uv":[3.75,8.25,5,8.75],"texture":"#0"}}},{"from":[15.23579,0.06186,4.49],"to":[25.25579,3.58186,4.51],"rotation":{"angle":0,"axis":"z","origin":[12.24579,-0.92814,4.5]},"faces":{"north":{"uv":[2.75,0,7.75,1.75],"texture":"#0"},"east":{"uv":[0,0,0,1.75],"texture":"#0"},"south":{"uv":[5.5,5.5,10.5,7.25],"texture":"#0"},"west":{"uv":[0,0,0,1.75],"texture":"#0"},"up":{"uv":[5,0,0,0],"texture":"#0"},"down":{"uv":[5,0,0,0],"texture":"#0"}}},{"from":[-11.25579,0.06186,4.49],"to":[-1.23579,3.58186,4.51],"rotation":{"angle":0,"axis":"z","origin":[1.75421,-0.92814,4.5]},"faces":{"north":{"uv":[7.75,0,2.75,1.75],"texture":"#0"},"east":{"uv":[0,0,0,1.75],"texture":"#0"},"south":{"uv":[10.5,5.5,5.5,7.25],"texture":"#0"},"west":{"uv":[0,0,0,1.75],"texture":"#0"},"up":{"uv":[0,0,5,0],"texture":"#0"},"down":{"uv":[0,0,5,0],"texture":"#0"}}},{"from":[16.73579,1.06186,3.99],"to":[17.75579,2.08186,5.01],"rotation":{"angle":0,"axis":"z","origin":[12.24579,-0.92814,4.5]},"faces":{"north":{"uv":[8.75,10,8.25,10.5],"texture":"#0"},"east":{"uv":[7.75,10,8.25,10.5],"texture":"#0"},"south":{"uv":[8.25,10,8.75,10.5],"texture":"#0"},"west":{"uv":[8.75,10,9.25,10.5],"texture":"#0"},"up":{"uv":[9.75,10.5,9.25,10],"texture":"#0"},"down":{"uv":[10.5,0.5,10,1],"texture":"#0"}}},{"from":[-3.75579,1.06186,3.99],"to":[-2.73579,2.08186,5.01],"rotation":{"angle":0,"axis":"z","origin":[1.75421,-0.92814,4.5]},"faces":{"north":{"uv":[8.25,10,8.75,10.5],"texture":"#0"},"east":{"uv":[9.25,10,8.75,10.5],"texture":"#0"},"south":{"uv":[8.75,10,8.25,10.5],"texture":"#0"},"west":{"uv":[8.25,10,7.75,10.5],"texture":"#0"},"up":{"uv":[9.25,10.5,9.75,10],"texture":"#0"},"down":{"uv":[10,0.5,10.5,1],"texture":"#0"}}},{"from":[18.55267,0.02272,3.99],"to":[21.07267,0.54272,5.01],"rotation":{"angle":22.5,"axis":"z","origin":[19.81267,0.28272,4.5]},"faces":{"north":{"uv":[10.5,3.5,9.25,3.75],"texture":"#0"},"east":{"uv":[8.25,3.75,8.75,4],"texture":"#0"},"south":{"uv":[9.25,3.5,10.5,3.75],"texture":"#0"},"west":{"uv":[10.25,5.25,10.75,5.5],"texture":"#0"},"up":{"uv":[6.25,8.75,5,8.25],"texture":"#0"},"down":{"uv":[7.5,8.25,6.25,8.75],"texture":"#0"}}},{"from":[-7.07267,0.02272,3.99],"to":[-4.55267,0.54272,5.01],"rotation":{"angle":-22.5,"axis":"z","origin":[-5.81267,0.28272,4.5]},"faces":{"north":{"uv":[9.25,3.5,10.5,3.75],"texture":"#0"},"east":{"uv":[10.75,5.25,10.25,5.5],"texture":"#0"},"south":{"uv":[10.5,3.5,9.25,3.75],"texture":"#0"},"west":{"uv":[8.75,3.75,8.25,4],"texture":"#0"},"up":{"uv":[5,8.75,6.25,8.25],"texture":"#0"},"down":{"uv":[6.25,8.25,7.5,8.75],"texture":"#0"}}},{"from":[11.14684,2.04175,3.99],"to":[11.66684,3.56175,5.01],"rotation":{"angle":-45,"axis":"z","origin":[10.96471,3.08929,4.5]},"faces":{"north":{"uv":[10.5,7.75,10.25,8.25],"texture":"#0"},"east":{"uv":[9.25,2.75,9.75,3.5],"texture":"#0"},"south":{"uv":[10,1,10.25,1.75],"texture":"#0"},"west":{"uv":[0,9.5,0.5,10.25],"texture":"#0"},"up":{"uv":[10.5,4.75,10.25,4.25],"texture":"#0"},"down":{"uv":[10.5,4.75,10.25,5.25],"texture":"#0"}}},{"from":[2.33316,2.04175,3.99],"to":[2.85316,3.56175,5.01],"rotation":{"angle":45,"axis":"z","origin":[3.03529,3.08929,4.5]},"faces":{"north":{"uv":[10.25,7.75,10.5,8.25],"texture":"#0"},"east":{"uv":[0.5,9.5,0,10.25],"texture":"#0"},"south":{"uv":[10.25,1,10,1.75],"texture":"#0"},"west":{"uv":[9.75,2.75,9.25,3.5],"texture":"#0"},"up":{"uv":[10.25,4.75,10.5,4.25],"texture":"#0"},"down":{"uv":[10.25,4.75,10.5,5.25],"texture":"#0"}}},{"from":[10.65684,-0.44825,4.5],"to":[16.15684,6.55175,4.5],"rotation":{"angle":-45,"axis":"z","origin":[10.96471,3.08929,4.5]},"faces":{"north":{"uv":[0,0,2.75,3.5],"texture":"#0"},"east":{"uv":[0,0,0,3.5],"texture":"#0"},"south":{"uv":[2.75,2.75,5.5,6.25],"texture":"#0"},"west":{"uv":[0,0,0,3.5],"texture":"#0"},"up":{"uv":[2.75,0,0,0],"texture":"#0"},"down":{"uv":[2.75,0,0,0],"texture":"#0"}}},{"from":[-2.15684,-0.44825,4.5],"to":[3.34316,6.55175,4.5],"rotation":{"angle":45,"axis":"z","origin":[3.03529,3.08929,4.5]},"faces":{"north":{"uv":[2.75,0,0,3.5],"texture":"#0"},"east":{"uv":[0,0,0,3.5],"texture":"#0"},"south":{"uv":[5.5,2.75,2.75,6.25],"texture":"#0"},"west":{"uv":[0,0,0,3.5],"texture":"#0"},"up":{"uv":[0,0,2.75,0],"texture":"#0"},"down":{"uv":[0,0,2.75,0],"texture":"#0"}}},{"from":[11.73086,3.11278,4],"to":[12.23086,4.11278,5],"rotation":{"angle":-22.5,"axis":"z","origin":[11.53874,4.15031,4.5]},"faces":{"north":{"uv":[10.5,7.75,10.25,8.25],"texture":"#0"},"east":{"uv":[9.75,9.25,10.25,9.75],"texture":"#0"},"south":{"uv":[10.25,7.75,10.5,8.25],"texture":"#0"},"west":{"uv":[2.75,10,3.25,10.5],"texture":"#0"},"up":{"uv":[10.5,8.75,10.25,8.25],"texture":"#0"},"down":{"uv":[10.5,8.75,10.25,9.25],"texture":"#0"}}},{"from":[1.76914,3.11278,4],"to":[2.26914,4.11278,5],"rotation":{"angle":22.5,"axis":"z","origin":[2.46126,4.15031,4.5]},"faces":{"north":{"uv":[10.25,7.75,10.5,8.25],"texture":"#0"},"east":{"uv":[3.25,10,2.75,10.5],"texture":"#0"},"south":{"uv":[10.5,7.75,10.25,8.25],"texture":"#0"},"west":{"uv":[10.25,9.25,9.75,9.75],"texture":"#0"},"up":{"uv":[10.25,8.75,10.5,8.25],"texture":"#0"},"down":{"uv":[10.25,8.75,10.5,9.25],"texture":"#0"}}},{"from":[10.65684,-1.44825,4],"to":[11.15684,-0.94825,5],"rotation":{"angle":-45,"axis":"z","origin":[10.96471,3.08929,4.5]},"faces":{"north":{"uv":[9.75,9.25,9.5,9.5],"texture":"#0"},"east":{"uv":[4.75,2.5,5.25,2.75],"texture":"#0"},"south":{"uv":[9.5,9.25,9.75,9.5],"texture":"#0"},"west":{"uv":[7.75,1.5,8.25,1.75],"texture":"#0"},"up":{"uv":[10.5,3.5,10.25,3],"texture":"#0"},"down":{"uv":[10.5,3.75,10.25,4.25],"texture":"#0"}}},{"from":[2.84316,-1.44825,4],"to":[3.34316,-0.94825,5],"rotation":{"angle":45,"axis":"z","origin":[3.03529,3.08929,4.5]},"faces":{"north":{"uv":[9.5,9.25,9.75,9.5],"texture":"#0"},"east":{"uv":[8.25,1.5,7.75,1.75],"texture":"#0"},"south":{"uv":[9.75,9.25,9.5,9.5],"texture":"#0"},"west":{"uv":[5.25,2.5,4.75,2.75],"texture":"#0"},"up":{"uv":[10.25,3.5,10.5,3],"texture":"#0"},"down":{"uv":[10.25,3.75,10.5,4.25],"texture":"#0"}}},{"from":[10.15684,-2.44825,4.5],"to":[12.15684,-0.44825,4.5],"rotation":{"angle":-45,"axis":"z","origin":[10.96471,3.08929,4.5]},"faces":{"north":{"uv":[4.75,1.75,3.75,2.75],"texture":"#0"},"east":{"uv":[0,0,0,1],"texture":"#0"},"south":{"uv":[3.75,1.75,4.75,2.75],"texture":"#0"},"west":{"uv":[0,0,0,1],"texture":"#0"},"up":{"uv":[1,0,0,0],"texture":"#0"},"down":{"uv":[1,0,0,0],"texture":"#0"}}},{"from":[1.84316,-2.44825,4.5],"to":[3.84316,-0.44825,4.5],"rotation":{"angle":45,"axis":"z","origin":[3.03529,3.08929,4.5]},"faces":{"north":{"uv":[3.75,1.75,4.75,2.75],"texture":"#0"},"east":{"uv":[0,0,0,1],"texture":"#0"},"south":{"uv":[4.75,1.75,3.75,2.75],"texture":"#0"},"west":{"uv":[0,0,0,1],"texture":"#0"},"up":{"uv":[0,0,1,0],"texture":"#0"},"down":{"uv":[0,0,1,0],"texture":"#0"}}},{"from":[9.15684,1.05175,4],"to":[9.65684,2.05175,5],"rotation":{"angle":-22.5,"axis":"z","origin":[8.96471,3.08929,4.5]},"faces":{"north":{"uv":[10.25,1.5,10.5,2],"texture":"#0"},"east":{"uv":[9.75,2,10.25,2.5],"texture":"#0"},"south":{"uv":[10.25,1.5,10.5,2],"texture":"#0"},"west":{"uv":[9.75,2.5,10.25,3],"texture":"#0"},"up":{"uv":[10.5,2.5,10.25,2],"texture":"#0"},"down":{"uv":[10.5,2.5,10.25,3],"texture":"#0"}}},{"from":[4.34316,1.05175,4],"to":[4.84316,2.05175,5],"rotation":{"angle":22.5,"axis":"z","origin":[5.03529,3.08929,4.5]},"faces":{"north":{"uv":[10.5,1.5,10.25,2],"texture":"#0"},"east":{"uv":[10.25,2.5,9.75,3],"texture":"#0"},"south":{"uv":[10.5,1.5,10.25,2],"texture":"#0"},"west":{"uv":[10.25,2,9.75,2.5],"texture":"#0"},"up":{"uv":[10.25,2.5,10.5,2],"texture":"#0"},"down":{"uv":[10.25,2.5,10.5,3],"texture":"#0"}}},{"from":[8.33084,2.95519,3.99],"to":[9.35084,4.47519,5.01],"rotation":{"angle":22.5,"axis":"z","origin":[8.84084,4.21519,4.5]},"faces":{"north":{"uv":[9,3.75,9.5,4.5],"texture":"#0"},"east":{"uv":[9,1.25,9.5,2],"texture":"#0"},"south":{"uv":[9,3.75,9.5,4.5],"texture":"#0"},"west":{"uv":[9,4.5,9.5,5.25],"texture":"#0"},"up":{"uv":[10,1.5,9.5,1],"texture":"#0"},"down":{"uv":[10,1.5,9.5,2],"texture":"#0"}}},{"from":[4.64916,2.95519,3.99],"to":[5.66916,4.47519,5.01],"rotation":{"angle":-22.5,"axis":"z","origin":[5.15916,4.21519,4.5]},"faces":{"north":{"uv":[9.5,3.75,9,4.5],"texture":"#0"},"east":{"uv":[9.5,4.5,9,5.25],"texture":"#0"},"south":{"uv":[9.5,3.75,9,4.5],"texture":"#0"},"west":{"uv":[9.5,1.25,9,2],"texture":"#0"},"up":{"uv":[9.5,1.5,10,1],"texture":"#0"},"down":{"uv":[9.5,1.5,10,2],"texture":"#0"}}},{"from":[8.5,5.1,4],"to":[10,6.6,5],"rotation":{"angle":0,"axis":"y","origin":[12.5,9.1,8]},"faces":{"north":{"uv":[9,1.5,8.25,2.25],"texture":"#0"},"east":{"uv":[1.75,8.75,2.25,9.5],"texture":"#0"},"south":{"uv":[8.25,1.5,9,2.25],"texture":"#0"},"west":{"uv":[2.25,8.75,2.75,9.5],"texture":"#0"},"up":{"uv":[3.5,9.25,2.75,8.75],"texture":"#0"},"down":{"uv":[4.25,8.75,3.5,9.25],"texture":"#0"}}},{"from":[4,5.1,4],"to":[5.5,6.6,5],"rotation":{"angle":0,"axis":"y","origin":[1.5,9.1,8]},"faces":{"north":{"uv":[8.25,1.5,9,2.25],"texture":"#0"},"east":{"uv":[2.75,8.75,2.25,9.5],"texture":"#0"},"south":{"uv":[9,1.5,8.25,2.25],"texture":"#0"},"west":{"uv":[2.25,8.75,1.75,9.5],"texture":"#0"},"up":{"uv":[2.75,9.25,3.5,8.75],"texture":"#0"},"down":{"uv":[3.5,8.75,4.25,9.25],"texture":"#0"}}},{"from":[8,5.25,4],"to":[8.5,6.25,5],"rotation":{"angle":0,"axis":"y","origin":[11.5,9.25,8]},"faces":{"north":{"uv":[10,8.75,10.25,9.25],"texture":"#0"},"east":{"uv":[1.5,9.5,2,10],"texture":"#0"},"south":{"uv":[10,8.75,10.25,9.25],"texture":"#0"},"west":{"uv":[2,9.5,2.5,10],"texture":"#0"},"up":{"uv":[0.25,10.75,0,10.25],"texture":"#0"},"down":{"uv":[0.5,10.25,0.25,10.75],"texture":"#0"}}},{"from":[5.5,5.25,4],"to":[6,6.25,5],"rotation":{"angle":0,"axis":"y","origin":[2.5,9.25,8]},"faces":{"north":{"uv":[10.25,8.75,10,9.25],"texture":"#0"},"east":{"uv":[2.5,9.5,2,10],"texture":"#0"},"south":{"uv":[10.25,8.75,10,9.25],"texture":"#0"},"west":{"uv":[2,9.5,1.5,10],"texture":"#0"},"up":{"uv":[0,10.75,0.25,10.25],"texture":"#0"},"down":{"uv":[0.25,10.25,0.5,10.75],"texture":"#0"}}},{"from":[9.875,5.25,4.25],"to":[10.375,7.25,4.75],"rotation":{"angle":-22.5,"axis":"z","origin":[10.125,6.25,4.5]},"faces":{"north":{"uv":[1,10,0.75,11],"texture":"#0"},"east":{"uv":[0.5,10,0.75,11],"texture":"#0"},"south":{"uv":[0.75,10,1,11],"texture":"#0"},"west":{"uv":[1,10,1.25,11],"texture":"#0"},"up":{"uv":[5.5,2.75,5.25,2.5],"texture":"#0"},"down":{"uv":[7.5,8.75,7.25,9],"texture":"#0"}}},{"from":[3.625,5.25,4.25],"to":[4.125,7.25,4.75],"rotation":{"angle":22.5,"axis":"z","origin":[3.875,6.25,4.5]},"faces":{"north":{"uv":[0.75,10,1,11],"texture":"#0"},"east":{"uv":[1.25,10,1,11],"texture":"#0"},"south":{"uv":[1,10,0.75,11],"texture":"#0"},"west":{"uv":[0.75,10,0.5,11],"texture":"#0"},"up":{"uv":[5.25,2.75,5.5,2.5],"texture":"#0"},"down":{"uv":[7.25,8.75,7.5,9],"texture":"#0"}}}]}