{"display":{"thirdperson_righthand":{"rotation":[-19,0,0],"translation":[0,0.75,-1],"scale":[0.55,0.55,0.55]},"thirdperson_lefthand":{"rotation":[-19,0,0],"translation":[0,0.75,-1],"scale":[0.55,0.55,0.55]},"firstperson_righthand":{"rotation":[0,-13,0],"translation":[1,4.75,0],"scale":[0.53,0.53,0.53]},"firstperson_lefthand":{"rotation":[0,-13,0],"translation":[1,4.75,0],"scale":[0.53,0.53,0.53]},"ground":{"translation":[0,3,0],"scale":[0.25,0.25,0.25]},"gui":{"rotation":[30,225,0],"translation":[-1,1,0],"scale":[0.46,0.46,0.46]},"head":{"rotation":[0,180,0],"translation":[0,13,7]},"fixed":{"rotation":[0,90,0],"translation":[0,0,-0.25],"scale":[0.5,0.5,0.5]}},"texture_size":[64,64],"textures":{"0":"gear/bow/mythical_crossbow","particle":"gear/bow/mythical_crossbow"},"elements":[{"from":[6.9,8.35072,7.89926],"to":[9.1,10.55072,15.09926],"rotation":{"angle":22.5,"axis":"x","origin":[0,-4.54928,3.99926]},"faces":{"north":{"uv":[3.75,6,4.25,6.5],"texture":"#0"},"east":{"uv":[2.5,5.5,4.25,6],"texture":"#0"},"south":{"uv":[2.5,7.75,3,8.25],"texture":"#0"},"west":{"uv":[6,1,7.75,1.5],"texture":"#0"},"up":{"uv":[4.75,7.25,4.25,5.5],"texture":"#0"},"down":{"uv":[6.5,1.5,6,3.25],"texture":"#0"}}},{"from":[7,-3.94534,17.51326],"to":[9,-1.19534,19.51326],"rotation":{"angle":-22.5,"axis":"x","origin":[0,3.05466,4.51326]},"faces":{"north":{"uv":[3.5,7.25,4,8],"texture":"#0"},"east":{"uv":[4,7.25,4.5,8],"texture":"#0"},"south":{"uv":[4.5,7.25,5,8],"texture":"#0"},"west":{"uv":[5,7.25,5.5,8],"texture":"#0"},"up":{"uv":[3.5,8.25,3,7.75],"texture":"#0"},"down":{"uv":[8.25,4.75,7.75,5.25],"texture":"#0"}}},{"from":[6.5,4.08268,14.53207],"to":[9.5,7.08268,22.53207],"rotation":{"angle":22.5,"axis":"x","origin":[0,-8.91732,10.53207]},"faces":{"north":{"uv":[6.5,2,7.25,2.75],"texture":"#0"},"east":{"uv":[5,4.5,7,5.25],"texture":"#0"},"south":{"uv":[2.5,6.5,3.25,7.25],"texture":"#0"},"west":{"uv":[5,5.25,7,6],"texture":"#0"},"up":{"uv":[1.75,7.5,1,5.5],"texture":"#0"},"down":{"uv":[2.5,5.5,1.75,7.5],"texture":"#0"}}},{"from":[7,5.77817,-9.56497],"to":[9,7.77817,13.43503],"rotation":{"angle":0,"axis":"y","origin":[7,5.77817,-2.56497]},"faces":{"north":{"uv":[5.5,7.75,6,8.25],"texture":"#0"},"east":{"uv":[0,3.5,5.75,4],"texture":"#0"},"south":{"uv":[6,7.75,6.5,8.25],"texture":"#0"},"west":{"uv":[0,4,5.75,4.5],"texture":"#0"},"up":{"uv":[0.5,10.25,0,4.5],"texture":"#0"},"down":{"uv":[1,4.5,0.5,10.25],"texture":"#0"}}},{"from":[7,6.77817,-11.56497],"to":[9,7.77817,-9.56497],"rotation":{"angle":0,"axis":"y","origin":[7,5.77817,-3.06497]},"faces":{"north":{"uv":[6,3.25,6.5,3.5],"texture":"#0"},"east":{"uv":[8,7,8.5,7.25],"texture":"#0"},"south":{"uv":[8,7.25,8.5,7.5],"texture":"#0"},"west":{"uv":[7.5,8,8,8.25],"texture":"#0"},"up":{"uv":[7,8.25,6.5,7.75],"texture":"#0"},"down":{"uv":[8.25,7.5,7.75,8],"texture":"#0"}}},{"from":[7.5,1.77817,6.93503],"to":[8.5,3.77817,10.93503],"rotation":{"angle":-22.5,"axis":"x","origin":[7,5.77817,-2.56497]},"faces":{"north":{"uv":[4.75,5.5,5,6],"texture":"#0"},"east":{"uv":[7,5.25,8,5.75],"texture":"#0"},"south":{"uv":[4,6.5,4.25,7],"texture":"#0"},"west":{"uv":[7,6.5,8,7],"texture":"#0"},"up":{"uv":[1.25,9,1,8],"texture":"#0"},"down":{"uv":[1.5,8,1.25,9],"texture":"#0"}}},{"from":[1.99,6.76817,-8.07497],"to":[14.01,8.78817,-6.05497],"rotation":{"angle":0,"axis":"y","origin":[7,5.77817,-2.56497]},"faces":{"north":{"uv":[5.75,3.5,8.75,4],"texture":"#0"},"east":{"uv":[1.5,8,2,8.5],"texture":"#0"},"south":{"uv":[5.75,4,8.75,4.5],"texture":"#0"},"west":{"uv":[2,8,2.5,8.5],"texture":"#0"},"up":{"uv":[9,0.5,6,0],"texture":"#0"},"down":{"uv":[9,0.5,6,1],"texture":"#0"}}},{"from":[4,8.77817,-7.06497],"to":[12,12.77817,-7.06497],"rotation":{"angle":0,"axis":"y","origin":[7,5.77817,-2.56497]},"faces":{"north":{"uv":[1,4.5,3,5.5],"texture":"#0"},"east":{"uv":[0,0,0,1],"texture":"#0"},"south":{"uv":[3,4.5,1,5.5],"texture":"#0"},"west":{"uv":[0,0,0,1],"texture":"#0"},"up":{"uv":[2,0,0,0],"texture":"#0"},"down":{"uv":[2,0,0,0],"texture":"#0"}}},{"from":[0.44626,6.77817,-5.26679],"to":[4.44626,8.77817,-4.26679],"rotation":{"angle":22.5,"axis":"y","origin":[-2.55374,5.77817,-0.26679]},"faces":{"north":{"uv":[7,7,8,7.5],"texture":"#0"},"east":{"uv":[8,8,8.25,8.5],"texture":"#0"},"south":{"uv":[7.25,2,8.25,2.5],"texture":"#0"},"west":{"uv":[8.25,2,8.5,2.5],"texture":"#0"},"up":{"uv":[9,3.25,8,3],"texture":"#0"},"down":{"uv":[9,3.25,8,3.5],"texture":"#0"}}},{"from":[11.55374,6.77817,-5.26679],"to":[15.55374,8.77817,-4.26679],"rotation":{"angle":-22.5,"axis":"y","origin":[18.55374,5.77817,-0.26679]},"faces":{"north":{"uv":[2.5,7.25,3.5,7.75],"texture":"#0"},"east":{"uv":[2.5,8.25,2.75,8.75],"texture":"#0"},"south":{"uv":[7.25,2.5,8.25,3],"texture":"#0"},"west":{"uv":[8.25,2.5,8.5,3],"texture":"#0"},"up":{"uv":[4.5,8.25,3.5,8],"texture":"#0"},"down":{"uv":[5.5,8,4.5,8.25],"texture":"#0"}}},{"from":[-1.10973,6.77817,-2.54896],"to":[3.89027,8.77817,-1.54896],"rotation":{"angle":45,"axis":"y","origin":[-3.10973,5.77817,2.45104]},"faces":{"north":{"uv":[2.5,6,3.75,6.5],"texture":"#0"},"east":{"uv":[2.75,8.25,3,8.75],"texture":"#0"},"south":{"uv":[4.75,6,6,6.5],"texture":"#0"},"west":{"uv":[3,8.25,3.25,8.75],"texture":"#0"},"up":{"uv":[8.5,6.5,7.25,6.25],"texture":"#0"},"down":{"uv":[9,1.5,7.75,1.75],"texture":"#0"}}},{"from":[-5.56037,6.67817,-1.01729],"to":[-2.36037,8.87817,1.18271],"rotation":{"angle":22.5,"axis":"y","origin":[-9.46037,5.77817,4.58271]},"faces":{"north":{"uv":[7.25,3,8,3.5],"texture":"#0"},"east":{"uv":[8,5.25,8.5,5.75],"texture":"#0"},"south":{"uv":[5.5,7.25,6.25,7.75],"texture":"#0"},"west":{"uv":[8,5.75,8.5,6.25],"texture":"#0"},"up":{"uv":[8,6.25,7.25,5.75],"texture":"#0"},"down":{"uv":[7,7.25,6.25,7.75],"texture":"#0"}}},{"from":[18.36037,6.67817,-1.01729],"to":[21.56037,8.87817,1.18271],"rotation":{"angle":-22.5,"axis":"y","origin":[25.46037,5.77817,4.58271]},"faces":{"north":{"uv":[1,7.5,1.75,8],"texture":"#0"},"east":{"uv":[8,6.5,8.5,7],"texture":"#0"},"south":{"uv":[1.75,7.5,2.5,8],"texture":"#0"},"west":{"uv":[7,8,7.5,8.5],"texture":"#0"},"up":{"uv":[7.75,8,7,7.5],"texture":"#0"},"down":{"uv":[8.5,1,7.75,1.5],"texture":"#0"}}},{"from":[12.10973,6.77817,-2.54896],"to":[17.10973,8.77817,-1.54896],"rotation":{"angle":-45,"axis":"y","origin":[19.10973,5.77817,2.45104]},"faces":{"north":{"uv":[6,6,7.25,6.5],"texture":"#0"},"east":{"uv":[3.25,8.25,3.5,8.75],"texture":"#0"},"south":{"uv":[6.5,1.5,7.75,2],"texture":"#0"},"west":{"uv":[3.5,8.25,3.75,8.75],"texture":"#0"},"up":{"uv":[9,2,7.75,1.75],"texture":"#0"},"down":{"uv":[9,4.5,7.75,4.75],"texture":"#0"}}},{"from":[8,-1,-8],"to":[8,6,16],"rotation":{"angle":0,"axis":"y","origin":[7,5.77817,-2.56497]},"faces":{"north":{"uv":[0,0,0,1.75],"texture":"#0"},"east":{"uv":[0,0,6,1.75],"texture":"#0"},"south":{"uv":[0,0,0,1.75],"texture":"#0"},"west":{"uv":[6,0,0,1.75],"texture":"#0"},"up":{"uv":[0,6,0,0],"texture":"#0"},"down":{"uv":[0,0,0,6],"texture":"#0"}}},{"from":[6.5,5.27817,10.43503],"to":[9.5,8.27817,13.43503],"rotation":{"angle":0,"axis":"y","origin":[7,5.77817,-2.56497]},"faces":{"north":{"uv":[6.5,2.75,7.25,3.5],"texture":"#0"},"east":{"uv":[3.25,6.5,4,7.25],"texture":"#0"},"south":{"uv":[4.75,6.5,5.5,7.25],"texture":"#0"},"west":{"uv":[5.5,6.5,6.25,7.25],"texture":"#0"},"up":{"uv":[7,7.25,6.25,6.5],"texture":"#0"},"down":{"uv":[7.75,4.5,7,5.25],"texture":"#0"}}}]}