{"display":{"thirdperson_righthand":{"translation":[0,-2,5],"scale":[0.7,0.7,0.7]},"thirdperson_lefthand":{"translation":[0,-2,5],"scale":[0.7,0.7,0.7]},"firstperson_righthand":{"rotation":[6,0,0],"translation":[5.5,2,-0.25],"scale":[0.6,0.6,0.6]},"firstperson_lefthand":{"rotation":[6,0,0],"translation":[5.5,2,-0.25],"scale":[0.6,0.6,0.6]},"ground":{"translation":[0,8.25,0],"scale":[0.6,0.6,0.6]},"gui":{"rotation":[-90,-45,-90],"scale":[0.6,0.6,0.6]},"fixed":{"rotation":[-90,-45,-90]}},"texture_size":[64,64],"textures":{"0":"gear/bow/olympus_bow","particle":"gear/bow/olympus_bow"},"elements":[{"from":[7.25,9,1.25],"to":[8.75,12,2.75],"rotation":{"angle":0,"axis":"y","origin":[8,9,2.25]},"faces":{"north":{"uv":[5.25,6,5.75,6.75],"texture":"#0"},"east":{"uv":[5.75,6,6.25,6.75],"texture":"#0"},"south":{"uv":[6,0,6.5,0.75],"texture":"#0"},"west":{"uv":[6,2.5,6.5,3.25],"texture":"#0"},"up":{"uv":[7,3.25,6.5,2.75],"texture":"#0"},"down":{"uv":[7,3.25,6.5,3.75],"texture":"#0"}}},{"from":[7.25,4,1.25],"to":[8.75,7,2.75],"rotation":{"angle":0,"axis":"y","origin":[8,9,2.25]},"faces":{"north":{"uv":[6,3.25,6.5,4],"texture":"#0"},"east":{"uv":[6,4,6.5,4.75],"texture":"#0"},"south":{"uv":[6,4.75,6.5,5.5],"texture":"#0"},"west":{"uv":[1.5,6.25,2,7],"texture":"#0"},"up":{"uv":[7,4.25,6.5,3.75],"texture":"#0"},"down":{"uv":[7,4.25,6.5,4.75],"texture":"#0"}}},{"from":[7.5,8.5,1],"to":[8.5,9.25,3],"rotation":{"angle":45,"axis":"z","origin":[8,8,1.25]},"faces":{"north":{"uv":[0.5,0.25,0.75,0.5],"texture":"#0"},"east":{"uv":[0.25,0,0.75,0.25],"texture":"#0"},"south":{"uv":[1.5,0.75,1.75,1],"texture":"#0"},"west":{"uv":[1,0.75,1.5,1],"texture":"#0"},"up":{"uv":[1.75,5,1.5,4.5],"texture":"#0"},"down":{"uv":[4.75,2,4.5,2.5],"texture":"#0"}}},{"from":[6.75,6.75,1],"to":[7.5,9.25,3],"rotation":{"angle":45,"axis":"z","origin":[8,8,1.25]},"faces":{"north":{"uv":[2.25,3.5,2.5,4.25],"texture":"#0"},"east":{"uv":[3,6.25,3.5,7],"texture":"#0"},"south":{"uv":[4,3.25,4.25,4],"texture":"#0"},"west":{"uv":[4.25,6.25,4.75,7],"texture":"#0"},"up":{"uv":[3.25,6.25,3,5.75],"texture":"#0"},"down":{"uv":[6,2.5,5.75,3],"texture":"#0"}}},{"from":[7.5,6.75,1],"to":[8.5,7.5,3],"rotation":{"angle":45,"axis":"z","origin":[8,8,1.25]},"faces":{"north":{"uv":[5.25,3,5.5,3.25],"texture":"#0"},"east":{"uv":[4,1.5,4.5,1.75],"texture":"#0"},"south":{"uv":[3.25,7,3.5,7.25],"texture":"#0"},"west":{"uv":[5.5,5,6,5.25],"texture":"#0"},"up":{"uv":[3.75,6.75,3.5,6.25],"texture":"#0"},"down":{"uv":[4,7.25,3.75,7.75],"texture":"#0"}}},{"from":[8.5,6.75,1],"to":[9.25,9.25,3],"rotation":{"angle":45,"axis":"z","origin":[8,8,1.25]},"faces":{"north":{"uv":[2,5,2.25,5.75],"texture":"#0"},"east":{"uv":[4.75,6.25,5.25,7],"texture":"#0"},"south":{"uv":[5.25,4.5,5.5,5.25],"texture":"#0"},"west":{"uv":[6.25,6.25,6.75,7],"texture":"#0"},"up":{"uv":[6.5,8,6.25,7.5],"texture":"#0"},"down":{"uv":[6.75,7.5,6.5,8],"texture":"#0"}}},{"from":[7,11.73148,-0.33626],"to":[9,15.73148,1.66374],"rotation":{"angle":22.5,"axis":"x","origin":[8,9,3]},"faces":{"north":{"uv":[5.25,2,5.75,3],"texture":"#0"},"east":{"uv":[5.5,0,6,1],"texture":"#0"},"south":{"uv":[5.5,3,6,4],"texture":"#0"},"west":{"uv":[5.5,4,6,5],"texture":"#0"},"up":{"uv":[7,5.25,6.5,4.75],"texture":"#0"},"down":{"uv":[1.5,6.75,1,7.25],"texture":"#0"}}},{"from":[7,0.26852,-0.33626],"to":[9,4.26852,1.66374],"rotation":{"angle":-22.5,"axis":"x","origin":[8,7,3]},"faces":{"north":{"uv":[1,5.75,1.5,6.75],"texture":"#0"},"east":{"uv":[2,5.75,2.5,6.75],"texture":"#0"},"south":{"uv":[2.5,5.75,3,6.75],"texture":"#0"},"west":{"uv":[3.75,5.75,4.25,6.75],"texture":"#0"},"up":{"uv":[2.5,7.25,2,6.75],"texture":"#0"},"down":{"uv":[3,6.75,2.5,7.25],"texture":"#0"}}},{"from":[7.25,21.27302,6.23756],"to":[8.75,22.77302,11.23756],"rotation":{"angle":22.5,"axis":"x","origin":[8,15,4]},"faces":{"north":{"uv":[3.5,6.75,4,7.25],"texture":"#0"},"east":{"uv":[4,4.5,5.25,5],"texture":"#0"},"south":{"uv":[5.25,6.75,5.75,7.25],"texture":"#0"},"west":{"uv":[4.5,1.5,5.75,2],"texture":"#0"},"up":{"uv":[1.5,5.75,1,4.5],"texture":"#0"},"down":{"uv":[5.25,2,4.75,3.25],"texture":"#0"}}},{"from":[7.25,-6.77302,6.23756],"to":[8.75,-5.27302,11.23756],"rotation":{"angle":-22.5,"axis":"x","origin":[8,0,5]},"faces":{"north":{"uv":[3.5,7.25,4,6.75],"texture":"#0"},"east":{"uv":[4,5,5.25,4.5],"texture":"#0"},"south":{"uv":[5.25,7.25,5.75,6.75],"texture":"#0"},"west":{"uv":[4.5,2,5.75,1.5],"texture":"#0"},"up":{"uv":[5.25,3.25,4.75,2],"texture":"#0"},"down":{"uv":[1.5,4.5,1,5.75],"texture":"#0"}}},{"from":[6.25,11.52373,1.39439],"to":[9.75,13.52373,4.89439],"rotation":{"angle":-22.5,"axis":"x","origin":[8,9,3]},"faces":{"north":{"uv":[5.5,1,6.5,1.5],"texture":"#0"},"east":{"uv":[6,5.5,6.75,6],"texture":"#0"},"south":{"uv":[4.25,5.75,5.25,6.25],"texture":"#0"},"west":{"uv":[6.5,0,7.25,0.5],"texture":"#0"},"up":{"uv":[1.75,0.75,0.75,0],"texture":"#0"},"down":{"uv":[3.5,1.75,2.5,2.5],"texture":"#0"}}},{"from":[6.25,2.47627,1.39439],"to":[9.75,4.47627,4.89439],"rotation":{"angle":22.5,"axis":"x","origin":[8,7,3]},"faces":{"north":{"uv":[5.75,1.5,6.75,2],"texture":"#0"},"east":{"uv":[6.5,0.5,7.25,1],"texture":"#0"},"south":{"uv":[5.75,2,6.75,2.5],"texture":"#0"},"west":{"uv":[6.5,1,7.25,1.5],"texture":"#0"},"up":{"uv":[4.25,3.25,3.25,2.5],"texture":"#0"},"down":{"uv":[4.5,1.75,3.5,2.5],"texture":"#0"}}},{"from":[7,19.36469,4.1524],"to":[9,21.36469,9.6524],"rotation":{"angle":0,"axis":"x","origin":[8,15,4]},"faces":{"north":{"uv":[5.75,6.75,6.25,7.25],"texture":"#0"},"east":{"uv":[4,4,5.5,4.5],"texture":"#0"},"south":{"uv":[6.75,6.75,7.25,7.25],"texture":"#0"},"west":{"uv":[4,0,5.5,0.5],"texture":"#0"},"up":{"uv":[2.25,5,1.75,3.5],"texture":"#0"},"down":{"uv":[2.75,4.25,2.25,5.75],"texture":"#0"}}},{"from":[7.375,18.2737,13.16801],"to":[8.625,19.5237,16.66801],"rotation":{"angle":0,"axis":"x","origin":[8,15,4]},"faces":{"north":{"uv":[7.5,2.75,7.75,3],"texture":"#0"},"east":{"uv":[6.5,5.25,7.5,5.5],"texture":"#0"},"south":{"uv":[7.5,3,7.75,3.25],"texture":"#0"},"west":{"uv":[6.75,1.5,7.75,1.75],"texture":"#0"},"up":{"uv":[4.25,7.75,4,6.75],"texture":"#0"},"down":{"uv":[1.75,7,1.5,8],"texture":"#0"}}},{"from":[7.375,-3.9825,12.86145],"to":[8.625,-2.7325,16.36145],"rotation":{"angle":0,"axis":"x","origin":[8,0,5]},"faces":{"north":{"uv":[7.5,3.25,7.75,3.5],"texture":"#0"},"east":{"uv":[6.75,1.75,7.75,2],"texture":"#0"},"south":{"uv":[7.5,3.5,7.75,3.75],"texture":"#0"},"west":{"uv":[6.75,2,7.75,2.25],"texture":"#0"},"up":{"uv":[2,8,1.75,7],"texture":"#0"},"down":{"uv":[3.25,7,3,8],"texture":"#0"}}},{"from":[7,-5.82349,3.84584],"to":[9,-3.82349,9.34584],"rotation":{"angle":0,"axis":"x","origin":[8,0,5]},"faces":{"north":{"uv":[6.75,5.5,7.25,6],"texture":"#0"},"east":{"uv":[4,0.5,5.5,1],"texture":"#0"},"south":{"uv":[6.75,6.25,7.25,6.75],"texture":"#0"},"west":{"uv":[4,1,5.5,1.5],"texture":"#0"},"up":{"uv":[3.25,5.75,2.75,4.25],"texture":"#0"},"down":{"uv":[4.75,2.5,4.25,4],"texture":"#0"}}},{"from":[6.75,14.54433,2.30447],"to":[9.25,21.54433,4.80447],"rotation":{"angle":22.5,"axis":"x","origin":[8,15,3]},"faces":{"north":{"uv":[1,1,1.75,2.75],"texture":"#0"},"east":{"uv":[1.75,1.75,2.5,3.5],"texture":"#0"},"south":{"uv":[1.75,0,2.5,1.75],"texture":"#0"},"west":{"uv":[2.5,2.5,3.25,4.25],"texture":"#0"},"up":{"uv":[5.5,4,4.75,3.25],"texture":"#0"},"down":{"uv":[4.5,5,3.75,5.75],"texture":"#0"}}},{"from":[6.75,-6.00314,1.99791],"to":[9.25,0.99686,4.49791],"rotation":{"angle":-22.5,"axis":"x","origin":[8,0,4]},"faces":{"north":{"uv":[2.5,0,3.25,1.75],"texture":"#0"},"east":{"uv":[1,2.75,1.75,4.5],"texture":"#0"},"south":{"uv":[3.25,3.25,4,5],"texture":"#0"},"west":{"uv":[3.25,0,4,1.75],"texture":"#0"},"up":{"uv":[5.25,5.75,4.5,5],"texture":"#0"},"down":{"uv":[6,5.25,5.25,6],"texture":"#0"}}},{"from":[7,-0.96003,12.58369],"to":[9,1.03997,14.58369],"rotation":{"angle":22.5,"axis":"x","origin":[8,0,5]},"faces":{"north":{"uv":[7.5,3.75,7,3.25],"rotation":180,"texture":"#0"},"east":{"uv":[4.75,7,5.25,7.5],"rotation":90,"texture":"#0"},"south":{"uv":[7.5,3.75,7,4.25],"texture":"#0"},"west":{"uv":[7,2.75,7.5,3.25],"rotation":270,"texture":"#0"},"up":{"uv":[6.25,7,6.75,7.5],"texture":"#0"},"down":{"uv":[4.25,7,4.75,7.5],"rotation":180,"texture":"#0"}}},{"from":[7,13.96003,12.9979],"to":[9,15.96003,14.9979],"rotation":{"angle":-22.5,"axis":"x","origin":[8,15,4]},"faces":{"north":{"uv":[3.75,7.25,3.25,7.75],"rotation":180,"texture":"#0"},"east":{"uv":[7,4.75,7.5,5.25],"rotation":270,"texture":"#0"},"south":{"uv":[3,7.75,2.5,7.25],"texture":"#0"},"west":{"uv":[2,7.25,2.5,7.75],"rotation":90,"texture":"#0"},"up":{"uv":[7,4.25,7.5,4.75],"rotation":180,"texture":"#0"},"down":{"uv":[1,7.25,1.5,7.75],"texture":"#0"}}},{"from":[7.25,19.30235,6.04367],"to":[8.75,21.30235,7.64367],"rotation":{"angle":-22.5,"axis":"x","origin":[8,15,4]},"faces":{"north":{"uv":[7.75,0.5,7.25,1],"rotation":180,"texture":"#0"},"east":{"uv":[5.75,7.25,6.25,7.75],"rotation":270,"texture":"#0"},"south":{"uv":[7.75,0.5,7.25,0],"texture":"#0"},"west":{"uv":[7.25,7.25,7.75,7.75],"rotation":90,"texture":"#0"},"up":{"uv":[5.25,7.25,5.75,7.75],"rotation":180,"texture":"#0"},"down":{"uv":[6.75,7.25,7.25,7.75],"texture":"#0"}}},{"from":[7.25,-6.30235,5.62946],"to":[8.75,-4.30235,7.22946],"rotation":{"angle":22.5,"axis":"x","origin":[8,0,5]},"faces":{"north":{"uv":[4.75,8,4.25,7.5],"rotation":180,"texture":"#0"},"east":{"uv":[7.25,5.5,7.75,6],"rotation":90,"texture":"#0"},"south":{"uv":[5.25,7.5,4.75,8],"texture":"#0"},"west":{"uv":[7.25,6.75,7.75,7.25],"rotation":270,"texture":"#0"},"up":{"uv":[7.25,6.25,7.75,6.75],"texture":"#0"},"down":{"uv":[7.25,1,7.75,1.5],"rotation":180,"texture":"#0"}}},{"from":[7.75,7.00208,9.48954],"to":[8.25,20.00208,9.98954],"rotation":{"angle":-22.5,"axis":"x","origin":[8,20,9.75]},"faces":{"north":{"uv":[0.0005,0.0005,0.2495,8.4995],"texture":"#0"},"east":{"uv":[0.2505,0.2505,0.4995,8.7495],"texture":"#0"},"south":{"uv":[0.5005,0.5005,0.7495,8.9995],"texture":"#0"},"west":{"uv":[0.7505,0.7505,0.9995,9.2495],"texture":"#0"},"up":{"uv":[4.2495,6.9995,4.0005,6.7505],"texture":"#0"},"down":{"uv":[5.2495,7.0005,5.0005,7.2495],"texture":"#0"}}},{"from":[7.75,7.75,-0.5],"to":[8.25,8.25,20],"rotation":{"angle":0,"axis":"y","origin":[8,8.25,8.75]},"faces":{"north":{"uv":[0.0005,0.0005,0.2495,8.4995],"texture":"#0"},"east":{"uv":[0.2505,0.2505,0.4995,8.7495],"texture":"#0"},"south":{"uv":[0.5005,0.5005,0.7495,8.9995],"texture":"#0"},"west":{"uv":[0.7505,0.7505,0.9995,9.2495],"texture":"#0"},"up":{"uv":[4.2495,6.9995,4.0005,6.7505],"texture":"#0"},"down":{"uv":[5.2495,7.0005,5.0005,7.2495],"texture":"#0"}}},{"from":[7.75,-4,7.5],"to":[8.25,9,8],"rotation":{"angle":22.5,"axis":"x","origin":[8,-9,8.75]},"faces":{"north":{"uv":[0.0005,0.0005,0.2495,8.4995],"texture":"#0"},"east":{"uv":[0.2505,0.2505,0.4995,8.7495],"texture":"#0"},"south":{"uv":[0.5005,0.5005,0.7495,8.9995],"texture":"#0"},"west":{"uv":[0.7505,0.7505,0.9995,9.2495],"texture":"#0"},"up":{"uv":[4.2495,6.9995,4.0005,6.7505],"texture":"#0"},"down":{"uv":[5.2495,7.0005,5.0005,7.2495],"texture":"#0"}}},{"from":[8,4.25,15.5],"to":[8,11.75,23],"rotation":{"angle":0,"axis":"y","origin":[8,7.75,8.75]},"faces":{"north":{"uv":[0.0005,0.0005,0.2495,8.4995],"texture":"#0"},"east":{"uv":[14,1,9.25,5.75],"texture":"#0"},"south":{"uv":[0.5005,0.5005,0.7495,8.9995],"texture":"#0"},"west":{"uv":[9.25,1,14,5.75],"texture":"#0"},"up":{"uv":[4.2495,6.9995,4.0005,6.7505],"texture":"#0"},"down":{"uv":[5.2495,7.0005,5.0005,7.2495],"texture":"#0"}}},{"from":[7.2,12.8,1.05],"to":[8.8,14.4,2.65],"rotation":{"angle":-45,"axis":"x","origin":[14.4,8,7.45]},"faces":{"north":{"uv":[6.7505,5.2505,7.2495,5.7495],"texture":"#0"},"east":{"uv":[6.7505,6.2505,7.2495,6.7495],"texture":"#0"},"south":{"uv":[1.5005,7.0005,1.9995,7.4995],"texture":"#0"},"west":{"uv":[3.0005,7.0005,3.4995,7.4995],"texture":"#0"},"up":{"uv":[4.4995,7.4995,4.0005,7.0005],"texture":"#0"},"down":{"uv":[4.9995,7.0005,4.5005,7.4995],"texture":"#0"}}}],"gui_light":"front"}