{"credit":"Copyright ManaLabs Inc","texture_size":[32,32],"textures":{"0":"manalabs:crates/disney/donald_duck_beak","particle":"manalabs:crates/disney/donald_duck_beak"},"elements":[{"from":[3,1,9],"to":[13,3,12],"rotation":{"angle":0,"axis":"y","origin":[7,0,13]},"faces":{"north":{"uv":[4,3,9,4],"texture":"#0"},"east":{"uv":[0,7.5,1.5,8.5],"texture":"#0"},"south":{"uv":[4,4,9,5],"texture":"#0"},"west":{"uv":[1.5,7.5,3,8.5],"texture":"#0"},"up":{"uv":[9,1.5,4,0],"texture":"#0"},"down":{"uv":[9,1.5,4,3],"texture":"#0"}}},{"from":[4,1,4],"to":[12,3,9],"rotation":{"angle":0,"axis":"y","origin":[7,0,11]},"faces":{"north":{"uv":[0,5,4,6],"texture":"#0"},"east":{"uv":[0,6,2.5,7],"texture":"#0"},"south":{"uv":[4,5,8,6],"texture":"#0"},"west":{"uv":[2.5,6,5,7],"texture":"#0"},"up":{"uv":[4,2.5,0,0],"texture":"#0"},"down":{"uv":[4,2.5,0,5],"texture":"#0"}}},{"from":[4.01,2.66,3.86],"to":[11.99,3.64,4.84],"rotation":{"angle":45,"axis":"x","origin":[8,2.65,4.35]},"faces":{"north":{"uv":[5,6,9,6.5],"texture":"#0"},"east":{"uv":[3,7.5,3.5,8],"texture":"#0"},"south":{"uv":[5,6.5,9,7],"texture":"#0"},"west":{"uv":[3.5,7.5,4,8],"texture":"#0"},"up":{"uv":[4,7.5,0,7],"texture":"#0"},"down":{"uv":[8,7,4,7.5],"texture":"#0"}}}],"display":{"ground":{"translation":[0,0.5,0],"scale":[0.6,0.6,0.6]},"gui":{"rotation":[18,-140,0],"translation":[0,5.25,0]},"head":{"rotation":[-13,0,0],"translation":[0,3.75,-11],"scale":[1.62,1.62,1.62]},"fixed":{"translation":[0,5.75,-1.75]}},"groups":[{"name":"head","origin":[8,8,8],"color":0,"children":[0,1,2]}]}