{"file_name":"mouth","texture_size":[64,64],"textures":{"layer0":"manamodels/alien"},"elements":[{"name":"mouth_0","from":[6.5,7.4,6.2],"to":[9.5,8.0,8.0],"rotation":{"angle":0.0,"axis":"z","origin":[8.0,8.0,8.0]},"faces":{"east":{"uv":[7.25,7.0,8.0,7.25],"texture":"#layer0","tintindex":0},"south":{"uv":[4.75,1.0,6.0,1.25],"texture":"#layer0","tintindex":0},"north":{"uv":[3.0,2.75,4.25,3.0],"texture":"#layer0","tintindex":0},"west":{"uv":[3.5,7.5,4.25,7.75],"texture":"#layer0","tintindex":0},"up":{"uv":[6.0,4.75,4.75,4.0],"texture":"#layer0","tintindex":0},"down":{"uv":[1.5,5.5,2.75,6.25],"texture":"#layer0","tintindex":0}}}],"display":{"head":{"translation":[0.0,-6.4,0.0],"rotation":[0.0,0.0,0.0],"scale":[3.8095,3.8095,3.8095]},"gui":{"translation":[0.0,0.0,0.0],"rotation":[35.0,225.0,0.0],"scale":[0.625,0.625,0.625]}}}