{"file_name":"rightleg","texture_size":[64,64],"textures":{"layer0":"manamodels/alien"},"elements":[{"name":"rightleg_0","from":[8.0,5.58155,7.290848],"to":[9.2,8.58155,8.490849],"rotation":{"angle":0.0,"axis":"z","origin":[8.0,8.0,8.0]},"faces":{"east":{"uv":[6.5,1.75,7.0,3.0],"texture":"#layer0","tintindex":0},"south":{"uv":[2.5,6.75,3.0,8.0],"texture":"#layer0","tintindex":0},"north":{"uv":[6.5,0.5,7.0,1.75],"texture":"#layer0","tintindex":0},"west":{"uv":[3.0,6.75,3.5,8.0],"texture":"#layer0","tintindex":0},"up":{"uv":[7.5,2.0,7.0,1.5],"texture":"#layer0","tintindex":0},"down":{"uv":[7.0,2.0,7.5,2.5],"texture":"#layer0","tintindex":0}}},{"name":"rightleg_1","from":[7.7,2.6,8.6],"to":[9.5,6.2,10.4],"rotation":{"angle":-22.5,"axis":"x","origin":[8.0,2.6,9.5]},"faces":{"east":{"uv":[2.75,5.25,3.5,6.75],"texture":"#layer0","tintindex":0},"south":{"uv":[3.5,5.25,4.25,6.75],"texture":"#layer0","tintindex":0},"north":{"uv":[0.0,5.0,0.75,6.5],"texture":"#layer0","tintindex":0},"west":{"uv":[0.75,5.5,1.5,7.0],"texture":"#layer0","tintindex":0},"up":{"uv":[7.5,3.75,6.75,3.0],"texture":"#layer0","tintindex":0},"down":{"uv":[6.75,3.75,7.5,4.5],"texture":"#layer0","tintindex":0}}},{"name":"rightleg_2","from":[7.7,2.6,8.0],"to":[9.5,3.1999998,8.6],"rotation":{"angle":-22.5,"axis":"x","origin":[8.0,2.6,9.5]},"faces":{"east":{"uv":[2.75,5.0,3.0,5.25],"texture":"#layer0","tintindex":0},"south":{"uv":[7.5,1.5,8.25,1.75],"texture":"#layer0","tintindex":0},"north":{"uv":[6.5,7.5,7.25,7.75],"texture":"#layer0","tintindex":0},"west":{"uv":[6.5,5.25,6.75,5.5],"texture":"#layer0","tintindex":0},"up":{"uv":[8.25,2.0,7.5,1.75],"texture":"#layer0","tintindex":0},"down":{"uv":[7.5,2.0,8.25,2.25],"texture":"#layer0","tintindex":0}}}],"display":{"head":{"translation":[0.0,-6.4,0.0],"rotation":[0.0,0.0,0.0],"scale":[3.8095,3.8095,3.8095]},"gui":{"translation":[0.0,0.0,0.0],"rotation":[35.0,225.0,0.0],"scale":[0.625,0.625,0.625]}}}