{"file_name":"arm_left","texture_size":[64,64],"textures":{"layer0":"manamodels/mummy"},"elements":[{"name":"arm_left_0","from":[6.7939997,4.994,7.394],"to":[8.0060005,8.606,8.606],"rotation":{"angle":0.0,"axis":"z","origin":[8.0,8.0,8.0]},"faces":{"east":{"uv":[8.5,3.0,9.0,4.5],"texture":"#layer0","tintindex":0},"south":{"uv":[8.5,4.5,9.0,6.0],"texture":"#layer0","tintindex":0},"north":{"uv":[8.5,1.5,9.0,3.0],"texture":"#layer0","tintindex":0},"west":{"uv":[8.5,6.0,9.0,7.5],"texture":"#layer0","tintindex":0},"up":{"uv":[9.5,5.0,9.0,4.5],"texture":"#layer0","tintindex":0},"down":{"uv":[9.0,5.0,9.5,5.5],"texture":"#layer0","tintindex":0}}}],"display":{"head":{"translation":[0.0,-6.4,0.0],"rotation":[0.0,0.0,0.0],"scale":[3.8095,3.8095,3.8095]},"gui":{"translation":[0.0,0.0,0.0],"rotation":[35.0,225.0,0.0],"scale":[0.625,0.625,0.625]}}}