{"file_name":"bandage9","texture_size":[64,64],"textures":{"layer0":"manamodels/mummy"},"elements":[{"name":"bandage9_0","from":[7.7,7.4,8.0],"to":[8.3,8.0,8.0],"rotation":{"angle":0.0,"axis":"z","origin":[8.0,8.0,8.0]},"faces":{"east":{"uv":[0.0,0.0,0.0,0.25],"texture":"#layer0","tintindex":0},"south":{"uv":[9.25,8.25,9.5,8.5],"texture":"#layer0","tintindex":0},"north":{"uv":[9.25,8.0,9.5,8.25],"texture":"#layer0","tintindex":0},"west":{"uv":[0.0,0.0,0.0,0.25],"texture":"#layer0","tintindex":0},"up":{"uv":[0.25,0.0,0.0,0.0],"texture":"#layer0","tintindex":0},"down":{"uv":[0.0,0.0,0.25,0.0],"texture":"#layer0","tintindex":0}}}],"display":{"head":{"translation":[0.0,-6.4,0.0],"rotation":[0.0,0.0,0.0],"scale":[3.8095,3.8095,3.8095]},"gui":{"translation":[0.0,0.0,0.0],"rotation":[35.0,225.0,0.0],"scale":[0.625,0.625,0.625]}}}