{"file_name":"head","texture_size":[64,64],"textures":{"layer0":"manamodels/mummy"},"elements":[{"name":"head_0","from":[6.2,8.0,6.2],"to":[9.8,9.2,9.8],"rotation":{"angle":0.0,"axis":"z","origin":[8.0,8.0,8.0]},"faces":{"east":{"uv":[7.0,5.5,8.5,6.0],"texture":"#layer0","tintindex":0},"south":{"uv":[7.0,6.0,8.5,6.5],"texture":"#layer0","tintindex":0},"north":{"uv":[2.0,1.5,3.5,2.0],"texture":"#layer0","tintindex":0},"west":{"uv":[7.0,6.5,8.5,7.0],"texture":"#layer0","tintindex":0},"up":{"uv":[1.5,7.0,0.0,5.5],"texture":"#layer0","tintindex":0},"down":{"uv":[4.0,5.5,5.5,7.0],"texture":"#layer0","tintindex":0}}},{"name":"head_1","from":[5.6,9.2,5.6],"to":[10.4,12.8,10.4],"rotation":{"angle":0.0,"axis":"z","origin":[8.0,8.0,8.0]},"faces":{"east":{"uv":[2.0,0.0,4.0,1.5],"texture":"#layer0","tintindex":0},"south":{"uv":[2.0,3.5,4.0,5.0],"texture":"#layer0","tintindex":0},"north":{"uv":[2.0,2.0,4.0,3.5],"texture":"#layer0","tintindex":0},"west":{"uv":[0.0,4.0,2.0,5.5],"texture":"#layer0","tintindex":0},"up":{"uv":[2.0,2.0,0.0,0.0],"texture":"#layer0","tintindex":0},"down":{"uv":[0.0,2.0,2.0,4.0],"texture":"#layer0","tintindex":0}}}],"display":{"head":{"translation":[0.0,-6.4,0.0],"rotation":[0.0,0.0,0.0],"scale":[3.8095,3.8095,3.8095]},"gui":{"translation":[0.0,0.0,0.0],"rotation":[35.0,225.0,0.0],"scale":[0.625,0.625,0.625]}}}