{"file_name":"leg_right","texture_size":[64,64],"textures":{"layer0":"manamodels/mummy"},"elements":[{"name":"leg_right_0","from":[7.394,4.394,7.394],"to":[8.606,8.0060005,8.606],"rotation":{"angle":0.0,"axis":"z","origin":[8.0,8.0,8.0]},"faces":{"east":{"uv":[7.5,0.0,8.0,1.5],"texture":"#layer0","tintindex":0},"south":{"uv":[1.5,8.0,2.0,9.5],"texture":"#layer0","tintindex":0},"north":{"uv":[1.0,7.0,1.5,8.5],"texture":"#layer0","tintindex":0},"west":{"uv":[2.0,8.0,2.5,9.5],"texture":"#layer0","tintindex":0},"up":{"uv":[4.0,2.0,3.5,1.5],"texture":"#layer0","tintindex":0},"down":{"uv":[1.5,5.5,2.0,6.0],"texture":"#layer0","tintindex":0}}}],"display":{"head":{"translation":[0.0,-6.4,0.0],"rotation":[0.0,0.0,0.0],"scale":[3.8095,3.8095,3.8095]},"gui":{"translation":[0.0,0.0,0.0],"rotation":[35.0,225.0,0.0],"scale":[0.625,0.625,0.625]}}}