{"display":{"thirdperson_righthand":{"translation":[0,1.75,0]},"thirdperson_lefthand":{"translation":[0,1.75,0]},"firstperson_righthand":{"rotation":[0,13,0],"translation":[2.5,1.75,0],"scale":[0.4,0.4,0.4]},"firstperson_lefthand":{"rotation":[0,13,0],"translation":[2.5,1.75,0],"scale":[0.4,0.4,0.4]},"ground":{"translation":[0,3,0],"scale":[0.7,0.7,0.7]},"gui":{"rotation":[30,225,0]},"fixed":{"translation":[0,1,-1.25]}},"texture_size":[32,32],"textures":{"0":"crates/valentines22_crate/flower_bouquet","particle":"crates/valentines22_crate/flower_bouquet"},"elements":[{"from":[4.5,11,4.5],"to":[11.5,12,11.5],"rotation":{"angle":0,"axis":"y","origin":[0.5,0,1.5]},"faces":{"north":{"uv":[0,10.5,3.5,11],"texture":"#0"},"east":{"uv":[3.5,10.5,7,11],"texture":"#0"},"south":{"uv":[0,11,3.5,11.5],"texture":"#0"},"west":{"uv":[3.5,11,7,11.5],"texture":"#0"},"up":{"uv":[11.5,3.5,8,0],"texture":"#0"},"down":{"uv":[11.5,3.5,8,7],"texture":"#0"}}},{"from":[8.5,11.75,3.5],"to":[10.5,13.75,5.5],"rotation":{"angle":0,"axis":"y","origin":[0.5,0,1.5]},"faces":{"north":{"uv":[7,10.5,8,11.5],"texture":"#0"},"east":{"uv":[11,7,12,8],"texture":"#0"},"south":{"uv":[11,8,12,9],"texture":"#0"},"west":{"uv":[11,9,12,10],"texture":"#0"},"up":{"uv":[12,11,11,10],"texture":"#0"},"down":{"uv":[12,11,11,12],"texture":"#0"}}},{"from":[7.75,11.5,8.25],"to":[9.75,13.5,10.25],"rotation":{"angle":0,"axis":"y","origin":[0.5,0,1.5]},"faces":{"north":{"uv":[0,11.5,1,12.5],"texture":"#0"},"east":{"uv":[11.5,0,12.5,1],"texture":"#0"},"south":{"uv":[1,11.5,2,12.5],"texture":"#0"},"west":{"uv":[11.5,1,12.5,2],"texture":"#0"},"up":{"uv":[3,12.5,2,11.5],"texture":"#0"},"down":{"uv":[12.5,2,11.5,3],"texture":"#0"}}},{"from":[3.75,11.75,6.75],"to":[5.75,13.75,8.75],"rotation":{"angle":0,"axis":"y","origin":[0.5,0,1.5]},"faces":{"north":{"uv":[3,11.5,4,12.5],"texture":"#0"},"east":{"uv":[11.5,3,12.5,4],"texture":"#0"},"south":{"uv":[4,11.5,5,12.5],"texture":"#0"},"west":{"uv":[11.5,4,12.5,5],"texture":"#0"},"up":{"uv":[6,12.5,5,11.5],"texture":"#0"},"down":{"uv":[12.5,5,11.5,6],"texture":"#0"}}},{"from":[10.25,11.25,5.75],"to":[12.25,13.25,7.75],"rotation":{"angle":0,"axis":"y","origin":[15.5,0,1.5]},"faces":{"north":{"uv":[6,11.5,7,12.5],"texture":"#0"},"east":{"uv":[11.5,6,12.5,7],"texture":"#0"},"south":{"uv":[7,11.5,8,12.5],"texture":"#0"},"west":{"uv":[8,11.5,9,12.5],"texture":"#0"},"up":{"uv":[10,12.5,9,11.5],"texture":"#0"},"down":{"uv":[11,11.5,10,12.5],"texture":"#0"}}},{"from":[5.25,11.25,10],"to":[7.25,13.25,12],"rotation":{"angle":0,"axis":"y","origin":[0.5,0,1.5]},"faces":{"north":{"uv":[12,7,13,8],"texture":"#0"},"east":{"uv":[12,8,13,9],"texture":"#0"},"south":{"uv":[12,9,13,10],"texture":"#0"},"west":{"uv":[12,10,13,11],"texture":"#0"},"up":{"uv":[12,13,11,12],"texture":"#0"},"down":{"uv":[13,11,12,12],"texture":"#0"}}},{"from":[5.25,11.5,3.5],"to":[7.25,13.5,5.5],"rotation":{"angle":0,"axis":"y","origin":[0.5,0,14.5]},"faces":{"north":{"uv":[12,12,13,13],"texture":"#0"},"east":{"uv":[0,12.5,1,13.5],"texture":"#0"},"south":{"uv":[12.5,0,13.5,1],"texture":"#0"},"west":{"uv":[1,12.5,2,13.5],"texture":"#0"},"up":{"uv":[13.5,2,12.5,1],"texture":"#0"},"down":{"uv":[3,12.5,2,13.5],"texture":"#0"}}},{"from":[10,11.25,9.75],"to":[12,13.25,11.75],"rotation":{"angle":0,"axis":"y","origin":[0.5,0,1.5]},"faces":{"north":{"uv":[12.5,2,13.5,3],"texture":"#0"},"east":{"uv":[3,12.5,4,13.5],"texture":"#0"},"south":{"uv":[12.5,3,13.5,4],"texture":"#0"},"west":{"uv":[4,12.5,5,13.5],"texture":"#0"},"up":{"uv":[13.5,5,12.5,4],"texture":"#0"},"down":{"uv":[6,12.5,5,13.5],"texture":"#0"}}},{"from":[6.25,11.25,6],"to":[8.25,13.25,8],"rotation":{"angle":0,"axis":"y","origin":[15.5,0,1.5]},"faces":{"north":{"uv":[12.5,5,13.5,6],"texture":"#0"},"east":{"uv":[6,12.5,7,13.5],"texture":"#0"},"south":{"uv":[12.5,6,13.5,7],"texture":"#0"},"west":{"uv":[7,12.5,8,13.5],"texture":"#0"},"up":{"uv":[9,13.5,8,12.5],"texture":"#0"},"down":{"uv":[10,12.5,9,13.5],"texture":"#0"}}},{"from":[7,3,7],"to":[9,5,9],"rotation":{"angle":0,"axis":"y","origin":[7.5,3,7.5]},"faces":{"north":{"uv":[10,12.5,11,13.5],"texture":"#0"},"east":{"uv":[13,7,14,8],"texture":"#0"},"south":{"uv":[13,8,14,9],"texture":"#0"},"west":{"uv":[13,9,14,10],"texture":"#0"},"up":{"uv":[14,11,13,10],"texture":"#0"},"down":{"uv":[12,13,11,14],"texture":"#0"}}},{"from":[6.5,0,6.5],"to":[9.5,3,9.5],"rotation":{"angle":0,"axis":"y","origin":[7,3,7.5]},"faces":{"north":{"uv":[8,7,9.5,8.5],"texture":"#0"},"east":{"uv":[8,8.5,9.5,10],"texture":"#0"},"south":{"uv":[9.5,7,11,8.5],"texture":"#0"},"west":{"uv":[9.5,8.5,11,10],"texture":"#0"},"up":{"uv":[9.5,11.5,8,10],"texture":"#0"},"down":{"uv":[11,10,9.5,11.5],"texture":"#0"}}},{"from":[8.28262,-1.41694,4],"to":[8.28262,9.58306,12],"rotation":{"angle":22.5,"axis":"z","origin":[0.03262,0.03306,1]},"faces":{"north":{"uv":[0,0,0,5],"texture":"#0"},"east":{"uv":[4,0,8,5.5],"texture":"#0"},"south":{"uv":[0,0,0,5],"texture":"#0"},"west":{"uv":[0,0,4,5.5],"texture":"#0"},"up":{"uv":[0,4,0,0],"texture":"#0"},"down":{"uv":[0,0,0,4],"texture":"#0"}}},{"from":[7.71738,-1.41694,4],"to":[7.71738,9.58306,12],"rotation":{"angle":-22.5,"axis":"z","origin":[15.96738,0.03306,1]},"faces":{"north":{"uv":[0,0,0,5],"texture":"#0"},"east":{"uv":[4,0,0,5.5],"texture":"#0"},"south":{"uv":[0,0,0,5],"texture":"#0"},"west":{"uv":[8,0,4,5.5],"texture":"#0"},"up":{"uv":[0,4,0,0],"texture":"#0"},"down":{"uv":[0,0,0,4],"texture":"#0"}}},{"from":[7.71738,-1.41694,4],"to":[7.71738,9.58306,12],"rotation":{"angle":-22.5,"axis":"z","origin":[15.96738,0.03306,1]},"faces":{"north":{"uv":[0,0,0,5],"texture":"#0"},"east":{"uv":[4,0,0,5.5],"texture":"#0"},"south":{"uv":[0,0,0,5],"texture":"#0"},"west":{"uv":[8,0,4,5.5],"texture":"#0"},"up":{"uv":[0,4,0,0],"texture":"#0"},"down":{"uv":[0,0,0,4],"texture":"#0"}}},{"from":[4,-1,8.3],"to":[12,10,8.3],"rotation":{"angle":-22.5,"axis":"x","origin":[0,0,1]},"faces":{"north":{"uv":[0,0,4,5.5],"texture":"#0"},"east":{"uv":[0,0,0,5.5],"texture":"#0"},"south":{"uv":[4,0,8,5.5],"texture":"#0"},"west":{"uv":[0,0,0,5.5],"texture":"#0"},"up":{"uv":[4,0,0,0],"texture":"#0"},"down":{"uv":[4,0,0,0],"texture":"#0"}}},{"from":[4,-1,7.7],"to":[12,10,7.7],"rotation":{"angle":22.5,"axis":"x","origin":[0,0,15]},"faces":{"north":{"uv":[8,0,4,5.5],"texture":"#0"},"east":{"uv":[0,0,0,5.5],"texture":"#0"},"south":{"uv":[4,0,0,5.5],"texture":"#0"},"west":{"uv":[0,0,0,5.5],"texture":"#0"},"up":{"uv":[4,0,0,0],"texture":"#0"},"down":{"uv":[4,0,0,0],"texture":"#0"}}}],"gui_light":"front"}