{"display":{"thirdperson_righthand":{"rotation":[75,45,0],"translation":[0,2.5,0],"scale":[0.375,0.375,0.375]},"thirdperson_lefthand":{"rotation":[75,45,0],"translation":[0,2.5,0],"scale":[0.375,0.375,0.375]},"firstperson_righthand":{"rotation":[0,110,0],"translation":[2,1.75,0],"scale":[0.4,0.4,0.4]},"firstperson_lefthand":{"rotation":[0,110,0],"translation":[2,2,0],"scale":[0.4,0.4,0.4]},"ground":{"translation":[0,3,0]},"gui":{"rotation":[30,225,0],"translation":[0,-1.75,0]},"head":{"translation":[0,6.25,0],"scale":[1.6,1.6,1.6]},"fixed":{"translation":[0,-1.25,-1]}},"texture_size":[32,32],"textures":{"0":"crates/valentines22_crate/heart_hat","particle":"crates/valentines22_crate/heart_hat"},"elements":[{"from":[11,8,8],"to":[12,13,8],"rotation":{"angle":-22.5,"axis":"z","origin":[11.5,11,8]},"faces":{"north":{"uv":[4,1,4.5,3.5],"texture":"#0"},"east":{"uv":[0,0,0,2.5],"texture":"#0"},"south":{"uv":[4,3.5,4.5,6],"texture":"#0"},"west":{"uv":[0,0,0,2.5],"texture":"#0"},"up":{"uv":[0.5,0,0,0],"texture":"#0"},"down":{"uv":[0.5,0,0,0],"texture":"#0"}}},{"from":[11,14,7],"to":[13,16,9],"rotation":{"angle":22.5,"axis":"z","origin":[12,14,8]},"faces":{"north":{"uv":[2.5,4.5,3.5,5.5],"texture":"#0"},"east":{"uv":[4.5,3.5,5.5,4.5],"texture":"#0"},"south":{"uv":[4.5,4.5,5.5,5.5],"texture":"#0"},"west":{"uv":[5,1,6,2],"texture":"#0"},"up":{"uv":[6,3,5,2],"texture":"#0"},"down":{"uv":[3.5,5.5,2.5,6.5],"texture":"#0"}}},{"from":[13,12,7],"to":[15,14,9],"rotation":{"angle":22.5,"axis":"z","origin":[12,14,8]},"faces":{"north":{"uv":[5.5,3,6.5,4],"texture":"#0"},"east":{"uv":[5.5,4,6.5,5],"texture":"#0"},"south":{"uv":[4.5,5.5,5.5,6.5],"texture":"#0"},"west":{"uv":[5.5,5,6.5,6],"texture":"#0"},"up":{"uv":[7,2,6,1],"texture":"#0"},"down":{"uv":[7,2,6,3],"texture":"#0"}}},{"from":[11,12,7],"to":[13,14,9],"rotation":{"angle":22.5,"axis":"z","origin":[12,14,8]},"faces":{"north":{"uv":[3.5,6,4.5,7],"texture":"#0"},"east":{"uv":[5.5,6,6.5,7],"texture":"#0"},"south":{"uv":[2.5,6.5,3.5,7.5],"texture":"#0"},"west":{"uv":[6.5,3,7.5,4],"texture":"#0"},"up":{"uv":[7.5,5,6.5,4],"texture":"#0"},"down":{"uv":[5.5,6.5,4.5,7.5],"texture":"#0"}}},{"from":[4,8,8],"to":[5,13,8],"rotation":{"angle":22.5,"axis":"z","origin":[4.5,11,8]},"faces":{"north":{"uv":[0,4.5,0.5,7],"texture":"#0"},"east":{"uv":[0,0,0,2.5],"texture":"#0"},"south":{"uv":[0.5,4.5,1,7],"texture":"#0"},"west":{"uv":[0,0,0,2.5],"texture":"#0"},"up":{"uv":[0.5,0,0,0],"texture":"#0"},"down":{"uv":[0.5,0,0,0],"texture":"#0"}}},{"from":[3,14,7],"to":[5,16,9],"rotation":{"angle":-22.5,"axis":"z","origin":[4,14,8]},"faces":{"north":{"uv":[6.5,5,7.5,6],"texture":"#0"},"east":{"uv":[6.5,6,7.5,7],"texture":"#0"},"south":{"uv":[0,7,1,8],"texture":"#0"},"west":{"uv":[1,7,2,8],"texture":"#0"},"up":{"uv":[8,2,7,1],"texture":"#0"},"down":{"uv":[8,2,7,3],"texture":"#0"}}},{"from":[1,12,7],"to":[3,14,9],"rotation":{"angle":-22.5,"axis":"z","origin":[4,14,8]},"faces":{"north":{"uv":[3.5,7,4.5,8],"texture":"#0"},"east":{"uv":[5.5,7,6.5,8],"texture":"#0"},"south":{"uv":[6.5,7,7.5,8],"texture":"#0"},"west":{"uv":[2,7.5,3,8.5],"texture":"#0"},"up":{"uv":[8.5,4,7.5,3],"texture":"#0"},"down":{"uv":[8.5,4,7.5,5],"texture":"#0"}}},{"from":[3,12,7],"to":[5,14,9],"rotation":{"angle":-22.5,"axis":"z","origin":[4,14,8]},"faces":{"north":{"uv":[4.5,7.5,5.5,8.5],"texture":"#0"},"east":{"uv":[7.5,5,8.5,6],"texture":"#0"},"south":{"uv":[7.5,6,8.5,7],"texture":"#0"},"west":{"uv":[7.5,7,8.5,8],"texture":"#0"},"up":{"uv":[1,9,0,8],"texture":"#0"},"down":{"uv":[9,0,8,1],"texture":"#0"}}},{"from":[4,8,7],"to":[12,9,9],"faces":{"north":{"uv":[4,0,8,0.5],"texture":"#0"},"east":{"uv":[1,8,2,8.5],"texture":"#0"},"south":{"uv":[4,0.5,8,1],"texture":"#0"},"west":{"uv":[8,1,9,1.5],"texture":"#0"},"up":{"uv":[4,1,0,0],"texture":"#0"},"down":{"uv":[4,1,0,2],"texture":"#0"}}},{"from":[12,4,7],"to":[13,9,9],"rotation":{"angle":0,"axis":"y","origin":[16,0,0]},"faces":{"north":{"uv":[1,4.5,1.5,7],"texture":"#0"},"east":{"uv":[0,2,1,4.5],"texture":"#0"},"south":{"uv":[4.5,1,5,3.5],"texture":"#0"},"west":{"uv":[1,2,2,4.5],"texture":"#0"},"up":{"uv":[4,5.5,3.5,4.5],"texture":"#0"},"down":{"uv":[3.5,7.5,3,8.5],"texture":"#0"}}},{"from":[3,4,7],"to":[4,9,9],"faces":{"north":{"uv":[1.5,4.5,2,7],"texture":"#0"},"east":{"uv":[2,2,3,4.5],"texture":"#0"},"south":{"uv":[2,4.5,2.5,7],"texture":"#0"},"west":{"uv":[3,2,4,4.5],"texture":"#0"},"up":{"uv":[8.5,2.5,8,1.5],"texture":"#0"},"down":{"uv":[4,8,3.5,9],"texture":"#0"}}}],"gui_light":"front"}