{"display":{"thirdperson_righthand":{"rotation":[-60,0,0],"translation":[0,-1.75,1.25],"scale":[0.6,0.6,0.6]},"thirdperson_lefthand":{"rotation":[-60,0,0],"translation":[0,-1.75,1.25],"scale":[0.6,0.6,0.6]},"firstperson_righthand":{"rotation":[-87,7,0],"translation":[0.75,2.75,2.5],"scale":[0.4,0.4,0.4]},"firstperson_lefthand":{"rotation":[-87,7,0],"translation":[0.75,2.75,2.5],"scale":[0.4,0.4,0.4]},"ground":{"translation":[0,3,0],"scale":[0.6,0.6,0.6]},"gui":{"rotation":[87.31,41.94,-88.23],"translation":[-0.75,-0.75,0],"scale":[0.47,0.47,0.47]},"fixed":{"rotation":[0,90,0],"translation":[0,-1,-1.5],"scale":[0.6,0.6,0.6]}},"texture_size":[64,64],"textures":{"0":"crates/valentines22_crate/valentines_bow","particle":"crates/valentines22_crate/valentines_bow"},"elements":[{"from":[6.5,16,12.25],"to":[9.5,19,14.25],"rotation":{"angle":-45,"axis":"x","origin":[8,5,8]},"faces":{"north":{"uv":[0.5,4.5,1.25,5.25],"texture":"#0"},"east":{"uv":[0,4.5,0.5,5.25],"texture":"#0"},"south":{"uv":[1.75,4.5,2.5,5.25],"texture":"#0"},"west":{"uv":[1.25,4.5,1.75,5.25],"texture":"#0"},"up":{"uv":[1.25,4.5,0.5,4],"texture":"#0"},"down":{"uv":[2,4,1.25,4.5],"texture":"#0"}}},{"from":[6.5,16,9.25],"to":[9.5,21,12.25],"rotation":{"angle":-45,"axis":"x","origin":[8,5,8]},"faces":{"north":{"uv":[11.25,12,12,13.25],"texture":"#0"},"east":{"uv":[10.5,12,11.25,13.25],"texture":"#0"},"south":{"uv":[12.75,12,13.5,13.25],"texture":"#0"},"west":{"uv":[12,12,12.75,13.25],"texture":"#0"},"up":{"uv":[12,12,11.25,11.25],"texture":"#0"},"down":{"uv":[12.75,11.25,12,12],"texture":"#0"}}},{"from":[7,11,5],"to":[9,18,7],"rotation":{"angle":-22.5,"axis":"x","origin":[7.5,5,8]},"faces":{"north":{"uv":[12.5,4.5,13,6.25],"texture":"#0"},"east":{"uv":[12,4.5,12.5,6.25],"texture":"#0"},"south":{"uv":[13.5,4.5,14,6.25],"texture":"#0"},"west":{"uv":[13,4.5,13.5,6.25],"texture":"#0"},"up":{"uv":[13,4.5,12.5,4],"texture":"#0"},"down":{"uv":[13.5,4,13,4.5],"texture":"#0"}}},{"from":[6.9,17.9,1.15],"to":[9.1,20.1,6.35],"rotation":{"angle":-22.5,"axis":"x","origin":[7.5,5,8]},"faces":{"north":{"uv":[11.75,8.75,12.25,9.25],"texture":"#0"},"east":{"uv":[10.5,8.75,11.75,9.25],"texture":"#0"},"south":{"uv":[13.5,8.75,14,9.25],"texture":"#0"},"west":{"uv":[12.25,8.75,13.5,9.25],"texture":"#0"},"up":{"uv":[12.25,8.75,11.75,7.5],"texture":"#0"},"down":{"uv":[12.75,7.5,12.25,8.75],"texture":"#0"}}},{"from":[7,9.8695,-12.6981],"to":[9,11.8695,-7.6981],"rotation":{"angle":22.5,"axis":"x","origin":[7.5,0.8695,6.00226]},"faces":{"north":{"uv":[11.25,1.25,11.75,1.75],"texture":"#0"},"east":{"uv":[10,1.25,11.25,1.75],"texture":"#0"},"south":{"uv":[13,1.25,13.5,1.75],"texture":"#0"},"west":{"uv":[11.75,1.25,13,1.75],"texture":"#0"},"up":{"uv":[11.75,1.25,11.25,0],"texture":"#0"},"down":{"uv":[12.25,0,11.75,1.25],"texture":"#0"}}},{"from":[7.5,13.39649,-8.75],"to":[7.5,19.39649,2.37871],"rotation":{"angle":-22.5,"axis":"x","origin":[7.5,0.1305,-5.99774]},"faces":{"north":{"uv":[1.25,8.5,1.25,7],"texture":"#0"},"east":{"uv":[0,8.5,2.78218,7],"texture":"#0"},"south":{"uv":[3,8.5,3,7],"texture":"#0"},"west":{"uv":[1.75,8.5,4.53218,7],"texture":"#0"},"up":{"uv":[1.75,8.53218,1.75,5.75],"texture":"#0"},"down":{"uv":[1.25,5.75,1.25,8.53218],"texture":"#0"}}},{"from":[7.5,13.39649,13.62129],"to":[7.5,19.39649,24.75],"rotation":{"angle":22.5,"axis":"x","origin":[7.5,0.1305,21.99774]},"faces":{"north":{"uv":[3,8.5,3,7],"texture":"#0"},"east":{"uv":[2.78218,8.5,0,7],"texture":"#0"},"south":{"uv":[1.25,8.5,1.25,7],"texture":"#0"},"west":{"uv":[4.53218,8.5,1.75,7],"texture":"#0"},"up":{"uv":[1.75,5.75,1.75,8.53218],"texture":"#0"},"down":{"uv":[1.25,8.53218,1.25,5.75],"texture":"#0"}}},{"from":[8.5,13.39649,-8.75],"to":[8.5,19.39649,2.37871],"rotation":{"angle":-22.5,"axis":"x","origin":[8.5,0.1305,-5.99774]},"faces":{"north":{"uv":[1.25,8.5,1.25,7],"texture":"#0"},"east":{"uv":[4.53218,8.5,1.75,7],"texture":"#0"},"south":{"uv":[3,8.5,3,7],"texture":"#0"},"west":{"uv":[2.78218,8.5,0,7],"texture":"#0"},"up":{"uv":[1.75,8.53218,1.75,5.75],"texture":"#0"},"down":{"uv":[1.25,5.75,1.25,8.53218],"texture":"#0"}}},{"from":[8.5,13.39649,13.62129],"to":[8.5,19.39649,24.75],"rotation":{"angle":22.5,"axis":"x","origin":[8.5,0.1305,21.99774]},"faces":{"north":{"uv":[3,8.5,3,7],"texture":"#0"},"east":{"uv":[1.75,8.5,4.53218,7],"texture":"#0"},"south":{"uv":[1.25,8.5,1.25,7],"texture":"#0"},"west":{"uv":[0,8.5,2.78218,7],"texture":"#0"},"up":{"uv":[1.75,5.75,1.75,8.53218],"texture":"#0"},"down":{"uv":[1.25,8.53218,1.25,5.75],"texture":"#0"}}},{"from":[8,-1,6.5],"to":[8,7,11.5],"rotation":{"angle":45,"axis":"x","origin":[8,4.5,8]},"faces":{"north":{"uv":[8.25,12.5,8.25,14.5],"texture":"#0"},"east":{"uv":[7,12.5,8.25,14.5],"texture":"#0"},"south":{"uv":[9.5,12.5,9.5,14.5],"texture":"#0"},"west":{"uv":[8.25,12.5,9.5,14.5],"texture":"#0"},"up":{"uv":[8.25,12.5,8.25,11.25],"texture":"#0"},"down":{"uv":[8.25,11.25,8.25,12.5],"texture":"#0"}}},{"from":[8,2,2.5],"to":[8,7,10.5],"rotation":{"angle":-22.5,"axis":"x","origin":[8.25,4.5,8]},"faces":{"north":{"uv":[12,13.5,12,14.75],"texture":"#0"},"east":{"uv":[10,13.5,12,14.75],"texture":"#0"},"south":{"uv":[14,13.5,14,14.75],"texture":"#0"},"west":{"uv":[12,13.5,14,14.75],"texture":"#0"},"up":{"uv":[12,13.5,12,11.5],"texture":"#0"},"down":{"uv":[12,11.5,12,13.5],"texture":"#0"}}},{"from":[8,2,5.5],"to":[8,7,13.5],"rotation":{"angle":22.5,"axis":"x","origin":[8.25,4.5,8]},"faces":{"north":{"uv":[14,13.5,14,14.75],"texture":"#0"},"east":{"uv":[12,13.5,10,14.75],"texture":"#0"},"south":{"uv":[12,13.5,12,14.75],"texture":"#0"},"west":{"uv":[14,13.5,12,14.75],"texture":"#0"},"up":{"uv":[12,11.5,12,13.5],"texture":"#0"},"down":{"uv":[12,13.5,12,11.5],"texture":"#0"}}},{"from":[8,-1,4.5],"to":[8,7,9.5],"rotation":{"angle":-45,"axis":"x","origin":[8,4.5,8]},"faces":{"north":{"uv":[9.5,12.5,9.5,14.5],"texture":"#0"},"east":{"uv":[8.25,12.5,7,14.5],"texture":"#0"},"south":{"uv":[8.25,12.5,8.25,14.5],"texture":"#0"},"west":{"uv":[9.5,12.5,8.25,14.5],"texture":"#0"},"up":{"uv":[8.25,11.25,8.25,12.5],"texture":"#0"},"down":{"uv":[8.25,12.5,8.25,11.25],"texture":"#0"}}},{"from":[6.5,1,5.5],"to":[9.5,4,8.5],"rotation":{"angle":45,"axis":"x","origin":[7.5,1.5,8]},"faces":{"north":{"uv":[3.25,13.25,4,14],"texture":"#0"},"east":{"uv":[2.5,13.25,3.25,14],"texture":"#0"},"south":{"uv":[4.75,13.25,5.5,14],"texture":"#0"},"west":{"uv":[4,13.25,4.75,14],"texture":"#0"},"up":{"uv":[4,13.25,3.25,12.5],"texture":"#0"},"down":{"uv":[4.75,12.5,4,13.25],"texture":"#0"}}},{"from":[6.9,9.9,3.9],"to":[9.1,12.1,12.1],"rotation":{"angle":0,"axis":"y","origin":[7.5,5,7]},"faces":{"north":{"uv":[9,2,9.5,2.5],"texture":"#0"},"east":{"uv":[7,2,9,2.5],"texture":"#0"},"south":{"uv":[11.5,2,12,2.5],"texture":"#0"},"west":{"uv":[9.5,2,11.5,2.5],"texture":"#0"},"up":{"uv":[9.5,2,9,0],"texture":"#0"},"down":{"uv":[10,0,9.5,2],"texture":"#0"}}},{"from":[7.5,2,7],"to":[8.5,20,9],"rotation":{"angle":0,"axis":"y","origin":[8,5,7]},"faces":{"north":{"uv":[11,3,11.25,7.5],"texture":"#0"},"east":{"uv":[10.5,3,11,7.5],"texture":"#0"},"south":{"uv":[11.75,3,12,7.5],"texture":"#0"},"west":{"uv":[11.25,3,11.75,7.5],"texture":"#0"},"up":{"uv":[11.25,3,11,2.5],"texture":"#0"},"down":{"uv":[11.5,2.5,11.25,3],"texture":"#0"}}},{"from":[8,10,-13],"to":[8,24,8],"rotation":{"angle":-22.5,"axis":"x","origin":[8,5,8]},"faces":{"north":{"uv":[5.25,8.75,5.25,12.25],"texture":"#0"},"east":{"uv":[0,8.75,5.25,12.25],"texture":"#0"},"south":{"uv":[10.5,8.75,10.5,12.25],"texture":"#0"},"west":{"uv":[5.25,8.75,10.5,12.25],"texture":"#0"},"up":{"uv":[5.25,8.75,5.25,3.5],"texture":"#0"},"down":{"uv":[5.25,3.5,5.25,8.75],"texture":"#0"}}},{"from":[8,10,8],"to":[8,24,29],"rotation":{"angle":22.5,"axis":"x","origin":[8,5,8]},"faces":{"north":{"uv":[10.5,8.75,10.5,12.25],"texture":"#0"},"east":{"uv":[5.25,8.75,0,12.25],"texture":"#0"},"south":{"uv":[5.25,8.75,5.25,12.25],"texture":"#0"},"west":{"uv":[10.5,8.75,5.25,12.25],"texture":"#0"},"up":{"uv":[5.25,3.5,5.25,8.75],"texture":"#0"},"down":{"uv":[5.25,8.75,5.25,3.5],"texture":"#0"}}},{"from":[8,17,4],"to":[8,25,12],"rotation":{"angle":0,"axis":"y","origin":[7.5,5,7]},"faces":{"north":{"uv":[2,2,2,4],"texture":"#0"},"east":{"uv":[0,2,2,4],"texture":"#0"},"south":{"uv":[4,2,4,4],"texture":"#0"},"west":{"uv":[2,2,4,4],"texture":"#0"},"up":{"uv":[2,2,2,0],"texture":"#0"},"down":{"uv":[2,0,2,2],"texture":"#0"}}},{"from":[6.5,10.5,6.5],"to":[7.5,11.5,9.5],"rotation":{"angle":0,"axis":"y","origin":[7,5,7]},"faces":{"north":{"uv":[7,5,7.25,5.25],"texture":"#0"},"east":{"uv":[6.25,5,7,5.25],"texture":"#0"},"south":{"uv":[8,5,8.25,5.25],"texture":"#0"},"west":{"uv":[7.25,5,8,5.25],"texture":"#0"},"up":{"uv":[7.25,5,7,4.25],"texture":"#0"},"down":{"uv":[7.5,4.25,7.25,5],"texture":"#0"}}},{"from":[6.4,10.15,6.15],"to":[7.6,11.35,7.35],"rotation":{"angle":45,"axis":"x","origin":[7,11,7]},"faces":{"north":{"uv":[4.75,1.25,5,1.5],"texture":"#0"},"east":{"uv":[4.5,1.25,4.75,1.5],"texture":"#0"},"south":{"uv":[5.25,1.25,5.5,1.5],"texture":"#0"},"west":{"uv":[5,1.25,5.25,1.5],"texture":"#0"},"up":{"uv":[5,1.25,4.75,1],"texture":"#0"},"down":{"uv":[5.25,1,5,1.25],"texture":"#0"}}},{"from":[6.4,10.15,8.65],"to":[7.6,11.35,9.85],"rotation":{"angle":-45,"axis":"x","origin":[7,11,9]},"faces":{"north":{"uv":[2.25,4.25,2.5,4.5],"texture":"#0"},"east":{"uv":[2,4.25,2.25,4.5],"texture":"#0"},"south":{"uv":[2.75,4.25,3,4.5],"texture":"#0"},"west":{"uv":[2.5,4.25,2.75,4.5],"texture":"#0"},"up":{"uv":[2.5,4.25,2.25,4],"texture":"#0"},"down":{"uv":[2.75,4,2.5,4.25],"texture":"#0"}}},{"from":[8.4,10.15,6.15],"to":[9.6,11.35,7.35],"rotation":{"angle":45,"axis":"x","origin":[9,11,7]},"faces":{"north":{"uv":[0.25,0.75,0.5,1],"texture":"#0"},"east":{"uv":[0,0.75,0.25,1],"texture":"#0"},"south":{"uv":[0.75,0.75,1,1],"texture":"#0"},"west":{"uv":[0.5,0.75,0.75,1],"texture":"#0"},"up":{"uv":[0.5,0.75,0.25,0.5],"texture":"#0"},"down":{"uv":[0.75,0.5,0.5,0.75],"texture":"#0"}}},{"from":[8.5,10.5,6.5],"to":[9.5,11.5,9.5],"rotation":{"angle":0,"axis":"y","origin":[9,5,7]},"faces":{"north":{"uv":[3.25,5,3.5,5.25],"texture":"#0"},"east":{"uv":[2.5,5,3.25,5.25],"texture":"#0"},"south":{"uv":[4.25,5,4.5,5.25],"texture":"#0"},"west":{"uv":[3.5,5,4.25,5.25],"texture":"#0"},"up":{"uv":[3.5,5,3.25,4.25],"texture":"#0"},"down":{"uv":[3.75,4.25,3.5,5],"texture":"#0"}}},{"from":[8.4,10.15,8.65],"to":[9.6,11.35,9.85],"rotation":{"angle":-45,"axis":"x","origin":[9,11,9]},"faces":{"north":{"uv":[0.25,0.25,0.5,0.5],"texture":"#0"},"east":{"uv":[0,0.25,0.25,0.5],"texture":"#0"},"south":{"uv":[0.75,0.25,1,0.5],"texture":"#0"},"west":{"uv":[0.5,0.25,0.75,0.5],"texture":"#0"},"up":{"uv":[0.5,0.25,0.25,0],"texture":"#0"},"down":{"uv":[0.75,0,0.5,0.25],"texture":"#0"}}},{"from":[6.5,9.5,4],"to":[9.5,12.5,5],"rotation":{"angle":0,"axis":"y","origin":[7,5,7]},"faces":{"north":{"uv":[7,0.25,7.75,1],"texture":"#0"},"east":{"uv":[6.75,0.25,7,1],"texture":"#0"},"south":{"uv":[8,0.25,8.75,1],"texture":"#0"},"west":{"uv":[7.75,0.25,8,1],"texture":"#0"},"up":{"uv":[7.75,0.25,7,0],"texture":"#0"},"down":{"uv":[8.5,0,7.75,0.25],"texture":"#0"}}},{"from":[7,11,9],"to":[9,18,11],"rotation":{"angle":22.5,"axis":"x","origin":[7.5,5,8]},"faces":{"north":{"uv":[14,4.5,13.5,6.25],"texture":"#0"},"east":{"uv":[12.5,4.5,12,6.25],"texture":"#0"},"south":{"uv":[13,4.5,12.5,6.25],"texture":"#0"},"west":{"uv":[13.5,4.5,13,6.25],"texture":"#0"},"up":{"uv":[13,4,12.5,4.5],"texture":"#0"},"down":{"uv":[13.5,4.5,13,4],"texture":"#0"}}},{"from":[6.5,9.5,11],"to":[9.5,12.5,12],"rotation":{"angle":0,"axis":"y","origin":[7,5,9]},"faces":{"north":{"uv":[8.75,0.25,8,1],"texture":"#0"},"east":{"uv":[7,0.25,6.75,1],"texture":"#0"},"south":{"uv":[7.75,0.25,7,1],"texture":"#0"},"west":{"uv":[8,0.25,7.75,1],"texture":"#0"},"up":{"uv":[7.75,0,7,0.25],"texture":"#0"},"down":{"uv":[8.5,0.25,7.75,0],"texture":"#0"}}},{"from":[6.5,16,3.75],"to":[9.5,21,6.75],"rotation":{"angle":45,"axis":"x","origin":[8,5,8]},"faces":{"north":{"uv":[13.5,12,12.75,13.25],"texture":"#0"},"east":{"uv":[11.25,12,10.5,13.25],"texture":"#0"},"south":{"uv":[12,12,11.25,13.25],"texture":"#0"},"west":{"uv":[12.75,12,12,13.25],"texture":"#0"},"up":{"uv":[12,11.25,11.25,12],"texture":"#0"},"down":{"uv":[12.75,12,12,11.25],"texture":"#0"}}},{"from":[6.5,16,1.75],"to":[9.5,19,3.75],"rotation":{"angle":45,"axis":"x","origin":[8,5,8]},"faces":{"north":{"uv":[2.5,4.5,1.75,5.25],"texture":"#0"},"east":{"uv":[0.5,4.5,0,5.25],"texture":"#0"},"south":{"uv":[1.25,4.5,0.5,5.25],"texture":"#0"},"west":{"uv":[1.75,4.5,1.25,5.25],"texture":"#0"},"up":{"uv":[1.25,4,0.5,4.5],"texture":"#0"},"down":{"uv":[2,4.5,1.25,4],"texture":"#0"}}},{"from":[6.9,17.9,9.65],"to":[9.1,20.1,14.85],"rotation":{"angle":22.5,"axis":"x","origin":[7.5,5,8]},"faces":{"north":{"uv":[14,8.75,13.5,9.25],"texture":"#0"},"east":{"uv":[11.75,8.75,10.5,9.25],"texture":"#0"},"south":{"uv":[12.25,8.75,11.75,9.25],"texture":"#0"},"west":{"uv":[13.5,8.75,12.25,9.25],"texture":"#0"},"up":{"uv":[12.25,7.5,11.75,8.75],"texture":"#0"},"down":{"uv":[12.75,8.75,12.25,7.5],"texture":"#0"}}},{"from":[7,9.8695,23.6981],"to":[9,11.8695,28.6981],"rotation":{"angle":-22.5,"axis":"x","origin":[7.5,0.8695,9.99774]},"faces":{"north":{"uv":[13.5,1.25,13,1.75],"texture":"#0"},"east":{"uv":[11.25,1.25,10,1.75],"texture":"#0"},"south":{"uv":[11.75,1.25,11.25,1.75],"texture":"#0"},"west":{"uv":[13,1.25,11.75,1.75],"texture":"#0"},"up":{"uv":[11.75,0,11.25,1.25],"texture":"#0"},"down":{"uv":[12.25,1.25,11.75,0],"texture":"#0"}}}],"gui_light":"front"}