{"file_name":"arm","texture_size":[128,128],"textures":{"layer0":"manamodels/fairy"},"elements":[{"name":"arm_0","from":[8.0,7.475,7.4],"to":[12.8,8.675,8.6],"rotation":{"angle":0.0,"axis":"z","origin":[8.0,8.0,8.0]},"faces":{"east":{"uv":[0.75,10.625,1.0,10.875],"texture":"#layer0","tintindex":0},"south":{"uv":[4.875,9.0,5.875,9.25],"texture":"#layer0","tintindex":0},"north":{"uv":[8.75,8.125,9.75,8.375],"texture":"#layer0","tintindex":0},"west":{"uv":[1.125,10.625,1.375,10.875],"texture":"#layer0","tintindex":0},"up":{"uv":[3.25,9.375,2.25,9.125],"texture":"#layer0","tintindex":0},"down":{"uv":[3.375,9.25,4.375,9.5],"texture":"#layer0","tintindex":0}}},{"name":"arm_1","from":[8.0,9.245001,6.8],"to":[14.6,9.275001,9.2],"rotation":{"angle":0.0,"axis":"z","origin":[8.0,8.0,8.0]},"faces":{"east":{"uv":[10.875,9.125,11.375,9.125],"texture":"#layer0","tintindex":0},"south":{"uv":[10.875,9.25,12.25,9.25],"texture":"#layer0","tintindex":0},"north":{"uv":[10.875,5.5,12.25,5.5],"texture":"#layer0","tintindex":0},"west":{"uv":[10.875,9.375,11.375,9.375],"texture":"#layer0","tintindex":0},"up":{"uv":[6.5,6.5,5.125,6.0],"texture":"#layer0","tintindex":0},"down":{"uv":[6.125,3.75,7.5,4.25],"texture":"#layer0","tintindex":0}}},{"name":"arm_2","from":[8.0,6.2749996,6.8],"to":[14.6,9.275,6.845],"rotation":{"angle":0.0,"axis":"z","origin":[8.0,8.0,8.0]},"faces":{"east":{"uv":[8.5,10.875,8.5,11.5],"texture":"#layer0","tintindex":0},"south":{"uv":[5.125,5.25,6.5,5.875],"texture":"#layer0","tintindex":0},"north":{"uv":[3.625,5.25,5.0,5.875],"texture":"#layer0","tintindex":0},"west":{"uv":[10.0,10.875,10.0,11.5],"texture":"#layer0","tintindex":0},"up":{"uv":[12.25,9.5,10.875,9.5],"texture":"#layer0","tintindex":0},"down":{"uv":[10.875,9.625,12.25,9.625],"texture":"#layer0","tintindex":0}}},{"name":"arm_3","from":[8.0,3.8749998,9.139999],"to":[14.6,9.275,9.184999],"rotation":{"angle":0.0,"axis":"z","origin":[8.0,8.0,8.0]},"faces":{"east":{"uv":[10.125,10.875,10.125,12.0],"texture":"#layer0","tintindex":0},"south":{"uv":[1.5,2.5,2.875,3.625],"texture":"#layer0","tintindex":0},"north":{"uv":[0.0,2.5,1.375,3.625],"texture":"#layer0","tintindex":0},"west":{"uv":[10.25,10.875,10.25,12.0],"texture":"#layer0","tintindex":0},"up":{"uv":[12.25,10.75,10.875,10.75],"texture":"#layer0","tintindex":0},"down":{"uv":[10.875,10.875,12.25,10.875],"texture":"#layer0","tintindex":0}}}],"display":{"head":{"translation":[0.0,-6.4,0.0],"rotation":[0.0,0.0,0.0],"scale":[3.8095,3.8095,3.8095]},"gui":{"translation":[0.0,0.0,0.0],"rotation":[35.0,225.0,0.0],"scale":[0.625,0.625,0.625]}}}