{"file_name":"bone3","texture_size":[128,128],"textures":{"layer0":"manamodels/fairy"},"elements":[{"name":"bone3_0","from":[5.6,8.6,8.6],"to":[7.4,9.8,8.6],"rotation":{"angle":0.0,"axis":"z","origin":[8.0,8.0,8.0]},"faces":{"east":{"uv":[9.875,10.75,9.875,11.0],"texture":"#layer0","tintindex":0},"south":{"uv":[9.5,10.375,9.875,10.625],"texture":"#layer0","tintindex":0},"north":{"uv":[10.375,9.375,10.75,9.625],"texture":"#layer0","tintindex":0},"west":{"uv":[7.5,10.875,7.5,11.125],"texture":"#layer0","tintindex":0},"up":{"uv":[9.125,8.5,8.75,8.5],"texture":"#layer0","tintindex":0},"down":{"uv":[1.25,9.25,1.625,9.25],"texture":"#layer0","tintindex":0}}}],"display":{"head":{"translation":[0.0,-6.4,0.0],"rotation":[0.0,0.0,0.0],"scale":[3.8095,3.8095,3.8095]},"gui":{"translation":[0.0,0.0,0.0],"rotation":[35.0,225.0,0.0],"scale":[0.625,0.625,0.625]}}}