{"file_name":"foot2","texture_size":[128,128],"textures":{"layer0":"manamodels/fairy"},"elements":[{"name":"foot2_0","from":[7.1,7.4,5.3],"to":[8.9,8.0,8.9],"rotation":{"angle":0.0,"axis":"z","origin":[8.0,8.0,8.0]},"faces":{"east":{"uv":[7.125,9.0,7.875,9.125],"texture":"#layer0","tintindex":0},"south":{"uv":[8.125,10.625,8.5,10.75],"texture":"#layer0","tintindex":0},"north":{"uv":[6.125,5.0,6.5,5.125],"texture":"#layer0","tintindex":0},"west":{"uv":[0.0,10.375,0.75,10.5],"texture":"#layer0","tintindex":0},"up":{"uv":[8.625,8.5,8.25,7.75],"texture":"#layer0","tintindex":0},"down":{"uv":[1.25,8.375,1.625,9.125],"texture":"#layer0","tintindex":0}}}],"display":{"head":{"translation":[0.0,-6.4,0.0],"rotation":[0.0,0.0,0.0],"scale":[3.8095,3.8095,3.8095]},"gui":{"translation":[0.0,0.0,0.0],"rotation":[35.0,225.0,0.0],"scale":[0.625,0.625,0.625]}}}