{"textures":{"0":"modelengine:custom/pharaoh","particle":"modelengine:custom/pharaoh"},"elements":[{"from":[13.25,-12.625,5.75],"to":[13.25,12.875,10.25],"faces":{"east":{"uv":[0.0,3.875,0.375,6.0],"tintindex":0,"rotation":0,"texture":"#0"},"south":{"uv":[6.5,11.625,6.875,12.0],"tintindex":0,"rotation":0,"texture":"#0"},"north":{"uv":[5.625,11.625,6.0,12.0],"tintindex":0,"rotation":0,"texture":"#0"},"west":{"uv":[0.0,3.875,0.375,6.0],"tintindex":0,"rotation":0,"texture":"#0"},"up":{"uv":[1.625,10.375,1.25,6.0],"tintindex":0,"rotation":0,"texture":"#0"},"down":{"uv":[2.0,6.0,1.625,10.375],"tintindex":0,"rotation":0,"texture":"#0"}},"rotation":{"origin":[5.75,21.875,19.25],"angle":-22.5,"axis":"z"}}],"display":{"gui":{"rotation":[30,225,0]}}}