{"display":{"gui":{"translation":[1.5,0.5,0],"scale":[1.15,1.15,1.2]}},"textures":{"0":"emoji/pins/32","particle":"emoji/pins/32"},"elements":[{"from":[0,0,0],"to":[16,16,0],"faces":{"north":{"uv":[2,2,4,4],"texture":"#0","tintindex":0},"east":{"uv":[2,2,4,4],"texture":"#0","tintindex":0},"south":{"uv":[2,2,4,4],"texture":"#0","tintindex":0},"west":{"uv":[2,2,4,4],"texture":"#0","tintindex":0},"up":{"uv":[2,2,4,4],"texture":"#0","tintindex":0},"down":{"uv":[2,2,4,4],"texture":"#0","tintindex":0}}}],"gui_light":"front"}