{"display":{"gui":{"translation":[3.5,0.25,0],"scale":[1.3,1.3,1.2]}},"textures":{"0":"emoji/pins/32","particle":"emoji/pins/32"},"elements":[{"from":[0,0,0],"to":[16,16,0],"faces":{"north":{"uv":[6,4,8,6],"texture":"#0","tintindex":0},"east":{"uv":[6,4,8,6],"texture":"#0","tintindex":0},"south":{"uv":[6,4,8,6],"texture":"#0","tintindex":0},"west":{"uv":[6,4,8,6],"texture":"#0","tintindex":0},"up":{"uv":[6,4,8,6],"texture":"#0","tintindex":0},"down":{"uv":[6,4,8,6],"texture":"#0","tintindex":0}}}],"gui_light":"front"}