{"display":{"gui":{"translation":[3,0,0],"scale":[1.2,1.2,1.2]}},"textures":{"0":"emoji/pins/32","particle":"emoji/pins/32"},"elements":[{"from":[0,0,0],"to":[16,16,0],"faces":{"north":{"uv":[0,6,2,8],"texture":"#0","tintindex":0},"east":{"uv":[0,6,2,8],"texture":"#0","tintindex":0},"south":{"uv":[0,6,2,8],"texture":"#0","tintindex":0},"west":{"uv":[0,6,2,8],"texture":"#0","tintindex":0},"up":{"uv":[0,6,2,8],"texture":"#0","tintindex":0},"down":{"uv":[0,6,2,8],"texture":"#0","tintindex":0}}}],"gui_light":"front"}