{"credit":"Made with Blockbench","ambientocclusion":false,"texture_size":[64,64],"textures":{"1":"manalabs:custom_ui/trials/mage_black","particle":"manalabs:custom_ui/trials/mage_black"},"elements":[{"name":"Head","from":[5,24,1],"to":[13,32,9],"rotation":{"angle":-22.5,"axis":"x","origin":[9,27.75,7]},"faces":{"north":{"uv":[2,2,4,4],"texture":"#1"},"east":{"uv":[0,2,2,4],"texture":"#1"},"south":{"uv":[6,2,8,4],"texture":"#1"},"west":{"uv":[4,2,6,4],"texture":"#1"},"up":{"uv":[4,2,2,0],"texture":"#1"},"down":{"uv":[6,0,4,2],"texture":"#1"}}},{"name":"Body","from":[5,12,5],"to":[13,24,9],"rotation":{"angle":0,"axis":"y","origin":[9,18,7]},"faces":{"north":{"uv":[5,5,7,8],"texture":"#1"},"east":{"uv":[4,5,5,8],"texture":"#1"},"south":{"uv":[8,5,10,8],"texture":"#1"},"west":{"uv":[7,5,8,8],"texture":"#1"},"up":{"uv":[7,5,5,4],"texture":"#1"},"down":{"uv":[9,4,7,5],"texture":"#1"}}},{"name":"Right Arm","from":[13,12,5],"to":[17,24,9],"rotation":{"angle":22.5,"axis":"x","origin":[15,23,7]},"faces":{"north":{"uv":[11,5,12,8],"texture":"#1"},"east":{"uv":[10,5,11,8],"texture":"#1"},"south":{"uv":[13,5,14,8],"texture":"#1"},"west":{"uv":[12,5,13,8],"texture":"#1"},"up":{"uv":[12,5,11,4],"texture":"#1"},"down":{"uv":[13,4,12,5],"texture":"#1"}}},{"name":"Left Arm","from":[1,12,5],"to":[5,24,9],"rotation":{"angle":45,"axis":"x","origin":[3,23,7]},"faces":{"north":{"uv":[9,13,10,16],"texture":"#1"},"east":{"uv":[8,13,9,16],"texture":"#1"},"south":{"uv":[11,13,12,16],"texture":"#1"},"west":{"uv":[10,13,11,16],"texture":"#1"},"up":{"uv":[10,13,9,12],"texture":"#1"},"down":{"uv":[11,12,10,13],"texture":"#1"}}},{"name":"Right Leg","from":[1.9,10,3],"to":[13.9,14,7],"rotation":{"angle":22.5,"axis":"z","origin":[10.9,12,7]},"faces":{"north":{"uv":[1,5,2,8],"rotation":270,"texture":"#1"},"east":{"uv":[2,5,1,4],"rotation":90,"texture":"#1"},"south":{"uv":[3,5,4,8],"rotation":90,"texture":"#1"},"west":{"uv":[3,4,2,5],"rotation":90,"texture":"#1"},"up":{"uv":[2,5,3,8],"rotation":90,"texture":"#1"},"down":{"uv":[0,5,1,8],"rotation":90,"texture":"#1"}}},{"name":"Left Leg","from":[4.1,10,2],"to":[16.1,14,6],"rotation":{"angle":-22.5,"axis":"z","origin":[7.1,12,7]},"faces":{"north":{"uv":[5,13,6,16],"rotation":90,"texture":"#1"},"east":{"uv":[7,12,6,13],"rotation":270,"texture":"#1"},"south":{"uv":[7,13,8,16],"rotation":270,"texture":"#1"},"west":{"uv":[6,13,5,12],"rotation":270,"texture":"#1"},"up":{"uv":[4,13,5,16],"rotation":270,"texture":"#1"},"down":{"uv":[6,13,7,16],"rotation":270,"texture":"#1"}}},{"from":[-5,17.19239,-12.29289],"to":[20,17.19239,3.70711],"rotation":{"angle":45,"axis":"x","origin":[7.5,17.19239,-0.29289]},"faces":{"north":{"uv":[0,0,6.25,0],"rotation":180,"texture":"#1"},"east":{"uv":[0,0,0,4.5],"rotation":270,"texture":"#1"},"south":{"uv":[0,0,6.25,0],"texture":"#1"},"west":{"uv":[0,0,0,4.5],"rotation":90,"texture":"#1"},"up":{"uv":[16,4,9.75,0],"rotation":180,"texture":"#1"},"down":{"uv":[9.75,4,16,0],"texture":"#1"}}}],"display":{"gui":{"rotation":[179.55,27.7,-177.43],"translation":[2.75,-13,0],"scale":[1.5,1.5,1.5]}},"groups":[0,1,2,3,4,5,{"name":"magic","origin":[8,8,8],"color":0,"children":[6]}]}