{"credit":"Made with Blockbench","texture_size":[128,128],"textures":{"2":"manalabs:custom_ui/trials/paladin","particle":"manalabs:custom_ui/trials/paladin"},"elements":[{"name":"Head","from":[5,16,3],"to":[13,24,11],"rotation":{"angle":22.5,"axis":"x","origin":[9,16,7]},"faces":{"north":{"uv":[0.75,4.625,1.75,5.625],"texture":"#2"},"east":{"uv":[1.75,4.625,2.75,5.625],"texture":"#2"},"south":{"uv":[4.75,0,5.75,1],"texture":"#2"},"west":{"uv":[4.75,1,5.75,2],"texture":"#2"},"up":{"uv":[5,5.875,4,4.875],"texture":"#2"},"down":{"uv":[6,4.875,5,5.875],"texture":"#2"}}},{"name":"Body","from":[5,4,5],"to":[13,16,9],"rotation":{"angle":0,"axis":"y","origin":[9,16,7]},"faces":{"north":{"uv":[4.5,2,5.5,3.5],"texture":"#2"},"east":{"uv":[1.25,5.625,1.75,7.125],"texture":"#2"},"south":{"uv":[3,4.5,4,6],"texture":"#2"},"west":{"uv":[1.75,5.625,2.25,7.125],"texture":"#2"},"up":{"uv":[4.25,2.5,3.25,2],"texture":"#2"},"down":{"uv":[6.75,1.5,5.75,2],"texture":"#2"}}},{"name":"Right Arm","from":[13,13,-4],"to":[17,17,8],"rotation":{"angle":-22.5,"axis":"x","origin":[13,15,7]},"faces":{"north":{"uv":[6,4.625,6.5,5.125],"texture":"#2"},"east":{"uv":[5.25,3.625,6.75,4.125],"texture":"#2"},"south":{"uv":[6,5.125,6.5,5.625],"texture":"#2"},"west":{"uv":[5.25,4.125,6.75,4.625],"texture":"#2"},"up":{"uv":[2.75,7.125,2.25,5.625],"texture":"#2"},"down":{"uv":[6.25,0,5.75,1.5],"texture":"#2"}}},{"name":"Left Arm","from":[1,4,5],"to":[5,16,9],"rotation":{"angle":-22.5,"axis":"x","origin":[3,15,7]},"faces":{"north":{"uv":[2.25,7.125,2.75,5.625],"rotation":180,"texture":"#2"},"east":{"uv":[6.75,4.125,5.25,4.625],"rotation":90,"texture":"#2"},"south":{"uv":[5.75,0,6.25,1.5],"texture":"#2"},"west":{"uv":[6.75,3.625,5.25,4.125],"rotation":270,"texture":"#2"},"up":{"uv":[6.5,5.125,6,5.625],"texture":"#2"},"down":{"uv":[6.5,4.625,6,5.125],"rotation":180,"texture":"#2"}}},{"name":"Right Leg","from":[8.9,-8,5],"to":[12.9,4,9],"rotation":{"angle":-22.5,"axis":"x","origin":[10.9,4,7]},"faces":{"north":{"uv":[4,5.875,4.5,7.375],"texture":"#2"},"east":{"uv":[4.5,5.875,5,7.375],"texture":"#2"},"south":{"uv":[5,5.875,5.5,7.375],"texture":"#2"},"west":{"uv":[5.5,5.875,6,7.375],"texture":"#2"},"up":{"uv":[6.5,6.125,6,5.625],"texture":"#2"},"down":{"uv":[6.5,6.125,6,6.625],"texture":"#2"}}},{"name":"Left Leg","from":[5.1,-8,5],"to":[9.1,4,9],"rotation":{"angle":22.5,"axis":"x","origin":[5.1,4,7]},"faces":{"north":{"uv":[4.5,5.875,4,7.375],"texture":"#2"},"east":{"uv":[6,5.875,5.5,7.375],"texture":"#2"},"south":{"uv":[5.5,5.875,5,7.375],"texture":"#2"},"west":{"uv":[5,5.875,4.5,7.375],"texture":"#2"},"up":{"uv":[6,6.125,6.5,5.625],"texture":"#2"},"down":{"uv":[6,6.125,6.5,6.625],"texture":"#2"}}},{"from":[14.5,16,0.75],"to":[15.5,29,4.75],"rotation":{"angle":-22.5,"axis":"x","origin":[0,0,0]},"faces":{"north":{"uv":[6.25,2,6.375,3.625],"texture":"#2"},"east":{"uv":[5.5,2,6,3.625],"texture":"#2"},"south":{"uv":[6.375,2,6.5,3.625],"texture":"#2"},"west":{"uv":[0.75,5.625,1.25,7.25],"texture":"#2"},"up":{"uv":[4.375,2.5,4.25,2],"texture":"#2"},"down":{"uv":[4.5,2,4.375,2.5],"texture":"#2"}}},{"from":[15,16,4.75],"to":[15,32,16.75],"rotation":{"angle":-22.5,"axis":"x","origin":[0,0,0]},"faces":{"north":{"uv":[0,0,0,2],"texture":"#2"},"east":{"uv":[4.75,0,3.25,2],"texture":"#2"},"south":{"uv":[0,0,0,2],"texture":"#2"},"west":{"uv":[3.25,0,4.75,2],"texture":"#2"},"up":{"uv":[0,1.5,0,0],"texture":"#2"},"down":{"uv":[0,0,0,1.5],"texture":"#2"}}},{"from":[14.5,29,1.25],"to":[15.5,31,4.25],"rotation":{"angle":-22.5,"axis":"x","origin":[0,0,0]},"faces":{"north":{"uv":[6,3.375,6.125,3.625],"texture":"#2"},"east":{"uv":[6.5,6.125,6.875,6.375],"texture":"#2"},"south":{"uv":[6.125,3.375,6.25,3.625],"texture":"#2"},"west":{"uv":[6.5,6.375,6.875,6.625],"texture":"#2"},"up":{"uv":[2.875,7.125,2.75,6.75],"texture":"#2"},"down":{"uv":[3,6.75,2.875,7.125],"texture":"#2"}}},{"from":[14.5,8,1.75],"to":[15.5,14,3.75],"rotation":{"angle":-22.5,"axis":"x","origin":[0,0,0]},"faces":{"north":{"uv":[6,6.625,6.125,7.375],"texture":"#2"},"east":{"uv":[6.25,0,6.5,0.75],"texture":"#2"},"south":{"uv":[6.125,6.625,6.25,7.375],"texture":"#2"},"west":{"uv":[6.25,0.75,6.5,1.5],"texture":"#2"},"up":{"uv":[3.75,7,3.625,6.75],"texture":"#2"},"down":{"uv":[3.875,6.75,3.75,7],"texture":"#2"}}},{"from":[13.5,14,-0.25],"to":[16.5,16,5.75],"rotation":{"angle":-22.5,"axis":"x","origin":[0,0,0]},"faces":{"north":{"uv":[6.25,6.625,6.625,6.875],"texture":"#2"},"east":{"uv":[5.25,4.625,6,4.875],"texture":"#2"},"south":{"uv":[6.625,6.625,7,6.875],"texture":"#2"},"west":{"uv":[6.5,0,7.25,0.25],"texture":"#2"},"up":{"uv":[3.625,6.75,3.25,6],"texture":"#2"},"down":{"uv":[4,6,3.625,6.75],"texture":"#2"}}},{"from":[13.5,15.21242,-0.00564],"to":[16.5,17.21242,3.99436],"rotation":{"angle":-45,"axis":"x","origin":[15,15.07399,0.16981]},"faces":{"north":{"uv":[6.75,1.5,7.125,1.75],"texture":"#2"},"east":{"uv":[4,4.5,4.5,4.75],"texture":"#2"},"south":{"uv":[6.75,1.75,7.125,2],"texture":"#2"},"west":{"uv":[6.5,1.25,7,1.5],"texture":"#2"},"up":{"uv":[6.875,0.75,6.5,0.25],"texture":"#2"},"down":{"uv":[6.875,0.75,6.5,1.25],"texture":"#2"}}},{"from":[13.5,12.96242,-9.49436],"to":[16.5,14.96242,-5.49436],"rotation":{"angle":0,"axis":"x","origin":[15,15.07399,15.83019]},"faces":{"north":{"uv":[3.25,6.75,3.625,7],"texture":"#2"},"east":{"uv":[6.5,3,7,3.25],"texture":"#2"},"south":{"uv":[6.75,3.5,7.125,3.75],"texture":"#2"},"west":{"uv":[6.5,3.25,7,3.5],"texture":"#2"},"up":{"uv":[6.875,2.5,6.5,2],"texture":"#2"},"down":{"uv":[6.875,2.5,6.5,3],"texture":"#2"}}},{"from":[-2,-6,9],"to":[0,5,15],"rotation":{"angle":-22.5,"axis":"x","origin":[0,0,0]},"faces":{"north":{"uv":[6,2,6.25,3.375],"texture":"#2"},"east":{"uv":[4.5,3.5,5.25,4.875],"texture":"#2"},"south":{"uv":[3,6,3.25,7.375],"texture":"#2"},"west":{"uv":[0,4.625,0.75,6],"texture":"#2"},"up":{"uv":[6.75,5.375,6.5,4.625],"texture":"#2"},"down":{"uv":[6.75,5.375,6.5,6.125],"texture":"#2"}}},{"from":[-1,-9,6],"to":[1,8,18],"rotation":{"angle":-22.5,"axis":"x","origin":[0,0,0]},"faces":{"north":{"uv":[2.75,4.625,3,6.75],"texture":"#2"},"east":{"uv":[0,2.5,1.5,4.625],"texture":"#2"},"south":{"uv":[0,6,0.25,8.125],"texture":"#2"},"west":{"uv":[1.5,2.5,3,4.625],"texture":"#2"},"up":{"uv":[0.5,7.5,0.25,6],"texture":"#2"},"down":{"uv":[0.75,6,0.5,7.5],"texture":"#2"}}},{"from":[0,-9,9],"to":[0,11,22],"rotation":{"angle":-22.5,"axis":"x","origin":[0,0,0]},"faces":{"north":{"uv":[0,0,0,2.5],"texture":"#2"},"east":{"uv":[3.25,0,1.625,2.5],"texture":"#2"},"south":{"uv":[0,0,0,2.5],"texture":"#2"},"west":{"uv":[1.625,0,3.25,2.5],"texture":"#2"},"up":{"uv":[0,1.625,0,0],"texture":"#2"},"down":{"uv":[0,0,0,1.625],"texture":"#2"}}}],"gui_light":"front","display":{"gui":{"rotation":[-180,64,-180],"translation":[1.75,-1.5,0],"scale":[1.5,1.5,1.5]}},"groups":[0,1,2,3,4,5,{"name":"sword","origin":[8,8,8],"color":0,"children":[6,7,8,9,10,11,12]},{"name":"shield","origin":[8,8,8],"color":0,"children":[13,14,15]}]}