{"file_name":"wheel3","texture_size":[128,128],"textures":{"layer0":"manamodels/karen_the_computer"},"elements":[{"name":"wheel3_0","from":[8.0,7.1,7.1],"to":[8.6,8.9,8.9],"rotation":{"angle":0.0,"axis":"z","origin":[8.0,8.0,8.0]},"faces":{"east":{"uv":[9.0,1.875,9.375,2.25],"texture":"#layer0","tintindex":0},"south":{"uv":[6.25,9.375,6.375,9.75],"texture":"#layer0","tintindex":0},"north":{"uv":[6.0,9.375,6.125,9.75],"texture":"#layer0","tintindex":0},"west":{"uv":[9.0,2.375,9.375,2.75],"texture":"#layer0","tintindex":0},"up":{"uv":[6.625,9.75,6.5,9.375],"texture":"#layer0","tintindex":0},"down":{"uv":[9.375,6.875,9.5,7.25],"texture":"#layer0","tintindex":0}}}],"display":{"head":{"translation":[0.0,-6.4,0.0],"rotation":[0.0,0.0,0.0],"scale":[3.8095,3.8095,3.8095]},"gui":{"translation":[0.0,0.0,0.0],"rotation":[35.0,225.0,0.0],"scale":[0.625,0.625,0.625]}}}