{"display":{"thirdperson_righthand":{"rotation":[51,0,0],"translation":[0,4,2.5]},"firstperson_righthand":{"rotation":[0,108,0],"translation":[9.25,3.5,-6.25]},"ground":{"translation":[0,6.75,0]},"gui":{"rotation":[0,106,0],"translation":[1.5,8.5,0],"scale":[1.5,1.5,1.5]},"fixed":{"translation":[0,10,0],"scale":[1.73,1.73,1.73]}},"texture_size":[64,64],"textures":{"0":"crates/mario_crate/yoshi_boots","particle":"crates/mario_crate/yoshi_boots"},"elements":[{"name":"left_leg","from":[5.5,-0.25,5.5],"to":[10.5,3.75,10.5],"rotation":{"angle":0,"axis":"y","origin":[2,0,0]},"faces":{"north":{"uv":[5.25,1.25,6.5,2.25],"texture":"#0"},"east":{"uv":[4,1.25,5.25,2.25],"texture":"#0"},"south":{"uv":[7.75,1.25,9,2.25],"texture":"#0"},"west":{"uv":[6.5,1.25,7.75,2.25],"texture":"#0"},"up":{"uv":[6.5,1.25,5.25,0],"texture":"#0"},"down":{"uv":[7.75,0,6.5,1.25],"texture":"#0"}}},{"name":"left_leg","from":[5.5,-0.25,3],"to":[10.5,2.75,5],"rotation":{"angle":0,"axis":"y","origin":[2,0,0]},"faces":{"north":{"uv":[0.5,4.75,1.75,5.5],"texture":"#0"},"east":{"uv":[0,4.75,0.5,5.5],"texture":"#0"},"south":{"uv":[2.25,4.75,3.5,5.5],"texture":"#0"},"west":{"uv":[1.75,4.75,2.25,5.5],"texture":"#0"},"up":{"uv":[1.75,4.75,0.5,4.25],"texture":"#0"},"down":{"uv":[3,4.25,1.75,4.75],"texture":"#0"}}},{"name":"left_leg","from":[6,-0.15,3.5],"to":[10,2.35,5.5],"rotation":{"angle":0,"axis":"y","origin":[2,0,0]},"faces":{"north":{"uv":[4,4.75,5,5.25],"texture":"#0"},"east":{"uv":[3.5,4.75,4,5.25],"texture":"#0"},"south":{"uv":[5.5,4.75,6.5,5.25],"texture":"#0"},"west":{"uv":[5,4.75,5.5,5.25],"texture":"#0"},"up":{"uv":[5,4.75,4,4.25],"texture":"#0"},"down":{"uv":[6,4.25,5,4.75],"texture":"#0"}}},{"name":"left_leg","from":[5,3.25,5],"to":[11,4.25,11],"rotation":{"angle":0,"axis":"y","origin":[2,0,0]},"faces":{"north":{"uv":[4,4,5.5,4.25],"texture":"#0"},"east":{"uv":[2.5,4,4,4.25],"texture":"#0"},"south":{"uv":[7,4,8.5,4.25],"texture":"#0"},"west":{"uv":[5.5,4,7,4.25],"texture":"#0"},"up":{"uv":[5.5,4,4,2.5],"texture":"#0"},"down":{"uv":[7,2.5,5.5,4],"texture":"#0"}}}]}