{"file_name":"head","texture_size":[64,64],"textures":{"layer0":"manamodels/moobloom_orchid"},"elements":[{"name":"head_0","from":[5.6,5.6,4.4],"to":[10.4,10.4,8],"rotation":{"angle":0,"axis":"z","origin":[8,8,8]},"faces":{"north":{"uv":[6,2.5,8,4.5],"texture":"#layer0","tintindex":0},"east":{"uv":[9.5,9,11,11],"texture":"#layer0","tintindex":0},"south":{"uv":[9,0,11,2],"texture":"#layer0","tintindex":0},"west":{"uv":[10.25,2,11.75,4],"texture":"#layer0","tintindex":0},"up":{"uv":[12.25,5.5,10.25,4],"texture":"#layer0","tintindex":0},"down":{"uv":[4.5,10.25,6.5,11.75],"texture":"#layer0","tintindex":0}}},{"name":"head_1","from":[10.4,9.2,5.6],"to":[11,11,6.2],"rotation":{"angle":0,"axis":"z","origin":[8,8,8]},"faces":{"north":{"uv":[4.5,9,4.75,9.75],"texture":"#layer0","tintindex":0},"east":{"uv":[4.75,9,5,9.75],"texture":"#layer0","tintindex":0},"south":{"uv":[9,5.75,9.25,6.5],"texture":"#layer0","tintindex":0},"west":{"uv":[9.25,5.75,9.5,6.5],"texture":"#layer0","tintindex":0},"up":{"uv":[9.25,2.5,9,2.25],"texture":"#layer0","tintindex":0},"down":{"uv":[9,6.5,9.25,6.75],"texture":"#layer0","tintindex":0}}},{"name":"head_2","from":[5,9.2,5.6],"to":[5.6,11,6.2],"rotation":{"angle":0,"axis":"z","origin":[8,8,8]},"faces":{"north":{"uv":[10.5,11,10.75,11.75],"texture":"#layer0","tintindex":0},"east":{"uv":[10.75,11,11,11.75],"texture":"#layer0","tintindex":0},"south":{"uv":[11.5,0,11.75,0.75],"texture":"#layer0","tintindex":0},"west":{"uv":[11.5,0.75,11.75,1.5],"texture":"#layer0","tintindex":0},"up":{"uv":[9.25,7,9,6.75],"texture":"#layer0","tintindex":0},"down":{"uv":[9.25,2.25,9.5,2.5],"texture":"#layer0","tintindex":0}}}],"display":{"thirdperson_righthand":{"rotation":[69,0,0],"scale":[1,1,1.5]},"thirdperson_lefthand":{"rotation":[68,0,0],"scale":[1,1,1.5]},"firstperson_righthand":{"rotation":[0,90,0],"translation":[4.75,1.5,0]},"firstperson_lefthand":{"rotation":[0,90,0],"translation":[4.75,1.5,0]},"ground":{"scale":[1,1,1.5]},"gui":{"rotation":[35,225,0],"translation":[-2.5,1.25,0],"scale":[1.5,1.5,2]},"head":{"translation":[0,-6.4,0],"scale":[3.8095,3.8095,3.8095]},"fixed":{"translation":[0,0,0.75],"scale":[2,2,2]}}}