{"credit":"Copyright ManaLabs Inc","texture_size":[64,64],"textures":{"0":"manalabs:crates/pokemon24/pikachu","particle":"manalabs:crates/pokemon24/pikachu"},"elements":[{"from":[4,2,5],"to":[12,12,11],"rotation":{"angle":0,"axis":"y","origin":[8,2,8]},"faces":{"north":{"uv":[1.5,5.75,3.5,8.25],"texture":"#0"},"east":{"uv":[0,5.75,1.5,8.25],"texture":"#0"},"south":{"uv":[5,5.75,7,8.25],"texture":"#0"},"west":{"uv":[3.5,5.75,5,8.25],"texture":"#0"},"up":{"uv":[3.5,5.75,1.5,4.25],"texture":"#0"},"down":{"uv":[5.5,4.25,3.5,5.75],"texture":"#0"}}},{"from":[2,4.75,7],"to":[5,11.75,10],"rotation":{"angle":-22.5,"axis":"z","origin":[3.5,9.25,8.5]},"faces":{"north":{"uv":[1.5,9,0.75,10.75],"texture":"#0"},"east":{"uv":[2.25,9,1.5,10.75],"texture":"#0"},"south":{"uv":[0.75,9,1.5,10.75],"texture":"#0"},"west":{"uv":[0.75,9,0,10.75],"texture":"#0"},"up":{"uv":[0.75,9,1.5,8.25],"texture":"#0"},"down":{"uv":[1.5,8.25,2.25,9],"texture":"#0"}}},{"from":[11,4.75,7],"to":[14,11.75,10],"rotation":{"angle":22.5,"axis":"z","origin":[12.5,9.25,8.5]},"faces":{"north":{"uv":[0.75,9,1.5,10.75],"texture":"#0"},"east":{"uv":[0,9,0.75,10.75],"texture":"#0"},"south":{"uv":[1.5,9,0.75,10.75],"texture":"#0"},"west":{"uv":[1.5,9,2.25,10.75],"texture":"#0"},"up":{"uv":[1.5,9,0.75,8.25],"texture":"#0"},"down":{"uv":[2.25,8.25,1.5,9],"texture":"#0"}}},{"from":[3.5,12,3.5],"to":[12.5,20,12.5],"rotation":{"angle":0,"axis":"y","origin":[8.5,12,6.5]},"faces":{"north":{"uv":[2.25,2.25,4.5,4.25],"texture":"#0"},"east":{"uv":[0,2.25,2.25,4.25],"texture":"#0"},"south":{"uv":[6.75,2.25,9,4.25],"texture":"#0"},"west":{"uv":[4.5,2.25,6.75,4.25],"texture":"#0"},"up":{"uv":[4.5,2.25,2.25,0],"texture":"#0"},"down":{"uv":[6.75,0,4.5,2.25],"texture":"#0"}}},{"from":[2.6,19,7.5],"to":[5.6,27,8.5],"rotation":{"angle":22.5,"axis":"z","origin":[4.1,23,8]},"faces":{"north":{"uv":[3.25,8.5,4,10.5],"texture":"#0"},"east":{"uv":[3,8.5,3.25,10.5],"texture":"#0"},"south":{"uv":[4,8.5,3.25,10.5],"texture":"#0"},"west":{"uv":[4,8.5,4.25,10.5],"texture":"#0"},"up":{"uv":[4,8.5,3.25,8.25],"texture":"#0"},"down":{"uv":[4.75,8.25,4,8.5],"texture":"#0"}}},{"from":[10.15,18.5,7.5],"to":[13.15,26.5,8.5],"rotation":{"angle":-22.5,"axis":"z","origin":[11.65,22.5,8]},"faces":{"north":{"uv":[4,8.5,3.25,10.5],"texture":"#0"},"east":{"uv":[4.25,8.5,4,10.5],"texture":"#0"},"south":{"uv":[3.25,8.5,4,10.5],"texture":"#0"},"west":{"uv":[3.25,8.5,3,10.5],"texture":"#0"},"up":{"uv":[3.25,8.5,4,8.25],"texture":"#0"},"down":{"uv":[4,8.25,4.75,8.5],"texture":"#0"}}},{"from":[4,0,4.5],"to":[7,2,9.5],"rotation":{"angle":22.5,"axis":"y","origin":[5,1,7.5]},"faces":{"north":{"uv":[8.25,5.5,9,6],"texture":"#0"},"east":{"uv":[7,5.5,8.25,6],"texture":"#0"},"south":{"uv":[10.25,5.5,11,6],"texture":"#0"},"west":{"uv":[9,5.5,10.25,6],"texture":"#0"},"up":{"uv":[9,5.5,8.25,4.25],"texture":"#0"},"down":{"uv":[9.75,4.25,9,5.5],"texture":"#0"}}},{"from":[4,2,5.5],"to":[7,5,9.5],"rotation":{"angle":22.5,"axis":"y","origin":[5,3,7.5]},"faces":{"north":{"uv":[12.75,3.875,13.5,4.625],"texture":"#0"},"east":{"uv":[11.5,3.875,12.5,4.625],"texture":"#0"},"south":{"uv":[14.75,3.875,15.5,4.625],"texture":"#0"},"west":{"uv":[13.5,3.875,14.5,4.625],"texture":"#0"},"up":{"uv":[13.5,3.625,12.75,2.625],"texture":"#0"},"down":{"uv":[14.25,2.625,13.5,3.625],"texture":"#0"}}},{"from":[9,0,4.5],"to":[12,2,9.5],"rotation":{"angle":-22.5,"axis":"y","origin":[11,1,7.5]},"faces":{"north":{"uv":[9,5.5,8.25,6],"texture":"#0"},"east":{"uv":[10.25,5.5,9,6],"texture":"#0"},"south":{"uv":[11,5.5,10.25,6],"texture":"#0"},"west":{"uv":[8.25,5.5,7,6],"texture":"#0"},"up":{"uv":[8.25,5.5,9,4.25],"texture":"#0"},"down":{"uv":[9,4.25,9.75,5.5],"texture":"#0"}}},{"from":[9,2,5.5],"to":[12,5,9.5],"rotation":{"angle":-22.5,"axis":"y","origin":[11,3,7.5]},"faces":{"north":{"uv":[13.5,3.875,12.75,4.625],"texture":"#0"},"east":{"uv":[14.5,3.875,13.5,4.625],"texture":"#0"},"south":{"uv":[15.5,3.875,14.75,4.625],"texture":"#0"},"west":{"uv":[12.5,3.875,11.5,4.625],"texture":"#0"},"up":{"uv":[12.75,3.625,13.5,2.625],"texture":"#0"},"down":{"uv":[13.5,2.625,14.25,3.625],"texture":"#0"}}},{"from":[7.5,2.5311,11.12441],"to":[8.5,4.5311,15.12441],"rotation":{"angle":22.5,"axis":"x","origin":[8,7.27691,16.12389]},"faces":{"north":{"uv":[7.625,12.125,7.875,12.625],"texture":"#0"},"east":{"uv":[8.125,10.875,7.125,11.375],"texture":"#0"},"south":{"uv":[7.625,12.625,7.875,13.125],"texture":"#0"},"west":{"uv":[7.125,10.875,8.125,11.375],"texture":"#0"},"up":{"uv":[5.625,14.375,5.375,13.375],"texture":"#0"},"down":{"uv":[5.875,13.375,5.625,14.375],"texture":"#0"}}},{"from":[7.5,4.5311,13.12441],"to":[8.5,7.5311,15.12441],"rotation":{"angle":22.5,"axis":"x","origin":[8,7.27691,16.12389]},"faces":{"north":{"uv":[7.375,12.875,7.625,13.625],"texture":"#0"},"east":{"uv":[7.625,12.125,7.125,12.875],"texture":"#0"},"south":{"uv":[7.625,11.375,7.875,12.125],"texture":"#0"},"west":{"uv":[7.125,12.125,7.625,12.875],"texture":"#0"},"up":{"uv":[7.875,13.625,7.625,13.125],"texture":"#0"},"down":{"uv":[7.625,13.625,7.375,14.125],"texture":"#0"}}},{"from":[7.5,5.5311,15.12441],"to":[8.5,11.5311,17.12441],"rotation":{"angle":22.5,"axis":"x","origin":[8,7.27691,16.12389]},"faces":{"north":{"uv":[6.375,12.875,6.625,14.375],"texture":"#0"},"east":{"uv":[7.125,12.375,6.625,13.875],"texture":"#0"},"south":{"uv":[7.125,12.875,7.375,14.375],"texture":"#0"},"west":{"uv":[6.625,12.375,7.125,13.875],"texture":"#0"},"up":{"uv":[7.875,14.125,7.625,13.625],"texture":"#0"},"down":{"uv":[8.125,11.375,7.875,11.875],"texture":"#0"}}},{"from":[7.51,7.59975,16.8385],"to":[8.49,11.57975,23.8185],"rotation":{"angle":0,"axis":"y","origin":[8,7.27691,16.12389]},"faces":{"north":{"uv":[4.875,13.375,5.125,14.375],"texture":"#0"},"east":{"uv":[6.625,11.875,4.875,12.875],"texture":"#0"},"south":{"uv":[5.125,13.375,5.375,14.375],"texture":"#0"},"west":{"uv":[4.875,11.875,6.625,12.875],"texture":"#0"},"up":{"uv":[6.125,14.625,5.875,12.875],"texture":"#0"},"down":{"uv":[6.375,12.875,6.125,14.625],"texture":"#0"}}}],"display":{"gui":{"rotation":[23,-139,0],"translation":[0,-2.25,0],"scale":[0.5,0.5,0.5]}},"groups":[{"name":"root","origin":[8,0,8],"color":0,"children":[0,{"name":"arm1","origin":[4,10.25,8.5],"color":0,"children":[1]},{"name":"arm2","origin":[12,10.25,8.5],"color":0,"children":[2]},{"name":"head","origin":[8.5,12,8.5],"color":0,"children":[3,{"name":"ear1","origin":[5.1,19.5,8],"color":0,"children":[4]},{"name":"ear2","origin":[10.65,19,8],"color":0,"children":[5]}]},{"name":"leg1","origin":[6,4,8.25],"color":0,"children":[6,7]},{"name":"leg2","origin":[10,4,8],"color":0,"children":[8,9]},{"name":"tail","origin":[8,5.18455,11.27251],"color":0,"children":[10,11,12,13]}]}]}