{"file_name":"tail","texture_size":[128,128],"textures":{"layer0":"manamodels/hedwig"},"elements":[{"name":"tail_0","from":[5.6,4.3999996,15.35],"to":[10.4,8.0,15.35],"rotation":{"angle":-45.0,"axis":"x","origin":[8.0,-0.55000067,12.35]},"faces":{"east":{"uv":[2.0,7.5,2.0,8.25],"texture":"#layer0","tintindex":0},"south":{"uv":[2.0,3.875,3.0,4.625],"texture":"#layer0","tintindex":0},"north":{"uv":[3.0,3.0,4.0,3.75],"texture":"#layer0","tintindex":0},"west":{"uv":[4.625,7.5,4.625,8.25],"texture":"#layer0","tintindex":0},"up":{"uv":[8.625,4.5,7.625,4.5],"texture":"#layer0","tintindex":0},"down":{"uv":[7.625,7.375,8.625,7.375],"texture":"#layer0","tintindex":0}}},{"name":"tail_1","from":[6.5,6.8,15.05],"to":[9.5,8.6,15.650001],"rotation":{"angle":-45.0,"axis":"x","origin":[8.0,-0.55000067,12.35]},"faces":{"east":{"uv":[5.25,6.875,5.375,7.25],"texture":"#layer0","tintindex":0},"south":{"uv":[1.625,5.625,2.25,6.0],"texture":"#layer0","tintindex":0},"north":{"uv":[5.0,5.375,5.625,5.75],"texture":"#layer0","tintindex":0},"west":{"uv":[6.875,6.5,7.0,6.875],"texture":"#layer0","tintindex":0},"up":{"uv":[6.875,6.0,6.25,5.875],"texture":"#layer0","tintindex":0},"down":{"uv":[6.375,4.375,7.0,4.5],"texture":"#layer0","tintindex":0}}}],"display":{"head":{"translation":[0.0,-6.4,0.0],"rotation":[0.0,0.0,0.0],"scale":[3.8095,3.8095,3.8095]},"gui":{"translation":[0.0,0.0,0.0],"rotation":[35.0,225.0,0.0],"scale":[0.625,0.625,0.625]}}}