{"file_name":"head","texture_size":[64,64],"textures":{"layer0":"manamodels/casperpet"},"elements":[{"name":"head_0","from":[7.7,9.05,5.3],"to":[8.3,9.65,5.8999996],"rotation":{"angle":0.0,"axis":"z","origin":[8.0,8.0,8.0]},"faces":{"east":{"uv":[14.5,1.25,14.75,1.5],"texture":"#layer0","tintindex":0},"south":{"uv":[14.5,2.25,14.75,2.5],"texture":"#layer0","tintindex":0},"north":{"uv":[14.5,0.5,14.75,0.75],"texture":"#layer0","tintindex":0},"west":{"uv":[14.5,3.75,14.75,4.0],"texture":"#layer0","tintindex":0},"up":{"uv":[14.5,5.0,14.75,5.25],"texture":"#layer0","tintindex":0},"down":{"uv":[14.5,6.0,14.25,6.25],"texture":"#layer0","tintindex":0}}},{"name":"head_1","from":[5.6,10.4,5.75],"to":[10.4,12.8,10.55],"rotation":{"angle":0.0,"axis":"z","origin":[8.0,8.0,8.0]},"faces":{"east":{"uv":[8.25,3.0,10.25,4.0],"texture":"#layer0","tintindex":0},"south":{"uv":[8.25,4.25,10.25,5.25],"texture":"#layer0","tintindex":0},"north":{"uv":[0.0,8.25,2.0,9.25],"texture":"#layer0","tintindex":0},"west":{"uv":[2.25,8.5,4.25,9.5],"texture":"#layer0","tintindex":0},"up":{"uv":[2.0,2.0,0.0,0.0],"texture":"#layer0","tintindex":0},"down":{"uv":[0.0,2.25,2.0,4.25],"texture":"#layer0","tintindex":0}}},{"name":"head_2","from":[6.5,8.0,5.8999996],"to":[9.5,9.8,9.5],"rotation":{"angle":0.0,"axis":"z","origin":[8.0,8.0,8.0]},"faces":{"east":{"uv":[2.0,9.75,3.5,10.5],"texture":"#layer0","tintindex":0},"south":{"uv":[10.5,3.0,11.75,3.75],"texture":"#layer0","tintindex":0},"north":{"uv":[6.75,3.0,8.0,3.75],"texture":"#layer0","tintindex":0},"west":{"uv":[10.0,8.0,11.5,8.75],"texture":"#layer0","tintindex":0},"up":{"uv":[8.25,10.0,7.0,8.5],"texture":"#layer0","tintindex":0},"down":{"uv":[8.5,8.5,9.75,10.0],"texture":"#layer0","tintindex":0}}},{"name":"head_3","from":[8.6,8.3,5.6],"to":[9.8,9.5,6.8],"rotation":{"angle":0.0,"axis":"z","origin":[8.0,8.0,8.0]},"faces":{"east":{"uv":[12.25,11.25,12.75,11.75],"texture":"#layer0","tintindex":0},"south":{"uv":[12.25,12.0,12.75,12.5],"texture":"#layer0","tintindex":0},"north":{"uv":[11.5,1.0,12.0,1.5],"texture":"#layer0","tintindex":0},"west":{"uv":[12.5,0.0,13.0,0.5],"texture":"#layer0","tintindex":0},"up":{"uv":[13.0,5.25,12.5,4.75],"texture":"#layer0","tintindex":0},"down":{"uv":[12.5,5.5,13.0,6.0],"texture":"#layer0","tintindex":0}}},{"name":"head_4","from":[5.8999996,9.8,5.8999996],"to":[10.1,13.400001,10.1],"rotation":{"angle":0.0,"axis":"z","origin":[8.0,8.0,8.0]},"faces":{"east":{"uv":[6.25,4.0,8.0,5.5],"texture":"#layer0","tintindex":0},"south":{"uv":[0.0,6.5,1.75,8.0],"texture":"#layer0","tintindex":0},"north":{"uv":[5.0,6.0,6.75,7.5],"texture":"#layer0","tintindex":0},"west":{"uv":[6.75,0.0,8.5,1.5],"texture":"#layer0","tintindex":0},"up":{"uv":[6.0,5.75,4.25,4.0],"texture":"#layer0","tintindex":0},"down":{"uv":[0.0,4.5,1.75,6.25],"texture":"#layer0","tintindex":0}}},{"name":"head_5","from":[6.2,8.3,5.6],"to":[7.4,9.5,6.8],"rotation":{"angle":0.0,"axis":"z","origin":[8.0,8.0,8.0]},"faces":{"east":{"uv":[1.5,12.75,2.0,13.25],"texture":"#layer0","tintindex":0},"south":{"uv":[2.25,12.75,2.75,13.25],"texture":"#layer0","tintindex":0},"north":{"uv":[12.5,6.25,13.0,6.75],"texture":"#layer0","tintindex":0},"west":{"uv":[3.0,12.75,3.5,13.25],"texture":"#layer0","tintindex":0},"up":{"uv":[13.25,7.5,12.75,7.0],"texture":"#layer0","tintindex":0},"down":{"uv":[12.75,7.75,13.25,8.25],"texture":"#layer0","tintindex":0}}}],"display":{"head":{"translation":[0.0,-6.4,0.0],"rotation":[0.0,0.0,0.0],"scale":[3.8095,3.8095,3.8095]},"gui":{"translation":[0.0,0.0,0.0],"rotation":[35.0,225.0,0.0],"scale":[0.625,0.625,0.625]}}}