{"textures":{"0":"modelengine:custom/bunger","particle":"modelengine:custom/bunger"},"elements":[{"from":[7.0,4.5,7.0],"to":[9.0,9.5,9.0],"faces":{"east":{"uv":[1.5,9.25,2.25,10.5],"tintindex":0,"rotation":0,"texture":"#0"},"south":{"uv":[1.5,9.25,2.25,10.5],"tintindex":0,"rotation":0,"texture":"#0"},"north":{"uv":[1.5,9.25,2.25,10.5],"tintindex":0,"rotation":0,"texture":"#0"},"west":{"uv":[1.5,9.25,2.25,10.5],"tintindex":0,"rotation":0,"texture":"#0"},"up":{"uv":[0.75,8.5,1.5,9.25],"tintindex":0,"rotation":0,"texture":"#0"},"down":{"uv":[1.5,9.25,2.25,8.5],"tintindex":0,"rotation":0,"texture":"#0"}}}],"display":{"gui":{"rotation":[30,225,0]}}}