{"file_name":"arm","texture_size":[128,128],"textures":{"layer0":"manamodels/npc_guide"},"elements":[{"name":"arm_0","from":[5.0479994,0.37999916,6.6679997],"to":[7.712,8.372,9.332],"rotation":{"angle":0.0,"axis":"z","origin":[8.0,8.0,8.0]},"faces":{"east":{"uv":[2.25,3.75,2.75,5.25],"texture":"#layer0","tintindex":0},"south":{"uv":[2.875,3.75,3.375,5.25],"texture":"#layer0","tintindex":0},"north":{"uv":[3.625,0.0,4.125,1.5],"texture":"#layer0","tintindex":0},"west":{"uv":[3.5,3.75,4.0,5.25],"texture":"#layer0","tintindex":0},"up":{"uv":[7.75,3.375,7.25,2.875],"texture":"#layer0","tintindex":0},"down":{"uv":[7.25,4.625,7.75,5.125],"texture":"#layer0","tintindex":0}}},{"name":"arm_1","from":[4.398649,6.3739996,6.002],"to":[7.7286496,9.038,9.998],"rotation":{"angle":0.0,"axis":"z","origin":[8.0,8.0,8.0]},"faces":{"east":{"uv":[6.625,0.625,7.375,1.125],"texture":"#layer0","tintindex":0},"south":{"uv":[3.5,7.0,4.125,7.5],"texture":"#layer0","tintindex":0},"north":{"uv":[2.75,7.0,3.375,7.5],"texture":"#layer0","tintindex":0},"west":{"uv":[5.125,6.625,5.875,7.125],"texture":"#layer0","tintindex":0},"up":{"uv":[6.375,2.0,5.75,1.25],"texture":"#layer0","tintindex":0},"down":{"uv":[4.75,5.75,5.375,6.5],"texture":"#layer0","tintindex":0}}},{"name":"arm_2","from":[4.7149997,2.0449991,6.335],"to":[8.045,3.3769991,9.665],"rotation":{"angle":0.0,"axis":"z","origin":[8.0,8.0,8.0]},"faces":{"east":{"uv":[7.875,2.875,8.5,3.125],"texture":"#layer0","tintindex":0},"south":{"uv":[3.625,7.875,4.25,8.125],"texture":"#layer0","tintindex":0},"north":{"uv":[7.875,1.375,8.5,1.625],"texture":"#layer0","tintindex":0},"west":{"uv":[4.375,7.875,5.0,8.125],"texture":"#layer0","tintindex":0},"up":{"uv":[6.875,4.625,6.25,4.0],"texture":"#layer0","tintindex":0},"down":{"uv":[6.25,5.75,6.875,6.375],"texture":"#layer0","tintindex":0}}}],"display":{"head":{"translation":[0.0,-6.4,0.0],"rotation":[0.0,0.0,0.0],"scale":[3.8095,3.8095,3.8095]},"gui":{"translation":[0.0,0.0,0.0],"rotation":[35.0,225.0,0.0],"scale":[0.625,0.625,0.625]}}}