{"file_name":"leg_left","texture_size":[128,128],"textures":{"layer0":"manamodels/gorilla"},"elements":[{"name":"leg_left_0","from":[6.8,-1.0000005,5.0],"to":[9.8,0.19999981,9.8],"rotation":{"angle":0.0,"axis":"z","origin":[8.0,8.0,8.0]},"faces":{"east":{"uv":[9.0,5.375,10.0,5.625],"texture":"#layer0","tintindex":0},"south":{"uv":[7.5,9.5,8.125,9.75],"texture":"#layer0","tintindex":0},"north":{"uv":[4.5,9.5,5.125,9.75],"texture":"#layer0","tintindex":0},"west":{"uv":[7.5,9.25,8.5,9.5],"texture":"#layer0","tintindex":0},"up":{"uv":[8.875,4.875,8.25,3.875],"texture":"#layer0","tintindex":0},"down":{"uv":[0.0,8.375,0.625,9.375],"texture":"#layer0","tintindex":0}}},{"name":"leg_left_1","from":[6.8,0.19999981,6.8],"to":[9.8,1.9999998,9.8],"rotation":{"angle":0.0,"axis":"z","origin":[8.0,8.0,8.0]},"faces":{"east":{"uv":[9.25,6.75,9.875,7.125],"texture":"#layer0","tintindex":0},"south":{"uv":[0.0,9.375,0.625,9.75],"texture":"#layer0","tintindex":0},"north":{"uv":[9.25,6.375,9.875,6.75],"texture":"#layer0","tintindex":0},"west":{"uv":[9.375,2.5,10.0,2.875],"texture":"#layer0","tintindex":0},"up":{"uv":[1.875,9.625,1.25,9.0],"texture":"#layer0","tintindex":0},"down":{"uv":[1.875,9.0,2.5,9.625],"texture":"#layer0","tintindex":0}}},{"name":"leg_left_2","from":[6.2,1.9999998,6.2],"to":[10.4,8.0,10.4],"rotation":{"angle":0.0,"axis":"z","origin":[8.0,8.0,8.0]},"faces":{"east":{"uv":[2.75,5.75,3.625,7.0],"texture":"#layer0","tintindex":0},"south":{"uv":[3.625,5.75,4.5,7.0],"texture":"#layer0","tintindex":0},"north":{"uv":[1.875,5.75,2.75,7.0],"texture":"#layer0","tintindex":0},"west":{"uv":[5.875,2.5,6.75,3.75],"texture":"#layer0","tintindex":0},"up":{"uv":[6.875,8.375,6.0,7.5],"texture":"#layer0","tintindex":0},"down":{"uv":[6.875,7.5,7.75,8.375],"texture":"#layer0","tintindex":0}}}],"display":{"head":{"translation":[0.0,-6.4,0.0],"rotation":[0.0,0.0,0.0],"scale":[3.8095,3.8095,3.8095]},"gui":{"translation":[0.0,0.0,0.0],"rotation":[35.0,225.0,0.0],"scale":[0.625,0.625,0.625]}}}