{"display":{"thirdperson_righthand":{"rotation":[150,0,-90],"translation":[7.5,-3.25,-3],"scale":[0.7,1,0.7]},"thirdperson_lefthand":{"rotation":[150,0,-90],"translation":[7.5,-3.25,-3],"scale":[0.7,1,0.7]},"firstperson_righthand":{"rotation":[67,0,65],"translation":[0,1.75,-0.25]},"firstperson_lefthand":{"rotation":[67,0,65],"translation":[0,1.75,-0.25]},"ground":{"translation":[0,5.25,0]},"gui":{"rotation":[90,0,0],"translation":[0,0.5,0]},"fixed":{"rotation":[90,0,0],"translation":[0,0,7.25]}},"textures":{"0":"crates/stpatrick21_crate/leggings","particle":"crates/stpatrick21_crate/leggings"},"elements":[{"name":"stpatrick_pants2_0","from":[2.5,0,2],"to":[13.5,0.5,8],"rotation":{"angle":0,"axis":"y","origin":[0,0,0]},"faces":{"north":{"uv":[13.5,2,2.5,2.5],"texture":"#0"},"east":{"uv":[13,2,13.5,8],"rotation":90,"texture":"#0"},"south":{"uv":[2.5,7.5,13.5,8],"texture":"#0"},"west":{"uv":[2.5,2,3,8],"rotation":270,"texture":"#0"},"up":{"uv":[2.5,2,13.5,8],"texture":"#0"},"down":{"uv":[2.5,8,13.5,2],"texture":"#0"}}},{"name":"stpatrick_pants2_1","from":[2,0,2.5],"to":[2.5,0.5,4.5],"rotation":{"angle":0,"axis":"y","origin":[0,0,0]},"faces":{"north":{"uv":[2.5,2.5,2,3],"texture":"#0"},"east":{"uv":[2,2.5,2.5,4.5],"rotation":90,"texture":"#0"},"south":{"uv":[2,4,2.5,4.5],"texture":"#0"},"west":{"uv":[2,2.5,2.5,4.5],"rotation":270,"texture":"#0"},"up":{"uv":[2,2.5,2.5,4.5],"texture":"#0"},"down":{"uv":[2,4.5,2.5,2.5],"texture":"#0"}}},{"name":"stpatrick_pants2_2","from":[13.5,0,2.5],"to":[14,0.5,4.5],"rotation":{"angle":0,"axis":"y","origin":[0,0,0]},"faces":{"north":{"uv":[14,2.5,13.5,3],"texture":"#0"},"east":{"uv":[13.5,2.5,14,4.5],"rotation":90,"texture":"#0"},"south":{"uv":[13.5,4,14,4.5],"texture":"#0"},"west":{"uv":[13.5,2.5,14,4.5],"rotation":270,"texture":"#0"},"up":{"uv":[13.5,2.5,14,4.5],"texture":"#0"},"down":{"uv":[13.5,4.5,14,2.5],"texture":"#0"}}},{"name":"stpatrick_pants2_3","from":[2,0,6],"to":[2.5,0.5,14.5],"rotation":{"angle":0,"axis":"y","origin":[0,0,0]},"faces":{"north":{"uv":[2.5,6,2,6.5],"texture":"#0"},"east":{"uv":[2,6,2.5,14.5],"rotation":90,"texture":"#0"},"south":{"uv":[2,14,2.5,14.5],"texture":"#0"},"west":{"uv":[2,6,2.5,14.5],"rotation":270,"texture":"#0"},"up":{"uv":[2,6,2.5,14.5],"texture":"#0"},"down":{"uv":[2,14.5,2.5,6],"texture":"#0"}}},{"name":"stpatrick_pants2_4","from":[1.5,0,7],"to":[2,0.5,9],"rotation":{"angle":0,"axis":"y","origin":[0,0,0]},"faces":{"north":{"uv":[2,7,1.5,7.5],"texture":"#0"},"east":{"uv":[1.5,7,2,9],"rotation":90,"texture":"#0"},"south":{"uv":[1.5,8.5,2,9],"texture":"#0"},"west":{"uv":[1.5,7,2,9],"rotation":270,"texture":"#0"},"up":{"uv":[1.5,7,2,9],"texture":"#0"},"down":{"uv":[1.5,9,2,7],"texture":"#0"}}},{"name":"stpatrick_pants2_5","from":[2.5,0,8],"to":[7,0.5,13],"rotation":{"angle":0,"axis":"y","origin":[0,0,0]},"faces":{"north":{"uv":[7,8,2.5,8.5],"texture":"#0"},"east":{"uv":[6.5,8,7,13],"rotation":90,"texture":"#0"},"south":{"uv":[2.5,12.5,7,13],"texture":"#0"},"west":{"uv":[2.5,8,3,13],"rotation":270,"texture":"#0"},"up":{"uv":[2.5,8,7,13],"texture":"#0"},"down":{"uv":[2.5,13,7,8],"texture":"#0"}}},{"name":"stpatrick_pants2_6","from":[7,0,8],"to":[7.5,0.5,9.5],"rotation":{"angle":0,"axis":"y","origin":[0,0,0]},"faces":{"north":{"uv":[7.5,8,7,8.5],"texture":"#0"},"east":{"uv":[7,8,7.5,9.5],"rotation":90,"texture":"#0"},"south":{"uv":[7,9,7.5,9.5],"texture":"#0"},"west":{"uv":[7,8,7.5,9.5],"rotation":270,"texture":"#0"},"up":{"uv":[7,8,7.5,9.5],"texture":"#0"},"down":{"uv":[7,9.5,7.5,8],"texture":"#0"}}},{"name":"stpatrick_pants2_7","from":[8,0,8],"to":[13.5,0.5,8.5],"rotation":{"angle":0,"axis":"y","origin":[0,0,0]},"faces":{"north":{"uv":[13.5,8,8,8.5],"texture":"#0"},"east":{"uv":[13,8,13.5,8.5],"rotation":90,"texture":"#0"},"south":{"uv":[8,8,13.5,8.5],"texture":"#0"},"west":{"uv":[8,8,8.5,8.5],"rotation":270,"texture":"#0"},"up":{"uv":[8,8,13.5,8.5],"texture":"#0"},"down":{"uv":[8,8.5,13.5,8],"texture":"#0"}}},{"name":"stpatrick_pants2_8","from":[8.5,0,8.5],"to":[14,0.5,12.5],"rotation":{"angle":0,"axis":"y","origin":[0,0,0]},"faces":{"north":{"uv":[14,8.5,8.5,9],"texture":"#0"},"east":{"uv":[13.5,8.5,14,12.5],"rotation":90,"texture":"#0"},"south":{"uv":[8.5,12,14,12.5],"texture":"#0"},"west":{"uv":[8.5,8.5,9,12.5],"rotation":270,"texture":"#0"},"up":{"uv":[8.5,8.5,14,12.5],"texture":"#0"},"down":{"uv":[8.5,12.5,14,8.5],"texture":"#0"}}},{"name":"stpatrick_pants2_9","from":[1.5,0,12],"to":[2,0.5,14.5],"rotation":{"angle":0,"axis":"y","origin":[0,0,0]},"faces":{"north":{"uv":[2,12,1.5,12.5],"texture":"#0"},"east":{"uv":[1.5,12,2,14.5],"rotation":90,"texture":"#0"},"south":{"uv":[1.5,14,2,14.5],"texture":"#0"},"west":{"uv":[1.5,12,2,14.5],"rotation":270,"texture":"#0"},"up":{"uv":[1.5,12,2,14.5],"texture":"#0"},"down":{"uv":[1.5,14.5,2,12],"texture":"#0"}}},{"name":"stpatrick_pants2_10","from":[14,0,12],"to":[14.5,0.5,14.5],"rotation":{"angle":0,"axis":"y","origin":[0,0,0]},"faces":{"north":{"uv":[14.5,12,14,12.5],"texture":"#0"},"east":{"uv":[14,12,14.5,14.5],"rotation":90,"texture":"#0"},"south":{"uv":[14,14,14.5,14.5],"texture":"#0"},"west":{"uv":[14,12,14.5,14.5],"rotation":270,"texture":"#0"},"up":{"uv":[14,12,14.5,14.5],"texture":"#0"},"down":{"uv":[14,14.5,14.5,12],"texture":"#0"}}},{"name":"stpatrick_pants2_11","from":[9,0,12.5],"to":[12.5,0.5,15],"rotation":{"angle":0,"axis":"y","origin":[0,0,0]},"faces":{"north":{"uv":[12.5,12.5,9,13],"texture":"#0"},"east":{"uv":[12,12.5,12.5,15],"rotation":90,"texture":"#0"},"south":{"uv":[9,14.5,12.5,15],"texture":"#0"},"west":{"uv":[9,12.5,9.5,15],"rotation":270,"texture":"#0"},"up":{"uv":[9,12.5,12.5,15],"texture":"#0"},"down":{"uv":[9,15,12.5,12.5],"texture":"#0"}}},{"name":"stpatrick_pants2_12","from":[12.5,0,12.5],"to":[14,0.5,14.5],"rotation":{"angle":0,"axis":"y","origin":[0,0,0]},"faces":{"north":{"uv":[14,12.5,12.5,13],"texture":"#0"},"east":{"uv":[13.5,12.5,14,14.5],"rotation":90,"texture":"#0"},"south":{"uv":[12.5,14,14,14.5],"texture":"#0"},"west":{"uv":[12.5,12.5,13,14.5],"rotation":270,"texture":"#0"},"up":{"uv":[12.5,12.5,14,14.5],"texture":"#0"},"down":{"uv":[12.5,14.5,14,12.5],"texture":"#0"}}},{"name":"stpatrick_pants2_13","from":[2.5,0,13],"to":[6.5,0.5,15],"rotation":{"angle":0,"axis":"y","origin":[0,0,0]},"faces":{"north":{"uv":[6.5,13,2.5,13.5],"texture":"#0"},"east":{"uv":[6,13,6.5,15],"rotation":90,"texture":"#0"},"south":{"uv":[2.5,14.5,6.5,15],"texture":"#0"},"west":{"uv":[2.5,13,3,15],"rotation":270,"texture":"#0"},"up":{"uv":[2.5,13,6.5,15],"texture":"#0"},"down":{"uv":[2.5,15,6.5,13],"texture":"#0"}}}],"gui_light":"front"}