{"display":{"thirdperson_righthand":{"rotation":[90,-180,0],"translation":[0,-2.75,-1.25],"scale":[0.6,0.6,0.6]},"thirdperson_lefthand":{"rotation":[90,-180,0],"translation":[0,-2.75,-1.25],"scale":[0.6,0.6,0.6]},"firstperson_righthand":{"rotation":[31,-155,6],"translation":[6.25,0,0]},"firstperson_lefthand":{"rotation":[31,-155,6],"translation":[6.25,0,0]},"ground":{"translation":[0,6.5,0],"scale":[0.8,0.8,0.8]},"gui":{"rotation":[0,34,0],"translation":[0,1.5,0],"scale":[0.8,0.8,0.8]},"head":{"translation":[0,-43.5,12],"scale":[1.6,1.6,1.6]},"fixed":{"rotation":[0,-180,0],"translation":[0,4,0],"scale":[1.3,1.3,1.3]}},"texture_size":[64,64],"textures":{"0":"crates/stpatrick21_crate/pot","particle":"crates/stpatrick21_crate/pot"},"elements":[{"from":[2,0,2],"to":[14,10,14],"rotation":{"angle":22.5,"axis":"x","origin":[0,0,2]},"faces":{"north":{"uv":[0,6,3,8.5],"texture":"#0"},"east":{"uv":[3,6,6,8.5],"texture":"#0"},"south":{"uv":[6,6,9,8.5],"texture":"#0"},"west":{"uv":[6,0,9,2.5],"texture":"#0"},"up":{"uv":[3,3,0,0],"texture":"#0"},"down":{"uv":[3,3,0,6],"texture":"#0"}}},{"from":[13.5,8,8.5],"to":[15.5,9,9.5],"rotation":{"angle":22.5,"axis":"x","origin":[0,0,2]},"faces":{"north":{"uv":[10.25,8.75,10.75,9],"texture":"#0"},"east":{"uv":[10.5,1.5,10.75,1.75],"texture":"#0"},"south":{"uv":[2.5,10.5,3,10.75],"texture":"#0"},"west":{"uv":[10.5,1.75,10.75,2],"texture":"#0"},"up":{"uv":[3.5,10.75,3,10.5],"texture":"#0"},"down":{"uv":[4,10.5,3.5,10.75],"texture":"#0"}}},{"from":[0.5,8,8.5],"to":[2.5,9,9.5],"rotation":{"angle":22.5,"axis":"x","origin":[16,0,2]},"faces":{"north":{"uv":[4,10.5,4.5,10.75],"texture":"#0"},"east":{"uv":[10.5,2,10.75,2.25],"texture":"#0"},"south":{"uv":[4.5,10.5,5,10.75],"texture":"#0"},"west":{"uv":[10.5,2.25,10.75,2.5],"texture":"#0"},"up":{"uv":[5.5,10.75,5,10.5],"texture":"#0"},"down":{"uv":[6,10.5,5.5,10.75],"texture":"#0"}}},{"from":[13.5,8,6.5],"to":[15.5,9,7.5],"rotation":{"angle":22.5,"axis":"x","origin":[0,0,2]},"faces":{"north":{"uv":[6,10.5,6.5,10.75],"texture":"#0"},"east":{"uv":[10.5,3,10.75,3.25],"texture":"#0"},"south":{"uv":[6.5,10.5,7,10.75],"texture":"#0"},"west":{"uv":[10.5,3.25,10.75,3.5],"texture":"#0"},"up":{"uv":[7.5,10.75,7,10.5],"texture":"#0"},"down":{"uv":[8,10.5,7.5,10.75],"texture":"#0"}}},{"from":[0.5,8,6.5],"to":[2.5,9,7.5],"rotation":{"angle":22.5,"axis":"x","origin":[16,0,2]},"faces":{"north":{"uv":[8,10.5,8.5,10.75],"texture":"#0"},"east":{"uv":[10.5,3.5,10.75,3.75],"texture":"#0"},"south":{"uv":[10,10.5,10.5,10.75],"texture":"#0"},"west":{"uv":[10.5,3.75,10.75,4],"texture":"#0"},"up":{"uv":[11,10.75,10.5,10.5],"texture":"#0"},"down":{"uv":[11,0.75,10.5,1],"texture":"#0"}}},{"from":[14.5,8,7.5],"to":[15.5,9,8.5],"rotation":{"angle":22.5,"axis":"x","origin":[0,0,2]},"faces":{"north":{"uv":[10.5,4,10.75,4.25],"texture":"#0"},"east":{"uv":[10.5,4.25,10.75,4.5],"texture":"#0"},"south":{"uv":[10.5,4.5,10.75,4.75],"texture":"#0"},"west":{"uv":[10.5,4.75,10.75,5],"texture":"#0"},"up":{"uv":[10.75,5.25,10.5,5],"texture":"#0"},"down":{"uv":[10.75,5.25,10.5,5.5],"texture":"#0"}}},{"from":[0.5,8,7.5],"to":[1.5,9,8.5],"rotation":{"angle":22.5,"axis":"x","origin":[16,0,2]},"faces":{"north":{"uv":[10.5,9.25,10.75,9.5],"texture":"#0"},"east":{"uv":[10.5,9.5,10.75,9.75],"texture":"#0"},"south":{"uv":[10.5,10,10.75,10.25],"texture":"#0"},"west":{"uv":[10.5,10.25,10.75,10.5],"texture":"#0"},"up":{"uv":[2.75,11,2.5,10.75],"texture":"#0"},"down":{"uv":[3,10.75,2.75,11],"texture":"#0"}}},{"from":[2,11,2],"to":[14,13,14],"rotation":{"angle":22.5,"axis":"x","origin":[0,0,2]},"faces":{"north":{"uv":[6,5,9,5.5],"texture":"#0"},"east":{"uv":[6,5.5,9,6],"texture":"#0"},"south":{"uv":[6.5,8.5,9.5,9],"texture":"#0"},"west":{"uv":[8.5,2.5,11.5,3],"texture":"#0"},"up":{"uv":[6,6,3,3],"texture":"#0"},"down":{"uv":[6,0,3,3],"texture":"#0"}}},{"from":[4,12,4],"to":[12,14,12],"rotation":{"angle":22.5,"axis":"x","origin":[0,0,2]},"faces":{"north":{"uv":[8.5,3,10.5,3.5],"texture":"#0"},"east":{"uv":[8.5,3.5,10.5,4],"texture":"#0"},"south":{"uv":[8.5,4,10.5,4.5],"texture":"#0"},"west":{"uv":[8.5,4.5,10.5,5],"texture":"#0"},"up":{"uv":[4.5,10.5,2.5,8.5],"texture":"#0"},"down":{"uv":[6.5,8.5,4.5,10.5],"texture":"#0"}}},{"from":[10,12,11],"to":[13,13.75,13],"rotation":{"angle":22.5,"axis":"x","origin":[0,0,2]},"faces":{"north":{"uv":[9,8,9.75,8.5],"texture":"#0"},"east":{"uv":[9.75,5.5,10.25,6],"texture":"#0"},"south":{"uv":[8.5,9.25,9.25,9.75],"texture":"#0"},"west":{"uv":[9.75,6,10.25,6.5],"texture":"#0"},"up":{"uv":[10,9.75,9.25,9.25],"texture":"#0"},"down":{"uv":[10.25,8.5,9.5,9],"texture":"#0"}}},{"from":[5,11.75,11],"to":[7,13.5,13],"rotation":{"angle":22.5,"axis":"x","origin":[0,0,2]},"faces":{"north":{"uv":[9.75,6.5,10.25,7],"texture":"#0"},"east":{"uv":[9.75,7,10.25,7.5],"texture":"#0"},"south":{"uv":[9.75,7.5,10.25,8],"texture":"#0"},"west":{"uv":[9.75,8,10.25,8.5],"texture":"#0"},"up":{"uv":[10.5,10.5,10,10],"texture":"#0"},"down":{"uv":[10.5,9.25,10,9.75],"texture":"#0"}}},{"from":[9,14,5],"to":[12,15,8],"rotation":{"angle":22.5,"axis":"x","origin":[0,0,2]},"faces":{"north":{"uv":[9,2.25,9.75,2.5],"texture":"#0"},"east":{"uv":[9.75,2.25,10.5,2.5],"texture":"#0"},"south":{"uv":[10,9.75,10.75,10],"texture":"#0"},"west":{"uv":[10.25,7,11,7.25],"texture":"#0"},"up":{"uv":[9.75,1.5,9,0.75],"texture":"#0"},"down":{"uv":[9.75,1.5,9,2.25],"texture":"#0"}}},{"from":[8,13.75,8],"to":[11,14.75,10],"rotation":{"angle":22.5,"axis":"x","origin":[0,0,2]},"faces":{"north":{"uv":[10.25,7.25,11,7.5],"texture":"#0"},"east":{"uv":[10.5,1,11,1.25],"texture":"#0"},"south":{"uv":[10.25,7.5,11,7.75],"texture":"#0"},"west":{"uv":[10.5,1.25,11,1.5],"texture":"#0"},"up":{"uv":[9.25,10.25,8.5,9.75],"texture":"#0"},"down":{"uv":[10,9.75,9.25,10.25],"texture":"#0"}}},{"from":[5,13.5,8],"to":[8,14.5,11],"rotation":{"angle":22.5,"axis":"x","origin":[0,0,2]},"faces":{"north":{"uv":[10.25,7.75,11,8],"texture":"#0"},"east":{"uv":[10.25,8,11,8.25],"texture":"#0"},"south":{"uv":[10.25,8.25,11,8.5],"texture":"#0"},"west":{"uv":[10.25,8.5,11,8.75],"texture":"#0"},"up":{"uv":[9.75,5.75,9,5],"texture":"#0"},"down":{"uv":[9.75,5.75,9,6.5],"texture":"#0"}}},{"from":[6,13.5,5],"to":[9,15.5,8],"rotation":{"angle":22.5,"axis":"x","origin":[0,0,2]},"faces":{"north":{"uv":[9.75,0.75,10.5,1.25],"texture":"#0"},"east":{"uv":[9.75,1.25,10.5,1.75],"texture":"#0"},"south":{"uv":[9.75,1.75,10.5,2.25],"texture":"#0"},"west":{"uv":[9.75,5,10.5,5.5],"texture":"#0"},"up":{"uv":[9.75,7.25,9,6.5],"texture":"#0"},"down":{"uv":[9.75,7.25,9,8],"texture":"#0"}}},{"from":[7,13,9.25],"to":[9,15,11.25],"rotation":{"angle":22.5,"axis":"x","origin":[0,0,2]},"faces":{"north":{"uv":[8.5,10.25,9,10.75],"texture":"#0"},"east":{"uv":[9,10.25,9.5,10.75],"texture":"#0"},"south":{"uv":[9.5,10.25,10,10.75],"texture":"#0"},"west":{"uv":[10.25,5.5,10.75,6],"texture":"#0"},"up":{"uv":[10.75,6.5,10.25,6],"texture":"#0"},"down":{"uv":[10.75,6.5,10.25,7],"texture":"#0"}}},{"from":[3,10,3],"to":[13,11,13],"rotation":{"angle":22.5,"axis":"x","origin":[0,0,2]},"faces":{"north":{"uv":[8.5,9,11,9.25],"texture":"#0"},"east":{"uv":[9,0,11.5,0.25],"texture":"#0"},"south":{"uv":[9,0.25,11.5,0.5],"texture":"#0"},"west":{"uv":[9,0.5,11.5,0.75],"texture":"#0"},"up":{"uv":[8.5,5,6,2.5],"texture":"#0"},"down":{"uv":[2.5,8.5,0,11],"texture":"#0"}}},{"from":[11,16,1],"to":[13,16,7],"rotation":{"angle":45,"axis":"x","origin":[13,13,2]},"faces":{"north":{"uv":[0,0,0.5,0],"texture":"#0"},"east":{"uv":[0,0,1.5,0],"texture":"#0"},"south":{"uv":[0,0,0.5,0],"texture":"#0"},"west":{"uv":[0,0,1.5,0],"texture":"#0"},"up":{"uv":[8,10.5,7.5,9],"texture":"#0"},"down":{"uv":[8.5,9,8,10.5],"texture":"#0"}}},{"from":[3,16,1],"to":[5,16,7],"rotation":{"angle":45,"axis":"x","origin":[3,13,2]},"faces":{"north":{"uv":[0,0,0.5,0],"texture":"#0"},"east":{"uv":[0,0,1.5,0],"texture":"#0"},"south":{"uv":[0,0,0.5,0],"texture":"#0"},"west":{"uv":[0,0,1.5,0],"texture":"#0"},"up":{"uv":[7,10.5,6.5,9],"texture":"#0"},"down":{"uv":[7.5,9,7,10.5],"texture":"#0"}}}],"gui_light":"front"}