{"file_name":"arm_left","texture_size":[128,128],"textures":{"layer0":"manamodels/zeus"},"elements":[{"name":"arm_left_0","from":[6.969613,6.4711514,6.812936],"to":[9.235508,8.835733,9.409161],"rotation":{"angle":45.0,"axis":"z","origin":[8.218976,7.7971754,8.0]},"faces":{"east":{"uv":[2.375,5.625,2.875,6.125],"texture":"#layer0","tintindex":0},"south":{"uv":[0.375,6.375,0.75,6.875],"texture":"#layer0","tintindex":0},"north":{"uv":[0.0,6.375,0.375,6.875],"texture":"#layer0","tintindex":0},"west":{"uv":[4.125,5.625,4.625,6.125],"texture":"#layer0","tintindex":0},"up":{"uv":[1.125,6.875,0.75,6.375],"texture":"#layer0","tintindex":0},"down":{"uv":[1.125,6.375,1.5,6.875],"texture":"#layer0","tintindex":0}}},{"name":"arm_left_1","from":[6.450638,8.222696,6.975116],"to":[8.716532,9.938559,9.246981],"rotation":{"angle":22.5,"axis":"z","origin":[7.7,8.9,8.0]},"faces":{"east":{"uv":[6.125,2.0,6.625,2.375],"texture":"#layer0","tintindex":0},"south":{"uv":[4.875,6.75,5.25,7.125],"texture":"#layer0","tintindex":0},"north":{"uv":[4.5,6.75,4.875,7.125],"texture":"#layer0","tintindex":0},"west":{"uv":[6.125,4.25,6.625,4.625],"texture":"#layer0","tintindex":0},"up":{"uv":[4.875,6.75,4.5,6.25],"texture":"#layer0","tintindex":0},"down":{"uv":[4.875,6.25,5.25,6.75],"texture":"#layer0","tintindex":0}}},{"name":"arm_left_2","from":[6.5642366,9.938559,7.1066475],"to":[8.429559,12.808286,9.115454],"rotation":{"angle":22.5,"axis":"z","origin":[7.7,8.9,8.0]},"faces":{"east":{"uv":[4.125,6.125,4.5,6.625],"texture":"#layer0","tintindex":0},"south":{"uv":[6.0,6.125,6.375,6.625],"texture":"#layer0","tintindex":0},"north":{"uv":[3.5,2.625,3.875,3.125],"texture":"#layer0","tintindex":0},"west":{"uv":[6.125,1.5,6.5,2.0],"texture":"#layer0","tintindex":0},"up":{"uv":[7.0,3.125,6.625,2.75],"texture":"#layer0","tintindex":0},"down":{"uv":[6.625,4.25,7.0,4.625],"texture":"#layer0","tintindex":0}}},{"name":"arm_left_3","from":[6.5702066,12.808286,7.112624],"to":[8.573042,14.530124,9.109478],"rotation":{"angle":22.5,"axis":"z","origin":[7.7,8.9,8.0]},"faces":{"east":{"uv":[5.625,6.625,6.0,7.0],"texture":"#layer0","tintindex":0},"south":{"uv":[6.0,6.625,6.375,7.0],"texture":"#layer0","tintindex":0},"north":{"uv":[5.25,6.625,5.625,7.0],"texture":"#layer0","tintindex":0},"west":{"uv":[6.375,6.625,6.75,7.0],"texture":"#layer0","tintindex":0},"up":{"uv":[7.0,0.375,6.625,0.0],"texture":"#layer0","tintindex":0},"down":{"uv":[6.625,1.0,7.0,1.375],"texture":"#layer0","tintindex":0}}},{"name":"arm_left_4","from":[6.3029537,11.947364,6.910244],"to":[8.795143,12.808286,9.311852],"rotation":{"angle":22.5,"axis":"z","origin":[7.7,8.9,8.0]},"faces":{"east":{"uv":[6.875,4.125,7.375,4.25],"texture":"#layer0","tintindex":0},"south":{"uv":[6.875,5.875,7.375,6.0],"texture":"#layer0","tintindex":0},"north":{"uv":[6.875,4.0,7.375,4.125],"texture":"#layer0","tintindex":0},"west":{"uv":[6.875,6.0,7.375,6.125],"texture":"#layer0","tintindex":0},"up":{"uv":[1.5,6.125,1.0,5.625],"texture":"#layer0","tintindex":0},"down":{"uv":[1.875,5.625,2.375,6.125],"texture":"#layer0","tintindex":0}}},{"name":"arm_left_5","from":[7.0512795,13.051808,0.8316438],"to":[7.7,14.024888,8.616283],"rotation":{"angle":22.5,"axis":"z","origin":[7.7,8.9,8.0]},"faces":{"east":{"uv":[5.125,0.0,6.625,0.25],"texture":"#layer0","tintindex":0},"south":{"uv":[1.625,0.5,1.75,0.75],"texture":"#layer0","tintindex":0},"north":{"uv":[1.625,0.25,1.75,0.5],"texture":"#layer0","tintindex":0},"west":{"uv":[5.125,0.25,6.625,0.5],"texture":"#layer0","tintindex":0},"up":{"uv":[4.125,7.875,4.0,6.375],"texture":"#layer0","tintindex":0},"down":{"uv":[1.5,6.625,1.625,8.125],"texture":"#layer0","tintindex":0}}},{"name":"arm_left_6","from":[7.0512795,14.024888,6.507944],"to":[7.7,14.997968,14.292584],"rotation":{"angle":22.5,"axis":"z","origin":[7.7,8.9,8.0]},"faces":{"east":{"uv":[4.625,4.375,6.125,4.625],"texture":"#layer0","tintindex":0},"south":{"uv":[1.625,0.0,1.75,0.25],"texture":"#layer0","tintindex":0},"north":{"uv":[0.75,1.5,0.875,1.75],"texture":"#layer0","tintindex":0},"west":{"uv":[5.125,5.125,6.625,5.375],"texture":"#layer0","tintindex":0},"up":{"uv":[3.875,7.875,3.75,6.375],"texture":"#layer0","tintindex":0},"down":{"uv":[3.875,6.375,4.0,7.875],"texture":"#layer0","tintindex":0}}}],"display":{"head":{"translation":[0.0,-6.4,0.0],"rotation":[0.0,0.0,0.0],"scale":[3.8095,3.8095,3.8095]},"gui":{"translation":[0.0,0.0,0.0],"rotation":[35.0,225.0,0.0],"scale":[0.625,0.625,0.625]}}}