{"credit":"Copyright ManaLabs Inc","textures":{"0":"manalabs:emoji/16","particle":"manalabs:emoji/16"},"elements":[{"from":[0,0,0],"to":[16,16,0],"faces":{"north":{"uv":[1,6,2,7],"texture":"#0","tintindex":0},"east":{"uv":[1,6,2,7],"texture":"#0","tintindex":0},"south":{"uv":[1,6,2,7],"texture":"#0","tintindex":0},"west":{"uv":[1,6,2,7],"texture":"#0","tintindex":0},"up":{"uv":[1,6,2,7],"texture":"#0","tintindex":0},"down":{"uv":[1,6,2,7],"texture":"#0","tintindex":0}}}],"gui_light":"front","display":{"gui":{"translation":[1.75,0.75,0],"scale":[0.9,0.9,0.9]}}}