{"credit":"Copyright ManaLabs Inc","textures":{"0":"manalabs:emoji/16","particle":"manalabs:emoji/16"},"elements":[{"from":[0,0,0],"to":[16,16,0],"faces":{"north":{"uv":[7,7,8,8],"texture":"#0","tintindex":0},"east":{"uv":[7,7,8,8],"texture":"#0","tintindex":0},"south":{"uv":[7,7,8,8],"texture":"#0","tintindex":0},"west":{"uv":[7,7,8,8],"texture":"#0","tintindex":0},"up":{"uv":[7,7,8,8],"texture":"#0","tintindex":0},"down":{"uv":[7,7,8,8],"texture":"#0","tintindex":0}}}],"gui_light":"front","display":{"gui":{"translation":[0.75,0,0],"scale":[0.9,0.9,0.9]}}}