{"file_name":"arm1","texture_size":[256,256],"textures":{"layer0":"manamodels/gems"},"elements":[{"name":"arm1_0","from":[6.2,4.7,7.1],"to":[8.0,8.9,8.9],"rotation":{"angle":0.0,"axis":"z","origin":[8.0,8.0,8.0]},"faces":{"east":{"uv":[3.4375,5.4375,3.25,5.875],"texture":"#layer0","tintindex":0},"south":{"uv":[3.1875,5.4375,3.0,5.875],"texture":"#layer0","tintindex":0},"north":{"uv":[2.0,5.375,1.8125,5.8125],"texture":"#layer0","tintindex":0},"west":{"uv":[2.9375,5.4375,2.75,5.875],"texture":"#layer0","tintindex":0},"up":{"uv":[6.125,0.6875,6.3125,0.5],"texture":"#layer0","tintindex":0},"down":{"uv":[6.3125,2.6875,6.125,2.875],"texture":"#layer0","tintindex":0}}}],"display":{"head":{"translation":[0.0,-6.4,0.0],"rotation":[0.0,0.0,0.0],"scale":[3.8095,3.8095,3.8095]},"gui":{"translation":[0.0,0.0,0.0],"rotation":[35.0,225.0,0.0],"scale":[0.625,0.625,0.625]}}}