{"file_name":"head","texture_size":[64,64],"textures":{"layer0":"manamodels/zeropet"},"elements":[{"name":"head_0","from":[6.8,8.0,5.6],"to":[9.2,10.4,8.6],"rotation":{"angle":-22.5,"axis":"x","origin":[8.0,9.8,7.4]},"faces":{"east":{"uv":[9.25,5.0,10.5,6.0],"texture":"#layer0","tintindex":0},"south":{"uv":[10.5,0.0,11.5,1.0],"texture":"#layer0","tintindex":0},"north":{"uv":[0.0,10.5,1.0,11.5],"texture":"#layer0","tintindex":0},"west":{"uv":[9.25,6.25,10.5,7.25],"texture":"#layer0","tintindex":0},"up":{"uv":[11.0,8.75,10.0,7.5],"texture":"#layer0","tintindex":0},"down":{"uv":[10.0,9.0,11.0,10.25],"texture":"#layer0","tintindex":0}}},{"name":"head_1","from":[7.1,7.705652,3.4956138],"to":[8.9,8.905652,6.495614],"rotation":{"angle":0.0,"axis":"z","origin":[8.0,8.0,8.0]},"faces":{"east":{"uv":[10.5,2.75,11.75,3.25],"texture":"#layer0","tintindex":0},"south":{"uv":[10.5,4.25,11.25,4.75],"texture":"#layer0","tintindex":0},"north":{"uv":[8.25,5.0,9.0,5.5],"texture":"#layer0","tintindex":0},"west":{"uv":[10.5,3.5,11.75,4.0],"texture":"#layer0","tintindex":0},"up":{"uv":[2.0,11.75,1.25,10.5],"texture":"#layer0","tintindex":0},"down":{"uv":[10.5,1.25,11.25,2.5],"texture":"#layer0","tintindex":0}}},{"name":"head_2","from":[7.4,7.405652,1.8456138],"to":[8.6,8.005652,3.645614],"rotation":{"angle":22.5,"axis":"x","origin":[8.0,7.8556523,4.695614]},"faces":{"east":{"uv":[2.25,8.0,3.0,8.25],"texture":"#layer0","tintindex":0},"south":{"uv":[7.75,11.25,8.25,11.5],"texture":"#layer0","tintindex":0},"north":{"uv":[11.25,7.25,11.75,7.5],"texture":"#layer0","tintindex":0},"west":{"uv":[3.0,11.0,3.75,11.25],"texture":"#layer0","tintindex":0},"up":{"uv":[9.75,8.25,9.25,7.5],"texture":"#layer0","tintindex":0},"down":{"uv":[4.5,10.5,5.0,11.25],"texture":"#layer0","tintindex":0}}},{"name":"head_3","from":[7.7,6.383498,-0.42620206],"to":[8.3,6.9834976,1.3737979],"rotation":{"angle":45.0,"axis":"x","origin":[7.7,6.833498,4.223798]},"faces":{"east":{"uv":[5.25,11.25,6.0,11.5],"texture":"#layer0","tintindex":0},"south":{"uv":[11.25,7.75,11.5,8.0],"texture":"#layer0","tintindex":0},"north":{"uv":[3.25,8.0,3.5,8.25],"texture":"#layer0","tintindex":0},"west":{"uv":[6.25,11.25,7.0,11.5],"texture":"#layer0","tintindex":0},"up":{"uv":[4.25,11.75,4.0,11.0],"texture":"#layer0","tintindex":0},"down":{"uv":[7.25,11.25,7.5,12.0],"texture":"#layer0","tintindex":0}}},{"name":"head_4","from":[7.4,9.627615,0.441818],"to":[8.6,10.827614,1.6418179],"rotation":{"angle":22.5,"axis":"x","origin":[8.0,10.227614,1.0418179]},"faces":{"east":{"uv":[6.0,10.5,6.5,11.0],"texture":"#layer0","tintindex":0},"south":{"uv":[6.75,10.5,7.25,11.0],"texture":"#layer0","tintindex":0},"north":{"uv":[5.25,10.5,5.75,11.0],"texture":"#layer0","tintindex":0},"west":{"uv":[7.5,10.5,8.0,11.0],"texture":"#layer0","tintindex":0},"up":{"uv":[8.75,11.0,8.25,10.5],"texture":"#layer0","tintindex":0},"down":{"uv":[9.0,10.5,9.5,11.0],"texture":"#layer0","tintindex":0}}},{"name":"head_5","from":[7.25,9.8,7.4],"to":[7.25,14.0,15.8],"rotation":{"angle":-22.5,"axis":"y","origin":[8.0,10.4,7.4]},"faces":{"east":{"uv":[4.5,0.0,8.0,1.75],"texture":"#layer0","tintindex":0},"south":{"uv":[8.5,11.25,8.5,13.0],"texture":"#layer0","tintindex":0},"north":{"uv":[11.25,8.25,11.25,10.0],"texture":"#layer0","tintindex":0},"west":{"uv":[4.5,2.0,8.0,3.75],"texture":"#layer0","tintindex":0},"up":{"uv":[8.75,14.75,8.75,11.25],"texture":"#layer0","tintindex":0},"down":{"uv":[9.0,11.25,9.0,14.75],"texture":"#layer0","tintindex":0}}},{"name":"head_6","from":[8.75,9.8,7.4],"to":[8.75,14.0,15.8],"rotation":{"angle":22.5,"axis":"y","origin":[8.0,10.4,7.4]},"faces":{"east":{"uv":[4.5,4.0,8.0,5.75],"texture":"#layer0","tintindex":0},"south":{"uv":[9.5,11.25,9.5,13.0],"texture":"#layer0","tintindex":0},"north":{"uv":[9.25,11.25,9.25,13.0],"texture":"#layer0","tintindex":0},"west":{"uv":[0.0,6.0,3.5,7.75],"texture":"#layer0","tintindex":0},"up":{"uv":[9.75,14.75,9.75,11.25],"texture":"#layer0","tintindex":0},"down":{"uv":[10.0,11.25,10.0,14.75],"texture":"#layer0","tintindex":0}}}],"display":{"head":{"translation":[0.0,-6.4,0.0],"rotation":[0.0,0.0,0.0],"scale":[3.8095,3.8095,3.8095]},"gui":{"translation":[0.0,0.0,0.0],"rotation":[35.0,225.0,0.0],"scale":[0.625,0.625,0.625]}}}