{"textures":{"0":"modelengine:custom/easter_bunny","particle":"modelengine:custom/easter_bunny"},"elements":[{"from":[6.5946302,2.2257404,7.0],"to":[8.59463,9.22574,9.0],"faces":{"east":{"uv":[6.25,7.75,6.75,9.5],"tintindex":0,"rotation":0,"texture":"#0"},"south":{"uv":[8.0,0.0,8.5,1.75],"tintindex":0,"rotation":0,"texture":"#0"},"north":{"uv":[5.5,7.75,6.0,9.5],"tintindex":0,"rotation":0,"texture":"#0"},"west":{"uv":[8.0,2.0,8.5,3.75],"tintindex":0,"rotation":0,"texture":"#0"},"up":{"uv":[5.0,10.25,4.5,9.75],"tintindex":0,"rotation":0,"texture":"#0"},"down":{"uv":[5.75,9.75,5.25,10.25],"tintindex":0,"rotation":0,"texture":"#0"}}}],"display":{"gui":{"rotation":[30,225,0]}}}