{"display":{"thirdperson_righthand":{"rotation":[-180,-180,0],"translation":[0.25,-2,0.75],"scale":[0.7,0.7,0.7]},"thirdperson_lefthand":{"rotation":[-180,-180,0],"translation":[0.25,-2,0.75],"scale":[0.7,0.7,0.7]},"firstperson_righthand":{"rotation":[155,-180,0],"translation":[4.75,0.25,-2],"scale":[0.45,0.45,0.45]},"firstperson_lefthand":{"rotation":[155,-180,0],"translation":[4.75,0.25,-2],"scale":[0.45,0.45,0.45]},"ground":{"rotation":[-99,27,77],"scale":[0.3,0.3,0.3]},"gui":{"rotation":[-63,-39,-61],"scale":[0.6,0.6,0.6]},"head":{"rotation":[-66,-180,0],"translation":[0,-58.25,1],"scale":[1.5,1.5,1.5]},"fixed":{"rotation":[-162,15,-50],"translation":[0,0,-1],"scale":[0.55,0.55,0.55]}},"texture_size":[64,64],"textures":{"0":"crates/harrypotter21_crate/nimbus_2000","particle":"crates/harrypotter21_crate/nimbus_2000"},"elements":[{"from":[7.5,-1,7.5],"to":[8.5,9,8.5],"faces":{"north":{"uv":[6.5,0,6.75,2.5],"texture":"#0"},"east":{"uv":[1,6.5,1.25,9],"texture":"#0"},"south":{"uv":[1.5,6.5,1.75,9],"texture":"#0"},"west":{"uv":[2,6.5,2.25,9],"texture":"#0"},"up":{"uv":[9.25,4.25,9,4],"texture":"#0"},"down":{"uv":[9.25,5.5,9,5.75],"texture":"#0"}}},{"from":[7.525,28.50891,6.62609],"to":[8.475,31.2722,7.62609],"rotation":{"angle":22.5,"axis":"x","origin":[8,31.01927,6.62609]},"faces":{"north":{"uv":[7,4.75,7.25,5.5],"texture":"#0"},"east":{"uv":[7,5.75,7.25,6.5],"texture":"#0"},"south":{"uv":[7,6.75,7.25,7.5],"texture":"#0"},"west":{"uv":[7.5,2.75,7.75,3.5],"texture":"#0"},"up":{"uv":[9.5,0.75,9.25,0.5],"texture":"#0"},"down":{"uv":[1.25,9.25,1,9.5],"texture":"#0"}}},{"from":[7.5,13.23671,5.6627],"to":[8.5,32,6.6627],"rotation":{"angle":0,"axis":"y","origin":[0,-2.76329,-1.8373]},"faces":{"north":{"uv":[4.5,5.25,4.75,10],"texture":"#0"},"east":{"uv":[5,5.25,5.25,10],"texture":"#0"},"south":{"uv":[0,5.5,0.25,10.25],"texture":"#0"},"west":{"uv":[0.5,5.5,0.75,10.25],"texture":"#0"},"up":{"uv":[9.5,1.25,9.25,1],"texture":"#0"},"down":{"uv":[1.75,9.25,1.5,9.5],"texture":"#0"}}},{"from":[7.5,6.35615,11.20849],"to":[8.5,11.35615,12.20849],"rotation":{"angle":-22.5,"axis":"x","origin":[0,-1.64385,3.70849]},"faces":{"north":{"uv":[2.5,6.5,2.75,7.75],"texture":"#0"},"east":{"uv":[6.5,4.75,6.75,6],"texture":"#0"},"south":{"uv":[6,6.5,6.25,7.75],"texture":"#0"},"west":{"uv":[6.5,6.25,6.75,7.5],"texture":"#0"},"up":{"uv":[9.25,6.75,9,6.5],"texture":"#0"},"down":{"uv":[9.25,8,9,8.25],"texture":"#0"}}},{"from":[7.5,-16,7.5],"to":[8.5,-1,8.5],"faces":{"north":{"uv":[3.25,5.5,3.5,9.25],"texture":"#0"},"east":{"uv":[3.75,5.5,4,9.25],"texture":"#0"},"south":{"uv":[5.5,5.25,5.75,9],"texture":"#0"},"west":{"uv":[6,2.5,6.25,6.25],"texture":"#0"},"up":{"uv":[9.25,6.25,9,6],"texture":"#0"},"down":{"uv":[6.75,9,6.5,9.25],"texture":"#0"}}},{"from":[7,-15,7],"to":[9,-1,9],"faces":{"north":{"uv":[1,2.75,1.5,6.25],"texture":"#0"},"east":{"uv":[1.75,2.75,2.25,6.25],"texture":"#0"},"south":{"uv":[2.5,2.75,3,6.25],"texture":"#0"},"west":{"uv":[3.25,0,3.75,3.5],"texture":"#0"},"up":{"uv":[5.75,3,5.25,2.5],"texture":"#0"},"down":{"uv":[7.5,0,7,0.5],"texture":"#0"}}},{"from":[7.5,-2,9],"to":[8.5,-1,10],"faces":{"north":{"uv":[9.25,1.5,9.5,1.75],"texture":"#0"},"east":{"uv":[2,9.25,2.25,9.5],"texture":"#0"},"south":{"uv":[2.5,9.25,2.75,9.5],"texture":"#0"},"west":{"uv":[9.25,4.5,9.5,4.75],"texture":"#0"},"up":{"uv":[9.5,5.25,9.25,5],"texture":"#0"},"down":{"uv":[5.75,9.25,5.5,9.5],"texture":"#0"}}},{"from":[5.42284,-1.975,9.61209],"to":[8.42284,-1.025,10.61209],"rotation":{"angle":22.5,"axis":"y","origin":[6.92284,-1.5,10.11209]},"faces":{"north":{"uv":[7.5,3.75,8.25,4],"texture":"#0"},"east":{"uv":[7,9.25,7.25,9.5],"texture":"#0"},"south":{"uv":[7.5,4.25,8.25,4.5],"texture":"#0"},"west":{"uv":[9.25,7,9.5,7.25],"texture":"#0"},"up":{"uv":[8.25,5,7.5,4.75],"texture":"#0"},"down":{"uv":[8.25,5.25,7.5,5.5],"texture":"#0"}}},{"from":[7.57716,-1.975,9.61209],"to":[10.57716,-1.025,10.61209],"rotation":{"angle":-22.5,"axis":"y","origin":[9.07716,-1.5,10.11209]},"faces":{"north":{"uv":[8.25,3.75,7.5,4],"texture":"#0"},"east":{"uv":[9.5,7,9.25,7.25],"texture":"#0"},"south":{"uv":[8.25,4.25,7.5,4.5],"texture":"#0"},"west":{"uv":[7.25,9.25,7,9.5],"texture":"#0"},"up":{"uv":[7.5,5,8.25,4.75],"texture":"#0"},"down":{"uv":[7.5,5.25,8.25,5.5],"texture":"#0"}}},{"from":[17.44187,-1.925,9.27137],"to":[18.44187,-1.075,11.27137],"rotation":{"angle":-45,"axis":"y","origin":[9.94187,0,-3.72863]},"faces":{"north":{"uv":[9.5,2.5,9.75,2.75],"texture":"#0"},"east":{"uv":[7,8.25,7.5,8.5],"texture":"#0"},"south":{"uv":[3,9.5,3.25,9.75],"texture":"#0"},"west":{"uv":[7.75,8.25,8.25,8.5],"texture":"#0"},"up":{"uv":[2.75,9,2.5,8.5],"texture":"#0"},"down":{"uv":[8.75,3.75,8.5,4.25],"texture":"#0"}}},{"from":[-2.44187,-1.925,9.27137],"to":[-1.44187,-1.075,11.27137],"rotation":{"angle":45,"axis":"y","origin":[6.05813,0,-3.72863]},"faces":{"north":{"uv":[9.75,2.5,9.5,2.75],"texture":"#0"},"east":{"uv":[8.25,8.25,7.75,8.5],"texture":"#0"},"south":{"uv":[3.25,9.5,3,9.75],"texture":"#0"},"west":{"uv":[7.5,8.25,7,8.5],"texture":"#0"},"up":{"uv":[2.5,9,2.75,8.5],"texture":"#0"},"down":{"uv":[8.5,3.75,8.75,4.25],"texture":"#0"}}},{"from":[5.34568,-1.95,10.22417],"to":[6.34568,-1.05,12.22417],"rotation":{"angle":0,"axis":"y","origin":[-2.15432,0,2.22417]},"faces":{"north":{"uv":[9.25,7.5,9.5,7.75],"texture":"#0"},"east":{"uv":[2.5,8,3,8.25],"texture":"#0"},"south":{"uv":[8.75,9.25,9,9.5],"texture":"#0"},"west":{"uv":[8.25,2,8.75,2.25],"texture":"#0"},"up":{"uv":[6.25,8.5,6,8],"texture":"#0"},"down":{"uv":[6.75,8.25,6.5,8.75],"texture":"#0"}}},{"from":[9.65432,-1.95,10.22417],"to":[10.65432,-1.05,12.22417],"rotation":{"angle":0,"axis":"y","origin":[18.15432,0,2.22417]},"faces":{"north":{"uv":[9.5,7.5,9.25,7.75],"texture":"#0"},"east":{"uv":[8.75,2,8.25,2.25],"texture":"#0"},"south":{"uv":[9,9.25,8.75,9.5],"texture":"#0"},"west":{"uv":[3,8,2.5,8.25],"texture":"#0"},"up":{"uv":[6,8.5,6.25,8],"texture":"#0"},"down":{"uv":[6.5,8.25,6.75,8.75],"texture":"#0"}}},{"from":[4.63857,-1.9,12.18128],"to":[5.63857,-1.1,14.18128],"rotation":{"angle":0,"axis":"y","origin":[-2.86143,0,-0.81872]},"faces":{"north":{"uv":[9.5,3,9.75,3.25],"texture":"#0"},"east":{"uv":[8.5,4.5,9,4.75],"texture":"#0"},"south":{"uv":[3.5,9.5,3.75,9.75],"texture":"#0"},"west":{"uv":[8.5,5,9,5.25],"texture":"#0"},"up":{"uv":[8.75,6,8.5,5.5],"texture":"#0"},"down":{"uv":[8.75,6.25,8.5,6.75],"texture":"#0"}}},{"from":[10.36143,-1.9,12.18128],"to":[11.36143,-1.1,14.18128],"rotation":{"angle":0,"axis":"y","origin":[18.86143,0,-0.81872]},"faces":{"north":{"uv":[9.75,3,9.5,3.25],"texture":"#0"},"east":{"uv":[9,5,8.5,5.25],"texture":"#0"},"south":{"uv":[3.75,9.5,3.5,9.75],"texture":"#0"},"west":{"uv":[9,4.5,8.5,4.75],"texture":"#0"},"up":{"uv":[8.5,6,8.75,5.5],"texture":"#0"},"down":{"uv":[8.5,6.25,8.75,6.75],"texture":"#0"}}},{"from":[1.63857,-1.9,13.18128],"to":[4.63857,-1.1,14.18128],"rotation":{"angle":0,"axis":"y","origin":[-2.86143,0,-0.81872]},"faces":{"north":{"uv":[7.5,5.75,8.25,6],"texture":"#0"},"east":{"uv":[9.5,3.5,9.75,3.75],"texture":"#0"},"south":{"uv":[7.5,6.25,8.25,6.5],"texture":"#0"},"west":{"uv":[4,9.5,4.25,9.75],"texture":"#0"},"up":{"uv":[8.25,7,7.5,6.75],"texture":"#0"},"down":{"uv":[8.25,7.25,7.5,7.5],"texture":"#0"}}},{"from":[11.36143,-1.9,13.18128],"to":[14.36143,-1.1,14.18128],"rotation":{"angle":0,"axis":"y","origin":[18.86143,0,-0.81872]},"faces":{"north":{"uv":[8.25,5.75,7.5,6],"texture":"#0"},"east":{"uv":[4.25,9.5,4,9.75],"texture":"#0"},"south":{"uv":[8.25,6.25,7.5,6.5],"texture":"#0"},"west":{"uv":[9.75,3.5,9.5,3.75],"texture":"#0"},"up":{"uv":[7.5,7,8.25,6.75],"texture":"#0"},"down":{"uv":[7.5,7.25,8.25,7.5],"texture":"#0"}}},{"from":[6.34568,-1.925,11.19917],"to":[10.34568,-1.075,12.19917],"rotation":{"angle":0,"axis":"y","origin":[-2.15432,0,2.22417]},"faces":{"north":{"uv":[7,0.75,8,1],"texture":"#0"},"east":{"uv":[9.25,9.25,9.5,9.5],"texture":"#0"},"south":{"uv":[7,1.25,8,1.5],"texture":"#0"},"west":{"uv":[9.5,0,9.75,0.25],"texture":"#0"},"up":{"uv":[8,2,7,1.75],"texture":"#0"},"down":{"uv":[8,2.25,7,2.5],"texture":"#0"}}},{"from":[6.5,-14,6.5],"to":[9.5,-4,9.5],"faces":{"north":{"uv":[0,0,0.75,2.5],"texture":"#0"},"east":{"uv":[1,0,1.75,2.5],"texture":"#0"},"south":{"uv":[2,0,2.75,2.5],"texture":"#0"},"west":{"uv":[0,2.75,0.75,5.25],"texture":"#0"},"up":{"uv":[7.25,3.5,6.5,2.75],"texture":"#0"},"down":{"uv":[7.25,3.75,6.5,4.5],"texture":"#0"}}},{"from":[6,-12,6],"to":[10,-6,10],"faces":{"north":{"uv":[3.25,3.75,4.25,5.25],"texture":"#0"},"east":{"uv":[4,0,5,1.5],"texture":"#0"},"south":{"uv":[4,1.75,5,3.25],"texture":"#0"},"west":{"uv":[4.5,3.5,5.5,5],"texture":"#0"},"up":{"uv":[6.25,1,5.25,0],"texture":"#0"},"down":{"uv":[6.25,1.25,5.25,2.25],"texture":"#0"}}}],"gui_light":"front"}