{"display":{"thirdperson_righthand":{"rotation":[90,0,0],"translation":[0,-1.75,2],"scale":[0.35,0.35,0.35]},"thirdperson_lefthand":{"rotation":[90,0,0],"translation":[0,-1.75,2],"scale":[0.35,0.35,0.35]},"firstperson_righthand":{"rotation":[-17,124,25],"translation":[2,0,-0.5],"scale":[0.5,0.5,0.5]},"firstperson_lefthand":{"rotation":[-17,124,25],"translation":[2,0,-0.5],"scale":[0.5,0.5,0.5]},"ground":{"scale":[0.3,0.3,0.3]},"gui":{"rotation":[8,148,14],"translation":[1.5,-1.5,0],"scale":[0.9,0.9,0.9]},"head":{"scale":[1.15,1.15,1.15]},"fixed":{"translation":[0,-0.5,0.5]}},"texture_size":[64,64],"textures":{"0":"crates/harrypotter21_crate/roweba_ravenclaws","particle":"crates/harrypotter21_crate/roweba_ravenclaws"},"elements":[{"from":[6.5,11.5,0.25],"to":[9.5,13.5,1.25],"rotation":{"angle":0,"axis":"y","origin":[0,-1.5,0]},"faces":{"north":{"uv":[5,6.75,5.75,7.25],"texture":"#0"},"east":{"uv":[8.75,0,9,0.5],"texture":"#0"},"south":{"uv":[6.75,5.75,7.5,6.25],"texture":"#0"},"west":{"uv":[3.75,8.75,4,9.25],"texture":"#0"},"up":{"uv":[8.75,2.75,8,2.5],"texture":"#0"},"down":{"uv":[8.75,4,8,4.25],"texture":"#0"}}},{"from":[7.5,6.6,1.25],"to":[8.5,7.6,2.25],"rotation":{"angle":-45,"axis":"z","origin":[8,7.1,1.75]},"faces":{"north":{"uv":[6.25,10.25,6.5,10.5],"texture":"#0"},"east":{"uv":[10.25,7,10.5,7.25],"texture":"#0"},"south":{"uv":[10.25,8,10.5,8.25],"texture":"#0"},"west":{"uv":[0.75,10.5,1,10.75],"texture":"#0"},"up":{"uv":[10.75,2.75,10.5,2.5],"texture":"#0"},"down":{"uv":[3,10.5,2.75,10.75],"texture":"#0"}}},{"from":[7.75,7.175,1.5],"to":[8.25,10.175,1.5],"rotation":{"angle":0,"axis":"y","origin":[-1,-5.825,1.5]},"faces":{"north":{"uv":[5.75,8.25,6,9],"texture":"#0"},"east":{"uv":[2.75,6.5,2.75,7.25],"texture":"#0"},"south":{"uv":[8.25,8,8.5,8.75],"texture":"#0"},"west":{"uv":[1,6.75,1,7.5],"texture":"#0"},"up":{"uv":[6.25,4.25,6,4.25],"texture":"#0"},"down":{"uv":[6.75,4.25,6.5,4.25],"texture":"#0"}}},{"from":[7.5,8.225,1.25],"to":[8.5,9.225,2.25],"rotation":{"angle":45,"axis":"z","origin":[8,8.725,1.75]},"faces":{"north":{"uv":[3.25,10.5,3.5,10.75],"texture":"#0"},"east":{"uv":[3.75,10.5,4,10.75],"texture":"#0"},"south":{"uv":[6.75,10.5,7,10.75],"texture":"#0"},"west":{"uv":[7.25,10.5,7.5,10.75],"texture":"#0"},"up":{"uv":[8,10.75,7.75,10.5],"texture":"#0"},"down":{"uv":[8.5,10.5,8.25,10.75],"texture":"#0"}}},{"from":[7.78934,12.36434,0.275],"to":[9.91434,14.48934,1.25],"rotation":{"angle":45,"axis":"z","origin":[8.33934,12.43934,0.75]},"faces":{"north":{"uv":[4,7.5,4.5,8],"texture":"#0"},"east":{"uv":[7.25,8.75,7.5,9.25],"texture":"#0"},"south":{"uv":[4.75,7.5,5.25,8],"texture":"#0"},"west":{"uv":[8.75,7.75,9,8.25],"texture":"#0"},"up":{"uv":[9.25,8.75,8.75,8.5],"texture":"#0"},"down":{"uv":[2,9,1.5,9.25],"texture":"#0"}}},{"from":[7.78934,10.36434,0.275],"to":[9.91434,12.48934,1.25],"rotation":{"angle":45,"axis":"z","origin":[8.33934,10.43934,0.75]},"faces":{"north":{"uv":[5.5,7.5,6,8],"texture":"#0"},"east":{"uv":[2.25,9,2.5,9.5],"texture":"#0"},"south":{"uv":[7.5,6.5,8,7],"texture":"#0"},"west":{"uv":[9,4,9.25,4.5],"texture":"#0"},"up":{"uv":[9.5,2.75,9,2.5],"texture":"#0"},"down":{"uv":[8.25,9,7.75,9.25],"texture":"#0"}}},{"from":[6,11.5,0.75],"to":[10,13.5,1.75],"rotation":{"angle":0,"axis":"y","origin":[0,-1,0]},"faces":{"north":{"uv":[0,6,1,6.5],"texture":"#0"},"east":{"uv":[4.25,8.75,4.5,9.25],"texture":"#0"},"south":{"uv":[6,3.5,7,4],"texture":"#0"},"west":{"uv":[6.75,8.75,7,9.25],"texture":"#0"},"up":{"uv":[8.25,3.75,7.25,3.5],"texture":"#0"},"down":{"uv":[8.25,5,7.25,5.25],"texture":"#0"}}},{"from":[6,11.5,1.25],"to":[10,14.5,3.25],"rotation":{"angle":0,"axis":"y","origin":[0,-1,0]},"faces":{"north":{"uv":[2,4.5,3,5.25],"texture":"#0"},"east":{"uv":[6.75,6.5,7.25,7.25],"texture":"#0"},"south":{"uv":[3.25,4.5,4.25,5.25],"texture":"#0"},"west":{"uv":[7,0.5,7.5,1.25],"texture":"#0"},"up":{"uv":[6,6.5,5,6],"texture":"#0"},"down":{"uv":[7,5,6,5.5],"texture":"#0"}}},{"from":[6.72513,11.72145,0.775],"to":[9.55013,14.57145,1.75],"rotation":{"angle":45,"axis":"z","origin":[7.65013,13.14645,1.25]},"faces":{"north":{"uv":[5,5,5.75,5.75],"texture":"#0"},"east":{"uv":[7.75,8,8,8.75],"texture":"#0"},"south":{"uv":[5.5,0.5,6.25,1.25],"texture":"#0"},"west":{"uv":[8.25,0,8.5,0.75],"texture":"#0"},"up":{"uv":[8.75,4.75,8,4.5],"texture":"#0"},"down":{"uv":[4.5,8.25,3.75,8.5],"texture":"#0"}}},{"from":[6.72513,9.74645,0.775],"to":[9.55013,12.57145,1.75],"rotation":{"angle":45,"axis":"z","origin":[7.65013,11.14645,1.25]},"faces":{"north":{"uv":[5.5,1.5,6.25,2.25],"texture":"#0"},"east":{"uv":[4.75,8.25,5,9],"texture":"#0"},"south":{"uv":[2,5.5,2.75,6.25],"texture":"#0"},"west":{"uv":[5.25,8.25,5.5,9],"texture":"#0"},"up":{"uv":[9,6.5,8.25,6.25],"texture":"#0"},"down":{"uv":[9,6.75,8.25,7],"texture":"#0"}}},{"from":[6,6.5,1.55],"to":[13,11.5,1.575],"rotation":{"angle":22.5,"axis":"z","origin":[0,-1.5,-0.45]},"faces":{"north":{"uv":[0,3,1.75,4.25],"texture":"#0"},"east":{"uv":[2.5,11.25,2.5,12.5],"texture":"#0"},"south":{"uv":[2,3,3.75,4.25],"texture":"#0"},"west":{"uv":[11.25,4.5,11.25,5.75],"texture":"#0"},"up":{"uv":[12.75,10,11,10],"texture":"#0"},"down":{"uv":[6.5,11.25,4.75,11.25],"texture":"#0"}}},{"from":[1.35017,13.59042,1.3],"to":[3.35017,14.59042,2.25],"rotation":{"angle":22.5,"axis":"z","origin":[2.85017,14.09042,1.75]},"faces":{"north":{"uv":[8.5,9,9,9.25],"texture":"#0"},"east":{"uv":[10.5,9.75,10.75,10],"texture":"#0"},"south":{"uv":[0,9.25,0.5,9.5],"texture":"#0"},"west":{"uv":[10.25,10.5,10.5,10.75],"texture":"#0"},"up":{"uv":[9.75,0.25,9.25,0],"texture":"#0"},"down":{"uv":[9.75,0.5,9.25,0.75],"texture":"#0"}}},{"from":[2.13334,16.72488,1.25],"to":[4.13334,17.72488,2.25],"rotation":{"angle":-22.5,"axis":"z","origin":[-3.86666,8.72488,0.25]},"faces":{"north":{"uv":[9.5,5.5,10,5.75],"texture":"#0"},"east":{"uv":[1.75,10.75,2,11],"texture":"#0"},"south":{"uv":[6.75,9.5,7.25,9.75],"texture":"#0"},"west":{"uv":[2.25,10.75,2.5,11],"texture":"#0"},"up":{"uv":[10,7.25,9.5,7],"texture":"#0"},"down":{"uv":[8,9.5,7.5,9.75],"texture":"#0"}}},{"from":[3.12076,13.7437,1.275],"to":[5.12076,14.7437,2.25],"rotation":{"angle":0,"axis":"y","origin":[4.12076,14.2437,1.75]},"faces":{"north":{"uv":[2,9.75,2.5,10],"texture":"#0"},"east":{"uv":[5.25,10.75,5.5,11],"texture":"#0"},"south":{"uv":[9.75,2.5,10.25,2.75],"texture":"#0"},"west":{"uv":[10.75,5.5,11,5.75],"texture":"#0"},"up":{"uv":[5,10,4.5,9.75],"texture":"#0"},"down":{"uv":[5.75,9.75,5.25,10],"texture":"#0"}}},{"from":[1.27525,7.30216,10.81823],"to":[2.27525,14.30216,11.81823],"rotation":{"angle":-45,"axis":"x","origin":[-3.72475,2.30216,7.31823]},"faces":{"north":{"uv":[4,5.5,4.25,7.25],"texture":"#0"},"east":{"uv":[1.25,6,1.5,7.75],"texture":"#0"},"south":{"uv":[6.25,5.75,6.5,7.5],"texture":"#0"},"west":{"uv":[6.5,0.5,6.75,2.25],"texture":"#0"},"up":{"uv":[10.75,9.5,10.5,9.25],"texture":"#0"},"down":{"uv":[10,10.5,9.75,10.75],"texture":"#0"}}},{"from":[1.52525,6.73268,-3.24863],"to":[1.55025,11.73268,5.75137],"rotation":{"angle":22.5,"axis":"x","origin":[-4.47475,-1.26732,1.25137]},"faces":{"north":{"uv":[11.25,6,11.25,7.25],"texture":"#0"},"east":{"uv":[0,0,2.25,1.25],"texture":"#0"},"south":{"uv":[11.25,7.5,11.25,8.75],"texture":"#0"},"west":{"uv":[0,1.5,2.25,2.75],"texture":"#0"},"up":{"uv":[11.25,12.5,11.25,10.25],"texture":"#0"},"down":{"uv":[10.75,11.25,10.75,13.5],"texture":"#0"}}},{"from":[1.42525,4.13268,9.75137],"to":[2.42525,8.13268,10.75137],"rotation":{"angle":-22.5,"axis":"x","origin":[-3.57475,-0.86732,6.25137]},"faces":{"north":{"uv":[6.75,7.5,7,8.5],"texture":"#0"},"east":{"uv":[7.25,7.5,7.5,8.5],"texture":"#0"},"south":{"uv":[7.75,0,8,1],"texture":"#0"},"west":{"uv":[6.25,7.75,6.5,8.75],"texture":"#0"},"up":{"uv":[9,10.75,8.75,10.5],"texture":"#0"},"down":{"uv":[9.5,10.5,9.25,10.75],"texture":"#0"}}},{"from":[1.02525,6.73268,-2.24863],"to":[2.02525,7.73268,6.75137],"rotation":{"angle":22.5,"axis":"x","origin":[-3.97475,-1.26732,1.25137]},"faces":{"north":{"uv":[10.25,5.5,10.5,5.75],"texture":"#0"},"east":{"uv":[4.5,4.5,6.75,4.75],"texture":"#0"},"south":{"uv":[5.75,10.25,6,10.5],"texture":"#0"},"west":{"uv":[5,0,7.25,0.25],"texture":"#0"},"up":{"uv":[5.25,2.75,5,0.5],"texture":"#0"},"down":{"uv":[4.75,5,4.5,7.25],"texture":"#0"}}},{"from":[5.75,6.5,1.075],"to":[6.75,7.5,2],"rotation":{"angle":22.5,"axis":"z","origin":[-0.25,-1.5,0]},"faces":{"north":{"uv":[2.25,10.25,2.5,10.5],"texture":"#0"},"east":{"uv":[4.25,10.25,4.5,10.5],"texture":"#0"},"south":{"uv":[10.25,4.5,10.5,4.75],"texture":"#0"},"west":{"uv":[4.75,10.25,5,10.5],"texture":"#0"},"up":{"uv":[10.5,5.25,10.25,5],"texture":"#0"},"down":{"uv":[5.5,10.25,5.25,10.5],"texture":"#0"}}},{"from":[9.26334,5.79731,1.1],"to":[10.26334,6.79731,2],"rotation":{"angle":45,"axis":"z","origin":[3.26334,-2.20269,0]},"faces":{"north":{"uv":[6.25,10.75,6.5,11],"texture":"#0"},"east":{"uv":[10.75,6.5,11,6.75],"texture":"#0"},"south":{"uv":[10.75,7,11,7.25],"texture":"#0"},"west":{"uv":[10.75,7.5,11,7.75],"texture":"#0"},"up":{"uv":[11,8.25,10.75,8],"texture":"#0"},"down":{"uv":[11,8.5,10.75,8.75],"texture":"#0"}}},{"from":[14.91366,5.23825,1],"to":[17.91366,6.23825,2],"rotation":{"angle":45,"axis":"z","origin":[5.91366,-2.76175,0]},"faces":{"north":{"uv":[8.5,1.5,9.25,1.75],"texture":"#0"},"east":{"uv":[4.75,10.75,5,11],"texture":"#0"},"south":{"uv":[8.5,2,9.25,2.25],"texture":"#0"},"west":{"uv":[10.75,5,11,5.25],"texture":"#0"},"up":{"uv":[9.25,3.25,8.5,3],"texture":"#0"},"down":{"uv":[9.25,3.5,8.5,3.75],"texture":"#0"}}},{"from":[2.77301,8.4937,1.05],"to":[4.77301,9.4937,2],"rotation":{"angle":0,"axis":"y","origin":[-2.22699,0.4937,0]},"faces":{"north":{"uv":[8.25,9.5,8.75,9.75],"texture":"#0"},"east":{"uv":[4.25,10.75,4.5,11],"texture":"#0"},"south":{"uv":[9.5,8.25,10,8.5],"texture":"#0"},"west":{"uv":[10.75,4.5,11,4.75],"texture":"#0"},"up":{"uv":[9.5,9.75,9,9.5],"texture":"#0"},"down":{"uv":[0.5,9.75,0,10],"texture":"#0"}}},{"from":[8.21508,7.18925,1.025],"to":[10.21508,8.18925,2],"rotation":{"angle":22.5,"axis":"z","origin":[3.21508,-0.81075,0]},"faces":{"north":{"uv":[6,9.75,6.5,10],"texture":"#0"},"east":{"uv":[5.75,10.75,6,11],"texture":"#0"},"south":{"uv":[9.75,9.5,10.25,9.75],"texture":"#0"},"west":{"uv":[10.75,6,11,6.25],"texture":"#0"},"up":{"uv":[10.5,0.25,10,0],"texture":"#0"},"down":{"uv":[10.5,0.5,10,0.75],"texture":"#0"}}},{"from":[6.66421,17.91421,2.25],"to":[8.66421,18.41421,2.25],"rotation":{"angle":-22.5,"axis":"z","origin":[6.91421,17.41421,2.25]},"faces":{"north":{"uv":[9.5,3,10,3.25],"texture":"#0"},"east":{"uv":[1.75,6,1.75,6.25],"texture":"#0"},"south":{"uv":[9.5,3.5,10,3.75],"texture":"#0"},"west":{"uv":[6,6.75,6,7],"texture":"#0"},"up":{"uv":[7.5,2.25,7,2.25],"texture":"#0"},"down":{"uv":[7.75,4,7.25,4],"texture":"#0"}}},{"from":[6.36421,17.31421,2.175],"to":[8.36421,17.81421,2.175],"rotation":{"angle":-22.5,"axis":"z","origin":[6.91421,17.41421,2.25]},"faces":{"north":{"uv":[3.75,9.5,4.25,9.75],"texture":"#0"},"east":{"uv":[7.5,0,7.5,0.25],"texture":"#0"},"south":{"uv":[9.5,4,10,4.25],"texture":"#0"},"west":{"uv":[2.75,7.5,2.75,7.75],"texture":"#0"},"up":{"uv":[9,6,8.5,6],"texture":"#0"},"down":{"uv":[12,1,11.5,1],"texture":"#0"}}},{"from":[6.46421,16.66421,2.1],"to":[8.46421,17.16421,2.1],"rotation":{"angle":-22.5,"axis":"z","origin":[6.91421,17.41421,2.25]},"faces":{"north":{"uv":[9.5,4.5,10,4.75],"texture":"#0"},"east":{"uv":[1.5,8,1.5,8.25],"texture":"#0"},"south":{"uv":[9.5,5,10,5.25],"texture":"#0"},"west":{"uv":[2.5,8.5,2.5,8.75],"texture":"#0"},"up":{"uv":[12,1.25,11.5,1.25],"texture":"#0"},"down":{"uv":[12,1.5,11.5,1.5],"texture":"#0"}}},{"from":[6.5,14.5,1.75],"to":[9.5,16.5,2.75],"rotation":{"angle":0,"axis":"y","origin":[0,-2,0]},"faces":{"north":{"uv":[7,1.5,7.75,2],"texture":"#0"},"east":{"uv":[6.25,9,6.5,9.5],"texture":"#0"},"south":{"uv":[7,4.25,7.75,4.75],"texture":"#0"},"west":{"uv":[0.75,9.25,1,9.75],"texture":"#0"},"up":{"uv":[9.25,1.25,8.5,1],"texture":"#0"},"down":{"uv":[2.25,8.5,1.5,8.75],"texture":"#0"}}},{"from":[7.66421,15.81066,1.775],"to":[9.66421,17.81066,2.725],"rotation":{"angle":-45,"axis":"z","origin":[7.91421,17.56066,2.25]},"faces":{"north":{"uv":[7.75,5.5,8.25,6],"texture":"#0"},"east":{"uv":[2.75,9.25,3,9.75],"texture":"#0"},"south":{"uv":[7.75,7.25,8.25,7.75],"texture":"#0"},"west":{"uv":[3.25,9.25,3.5,9.75],"texture":"#0"},"up":{"uv":[5.25,9.5,4.75,9.25],"texture":"#0"},"down":{"uv":[6,9.25,5.5,9.5],"texture":"#0"}}},{"from":[7.91421,16.91421,1.8],"to":[9.91421,17.91421,2.7],"rotation":{"angle":0,"axis":"y","origin":[-1.58579,-0.58579,0]},"faces":{"north":{"uv":[9.25,6,9.75,6.25],"texture":"#0"},"east":{"uv":[0,10.75,0.25,11],"texture":"#0"},"south":{"uv":[9.25,6.5,9.75,6.75],"texture":"#0"},"west":{"uv":[10.75,0,11,0.25],"texture":"#0"},"up":{"uv":[9.75,8,9.25,7.75],"texture":"#0"},"down":{"uv":[9.75,9,9.25,9.25],"texture":"#0"}}},{"from":[8.91421,16.16421,1.825],"to":[10.91421,17.16421,2.675],"rotation":{"angle":0,"axis":"y","origin":[-1.58579,-0.58579,0]},"faces":{"north":{"uv":[9.5,1,10,1.25],"texture":"#0"},"east":{"uv":[10.75,0.5,11,0.75],"texture":"#0"},"south":{"uv":[1.25,9.5,1.75,9.75],"texture":"#0"},"west":{"uv":[1.25,10.75,1.5,11],"texture":"#0"},"up":{"uv":[10,1.75,9.5,1.5],"texture":"#0"},"down":{"uv":[10,2,9.5,2.25],"texture":"#0"}}},{"from":[3,6.5,1.55],"to":[10,11.5,1.575],"rotation":{"angle":-22.5,"axis":"z","origin":[16,-1.5,-0.45]},"faces":{"north":{"uv":[1.75,3,0,4.25],"texture":"#0"},"east":{"uv":[11.25,4.5,11.25,5.75],"texture":"#0"},"south":{"uv":[3.75,3,2,4.25],"texture":"#0"},"west":{"uv":[2.5,11.25,2.5,12.5],"texture":"#0"},"up":{"uv":[11,10,12.75,10],"texture":"#0"},"down":{"uv":[4.75,11.25,6.5,11.25],"texture":"#0"}}},{"from":[12.64983,13.59042,1.3],"to":[14.64983,14.59042,2.25],"rotation":{"angle":-22.5,"axis":"z","origin":[13.14983,14.09042,1.75]},"faces":{"north":{"uv":[9,9,8.5,9.25],"texture":"#0"},"east":{"uv":[10.5,10.5,10.25,10.75],"texture":"#0"},"south":{"uv":[0.5,9.25,0,9.5],"texture":"#0"},"west":{"uv":[10.75,9.75,10.5,10],"texture":"#0"},"up":{"uv":[9.25,0.25,9.75,0],"texture":"#0"},"down":{"uv":[9.25,0.5,9.75,0.75],"texture":"#0"}}},{"from":[11.86666,16.72488,1.25],"to":[13.86666,17.72488,2.25],"rotation":{"angle":22.5,"axis":"z","origin":[19.86666,8.72488,0.25]},"faces":{"north":{"uv":[10,5.5,9.5,5.75],"texture":"#0"},"east":{"uv":[2.5,10.75,2.25,11],"texture":"#0"},"south":{"uv":[7.25,9.5,6.75,9.75],"texture":"#0"},"west":{"uv":[2,10.75,1.75,11],"texture":"#0"},"up":{"uv":[9.5,7.25,10,7],"texture":"#0"},"down":{"uv":[7.5,9.5,8,9.75],"texture":"#0"}}},{"from":[10.87924,13.7437,1.275],"to":[12.87924,14.7437,2.25],"rotation":{"angle":0,"axis":"y","origin":[11.87924,14.2437,1.75]},"faces":{"north":{"uv":[2.5,9.75,2,10],"texture":"#0"},"east":{"uv":[11,5.5,10.75,5.75],"texture":"#0"},"south":{"uv":[10.25,2.5,9.75,2.75],"texture":"#0"},"west":{"uv":[5.5,10.75,5.25,11],"texture":"#0"},"up":{"uv":[4.5,10,5,9.75],"texture":"#0"},"down":{"uv":[5.25,9.75,5.75,10],"texture":"#0"}}},{"from":[13.72475,7.30216,10.81823],"to":[14.72475,14.30216,11.81823],"rotation":{"angle":-45,"axis":"x","origin":[19.72475,2.30216,7.31823]},"faces":{"north":{"uv":[4.25,5.5,4,7.25],"texture":"#0"},"east":{"uv":[6.75,0.5,6.5,2.25],"texture":"#0"},"south":{"uv":[6.5,5.75,6.25,7.5],"texture":"#0"},"west":{"uv":[1.5,6,1.25,7.75],"texture":"#0"},"up":{"uv":[10.5,9.5,10.75,9.25],"texture":"#0"},"down":{"uv":[9.75,10.5,10,10.75],"texture":"#0"}}},{"from":[14.44975,6.73268,-3.24863],"to":[14.47475,11.73268,5.75137],"rotation":{"angle":22.5,"axis":"x","origin":[20.47475,-1.26732,1.25137]},"faces":{"north":{"uv":[11.25,6,11.25,7.25],"texture":"#0"},"east":{"uv":[2.25,1.5,0,2.75],"texture":"#0"},"south":{"uv":[11.25,7.5,11.25,8.75],"texture":"#0"},"west":{"uv":[2.25,0,0,1.25],"texture":"#0"},"up":{"uv":[11.25,12.5,11.25,10.25],"texture":"#0"},"down":{"uv":[10.75,11.25,10.75,13.5],"texture":"#0"}}},{"from":[13.57475,4.13268,9.75137],"to":[14.57475,8.13268,10.75137],"rotation":{"angle":-22.5,"axis":"x","origin":[19.57475,-0.86732,6.25137]},"faces":{"north":{"uv":[7,7.5,6.75,8.5],"texture":"#0"},"east":{"uv":[6.5,7.75,6.25,8.75],"texture":"#0"},"south":{"uv":[8,0,7.75,1],"texture":"#0"},"west":{"uv":[7.5,7.5,7.25,8.5],"texture":"#0"},"up":{"uv":[8.75,10.75,9,10.5],"texture":"#0"},"down":{"uv":[9.25,10.5,9.5,10.75],"texture":"#0"}}},{"from":[13.97475,6.73268,-2.24863],"to":[14.97475,7.73268,6.75137],"rotation":{"angle":22.5,"axis":"x","origin":[19.97475,-1.26732,1.25137]},"faces":{"north":{"uv":[10.5,5.5,10.25,5.75],"texture":"#0"},"east":{"uv":[7.25,0,5,0.25],"texture":"#0"},"south":{"uv":[6,10.25,5.75,10.5],"texture":"#0"},"west":{"uv":[6.75,4.5,4.5,4.75],"texture":"#0"},"up":{"uv":[5,2.75,5.25,0.5],"texture":"#0"},"down":{"uv":[4.5,5,4.75,7.25],"texture":"#0"}}},{"from":[9.25,6.5,1.075],"to":[10.25,7.5,2],"rotation":{"angle":-22.5,"axis":"z","origin":[16.25,-1.5,0]},"faces":{"north":{"uv":[2.5,10.25,2.25,10.5],"texture":"#0"},"east":{"uv":[5,10.25,4.75,10.5],"texture":"#0"},"south":{"uv":[10.5,4.5,10.25,4.75],"texture":"#0"},"west":{"uv":[4.5,10.25,4.25,10.5],"texture":"#0"},"up":{"uv":[10.25,5.25,10.5,5],"texture":"#0"},"down":{"uv":[5.25,10.25,5.5,10.5],"texture":"#0"}}},{"from":[5.73666,5.79731,1.1],"to":[6.73666,6.79731,2],"rotation":{"angle":-45,"axis":"z","origin":[12.73666,-2.20269,0]},"faces":{"north":{"uv":[6.5,10.75,6.25,11],"texture":"#0"},"east":{"uv":[11,7.5,10.75,7.75],"texture":"#0"},"south":{"uv":[11,7,10.75,7.25],"texture":"#0"},"west":{"uv":[11,6.5,10.75,6.75],"texture":"#0"},"up":{"uv":[10.75,8.25,11,8],"texture":"#0"},"down":{"uv":[10.75,8.5,11,8.75],"texture":"#0"}}},{"from":[-1.91366,5.23825,1],"to":[1.08634,6.23825,2],"rotation":{"angle":-45,"axis":"z","origin":[10.08634,-2.76175,0]},"faces":{"north":{"uv":[9.25,1.5,8.5,1.75],"texture":"#0"},"east":{"uv":[11,5,10.75,5.25],"texture":"#0"},"south":{"uv":[9.25,2,8.5,2.25],"texture":"#0"},"west":{"uv":[5,10.75,4.75,11],"texture":"#0"},"up":{"uv":[8.5,3.25,9.25,3],"texture":"#0"},"down":{"uv":[8.5,3.5,9.25,3.75],"texture":"#0"}}},{"from":[11.22699,8.4937,1.05],"to":[13.22699,9.4937,2],"rotation":{"angle":0,"axis":"y","origin":[18.22699,0.4937,0]},"faces":{"north":{"uv":[8.75,9.5,8.25,9.75],"texture":"#0"},"east":{"uv":[11,4.5,10.75,4.75],"texture":"#0"},"south":{"uv":[10,8.25,9.5,8.5],"texture":"#0"},"west":{"uv":[4.5,10.75,4.25,11],"texture":"#0"},"up":{"uv":[9,9.75,9.5,9.5],"texture":"#0"},"down":{"uv":[0,9.75,0.5,10],"texture":"#0"}}},{"from":[5.78492,7.18925,1.025],"to":[7.78492,8.18925,2],"rotation":{"angle":-22.5,"axis":"z","origin":[12.78492,-0.81075,0]},"faces":{"north":{"uv":[6.5,9.75,6,10],"texture":"#0"},"east":{"uv":[11,6,10.75,6.25],"texture":"#0"},"south":{"uv":[10.25,9.5,9.75,9.75],"texture":"#0"},"west":{"uv":[6,10.75,5.75,11],"texture":"#0"},"up":{"uv":[10,0.25,10.5,0],"texture":"#0"},"down":{"uv":[10,0.5,10.5,0.75],"texture":"#0"}}}],"gui_light":"front"}