{"textures":{"0":"modelengine:custom/gary_knight","particle":"modelengine:custom/gary_knight"},"elements":[{"from":[6.5,0.9285717,6.0],"to":[8.0,1.9285717,10.0],"faces":{"east":{"uv":[11.625,2.875,12.625,3.125],"tintindex":0,"rotation":0,"texture":"#0"},"south":{"uv":[11.625,8.5,12.0,8.75],"tintindex":0,"rotation":0,"texture":"#0"},"north":{"uv":[8.25,11.625,8.625,11.875],"tintindex":0,"rotation":0,"texture":"#0"},"west":{"uv":[11.625,3.125,12.625,3.375],"tintindex":0,"rotation":0,"texture":"#0"},"up":{"uv":[4.25,12.375,3.875,11.375],"tintindex":0,"rotation":0,"texture":"#0"},"down":{"uv":[5.75,11.375,5.375,12.375],"tintindex":0,"rotation":0,"texture":"#0"}}},{"from":[6.75,-5.8214283,6.25],"to":[9.25,-2.8214283,9.75],"faces":{"east":{"uv":[10.375,0.75,11.25,1.5],"tintindex":0,"rotation":0,"texture":"#0"},"south":{"uv":[10.75,11.0,11.375,11.75],"tintindex":0,"rotation":0,"texture":"#0"},"north":{"uv":[10.125,11.0,10.75,11.75],"tintindex":0,"rotation":0,"texture":"#0"},"west":{"uv":[11.25,0.75,10.375,1.5],"tintindex":0,"rotation":0,"texture":"#0"},"up":{"uv":[5.375,11.5,4.75,10.625],"tintindex":0,"rotation":0,"texture":"#0"},"down":{"uv":[11.25,8.375,10.625,9.25],"tintindex":0,"rotation":0,"texture":"#0"}}},{"from":[6.25,-3.3214283,5.75],"to":[9.75,-2.3214283,10.25],"faces":{"east":{"uv":[11.375,10.875,12.5,11.125],"tintindex":0,"rotation":0,"texture":"#0"},"south":{"uv":[11.625,6.375,12.5,6.625],"tintindex":0,"rotation":0,"texture":"#0"},"north":{"uv":[11.625,6.125,12.5,6.375],"tintindex":0,"rotation":0,"texture":"#0"},"west":{"uv":[11.375,11.125,12.5,11.375],"tintindex":0,"rotation":0,"texture":"#0"},"up":{"uv":[9.625,5.25,8.75,4.125],"tintindex":0,"rotation":0,"texture":"#0"},"down":{"uv":[5.75,8.75,4.875,9.875],"tintindex":0,"rotation":0,"texture":"#0"}}},{"from":[8.0,-0.0714283,6.0],"to":[9.5,2.9285717,10.0],"faces":{"east":{"uv":[9.625,9.375,10.625,10.125],"tintindex":0,"rotation":0,"texture":"#0"},"south":{"uv":[0.0,11.5,0.375,12.25],"tintindex":0,"rotation":0,"texture":"#0"},"north":{"uv":[11.375,11.375,11.75,12.125],"tintindex":0,"rotation":0,"texture":"#0"},"west":{"uv":[9.75,1.75,10.75,2.5],"tintindex":0,"rotation":0,"texture":"#0"},"up":{"uv":[11.625,7.375,11.25,6.375],"tintindex":0,"rotation":0,"texture":"#0"},"down":{"uv":[11.625,8.25,11.25,9.25],"tintindex":0,"rotation":0,"texture":"#0"}}},{"from":[6.25,4.6785717,5.75],"to":[9.75,5.6785717,10.25],"faces":{"east":{"uv":[11.25,4.375,12.375,4.625],"tintindex":0,"rotation":0,"texture":"#0"},"south":{"uv":[11.625,4.875,12.5,5.125],"tintindex":0,"rotation":0,"texture":"#0"},"north":{"uv":[11.625,4.625,12.5,4.875],"tintindex":0,"rotation":0,"texture":"#0"},"west":{"uv":[7.75,11.375,8.875,11.625],"tintindex":0,"rotation":0,"texture":"#0"},"up":{"uv":[9.375,4.125,8.5,3.0],"tintindex":0,"rotation":0,"texture":"#0"},"down":{"uv":[4.875,8.5,4.0,9.625],"tintindex":0,"rotation":0,"texture":"#0"}}},{"from":[6.75,5.6785717,6.25],"to":[9.25,9.678572,9.75],"faces":{"east":{"uv":[1.875,9.125,2.75,10.125],"tintindex":0,"rotation":0,"texture":"#0"},"south":{"uv":[3.25,10.5,3.875,11.5],"tintindex":0,"rotation":0,"texture":"#0"},"north":{"uv":[2.625,10.5,3.25,11.5],"tintindex":0,"rotation":0,"texture":"#0"},"west":{"uv":[9.25,7.625,10.125,8.625],"tintindex":0,"rotation":0,"texture":"#0"},"up":{"uv":[8.25,11.375,7.625,10.5],"tintindex":0,"rotation":0,"texture":"#0"},"down":{"uv":[8.875,10.5,8.25,11.375],"tintindex":0,"rotation":0,"texture":"#0"}}},{"from":[7.0,-5.5714283,6.5],"to":[9.0,9.428572,9.5],"faces":{"east":{"uv":[0.0,4.375,0.75,8.125],"tintindex":0,"rotation":0,"texture":"#0"},"south":{"uv":[5.75,3.75,6.25,7.5],"tintindex":0,"rotation":0,"texture":"#0"},"north":{"uv":[5.5,0.0,6.0,3.75],"tintindex":0,"rotation":0,"texture":"#0"},"west":{"uv":[0.75,4.375,1.5,8.125],"tintindex":0,"rotation":0,"texture":"#0"},"up":{"uv":[6.75,11.125,6.25,10.375],"tintindex":0,"rotation":0,"texture":"#0"},"down":{"uv":[6.75,11.125,6.25,11.875],"tintindex":0,"rotation":0,"texture":"#0"}}}],"display":{"gui":{"rotation":[30,225,0]}}}