{"file_name":"arm","texture_size":[128,128],"textures":{"layer0":"manamodels/npc_legends"},"elements":[{"name":"arm_0","from":[8.319452,4.472743,6.5225477],"to":[11.2743635,8.905106,9.477458],"rotation":{"angle":0.0,"axis":"z","origin":[8.0,8.0,8.0]},"faces":{"east":{"uv":[7.375,1.25,7.875,2.0],"texture":"#layer0","tintindex":0},"south":{"uv":[1.875,7.375,2.375,8.125],"texture":"#layer0","tintindex":0},"north":{"uv":[7.125,7.25,7.625,8.0],"texture":"#layer0","tintindex":0},"west":{"uv":[0.0,7.5,0.5,8.25],"texture":"#layer0","tintindex":0},"up":{"uv":[1.625,8.875,1.125,8.375],"texture":"#layer0","tintindex":0},"down":{"uv":[2.375,8.375,2.875,8.875],"texture":"#layer0","tintindex":0}}},{"name":"arm_1","from":[8.688812,0.040375233,6.5225477],"to":[10.904996,4.4727373,9.477458],"rotation":{"angle":0.0,"axis":"z","origin":[8.0,8.0,8.0]},"faces":{"east":{"uv":[3.75,7.5,4.25,8.25],"texture":"#layer0","tintindex":0},"south":{"uv":[6.875,8.125,7.25,8.875],"texture":"#layer0","tintindex":0},"north":{"uv":[8.125,6.125,8.5,6.875],"texture":"#layer0","tintindex":0},"west":{"uv":[7.5,6.125,8.0,6.875],"texture":"#layer0","tintindex":0},"up":{"uv":[9.0,4.0,8.625,3.5],"texture":"#layer0","tintindex":0},"down":{"uv":[8.625,5.875,9.0,6.375],"texture":"#layer0","tintindex":0}}},{"name":"arm_2","from":[9.039709,0.040375233,1.3514539],"to":[9.815372,1.5178273,2.09018],"rotation":{"angle":0.0,"axis":"z","origin":[8.0,8.0,8.0]},"faces":{"east":{"uv":[9.125,5.875,9.25,6.125],"texture":"#layer0","tintindex":0},"south":{"uv":[8.125,9.125,8.25,9.375],"texture":"#layer0","tintindex":0},"north":{"uv":[5.875,1.875,6.0,2.125],"texture":"#layer0","tintindex":0},"west":{"uv":[9.125,8.125,9.25,8.375],"texture":"#layer0","tintindex":0},"up":{"uv":[7.625,7.125,7.5,7.0],"texture":"#layer0","tintindex":0},"down":{"uv":[5.625,7.875,5.75,8.0],"texture":"#layer0","tintindex":0}}},{"name":"arm_3","from":[9.058178,-2.1758032,1.3514539],"to":[9.796905,0.040380955,2.828906],"rotation":{"angle":0.0,"axis":"z","origin":[8.0,8.0,8.0]},"faces":{"east":{"uv":[4.375,6.5,4.625,6.875],"texture":"#layer0","tintindex":0},"south":{"uv":[7.125,1.25,7.25,1.625],"texture":"#layer0","tintindex":0},"north":{"uv":[1.875,6.875,2.0,7.25],"texture":"#layer0","tintindex":0},"west":{"uv":[9.0,7.25,9.25,7.625],"texture":"#layer0","tintindex":0},"up":{"uv":[8.5,9.375,8.375,9.125],"texture":"#layer0","tintindex":0},"down":{"uv":[9.125,8.5,9.25,8.75],"texture":"#layer0","tintindex":0}}},{"name":"arm_4","from":[9.076647,-4.0226207,0.24336195],"to":[9.076647,-1.0677109,4.675724],"rotation":{"angle":0.0,"axis":"z","origin":[8.0,8.0,8.0]},"faces":{"east":{"uv":[7.875,0.5,8.625,1.0],"texture":"#layer0","tintindex":0},"south":{"uv":[1.75,8.375,1.75,8.875],"texture":"#layer0","tintindex":0},"north":{"uv":[7.625,8.125,7.625,8.625],"texture":"#layer0","tintindex":0},"west":{"uv":[8.0,1.125,8.75,1.625],"texture":"#layer0","tintindex":0},"up":{"uv":[5.5,9.5,5.5,8.75],"texture":"#layer0","tintindex":0},"down":{"uv":[4.125,9.0,4.125,9.75],"texture":"#layer0","tintindex":0}}},{"name":"arm_5","from":[9.778437,-4.0226207,0.24336195],"to":[9.778437,-1.0677109,4.675724],"rotation":{"angle":0.0,"axis":"z","origin":[8.0,8.0,8.0]},"faces":{"east":{"uv":[8.75,1.125,8.0,1.625],"texture":"#layer0","tintindex":0},"south":{"uv":[1.75,8.375,1.75,8.875],"texture":"#layer0","tintindex":0},"north":{"uv":[7.625,8.125,7.625,8.625],"texture":"#layer0","tintindex":0},"west":{"uv":[8.625,0.5,7.875,1.0],"texture":"#layer0","tintindex":0},"up":{"uv":[5.5,9.5,5.5,8.75],"texture":"#layer0","tintindex":0},"down":{"uv":[4.125,9.0,4.125,9.75],"texture":"#layer0","tintindex":0}}},{"name":"arm_6","from":[9.058178,0.4097414,1.1667738],"to":[9.796905,1.1484673,11.508957],"rotation":{"angle":0.0,"axis":"z","origin":[8.0,8.0,8.0]},"faces":{"east":{"uv":[8.5,4.375,10.25,4.5],"texture":"#layer0","tintindex":0},"south":{"uv":[9.125,6.25,9.25,6.375],"texture":"#layer0","tintindex":0},"north":{"uv":[8.875,3.25,9.0,3.375],"texture":"#layer0","tintindex":0},"west":{"uv":[8.5,4.625,10.25,4.75],"texture":"#layer0","tintindex":0},"up":{"uv":[7.5,9.875,7.375,8.125],"texture":"#layer0","tintindex":0},"down":{"uv":[5.625,8.5,5.75,10.25],"texture":"#layer0","tintindex":0}}},{"name":"arm_7","from":[9.095114,-4.0226207,0.9820936],"to":[9.759969,-3.283895,3.9370036],"rotation":{"angle":0.0,"axis":"z","origin":[8.0,8.0,8.0]},"faces":{"east":{"uv":[1.25,12.375,1.75,12.5],"texture":"#layer0","tintindex":0},"south":{"uv":[7.0,12.375,7.125,12.5],"texture":"#layer0","tintindex":0},"north":{"uv":[5.625,11.25,5.75,11.375],"texture":"#layer0","tintindex":0},"west":{"uv":[8.875,11.875,9.375,12.0],"texture":"#layer0","tintindex":0},"up":{"uv":[3.375,11.75,3.5,12.25],"texture":"#layer0","tintindex":0},"down":{"uv":[4.5,12.25,4.375,12.75],"texture":"#layer0","tintindex":0}}},{"name":"arm_8","from":[9.095114,-3.283895,0.24336195],"to":[9.759969,-2.5451689,4.675724],"rotation":{"angle":0.0,"axis":"z","origin":[8.0,8.0,8.0]},"faces":{"east":{"uv":[0.625,13.25,1.375,13.375],"texture":"#layer0","tintindex":0},"south":{"uv":[7.375,13.875,7.5,14.0],"texture":"#layer0","tintindex":0},"north":{"uv":[5.875,13.75,6.0,13.875],"texture":"#layer0","tintindex":0},"west":{"uv":[9.0,14.25,9.75,14.375],"texture":"#layer0","tintindex":0},"up":{"uv":[3.375,13.25,3.5,14.0],"texture":"#layer0","tintindex":0},"down":{"uv":[4.75,13.375,4.625,14.125],"texture":"#layer0","tintindex":0}}},{"name":"arm_9","from":[9.095114,-2.5451689,0.9820936],"to":[9.759969,-1.8064432,3.1982777],"rotation":{"angle":0.0,"axis":"z","origin":[8.0,8.0,8.0]},"faces":{"east":{"uv":[1.375,11.375,1.75,11.5],"texture":"#layer0","tintindex":0},"south":{"uv":[8.25,11.875,8.375,12.0],"texture":"#layer0","tintindex":0},"north":{"uv":[5.75,12.625,5.875,12.75],"texture":"#layer0","tintindex":0},"west":{"uv":[9.375,13.5,9.75,13.625],"texture":"#layer0","tintindex":0},"up":{"uv":[2.75,10.5,2.875,10.875],"texture":"#layer0","tintindex":0},"down":{"uv":[4.25,10.875,4.125,11.25],"texture":"#layer0","tintindex":0}}},{"name":"arm_10","from":[9.095114,-1.8064427,2.4595459],"to":[9.759969,-1.0677166,3.198272],"rotation":{"angle":0.0,"axis":"z","origin":[8.0,8.0,8.0]},"faces":{"east":{"uv":[10.0,1.0,10.125,1.125],"texture":"#layer0","tintindex":0},"south":{"uv":[10.125,5.125,10.25,5.25],"texture":"#layer0","tintindex":0},"north":{"uv":[10.75,3.625,10.875,3.75],"texture":"#layer0","tintindex":0},"west":{"uv":[10.125,6.875,10.25,7.0],"texture":"#layer0","tintindex":0},"up":{"uv":[10.125,1.875,10.25,2.0],"texture":"#layer0","tintindex":0},"down":{"uv":[10.5,2.625,10.375,2.75],"texture":"#layer0","tintindex":0}}}],"display":{"head":{"translation":[0.0,-6.4,0.0],"rotation":[0.0,0.0,0.0],"scale":[3.8095,3.8095,3.8095]},"gui":{"translation":[0.0,0.0,0.0],"rotation":[35.0,225.0,0.0],"scale":[0.625,0.625,0.625]}}}