{"file_name":"leg2","texture_size":[128,128],"textures":{"layer0":"manamodels/npc_legends"},"elements":[{"name":"leg2_0","from":[5.9069357,2.09018,6.5225477],"to":[8.861846,6.522542,9.477458],"rotation":{"angle":0.0,"axis":"z","origin":[8.0,8.0,8.0]},"faces":{"east":{"uv":[1.25,7.5,1.75,8.25],"texture":"#layer0","tintindex":0},"south":{"uv":[2.5,7.5,3.0,8.25],"texture":"#layer0","tintindex":0},"north":{"uv":[0.625,7.5,1.125,8.25],"texture":"#layer0","tintindex":0},"west":{"uv":[3.125,7.5,3.625,8.25],"texture":"#layer0","tintindex":0},"up":{"uv":[3.5,8.875,3.0,8.375],"texture":"#layer0","tintindex":0},"down":{"uv":[3.625,8.375,4.125,8.875],"texture":"#layer0","tintindex":0}}},{"name":"leg2_1","from":[5.9069357,2.09018,4.3063636],"to":[8.861846,3.5676317,6.5225477],"rotation":{"angle":0.0,"axis":"z","origin":[8.0,8.0,8.0]},"faces":{"east":{"uv":[6.75,9.0,7.125,9.25],"texture":"#layer0","tintindex":0},"south":{"uv":[3.0,9.0,3.5,9.25],"texture":"#layer0","tintindex":0},"north":{"uv":[2.375,9.0,2.875,9.25],"texture":"#layer0","tintindex":0},"west":{"uv":[9.0,6.875,9.375,7.125],"texture":"#layer0","tintindex":0},"up":{"uv":[6.375,8.875,5.875,8.5],"texture":"#layer0","tintindex":0},"down":{"uv":[8.625,1.75,9.125,2.125],"texture":"#layer0","tintindex":0}}},{"name":"leg2_2","from":[5.1682096,6.522542,6.153182],"to":[8.861846,11.69363,9.846818],"rotation":{"angle":0.0,"axis":"z","origin":[8.0,8.0,8.0]},"faces":{"east":{"uv":[2.875,6.5,3.5,7.375],"texture":"#layer0","tintindex":0},"south":{"uv":[3.625,6.5,4.25,7.375],"texture":"#layer0","tintindex":0},"north":{"uv":[0.0,6.5,0.625,7.375],"texture":"#layer0","tintindex":0},"west":{"uv":[6.75,6.25,7.375,7.125],"texture":"#layer0","tintindex":0},"up":{"uv":[5.75,7.75,5.125,7.125],"texture":"#layer0","tintindex":0},"down":{"uv":[7.25,3.625,7.875,4.25],"texture":"#layer0","tintindex":0}}}],"display":{"head":{"translation":[0.0,-6.4,0.0],"rotation":[0.0,0.0,0.0],"scale":[3.8095,3.8095,3.8095]},"gui":{"translation":[0.0,0.0,0.0],"rotation":[35.0,225.0,0.0],"scale":[0.625,0.625,0.625]}}}