{"display":{"thirdperson_righthand":{"translation":[0,2.5,2],"scale":[0.8,0.8,0.8]},"thirdperson_lefthand":{"translation":[0,2.5,2],"scale":[0.8,0.8,0.8]},"firstperson_righthand":{"rotation":[0,15,0],"translation":[2.5,3,1.25],"scale":[0.4,0.4,0.4]},"firstperson_lefthand":{"rotation":[0,15,0],"translation":[2.5,3,1.25],"scale":[0.4,0.4,0.4]},"ground":{"translation":[0,12.75,0],"scale":[0.7,0.7,0.7]},"gui":{"rotation":[87.31,41.94,-88.23],"translation":[0.25,-0.75,0],"scale":[0.47,0.47,0.47]},"fixed":{"rotation":[0,90,0],"translation":[0,0.5,-1.5],"scale":[0.6,0.6,0.6]}},"texture_size":[32,32],"textures":{"3":"crates/christmas22_crate/frozen_pickaxe","particle":"crates/christmas22_crate/frozen_pickaxe"},"elements":[{"from":[7.1,12.1,7.44263],"to":[9.9,15.9,10.24263],"rotation":{"angle":45,"axis":"y","origin":[8,-7,9.34263]},"faces":{"north":{"uv":[5.5,6.75,6.25,7.75],"texture":"#3"},"east":{"uv":[7,1,7.75,2],"texture":"#3"},"south":{"uv":[7.25,2,8,3],"texture":"#3"},"west":{"uv":[7.25,3,8,4],"texture":"#3"},"up":{"uv":[3.25,8.5,2.5,7.75],"texture":"#3"},"down":{"uv":[4,7.75,3.25,8.5],"texture":"#3"}}},{"from":[7.1,-6.9,7.44263],"to":[9.9,-3.1,10.24263],"rotation":{"angle":45,"axis":"y","origin":[8,23,9.34263]},"faces":{"north":{"uv":[7.25,4,8,5],"texture":"#3"},"east":{"uv":[7.25,5,8,6],"texture":"#3"},"south":{"uv":[7.25,6,8,7],"texture":"#3"},"west":{"uv":[6.25,7.25,7,8.25],"texture":"#3"},"up":{"uv":[6.25,8.5,5.5,7.75],"texture":"#3"},"down":{"uv":[1.75,8,1,8.75],"texture":"#3"}}},{"from":[7,17.5,10.34263],"to":[9,20.5,14.34263],"rotation":{"angle":0,"axis":"y","origin":[8,-6.5,9.34263]},"faces":{"north":{"uv":[5.5,1.25,6,2],"texture":"#3"},"east":{"uv":[7,7.25,8,8],"texture":"#3"},"south":{"uv":[7,8,7.5,8.75],"texture":"#3"},"west":{"uv":[0,7.5,1,8.25],"texture":"#3"},"up":{"uv":[4.5,8.75,4,7.75],"texture":"#3"},"down":{"uv":[8.5,1.5,8,2.5],"texture":"#3"}}},{"from":[7.5,15.5,12.92841],"to":[8.5,20.5,16.92841],"rotation":{"angle":22.5,"axis":"x","origin":[8,19,12.42841]},"faces":{"north":{"uv":[0.75,4.5,1,5.75],"texture":"#3"},"east":{"uv":[5.25,3,6.25,4.25],"texture":"#3"},"south":{"uv":[2.25,8,2.5,9.25],"texture":"#3"},"west":{"uv":[5.25,4.25,6.25,5.5],"texture":"#3"},"up":{"uv":[7,9.25,6.75,8.25],"texture":"#3"},"down":{"uv":[8.25,8.25,8,9.25],"texture":"#3"}}},{"from":[7.49,11.0032,11.688],"to":[8.51,16.0232,15.708],"rotation":{"angle":-22.5,"axis":"x","origin":[8,18.5132,-2.802]},"faces":{"north":{"uv":[6.25,8.25,6.5,9.5],"texture":"#3"},"east":{"uv":[5.5,0,6.5,1.25],"texture":"#3"},"south":{"uv":[6.5,8.25,6.75,9.5],"texture":"#3"},"west":{"uv":[5.25,5.5,6.25,6.75],"texture":"#3"},"up":{"uv":[8.5,9.25,8.25,8.25],"texture":"#3"},"down":{"uv":[8.75,1.5,8.5,2.5],"texture":"#3"}}},{"from":[7,-3,7.63552],"to":[9,13,9.63552],"rotation":{"angle":0,"axis":"y","origin":[8,-7,8.63552]},"faces":{"north":{"uv":[1,3.5,1.5,7.5],"texture":"#3"},"east":{"uv":[1.5,3.5,2,7.5],"texture":"#3"},"south":{"uv":[2,3.5,2.5,7.5],"texture":"#3"},"west":{"uv":[2.5,3.5,3,7.5],"texture":"#3"},"up":{"uv":[3,9,2.5,8.5],"texture":"#3"},"down":{"uv":[9,2.5,8.5,3],"texture":"#3"}}},{"from":[6,-9,6.63552],"to":[10,-5,10.63552],"rotation":{"angle":0,"axis":"y","origin":[8,-8,8.63552]},"faces":{"north":{"uv":[6,1.25,7,2.25],"texture":"#3"},"east":{"uv":[6.25,2.25,7.25,3.25],"texture":"#3"},"south":{"uv":[6.25,3.25,7.25,4.25],"texture":"#3"},"west":{"uv":[6.25,4.25,7.25,5.25],"texture":"#3"},"up":{"uv":[7.25,6.25,6.25,5.25],"texture":"#3"},"down":{"uv":[7.25,6.25,6.25,7.25],"texture":"#3"}}},{"from":[6,14,6.63552],"to":[10,23,10.63552],"rotation":{"angle":0,"axis":"y","origin":[8,-7,8.63552]},"faces":{"north":{"uv":[0,0,1,2.25],"texture":"#3"},"east":{"uv":[1,0,2,2.25],"texture":"#3"},"south":{"uv":[2,0,3,2.25],"texture":"#3"},"west":{"uv":[0,2.25,1,4.5],"texture":"#3"},"up":{"uv":[1,7.5,0,6.5],"texture":"#3"},"down":{"uv":[7.5,0,6.5,1],"texture":"#3"}}},{"from":[6.5,16.5,-0.36448],"to":[9.5,21.5,6.63552],"rotation":{"angle":0,"axis":"y","origin":[8.5,-7,8.63552]},"faces":{"north":{"uv":[3,6.5,3.75,7.75],"texture":"#3"},"east":{"uv":[1,2.25,2.75,3.5],"texture":"#3"},"south":{"uv":[3.75,6.5,4.5,7.75],"texture":"#3"},"west":{"uv":[2.75,2.25,4.5,3.5],"texture":"#3"},"up":{"uv":[5.5,1.75,4.75,0],"texture":"#3"},"down":{"uv":[5.25,5,4.5,6.75],"texture":"#3"}}},{"from":[7,18.5,4.63552],"to":[9,22.5,11.63552],"rotation":{"angle":-22.5,"axis":"x","origin":[8,-7,8.63552]},"faces":{"north":{"uv":[1.75,8,2.25,9],"texture":"#3"},"east":{"uv":[3,0,4.75,1],"texture":"#3"},"south":{"uv":[8,2.5,8.5,3.5],"texture":"#3"},"west":{"uv":[3,1,4.75,2],"texture":"#3"},"up":{"uv":[5,8.5,4.5,6.75],"texture":"#3"},"down":{"uv":[5.5,6.75,5,8.5],"texture":"#3"}}},{"from":[8,18.5,-1.36448],"to":[8,22.5,4.63552],"rotation":{"angle":-22.5,"axis":"x","origin":[8,-7,8.63552]},"faces":{"north":{"uv":[0,0,0,1],"texture":"#3"},"east":{"uv":[3,3.5,4.5,4.5],"texture":"#3"},"south":{"uv":[0,0,0,1],"texture":"#3"},"west":{"uv":[4.5,2,6,3],"texture":"#3"},"up":{"uv":[0,1.5,0,0],"texture":"#3"},"down":{"uv":[0,0,0,1.5],"texture":"#3"}}},{"from":[5,18,7.63552],"to":[11,20,9.63552],"rotation":{"angle":-45,"axis":"x","origin":[8,19,8.63552]},"faces":{"north":{"uv":[7.5,0,9,0.5],"texture":"#3"},"east":{"uv":[3,8.5,3.5,9],"texture":"#3"},"south":{"uv":[7.5,0.5,9,1],"texture":"#3"},"west":{"uv":[8.5,3,9,3.5],"texture":"#3"},"up":{"uv":[2.5,8,1,7.5],"texture":"#3"},"down":{"uv":[9.25,1,7.75,1.5],"texture":"#3"}}},{"from":[7,-12,7.63552],"to":[9,-9,9.63552],"rotation":{"angle":45,"axis":"y","origin":[8,-10.5,8.63552]},"faces":{"north":{"uv":[7.5,8,8,8.75],"texture":"#3"},"east":{"uv":[8,7.5,8.5,8.25],"texture":"#3"},"south":{"uv":[0,8.25,0.5,9],"texture":"#3"},"west":{"uv":[0.5,8.25,1,9],"texture":"#3"},"up":{"uv":[4,9,3.5,8.5],"texture":"#3"},"down":{"uv":[9,3.5,8.5,4],"texture":"#3"}}},{"from":[7,22,7.63552],"to":[9,26,9.63552],"rotation":{"angle":45,"axis":"y","origin":[8,23.5,8.63552]},"faces":{"north":{"uv":[8,3.5,8.5,4.5],"texture":"#3"},"east":{"uv":[8,4.5,8.5,5.5],"texture":"#3"},"south":{"uv":[8,5.5,8.5,6.5],"texture":"#3"},"west":{"uv":[8,6.5,8.5,7.5],"texture":"#3"},"up":{"uv":[9,4.5,8.5,4],"texture":"#3"},"down":{"uv":[5,8.5,4.5,9],"texture":"#3"}}},{"from":[8,23.25,7.13552],"to":[8,31.25,10.13552],"rotation":{"angle":0,"axis":"y","origin":[8,27.5,8.63552]},"faces":{"north":{"uv":[0,0,0,2],"texture":"#3"},"east":{"uv":[0,4.5,0.75,6.5],"texture":"#3"},"south":{"uv":[0,0,0,2],"texture":"#3"},"west":{"uv":[3,4.5,3.75,6.5],"texture":"#3"},"up":{"uv":[0,0.75,0,0],"texture":"#3"},"down":{"uv":[0,0,0,0.75],"texture":"#3"}}},{"from":[8,-15.75,7.13552],"to":[8,-7.75,10.13552],"rotation":{"angle":0,"axis":"y","origin":[8,26.5,8.63552]},"faces":{"north":{"uv":[0,0,0,2],"texture":"#3"},"east":{"uv":[4.5,3,5.25,5],"texture":"#3"},"south":{"uv":[0,0,0,2],"texture":"#3"},"west":{"uv":[3.75,4.5,4.5,6.5],"texture":"#3"},"up":{"uv":[0,0.75,0,0],"texture":"#3"},"down":{"uv":[0,0,0,0.75],"texture":"#3"}}}]}