{"display":{"thirdperson_righthand":{"translation":[0,4.75,3],"scale":[0.7,0.7,0.7]},"thirdperson_lefthand":{"translation":[-12.5,4.75,3],"scale":[0.7,0.7,0.7]},"firstperson_righthand":{"rotation":[0,15,0],"translation":[2.5,3,1.25],"scale":[0.4,0.4,0.4]},"firstperson_lefthand":{"rotation":[0,15,0],"translation":[2.5,3,1.25],"scale":[0.4,0.4,0.4]},"ground":{"translation":[0,12,0],"scale":[0.7,0.7,0.7]},"gui":{"rotation":[87.31,41.94,-88.23],"translation":[-0.25,-0.75,0],"scale":[0.47,0.47,0.47]},"head":{"translation":[-1,0,0]},"fixed":{"rotation":[0,90,0],"translation":[0,-2.75,-1.5],"scale":[0.6,0.6,0.6]}},"texture_size":[32,32],"textures":{"2":"crates/christmas22_crate/frozen_sword","particle":"crates/christmas22_crate/frozen_sword"},"elements":[{"from":[8.64971,2.1,6.44902],"to":[11.44971,4.9,9.24902],"rotation":{"angle":45,"axis":"y","origin":[8,8.76642,9.89872]},"faces":{"north":{"uv":[5.75,5,6.5,5.75],"texture":"#2"},"east":{"uv":[6.5,5,5.75,5.75],"texture":"#2"},"south":{"uv":[5.75,5,6.5,5.75],"texture":"#2"},"west":{"uv":[0,6.25,0.75,7],"texture":"#2"},"up":{"uv":[7,1.25,6.25,0.5],"texture":"#2"},"down":{"uv":[4.5,6.5,3.75,7.25],"texture":"#2"}}},{"from":[8.66582,-5.9,6.4329],"to":[11.46582,-2.1,9.2329],"rotation":{"angle":45,"axis":"y","origin":[8,8.76642,9.89872]},"faces":{"north":{"uv":[2.5,4,3.25,5],"texture":"#2"},"east":{"uv":[2.5,5,3.25,6],"texture":"#2"},"south":{"uv":[2.5,4,3.25,5],"texture":"#2"},"west":{"uv":[2.5,5,3.25,6],"texture":"#2"},"up":{"uv":[5.25,7.25,4.5,6.5],"texture":"#2"},"down":{"uv":[7.25,5,6.5,5.75],"texture":"#2"}}},{"from":[7.01,-2.99,6.01],"to":[8.99,2.99,7.99],"rotation":{"angle":0,"axis":"y","origin":[8,8.76642,9.89872]},"faces":{"north":{"uv":[4.25,5,4.75,6.5],"texture":"#2"},"east":{"uv":[4.25,5,4.75,6.5],"texture":"#2"},"south":{"uv":[4.25,5,4.75,6.5],"texture":"#2"},"west":{"uv":[5.25,5,5.75,6.5],"texture":"#2"},"up":{"uv":[0.75,7.5,0.25,7],"texture":"#2"},"down":{"uv":[1.25,7,0.75,7.5],"texture":"#2"}}},{"from":[6,-8,5],"to":[10,-4,9],"rotation":{"angle":0,"axis":"y","origin":[8,8.76642,9.89872]},"faces":{"north":{"uv":[3.75,1,4.75,2],"texture":"#2"},"east":{"uv":[3.75,1,4.75,2],"texture":"#2"},"south":{"uv":[3.75,1,4.75,2],"texture":"#2"},"west":{"uv":[3.75,3,4.75,4],"texture":"#2"},"up":{"uv":[4.75,5,3.75,4],"texture":"#2"},"down":{"uv":[5.75,0,4.75,1],"texture":"#2"}}},{"from":[7.49,18.50691,-7.96118],"to":[8.51,22.52691,-3.94118],"rotation":{"angle":45,"axis":"x","origin":[8,8.76642,9.89872]},"faces":{"north":{"uv":[1.25,7,1.5,8],"texture":"#2"},"east":{"uv":[4.75,1,5.75,2],"texture":"#2"},"south":{"uv":[7,1.25,7.25,2.25],"texture":"#2"},"west":{"uv":[4.75,2,5.75,3],"texture":"#2"},"up":{"uv":[1.75,8,1.5,7],"texture":"#2"},"down":{"uv":[2,7,1.75,8],"texture":"#2"}}},{"from":[7.5,5,4.5],"to":[8.5,28,9.5],"rotation":{"angle":0,"axis":"y","origin":[8,8.76642,9.89872]},"faces":{"north":{"uv":[3.25,0,3.5,5.75],"texture":"#2"},"east":{"uv":[0,0,1.25,5.75],"texture":"#2"},"south":{"uv":[3.5,0,3.75,5.75],"texture":"#2"},"west":{"uv":[1.25,0,2.5,5.75],"texture":"#2"},"up":{"uv":[0.25,8.25,0,7],"texture":"#2"},"down":{"uv":[7.25,0,7,1.25],"texture":"#2"}}},{"from":[7,4.06581,5.0281],"to":[9,6.06581,10.0281],"rotation":{"angle":-22.5,"axis":"x","origin":[8,8.76642,9.89872]},"faces":{"north":{"uv":[7.5,2.75,7,3.25],"texture":"#2"},"east":{"uv":[1.25,5.75,0,6.25],"texture":"#2"},"south":{"uv":[7.5,2.25,7,2.75],"texture":"#2"},"west":{"uv":[7,0,5.75,0.5],"texture":"#2"},"up":{"uv":[6.25,0.5,5.75,1.75],"texture":"#2"},"down":{"uv":[1.75,7,1.25,5.75],"texture":"#2"}}},{"from":[8,4.06581,10.0281],"to":[8,6.06581,13.0281],"rotation":{"angle":-22.5,"axis":"x","origin":[8,8.76642,9.89872]},"faces":{"north":{"uv":[0,0,0,0.5],"texture":"#2"},"east":{"uv":[7,1.25,6.25,1.75],"texture":"#2"},"south":{"uv":[0,0,0,0.5],"texture":"#2"},"west":{"uv":[6,6.5,5.25,7],"texture":"#2"},"up":{"uv":[0,0,0,0.75],"texture":"#2"},"down":{"uv":[0,0.75,0,0],"texture":"#2"}}},{"from":[7,3.06581,3.9719],"to":[9,5.06581,8.9719],"rotation":{"angle":22.5,"axis":"x","origin":[8,8.76642,6.10128]},"faces":{"north":{"uv":[7,2.25,7.5,2.75],"texture":"#2"},"east":{"uv":[0,5.75,1.25,6.25],"texture":"#2"},"south":{"uv":[7,2.75,7.5,3.25],"texture":"#2"},"west":{"uv":[5.75,0,7,0.5],"texture":"#2"},"up":{"uv":[6.25,1.75,5.75,0.5],"texture":"#2"},"down":{"uv":[1.75,5.75,1.25,7],"texture":"#2"}}},{"from":[8,3.06581,0.9719],"to":[8,5.06581,3.9719],"rotation":{"angle":22.5,"axis":"x","origin":[8,8.76642,6.10128]},"faces":{"north":{"uv":[0,0,0,0.5],"texture":"#2"},"east":{"uv":[6.25,1.25,7,1.75],"texture":"#2"},"south":{"uv":[0,0,0,0.5],"texture":"#2"},"west":{"uv":[5.25,6.5,6,7],"texture":"#2"},"up":{"uv":[0,0.75,0,0],"texture":"#2"},"down":{"uv":[0,0,0,0.75],"texture":"#2"}}},{"from":[5,2.33023,10.20327],"to":[11,4.33023,12.20327],"rotation":{"angle":45,"axis":"x","origin":[8,8.76642,9.89872]},"faces":{"north":{"uv":[5.5,3,7,3.5],"texture":"#2"},"east":{"uv":[7,3.75,7.5,4.25],"texture":"#2"},"south":{"uv":[5.5,3.5,7,4],"texture":"#2"},"west":{"uv":[7,4.25,7.5,4.75],"texture":"#2"},"up":{"uv":[7,4.5,5.5,4],"texture":"#2"},"down":{"uv":[7,4.5,5.5,5],"texture":"#2"}}},{"from":[9.06582,-11,6.8329],"to":[11.06582,-8,8.8329],"rotation":{"angle":45,"axis":"y","origin":[8,8.76642,9.89872]},"faces":{"north":{"uv":[0.75,6.25,1.25,7],"texture":"#2"},"east":{"uv":[0.75,6.25,1.25,7],"texture":"#2"},"south":{"uv":[1.25,6.25,0.75,7],"texture":"#2"},"west":{"uv":[1.25,6.25,0.75,7],"texture":"#2"},"up":{"uv":[5.75,7.5,5.25,7],"texture":"#2"},"down":{"uv":[6.25,7,5.75,7.5],"texture":"#2"}}},{"from":[8,-14.75,5.47721],"to":[8,-6.75,8.47721],"rotation":{"angle":0,"axis":"y","origin":[8,8.76642,9.89872]},"faces":{"north":{"uv":[0,0,0,2],"texture":"#2"},"east":{"uv":[3.25,2,2.5,4],"texture":"#2"},"south":{"uv":[0,0,0,2],"texture":"#2"},"west":{"uv":[2.5,2,3.25,4],"texture":"#2"},"up":{"uv":[0,0.75,0,0],"texture":"#2"},"down":{"uv":[0,0,0,0.75],"texture":"#2"}}}]}