{"display":{"thirdperson_righthand":{"rotation":[75,45,0],"translation":[0,2.5,0],"scale":[0.375,0.375,0.375]},"thirdperson_lefthand":{"rotation":[75,45,0],"translation":[0,2.5,0],"scale":[0.375,0.375,0.375]},"firstperson_righthand":{"rotation":[0,113,0],"translation":[3.25,4,0],"scale":[0.4,0.4,0.4]},"firstperson_lefthand":{"rotation":[0,123,0],"translation":[2.75,4,0],"scale":[0.4,0.4,0.4]},"ground":{"translation":[0,3,0],"scale":[0.7,0.7,0.7]},"gui":{"rotation":[12,-145,0],"translation":[-0.5,0.5,0],"scale":[0.8,0.8,0.8]},"head":{"translation":[0,4.75,0],"scale":[1.5,1.5,1.5]},"fixed":{"translation":[0,0.75,0]}},"texture_size":[64,64],"textures":{"0":"crates/christmas22_crate/grinch_mask","particle":"crates/christmas22_crate/grinch_mask"},"elements":[{"from":[3,0,3],"to":[13,11,13],"rotation":{"angle":0,"axis":"y","origin":[8,4,8]},"faces":{"north":{"uv":[3,0,5.5,2.75],"texture":"#0"},"east":{"uv":[3,2.75,5.5,5.5],"texture":"#0"},"south":{"uv":[0,5.5,2.5,8.25],"texture":"#0"},"west":{"uv":[5.5,0,8,2.75],"texture":"#0"},"up":{"uv":[5,8,2.5,5.5],"texture":"#0"},"down":{"uv":[8,2.75,5.5,5.25],"texture":"#0"}}},{"from":[2,-1,2.5],"to":[14,5,7.5],"rotation":{"angle":0,"axis":"y","origin":[8,4,8]},"faces":{"north":{"uv":[5,5.5,8,7],"texture":"#0"},"east":{"uv":[0,10.5,1.25,12],"texture":"#0"},"south":{"uv":[5,7,8,8.5],"texture":"#0"},"west":{"uv":[9.25,10.5,10.5,12],"texture":"#0"},"up":{"uv":[7.5,9.75,4.5,8.5],"texture":"#0"},"down":{"uv":[7.5,9.75,4.5,11],"texture":"#0"}}},{"from":[-1,-1,5.5],"to":[5,8,5.5],"rotation":{"angle":0,"axis":"y","origin":[8,4,8]},"faces":{"north":{"uv":[1.5,10,3,12.25],"texture":"#0"},"east":{"uv":[0,0,0,2.25],"texture":"#0"},"south":{"uv":[3,10,1.5,12.25],"texture":"#0"},"west":{"uv":[0,0,0,2.25],"texture":"#0"},"up":{"uv":[1.5,0,0,0],"texture":"#0"},"down":{"uv":[1.5,0,0,0],"texture":"#0"}}},{"from":[11,-1,5.5],"to":[17,8,5.5],"rotation":{"angle":0,"axis":"y","origin":[8,4,8]},"faces":{"north":{"uv":[3,10,1.5,12.25],"texture":"#0"},"east":{"uv":[0,0,0,2.25],"texture":"#0"},"south":{"uv":[1.5,10,3,12.25],"texture":"#0"},"west":{"uv":[0,0,0,2.25],"texture":"#0"},"up":{"uv":[0,0,1.5,0],"texture":"#0"},"down":{"uv":[0,0,1.5,0],"texture":"#0"}}},{"from":[6,3,1.5],"to":[10,6,4.5],"rotation":{"angle":0,"axis":"y","origin":[8,4,8]},"faces":{"north":{"uv":[1.5,8.25,2.5,9],"texture":"#0"},"east":{"uv":[6.75,11,7.5,11.75],"texture":"#0"},"south":{"uv":[1.5,9,2.5,9.75],"texture":"#0"},"west":{"uv":[3,11.5,3.75,12.25],"texture":"#0"},"up":{"uv":[11.5,11.25,10.5,10.5],"texture":"#0"},"down":{"uv":[5.5,11,4.5,11.75],"texture":"#0"}}},{"from":[2,8.25,2],"to":[7,10.25,4],"rotation":{"angle":0,"axis":"y","origin":[4,9,2.5]},"faces":{"north":{"uv":[5.5,11,6.75,11.5],"texture":"#0"},"east":{"uv":[4.5,8,5,8.5],"texture":"#0"},"south":{"uv":[10.5,11.25,11.75,11.75],"texture":"#0"},"west":{"uv":[7.5,8.5,8,9],"texture":"#0"},"up":{"uv":[12.75,0.5,11.5,0],"texture":"#0"},"down":{"uv":[12.75,0.5,11.5,1],"texture":"#0"}}},{"from":[9,8.25,2],"to":[14,10.25,4],"rotation":{"angle":0,"axis":"y","origin":[12,9,2.5]},"faces":{"north":{"uv":[11.5,1,12.75,1.5],"texture":"#0"},"east":{"uv":[7.5,9,8,9.5],"texture":"#0"},"south":{"uv":[11.5,1.5,12.75,2],"texture":"#0"},"west":{"uv":[7.5,9.5,8,10],"texture":"#0"},"up":{"uv":[12.75,2.5,11.5,2],"texture":"#0"},"down":{"uv":[12.75,2.5,11.5,3],"texture":"#0"}}},{"from":[4.5,9,5],"to":[11.5,15,11],"rotation":{"angle":0,"axis":"y","origin":[7.5,4,8]},"faces":{"north":{"uv":[10,4.5,11.75,6],"texture":"#0"},"east":{"uv":[10.125,4.5,11.625,6],"texture":"#0"},"south":{"uv":[10,4.5,11.75,6],"texture":"#0"},"west":{"uv":[10.125,4.5,11.625,6],"texture":"#0"},"up":{"uv":[9.25,11.5,7.5,10],"texture":"#0"},"down":{"uv":[11.75,4.5,10,6],"texture":"#0"}}},{"from":[7.5,9,1.5],"to":[7.5,20,13.5],"rotation":{"angle":-45,"axis":"y","origin":[7.5,14.5,8]},"faces":{"north":{"uv":[0,0,0,2.75],"texture":"#0"},"east":{"uv":[0,0,3,2.75],"texture":"#0"},"south":{"uv":[0,0,0,2.75],"texture":"#0"},"west":{"uv":[0,2.75,3,5.5],"texture":"#0"},"up":{"uv":[0,3,0,0],"texture":"#0"},"down":{"uv":[0,0,0,3],"texture":"#0"}}},{"from":[8.5,9,1.5],"to":[8.5,20,13.5],"rotation":{"angle":45,"axis":"y","origin":[8.5,14.5,8]},"faces":{"north":{"uv":[0,0,0,2.75],"texture":"#0"},"east":{"uv":[3,2.75,0,5.5],"texture":"#0"},"south":{"uv":[0,0,0,2.75],"texture":"#0"},"west":{"uv":[3,0,0,2.75],"texture":"#0"},"up":{"uv":[0,3,0,0],"texture":"#0"},"down":{"uv":[0,0,0,3],"texture":"#0"}}},{"name":"cube inverted","from":[11.5,15,11],"to":[4.5,9,5],"rotation":{"angle":0,"axis":"y","origin":[7.5,4,8]},"faces":{"north":{"uv":[10,6,11.75,4.5],"texture":"#0"},"east":{"uv":[10.125,6,11.625,4.5],"texture":"#0"},"south":{"uv":[10,6,11.75,4.5],"texture":"#0"},"west":{"uv":[10.125,6,11.625,4.5],"texture":"#0"},"up":{"uv":[10,4.5,11.75,6],"texture":"#0"},"down":{"uv":[7.5,11.5,9.25,10],"texture":"#0"}}},{"name":"cube inverted","from":[7.5,20,13.5],"to":[7.5,9,1.5],"rotation":{"angle":-45,"axis":"y","origin":[7.5,14.5,8]},"faces":{"north":{"uv":[0,2.75,0,0],"texture":"#0"},"east":{"uv":[0,5.5,3,2.75],"texture":"#0"},"south":{"uv":[0,2.75,0,0],"texture":"#0"},"west":{"uv":[0,2.75,3,0],"texture":"#0"},"up":{"uv":[0,0,0,3],"texture":"#0"},"down":{"uv":[0,3,0,0],"texture":"#0"}}},{"name":"cube inverted","from":[8.5,20,13.5],"to":[8.5,9,1.5],"rotation":{"angle":45,"axis":"y","origin":[8.5,14.5,8]},"faces":{"north":{"uv":[0,2.75,0,0],"texture":"#0"},"east":{"uv":[3,2.75,0,0],"texture":"#0"},"south":{"uv":[0,2.75,0,0],"texture":"#0"},"west":{"uv":[3,5.5,0,2.75],"texture":"#0"},"up":{"uv":[0,0,0,3],"texture":"#0"},"down":{"uv":[0,3,0,0],"texture":"#0"}}}]}