{"display":{"thirdperson_righthand":{"translation":[0,-5.25,-1.25],"scale":[0.5,0.5,0.5]},"thirdperson_lefthand":{"translation":[0,-5.25,-1.25],"scale":[0.5,0.5,0.5]},"firstperson_righthand":{"rotation":[0,-100,0],"translation":[7.5,-5.25,0],"scale":[0.6,0.6,0.6]},"firstperson_lefthand":{"rotation":[0,-100,0],"translation":[7.5,-5.25,0],"scale":[0.6,0.6,0.6]},"ground":{"translation":[0,-3.5,0],"scale":[0.7,0.7,0.7]},"gui":{"rotation":[0,35,0],"translation":[-3.5,-6.5,0],"scale":[0.5,0.5,0.7]},"head":{"translation":[0,-62.75,-0.5],"scale":[2,2,2]},"fixed":{"translation":[0,-12.75,-4.25]}},"texture_size":[64,64],"textures":{"0":"crates/christmas22_crate/holly_wings","particle":"crates/christmas22_crate/holly_wings"},"elements":[{"from":[-12,7,11],"to":[9,32,11],"rotation":{"angle":22.5,"axis":"y","origin":[4,14,12]},"faces":{"north":{"uv":[10.5,0,5.25,6.25],"texture":"#0"},"east":{"uv":[0,0,0,6.25],"texture":"#0"},"south":{"uv":[5.25,0,10.5,6.25],"texture":"#0"},"west":{"uv":[0,0,0,6.25],"texture":"#0"},"up":{"uv":[5.25,0,0,0],"texture":"#0"},"down":{"uv":[5.25,0,0,0],"texture":"#0"}}},{"from":[7,7,11],"to":[28,32,11],"rotation":{"angle":-22.5,"axis":"y","origin":[12,14,12]},"faces":{"north":{"uv":[5.25,0,10.5,6.25],"texture":"#0"},"east":{"uv":[0,0,0,6.25],"texture":"#0"},"south":{"uv":[10.5,0,5.25,6.25],"texture":"#0"},"west":{"uv":[0,0,0,6.25],"texture":"#0"},"up":{"uv":[0,0,5.25,0],"texture":"#0"},"down":{"uv":[0,0,5.25,0],"texture":"#0"}}},{"from":[5.5,15,7.75],"to":[9.5,19,12.75],"rotation":{"angle":45,"axis":"z","origin":[8.5,17,9.75]},"faces":{"north":{"uv":[11.5,7,12.5,8],"texture":"#0"},"east":{"uv":[10.5,0,11.75,1],"texture":"#0"},"south":{"uv":[11.5,8,12.5,9],"texture":"#0"},"west":{"uv":[10.5,0,11.75,1],"texture":"#0"},"up":{"uv":[10.5,4.75,11.5,3.5],"texture":"#0"},"down":{"uv":[11.5,3.5,10.5,4.75],"texture":"#0"}}},{"from":[9.5,17,8.25],"to":[13.5,21,12.25],"rotation":{"angle":22.5,"axis":"z","origin":[8.5,17,9.25]},"faces":{"north":{"uv":[11.5,9,12.5,10],"texture":"#0"},"east":{"uv":[10.5,5,11.5,6],"texture":"#0"},"south":{"uv":[12,0,13,1],"texture":"#0"},"west":{"uv":[10.5,6,11.5,7],"texture":"#0"},"up":{"uv":[11.5,8,10.5,7],"texture":"#0"},"down":{"uv":[11.5,8.5,10.5,9.5],"texture":"#0"}}},{"from":[2.5,17,8.25],"to":[6.5,21,12.25],"rotation":{"angle":-22.5,"axis":"z","origin":[7.5,17,9.25]},"faces":{"north":{"uv":[12,1,13,2],"texture":"#0"},"east":{"uv":[10.5,10,11.5,11],"texture":"#0"},"south":{"uv":[12,5,13,6],"texture":"#0"},"west":{"uv":[11.5,3,12.5,2],"rotation":90,"texture":"#0"},"up":{"uv":[12.5,3,11.5,2],"texture":"#0"},"down":{"uv":[12.5,3.5,11.5,4.5],"texture":"#0"}}}]}