{"display":{"thirdperson_righthand":{"rotation":[90,0,0],"translation":[0,0,8.25],"scale":[0.87,0.87,0.87]},"thirdperson_lefthand":{"rotation":[90,0,0],"translation":[0,0,8.25],"scale":[0.87,0.87,0.87]},"firstperson_righthand":{"translation":[0,-80,0]},"firstperson_lefthand":{"translation":[0,-80,0]},"ground":{"translation":[0,5,0]},"gui":{"rotation":[30,34,0],"translation":[-2.25,11.75,0],"scale":[1.7,1.7,1.7]},"head":{"translation":[0,14.5,-6.25],"scale":[2.75,1.64,2.75]},"fixed":{"translation":[0,20.75,-1],"scale":[3,3,3]}},"textures":{"0":"crates/pride/bands","particle":"crates/pride/bands"},"elements":[{"from":[5.25,0,7.5],"to":[10.75,2,8],"faces":{"north":{"uv":[8,0,10,8],"texture":"#0"},"east":{"uv":[8,0,10,8],"texture":"#0"},"south":{"uv":[8,0,10,8],"texture":"#0"},"west":{"uv":[8,0,10,8],"texture":"#0"},"up":{"uv":[8,0,10,2],"texture":"#0"},"down":{"uv":[8,6,10,8],"texture":"#0"}}},{"from":[5.25,0,12.5],"to":[10.75,2,13],"faces":{"north":{"uv":[8,0,10,8],"texture":"#0"},"east":{"uv":[8,0,10,8],"texture":"#0"},"south":{"uv":[8,0,10,8],"texture":"#0"},"west":{"uv":[8,0,10,8],"texture":"#0"},"up":{"uv":[8,0,10,2],"texture":"#0"},"down":{"uv":[8,6,10,8],"texture":"#0"}}},{"from":[5.25,0,8],"to":[5.75,2,12.5],"faces":{"north":{"uv":[8,0,10,8],"texture":"#0"},"east":{"uv":[8,0,10,8],"texture":"#0"},"south":{"uv":[8,0,10,8],"texture":"#0"},"west":{"uv":[8,0,10,8],"texture":"#0"},"up":{"uv":[8,0,10,2],"rotation":90,"texture":"#0"},"down":{"uv":[8,6,10,8],"rotation":270,"texture":"#0"}}},{"from":[10.25,0,8],"to":[10.75,2,12.5],"faces":{"north":{"uv":[8,0,10,8],"texture":"#0"},"east":{"uv":[8,0,10,8],"texture":"#0"},"south":{"uv":[8,0,10,8],"texture":"#0"},"west":{"uv":[8,0,10,8],"texture":"#0"},"up":{"uv":[8,0,10,2],"rotation":90,"texture":"#0"},"down":{"uv":[8,6,10,8],"rotation":270,"texture":"#0"}}}]}