{"display":{"thirdperson_righthand":{"translation":[0,7.5,1.25],"scale":[0.8,0.8,0.8]},"thirdperson_lefthand":{"translation":[0,7.25,1.25],"scale":[0.8,0.8,0.8]},"firstperson_righthand":{"rotation":[-22,19,0],"translation":[1.5,5.5,0],"scale":[0.5,0.5,0.5]},"firstperson_lefthand":{"rotation":[-22,19,0],"translation":[1.5,5.5,0],"scale":[0.5,0.5,0.5]},"ground":{"rotation":[-53,0,0],"translation":[0,8,-3.75],"scale":[0.6,0.6,0.6]},"gui":{"rotation":[-60.83,40,68.38],"translation":[-2.5,2.5,0],"scale":[0.55,0.55,0.55]},"head":{"rotation":[0,90,0],"translation":[0,5,0],"scale":[1.7,1.7,1.7]},"fixed":{"rotation":[-88.73,37.48,89.23],"translation":[-4.25,2.5,0],"scale":[0.8,0.8,0.8]}},"texture_size":[32,32],"textures":{"0":"crates/pride/rainbow_pickaxe","particle":"rainbow_pickaxe_4"},"elements":[{"from":[7,-15,7],"to":[9,11,9],"rotation":{"angle":45,"axis":"y","origin":[8,1,8]},"faces":{"north":{"uv":[0,0,1,13],"texture":"#0"},"east":{"uv":[1,0,0,13],"texture":"#0"},"south":{"uv":[1,0,0,13],"texture":"#0"},"west":{"uv":[3,0,4,13],"texture":"#0"},"up":{"uv":[15,8,14,7],"texture":"#0"},"down":{"uv":[15,8,14,9],"texture":"#0"}}},{"from":[7,9,4.5],"to":[9,15,11.5],"rotation":{"angle":0,"axis":"y","origin":[9,1,7.5]},"faces":{"north":{"uv":[12.5,9.5,13.5,12.5],"texture":"#0"},"east":{"uv":[4,0,7.5,3],"texture":"#0"},"south":{"uv":[10,12.5,11,15.5],"texture":"#0"},"west":{"uv":[4,3,7.5,6],"texture":"#0"},"up":{"uv":[9,16,8,12.5],"texture":"#0"},"down":{"uv":[10,12.5,9,16],"texture":"#0"}}},{"from":[6.99,7.54448,0.21948],"to":[9.01,13.56448,6.23948],"rotation":{"angle":-22.5,"axis":"x","origin":[8,9.92991,1.73117]},"faces":{"north":{"uv":[11,12.5,12,15.5],"texture":"#0"},"east":{"uv":[4,6,7,9],"texture":"#0"},"south":{"uv":[12,12.5,13,15.5],"texture":"#0"},"west":{"uv":[7,6,10,9],"texture":"#0"},"up":{"uv":[1,16,0,13],"texture":"#0"},"down":{"uv":[14,0,13,3],"texture":"#0"}}},{"from":[7,5.42881,-1.88666],"to":[9,11.42881,4.11334],"rotation":{"angle":22.5,"axis":"x","origin":[8,9.92991,1.73117]},"faces":{"north":{"uv":[1,13,2,16],"texture":"#0"},"east":{"uv":[7.5,0,10.5,3],"texture":"#0"},"south":{"uv":[2,13,3,16],"texture":"#0"},"west":{"uv":[7.5,3,10.5,6],"texture":"#0"},"up":{"uv":[4,16,3,13],"texture":"#0"},"down":{"uv":[14,3,13,6],"texture":"#0"}}},{"from":[6,4.42881,-3.88666],"to":[10,7.42881,4.11334],"rotation":{"angle":0,"axis":"y","origin":[9,9.92991,1.73117]},"faces":{"north":{"uv":[10,7.5,12,9],"texture":"#0"},"east":{"uv":[8,9,12,10.5],"texture":"#0"},"south":{"uv":[4,13,6,14.5],"texture":"#0"},"west":{"uv":[10,6,14,7.5],"texture":"#0"},"up":{"uv":[6,13,4,9],"texture":"#0"},"down":{"uv":[8,9,6,13],"texture":"#0"}}},{"from":[5.5,5.42881,-1.88666],"to":[10.5,9.42881,2.11334],"rotation":{"angle":0,"axis":"y","origin":[9.5,9.92991,1.73117]},"faces":{"north":{"uv":[10.5,0,13,2],"texture":"#0"},"east":{"uv":[10.5,10.5,12.5,12.5],"texture":"#0"},"south":{"uv":[10.5,2,13,4],"texture":"#0"},"west":{"uv":[12,7.5,14,9.5],"texture":"#0"},"up":{"uv":[13,6,10.5,4],"texture":"#0"},"down":{"uv":[10.5,10.5,8,12.5],"texture":"#0"}}},{"from":[6.99,7.54448,9.76052],"to":[9.01,13.56448,15.78052],"rotation":{"angle":22.5,"axis":"x","origin":[8,9.92991,14.26883]},"faces":{"north":{"uv":[13,12.5,12,15.5],"texture":"#0"},"east":{"uv":[7,6,4,9],"texture":"#0"},"south":{"uv":[12,12.5,11,15.5],"texture":"#0"},"west":{"uv":[10,6,7,9],"texture":"#0"},"up":{"uv":[1,13,0,16],"texture":"#0"},"down":{"uv":[14,3,13,0],"texture":"#0"}}},{"from":[7,5.42881,11.88666],"to":[9,11.42881,17.88666],"rotation":{"angle":-22.5,"axis":"x","origin":[8,9.92991,14.26883]},"faces":{"north":{"uv":[3,13,2,16],"texture":"#0"},"east":{"uv":[10.5,0,7.5,3],"texture":"#0"},"south":{"uv":[2,13,1,16],"texture":"#0"},"west":{"uv":[10.5,3,7.5,6],"texture":"#0"},"up":{"uv":[4,13,3,16],"texture":"#0"},"down":{"uv":[14,6,13,3],"texture":"#0"}}},{"from":[6,4.42881,11.88666],"to":[10,7.42881,19.88666],"rotation":{"angle":0,"axis":"y","origin":[9,9.92991,14.26883]},"faces":{"north":{"uv":[6,13,4,14.5],"texture":"#0"},"east":{"uv":[12,9,8,10.5],"texture":"#0"},"south":{"uv":[12,7.5,10,9],"texture":"#0"},"west":{"uv":[14,6,10,7.5],"texture":"#0"},"up":{"uv":[6,9,4,13],"texture":"#0"},"down":{"uv":[8,13,6,9],"texture":"#0"}}},{"from":[5.5,5.42881,13.88666],"to":[10.5,9.42881,17.88666],"rotation":{"angle":0,"axis":"y","origin":[9.5,9.92991,14.26883]},"faces":{"north":{"uv":[13,2,10.5,4],"texture":"#0"},"east":{"uv":[12.5,10.5,10.5,12.5],"texture":"#0"},"south":{"uv":[13,0,10.5,2],"texture":"#0"},"west":{"uv":[14,7.5,12,9.5],"texture":"#0"},"up":{"uv":[13,4,10.5,6],"texture":"#0"},"down":{"uv":[10.5,12.5,8,10.5],"texture":"#0"}}},{"from":[6.5,-16,6.5],"to":[9.5,-14,9.5],"rotation":{"angle":0,"axis":"y","origin":[8,1,8]},"faces":{"north":{"uv":[14,3,15.5,4],"texture":"#0"},"east":{"uv":[14,4,15.5,5],"texture":"#0"},"south":{"uv":[14,6,15.5,7],"texture":"#0"},"west":{"uv":[15.5,6,14,7],"texture":"#0"},"up":{"uv":[7.5,14.5,6,13],"texture":"#0"},"down":{"uv":[14.5,12.5,13,14],"texture":"#0"}}},{"from":[6.5,-1,6.5],"to":[9.5,0,9.5],"rotation":{"angle":0,"axis":"y","origin":[8,15,8]},"faces":{"north":{"uv":[14.5,13,16,12.5],"texture":"#0"},"east":{"uv":[13,15,14.5,14.5],"texture":"#0"},"south":{"uv":[14.5,13.5,16,13],"texture":"#0"},"west":{"uv":[14.5,14,16,13.5],"texture":"#0"},"up":{"uv":[15.5,3,14,1.5],"texture":"#0"},"down":{"uv":[15.5,0,14,1.5],"texture":"#0"}}},{"from":[6.5,-7,6.5],"to":[9.5,-6,9.5],"rotation":{"angle":0,"axis":"y","origin":[8,15,8]},"faces":{"north":{"uv":[14.5,13,16,12.5],"texture":"#0"},"east":{"uv":[13,15,14.5,14.5],"texture":"#0"},"south":{"uv":[14.5,13.5,16,13],"texture":"#0"},"west":{"uv":[14.5,14,16,13.5],"texture":"#0"},"up":{"uv":[15.5,3,14,1.5],"texture":"#0"},"down":{"uv":[15.5,0,14,1.5],"texture":"#0"}}}]}