{"file_name":"forearm2","texture_size":[256,256],"textures":{"layer0":"manamodels/chocolate_monster"},"elements":[{"name":"forearm2_0","from":[7.25,8.82773,4.146932],"to":[7.85,9.427731,5.3469324],"rotation":{"angle":22.5,"axis":"x","origin":[7.7,8.527731,4.146932]},"faces":{"east":{"uv":[4.875,2.5625,4.75,2.625],"texture":"#layer0","tintindex":0},"south":{"uv":[5.0,2.5625,4.9375,2.625],"texture":"#layer0","tintindex":0},"north":{"uv":[1.4375,5.25,1.375,5.3125],"texture":"#layer0","tintindex":0},"west":{"uv":[5.0,1.6875,4.875,1.75],"texture":"#layer0","tintindex":0},"up":{"uv":[5.125,0.5,5.0625,0.625],"texture":"#layer0","tintindex":0},"down":{"uv":[5.625,3.8125,5.6875,3.6875],"texture":"#layer0","tintindex":0}}},{"name":"forearm2_1","from":[7.1,7.1,3.1999998],"to":[8.3,8.9,5.6],"rotation":{"angle":0.0,"axis":"z","origin":[8.0,8.0,8.0]},"faces":{"east":{"uv":[6.875,4.4375,6.625,4.625],"texture":"#layer0","tintindex":0},"south":{"uv":[5.0625,7.0625,4.9375,7.25],"texture":"#layer0","tintindex":0},"north":{"uv":[5.5625,7.0625,5.4375,7.25],"texture":"#layer0","tintindex":0},"west":{"uv":[6.6875,6.625,6.4375,6.8125],"texture":"#layer0","tintindex":0},"up":{"uv":[7.0625,0.1875,6.9375,0.4375],"texture":"#layer0","tintindex":0},"down":{"uv":[6.9375,0.75,7.0625,0.5],"texture":"#layer0","tintindex":0}}},{"name":"forearm2_2","from":[7.1,7.1,5.6],"to":[8.9,8.9,8.0],"rotation":{"angle":0.0,"axis":"z","origin":[8.0,8.0,8.0]},"faces":{"east":{"uv":[0.5,6.625,0.25,6.8125],"texture":"#layer0","tintindex":0},"south":{"uv":[0.6875,6.875,0.5,7.0625],"texture":"#layer0","tintindex":0},"north":{"uv":[1.4375,6.875,1.25,7.0625],"texture":"#layer0","tintindex":0},"west":{"uv":[0.8125,6.625,0.5625,6.8125],"texture":"#layer0","tintindex":0},"up":{"uv":[1.75,6.625,1.5625,6.875],"texture":"#layer0","tintindex":0},"down":{"uv":[5.6875,6.875,5.875,6.625],"texture":"#layer0","tintindex":0}}},{"name":"forearm2_3","from":[8.9,5.8999996,5.6],"to":[8.9,7.1,8.0],"rotation":{"angle":0.0,"axis":"z","origin":[8.0,8.0,8.0]},"faces":{"east":{"uv":[1.0,6.9375,0.75,7.0625],"texture":"#layer0","tintindex":0},"south":{"uv":[4.0625,5.0625,4.0625,5.1875],"texture":"#layer0","tintindex":0},"north":{"uv":[2.1875,5.375,2.1875,5.5],"texture":"#layer0","tintindex":0},"west":{"uv":[7.1875,1.1875,6.9375,1.3125],"texture":"#layer0","tintindex":0},"up":{"uv":[3.0,6.375,3.0,6.625],"texture":"#layer0","tintindex":0},"down":{"uv":[3.0625,6.625,3.0625,6.375],"texture":"#layer0","tintindex":0}}},{"name":"forearm2_4","from":[7.1,5.8999996,5.6],"to":[7.1,7.1,8.0],"rotation":{"angle":0.0,"axis":"z","origin":[8.0,8.0,8.0]},"faces":{"east":{"uv":[7.1875,1.375,6.9375,1.5],"texture":"#layer0","tintindex":0},"south":{"uv":[2.625,5.875,2.625,6.0],"texture":"#layer0","tintindex":0},"north":{"uv":[0.3125,6.0625,0.3125,6.1875],"texture":"#layer0","tintindex":0},"west":{"uv":[1.75,6.9375,1.5,7.0625],"texture":"#layer0","tintindex":0},"up":{"uv":[3.375,6.375,3.375,6.625],"texture":"#layer0","tintindex":0},"down":{"uv":[6.1875,6.75,6.1875,6.5],"texture":"#layer0","tintindex":0}}}],"display":{"head":{"translation":[0.0,-6.4,0.0],"rotation":[0.0,0.0,0.0],"scale":[3.8095,3.8095,3.8095]},"gui":{"translation":[0.0,0.0,0.0],"rotation":[35.0,225.0,0.0],"scale":[0.625,0.625,0.625]}}}