{"file_name":"leg2","texture_size":[64,64],"textures":{"layer0":"manamodels/puffin_pet"},"elements":[{"name":"leg2_0","from":[7.1,5.6,6.8],"to":[8.9,5.6,8.6],"rotation":{"angle":0.0,"axis":"z","origin":[8.0,8.0,8.0]},"faces":{"east":{"uv":[7.25,2.75,8.0,2.75],"texture":"#layer0","tintindex":0},"south":{"uv":[9.5,2.75,10.25,2.75],"texture":"#layer0","tintindex":0},"north":{"uv":[8.0,2.75,8.75,2.75],"texture":"#layer0","tintindex":0},"west":{"uv":[8.75,2.75,9.5,2.75],"texture":"#layer0","tintindex":0},"up":{"uv":[8.75,2.75,8.0,2.0],"texture":"#layer0","tintindex":0},"down":{"uv":[8.75,2.0,9.5,2.75],"texture":"#layer0","tintindex":0}}},{"name":"leg2_1","from":[7.58,5.63,7.58],"to":[8.42,9.469999,8.42],"rotation":{"angle":0.0,"axis":"z","origin":[8.0,8.0,8.0]},"faces":{"east":{"uv":[3.0,6.75,3.5,8.5],"texture":"#layer0","tintindex":0},"south":{"uv":[4.5,6.75,5.0,8.5],"texture":"#layer0","tintindex":0},"north":{"uv":[3.5,6.75,4.0,8.5],"texture":"#layer0","tintindex":0},"west":{"uv":[4.0,6.75,4.5,8.5],"texture":"#layer0","tintindex":0},"up":{"uv":[4.0,6.75,3.5,6.25],"texture":"#layer0","tintindex":0},"down":{"uv":[4.0,6.25,4.5,6.75],"texture":"#layer0","tintindex":0}}},{"name":"leg2_2","from":[7.4,7.1,7.4],"to":[8.6,9.5,8.6],"rotation":{"angle":0.0,"axis":"z","origin":[8.0,8.0,8.0]},"faces":{"east":{"uv":[0.0,8.5,0.5,9.5],"texture":"#layer0","tintindex":0},"south":{"uv":[1.5,8.5,2.0,9.5],"texture":"#layer0","tintindex":0},"north":{"uv":[0.5,8.5,1.0,9.5],"texture":"#layer0","tintindex":0},"west":{"uv":[1.0,8.5,1.5,9.5],"texture":"#layer0","tintindex":0},"up":{"uv":[1.0,8.5,0.5,8.0],"texture":"#layer0","tintindex":0},"down":{"uv":[1.0,8.0,1.5,8.5],"texture":"#layer0","tintindex":0}}}],"display":{"head":{"translation":[0.0,-6.4,0.0],"rotation":[0.0,0.0,0.0],"scale":[3.8095,3.8095,3.8095]},"gui":{"translation":[0.0,0.0,0.0],"rotation":[35.0,225.0,0.0],"scale":[0.625,0.625,0.625]}}}