{"display":{"thirdperson_righthand":{"translation":[5.75,7,8.25],"scale":[0.85,0.85,0.85]},"thirdperson_lefthand":{"translation":[-5.75,7,8.25],"scale":[0.85,0.85,0.85]},"firstperson_righthand":{"translation":[3.75,2.75,2],"scale":[0.59,0.59,0.59]},"firstperson_lefthand":{"translation":[-3.75,2.75,2],"scale":[0.59,0.59,0.59]},"ground":{"rotation":[-77,0,0],"scale":[0.4,0.4,0.4]},"gui":{"rotation":[0,-44,50],"translation":[1,1.25,0],"scale":[0.59,0.59,0.59]},"head":{"rotation":[0,6,-33],"translation":[7,-20.75,11]},"fixed":{"rotation":[-17,-23,-61],"translation":[-1,-2.75,2],"scale":[0.5,0.5,0.5]}},"texture_size":[64,64],"textures":{"0":"crates/drseuss21_crate/king_birtrams_stilt","particle":"crates/drseuss21_crate/king_birtrams_stilt"},"elements":[{"from":[0,-7,0],"to":[2,32,2],"rotation":{"angle":0,"axis":"y","origin":[0,0,0]},"faces":{"north":{"uv":[0,0,0.5,9.75],"texture":"#0"},"east":{"uv":[0.5,0.5,1,10.25],"texture":"#0"},"south":{"uv":[1,1,1.5,10.75],"texture":"#0"},"west":{"uv":[1.5,1.5,2,11.25],"texture":"#0"},"up":{"uv":[2,1.5,1.5,1],"texture":"#0"},"down":{"uv":[2.5,1,2,1.5],"texture":"#0"}}},{"from":[0,1,2],"to":[2,3,9],"rotation":{"angle":0,"axis":"y","origin":[8,9,10]},"faces":{"north":{"uv":[2,1.5,2.5,2],"texture":"#0"},"east":{"uv":[0.5,0,2.25,0.5],"texture":"#0"},"south":{"uv":[2.25,0,2.75,0.5],"texture":"#0"},"west":{"uv":[1,0.5,2.75,1],"texture":"#0"},"up":{"uv":[2.5,3.75,2,2],"texture":"#0"},"down":{"uv":[3,2.5,2.5,4.25],"texture":"#0"}}}],"gui_light":"front"}