{"file_name":"arm2","texture_size":[128,128],"textures":{"layer0":"manamodels/npc_postman"},"elements":[{"name":"arm2_0","from":[6.6275363,1.7095579,4.5688457],"to":[9.372458,1.7267178,8.0],"rotation":{"angle":0.0,"axis":"z","origin":[8.0,8.0,8.0]},"faces":{"east":{"uv":[8.875,4.375,9.5,4.375],"texture":"#layer0","tintindex":0},"south":{"uv":[8.875,5.875,9.375,5.875],"texture":"#layer0","tintindex":0},"north":{"uv":[6.625,7.625,7.125,7.625],"texture":"#layer0","tintindex":0},"west":{"uv":[8.875,6.0,9.5,6.0],"texture":"#layer0","tintindex":0},"up":{"uv":[7.25,4.0,6.75,3.375],"texture":"#layer0","tintindex":0},"down":{"uv":[3.875,6.75,4.375,7.375],"texture":"#layer0","tintindex":0}}},{"name":"arm2_1","from":[7.9999995,1.0233259,6.627542],"to":[10.058689,6.5131702,9.372464],"rotation":{"angle":0.0,"axis":"z","origin":[8.0,8.0,8.0]},"faces":{"east":{"uv":[0.0,4.5,0.5,5.5],"texture":"#layer0","tintindex":0},"south":{"uv":[4.375,5.625,4.75,6.625],"texture":"#layer0","tintindex":0},"north":{"uv":[2.375,5.625,2.75,6.625],"texture":"#layer0","tintindex":0},"west":{"uv":[4.375,4.5,4.875,5.5],"texture":"#layer0","tintindex":0},"up":{"uv":[6.375,8.625,6.0,8.125],"texture":"#layer0","tintindex":0},"down":{"uv":[6.5,8.125,6.875,8.625],"texture":"#layer0","tintindex":0}}},{"name":"arm2_2","from":[7.656884,6.51317,6.301586],"to":[10.401806,9.258092,9.73274],"rotation":{"angle":0.0,"axis":"z","origin":[8.0,8.0,8.0]},"faces":{"east":{"uv":[6.75,4.125,7.375,4.625],"texture":"#layer0","tintindex":0},"south":{"uv":[7.625,4.5,8.125,5.0],"texture":"#layer0","tintindex":0},"north":{"uv":[7.625,2.25,8.125,2.75],"texture":"#layer0","tintindex":0},"west":{"uv":[6.875,4.75,7.5,5.25],"texture":"#layer0","tintindex":0},"up":{"uv":[7.375,6.0,6.875,5.375],"texture":"#layer0","tintindex":0},"down":{"uv":[6.875,6.125,7.375,6.75],"texture":"#layer0","tintindex":0}}},{"name":"arm2_3","from":[7.656884,2.3957834,6.318734],"to":[10.401806,3.7682414,9.749887],"rotation":{"angle":0.0,"axis":"z","origin":[8.0,8.0,8.0]},"faces":{"east":{"uv":[8.25,2.25,8.875,2.5],"texture":"#layer0","tintindex":0},"south":{"uv":[8.625,0.375,9.125,0.625],"texture":"#layer0","tintindex":0},"north":{"uv":[8.25,8.5,8.75,8.75],"texture":"#layer0","tintindex":0},"west":{"uv":[8.25,4.5,8.875,4.75],"texture":"#layer0","tintindex":0},"up":{"uv":[7.375,7.5,6.875,6.875],"texture":"#layer0","tintindex":0},"down":{"uv":[5.375,7.0,5.875,7.625],"texture":"#layer0","tintindex":0}}}],"display":{"head":{"translation":[0.0,-6.4,0.0],"rotation":[0.0,0.0,0.0],"scale":[3.8095,3.8095,3.8095]},"gui":{"translation":[0.0,0.0,0.0],"rotation":[35.0,225.0,0.0],"scale":[0.625,0.625,0.625]}}}