{"file_name":"torso","texture_size":[128,128],"textures":{"layer0":"manamodels/npc_postman"},"elements":[{"name":"torso_0","from":[5.598194,18.293457,6.627542],"to":[10.401806,24.469532,9.372464],"rotation":{"angle":0.0,"axis":"z","origin":[8.0,8.0,8.0]},"faces":{"east":{"uv":[1.125,3.75,1.625,4.875],"texture":"#layer0","tintindex":0},"south":{"uv":[1.125,1.25,2.0,2.375],"texture":"#layer0","tintindex":0},"north":{"uv":[1.125,0.0,2.0,1.125],"texture":"#layer0","tintindex":0},"west":{"uv":[3.75,3.375,4.25,4.5],"texture":"#layer0","tintindex":0},"up":{"uv":[5.75,3.125,4.875,2.625],"texture":"#layer0","tintindex":0},"down":{"uv":[0.625,5.0,1.5,5.5],"texture":"#layer0","tintindex":0}}},{"name":"torso_1","from":[5.2550783,16.234766,6.2844257],"to":[10.744923,18.293457,9.71558],"rotation":{"angle":0.0,"axis":"z","origin":[8.0,8.0,8.0]},"faces":{"east":{"uv":[8.125,1.25,8.75,1.625],"texture":"#layer0","tintindex":0},"south":{"uv":[0.5,5.625,1.5,6.0],"texture":"#layer0","tintindex":0},"north":{"uv":[5.375,1.25,6.375,1.625],"texture":"#layer0","tintindex":0},"west":{"uv":[2.375,8.125,3.0,8.5],"texture":"#layer0","tintindex":0},"up":{"uv":[1.0,4.375,0.0,3.75],"texture":"#layer0","tintindex":0},"down":{"uv":[3.75,2.625,4.75,3.25],"texture":"#layer0","tintindex":0}}},{"name":"torso_2","from":[4.225736,16.063208,5.94131],"to":[11.088038,17.435665,10.058691],"rotation":{"angle":22.5,"axis":"z","origin":[8.0,17.264109,8.343117]},"faces":{"east":{"uv":[7.875,3.625,8.625,3.875],"texture":"#layer0","tintindex":0},"south":{"uv":[7.125,1.875,8.375,2.125],"texture":"#layer0","tintindex":0},"north":{"uv":[6.75,0.75,8.0,1.0],"texture":"#layer0","tintindex":0},"west":{"uv":[8.0,5.875,8.75,6.125],"texture":"#layer0","tintindex":0},"up":{"uv":[3.375,0.75,2.125,0.0],"texture":"#layer0","tintindex":0},"down":{"uv":[2.125,0.875,3.375,1.625],"texture":"#layer0","tintindex":0}}},{"name":"torso_3","from":[3.8826196,11.77427,5.598194],"to":[5.94131,14.519193,10.401806],"rotation":{"angle":-22.5,"axis":"z","origin":[8.0,17.264109,8.343117]},"faces":{"east":{"uv":[5.0,1.75,5.875,2.25],"texture":"#layer0","tintindex":0},"south":{"uv":[8.125,7.375,8.5,7.875],"texture":"#layer0","tintindex":0},"north":{"uv":[8.125,6.75,8.5,7.25],"texture":"#layer0","tintindex":0},"west":{"uv":[5.0,3.25,5.875,3.75],"texture":"#layer0","tintindex":0},"up":{"uv":[3.75,7.125,3.375,6.25],"texture":"#layer0","tintindex":0},"down":{"uv":[6.25,3.75,6.625,4.625],"texture":"#layer0","tintindex":0}}},{"name":"torso_4","from":[8.686233,20.352146,6.2844257],"to":[10.744923,24.486687,9.71558],"rotation":{"angle":0.0,"axis":"z","origin":[8.0,8.0,8.0]},"faces":{"east":{"uv":[4.625,0.0,5.25,0.75],"texture":"#layer0","tintindex":0},"south":{"uv":[4.5,7.125,4.875,7.875],"texture":"#layer0","tintindex":0},"north":{"uv":[7.125,2.25,7.5,3.0],"texture":"#layer0","tintindex":0},"west":{"uv":[4.625,0.875,5.25,1.625],"texture":"#layer0","tintindex":0},"up":{"uv":[8.375,5.75,8.0,5.125],"texture":"#layer0","tintindex":0},"down":{"uv":[7.25,8.0,7.625,8.625],"texture":"#layer0","tintindex":0}}},{"name":"torso_5","from":[5.2550783,20.352146,6.2844257],"to":[7.3137684,24.486687,9.71558],"rotation":{"angle":0.0,"axis":"z","origin":[8.0,8.0,8.0]},"faces":{"east":{"uv":[3.5,4.625,4.125,5.375],"texture":"#layer0","tintindex":0},"south":{"uv":[3.125,7.25,3.5,8.0],"texture":"#layer0","tintindex":0},"north":{"uv":[2.625,7.25,3.0,8.0],"texture":"#layer0","tintindex":0},"west":{"uv":[2.375,4.75,3.0,5.5],"texture":"#layer0","tintindex":0},"up":{"uv":[8.125,8.625,7.75,8.0],"texture":"#layer0","tintindex":0},"down":{"uv":[8.125,0.5,8.5,1.125],"texture":"#layer0","tintindex":0}}},{"name":"torso_6","from":[6.6275425,19.562157,5.419688],"to":[7.330922,23.679539,7.478378],"rotation":{"angle":-22.5,"axis":"x","origin":[6.3015738,23.336422,5.762798]},"faces":{"east":{"uv":[7.375,3.125,7.75,3.875],"texture":"#layer0","tintindex":0},"south":{"uv":[8.625,7.125,8.75,7.875],"texture":"#layer0","tintindex":0},"north":{"uv":[2.875,8.625,3.0,9.375],"texture":"#layer0","tintindex":0},"west":{"uv":[1.875,7.5,2.25,8.25],"texture":"#layer0","tintindex":0},"up":{"uv":[1.875,2.875,1.75,2.5],"texture":"#layer0","tintindex":0},"down":{"uv":[3.5,3.875,3.625,4.25],"texture":"#layer0","tintindex":0}}},{"name":"torso_7","from":[8.669078,19.562157,5.419688],"to":[9.3724575,23.679539,7.478378],"rotation":{"angle":-22.5,"axis":"x","origin":[9.698414,23.336422,5.762798]},"faces":{"east":{"uv":[3.625,7.5,4.0,8.25],"texture":"#layer0","tintindex":0},"south":{"uv":[3.375,8.75,3.5,9.5],"texture":"#layer0","tintindex":0},"north":{"uv":[3.125,8.75,3.25,9.5],"texture":"#layer0","tintindex":0},"west":{"uv":[7.5,5.375,7.875,6.125],"texture":"#layer0","tintindex":0},"up":{"uv":[2.5,4.625,2.375,4.25],"texture":"#layer0","tintindex":0},"down":{"uv":[3.125,4.75,3.25,5.125],"texture":"#layer0","tintindex":0}}},{"name":"torso_8","from":[7.3137746,20.352146,9.029348],"to":[8.686233,24.486687,9.71558],"rotation":{"angle":0.0,"axis":"z","origin":[8.0,8.0,8.0]},"faces":{"east":{"uv":[7.0,8.125,7.125,8.875],"texture":"#layer0","tintindex":0},"south":{"uv":[5.625,8.125,5.875,8.875],"texture":"#layer0","tintindex":0},"north":{"uv":[5.25,8.125,5.5,8.875],"texture":"#layer0","tintindex":0},"west":{"uv":[1.5,8.5,1.625,9.25],"texture":"#layer0","tintindex":0},"up":{"uv":[3.375,5.375,3.125,5.25],"texture":"#layer0","tintindex":0},"down":{"uv":[5.375,6.125,5.625,6.25],"texture":"#layer0","tintindex":0}}}],"display":{"head":{"translation":[0.0,-6.4,0.0],"rotation":[0.0,0.0,0.0],"scale":[3.8095,3.8095,3.8095]},"gui":{"translation":[0.0,0.0,0.0],"rotation":[35.0,225.0,0.0],"scale":[0.625,0.625,0.625]}}}