{"credit":"Copyright ManaLabs Inc","texture_size":[64,64],"textures":{"0":"modelengine:custom/dogpool","particle":"modelengine:custom/dogpool"},"elements":[{"from":[5,0,4],"to":[7,4,7],"rotation":{"angle":0,"axis":"y","origin":[7,-1,4]},"faces":{"north":{"uv":[6,6.25,6.5,7.25],"texture":"#0"},"east":{"uv":[4,1.5,4.75,2.5],"texture":"#0"},"south":{"uv":[0,6.5,0.5,7.5],"texture":"#0"},"west":{"uv":[6.25,1,7,2],"texture":"#0"},"up":{"uv":[6.75,8.25,6.25,7.5],"texture":"#0"},"down":{"uv":[7.25,7.5,6.75,8.25],"texture":"#0"}}},{"from":[4.99,-0.01,3.49],"to":[7.01,2.01,7.51],"rotation":{"angle":0,"axis":"y","origin":[7,-1,4.5]},"faces":{"north":{"uv":[8.25,2.5,8.75,3],"texture":"#0"},"east":{"uv":[0.5,6.5,1.5,7],"texture":"#0"},"south":{"uv":[3,8.25,3.5,8.75],"texture":"#0"},"west":{"uv":[6.5,6,7.5,6.5],"texture":"#0"},"up":{"uv":[7,7.5,6.5,6.5],"texture":"#0"},"down":{"uv":[1,7,0.5,8],"texture":"#0"}}},{"from":[9,0,4],"to":[11,4,7],"rotation":{"angle":0,"axis":"y","origin":[9,-1,4]},"faces":{"north":{"uv":[6.5,6.25,6,7.25],"texture":"#0"},"east":{"uv":[7,1,6.25,2],"texture":"#0"},"south":{"uv":[0.5,6.5,0,7.5],"texture":"#0"},"west":{"uv":[4.75,1.5,4,2.5],"texture":"#0"},"up":{"uv":[6.25,8.25,6.75,7.5],"texture":"#0"},"down":{"uv":[6.75,7.5,7.25,8.25],"texture":"#0"}}},{"from":[8.99,-0.01,3.49],"to":[11.01,2.01,7.51],"rotation":{"angle":0,"axis":"y","origin":[9,-1,4.5]},"faces":{"north":{"uv":[8.75,2.5,8.25,3],"texture":"#0"},"east":{"uv":[7.5,6,6.5,6.5],"texture":"#0"},"south":{"uv":[3.5,8.25,3,8.75],"texture":"#0"},"west":{"uv":[1.5,6.5,0.5,7],"texture":"#0"},"up":{"uv":[6.5,7.5,7,6.5],"texture":"#0"},"down":{"uv":[0.5,7,1,8],"texture":"#0"}}},{"from":[5,0,11.5],"to":[7,4,13.5],"rotation":{"angle":0,"axis":"y","origin":[7,-1,13.5]},"faces":{"north":{"uv":[5.25,7,5.75,8],"texture":"#0"},"east":{"uv":[7,6.5,7.5,7.5],"texture":"#0"},"south":{"uv":[1.5,7.25,2,8.25],"texture":"#0"},"west":{"uv":[7.25,2.5,7.75,3.5],"texture":"#0"},"up":{"uv":[5.25,8.75,4.75,8.25],"texture":"#0"},"down":{"uv":[6.25,8.25,5.75,8.75],"texture":"#0"}}},{"from":[4.99,-0.01,10.99],"to":[7.01,2.01,14.01],"rotation":{"angle":0,"axis":"y","origin":[7,-1,14]},"faces":{"north":{"uv":[6.25,8.25,6.75,8.75],"texture":"#0"},"east":{"uv":[3,7.75,3.75,8.25],"texture":"#0"},"south":{"uv":[6.75,8.25,7.25,8.75],"texture":"#0"},"west":{"uv":[7.25,7.75,8,8.25],"texture":"#0"},"up":{"uv":[4.25,8.5,3.75,7.75],"texture":"#0"},"down":{"uv":[8.5,0,8,0.75],"texture":"#0"}}},{"from":[9,0,11.5],"to":[11,4,13.5],"rotation":{"angle":0,"axis":"y","origin":[9,-1,13.5]},"faces":{"north":{"uv":[5.75,7,5.25,8],"texture":"#0"},"east":{"uv":[7.75,2.5,7.25,3.5],"texture":"#0"},"south":{"uv":[2,7.25,1.5,8.25],"texture":"#0"},"west":{"uv":[7.5,6.5,7,7.5],"texture":"#0"},"up":{"uv":[4.75,8.75,5.25,8.25],"texture":"#0"},"down":{"uv":[5.75,8.25,6.25,8.75],"texture":"#0"}}},{"from":[8.99,-0.01,10.99],"to":[11.01,2.01,14.01],"rotation":{"angle":0,"axis":"y","origin":[9,-1,14]},"faces":{"north":{"uv":[6.75,8.25,6.25,8.75],"texture":"#0"},"east":{"uv":[8,7.75,7.25,8.25],"texture":"#0"},"south":{"uv":[7.25,8.25,6.75,8.75],"texture":"#0"},"west":{"uv":[3.75,7.75,3,8.25],"texture":"#0"},"up":{"uv":[3.75,8.5,4.25,7.75],"texture":"#0"},"down":{"uv":[8,0,8.5,0.75],"texture":"#0"}}},{"from":[5,4,3.5],"to":[11,9,13.5],"rotation":{"angle":0,"axis":"y","origin":[7,4,6.5]},"faces":{"north":{"uv":[1.75,3.75,3.25,5],"texture":"#0"},"east":{"uv":[0,2.5,2.5,3.75],"texture":"#0"},"south":{"uv":[3.25,3.75,4.75,5],"texture":"#0"},"west":{"uv":[2.5,2.5,5,3.75],"texture":"#0"},"up":{"uv":[1.5,2.5,0,0],"texture":"#0"},"down":{"uv":[3,0,1.5,2.5],"texture":"#0"}}},{"from":[8,10.5,2],"to":[8,14.5,7],"rotation":{"angle":0,"axis":"y","origin":[10,8.5,-2]},"faces":{"north":{"uv":[15,4,15,5],"texture":"#0"},"east":{"uv":[14.75,4.5,16,5.5],"texture":"#0"},"south":{"uv":[9.5,10.5,9.5,11.5],"texture":"#0"},"west":{"uv":[14.75,5.5,16,6.5],"texture":"#0"},"up":{"uv":[10.5,5.75,10.5,4.5],"texture":"#0"},"down":{"uv":[12,8,12,9.25],"texture":"#0"}}},{"from":[7,10.5,2],"to":[7,14.5,7],"rotation":{"angle":0,"axis":"y","origin":[9,8.5,-2]},"faces":{"north":{"uv":[15,4,15,5],"texture":"#0"},"east":{"uv":[14.75,4.5,16,5.5],"texture":"#0"},"south":{"uv":[9.5,10.5,9.5,11.5],"texture":"#0"},"west":{"uv":[14.75,5.5,16,6.5],"texture":"#0"},"up":{"uv":[10.5,5.75,10.5,4.5],"texture":"#0"},"down":{"uv":[12,8,12,9.25],"texture":"#0"}}},{"from":[9,10.5,2],"to":[9,14.5,7],"rotation":{"angle":0,"axis":"y","origin":[7,8.5,-2]},"faces":{"north":{"uv":[15,4,15,5],"texture":"#0"},"east":{"uv":[16,5.5,14.75,6.5],"texture":"#0"},"south":{"uv":[9.5,10.5,9.5,11.5],"texture":"#0"},"west":{"uv":[16,4.5,14.75,5.5],"texture":"#0"},"up":{"uv":[10.5,5.75,10.5,4.5],"texture":"#0"},"down":{"uv":[12,8,12,9.25],"texture":"#0"}}},{"from":[5.01,6.51,0.51],"to":[10.99,11.49,5.49],"rotation":{"angle":0,"axis":"y","origin":[8,4.5,-1.5]},"faces":{"north":{"uv":[4.75,0,6.25,1.25],"texture":"#0"},"east":{"uv":[5,2.5,6.25,3.75],"texture":"#0"},"south":{"uv":[4.75,1.25,6.25,2.5],"texture":"#0"},"west":{"uv":[3.25,5,4.5,6.25],"texture":"#0"},"up":{"uv":[6.25,5,4.75,3.75],"texture":"#0"},"down":{"uv":[3.25,5,1.75,6.25],"texture":"#0"}}},{"from":[3.25,9.5,2.5],"to":[6.25,14.5,3.5],"rotation":{"angle":22.5,"axis":"z","origin":[4.75,12,3]},"faces":{"north":{"uv":[6.25,5,5.5,6.25],"texture":"#0"},"east":{"uv":[2,8.25,1.75,9.5],"texture":"#0"},"south":{"uv":[5.25,6,4.5,7.25],"texture":"#0"},"west":{"uv":[1.75,8.25,1.5,9.5],"texture":"#0"},"up":{"uv":[8.5,0.5,9.25,0.25],"texture":"#0"},"down":{"uv":[0.5,8.5,1.25,8.75],"texture":"#0"}}},{"from":[9.75,9.5,2.5],"to":[12.75,14.5,3.5],"rotation":{"angle":-22.5,"axis":"z","origin":[11.25,12,3]},"faces":{"north":{"uv":[5.5,5,6.25,6.25],"texture":"#0"},"east":{"uv":[1.5,8.25,1.75,9.5],"texture":"#0"},"south":{"uv":[4.5,6,5.25,7.25],"texture":"#0"},"west":{"uv":[1.75,8.25,2,9.5],"texture":"#0"},"up":{"uv":[9.25,0.5,8.5,0.25],"texture":"#0"},"down":{"uv":[1.25,8.5,0.5,8.75],"texture":"#0"}}},{"from":[6,7.5,-1.5],"to":[10,9.5,1.5],"rotation":{"angle":0,"axis":"y","origin":[8,4.5,-0.5]},"faces":{"north":{"uv":[7.5,4,8.5,4.5],"texture":"#0"},"east":{"uv":[8,2,8.75,2.5],"texture":"#0"},"south":{"uv":[7.5,4.5,8.5,5],"texture":"#0"},"west":{"uv":[8,5.75,8.75,6.25],"texture":"#0"},"up":{"uv":[3.25,7,2.25,6.25],"texture":"#0"},"down":{"uv":[7.25,3,6.25,3.75],"texture":"#0"}}},{"from":[6.5,6.5,-1.5],"to":[9.5,7.5,1.5],"rotation":{"angle":0,"axis":"y","origin":[7.5,4.5,-0.5]},"faces":{"north":{"uv":[8.5,0.5,9.25,0.75],"texture":"#0"},"east":{"uv":[8.5,1,9.25,1.25],"texture":"#0"},"south":{"uv":[8.5,1.25,9.25,1.5],"texture":"#0"},"west":{"uv":[8.5,1.5,9.25,1.75],"texture":"#0"},"up":{"uv":[7,4.5,6.25,3.75],"texture":"#0"},"down":{"uv":[7,4.5,6.25,5.25],"texture":"#0"}}},{"from":[6.25,3.5,-2],"to":[7.25,7.5,0],"rotation":{"angle":-22.5,"axis":"y","origin":[6.25,7,-1]},"faces":{"north":{"uv":[1.5,5.25,1.75,6.25],"texture":"#0"},"east":{"uv":[7.5,5,8,6],"texture":"#0"},"south":{"uv":[4.25,6.25,4.5,7.25],"texture":"#0"},"west":{"uv":[7.5,6,8,7],"texture":"#0"},"up":{"uv":[7.25,3,7,2.5],"texture":"#0"},"down":{"uv":[3.75,8.25,3.5,8.75],"texture":"#0"}}},{"from":[4.5,3.5,8.5],"to":[11.5,9.5,10.5],"rotation":{"angle":0,"axis":"y","origin":[6.5,3.5,5.5]},"faces":{"north":{"uv":[3,0,4.75,1.5],"texture":"#0"},"east":{"uv":[3.25,6.25,3.75,7.75],"texture":"#0"},"south":{"uv":[0,3.75,1.75,5.25],"texture":"#0"},"west":{"uv":[3.75,6.25,4.25,7.75],"texture":"#0"},"up":{"uv":[8,0.5,6.25,0],"texture":"#0"},"down":{"uv":[8,0.5,6.25,1],"texture":"#0"}}},{"from":[6.5,8.5,8],"to":[9.5,10.5,11],"rotation":{"angle":0,"axis":"y","origin":[12.5,4.5,6]},"faces":{"north":{"uv":[8,6.25,8.75,6.75],"texture":"#0"},"east":{"uv":[8,6.75,8.75,7.25],"texture":"#0"},"south":{"uv":[8,7.25,8.75,7.75],"texture":"#0"},"west":{"uv":[8,7.75,8.75,8.25],"texture":"#0"},"up":{"uv":[6,7,5.25,6.25],"texture":"#0"},"down":{"uv":[7,5.25,6.25,6],"texture":"#0"}}}],"gui_light":"front","display":{"gui":{"rotation":[15,-150,0],"translation":[-0.75,1.5,0]}},"groups":[{"name":"root","origin":[7.9231,6.3,6.04707],"color":0,"children":[{"name":"leg1","origin":[6,4,5.5],"color":0,"children":[0,1]},{"name":"leg2","origin":[10,4,5.5],"color":0,"children":[2,3]},{"name":"leg3","origin":[6,4,12.5],"color":0,"children":[4,5]},{"name":"leg4","origin":[10,4,12.5],"color":0,"children":[6,7]},8,{"name":"head","origin":[8,8.25,4],"color":0,"children":[9,10,11,12,{"name":"ear1","origin":[5.75,11,3],"color":0,"children":[13]},{"name":"ear2","origin":[10.25,11,3],"color":0,"children":[14]},15,16,{"name":"limp","origin":[6.46194,7,-1.05866],"color":0,"children":[17]}]},18,19]}]}