{"file_name":"ear1_head2","texture_size":[128,128],"textures":{"layer0":"manamodels/hound"},"elements":[{"name":"ear1_head2_0","from":[7.4,8.0,7.4],"to":[8.0,9.8,9.2],"rotation":{"angle":0.0,"axis":"z","origin":[8.0,8.0,8.0]},"faces":{"east":{"uv":[0.875,8.75,0.5,9.125],"texture":"#layer0","tintindex":0},"south":{"uv":[0.5,8.75,0.375,9.125],"texture":"#layer0","tintindex":0},"north":{"uv":[0.5,8.75,0.375,9.125],"texture":"#layer0","tintindex":0},"west":{"uv":[0.375,8.75,0.0,9.125],"texture":"#layer0","tintindex":0},"up":{"uv":[1.0,8.75,0.875,9.125],"texture":"#layer0","tintindex":0},"down":{"uv":[0.0,0.0,0.125,0.375],"texture":"#layer0","tintindex":0}}},{"name":"ear1_head2_1","from":[7.4,9.8,8.0],"to":[8.0,11.0,9.2],"rotation":{"angle":0.0,"axis":"z","origin":[8.0,8.0,8.0]},"faces":{"east":{"uv":[1.625,8.875,1.375,9.125],"texture":"#layer0","tintindex":0},"south":{"uv":[1.375,8.875,1.25,9.125],"texture":"#layer0","tintindex":0},"north":{"uv":[1.375,8.875,1.25,9.125],"texture":"#layer0","tintindex":0},"west":{"uv":[1.25,8.875,1.0,9.125],"texture":"#layer0","tintindex":0},"up":{"uv":[1.0,8.75,0.875,9.125],"texture":"#layer0","tintindex":0},"down":{"uv":[0.0,0.0,0.125,0.25],"texture":"#layer0","tintindex":0}}},{"name":"ear1_head2_2","from":[7.4,11.0,8.6],"to":[8.0,12.2,9.2],"rotation":{"angle":0.0,"axis":"z","origin":[8.0,8.0,8.0]},"faces":{"east":{"uv":[1.625,8.875,1.375,9.125],"texture":"#layer0","tintindex":0},"south":{"uv":[1.375,8.875,1.25,9.125],"texture":"#layer0","tintindex":0},"north":{"uv":[1.375,8.875,1.25,9.125],"texture":"#layer0","tintindex":0},"west":{"uv":[1.75,8.875,1.625,9.125],"texture":"#layer0","tintindex":0},"up":{"uv":[1.0,8.75,0.875,9.125],"texture":"#layer0","tintindex":0},"down":{"uv":[0.0,0.0,0.125,0.25],"texture":"#layer0","tintindex":0}}}],"display":{"head":{"translation":[0.0,-6.4,0.0],"rotation":[0.0,0.0,0.0],"scale":[3.8095,3.8095,3.8095]},"gui":{"translation":[0.0,0.0,0.0],"rotation":[35.0,225.0,0.0],"scale":[0.625,0.625,0.625]}}}