{"file_name":"frontleg1","texture_size":[128,128],"textures":{"layer0":"manamodels/hound"},"elements":[{"name":"frontleg1_0","from":[8.0,5.6,6.2],"to":[11.0,10.4,9.8],"rotation":{"angle":0.0,"axis":"z","origin":[8.0,8.0,8.0]},"faces":{"east":{"uv":[6.5,6.625,7.25,7.625],"texture":"#layer0","tintindex":0},"south":{"uv":[7.0,2.375,7.625,3.375],"texture":"#layer0","tintindex":0},"north":{"uv":[2.25,6.875,2.875,7.875],"texture":"#layer0","tintindex":0},"west":{"uv":[6.625,5.375,7.375,6.375],"texture":"#layer0","tintindex":0},"up":{"uv":[6.375,8.375,5.75,7.625],"texture":"#layer0","tintindex":0},"down":{"uv":[6.375,7.625,7.0,8.375],"texture":"#layer0","tintindex":0}}},{"name":"frontleg1_1","from":[8.0,0.19999981,6.8],"to":[10.4,5.6,9.2],"rotation":{"angle":0.0,"axis":"z","origin":[8.0,8.0,8.0]},"faces":{"east":{"uv":[7.125,3.375,7.625,4.5],"texture":"#layer0","tintindex":0},"south":{"uv":[0.0,7.25,0.5,8.375],"texture":"#layer0","tintindex":0},"north":{"uv":[1.5,2.25,2.0,3.375],"texture":"#layer0","tintindex":0},"west":{"uv":[0.5,7.25,1.0,8.375],"texture":"#layer0","tintindex":0},"up":{"uv":[4.0,2.0,3.5,1.5],"texture":"#layer0","tintindex":0},"down":{"uv":[5.375,2.375,5.875,2.875],"texture":"#layer0","tintindex":0}}},{"name":"frontleg1_2","from":[7.85,0.049999714,6.6499996],"to":[10.55,5.75,9.35],"rotation":{"angle":0.0,"axis":"z","origin":[8.0,8.0,8.0]},"faces":{"east":{"uv":[3.75,7.375,4.25,8.5],"texture":"#layer0","tintindex":0},"south":{"uv":[4.25,7.375,4.75,8.5],"texture":"#layer0","tintindex":0},"north":{"uv":[3.25,7.375,3.75,8.5],"texture":"#layer0","tintindex":0},"west":{"uv":[7.375,1.25,7.875,2.375],"texture":"#layer0","tintindex":0},"up":{"uv":[8.5,2.75,8.0,2.25],"texture":"#layer0","tintindex":0},"down":{"uv":[8.0,2.75,8.5,3.25],"texture":"#layer0","tintindex":0}}}],"display":{"head":{"translation":[0.0,-6.4,0.0],"rotation":[0.0,0.0,0.0],"scale":[3.8095,3.8095,3.8095]},"gui":{"translation":[0.0,0.0,0.0],"rotation":[35.0,225.0,0.0],"scale":[0.625,0.625,0.625]}}}