{"file_name":"tail2","texture_size":[128,128],"textures":{"layer0":"manamodels/hound"},"elements":[{"name":"tail2_0","from":[7.1,7.7,7.7],"to":[8.9,9.5,11.900001],"rotation":{"angle":0.0,"axis":"z","origin":[8.0,8.0,8.0]},"faces":{"east":{"uv":[0.0,0.0,0.75,0.25],"texture":"#layer0","tintindex":0},"south":{"uv":[0.0,0.0,0.25,0.25],"texture":"#layer0","tintindex":0},"north":{"uv":[0.0,0.0,0.25,0.25],"texture":"#layer0","tintindex":0},"west":{"uv":[0.0,0.0,0.75,0.25],"texture":"#layer0","tintindex":0},"up":{"uv":[0.0,0.0,0.25,0.75],"texture":"#layer0","tintindex":0},"down":{"uv":[0.25,0.0,0.0,0.75],"texture":"#layer0","tintindex":0}}}],"display":{"head":{"translation":[0.0,-6.4,0.0],"rotation":[0.0,0.0,0.0],"scale":[3.8095,3.8095,3.8095]},"gui":{"translation":[0.0,0.0,0.0],"rotation":[35.0,225.0,0.0],"scale":[0.625,0.625,0.625]}}}