{"file_name":"torso","texture_size":[128,128],"textures":{"layer0":"manamodels/hound"},"elements":[{"name":"torso_0","from":[4.3999996,15.35,7.7],"to":[11.6,17.150002,7.7],"rotation":{"angle":0.0,"axis":"z","origin":[8.0,8.0,8.0]},"faces":{"east":{"uv":[0.0,0.0,0.0,0.375],"texture":"#layer0","tintindex":0},"south":{"uv":[6.5,0.875,8.0,1.25],"texture":"#layer0","tintindex":0},"north":{"uv":[2.0,1.5,3.5,1.875],"texture":"#layer0","tintindex":0},"west":{"uv":[0.0,0.0,0.0,0.375],"texture":"#layer0","tintindex":0},"up":{"uv":[1.5,0.0,0.0,0.0],"texture":"#layer0","tintindex":0},"down":{"uv":[0.0,0.0,1.5,0.0],"texture":"#layer0","tintindex":0}}},{"name":"torso_1","from":[4.3999996,8.0,3.1999998],"to":[11.6,15.2,9.8],"rotation":{"angle":0.0,"axis":"z","origin":[8.0,8.0,8.0]},"faces":{"east":{"uv":[4.0,4.0,5.375,5.5],"texture":"#layer0","tintindex":0},"south":{"uv":[0.0,2.25,1.5,3.75],"texture":"#layer0","tintindex":0},"north":{"uv":[2.0,0.0,3.5,1.5],"texture":"#layer0","tintindex":0},"west":{"uv":[4.0,1.5,5.375,3.0],"texture":"#layer0","tintindex":0},"up":{"uv":[3.0,5.625,1.5,4.25],"texture":"#layer0","tintindex":0},"down":{"uv":[5.0,0.0,6.5,1.375],"texture":"#layer0","tintindex":0}}},{"name":"torso_2","from":[4.25,7.85,6.6499996],"to":[11.75,15.35,8.75],"rotation":{"angle":0.0,"axis":"z","origin":[8.0,8.0,8.0]},"faces":{"east":{"uv":[7.25,7.25,7.625,8.75],"texture":"#layer0","tintindex":0},"south":{"uv":[0.0,3.75,1.5,5.25],"texture":"#layer0","tintindex":0},"north":{"uv":[3.5,0.0,5.0,1.5],"texture":"#layer0","tintindex":0},"west":{"uv":[2.875,7.375,3.25,8.875],"texture":"#layer0","tintindex":0},"up":{"uv":[8.75,6.75,7.25,6.375],"texture":"#layer0","tintindex":0},"down":{"uv":[7.25,6.75,8.75,7.125],"texture":"#layer0","tintindex":0}}},{"name":"torso_3","from":[5.0,8.6,9.8],"to":[11.0,14.6,13.400001],"rotation":{"angle":0.0,"axis":"z","origin":[8.0,8.0,8.0]},"faces":{"east":{"uv":[2.25,5.625,3.0,6.875],"texture":"#layer0","tintindex":0},"south":{"uv":[5.375,5.375,6.625,6.625],"texture":"#layer0","tintindex":0},"north":{"uv":[0.0,5.25,1.25,6.5],"texture":"#layer0","tintindex":0},"west":{"uv":[6.375,3.375,7.125,4.625],"texture":"#layer0","tintindex":0},"up":{"uv":[7.625,5.375,6.375,4.625],"texture":"#layer0","tintindex":0},"down":{"uv":[0.0,6.5,1.25,7.25],"texture":"#layer0","tintindex":0}}}],"display":{"head":{"translation":[0.0,-6.4,0.0],"rotation":[0.0,0.0,0.0],"scale":[3.8095,3.8095,3.8095]},"gui":{"translation":[0.0,0.0,0.0],"rotation":[35.0,225.0,0.0],"scale":[0.625,0.625,0.625]}}}