{"file_name":"forearm","texture_size":[128,128],"textures":{"layer0":"manamodels/manawizard"},"elements":[{"name":"forearm_0","from":[4.3999996,7.4,7.4],"to":[8.0,8.6,8.6],"rotation":{"angle":0.0,"axis":"z","origin":[8.0,8.0,8.0]},"faces":{"east":{"uv":[8.875,2.0,9.125,2.25],"texture":"#layer0","tintindex":0},"south":{"uv":[6.75,2.375,7.5,2.625],"texture":"#layer0","tintindex":0},"north":{"uv":[2.375,6.75,3.125,7.0],"texture":"#layer0","tintindex":0},"west":{"uv":[2.25,8.875,2.5,9.125],"texture":"#layer0","tintindex":0},"up":{"uv":[6.625,7.0,5.875,6.75],"texture":"#layer0","tintindex":0},"down":{"uv":[6.75,6.75,7.5,7.0],"texture":"#layer0","tintindex":0}}},{"name":"forearm_1","from":[3.65546,7.343858,6.8],"to":[5.4554596,7.9438577,9.2],"rotation":{"angle":22.5,"axis":"z","origin":[3.65546,5.5438576,8.0]},"faces":{"east":{"uv":[8.875,2.375,9.375,2.5],"texture":"#layer0","tintindex":0},"south":{"uv":[9.25,4.5,9.625,4.625],"texture":"#layer0","tintindex":0},"north":{"uv":[9.25,3.375,9.625,3.5],"texture":"#layer0","tintindex":0},"west":{"uv":[8.875,2.625,9.375,2.75],"texture":"#layer0","tintindex":0},"up":{"uv":[4.375,7.125,4.0,6.625],"texture":"#layer0","tintindex":0},"down":{"uv":[1.125,6.75,1.5,7.25],"texture":"#layer0","tintindex":0}}},{"name":"forearm_2","from":[3.9554598,7.343858,6.2],"to":[5.75546,7.9438577,6.8],"rotation":{"angle":45.0,"axis":"z","origin":[4.55546,5.5438576,8.0]},"faces":{"east":{"uv":[5.875,9.5,6.0,9.625],"texture":"#layer0","tintindex":0},"south":{"uv":[9.25,6.375,9.625,6.5],"texture":"#layer0","tintindex":0},"north":{"uv":[9.25,5.75,9.625,5.875],"texture":"#layer0","tintindex":0},"west":{"uv":[9.5,6.0,9.625,6.125],"texture":"#layer0","tintindex":0},"up":{"uv":[9.625,6.75,9.25,6.625],"texture":"#layer0","tintindex":0},"down":{"uv":[6.875,9.25,7.25,9.375],"texture":"#layer0","tintindex":0}}},{"name":"forearm_3","from":[1.7666239,7.206842,7.25],"to":[2.9666238,7.806842,9.05],"rotation":{"angle":0.0,"axis":"z","origin":[8.0,8.0,8.0]},"faces":{"east":{"uv":[9.25,4.75,9.625,4.875],"texture":"#layer0","tintindex":0},"south":{"uv":[4.125,9.5,4.375,9.625],"texture":"#layer0","tintindex":0},"north":{"uv":[9.5,3.875,9.75,4.0],"texture":"#layer0","tintindex":0},"west":{"uv":[9.25,5.0,9.625,5.125],"texture":"#layer0","tintindex":0},"up":{"uv":[8.75,3.875,8.5,3.5],"texture":"#layer0","tintindex":0},"down":{"uv":[3.625,8.5,3.875,8.875],"texture":"#layer0","tintindex":0}}},{"name":"forearm_4","from":[1.6220838,6.7007,7.25],"to":[2.822084,7.3006997,9.05],"rotation":{"angle":22.5,"axis":"z","origin":[1.0220838,4.9006996,7.85]},"faces":{"east":{"uv":[9.25,5.25,9.625,5.375],"texture":"#layer0","tintindex":0},"south":{"uv":[5.5,9.5,5.75,9.625],"texture":"#layer0","tintindex":0},"north":{"uv":[9.5,4.125,9.75,4.25],"texture":"#layer0","tintindex":0},"west":{"uv":[9.25,5.5,9.625,5.625],"texture":"#layer0","tintindex":0},"up":{"uv":[4.25,8.875,4.0,8.5],"texture":"#layer0","tintindex":0},"down":{"uv":[4.375,8.5,4.625,8.875],"texture":"#layer0","tintindex":0}}}],"display":{"head":{"translation":[0.0,-6.4,0.0],"rotation":[0.0,0.0,0.0],"scale":[3.8095,3.8095,3.8095]},"gui":{"translation":[0.0,0.0,0.0],"rotation":[35.0,225.0,0.0],"scale":[0.625,0.625,0.625]}}}