{"file_name":"leg","texture_size":[128,128],"textures":{"layer0":"manamodels/manawizard"},"elements":[{"name":"leg_0","from":[7.4,4.3999996,7.4],"to":[8.6,6.2,8.6],"rotation":{"angle":0.0,"axis":"z","origin":[8.0,8.0,8.0]},"faces":{"east":{"uv":[0.75,8.25,1.0,8.625],"texture":"#layer0","tintindex":0},"south":{"uv":[1.125,8.25,1.375,8.625],"texture":"#layer0","tintindex":0},"north":{"uv":[0.375,8.25,0.625,8.625],"texture":"#layer0","tintindex":0},"west":{"uv":[1.875,8.25,2.125,8.625],"texture":"#layer0","tintindex":0},"up":{"uv":[8.875,3.25,8.625,3.0],"texture":"#layer0","tintindex":0},"down":{"uv":[8.75,0.0,9.0,0.25],"texture":"#layer0","tintindex":0}}}],"display":{"head":{"translation":[0.0,-6.4,0.0],"rotation":[0.0,0.0,0.0],"scale":[3.8095,3.8095,3.8095]},"gui":{"translation":[0.0,0.0,0.0],"rotation":[35.0,225.0,0.0],"scale":[0.625,0.625,0.625]}}}