{"file_name":"head","texture_size":[64,64],"textures":{"layer0":"manamodels/berryminion3"},"elements":[{"name":"head_0","from":[5.3,2.6,6.1637177],"to":[10.700001,8.6,6.1637177],"rotation":{"angle":0.0,"axis":"z","origin":[8.0,8.0,8.0]},"faces":{"east":{"uv":[4.25,10.0,4.25,12.0],"texture":"#layer0","tintindex":0},"south":{"uv":[6.75,3.75,8.5,4.25],"texture":"#layer0","tintindex":0},"north":{"uv":[6.5,0.0,8.75,2.5],"texture":"#layer0","tintindex":0},"west":{"uv":[10.25,0.0,10.25,2.0],"texture":"#layer0","tintindex":0},"up":{"uv":[11.75,8.25,10.0,8.25],"texture":"#layer0","tintindex":0},"down":{"uv":[10.0,8.5,11.75,8.5],"texture":"#layer0","tintindex":0}}},{"name":"head_1","from":[5.8999996,8.185436,4.6484838],"to":[10.1,10.585436,4.6484838],"rotation":{"angle":22.5,"axis":"x","origin":[8.0,4.585436,6.4484844]},"faces":{"east":{"uv":[10.25,2.25,10.25,3.25],"texture":"#layer0","tintindex":0},"south":{"uv":[6.5,7.5,8.25,8.5],"texture":"#layer0","tintindex":0},"north":{"uv":[4.5,7.0,6.25,8.0],"texture":"#layer0","tintindex":0},"west":{"uv":[10.25,3.5,10.25,4.5],"texture":"#layer0","tintindex":0},"up":{"uv":[6.25,10.25,4.5,10.25],"texture":"#layer0","tintindex":0},"down":{"uv":[10.25,4.75,12.0,4.75],"texture":"#layer0","tintindex":0}}},{"name":"head_2","from":[5.8999996,9.5626335,9.240686],"to":[10.1,11.962634,9.240686],"rotation":{"angle":-22.5,"axis":"x","origin":[8.0,5.962633,11.040687]},"faces":{"east":{"uv":[6.5,10.25,6.5,11.25],"texture":"#layer0","tintindex":0},"south":{"uv":[8.25,4.5,10.0,5.5],"texture":"#layer0","tintindex":0},"north":{"uv":[4.5,8.25,6.25,9.25],"texture":"#layer0","tintindex":0},"west":{"uv":[6.75,10.25,6.75,11.25],"texture":"#layer0","tintindex":0},"up":{"uv":[12.0,5.0,10.25,5.0],"texture":"#layer0","tintindex":0},"down":{"uv":[10.25,5.25,12.0,5.25],"texture":"#layer0","tintindex":0}}},{"name":"head_3","from":[6.5,8.0,8.0],"to":[9.5,8.6,8.0],"rotation":{"angle":0.0,"axis":"z","origin":[8.0,8.0,8.0]},"faces":{"east":{"uv":[6.5,7.0,6.5,7.25],"texture":"#layer0","tintindex":0},"south":{"uv":[8.75,0.5,10.0,0.75],"texture":"#layer0","tintindex":0},"north":{"uv":[8.75,0.0,10.0,0.25],"texture":"#layer0","tintindex":0},"west":{"uv":[10.25,8.75,10.25,9.0],"texture":"#layer0","tintindex":0},"up":{"uv":[11.5,9.25,10.25,9.25],"texture":"#layer0","tintindex":0},"down":{"uv":[1.5,10.5,2.75,10.5],"texture":"#layer0","tintindex":0}}}],"display":{"head":{"translation":[0.0,-6.4,0.0],"rotation":[0.0,0.0,0.0],"scale":[3.8095,3.8095,3.8095]},"gui":{"translation":[0.0,0.0,0.0],"rotation":[35.0,225.0,0.0],"scale":[0.625,0.625,0.625]}}}