{"file_name":"arm2","texture_size":[128,128],"textures":{"layer0":"manamodels/npc_bart_ender"},"elements":[{"name":"arm2_0","from":[8.0,1.9999998,7.4],"to":[9.2,8.6,8.6],"rotation":{"angle":0.0,"axis":"z","origin":[8.0,8.0,8.0]},"faces":{"east":{"uv":[4.875,3.125,5.125,4.5],"texture":"#layer0","tintindex":0},"south":{"uv":[5.25,0.0,5.5,1.375],"texture":"#layer0","tintindex":0},"north":{"uv":[4.875,0.0,5.125,1.375],"texture":"#layer0","tintindex":0},"west":{"uv":[5.25,3.125,5.5,4.5],"texture":"#layer0","tintindex":0},"up":{"uv":[2.625,7.875,2.375,7.625],"texture":"#layer0","tintindex":0},"down":{"uv":[2.375,7.625,2.625,7.875],"texture":"#layer0","tintindex":0}}},{"name":"arm2_1","from":[7.7,3.7999997,7.1],"to":[9.5,5.0,8.9],"rotation":{"angle":0.0,"axis":"z","origin":[8.0,8.0,8.0]},"faces":{"east":{"uv":[7.375,3.875,7.75,4.125],"texture":"#layer0","tintindex":0},"south":{"uv":[7.375,4.25,7.75,4.5],"texture":"#layer0","tintindex":0},"north":{"uv":[7.375,3.5,7.75,3.75],"texture":"#layer0","tintindex":0},"west":{"uv":[4.5,7.375,4.875,7.625],"texture":"#layer0","tintindex":0},"up":{"uv":[1.875,7.25,1.5,6.875],"texture":"#layer0","tintindex":0},"down":{"uv":[6.875,2.5,7.25,2.875],"texture":"#layer0","tintindex":0}}},{"name":"arm2_2","from":[7.7,5.6,7.1],"to":[9.5,6.8,8.9],"rotation":{"angle":0.0,"axis":"z","origin":[8.0,8.0,8.0]},"faces":{"east":{"uv":[6.25,7.25,6.625,7.5],"texture":"#layer0","tintindex":0},"south":{"uv":[0.5,7.375,0.875,7.625],"texture":"#layer0","tintindex":0},"north":{"uv":[5.75,7.25,6.125,7.5],"texture":"#layer0","tintindex":0},"west":{"uv":[1.0,7.375,1.375,7.625],"texture":"#layer0","tintindex":0},"up":{"uv":[7.125,0.875,6.75,0.5],"texture":"#layer0","tintindex":0},"down":{"uv":[6.0,6.75,6.375,7.125],"texture":"#layer0","tintindex":0}}}],"display":{"head":{"translation":[0.0,-6.4,0.0],"rotation":[0.0,0.0,0.0],"scale":[3.8095,3.8095,3.8095]},"gui":{"translation":[0.0,0.0,0.0],"rotation":[35.0,225.0,0.0],"scale":[0.625,0.625,0.625]}}}