{"file_name":"arm4","texture_size":[128,128],"textures":{"layer0":"manamodels/npc_bart_ender"},"elements":[{"name":"arm4_0","from":[6.8,1.9999998,7.4],"to":[8.0,8.6,8.6],"rotation":{"angle":0.0,"axis":"z","origin":[8.0,8.0,8.0]},"faces":{"east":{"uv":[5.5,3.125,5.25,4.5],"texture":"#layer0","tintindex":0},"south":{"uv":[5.5,0.0,5.25,1.375],"texture":"#layer0","tintindex":0},"north":{"uv":[5.125,0.0,4.875,1.375],"texture":"#layer0","tintindex":0},"west":{"uv":[5.125,3.125,4.875,4.5],"texture":"#layer0","tintindex":0},"up":{"uv":[2.375,7.875,2.625,7.625],"texture":"#layer0","tintindex":0},"down":{"uv":[2.625,7.625,2.375,7.875],"texture":"#layer0","tintindex":0}}},{"name":"arm4_1","from":[6.5,3.7999997,7.1],"to":[8.3,5.0,8.9],"rotation":{"angle":0.0,"axis":"z","origin":[8.0,8.0,8.0]},"faces":{"east":{"uv":[4.875,7.375,4.5,7.625],"texture":"#layer0","tintindex":0},"south":{"uv":[7.75,4.25,7.375,4.5],"texture":"#layer0","tintindex":0},"north":{"uv":[7.75,3.5,7.375,3.75],"texture":"#layer0","tintindex":0},"west":{"uv":[7.75,3.875,7.375,4.125],"texture":"#layer0","tintindex":0},"up":{"uv":[1.5,7.25,1.875,6.875],"texture":"#layer0","tintindex":0},"down":{"uv":[7.25,2.5,6.875,2.875],"texture":"#layer0","tintindex":0}}},{"name":"arm4_2","from":[6.5,5.6,7.1],"to":[8.3,6.8,8.9],"rotation":{"angle":0.0,"axis":"z","origin":[8.0,8.0,8.0]},"faces":{"east":{"uv":[1.375,7.375,1.0,7.625],"texture":"#layer0","tintindex":0},"south":{"uv":[0.875,7.375,0.5,7.625],"texture":"#layer0","tintindex":0},"north":{"uv":[6.125,7.25,5.75,7.5],"texture":"#layer0","tintindex":0},"west":{"uv":[6.625,7.25,6.25,7.5],"texture":"#layer0","tintindex":0},"up":{"uv":[6.75,0.875,7.125,0.5],"texture":"#layer0","tintindex":0},"down":{"uv":[6.375,6.75,6.0,7.125],"texture":"#layer0","tintindex":0}}}],"display":{"head":{"translation":[0.0,-6.4,0.0],"rotation":[0.0,0.0,0.0],"scale":[3.8095,3.8095,3.8095]},"gui":{"translation":[0.0,0.0,0.0],"rotation":[35.0,225.0,0.0],"scale":[0.625,0.625,0.625]}}}