{"display":{"thirdperson_righthand":{"rotation":[75,45,0],"translation":[0,2.5,0],"scale":[0.375,0.375,0.375]},"thirdperson_lefthand":{"rotation":[75,45,0],"translation":[0,2.5,0],"scale":[0.375,0.375,0.375]},"firstperson_righthand":{"rotation":[0,117,0],"translation":[2.25,0,0],"scale":[0.4,0.4,0.4]},"firstperson_lefthand":{"rotation":[0,117,0],"translation":[2.25,0,0],"scale":[0.4,0.4,0.4]},"ground":{"translation":[0,3,0],"scale":[0.5,0.5,0.5]},"gui":{"rotation":[30,225,0],"translation":[-0.5,-2.25,0]},"head":{"translation":[0,1,0.5],"scale":[1.6,1.6,1.6]},"fixed":{"translation":[0,-1,0]}},"texture_size":[32,32],"textures":{"0":"crates/mario_crate/marios_hat","particle":"crates/mario_crate/marios_hat"},"elements":[{"from":[3,8.5,3.25],"to":[13,11.5,12.25],"rotation":{"angle":0,"axis":"y","origin":[8.5,0.5,4.5]},"faces":{"north":{"uv":[10.5,1.5,15.5,3],"texture":"#0"},"east":{"uv":[10.5,7.5,15,9],"texture":"#0"},"south":{"uv":[10.5,3,15.5,4.5],"texture":"#0"},"west":{"uv":[10,10.5,14.5,12],"texture":"#0"},"up":{"uv":[10.5,4.5,5.5,0],"texture":"#0"},"down":{"uv":[10.5,4.5,5.5,9],"texture":"#0"}}},{"from":[2.5,10.5,2.35],"to":[13.5,13.5,12.35],"rotation":{"angle":0,"axis":"y","origin":[8,0.5,4.5]},"faces":{"north":{"uv":[10,9,15.5,10.5],"texture":"#0"},"east":{"uv":[10.5,4.5,15.5,6],"texture":"#0"},"south":{"uv":[10.5,0,16,1.5],"texture":"#0"},"west":{"uv":[10.5,6,15.5,7.5],"texture":"#0"},"up":{"uv":[5.5,5,0,0],"texture":"#0"},"down":{"uv":[5.5,5,0,10],"texture":"#0"}}},{"from":[3.5,7.5,1.25],"to":[12.5,9.5,5.25],"rotation":{"angle":-22.5,"axis":"x","origin":[8,8.5,2.25]},"faces":{"north":{"uv":[4.5,11,9,12],"texture":"#0"},"east":{"uv":[4.5,12,6.5,13],"texture":"#0"},"south":{"uv":[0,12,4.5,13],"texture":"#0"},"west":{"uv":[6.5,12,8.5,13],"texture":"#0"},"up":{"uv":[10,11,5.5,9],"texture":"#0"},"down":{"uv":[4.5,10,0,12],"texture":"#0"}}}]}