{"display":{"thirdperson_righthand":{"rotation":[75,45,0],"translation":[0,3.75,4.75],"scale":[0.65,0.65,0.65]},"thirdperson_lefthand":{"rotation":[75,45,0],"translation":[0,3.75,4.75],"scale":[0.65,0.65,0.65]},"firstperson_righthand":{"rotation":[0,45,0],"translation":[4,4.75,-1.25],"scale":[0.65,0.65,0.65]},"firstperson_lefthand":{"rotation":[0,225,0],"scale":[0.4,0.4,0.4]},"ground":{"translation":[0,3,0],"scale":[0.65,0.65,0.65]},"gui":{"rotation":[30,225,0],"translation":[0,11,0],"scale":[2,2,2]},"head":{"translation":[0,19.75,0],"scale":[1.7,1.7,1.7]},"fixed":{"rotation":[0,23,0],"translation":[0,9.5,-4.75],"scale":[1.5,1.5,1.5]}},"textures":{"0":"crates/mario_crate/peach_crown","particle":"crates/mario_crate/peach_crown"},"elements":[{"from":[5.5,0,5.5],"to":[10.5,5,5.5],"rotation":{"angle":0,"axis":"y","origin":[7.5,0,0]},"faces":{"north":{"uv":[0,0,5,5],"texture":"#0"},"east":{"uv":[0,0,0,5],"texture":"#0"},"south":{"uv":[0,0,5,5],"texture":"#0"},"west":{"uv":[0,0,0,5],"texture":"#0"},"up":{"uv":[5,0,0,0],"texture":"#0"},"down":{"uv":[5,0,0,0],"texture":"#0"}}},{"from":[5.5,0,10.5],"to":[10.5,5,10.5],"rotation":{"angle":0,"axis":"y","origin":[7.5,0,16]},"faces":{"north":{"uv":[5,0,0,5],"texture":"#0"},"east":{"uv":[0,0,0,5],"texture":"#0"},"south":{"uv":[5,0,0,5],"texture":"#0"},"west":{"uv":[0,0,0,5],"texture":"#0"},"up":{"uv":[5,0,0,0],"texture":"#0"},"down":{"uv":[5,0,0,0],"texture":"#0"}}},{"from":[5.5,0,5.5],"to":[5.5,5,10.5],"rotation":{"angle":0,"axis":"y","origin":[7.5,0,0]},"faces":{"north":{"uv":[0,0,0,5],"texture":"#0"},"east":{"uv":[6.5,6,11.5,11],"texture":"#0"},"south":{"uv":[0,0,0,5],"texture":"#0"},"west":{"uv":[6.5,6,11.5,11],"texture":"#0"},"up":{"uv":[0,5,0,0],"texture":"#0"},"down":{"uv":[0,0,0,5],"texture":"#0"}}},{"from":[10.5,0,5.5],"to":[10.5,5,10.5],"rotation":{"angle":0,"axis":"y","origin":[8.5,0,0]},"faces":{"north":{"uv":[0,0,0,5],"texture":"#0"},"east":{"uv":[11.5,6,6.5,11],"texture":"#0"},"south":{"uv":[0,0,0,5],"texture":"#0"},"west":{"uv":[11.5,6,6.5,11],"texture":"#0"},"up":{"uv":[0,5,0,0],"texture":"#0"},"down":{"uv":[0,0,0,5],"texture":"#0"}}}],"gui_light":"front"}