{"display":{"thirdperson_righthand":{"rotation":[0,90,0],"translation":[-0.5,1.75,1],"scale":[0.8,0.8,0.8]},"thirdperson_lefthand":{"rotation":[0,90,0],"translation":[-0.5,2,1],"scale":[0.8,0.8,0.8]},"firstperson_righthand":{"rotation":[0,101,0],"translation":[0,0.5,0],"scale":[0.6,0.6,0.6]},"firstperson_lefthand":{"rotation":[0,101,0],"translation":[0,0.5,0],"scale":[0.6,0.6,0.6]},"ground":{"translation":[0,3.25,0]},"gui":{"rotation":[0,28.75,0],"translation":[0,-1,0],"scale":[0.9,0.9,0.9]}},"texture_size":[32,32],"textures":{"0":"crates/mario_crate/super_pickaxe","particle":"crates/mario_crate/super_pickaxe"},"elements":[{"from":[6,1.5,6.5],"to":[10,16,10.5],"rotation":{"angle":0,"axis":"y","origin":[8.5,0,0]},"faces":{"north":{"uv":[1.5,0,0,7],"texture":"#0"},"east":{"uv":[0,0,1.5,7],"texture":"#0"},"south":{"uv":[1.5,0,0,7],"texture":"#0"},"west":{"uv":[0,0,1.5,7],"texture":"#0"},"up":{"uv":[12.5,8.5,11,7],"texture":"#0"},"down":{"uv":[12.5,8.5,11,10],"texture":"#0"}}},{"from":[-1.25,10.75,7.5],"to":[2.75,13.75,9.5],"rotation":{"angle":45,"axis":"z","origin":[1,12.75,8]},"faces":{"north":{"uv":[11,1.5,13,3],"texture":"#0"},"east":{"uv":[6.5,12,7.5,13.5],"texture":"#0"},"south":{"uv":[13,1.5,11,3],"texture":"#0"},"west":{"uv":[2,12.5,3,14],"texture":"#0"},"up":{"uv":[12.5,13,10.5,12],"texture":"#0"},"down":{"uv":[2,12.5,0,13.5],"texture":"#0"}}},{"from":[1.5,10.75,7],"to":[6.5,14.75,10],"rotation":{"angle":0,"axis":"y","origin":[7.5,1,0]},"faces":{"north":{"uv":[8.5,6.5,11,8.5],"texture":"#0"},"east":{"uv":[11,3,12.5,5],"texture":"#0"},"south":{"uv":[11,6.5,8.5,8.5],"texture":"#0"},"west":{"uv":[11,5,12.5,7],"texture":"#0"},"up":{"uv":[2.5,11.5,0,10],"texture":"#0"},"down":{"uv":[7.5,10.5,5,12],"texture":"#0"}}},{"from":[5,9,5.5],"to":[11,15,11.5],"rotation":{"angle":0,"axis":"y","origin":[8.5,1,0]},"faces":{"north":{"uv":[6,0,8.5,3],"texture":"#0"},"east":{"uv":[6,3,8.5,6],"texture":"#0"},"south":{"uv":[6,0,8.5,3],"texture":"#0"},"west":{"uv":[0,7,2.5,10],"texture":"#0"},"up":{"uv":[5,9.5,2.5,7],"texture":"#0"},"down":{"uv":[11,0,8.5,2.5],"texture":"#0"}}},{"from":[9.5,10.75,7],"to":[14.5,14.75,10],"rotation":{"angle":0,"axis":"y","origin":[8.5,1,0]},"faces":{"north":{"uv":[11,6.5,8.5,8.5],"texture":"#0"},"east":{"uv":[12.5,5,11,7],"texture":"#0"},"south":{"uv":[8.5,6.5,11,8.5],"texture":"#0"},"west":{"uv":[12.5,3,11,5],"texture":"#0"},"up":{"uv":[0,11.5,2.5,10],"texture":"#0"},"down":{"uv":[5,10.5,7.5,12],"texture":"#0"}}},{"from":[13.25,10.75,7.5],"to":[17.25,13.75,9.5],"rotation":{"angle":-45,"axis":"z","origin":[15,12.75,8]},"faces":{"north":{"uv":[13,1.5,11,3],"texture":"#0"},"east":{"uv":[3,12.5,2,14],"texture":"#0"},"south":{"uv":[11,1.5,13,3],"texture":"#0"},"west":{"uv":[7.5,12,6.5,13.5],"texture":"#0"},"up":{"uv":[10.5,13,12.5,12],"texture":"#0"},"down":{"uv":[0,12.5,2,13.5],"texture":"#0"}}}]}