{"file_name":"sign4","texture_size":[256,256],"textures":{"layer0":"manamodels/sign_crates_left"},"elements":[{"name":"sign4_0","from":[-16.0,3.199997,8.0],"to":[0.8000021,32.0,8.045],"rotation":{"angle":0.0,"axis":"z","origin":[17.600002,3.199997,8.0]},"faces":{"east":{"uv":[0.0,6.125,0.0,9.125],"texture":"#layer0","tintindex":0},"south":{"uv":[7.125,0.0,5.375,3.0],"texture":"#layer0","tintindex":0},"north":{"uv":[5.375,0.0,7.125,3.0],"texture":"#layer0","tintindex":0},"west":{"uv":[0.0625,6.125,0.0625,9.125],"texture":"#layer0","tintindex":0},"up":{"uv":[14.125,6.125,0.125,6.125],"texture":"#layer0","tintindex":0},"down":{"uv":[0.125,6.1875,14.125,6.1875],"texture":"#layer0","tintindex":0}}}],"display":{"head":{"translation":[-36.57121,11.8856125,0.0],"rotation":[0.0,0.0,0.0],"scale":[3.8095,3.8095,3.8095]},"gui":{"translation":[0.0,0.0,0.0],"rotation":[35.0,225.0,0.0],"scale":[0.625,0.625,0.625]}}}