{"file_name":"head","texture_size":[256,256],"textures":{"layer0":"manamodels/enchanter"},"elements":[{"name":"head_0","from":[5.770112,7.953933,5.0],"to":[10.570112,12.753933,9.8],"rotation":{"angle":0.0,"axis":"z","origin":[8.0,8.0,8.0]},"faces":{"east":{"uv":[4.1875,3.8125,4.6875,4.3125],"texture":"#layer0","tintindex":0},"south":{"uv":[4.25,2.4375,4.75,2.9375],"texture":"#layer0","tintindex":0},"north":{"uv":[4.0625,1.875,4.5625,2.375],"texture":"#layer0","tintindex":0},"west":{"uv":[2.875,4.25,3.375,4.75],"texture":"#layer0","tintindex":0},"up":{"uv":[4.8125,3.5,4.3125,3.0],"texture":"#layer0","tintindex":0},"down":{"uv":[3.4375,4.375,3.9375,4.875],"texture":"#layer0","tintindex":0}}},{"name":"head_1","from":[5.470112,8.853933,4.43],"to":[10.870111,10.053933,4.43],"rotation":{"angle":0.0,"axis":"z","origin":[8.0,8.0,8.0]},"faces":{"east":{"uv":[3.3125,6.0,3.3125,6.125],"texture":"#layer0","tintindex":0},"south":{"uv":[6.875,1.625,7.4375,1.75],"texture":"#layer0","tintindex":0},"north":{"uv":[6.625,6.8125,7.1875,6.9375],"texture":"#layer0","tintindex":0},"west":{"uv":[4.4375,6.0625,4.4375,6.1875],"texture":"#layer0","tintindex":0},"up":{"uv":[7.9375,3.5,7.375,3.5],"texture":"#layer0","tintindex":0},"down":{"uv":[7.375,5.25,7.9375,5.25],"texture":"#layer0","tintindex":0}}},{"name":"head_2","from":[10.870111,8.853933,4.43],"to":[10.870111,10.053933,8.030001],"rotation":{"angle":0.0,"axis":"z","origin":[8.0,8.0,8.0]},"faces":{"east":{"uv":[7.0625,6.5,7.4375,6.625],"texture":"#layer0","tintindex":0},"south":{"uv":[3.125,7.0,3.125,7.125],"texture":"#layer0","tintindex":0},"north":{"uv":[1.375,6.75,1.375,6.875],"texture":"#layer0","tintindex":0},"west":{"uv":[7.0625,7.0,7.4375,7.125],"texture":"#layer0","tintindex":0},"up":{"uv":[3.25,7.8125,3.25,7.4375],"texture":"#layer0","tintindex":0},"down":{"uv":[3.3125,7.4375,3.3125,7.8125],"texture":"#layer0","tintindex":0}}},{"name":"head_3","from":[5.470112,8.853933,4.43],"to":[5.470112,10.053933,8.030001],"rotation":{"angle":0.0,"axis":"z","origin":[8.0,8.0,8.0]},"faces":{"east":{"uv":[7.125,1.25,7.5,1.375],"texture":"#layer0","tintindex":0},"south":{"uv":[7.375,5.75,7.375,5.875],"texture":"#layer0","tintindex":0},"north":{"uv":[7.375,5.3125,7.375,5.4375],"texture":"#layer0","tintindex":0},"west":{"uv":[7.125,1.4375,7.5,1.5625],"texture":"#layer0","tintindex":0},"up":{"uv":[3.375,7.8125,3.375,7.4375],"texture":"#layer0","tintindex":0},"down":{"uv":[3.625,7.4375,3.625,7.8125],"texture":"#layer0","tintindex":0}}},{"name":"head_4","from":[7.870112,7.953933,4.325],"to":[8.470112,9.153933,9.125],"rotation":{"angle":22.5,"axis":"x","origin":[8.170112,8.553933,6.725]},"faces":{"east":{"uv":[6.9375,3.75,7.4375,3.875],"texture":"#layer0","tintindex":0},"south":{"uv":[5.0,7.0,5.0625,7.125],"texture":"#layer0","tintindex":0},"north":{"uv":[4.125,6.75,4.1875,6.875],"texture":"#layer0","tintindex":0},"west":{"uv":[6.9375,5.5625,7.4375,5.6875],"texture":"#layer0","tintindex":0},"up":{"uv":[1.3125,7.5625,1.25,7.0625],"texture":"#layer0","tintindex":0},"down":{"uv":[7.25,4.9375,7.3125,5.4375],"texture":"#layer0","tintindex":0}}},{"name":"head_5","from":[5.1701117,5.553933,9.8],"to":[11.170113,8.553933,11.0],"rotation":{"angle":0.0,"axis":"z","origin":[8.0,8.0,8.0]},"faces":{"east":{"uv":[4.375,7.1875,4.5,7.5],"texture":"#layer0","tintindex":0},"south":{"uv":[4.875,3.1875,5.5,3.5],"texture":"#layer0","tintindex":0},"north":{"uv":[4.875,2.8125,5.5,3.125],"texture":"#layer0","tintindex":0},"west":{"uv":[5.9375,7.1875,6.0625,7.5],"texture":"#layer0","tintindex":0},"up":{"uv":[7.3125,6.4375,6.6875,6.3125],"texture":"#layer0","tintindex":0},"down":{"uv":[6.75,4.25,7.375,4.375],"texture":"#layer0","tintindex":0}}},{"name":"head_6","from":[5.170112,6.753933,7.4],"to":[5.770112,9.153933,9.8],"rotation":{"angle":0.0,"axis":"z","origin":[8.0,8.0,8.0]},"faces":{"east":{"uv":[0.4375,5.8125,0.6875,6.0625],"texture":"#layer0","tintindex":0},"south":{"uv":[1.875,5.0625,1.9375,5.3125],"texture":"#layer0","tintindex":0},"north":{"uv":[2.0,4.5,2.0625,4.75],"texture":"#layer0","tintindex":0},"west":{"uv":[6.875,3.125,7.125,3.375],"texture":"#layer0","tintindex":0},"up":{"uv":[0.3125,7.5625,0.25,7.3125],"texture":"#layer0","tintindex":0},"down":{"uv":[0.375,7.3125,0.4375,7.5625],"texture":"#layer0","tintindex":0}}},{"name":"head_7","from":[10.570112,6.753933,7.4],"to":[11.170113,9.153933,9.8],"rotation":{"angle":0.0,"axis":"z","origin":[8.0,8.0,8.0]},"faces":{"east":{"uv":[7.125,3.125,6.875,3.375],"texture":"#layer0","tintindex":0},"south":{"uv":[1.9375,5.0625,1.875,5.3125],"texture":"#layer0","tintindex":0},"north":{"uv":[2.0625,4.5,2.0,4.75],"texture":"#layer0","tintindex":0},"west":{"uv":[0.6875,5.8125,0.4375,6.0625],"texture":"#layer0","tintindex":0},"up":{"uv":[0.25,7.5625,0.3125,7.3125],"texture":"#layer0","tintindex":0},"down":{"uv":[0.4375,7.3125,0.375,7.5625],"texture":"#layer0","tintindex":0}}},{"name":"head_8","from":[5.170112,6.1539326,5.0],"to":[5.770112,8.553933,7.4],"rotation":{"angle":0.0,"axis":"z","origin":[8.0,8.0,8.0]},"faces":{"east":{"uv":[6.875,3.4375,7.125,3.6875],"texture":"#layer0","tintindex":0},"south":{"uv":[0.625,7.3125,0.6875,7.5625],"texture":"#layer0","tintindex":0},"north":{"uv":[0.5,7.3125,0.5625,7.5625],"texture":"#layer0","tintindex":0},"west":{"uv":[6.875,4.4375,7.125,4.6875],"texture":"#layer0","tintindex":0},"up":{"uv":[0.8125,7.5625,0.75,7.3125],"texture":"#layer0","tintindex":0},"down":{"uv":[0.875,7.3125,0.9375,7.5625],"texture":"#layer0","tintindex":0}}},{"name":"head_9","from":[10.570112,6.1539326,5.0],"to":[11.170113,8.553933,7.4],"rotation":{"angle":0.0,"axis":"z","origin":[8.0,8.0,8.0]},"faces":{"east":{"uv":[7.125,4.4375,6.875,4.6875],"texture":"#layer0","tintindex":0},"south":{"uv":[0.6875,7.3125,0.625,7.5625],"texture":"#layer0","tintindex":0},"north":{"uv":[0.5625,7.3125,0.5,7.5625],"texture":"#layer0","tintindex":0},"west":{"uv":[7.125,3.4375,6.875,3.6875],"texture":"#layer0","tintindex":0},"up":{"uv":[0.75,7.5625,0.8125,7.3125],"texture":"#layer0","tintindex":0},"down":{"uv":[0.9375,7.3125,0.875,7.5625],"texture":"#layer0","tintindex":0}}},{"name":"head_10","from":[5.7851124,5.5533094,4.4031377],"to":[10.555113,8.553309,5.603138],"rotation":{"angle":22.5,"axis":"x","origin":[8.170112,6.453308,4.703138]},"faces":{"east":{"uv":[6.125,7.1875,6.25,7.5],"texture":"#layer0","tintindex":0},"south":{"uv":[2.75,6.0,3.25,6.3125],"texture":"#layer0","tintindex":0},"north":{"uv":[5.9375,1.75,6.4375,2.0625],"texture":"#layer0","tintindex":0},"west":{"uv":[6.3125,7.1875,6.4375,7.5],"texture":"#layer0","tintindex":0},"up":{"uv":[7.375,1.9375,6.875,1.8125],"texture":"#layer0","tintindex":0},"down":{"uv":[6.875,4.75,7.375,4.875],"texture":"#layer0","tintindex":0}}},{"name":"head_11","from":[6.055112,4.5366206,4.081562],"to":[10.255112,5.736621,5.881562],"rotation":{"angle":0.0,"axis":"z","origin":[8.0,8.0,8.0]},"faces":{"east":{"uv":[1.25,5.5625,1.4375,5.6875],"texture":"#layer0","tintindex":0},"south":{"uv":[6.5625,7.0,7.0,7.125],"texture":"#layer0","tintindex":0},"north":{"uv":[4.1875,7.0,4.625,7.125],"texture":"#layer0","tintindex":0},"west":{"uv":[5.125,7.25,5.3125,7.375],"texture":"#layer0","tintindex":0},"up":{"uv":[7.0,6.0,6.5625,5.8125],"texture":"#layer0","tintindex":0},"down":{"uv":[6.625,1.375,7.0625,1.5625],"texture":"#layer0","tintindex":0}}},{"name":"head_12","from":[6.6551123,3.3366206,4.381562],"to":[9.655112,4.5366206,5.581562],"rotation":{"angle":0.0,"axis":"z","origin":[8.0,8.0,8.0]},"faces":{"east":{"uv":[4.25,6.4375,4.375,6.5625],"texture":"#layer0","tintindex":0},"south":{"uv":[6.25,2.5625,6.5625,2.6875],"texture":"#layer0","tintindex":0},"north":{"uv":[1.25,4.3125,1.5625,4.4375],"texture":"#layer0","tintindex":0},"west":{"uv":[7.3125,0.375,7.4375,0.5],"texture":"#layer0","tintindex":0},"up":{"uv":[7.5,2.5,7.1875,2.375],"texture":"#layer0","tintindex":0},"down":{"uv":[7.1875,3.5625,7.5,3.6875],"texture":"#layer0","tintindex":0}}},{"name":"head_13","from":[6.955112,0.9366205,4.081562],"to":[9.355112,2.7366204,5.881562],"rotation":{"angle":0.0,"axis":"z","origin":[8.0,8.0,8.0]},"faces":{"east":{"uv":[1.4375,6.4375,1.625,6.625],"texture":"#layer0","tintindex":0},"south":{"uv":[7.0625,2.5625,7.3125,2.75],"texture":"#layer0","tintindex":0},"north":{"uv":[7.0625,1.0,7.3125,1.1875],"texture":"#layer0","tintindex":0},"west":{"uv":[7.1875,4.4375,7.375,4.625],"texture":"#layer0","tintindex":0},"up":{"uv":[5.875,7.25,5.625,7.0625],"texture":"#layer0","tintindex":0},"down":{"uv":[7.0625,5.75,7.3125,5.9375],"texture":"#layer0","tintindex":0}}},{"name":"head_14","from":[7.255112,-0.26337957,4.381562],"to":[9.055112,3.3366206,5.581562],"rotation":{"angle":0.0,"axis":"z","origin":[8.0,8.0,8.0]},"faces":{"east":{"uv":[5.4375,6.9375,5.5625,7.3125],"texture":"#layer0","tintindex":0},"south":{"uv":[6.0,6.75,6.1875,7.125],"texture":"#layer0","tintindex":0},"north":{"uv":[1.25,5.125,1.4375,5.5],"texture":"#layer0","tintindex":0},"west":{"uv":[2.9375,7.0,3.0625,7.375],"texture":"#layer0","tintindex":0},"up":{"uv":[7.4375,7.3125,7.25,7.1875],"texture":"#layer0","tintindex":0},"down":{"uv":[0.0,7.3125,0.1875,7.4375],"texture":"#layer0","tintindex":0}}},{"name":"head_15","from":[7.255112,-1.4633799,4.981562],"to":[9.055112,-0.26337957,4.981562],"rotation":{"angle":0.0,"axis":"z","origin":[8.0,8.0,8.0]},"faces":{"east":{"uv":[4.8125,2.8125,4.8125,2.9375],"texture":"#layer0","tintindex":0},"south":{"uv":[7.3125,0.1875,7.5,0.3125],"texture":"#layer0","tintindex":0},"north":{"uv":[7.3125,0.0,7.5,0.125],"texture":"#layer0","tintindex":0},"west":{"uv":[5.3125,4.5625,5.3125,4.6875],"texture":"#layer0","tintindex":0},"up":{"uv":[3.5625,5.625,3.375,5.625],"texture":"#layer0","tintindex":0},"down":{"uv":[5.625,6.6875,5.8125,6.6875],"texture":"#layer0","tintindex":0}}},{"name":"head_16","from":[6.055112,5.736622,5.281562],"to":[10.255112,6.9366217,5.8815618],"rotation":{"angle":0.0,"axis":"z","origin":[8.0,8.0,8.0]},"faces":{"east":{"uv":[3.5,3.625,3.5625,3.75],"texture":"#layer0","tintindex":0},"south":{"uv":[7.0625,0.8125,7.5,0.9375],"texture":"#layer0","tintindex":0},"north":{"uv":[7.0625,0.625,7.5,0.75],"texture":"#layer0","tintindex":0},"west":{"uv":[3.1875,6.375,3.25,6.5],"texture":"#layer0","tintindex":0},"up":{"uv":[7.6875,4.1875,7.25,4.125],"texture":"#layer0","tintindex":0},"down":{"uv":[7.25,6.8125,7.6875,6.875],"texture":"#layer0","tintindex":0}}},{"name":"head_17","from":[6.3701124,6.1539326,4.3999996],"to":[7.570112,8.553933,5.0],"rotation":{"angle":0.0,"axis":"z","origin":[8.0,8.0,8.0]},"faces":{"east":{"uv":[1.0,7.3125,1.0625,7.5625],"texture":"#layer0","tintindex":0},"south":{"uv":[4.5625,7.25,4.6875,7.5],"texture":"#layer0","tintindex":0},"north":{"uv":[5.5625,3.25,5.6875,3.5],"texture":"#layer0","tintindex":0},"west":{"uv":[1.125,7.3125,1.1875,7.5625],"texture":"#layer0","tintindex":0},"up":{"uv":[5.3125,1.8125,5.1875,1.75],"texture":"#layer0","tintindex":0},"down":{"uv":[6.5,2.0,6.625,2.0625],"texture":"#layer0","tintindex":0}}},{"name":"head_18","from":[6.970112,8.553933,4.3999996],"to":[9.370111,9.153933,5.0],"rotation":{"angle":0.0,"axis":"z","origin":[8.0,8.0,8.0]},"faces":{"east":{"uv":[2.875,5.375,2.9375,5.4375],"texture":"#layer0","tintindex":0},"south":{"uv":[5.9375,2.125,6.1875,2.1875],"texture":"#layer0","tintindex":0},"north":{"uv":[5.0,5.4375,5.25,5.5],"texture":"#layer0","tintindex":0},"west":{"uv":[2.75,5.875,2.8125,5.9375],"texture":"#layer0","tintindex":0},"up":{"uv":[6.3125,3.1875,6.0625,3.125],"texture":"#layer0","tintindex":0},"down":{"uv":[6.1875,1.625,6.4375,1.6875],"texture":"#layer0","tintindex":0}}},{"name":"head_19","from":[8.770112,6.1539326,4.3999996],"to":[9.970112,8.553933,5.0],"rotation":{"angle":0.0,"axis":"z","origin":[8.0,8.0,8.0]},"faces":{"east":{"uv":[1.375,7.3125,1.4375,7.5625],"texture":"#layer0","tintindex":0},"south":{"uv":[4.9375,7.25,5.0625,7.5],"texture":"#layer0","tintindex":0},"north":{"uv":[4.75,7.25,4.875,7.5],"texture":"#layer0","tintindex":0},"west":{"uv":[1.5,7.3125,1.5625,7.5625],"texture":"#layer0","tintindex":0},"up":{"uv":[3.75,7.375,3.625,7.3125],"texture":"#layer0","tintindex":0},"down":{"uv":[5.625,7.3125,5.75,7.375],"texture":"#layer0","tintindex":0}}},{"name":"head_20","from":[5.770112,8.553933,9.8],"to":[10.570112,10.353933,10.4],"rotation":{"angle":0.0,"axis":"z","origin":[8.0,8.0,8.0]},"faces":{"east":{"uv":[5.875,5.3125,5.9375,5.5],"texture":"#layer0","tintindex":0},"south":{"uv":[6.375,3.75,6.875,3.9375],"texture":"#layer0","tintindex":0},"north":{"uv":[4.75,4.125,5.25,4.3125],"texture":"#layer0","tintindex":0},"west":{"uv":[3.75,6.1875,3.8125,6.375],"texture":"#layer0","tintindex":0},"up":{"uv":[7.5625,6.75,7.0625,6.6875],"texture":"#layer0","tintindex":0},"down":{"uv":[7.1875,6.1875,7.6875,6.25],"texture":"#layer0","tintindex":0}}},{"name":"head_21","from":[5.1701117,0.7539327,10.4],"to":[11.170113,5.553933,10.4],"rotation":{"angle":0.0,"axis":"z","origin":[8.0,8.0,8.0]},"faces":{"east":{"uv":[4.125,7.25,4.125,7.75],"texture":"#layer0","tintindex":0},"south":{"uv":[3.5,3.8125,4.125,4.3125],"texture":"#layer0","tintindex":0},"north":{"uv":[3.625,3.25,4.25,3.75],"texture":"#layer0","tintindex":0},"west":{"uv":[5.375,7.25,5.375,7.75],"texture":"#layer0","tintindex":0},"up":{"uv":[7.8125,4.6875,7.1875,4.6875],"texture":"#layer0","tintindex":0},"down":{"uv":[7.25,5.5,7.875,5.5],"texture":"#layer0","tintindex":0}}},{"name":"head_22","from":[4.749224,8.067488,7.7],"to":[5.949224,11.067488,10.700001],"rotation":{"angle":-22.5,"axis":"z","origin":[5.049224,8.067488,6.5]},"faces":{"east":{"uv":[1.25,3.9375,1.5625,4.25],"texture":"#layer0","tintindex":0},"south":{"uv":[7.1875,2.8125,7.3125,3.125],"texture":"#layer0","tintindex":0},"north":{"uv":[7.1875,2.0,7.3125,2.3125],"texture":"#layer0","tintindex":0},"west":{"uv":[5.875,6.375,6.1875,6.6875],"texture":"#layer0","tintindex":0},"up":{"uv":[7.3125,3.5,7.1875,3.1875],"texture":"#layer0","tintindex":0},"down":{"uv":[4.1875,7.1875,4.3125,7.5],"texture":"#layer0","tintindex":0}}},{"name":"head_23","from":[10.391001,8.067488,7.7],"to":[11.591001,11.067488,10.700001],"rotation":{"angle":22.5,"axis":"z","origin":[11.291,8.067488,6.5]},"faces":{"east":{"uv":[6.1875,6.375,5.875,6.6875],"texture":"#layer0","tintindex":0},"south":{"uv":[7.3125,2.8125,7.1875,3.125],"texture":"#layer0","tintindex":0},"north":{"uv":[7.3125,2.0,7.1875,2.3125],"texture":"#layer0","tintindex":0},"west":{"uv":[1.5625,3.9375,1.25,4.25],"texture":"#layer0","tintindex":0},"up":{"uv":[7.1875,3.5,7.3125,3.1875],"texture":"#layer0","tintindex":0},"down":{"uv":[4.3125,7.1875,4.1875,7.5],"texture":"#layer0","tintindex":0}}},{"name":"head_24","from":[5.470112,10.803933,4.7],"to":[10.870111,13.203933,10.1],"rotation":{"angle":0.0,"axis":"z","origin":[8.0,8.0,8.0]},"faces":{"east":{"uv":[5.625,6.0625,6.1875,6.3125],"texture":"#layer0","tintindex":0},"south":{"uv":[0.4375,6.125,1.0,6.375],"texture":"#layer0","tintindex":0},"north":{"uv":[5.0,6.0625,5.5625,6.3125],"texture":"#layer0","tintindex":0},"west":{"uv":[1.0625,6.125,1.625,6.375],"texture":"#layer0","tintindex":0},"up":{"uv":[4.1875,3.1875,3.625,2.625],"texture":"#layer0","tintindex":0},"down":{"uv":[2.875,3.625,3.4375,4.1875],"texture":"#layer0","tintindex":0}}},{"name":"head_25","from":[5.816419,12.079341,5.3],"to":[10.016419,14.479341,9.5],"rotation":{"angle":22.5,"axis":"z","origin":[7.91642,13.279341,7.4]},"faces":{"east":{"uv":[2.1875,6.375,2.625,6.625],"texture":"#layer0","tintindex":0},"south":{"uv":[2.6875,6.375,3.125,6.625],"texture":"#layer0","tintindex":0},"north":{"uv":[1.6875,6.375,2.125,6.625],"texture":"#layer0","tintindex":0},"west":{"uv":[6.375,3.125,6.8125,3.375],"texture":"#layer0","tintindex":0},"up":{"uv":[1.1875,5.5625,0.75,5.125],"texture":"#layer0","tintindex":0},"down":{"uv":[5.1875,0.75,5.625,1.1875],"texture":"#layer0","tintindex":0}}},{"name":"head_26","from":[5.21642,13.279341,6.95],"to":[8.816421,15.67934,10.55],"rotation":{"angle":22.5,"axis":"z","origin":[7.91642,13.279341,7.4]},"faces":{"east":{"uv":[6.625,1.0625,7.0,1.3125],"texture":"#layer0","tintindex":0},"south":{"uv":[6.625,2.5625,7.0,2.8125],"texture":"#layer0","tintindex":0},"north":{"uv":[6.625,0.75,7.0,1.0],"texture":"#layer0","tintindex":0},"west":{"uv":[3.1875,6.625,3.5625,6.875],"texture":"#layer0","tintindex":0},"up":{"uv":[6.5625,1.125,6.1875,0.75],"texture":"#layer0","tintindex":0},"down":{"uv":[6.1875,1.1875,6.5625,1.5625],"texture":"#layer0","tintindex":0}}},{"name":"head_27","from":[4.61642,14.17934,8.75],"to":[7.6164203,15.979341,11.15],"rotation":{"angle":45.0,"axis":"z","origin":[6.7164197,14.17934,8.6]},"faces":{"east":{"uv":[4.6875,7.0,4.9375,7.1875],"texture":"#layer0","tintindex":0},"south":{"uv":[3.8125,7.0,4.125,7.1875],"texture":"#layer0","tintindex":0},"north":{"uv":[4.3125,3.5625,4.625,3.75],"texture":"#layer0","tintindex":0},"west":{"uv":[0.9375,7.0625,1.1875,7.25],"texture":"#layer0","tintindex":0},"up":{"uv":[1.3125,7.0,1.0,6.75],"texture":"#layer0","tintindex":0},"down":{"uv":[5.625,6.75,5.9375,7.0],"texture":"#layer0","tintindex":0}}}],"display":{"head":{"translation":[0.0,-6.4,0.0],"rotation":[0.0,0.0,0.0],"scale":[3.8095,3.8095,3.8095]},"gui":{"translation":[0.0,0.0,0.0],"rotation":[35.0,225.0,0.0],"scale":[0.625,0.625,0.625]}}}