{"file_name":"leg2","texture_size":[128,128],"textures":{"layer0":"manamodels/npc_crates"},"elements":[{"name":"leg2_0","from":[6.224,2.6719997,6.6679997],"to":[8.888,5.336,9.332],"rotation":{"angle":0.0,"axis":"z","origin":[8.0,8.0,8.0]},"faces":{"east":{"uv":[2.875,10.125,3.375,10.625],"texture":"#layer0","tintindex":0},"south":{"uv":[10.125,3.75,10.625,4.25],"texture":"#layer0","tintindex":0},"north":{"uv":[10.125,1.875,10.625,2.375],"texture":"#layer0","tintindex":0},"west":{"uv":[7.625,10.125,8.125,10.625],"texture":"#layer0","tintindex":0},"up":{"uv":[10.5,10.625,10.0,10.125],"texture":"#layer0","tintindex":0},"down":{"uv":[10.25,0.5,10.75,1.0],"texture":"#layer0","tintindex":0}}},{"name":"leg2_1","from":[5.5579996,5.336,6.335],"to":[8.888,8.0,9.665],"rotation":{"angle":0.0,"axis":"z","origin":[8.0,8.0,8.0]},"faces":{"east":{"uv":[9.75,3.125,10.375,3.625],"texture":"#layer0","tintindex":0},"south":{"uv":[3.75,9.75,4.375,10.25],"texture":"#layer0","tintindex":0},"north":{"uv":[9.625,4.75,10.25,5.25],"texture":"#layer0","tintindex":0},"west":{"uv":[6.375,9.75,7.0,10.25],"texture":"#layer0","tintindex":0},"up":{"uv":[1.5,9.375,0.875,8.75],"texture":"#layer0","tintindex":0},"down":{"uv":[1.625,8.75,2.25,9.375],"texture":"#layer0","tintindex":0}}},{"name":"leg2_2","from":[4.8919997,8.0,6.002],"to":[8.888,10.6640005,9.998],"rotation":{"angle":0.0,"axis":"z","origin":[8.0,8.0,8.0]},"faces":{"east":{"uv":[8.875,8.875,9.625,9.375],"texture":"#layer0","tintindex":0},"south":{"uv":[2.375,9.0,3.125,9.5],"texture":"#layer0","tintindex":0},"north":{"uv":[8.875,8.25,9.625,8.75],"texture":"#layer0","tintindex":0},"west":{"uv":[9.0,6.5,9.75,7.0],"texture":"#layer0","tintindex":0},"up":{"uv":[8.75,5.5,8.0,4.75],"texture":"#layer0","tintindex":0},"down":{"uv":[8.0,5.625,8.75,6.375],"texture":"#layer0","tintindex":0}}},{"name":"leg2_3","from":[6.224,2.6719997,5.336],"to":[8.888,4.0039997,6.6679997],"rotation":{"angle":0.0,"axis":"z","origin":[8.0,8.0,8.0]},"faces":{"east":{"uv":[11.125,8.375,11.375,8.625],"texture":"#layer0","tintindex":0},"south":{"uv":[11.0,6.875,11.5,7.125],"texture":"#layer0","tintindex":0},"north":{"uv":[11.0,4.625,11.5,4.875],"texture":"#layer0","tintindex":0},"west":{"uv":[8.875,11.125,9.125,11.375],"texture":"#layer0","tintindex":0},"up":{"uv":[11.5,7.5,11.0,7.25],"texture":"#layer0","tintindex":0},"down":{"uv":[1.625,11.125,2.125,11.375],"texture":"#layer0","tintindex":0}}},{"name":"leg2_4","from":[6.8900003,1.8820517,3.9793458],"to":[8.222,3.2140517,5.311346],"rotation":{"angle":22.5,"axis":"x","origin":[8.555,2.2150517,7.3093457]},"faces":{"east":{"uv":[9.625,11.125,9.875,11.375],"texture":"#layer0","tintindex":0},"south":{"uv":[10.5,11.125,10.75,11.375],"texture":"#layer0","tintindex":0},"north":{"uv":[9.25,11.125,9.5,11.375],"texture":"#layer0","tintindex":0},"west":{"uv":[11.125,10.5,11.375,10.75],"texture":"#layer0","tintindex":0},"up":{"uv":[11.125,11.375,10.875,11.125],"texture":"#layer0","tintindex":0},"down":{"uv":[0.0,11.25,0.25,11.5],"texture":"#layer0","tintindex":0}}}],"display":{"head":{"translation":[0.0,-6.4,0.0],"rotation":[0.0,0.0,0.0],"scale":[3.8095,3.8095,3.8095]},"gui":{"translation":[0.0,0.0,0.0],"rotation":[35.0,225.0,0.0],"scale":[0.625,0.625,0.625]}}}