{"file_name":"torso","texture_size":[128,128],"textures":{"layer0":"manamodels/npc_crates"},"elements":[{"name":"torso_0","from":[5.3360004,15.992001,6.335],"to":[10.6640005,23.984001,9.665],"rotation":{"angle":0.0,"axis":"z","origin":[8.0,8.0,8.0]},"faces":{"east":{"uv":[3.375,6.125,4.0,7.625],"texture":"#layer0","tintindex":0},"south":{"uv":[3.5,3.5,4.5,5.0],"texture":"#layer0","tintindex":0},"north":{"uv":[2.375,3.5,3.375,5.0],"texture":"#layer0","tintindex":0},"west":{"uv":[4.125,6.125,4.75,7.625],"texture":"#layer0","tintindex":0},"up":{"uv":[6.5,8.25,5.5,7.625],"texture":"#layer0","tintindex":0},"down":{"uv":[7.75,0.0,8.75,0.625],"texture":"#layer0","tintindex":0}}},{"name":"torso_1","from":[3.6709998,21.986,9.665],"to":[12.329,23.984001,14.327001],"rotation":{"angle":0.0,"axis":"z","origin":[8.0,8.0,8.0]},"faces":{"east":{"uv":[9.5,7.75,10.375,8.125],"texture":"#layer0","tintindex":0},"south":{"uv":[8.0,3.25,9.625,3.625],"texture":"#layer0","tintindex":0},"north":{"uv":[2.875,7.75,4.5,8.125],"texture":"#layer0","tintindex":0},"west":{"uv":[9.625,0.0,10.5,0.375],"texture":"#layer0","tintindex":0},"up":{"uv":[5.625,3.125,4.0,2.25],"texture":"#layer0","tintindex":0},"down":{"uv":[0.0,4.5,1.625,5.375],"texture":"#layer0","tintindex":0}}},{"name":"torso_2","from":[3.6709998,20.654,13.661001],"to":[12.329,21.986,14.327002],"rotation":{"angle":0.0,"axis":"z","origin":[8.0,8.0,8.0]},"faces":{"east":{"uv":[1.625,10.125,1.75,10.375],"texture":"#layer0","tintindex":0},"south":{"uv":[8.5,1.5,10.125,1.75],"texture":"#layer0","tintindex":0},"north":{"uv":[8.25,2.75,9.875,3.0],"texture":"#layer0","tintindex":0},"west":{"uv":[10.125,4.375,10.25,4.625],"texture":"#layer0","tintindex":0},"up":{"uv":[12.0,5.125,10.375,5.0],"texture":"#layer0","tintindex":0},"down":{"uv":[10.5,9.0,12.125,9.125],"texture":"#layer0","tintindex":0}}},{"name":"torso_3","from":[7.0010004,20.1545,13.328001],"to":[8.999001,22.1525,14.660001],"rotation":{"angle":-45.0,"axis":"z","origin":[8.0,21.1535,14.327001]},"faces":{"east":{"uv":[7.625,9.625,7.875,10.0],"texture":"#layer0","tintindex":0},"south":{"uv":[6.0,11.0,6.375,11.375],"texture":"#layer0","tintindex":0},"north":{"uv":[11.0,4.125,11.375,4.5],"texture":"#layer0","tintindex":0},"west":{"uv":[4.5,9.75,4.75,10.125],"texture":"#layer0","tintindex":0},"up":{"uv":[6.875,11.25,6.5,11.0],"texture":"#layer0","tintindex":0},"down":{"uv":[8.125,11.125,8.5,11.375],"texture":"#layer0","tintindex":0}}},{"name":"torso_4","from":[3.6709998,17.324001,9.665],"to":[12.329,21.986,13.661],"rotation":{"angle":0.0,"axis":"z","origin":[8.0,8.0,8.0]},"faces":{"east":{"uv":[0.0,7.625,0.75,8.5],"texture":"#layer0","tintindex":0},"south":{"uv":[4.625,4.25,6.25,5.125],"texture":"#layer0","tintindex":0},"north":{"uv":[4.625,3.25,6.25,4.125],"texture":"#layer0","tintindex":0},"west":{"uv":[7.625,1.0,8.375,1.875],"texture":"#layer0","tintindex":0},"up":{"uv":[3.375,5.875,1.75,5.125],"texture":"#layer0","tintindex":0},"down":{"uv":[3.5,5.25,5.125,6.0],"texture":"#layer0","tintindex":0}}},{"name":"torso_5","from":[4.337,16.824501,8.999001],"to":[5.003,24.150501,10.997],"rotation":{"angle":0.0,"axis":"z","origin":[8.0,8.0,8.0]},"faces":{"east":{"uv":[7.5,8.125,7.875,9.5],"texture":"#layer0","tintindex":0},"south":{"uv":[7.875,10.75,8.0,12.125],"texture":"#layer0","tintindex":0},"north":{"uv":[3.25,10.75,3.375,12.125],"texture":"#layer0","tintindex":0},"west":{"uv":[3.875,8.25,4.25,9.625],"texture":"#layer0","tintindex":0},"up":{"uv":[1.0,11.75,0.875,11.375],"texture":"#layer0","tintindex":0},"down":{"uv":[11.375,1.0,11.5,1.375],"texture":"#layer0","tintindex":0}}},{"name":"torso_6","from":[10.997,16.824501,8.999001],"to":[11.663,24.150501,10.997],"rotation":{"angle":0.0,"axis":"z","origin":[8.0,8.0,8.0]},"faces":{"east":{"uv":[4.375,8.25,4.75,9.625],"texture":"#layer0","tintindex":0},"south":{"uv":[10.25,10.75,10.375,12.125],"texture":"#layer0","tintindex":0},"north":{"uv":[10.0,10.75,10.125,12.125],"texture":"#layer0","tintindex":0},"west":{"uv":[6.625,8.25,7.0,9.625],"texture":"#layer0","tintindex":0},"up":{"uv":[1.25,11.75,1.125,11.375],"texture":"#layer0","tintindex":0},"down":{"uv":[1.375,11.375,1.5,11.75],"texture":"#layer0","tintindex":0}}},{"name":"torso_7","from":[4.0039997,18.656,5.336],"to":[11.996,20.654,10.6640005],"rotation":{"angle":0.0,"axis":"z","origin":[8.0,8.0,8.0]},"faces":{"east":{"uv":[8.875,5.5,9.875,5.875],"texture":"#layer0","tintindex":0},"south":{"uv":[8.0,4.25,9.5,4.625],"texture":"#layer0","tintindex":0},"north":{"uv":[8.0,3.75,9.5,4.125],"texture":"#layer0","tintindex":0},"west":{"uv":[8.875,6.0,9.875,6.375],"texture":"#layer0","tintindex":0},"up":{"uv":[5.5,1.0,4.0,0.0],"texture":"#layer0","tintindex":0},"down":{"uv":[4.0,1.125,5.5,2.125],"texture":"#layer0","tintindex":0}}},{"name":"torso_8","from":[6.002,16.658,6.002],"to":[7.334,18.656,6.002],"rotation":{"angle":0.0,"axis":"z","origin":[8.0,8.0,8.0]},"faces":{"east":{"uv":[1.625,5.5,1.625,5.875],"texture":"#layer0","tintindex":0},"south":{"uv":[2.875,9.625,3.125,10.0],"texture":"#layer0","tintindex":0},"north":{"uv":[8.5,9.0,8.75,9.375],"texture":"#layer0","tintindex":0},"west":{"uv":[6.25,2.25,6.25,2.625],"texture":"#layer0","tintindex":0},"up":{"uv":[3.75,5.125,3.5,5.125],"texture":"#layer0","tintindex":0},"down":{"uv":[3.875,5.125,4.125,5.125],"texture":"#layer0","tintindex":0}}},{"name":"torso_9","from":[3.86864,19.882454,6.002],"to":[5.2006397,25.210453,9.998],"rotation":{"angle":-22.5,"axis":"z","origin":[5.8666344,9.892454,8.0]},"faces":{"east":{"uv":[6.75,1.0,7.5,2.0],"texture":"#layer0","tintindex":0},"south":{"uv":[4.125,10.375,4.375,11.375],"texture":"#layer0","tintindex":0},"north":{"uv":[7.125,8.25,7.375,9.25],"texture":"#layer0","tintindex":0},"west":{"uv":[7.375,2.125,8.125,3.125],"texture":"#layer0","tintindex":0},"up":{"uv":[3.125,11.5,2.875,10.75],"texture":"#layer0","tintindex":0},"down":{"uv":[7.5,10.75,7.75,11.5],"texture":"#layer0","tintindex":0}}},{"name":"torso_10","from":[0.48931956,10.310547,5.6689997],"to":[2.4873195,14.972547,5.6689997],"rotation":{"angle":-22.5,"axis":"z","origin":[6.48332,6.314552,7.334]},"faces":{"east":{"uv":[4.625,11.375,4.625,12.25],"texture":"#layer0","tintindex":0},"south":{"uv":[1.875,9.5,2.25,10.375],"texture":"#layer0","tintindex":0},"north":{"uv":[5.75,2.25,6.125,3.125],"texture":"#layer0","tintindex":0},"west":{"uv":[4.75,11.375,4.75,12.25],"texture":"#layer0","tintindex":0},"up":{"uv":[6.25,6.375,5.875,6.375],"texture":"#layer0","tintindex":0},"down":{"uv":[5.875,6.5,6.25,6.5],"texture":"#layer0","tintindex":0}}},{"name":"torso_11","from":[4.10678,15.842703,5.68565],"to":[6.10478,21.170704,5.68565],"rotation":{"angle":0.0,"axis":"z","origin":[8.0,8.0,8.0]},"faces":{"east":{"uv":[5.125,11.375,5.125,12.375],"texture":"#layer0","tintindex":0},"south":{"uv":[9.0,7.125,9.375,8.125],"texture":"#layer0","tintindex":0},"north":{"uv":[3.25,9.0,3.625,10.0],"texture":"#layer0","tintindex":0},"west":{"uv":[5.25,11.375,5.25,12.375],"texture":"#layer0","tintindex":0},"up":{"uv":[8.125,0.75,7.75,0.75],"texture":"#layer0","tintindex":0},"down":{"uv":[7.75,0.875,8.125,0.875],"texture":"#layer0","tintindex":0}}},{"name":"torso_12","from":[4.10678,18.040545,3.4733179],"to":[6.10478,20.704544,3.4733179],"rotation":{"angle":22.5,"axis":"x","origin":[10.1007805,14.0445385,12.447668]},"faces":{"east":{"uv":[3.75,9.0,3.75,9.5],"texture":"#layer0","tintindex":0},"south":{"uv":[9.5,10.5,9.875,11.0],"texture":"#layer0","tintindex":0},"north":{"uv":[2.875,7.125,3.25,7.625],"texture":"#layer0","tintindex":0},"west":{"uv":[6.625,11.375,6.625,11.875],"texture":"#layer0","tintindex":0},"up":{"uv":[2.75,8.75,2.375,8.75],"texture":"#layer0","tintindex":0},"down":{"uv":[8.75,3.125,9.125,3.125],"texture":"#layer0","tintindex":0}}},{"name":"torso_13","from":[4.10678,18.040545,12.526682],"to":[6.10478,20.704544,12.526682],"rotation":{"angle":-22.5,"axis":"x","origin":[10.1007805,14.0445385,3.552332]},"faces":{"east":{"uv":[3.625,11.5,3.625,12.0],"texture":"#layer0","tintindex":0},"south":{"uv":[10.625,10.5,11.0,11.0],"texture":"#layer0","tintindex":0},"north":{"uv":[7.0,10.625,7.375,11.125],"texture":"#layer0","tintindex":0},"west":{"uv":[3.75,11.5,3.75,12.0],"texture":"#layer0","tintindex":0},"up":{"uv":[2.75,8.875,2.375,8.875],"texture":"#layer0","tintindex":0},"down":{"uv":[9.25,2.5,9.625,2.5],"texture":"#layer0","tintindex":0}}},{"name":"torso_14","from":[4.12343,18.040545,3.4733179],"to":[4.12343,20.704544,6.137318],"rotation":{"angle":22.5,"axis":"x","origin":[10.11743,14.0445385,12.447668]},"faces":{"east":{"uv":[10.25,1.125,10.75,1.625],"texture":"#layer0","tintindex":0},"south":{"uv":[6.875,11.375,6.875,11.875],"texture":"#layer0","tintindex":0},"north":{"uv":[6.75,11.375,6.75,11.875],"texture":"#layer0","tintindex":0},"west":{"uv":[4.5,10.25,5.0,10.75],"texture":"#layer0","tintindex":0},"up":{"uv":[1.625,12.0,1.625,11.5],"texture":"#layer0","tintindex":0},"down":{"uv":[1.75,11.5,1.75,12.0],"texture":"#layer0","tintindex":0}}},{"name":"torso_15","from":[4.12343,18.040545,9.862682],"to":[4.12343,20.704544,12.526682],"rotation":{"angle":-22.5,"axis":"x","origin":[10.11743,14.0445385,3.552332]},"faces":{"east":{"uv":[10.75,1.125,10.25,1.625],"texture":"#layer0","tintindex":0},"south":{"uv":[6.75,11.375,6.75,11.875],"texture":"#layer0","tintindex":0},"north":{"uv":[6.875,11.375,6.875,11.875],"texture":"#layer0","tintindex":0},"west":{"uv":[5.0,10.25,4.5,10.75],"texture":"#layer0","tintindex":0},"up":{"uv":[1.625,11.5,1.625,12.0],"texture":"#layer0","tintindex":0},"down":{"uv":[1.75,12.0,1.75,11.5],"texture":"#layer0","tintindex":0}}},{"name":"torso_16","from":[11.87657,18.040545,9.862682],"to":[11.87657,20.704544,12.526682],"rotation":{"angle":-22.5,"axis":"x","origin":[5.8825703,14.0445385,3.552332]},"faces":{"east":{"uv":[4.5,10.25,5.0,10.75],"texture":"#layer0","tintindex":0},"south":{"uv":[6.75,11.375,6.75,11.875],"texture":"#layer0","tintindex":0},"north":{"uv":[6.875,11.375,6.875,11.875],"texture":"#layer0","tintindex":0},"west":{"uv":[10.25,1.125,10.75,1.625],"texture":"#layer0","tintindex":0},"up":{"uv":[1.625,11.5,1.625,12.0],"texture":"#layer0","tintindex":0},"down":{"uv":[1.75,12.0,1.75,11.5],"texture":"#layer0","tintindex":0}}},{"name":"torso_17","from":[4.12343,18.040545,9.862682],"to":[4.12343,20.704544,12.526682],"rotation":{"angle":-22.5,"axis":"x","origin":[10.11743,14.0445385,3.552332]},"faces":{"east":{"uv":[5.125,10.25,5.625,10.75],"texture":"#layer0","tintindex":0},"south":{"uv":[2.0,11.5,2.0,12.0],"texture":"#layer0","tintindex":0},"north":{"uv":[1.875,11.5,1.875,12.0],"texture":"#layer0","tintindex":0},"west":{"uv":[5.75,10.25,6.25,10.75],"texture":"#layer0","tintindex":0},"up":{"uv":[2.125,12.0,2.125,11.5],"texture":"#layer0","tintindex":0},"down":{"uv":[3.5,11.5,3.5,12.0],"texture":"#layer0","tintindex":0}}},{"name":"torso_18","from":[4.10678,15.842703,10.347651],"to":[6.10478,21.170704,10.347651],"rotation":{"angle":0.0,"axis":"z","origin":[8.0,8.0,8.0]},"faces":{"east":{"uv":[5.875,11.375,5.875,12.375],"texture":"#layer0","tintindex":0},"south":{"uv":[4.875,9.125,5.25,10.125],"texture":"#layer0","tintindex":0},"north":{"uv":[8.0,9.0,8.375,10.0],"texture":"#layer0","tintindex":0},"west":{"uv":[6.5,11.375,6.5,12.375],"texture":"#layer0","tintindex":0},"up":{"uv":[8.625,3.125,8.25,3.125],"texture":"#layer0","tintindex":0},"down":{"uv":[8.5,1.875,8.875,1.875],"texture":"#layer0","tintindex":0}}},{"name":"torso_19","from":[4.10678,15.842703,5.68565],"to":[4.10678,21.170704,10.347651],"rotation":{"angle":0.0,"axis":"z","origin":[8.0,8.0,8.0]},"faces":{"east":{"uv":[6.375,2.25,7.25,3.25],"texture":"#layer0","tintindex":0},"south":{"uv":[5.5,11.375,5.5,12.375],"texture":"#layer0","tintindex":0},"north":{"uv":[5.375,11.375,5.375,12.375],"texture":"#layer0","tintindex":0},"west":{"uv":[6.375,3.375,7.25,4.375],"texture":"#layer0","tintindex":0},"up":{"uv":[5.625,12.25,5.625,11.375],"texture":"#layer0","tintindex":0},"down":{"uv":[5.75,11.375,5.75,12.25],"texture":"#layer0","tintindex":0}}},{"name":"torso_20","from":[0.48931956,10.310547,5.6689997],"to":[0.48931956,14.972547,10.331],"rotation":{"angle":-22.5,"axis":"z","origin":[6.48332,6.314552,7.334]},"faces":{"east":{"uv":[6.375,5.625,7.25,6.5],"texture":"#layer0","tintindex":0},"south":{"uv":[4.0,11.0,4.0,11.875],"texture":"#layer0","tintindex":0},"north":{"uv":[0.875,7.625,0.875,8.5],"texture":"#layer0","tintindex":0},"west":{"uv":[0.0,6.625,0.875,7.5],"texture":"#layer0","tintindex":0},"up":{"uv":[7.375,12.125,7.375,11.25],"texture":"#layer0","tintindex":0},"down":{"uv":[4.5,11.375,4.5,12.25],"texture":"#layer0","tintindex":0}}},{"name":"torso_21","from":[0.48931956,10.310547,10.331],"to":[2.4873195,14.972547,10.331],"rotation":{"angle":-22.5,"axis":"z","origin":[6.48332,6.314552,7.334]},"faces":{"east":{"uv":[4.875,11.375,4.875,12.25],"texture":"#layer0","tintindex":0},"south":{"uv":[9.0,9.5,9.375,10.375],"texture":"#layer0","tintindex":0},"north":{"uv":[8.5,9.5,8.875,10.375],"texture":"#layer0","tintindex":0},"west":{"uv":[5.0,11.375,5.0,12.25],"texture":"#layer0","tintindex":0},"up":{"uv":[7.125,2.125,6.75,2.125],"texture":"#layer0","tintindex":0},"down":{"uv":[7.625,2.0,8.0,2.0],"texture":"#layer0","tintindex":0}}},{"name":"torso_22","from":[9.895221,18.040545,3.4733179],"to":[11.893221,20.704544,3.4733179],"rotation":{"angle":22.5,"axis":"x","origin":[5.89922,14.0445385,12.447668]},"faces":{"east":{"uv":[3.875,11.5,3.875,12.0],"texture":"#layer0","tintindex":0},"south":{"uv":[1.125,10.75,1.5,11.25],"texture":"#layer0","tintindex":0},"north":{"uv":[0.625,10.75,1.0,11.25],"texture":"#layer0","tintindex":0},"west":{"uv":[4.125,11.5,4.125,12.0],"texture":"#layer0","tintindex":0},"up":{"uv":[9.625,2.625,9.25,2.625],"texture":"#layer0","tintindex":0},"down":{"uv":[9.25,3.125,9.625,3.125],"texture":"#layer0","tintindex":0}}},{"name":"torso_23","from":[9.895221,15.842703,5.68565],"to":[11.893221,21.170704,5.68565],"rotation":{"angle":0.0,"axis":"z","origin":[8.0,8.0,8.0]},"faces":{"east":{"uv":[4.25,11.5,4.25,12.5],"texture":"#layer0","tintindex":0},"south":{"uv":[5.875,9.125,6.25,10.125],"texture":"#layer0","tintindex":0},"north":{"uv":[5.375,9.125,5.75,10.125],"texture":"#layer0","tintindex":0},"west":{"uv":[4.375,11.5,4.375,12.5],"texture":"#layer0","tintindex":0},"up":{"uv":[9.75,1.375,9.375,1.375],"texture":"#layer0","tintindex":0},"down":{"uv":[9.625,0.5,10.0,0.5],"texture":"#layer0","tintindex":0}}},{"name":"torso_24","from":[11.893221,15.842703,5.68565],"to":[11.893221,21.170704,10.347651],"rotation":{"angle":0.0,"axis":"z","origin":[8.0,8.0,8.0]},"faces":{"east":{"uv":[6.375,4.5,7.25,5.5],"texture":"#layer0","tintindex":0},"south":{"uv":[6.125,11.5,6.125,12.5],"texture":"#layer0","tintindex":0},"north":{"uv":[6.0,11.5,6.0,12.5],"texture":"#layer0","tintindex":0},"west":{"uv":[4.875,6.375,5.75,7.375],"texture":"#layer0","tintindex":0},"up":{"uv":[6.25,12.375,6.25,11.5],"texture":"#layer0","tintindex":0},"down":{"uv":[6.375,11.5,6.375,12.375],"texture":"#layer0","tintindex":0}}},{"name":"torso_25","from":[13.512674,10.310547,5.6689997],"to":[15.510674,14.972547,5.6689997],"rotation":{"angle":22.5,"axis":"z","origin":[9.516674,6.314552,7.334]},"faces":{"east":{"uv":[8.125,11.5,8.125,12.375],"texture":"#layer0","tintindex":0},"south":{"uv":[2.375,9.625,2.75,10.5],"texture":"#layer0","tintindex":0},"north":{"uv":[9.5,9.5,9.875,10.375],"texture":"#layer0","tintindex":0},"west":{"uv":[8.25,11.5,8.25,12.375],"texture":"#layer0","tintindex":0},"up":{"uv":[10.0,0.625,9.625,0.625],"texture":"#layer0","tintindex":0},"down":{"uv":[10.25,1.75,10.625,1.75],"texture":"#layer0","tintindex":0}}},{"name":"torso_26","from":[15.510674,10.310547,5.6689997],"to":[15.510674,14.972547,10.331],"rotation":{"angle":22.5,"axis":"z","origin":[9.516674,6.314552,7.334]},"faces":{"east":{"uv":[5.875,6.625,6.75,7.5],"texture":"#layer0","tintindex":0},"south":{"uv":[8.5,11.5,8.5,12.375],"texture":"#layer0","tintindex":0},"north":{"uv":[8.375,11.5,8.375,12.375],"texture":"#layer0","tintindex":0},"west":{"uv":[6.75,0.0,7.625,0.875],"texture":"#layer0","tintindex":0},"up":{"uv":[8.875,12.375,8.875,11.5],"texture":"#layer0","tintindex":0},"down":{"uv":[9.0,11.5,9.0,12.375],"texture":"#layer0","tintindex":0}}},{"name":"torso_27","from":[15.527325,10.976553,6.335],"to":[16.193325,13.6405525,9.665],"rotation":{"angle":22.5,"axis":"z","origin":[9.516674,6.314552,7.334]},"faces":{"east":{"uv":[10.0,5.375,10.625,5.875],"texture":"#layer0","tintindex":0},"south":{"uv":[6.375,9.125,6.5,9.625],"texture":"#layer0","tintindex":0},"north":{"uv":[6.625,7.625,6.75,8.125],"texture":"#layer0","tintindex":0},"west":{"uv":[10.0,9.5,10.625,10.0],"texture":"#layer0","tintindex":0},"up":{"uv":[6.5,9.0,6.375,8.375],"texture":"#layer0","tintindex":0},"down":{"uv":[8.625,11.125,8.75,11.75],"texture":"#layer0","tintindex":0}}},{"name":"torso_28","from":[13.512674,10.310547,10.331],"to":[15.510674,14.972547,10.331],"rotation":{"angle":22.5,"axis":"z","origin":[9.516674,6.314552,7.334]},"faces":{"east":{"uv":[9.125,11.5,9.125,12.375],"texture":"#layer0","tintindex":0},"south":{"uv":[7.125,9.625,7.5,10.5],"texture":"#layer0","tintindex":0},"north":{"uv":[9.625,3.75,10.0,4.625],"texture":"#layer0","tintindex":0},"west":{"uv":[9.25,11.5,9.25,12.375],"texture":"#layer0","tintindex":0},"up":{"uv":[0.375,10.5,0.0,10.5],"texture":"#layer0","tintindex":0},"down":{"uv":[11.5,4.125,11.875,4.125],"texture":"#layer0","tintindex":0}}},{"name":"torso_29","from":[9.895221,18.040545,12.526682],"to":[11.893221,20.704544,12.526682],"rotation":{"angle":-22.5,"axis":"x","origin":[5.89922,14.0445385,3.552332]},"faces":{"east":{"uv":[9.375,11.5,9.375,12.0],"texture":"#layer0","tintindex":0},"south":{"uv":[10.75,2.375,11.125,2.875],"texture":"#layer0","tintindex":0},"north":{"uv":[10.75,1.75,11.125,2.25],"texture":"#layer0","tintindex":0},"west":{"uv":[9.5,11.5,9.5,12.0],"texture":"#layer0","tintindex":0},"up":{"uv":[11.875,4.25,11.5,4.25],"texture":"#layer0","tintindex":0},"down":{"uv":[11.5,4.375,11.875,4.375],"texture":"#layer0","tintindex":0}}},{"name":"torso_30","from":[11.87657,18.040545,3.4733179],"to":[11.87657,20.704544,6.137318],"rotation":{"angle":22.5,"axis":"x","origin":[5.8825703,14.0445385,12.447668]},"faces":{"east":{"uv":[3.5,10.375,4.0,10.875],"texture":"#layer0","tintindex":0},"south":{"uv":[9.75,11.5,9.75,12.0],"texture":"#layer0","tintindex":0},"north":{"uv":[9.625,11.5,9.625,12.0],"texture":"#layer0","tintindex":0},"west":{"uv":[10.375,4.375,10.875,4.875],"texture":"#layer0","tintindex":0},"up":{"uv":[9.875,12.0,9.875,11.5],"texture":"#layer0","tintindex":0},"down":{"uv":[11.5,10.125,11.5,10.625],"texture":"#layer0","tintindex":0}}},{"name":"torso_31","from":[11.87657,18.040545,9.862682],"to":[11.87657,20.704544,12.526682],"rotation":{"angle":-22.5,"axis":"x","origin":[5.8825703,14.0445385,3.552332]},"faces":{"east":{"uv":[6.375,10.375,6.875,10.875],"texture":"#layer0","tintindex":0},"south":{"uv":[10.625,11.5,10.625,12.0],"texture":"#layer0","tintindex":0},"north":{"uv":[10.5,11.5,10.5,12.0],"texture":"#layer0","tintindex":0},"west":{"uv":[10.375,7.125,10.875,7.625],"texture":"#layer0","tintindex":0},"up":{"uv":[10.75,12.0,10.75,11.5],"texture":"#layer0","tintindex":0},"down":{"uv":[10.875,11.5,10.875,12.0],"texture":"#layer0","tintindex":0}}},{"name":"torso_32","from":[9.895221,15.842703,10.347651],"to":[11.893221,21.170704,10.347651],"rotation":{"angle":0.0,"axis":"z","origin":[8.0,8.0,8.0]},"faces":{"east":{"uv":[11.0,11.5,11.0,12.5],"texture":"#layer0","tintindex":0},"south":{"uv":[0.5,9.5,0.875,10.5],"texture":"#layer0","tintindex":0},"north":{"uv":[0.0,9.375,0.375,10.375],"texture":"#layer0","tintindex":0},"west":{"uv":[11.125,11.5,11.125,12.5],"texture":"#layer0","tintindex":0},"up":{"uv":[11.875,4.5,11.5,4.5],"texture":"#layer0","tintindex":0},"down":{"uv":[11.5,5.625,11.875,5.625],"texture":"#layer0","tintindex":0}}}],"display":{"head":{"translation":[0.0,-6.4,0.0],"rotation":[0.0,0.0,0.0],"scale":[3.8095,3.8095,3.8095]},"gui":{"translation":[0.0,0.0,0.0],"rotation":[35.0,225.0,0.0],"scale":[0.625,0.625,0.625]}}}