{"file_name":"leg3","texture_size":[64,64],"textures":{"layer0":"manamodels/moobloom_dandelion"},"elements":[{"name":"leg3_0","from":[6.6800003,0.7999997,7.4],"to":[9.08,8.0,9.8],"rotation":{"angle":0.0,"axis":"z","origin":[8.0,8.0,8.0]},"faces":{"east":{"uv":[1.0,12.25,2.0,15.25],"texture":"#layer0","tintindex":0},"south":{"uv":[2.0,12.25,3.0,15.25],"texture":"#layer0","tintindex":0},"north":{"uv":[0.0,12.25,1.0,15.25],"texture":"#layer0","tintindex":0},"west":{"uv":[3.0,12.25,4.0,15.25],"texture":"#layer0","tintindex":0},"up":{"uv":[13.75,7.5,12.75,6.5],"texture":"#layer0","tintindex":0},"down":{"uv":[12.75,7.5,13.75,8.5],"texture":"#layer0","tintindex":0}}}],"display":{"head":{"translation":[0.0,-6.4,0.0],"rotation":[0.0,0.0,0.0],"scale":[3.8095,3.8095,3.8095]},"gui":{"translation":[0.0,0.0,0.0],"rotation":[35.0,225.0,0.0],"scale":[0.625,0.625,0.625]}}}