{"textures":{"0":"modelengine:custom/mana_golem_diamond","particle":"modelengine:custom/mana_golem_diamond"},"elements":[{"from":[11.0,3.0,12.0],"to":[12.0,4.0,13.0],"faces":{"east":{"uv":[11.25,5.5,11.0,5.75],"tintindex":0,"rotation":0,"texture":"#0"},"south":{"uv":[11.25,5.25,11.0,5.5],"tintindex":0,"rotation":0,"texture":"#0"},"north":{"uv":[11.25,5.75,11.0,6.0],"tintindex":0,"rotation":0,"texture":"#0"},"west":{"uv":[11.25,6.0,11.0,6.25],"tintindex":0,"rotation":0,"texture":"#0"},"up":{"uv":[11.25,6.25,11.0,6.5],"tintindex":0,"rotation":0,"texture":"#0"},"down":{"uv":[11.25,6.75,11.0,6.5],"tintindex":0,"rotation":0,"texture":"#0"}},"rotation":{"origin":[9.0,5.0,12.5],"angle":45.0,"axis":"z"}},{"from":[2.5,2.9,1.5],"to":[13.5,7.9,12.5],"faces":{"east":{"uv":[8.0,1.25,10.75,2.5],"tintindex":0,"rotation":0,"texture":"#0"},"south":{"uv":[8.0,1.25,10.75,2.5],"tintindex":0,"rotation":0,"texture":"#0"},"north":{"uv":[8.0,0.0,10.75,1.25],"tintindex":0,"rotation":0,"texture":"#0"},"west":{"uv":[8.0,3.75,10.75,5.0],"tintindex":0,"rotation":0,"texture":"#0"},"up":{"uv":[2.75,6.0,0.0,3.25],"tintindex":0,"rotation":0,"texture":"#0"},"down":{"uv":[5.5,3.25,2.75,6.0],"tintindex":0,"rotation":0,"texture":"#0"}}},{"from":[6.0,2.25,1.0],"to":[7.0,3.25,2.0],"faces":{"east":{"uv":[11.0,7.0,11.25,7.25],"tintindex":0,"rotation":0,"texture":"#0"},"south":{"uv":[11.0,7.25,11.25,7.5],"tintindex":0,"rotation":0,"texture":"#0"},"north":{"uv":[11.0,6.75,11.25,7.0],"tintindex":0,"rotation":0,"texture":"#0"},"west":{"uv":[11.0,7.5,11.25,7.75],"tintindex":0,"rotation":0,"texture":"#0"},"up":{"uv":[11.25,8.0,11.0,7.75],"tintindex":0,"rotation":0,"texture":"#0"},"down":{"uv":[11.25,8.0,11.0,8.25],"tintindex":0,"rotation":0,"texture":"#0"}},"rotation":{"origin":[7.0,5.0,1.5],"angle":-45.0,"axis":"z"}},{"from":[8.0,4.0,0.0],"to":[10.0,6.0,2.0],"faces":{"east":{"uv":[9.5,10.5,10.0,11.0],"tintindex":0,"rotation":0,"texture":"#0"},"south":{"uv":[10.75,1.0,11.25,1.5],"tintindex":0,"rotation":0,"texture":"#0"},"north":{"uv":[9.0,10.5,9.5,11.0],"tintindex":0,"rotation":0,"texture":"#0"},"west":{"uv":[10.75,1.5,11.25,2.0],"tintindex":0,"rotation":0,"texture":"#0"},"up":{"uv":[11.25,2.5,10.75,2.0],"tintindex":0,"rotation":0,"texture":"#0"},"down":{"uv":[11.25,2.5,10.75,3.0],"tintindex":0,"rotation":0,"texture":"#0"}},"rotation":{"origin":[9.0,5.0,1.5],"angle":45.0,"axis":"z"}},{"from":[6.0,2.25,1.0],"to":[7.0,3.25,2.0],"faces":{"east":{"uv":[11.0,7.0,11.25,7.25],"tintindex":0,"rotation":0,"texture":"#0"},"south":{"uv":[11.0,7.25,11.25,7.5],"tintindex":0,"rotation":0,"texture":"#0"},"north":{"uv":[11.0,6.75,11.25,7.0],"tintindex":0,"rotation":0,"texture":"#0"},"west":{"uv":[11.0,7.5,11.25,7.75],"tintindex":0,"rotation":0,"texture":"#0"},"up":{"uv":[11.25,8.0,11.0,7.75],"tintindex":0,"rotation":0,"texture":"#0"},"down":{"uv":[11.25,8.0,11.0,8.25],"tintindex":0,"rotation":0,"texture":"#0"}},"rotation":{"origin":[7.0,5.0,1.5],"angle":-45.0,"axis":"z"}},{"from":[6.0,8.0,1.0],"to":[8.0,10.0,2.0],"faces":{"east":{"uv":[1.0,11.0,1.25,11.5],"tintindex":0,"rotation":0,"texture":"#0"},"south":{"uv":[10.75,3.5,11.25,4.0],"tintindex":0,"rotation":0,"texture":"#0"},"north":{"uv":[10.75,3.0,11.25,3.5],"tintindex":0,"rotation":0,"texture":"#0"},"west":{"uv":[1.25,11.0,1.5,11.5],"tintindex":0,"rotation":0,"texture":"#0"},"up":{"uv":[2.0,11.25,1.5,11.0],"tintindex":0,"rotation":0,"texture":"#0"},"down":{"uv":[2.5,11.0,2.0,11.25],"tintindex":0,"rotation":0,"texture":"#0"}},"rotation":{"origin":[9.0,5.0,1.5],"angle":45.0,"axis":"z"}},{"from":[6.0,2.25,12.0],"to":[7.0,3.25,13.0],"faces":{"east":{"uv":[11.25,7.0,11.0,7.25],"tintindex":0,"rotation":0,"texture":"#0"},"south":{"uv":[11.25,6.75,11.0,7.0],"tintindex":0,"rotation":0,"texture":"#0"},"north":{"uv":[11.25,7.25,11.0,7.5],"tintindex":0,"rotation":0,"texture":"#0"},"west":{"uv":[11.25,7.5,11.0,7.75],"tintindex":0,"rotation":0,"texture":"#0"},"up":{"uv":[11.25,7.75,11.0,8.0],"tintindex":0,"rotation":0,"texture":"#0"},"down":{"uv":[11.25,8.25,11.0,8.0],"tintindex":0,"rotation":0,"texture":"#0"}},"rotation":{"origin":[7.0,5.0,12.5],"angle":-45.0,"axis":"z"}},{"from":[6.0,8.0,12.0],"to":[8.0,10.0,13.0],"faces":{"east":{"uv":[1.25,11.0,1.0,11.5],"tintindex":0,"rotation":0,"texture":"#0"},"south":{"uv":[11.25,3.0,10.75,3.5],"tintindex":0,"rotation":0,"texture":"#0"},"north":{"uv":[11.25,3.5,10.75,4.0],"tintindex":0,"rotation":0,"texture":"#0"},"west":{"uv":[1.5,11.0,1.25,11.5],"tintindex":0,"rotation":0,"texture":"#0"},"up":{"uv":[2.0,11.0,1.5,11.25],"tintindex":0,"rotation":0,"texture":"#0"},"down":{"uv":[2.5,11.25,2.0,11.0],"tintindex":0,"rotation":0,"texture":"#0"}},"rotation":{"origin":[9.0,5.0,12.5],"angle":45.0,"axis":"z"}},{"from":[3.0,3.0,2.0],"to":[13.0,15.0,12.0],"faces":{"east":{"uv":[5.5,3.0,8.0,6.0],"tintindex":0,"rotation":0,"texture":"#0"},"south":{"uv":[0.0,6.0,2.5,9.0],"tintindex":0,"rotation":0,"texture":"#0"},"north":{"uv":[5.5,0.0,8.0,3.0],"tintindex":0,"rotation":0,"texture":"#0"},"west":{"uv":[2.5,6.0,5.0,9.0],"tintindex":0,"rotation":0,"texture":"#0"},"up":{"uv":[7.5,8.5,5.0,6.0],"tintindex":0,"rotation":0,"texture":"#0"},"down":{"uv":[10.0,6.0,7.5,8.5],"tintindex":0,"rotation":0,"texture":"#0"}}},{"from":[8.0,4.0,12.0],"to":[10.0,6.0,14.0],"faces":{"east":{"uv":[10.0,10.5,9.5,11.0],"tintindex":0,"rotation":0,"texture":"#0"},"south":{"uv":[9.5,10.5,9.0,11.0],"tintindex":0,"rotation":0,"texture":"#0"},"north":{"uv":[11.25,1.0,10.75,1.5],"tintindex":0,"rotation":0,"texture":"#0"},"west":{"uv":[11.25,1.5,10.75,2.0],"tintindex":0,"rotation":0,"texture":"#0"},"up":{"uv":[11.25,2.0,10.75,2.5],"tintindex":0,"rotation":0,"texture":"#0"},"down":{"uv":[11.25,3.0,10.75,2.5],"tintindex":0,"rotation":0,"texture":"#0"}},"rotation":{"origin":[9.0,5.0,12.5],"angle":45.0,"axis":"z"}},{"from":[2.5,8.0,0.5],"to":[13.5,9.0,13.5],"faces":{"east":{"uv":[10.75,0.0,14.0,0.25],"tintindex":0,"rotation":0,"texture":"#0"},"south":{"uv":[10.75,0.75,13.5,1.0],"tintindex":0,"rotation":0,"texture":"#0"},"north":{"uv":[10.75,0.5,13.5,0.75],"tintindex":0,"rotation":0,"texture":"#0"},"west":{"uv":[10.75,0.25,14.0,0.5],"tintindex":0,"rotation":0,"texture":"#0"},"up":{"uv":[2.75,3.25,0.0,0.0],"tintindex":0,"rotation":0,"texture":"#0"},"down":{"uv":[5.5,0.0,2.75,3.25],"tintindex":0,"rotation":0,"texture":"#0"}}},{"from":[8.0,4.0,0.0],"to":[10.0,6.0,2.0],"faces":{"east":{"uv":[9.5,10.5,10.0,11.0],"tintindex":0,"rotation":0,"texture":"#0"},"south":{"uv":[10.75,1.0,11.25,1.5],"tintindex":0,"rotation":0,"texture":"#0"},"north":{"uv":[9.0,10.5,9.5,11.0],"tintindex":0,"rotation":0,"texture":"#0"},"west":{"uv":[10.75,1.5,11.25,2.0],"tintindex":0,"rotation":0,"texture":"#0"},"up":{"uv":[11.25,2.5,10.75,2.0],"tintindex":0,"rotation":0,"texture":"#0"},"down":{"uv":[11.25,2.5,10.75,3.0],"tintindex":0,"rotation":0,"texture":"#0"}},"rotation":{"origin":[9.0,5.0,1.5],"angle":45.0,"axis":"z"}},{"from":[11.0,3.0,1.0],"to":[12.0,4.0,2.0],"faces":{"east":{"uv":[11.0,5.5,11.25,5.75],"tintindex":0,"rotation":0,"texture":"#0"},"south":{"uv":[11.0,5.75,11.25,6.0],"tintindex":0,"rotation":0,"texture":"#0"},"north":{"uv":[11.0,5.25,11.25,5.5],"tintindex":0,"rotation":0,"texture":"#0"},"west":{"uv":[11.0,6.0,11.25,6.25],"tintindex":0,"rotation":0,"texture":"#0"},"up":{"uv":[11.25,6.5,11.0,6.25],"tintindex":0,"rotation":0,"texture":"#0"},"down":{"uv":[11.25,6.5,11.0,6.75],"tintindex":0,"rotation":0,"texture":"#0"}},"rotation":{"origin":[9.0,5.0,1.5],"angle":45.0,"axis":"z"}}],"display":{"gui":{"rotation":[30,225,0]}}}