{"file_name":"arm","texture_size":[128,128],"textures":{"layer0":"manamodels/npc_furniture"},"elements":[{"name":"arm_0","from":[5.7139997,0.82399917,6.6679997],"to":[7.712,5.485999,9.332],"rotation":{"angle":0.0,"axis":"z","origin":[8.0,8.0,8.0]},"faces":{"east":{"uv":[6.375,2.75,6.875,3.625],"texture":"#layer0","tintindex":0},"south":{"uv":[4.375,7.375,4.75,8.25],"texture":"#layer0","tintindex":0},"north":{"uv":[5.75,6.875,6.125,7.75],"texture":"#layer0","tintindex":0},"west":{"uv":[6.5,1.25,7.0,2.125],"texture":"#layer0","tintindex":0},"up":{"uv":[6.625,9.0,6.25,8.5],"texture":"#layer0","tintindex":0},"down":{"uv":[0.625,8.625,1.0,9.125],"texture":"#layer0","tintindex":0}}},{"name":"arm_1","from":[5.3809996,5.4859996,6.335],"to":[8.045,8.816,9.665],"rotation":{"angle":0.0,"axis":"z","origin":[8.0,8.0,8.0]},"faces":{"east":{"uv":[6.25,6.75,6.875,7.375],"texture":"#layer0","tintindex":0},"south":{"uv":[0.0,8.0,0.5,8.625],"texture":"#layer0","tintindex":0},"north":{"uv":[5.625,7.875,6.125,8.5],"texture":"#layer0","tintindex":0},"west":{"uv":[5.0,6.875,5.625,7.5],"texture":"#layer0","tintindex":0},"up":{"uv":[7.25,8.75,6.75,8.125],"texture":"#layer0","tintindex":0},"down":{"uv":[1.125,8.25,1.625,8.875],"texture":"#layer0","tintindex":0}}}],"display":{"head":{"translation":[0.0,-6.4,0.0],"rotation":[0.0,0.0,0.0],"scale":[3.8095,3.8095,3.8095]},"gui":{"translation":[0.0,0.0,0.0],"rotation":[35.0,225.0,0.0],"scale":[0.625,0.625,0.625]}}}