{"file_name":"leg","texture_size":[128,128],"textures":{"layer0":"manamodels/npc_furniture"},"elements":[{"name":"leg_0","from":[7.1120005,7.1120005,6.6679997],"to":[9.776001,11.108,9.332],"rotation":{"angle":0.0,"axis":"z","origin":[8.0,8.0,8.0]},"faces":{"east":{"uv":[7.125,1.25,7.625,2.0],"texture":"#layer0","tintindex":0},"south":{"uv":[7.0,7.25,7.5,8.0],"texture":"#layer0","tintindex":0},"north":{"uv":[0.0,7.125,0.5,7.875],"texture":"#layer0","tintindex":0},"west":{"uv":[2.0,7.375,2.5,8.125],"texture":"#layer0","tintindex":0},"up":{"uv":[8.875,8.25,8.375,7.75],"texture":"#layer0","tintindex":0},"down":{"uv":[8.0,8.375,8.5,8.875],"texture":"#layer0","tintindex":0}}},{"name":"leg_1","from":[7.1120005,9.208622,3.5082018],"to":[9.776001,11.8726225,3.5082018],"rotation":{"angle":22.5,"axis":"x","origin":[7.112,3.8806217,4.840202]},"faces":{"east":{"uv":[7.0,8.875,7.0,9.375],"texture":"#layer0","tintindex":0},"south":{"uv":[2.375,8.625,2.875,9.125],"texture":"#layer0","tintindex":0},"north":{"uv":[8.5,2.5,9.0,3.0],"texture":"#layer0","tintindex":0},"west":{"uv":[8.875,7.0,8.875,7.5],"texture":"#layer0","tintindex":0},"up":{"uv":[5.5,6.75,5.0,6.75],"texture":"#layer0","tintindex":0},"down":{"uv":[7.125,2.125,7.625,2.125],"texture":"#layer0","tintindex":0}}},{"name":"leg_2","from":[7.1120005,9.874622,12.491798],"to":[9.776001,11.8726225,12.491798],"rotation":{"angle":-22.5,"axis":"x","origin":[7.112,3.8806217,11.159798]},"faces":{"east":{"uv":[7.125,8.875,7.125,9.25],"texture":"#layer0","tintindex":0},"south":{"uv":[8.75,0.5,9.25,0.875],"texture":"#layer0","tintindex":0},"north":{"uv":[8.75,0.0,9.25,0.375],"texture":"#layer0","tintindex":0},"west":{"uv":[7.25,8.875,7.25,9.25],"texture":"#layer0","tintindex":0},"up":{"uv":[8.25,3.375,7.75,3.375],"texture":"#layer0","tintindex":0},"down":{"uv":[7.75,3.5,8.25,3.5],"texture":"#layer0","tintindex":0}}},{"name":"leg_3","from":[7.1120005,5.98253,5.649146],"to":[9.776001,9.3125305,5.649146],"rotation":{"angle":0.0,"axis":"z","origin":[8.0,8.0,8.0]},"faces":{"east":{"uv":[8.625,8.875,8.625,9.5],"texture":"#layer0","tintindex":0},"south":{"uv":[7.75,2.0,8.25,2.625],"texture":"#layer0","tintindex":0},"north":{"uv":[7.75,1.25,8.25,1.875],"texture":"#layer0","tintindex":0},"west":{"uv":[8.75,8.875,8.75,9.5],"texture":"#layer0","tintindex":0},"up":{"uv":[8.25,3.625,7.75,3.625],"texture":"#layer0","tintindex":0},"down":{"uv":[8.5,3.125,9.0,3.125],"texture":"#layer0","tintindex":0}}},{"name":"leg_4","from":[7.1120005,7.264346,10.097216],"to":[9.776001,9.928347,10.097216],"rotation":{"angle":0.0,"axis":"z","origin":[8.0,8.0,8.0]},"faces":{"east":{"uv":[8.875,8.875,8.875,9.375],"texture":"#layer0","tintindex":0},"south":{"uv":[5.5,8.625,6.0,9.125],"texture":"#layer0","tintindex":0},"north":{"uv":[3.0,8.625,3.5,9.125],"texture":"#layer0","tintindex":0},"west":{"uv":[9.0,1.0,9.0,1.5],"texture":"#layer0","tintindex":0},"up":{"uv":[9.0,3.25,8.5,3.25],"texture":"#layer0","tintindex":0},"down":{"uv":[8.875,7.625,9.375,7.625],"texture":"#layer0","tintindex":0}}},{"name":"leg_5","from":[6.7789993,4.448,6.5015],"to":[10.108999,7.1120005,9.8315],"rotation":{"angle":0.0,"axis":"z","origin":[8.0,8.0,8.0]},"faces":{"east":{"uv":[7.625,7.75,8.25,8.25],"texture":"#layer0","tintindex":0},"south":{"uv":[8.0,0.0,8.625,0.5],"texture":"#layer0","tintindex":0},"north":{"uv":[7.75,2.75,8.375,3.25],"texture":"#layer0","tintindex":0},"west":{"uv":[8.0,0.625,8.625,1.125],"texture":"#layer0","tintindex":0},"up":{"uv":[4.125,7.25,3.5,6.625],"texture":"#layer0","tintindex":0},"down":{"uv":[4.25,6.625,4.875,7.25],"texture":"#layer0","tintindex":0}}},{"name":"leg_6","from":[7.1119995,1.7839999,6.335],"to":[10.441999,4.448,10.331],"rotation":{"angle":0.0,"axis":"z","origin":[8.0,8.0,8.0]},"faces":{"east":{"uv":[2.625,7.375,3.375,7.875],"texture":"#layer0","tintindex":0},"south":{"uv":[3.375,8.0,4.0,8.5],"texture":"#layer0","tintindex":0},"north":{"uv":[2.625,8.0,3.25,8.5],"texture":"#layer0","tintindex":0},"west":{"uv":[3.5,7.375,4.25,7.875],"texture":"#layer0","tintindex":0},"up":{"uv":[6.875,5.75,6.25,5.0],"texture":"#layer0","tintindex":0},"down":{"uv":[6.25,5.875,6.875,6.625],"texture":"#layer0","tintindex":0}}}],"display":{"head":{"translation":[0.0,-6.4,0.0],"rotation":[0.0,0.0,0.0],"scale":[3.8095,3.8095,3.8095]},"gui":{"translation":[0.0,0.0,0.0],"rotation":[35.0,225.0,0.0],"scale":[0.625,0.625,0.625]}}}