{"file_name":"arm","texture_size":[128,128],"textures":{"layer0":"manamodels/npc_hugs"},"elements":[{"name":"arm_0","from":[6.6679997,3.7939997,7.001],"to":[8.0,8.456,8.999001],"rotation":{"angle":0.0,"axis":"z","origin":[8.0,8.0,8.0]},"faces":{"east":{"uv":[4.5,5.75,4.875,6.625],"texture":"#layer0","tintindex":0},"south":{"uv":[4.0,6.375,4.25,7.25],"texture":"#layer0","tintindex":0},"north":{"uv":[3.625,6.375,3.875,7.25],"texture":"#layer0","tintindex":0},"west":{"uv":[5.75,5.5,6.125,6.375],"texture":"#layer0","tintindex":0},"up":{"uv":[3.125,3.625,2.875,3.25],"texture":"#layer0","tintindex":0},"down":{"uv":[5.0,3.375,5.25,3.75],"texture":"#layer0","tintindex":0}}}],"display":{"head":{"translation":[0.0,-6.4,0.0],"rotation":[0.0,0.0,0.0],"scale":[3.8095,3.8095,3.8095]},"gui":{"translation":[0.0,0.0,0.0],"rotation":[35.0,225.0,0.0],"scale":[0.625,0.625,0.625]}}}