{"textures":{"0":"modelengine:custom/rudolph","particle":"modelengine:custom/rudolph"},"elements":[{"from":[5.75,3.1666698,6.08333],"to":[9.75,10.16667,10.08333],"faces":{"east":{"uv":[7.125,0.0,7.625,0.875],"tintindex":0,"rotation":0,"texture":"#0"},"south":{"uv":[7.625,0.0,7.125,0.875],"tintindex":0,"rotation":0,"texture":"#0"},"north":{"uv":[7.625,0.0,7.125,0.875],"tintindex":0,"rotation":0,"texture":"#0"},"west":{"uv":[7.125,0.0,7.625,0.875],"tintindex":0,"rotation":0,"texture":"#0"},"up":{"uv":[8.5,0.5,8.0,0.0],"tintindex":0,"rotation":0,"texture":"#0"},"down":{"uv":[8.5,0.5,8.0,1.0],"tintindex":0,"rotation":0,"texture":"#0"}}}],"display":{"gui":{"rotation":[30,225,0]}}}