{"textures":{"0":"modelengine:custom/npc_crates","particle":"modelengine:custom/npc_crates"},"elements":[{"from":[7.1675,18.12875,12.440001],"to":[8.8325,19.79375,13.55],"faces":{"east":{"uv":[7.625,9.625,7.875,10.0],"tintindex":0,"rotation":0,"texture":"#0"},"south":{"uv":[6.0,11.0,6.375,11.375],"tintindex":0,"rotation":0,"texture":"#0"},"north":{"uv":[11.0,4.125,11.375,4.5],"tintindex":0,"rotation":0,"texture":"#0"},"west":{"uv":[4.5,9.75,4.75,10.125],"tintindex":0,"rotation":0,"texture":"#0"},"up":{"uv":[6.875,11.25,6.5,11.0],"tintindex":0,"rotation":0,"texture":"#0"},"down":{"uv":[8.5,11.125,8.125,11.375],"tintindex":0,"rotation":0,"texture":"#0"}},"rotation":{"origin":[8.0,18.96125,13.2725],"angle":-45.0,"axis":"z"}},{"from":[12.593895,9.925455,9.9425],"to":[14.258895,13.810455,9.9425],"faces":{"south":{"uv":[7.125,9.625,7.5,10.5],"tintindex":0,"rotation":0,"texture":"#0"},"north":{"uv":[9.625,3.75,10.0,4.625],"tintindex":0,"rotation":0,"texture":"#0"}},"rotation":{"origin":[9.263895,6.59546,7.4449997],"angle":22.5,"axis":"z"}},{"from":[4.9475,15.35375,8.8325],"to":[5.5025,21.45875,10.497499],"faces":{"east":{"uv":[7.5,8.125,7.875,9.5],"tintindex":0,"rotation":0,"texture":"#0"},"south":{"uv":[7.875,10.75,8.0,12.125],"tintindex":0,"rotation":0,"texture":"#0"},"north":{"uv":[3.25,10.75,3.375,12.125],"tintindex":0,"rotation":0,"texture":"#0"},"west":{"uv":[3.875,8.25,4.25,9.625],"tintindex":0,"rotation":0,"texture":"#0"},"up":{"uv":[1.0,11.75,0.875,11.375],"tintindex":0,"rotation":0,"texture":"#0"},"down":{"uv":[11.5,1.0,11.375,1.375],"tintindex":0,"rotation":0,"texture":"#0"}}},{"from":[14.27277,10.48046,6.6125],"to":[14.82777,12.70046,9.3875],"faces":{"east":{"uv":[10.0,5.375,10.625,5.875],"tintindex":0,"rotation":0,"texture":"#0"},"south":{"uv":[6.375,9.125,6.5,9.625],"tintindex":0,"rotation":0,"texture":"#0"},"north":{"uv":[6.625,7.625,6.75,8.125],"tintindex":0,"rotation":0,"texture":"#0"},"west":{"uv":[10.0,9.5,10.625,10.0],"tintindex":0,"rotation":0,"texture":"#0"},"up":{"uv":[6.5,9.0,6.375,8.375],"tintindex":0,"rotation":0,"texture":"#0"},"down":{"uv":[8.75,11.125,8.625,11.75],"tintindex":0,"rotation":0,"texture":"#0"}},"rotation":{"origin":[9.263895,6.59546,7.4449997],"angle":22.5,"axis":"z"}},{"from":[4.75565,14.535585,6.071375],"to":[4.75565,18.975586,9.956375],"faces":{"east":{"uv":[6.375,2.25,7.25,3.25],"tintindex":0,"rotation":0,"texture":"#0"},"west":{"uv":[6.375,3.375,7.25,4.375],"tintindex":0,"rotation":0,"texture":"#0"}}},{"from":[9.5793495,14.535585,6.071375],"to":[11.24435,18.975586,6.071375],"faces":{"south":{"uv":[5.875,9.125,6.25,10.125],"tintindex":0,"rotation":0,"texture":"#0"},"north":{"uv":[5.375,9.125,5.75,10.125],"tintindex":0,"rotation":0,"texture":"#0"}}},{"from":[11.24435,14.535585,6.071375],"to":[11.24435,18.975586,9.956375],"faces":{"east":{"uv":[6.375,4.5,7.25,5.5],"tintindex":0,"rotation":0,"texture":"#0"},"west":{"uv":[4.875,6.375,5.75,7.375],"tintindex":0,"rotation":0,"texture":"#0"}}},{"from":[11.230474,16.367119,4.227765],"to":[11.230474,18.58712,6.447765],"faces":{"east":{"uv":[3.5,10.375,4.0,10.875],"tintindex":0,"rotation":0,"texture":"#0"},"west":{"uv":[10.375,4.375,10.875,4.875],"tintindex":0,"rotation":0,"texture":"#0"}},"rotation":{"origin":[6.235475,13.037115,11.70639],"angle":22.5,"axis":"x"}},{"from":[4.5572,17.902046,6.335],"to":[5.6672,22.342045,9.665],"faces":{"east":{"uv":[6.75,1.0,7.5,2.0],"tintindex":0,"rotation":0,"texture":"#0"},"south":{"uv":[4.125,10.375,4.375,11.375],"tintindex":0,"rotation":0,"texture":"#0"},"north":{"uv":[7.125,8.25,7.375,9.25],"tintindex":0,"rotation":0,"texture":"#0"},"west":{"uv":[7.375,2.125,8.125,3.125],"tintindex":0,"rotation":0,"texture":"#0"},"up":{"uv":[3.125,11.5,2.875,10.75],"tintindex":0,"rotation":0,"texture":"#0"},"down":{"uv":[7.75,10.75,7.5,11.5],"tintindex":0,"rotation":0,"texture":"#0"}},"rotation":{"origin":[6.222195,9.577045,8.0],"angle":-22.5,"axis":"z"}},{"from":[4.67,16.880001,5.7799997],"to":[11.33,18.545,10.22],"faces":{"east":{"uv":[8.875,5.5,9.875,5.875],"tintindex":0,"rotation":0,"texture":"#0"},"south":{"uv":[8.0,4.25,9.5,4.625],"tintindex":0,"rotation":0,"texture":"#0"},"north":{"uv":[8.0,3.75,9.5,4.125],"tintindex":0,"rotation":0,"texture":"#0"},"west":{"uv":[8.875,6.0,9.875,6.375],"tintindex":0,"rotation":0,"texture":"#0"},"up":{"uv":[5.5,1.0,4.0,0.0],"tintindex":0,"rotation":0,"texture":"#0"},"down":{"uv":[5.5,1.125,4.0,2.125],"tintindex":0,"rotation":0,"texture":"#0"}}},{"from":[5.7799997,14.66,6.6125],"to":[10.22,21.32,9.3875],"faces":{"east":{"uv":[3.375,6.125,4.0,7.625],"tintindex":0,"rotation":0,"texture":"#0"},"south":{"uv":[3.5,3.5,4.5,5.0],"tintindex":0,"rotation":0,"texture":"#0"},"north":{"uv":[2.375,3.5,3.375,5.0],"tintindex":0,"rotation":0,"texture":"#0"},"west":{"uv":[4.125,6.125,4.75,7.625],"tintindex":0,"rotation":0,"texture":"#0"},"up":{"uv":[6.5,8.25,5.5,7.625],"tintindex":0,"rotation":0,"texture":"#0"},"down":{"uv":[8.75,0.0,7.75,0.625],"tintindex":0,"rotation":0,"texture":"#0"}}},{"from":[9.5793495,16.367119,4.227765],"to":[11.24435,18.58712,4.227765],"faces":{"south":{"uv":[1.125,10.75,1.5,11.25],"tintindex":0,"rotation":0,"texture":"#0"},"north":{"uv":[0.625,10.75,1.0,11.25],"tintindex":0,"rotation":0,"texture":"#0"}},"rotation":{"origin":[6.24935,13.037115,11.70639],"angle":22.5,"axis":"x"}},{"from":[10.497499,15.35375,8.8325],"to":[11.0525,21.45875,10.497499],"faces":{"east":{"uv":[4.375,8.25,4.75,9.625],"tintindex":0,"rotation":0,"texture":"#0"},"south":{"uv":[10.25,10.75,10.375,12.125],"tintindex":0,"rotation":0,"texture":"#0"},"north":{"uv":[10.0,10.75,10.125,12.125],"tintindex":0,"rotation":0,"texture":"#0"},"west":{"uv":[6.625,8.25,7.0,9.625],"tintindex":0,"rotation":0,"texture":"#0"},"up":{"uv":[1.25,11.75,1.125,11.375],"tintindex":0,"rotation":0,"texture":"#0"},"down":{"uv":[1.5,11.375,1.375,11.75],"tintindex":0,"rotation":0,"texture":"#0"}}},{"from":[4.769525,16.367119,9.552235],"to":[4.769525,18.58712,11.772235],"faces":{"east":{"uv":[10.75,1.125,10.25,1.625],"tintindex":0,"rotation":0,"texture":"#0"},"west":{"uv":[5.0,10.25,4.5,10.75],"tintindex":0,"rotation":0,"texture":"#0"}},"rotation":{"origin":[9.764524,13.037115,4.29361],"angle":-22.5,"axis":"x"}},{"from":[11.230474,16.367119,9.552235],"to":[11.230474,18.58712,11.772235],"faces":{"east":{"uv":[4.5,10.25,5.0,10.75],"tintindex":0,"rotation":0,"texture":"#0"},"west":{"uv":[10.25,1.125,10.75,1.625],"tintindex":0,"rotation":0,"texture":"#0"}},"rotation":{"origin":[6.235475,13.037115,4.29361],"angle":-22.5,"axis":"x"}},{"from":[14.258895,9.925455,6.0575],"to":[14.258895,13.810455,9.9425],"faces":{"east":{"uv":[5.875,6.625,6.75,7.5],"tintindex":0,"rotation":0,"texture":"#0"},"west":{"uv":[6.75,0.0,7.625,0.875],"tintindex":0,"rotation":0,"texture":"#0"}},"rotation":{"origin":[9.263895,6.59546,7.4449997],"angle":22.5,"axis":"z"}},{"from":[6.335,15.215,6.335],"to":[7.4449997,16.880001,6.335],"faces":{"south":{"uv":[2.875,9.625,3.125,10.0],"tintindex":0,"rotation":0,"texture":"#0"},"north":{"uv":[8.5,9.0,8.75,9.375],"tintindex":0,"rotation":0,"texture":"#0"}}},{"from":[4.3925,15.77,9.3875],"to":[11.6075,19.654999,12.717501],"faces":{"east":{"uv":[0.0,7.625,0.75,8.5],"tintindex":0,"rotation":0,"texture":"#0"},"south":{"uv":[4.625,4.25,6.25,5.125],"tintindex":0,"rotation":0,"texture":"#0"},"north":{"uv":[4.625,3.25,6.25,4.125],"tintindex":0,"rotation":0,"texture":"#0"},"west":{"uv":[7.625,1.0,8.375,1.875],"tintindex":0,"rotation":0,"texture":"#0"},"up":{"uv":[3.375,5.875,1.75,5.125],"tintindex":0,"rotation":0,"texture":"#0"},"down":{"uv":[5.125,5.25,3.5,6.0],"tintindex":0,"rotation":0,"texture":"#0"}}},{"from":[4.75565,16.367119,11.772235],"to":[6.42065,18.58712,11.772235],"faces":{"south":{"uv":[10.625,10.5,11.0,11.0],"tintindex":0,"rotation":0,"texture":"#0"},"north":{"uv":[7.0,10.625,7.375,11.125],"tintindex":0,"rotation":0,"texture":"#0"}},"rotation":{"origin":[9.75065,13.037115,4.29361],"angle":-22.5,"axis":"x"}},{"from":[1.7410998,9.925455,6.0575],"to":[3.4060998,13.810455,6.0575],"faces":{"south":{"uv":[1.875,9.5,2.25,10.375],"tintindex":0,"rotation":0,"texture":"#0"},"north":{"uv":[5.75,2.25,6.125,3.125],"tintindex":0,"rotation":0,"texture":"#0"}},"rotation":{"origin":[6.7361,6.59546,7.4449997],"angle":-22.5,"axis":"z"}},{"from":[4.75565,14.535585,9.956375],"to":[6.42065,18.975586,9.956375],"faces":{"south":{"uv":[4.875,9.125,5.25,10.125],"tintindex":0,"rotation":0,"texture":"#0"},"north":{"uv":[8.0,9.0,8.375,10.0],"tintindex":0,"rotation":0,"texture":"#0"}}},{"from":[12.593895,9.925455,6.0575],"to":[14.258895,13.810455,6.0575],"faces":{"south":{"uv":[2.375,9.625,2.75,10.5],"tintindex":0,"rotation":0,"texture":"#0"},"north":{"uv":[9.5,9.5,9.875,10.375],"tintindex":0,"rotation":0,"texture":"#0"}},"rotation":{"origin":[9.263895,6.59546,7.4449997],"angle":22.5,"axis":"z"}},{"from":[1.7410998,9.925455,6.0575],"to":[1.7410998,13.810455,9.9425],"faces":{"east":{"uv":[6.375,5.625,7.25,6.5],"tintindex":0,"rotation":0,"texture":"#0"},"west":{"uv":[0.0,6.625,0.875,7.5],"tintindex":0,"rotation":0,"texture":"#0"}},"rotation":{"origin":[6.7361,6.59546,7.4449997],"angle":-22.5,"axis":"z"}},{"from":[9.5793495,16.367119,11.772235],"to":[11.24435,18.58712,11.772235],"faces":{"south":{"uv":[10.75,2.375,11.125,2.875],"tintindex":0,"rotation":0,"texture":"#0"},"north":{"uv":[10.75,1.75,11.125,2.25],"tintindex":0,"rotation":0,"texture":"#0"}},"rotation":{"origin":[6.24935,13.037115,4.29361],"angle":-22.5,"axis":"x"}},{"from":[4.769525,16.367119,9.552235],"to":[4.769525,18.58712,11.772235],"faces":{"east":{"uv":[5.125,10.25,5.625,10.75],"tintindex":0,"rotation":0,"texture":"#0"},"west":{"uv":[5.75,10.25,6.25,10.75],"tintindex":0,"rotation":0,"texture":"#0"}},"rotation":{"origin":[9.764524,13.037115,4.29361],"angle":-22.5,"axis":"x"}},{"from":[1.7410998,9.925455,9.9425],"to":[3.4060998,13.810455,9.9425],"faces":{"south":{"uv":[9.0,9.5,9.375,10.375],"tintindex":0,"rotation":0,"texture":"#0"},"north":{"uv":[8.5,9.5,8.875,10.375],"tintindex":0,"rotation":0,"texture":"#0"}},"rotation":{"origin":[6.7361,6.59546,7.4449997],"angle":-22.5,"axis":"z"}},{"from":[11.230474,16.367119,9.552235],"to":[11.230474,18.58712,11.772235],"faces":{"east":{"uv":[6.375,10.375,6.875,10.875],"tintindex":0,"rotation":0,"texture":"#0"},"west":{"uv":[10.375,7.125,10.875,7.625],"tintindex":0,"rotation":0,"texture":"#0"}},"rotation":{"origin":[6.235475,13.037115,4.29361],"angle":-22.5,"axis":"x"}},{"from":[4.769525,16.367119,4.227765],"to":[4.769525,18.58712,6.447765],"faces":{"east":{"uv":[10.25,1.125,10.75,1.625],"tintindex":0,"rotation":0,"texture":"#0"},"west":{"uv":[4.5,10.25,5.0,10.75],"tintindex":0,"rotation":0,"texture":"#0"}},"rotation":{"origin":[9.764524,13.037115,11.70639],"angle":22.5,"axis":"x"}},{"from":[4.75565,14.535585,6.071375],"to":[6.42065,18.975586,6.071375],"faces":{"south":{"uv":[9.0,7.125,9.375,8.125],"tintindex":0,"rotation":0,"texture":"#0"},"north":{"uv":[3.25,9.0,3.625,10.0],"tintindex":0,"rotation":0,"texture":"#0"}}},{"from":[4.3925,18.545,12.717501],"to":[11.6075,19.654999,13.2725],"faces":{"east":{"uv":[1.625,10.125,1.75,10.375],"tintindex":0,"rotation":0,"texture":"#0"},"south":{"uv":[8.5,1.5,10.125,1.75],"tintindex":0,"rotation":0,"texture":"#0"},"north":{"uv":[8.25,2.75,9.875,3.0],"tintindex":0,"rotation":0,"texture":"#0"},"west":{"uv":[10.125,4.375,10.25,4.625],"tintindex":0,"rotation":0,"texture":"#0"},"up":{"uv":[12.0,5.125,10.375,5.0],"tintindex":0,"rotation":0,"texture":"#0"},"down":{"uv":[12.125,9.0,10.5,9.125],"tintindex":0,"rotation":0,"texture":"#0"}}},{"from":[4.75565,16.367119,4.227765],"to":[6.42065,18.58712,4.227765],"faces":{"south":{"uv":[9.5,10.5,9.875,11.0],"tintindex":0,"rotation":0,"texture":"#0"},"north":{"uv":[2.875,7.125,3.25,7.625],"tintindex":0,"rotation":0,"texture":"#0"}},"rotation":{"origin":[9.75065,13.037115,11.70639],"angle":22.5,"axis":"x"}},{"from":[9.5793495,14.535585,9.956375],"to":[11.24435,18.975586,9.956375],"faces":{"south":{"uv":[0.5,9.5,0.875,10.5],"tintindex":0,"rotation":0,"texture":"#0"},"north":{"uv":[0.0,9.375,0.375,10.375],"tintindex":0,"rotation":0,"texture":"#0"}}},{"from":[4.3925,19.654999,9.3875],"to":[11.6075,21.32,13.2725],"faces":{"east":{"uv":[9.5,7.75,10.375,8.125],"tintindex":0,"rotation":0,"texture":"#0"},"south":{"uv":[8.0,3.25,9.625,3.625],"tintindex":0,"rotation":0,"texture":"#0"},"north":{"uv":[2.875,7.75,4.5,8.125],"tintindex":0,"rotation":0,"texture":"#0"},"west":{"uv":[9.625,0.0,10.5,0.375],"tintindex":0,"rotation":0,"texture":"#0"},"up":{"uv":[5.625,3.125,4.0,2.25],"tintindex":0,"rotation":0,"texture":"#0"},"down":{"uv":[1.625,4.5,0.0,5.375],"tintindex":0,"rotation":0,"texture":"#0"}}}],"display":{"gui":{"rotation":[30,225,0]}}}