{"file_name":"head","texture_size":[128,128],"textures":{"layer0":"manamodels/npc_crates"},"elements":[{"name":"head_0","from":[5.3360004,7.9279995,5.336],"to":[10.6640005,13.256,10.6640005],"rotation":{"angle":0.0,"axis":"z","origin":[8.0,8.0,8.0]},"faces":{"east":{"uv":[0.0,5.5,1.0,6.5],"texture":"#layer0","tintindex":0},"south":{"uv":[5.625,0.0,6.625,1.0],"texture":"#layer0","tintindex":0},"north":{"uv":[5.25,5.25,6.25,6.25],"texture":"#layer0","tintindex":0},"west":{"uv":[5.625,1.125,6.625,2.125],"texture":"#layer0","tintindex":0},"up":{"uv":[2.125,7.0,1.125,6.0],"texture":"#layer0","tintindex":0},"down":{"uv":[2.25,6.0,3.25,7.0],"texture":"#layer0","tintindex":0}}},{"name":"head_1","from":[5.669,6.2629995,5.1695],"to":[10.331,9.593,5.1695],"rotation":{"angle":0.0,"axis":"z","origin":[8.0,8.0,8.0]},"faces":{"east":{"uv":[0.0,11.625,0.0,12.25],"texture":"#layer0","tintindex":0},"south":{"uv":[2.875,8.25,3.75,8.875],"texture":"#layer0","tintindex":0},"north":{"uv":[8.25,2.0,9.125,2.625],"texture":"#layer0","tintindex":0},"west":{"uv":[0.125,11.625,0.125,12.25],"texture":"#layer0","tintindex":0},"up":{"uv":[12.375,5.75,11.5,5.75],"texture":"#layer0","tintindex":0},"down":{"uv":[11.5,5.875,12.375,5.875],"texture":"#layer0","tintindex":0}}},{"name":"head_2","from":[4.0039997,10.925,4.0039997],"to":[11.996,11.591,12.662001],"rotation":{"angle":0.0,"axis":"z","origin":[8.0,8.0,8.0]},"faces":{"east":{"uv":[10.0,6.0,11.625,6.125],"texture":"#layer0","tintindex":0},"south":{"uv":[10.625,0.0,12.125,0.125],"texture":"#layer0","tintindex":0},"north":{"uv":[10.5,9.25,12.0,9.375],"texture":"#layer0","tintindex":0},"west":{"uv":[10.0,6.25,11.625,6.375],"texture":"#layer0","tintindex":0},"up":{"uv":[3.875,1.625,2.375,0.0],"texture":"#layer0","tintindex":0},"down":{"uv":[2.375,1.75,3.875,3.375],"texture":"#layer0","tintindex":0}}},{"name":"head_3","from":[2.006,10.90835,2.6719997],"to":[13.994,10.925,13.994001],"rotation":{"angle":0.0,"axis":"z","origin":[8.0,8.0,8.0]},"faces":{"east":{"uv":[10.75,10.0,12.875,10.0],"texture":"#layer0","tintindex":0},"south":{"uv":[11.125,8.75,13.375,8.75],"texture":"#layer0","tintindex":0},"north":{"uv":[10.75,9.875,13.0,9.875],"texture":"#layer0","tintindex":0},"west":{"uv":[11.125,8.875,13.25,8.875],"texture":"#layer0","tintindex":0},"up":{"uv":[2.25,2.125,0.0,0.0],"texture":"#layer0","tintindex":0},"down":{"uv":[0.0,2.25,2.25,4.375],"texture":"#layer0","tintindex":0}}}],"display":{"head":{"translation":[0.0,-6.4,0.0],"rotation":[0.0,0.0,0.0],"scale":[3.8095,3.8095,3.8095]},"gui":{"translation":[0.0,0.0,0.0],"rotation":[35.0,225.0,0.0],"scale":[0.625,0.625,0.625]}}}