{"credit":"Copyright ManaLabs Inc","texture_size":[32,32],"textures":{"0":"manalabs:crates/summer_crate/pool_noodle","particle":"manalabs:crates/summer_crate/pool_noodle"},"elements":[{"from":[9.1,0.94776,8.33463],"to":[10.9,9.74776,10.13463],"rotation":{"angle":0,"axis":"y","origin":[0,0.84776,-0.76537]},"faces":{"north":{"uv":[4,4.5,5,9],"texture":"#0","tintindex":0},"east":{"uv":[4,4.5,5,9],"texture":"#0","tintindex":0},"south":{"uv":[4,4.5,5,9],"texture":"#0","tintindex":0},"west":{"uv":[4,4.5,5,9],"texture":"#0","tintindex":0},"up":{"uv":[3,7.5,2,6.5],"texture":"#0","tintindex":0},"down":{"uv":[8,0,7,1],"texture":"#0","tintindex":0}}},{"from":[9.1,19.43307,0.47066],"to":[10.9,28.23307,2.27066],"rotation":{"angle":-45,"axis":"x","origin":[10,24.08307,1.37066]},"faces":{"north":{"uv":[6,4.5,7,9],"texture":"#0","tintindex":0},"east":{"uv":[6,4.5,7,9],"texture":"#0","tintindex":0},"south":{"uv":[6,4.5,7,9],"texture":"#0","tintindex":0},"west":{"uv":[6,4.5,7,9],"texture":"#0","tintindex":0},"up":{"uv":[8,1,7,0],"texture":"#0","tintindex":0},"down":{"uv":[8,1,7,2],"texture":"#0","tintindex":0}}},{"from":[9,5.38824,9.07196],"to":[11,18.38824,11.07196],"rotation":{"angle":-22.5,"axis":"x","origin":[0,5.38824,0.07196]},"faces":{"north":{"uv":[1,0,2,6.5],"texture":"#0","tintindex":0},"east":{"uv":[1,0,2,6.5],"texture":"#0","tintindex":0},"south":{"uv":[1,0,2,6.5],"texture":"#0","tintindex":0},"west":{"uv":[1,0,2,6.5],"texture":"#0","tintindex":0},"up":{"uv":[8,3,7,2],"texture":"#0","tintindex":0},"down":{"uv":[8,3,7,4],"texture":"#0","tintindex":0}}}],"display":{"thirdperson_righthand":{"rotation":[9,0,0],"translation":[-2.75,1.5,1]},"thirdperson_lefthand":{"rotation":[9,0,0],"translation":[2,1.5,1]},"firstperson_righthand":{"translation":[2.25,-3,0],"scale":[0.6,0.6,0.6]},"firstperson_lefthand":{"translation":[2.25,-3,0],"scale":[0.6,0.6,0.6]},"ground":{"scale":[0.75,0.75,0.75]},"gui":{"rotation":[-101,58.75,123],"translation":[5.75,-3,0],"scale":[0.8,0.8,0.8]},"fixed":{"rotation":[0,90,0],"translation":[2.75,-6.5,0]}},"groups":[{"name":"root","origin":[8,8,8],"color":0,"children":[0,1,2]}]}