{"display":{"thirdperson_righthand":{"rotation":[67,-180,0],"translation":[0,1.5,1],"scale":[0.55,0.55,0.55]},"thirdperson_lefthand":{"rotation":[67,-180,0],"translation":[0,1.5,1],"scale":[0.55,0.55,0.55]},"firstperson_righthand":{"rotation":[0,-19,25],"translation":[1.13,3.2,1.13],"scale":[0.3,0.3,0.3]},"firstperson_lefthand":{"rotation":[0,-19,25],"translation":[1.13,3.2,1.13],"scale":[0.3,0.3,0.3]},"ground":{"translation":[0,-1.75,0],"scale":[0.6,0.6,0.6]},"gui":{"rotation":[0,22,0],"translation":[0,-1.75,0],"scale":[0.6,0.6,0.6]},"head":{"rotation":[0,-180,0],"translation":[0,-35.25,0]},"fixed":{"rotation":[0,-180,0],"translation":[0,-2.25,-2.5]}},"textures":{"0":"furniture/collectibles/babyyoda","particle":"furniture/collectibles/babyyoda"},"elements":[{"from":[1,0,3],"to":[15,8,13],"faces":{"north":{"uv":[7,7,10.5,9],"texture":"#0"},"east":{"uv":[0,10,2.5,12],"texture":"#0"},"south":{"uv":[7,0,10.5,2],"texture":"#0"},"west":{"uv":[10,2,12.5,4],"texture":"#0"},"up":{"uv":[0,3,3.5,5.5],"texture":"#0"},"down":{"uv":[3.5,3.5,7,6],"texture":"#0"}}},{"from":[2,6,4],"to":[14,14,12],"faces":{"north":{"uv":[7,2,10,4],"texture":"#0"},"east":{"uv":[10,4,12,6],"texture":"#0"},"south":{"uv":[7,4,10,6],"texture":"#0"},"west":{"uv":[2.5,10.5,4.5,12.5],"texture":"#0"},"up":{"uv":[0,8,3,10],"texture":"#0"},"down":{"uv":[3,8.5,6,10.5],"texture":"#0"}}},{"from":[-1,8,5],"to":[3,15,10],"rotation":{"angle":-22.5,"axis":"z","origin":[0.49566,10.48688,8.01744]},"faces":{"north":{"uv":[12.25,8.5,13.25,10.25],"texture":"#0"},"east":{"uv":[11,8.5,12.25,10.25],"texture":"#0"},"south":{"uv":[2.5,12.5,3.5,14.25],"texture":"#0"},"west":{"uv":[0,12,1.25,13.75],"texture":"#0"},"up":{"uv":[7.25,12.5,8.25,13.75],"texture":"#0"},"down":{"uv":[13,0,14,1.25],"texture":"#0"}}},{"from":[13,8,5],"to":[17,15,10],"rotation":{"angle":22.5,"axis":"z","origin":[15.50434,10.48688,8.01744]},"faces":{"north":{"uv":[3.5,12.5,4.5,14.25],"texture":"#0"},"east":{"uv":[12,4,13.25,5.75],"texture":"#0"},"south":{"uv":[4.5,12.5,5.5,14.25],"texture":"#0"},"west":{"uv":[12.25,12.25,13.5,14],"texture":"#0"},"up":{"uv":[13.25,8.5,14.25,9.75],"texture":"#0"},"down":{"uv":[13.25,9.75,14.25,11],"texture":"#0"}}},{"from":[-1,6,5],"to":[3,9,10],"rotation":{"angle":-22.5,"axis":"z","origin":[0.49566,10.48688,8.01744]},"faces":{"north":{"uv":[9,13.75,10,14.5],"texture":"#0"},"east":{"uv":[13.5,11.75,14.75,12.5],"texture":"#0"},"south":{"uv":[10,13.75,11,14.5],"texture":"#0"},"west":{"uv":[13.5,12.5,14.75,13.25],"texture":"#0"},"up":{"uv":[13,5.75,14,7],"texture":"#0"},"down":{"uv":[5.5,13.25,6.5,14.5],"texture":"#0"}}},{"from":[13,6,5],"to":[17,9,10],"rotation":{"angle":22.5,"axis":"z","origin":[15.50434,10.48688,8.01744]},"faces":{"north":{"uv":[11,13.75,12,14.5],"texture":"#0"},"east":{"uv":[0,13.75,1.25,14.5],"texture":"#0"},"south":{"uv":[12,14,13,14.75],"texture":"#0"},"west":{"uv":[1.25,13.75,2.5,14.5],"texture":"#0"},"up":{"uv":[13.25,3,14.25,4.25],"texture":"#0"},"down":{"uv":[13.25,4.25,14.25,5.5],"texture":"#0"}}},{"from":[-1.75,7,4],"to":[3,10,11],"rotation":{"angle":-22.5,"axis":"z","origin":[0.49566,10.48688,8.01744]},"faces":{"north":{"uv":[13.5,13.5,14.75,14.25],"texture":"#0"},"east":{"uv":[11,10.25,12.75,11],"texture":"#0"},"south":{"uv":[13.5,11,14.75,11.75],"texture":"#0"},"west":{"uv":[5.5,12.5,7.25,13.25],"texture":"#0"},"up":{"uv":[1.25,12,2.5,13.75],"texture":"#0"},"down":{"uv":[8.5,12,9.75,13.75],"texture":"#0"}}},{"from":[13,7,4],"to":[17.75,10,11],"rotation":{"angle":22.5,"axis":"z","origin":[15.50434,10.48688,8.01744]},"faces":{"north":{"uv":[6.5,13.75,7.75,14.5],"texture":"#0"},"east":{"uv":[12.5,1.5,14.25,2.25],"texture":"#0"},"south":{"uv":[7.75,13.75,9,14.5],"texture":"#0"},"west":{"uv":[12.5,2.25,14.25,3],"texture":"#0"},"up":{"uv":[9.75,12,11,13.75],"texture":"#0"},"down":{"uv":[11,12,12.25,13.75],"texture":"#0"}}},{"from":[1,14,3],"to":[15,18,13],"faces":{"north":{"uv":[7,6,10.5,7],"texture":"#0"},"east":{"uv":[8.5,11,11,12],"texture":"#0"},"south":{"uv":[10.5,7.5,14,8.5],"texture":"#0"},"west":{"uv":[11,11,13.5,12],"texture":"#0"},"up":{"uv":[0,5.5,3.5,8],"texture":"#0"},"down":{"uv":[3.5,6,7,8.5],"texture":"#0"}}},{"from":[3,17.25,4],"to":[13,23.25,12],"rotation":{"angle":0,"axis":"y","origin":[8,7.25,8]},"faces":{"north":{"uv":[10.5,0,13,1.5],"texture":"#0"},"east":{"uv":[4.5,11,6.5,12.5],"texture":"#0"},"south":{"uv":[10.5,6,13,7.5],"texture":"#0"},"west":{"uv":[6.5,11,8.5,12.5],"texture":"#0"},"up":{"uv":[6,9,8.5,11],"texture":"#0"},"down":{"uv":[8.5,9,11,11],"texture":"#0"}}},{"from":[7.25,19,11.5],"to":[8.75,19.75,12.5],"rotation":{"angle":-22.5,"axis":"x","origin":[7.98691,19.24211,12.52097]},"faces":{"north":{"uv":[10.5,0,13,1.5],"texture":"#0"},"east":{"uv":[8.5,9.25,10.5,10.75],"texture":"#0"},"south":{"uv":[7.75,9.25,8,9.5],"texture":"#0"},"west":{"uv":[9,9.5,11,11],"texture":"#0"},"up":{"uv":[6,9,8.5,11],"texture":"#0"},"down":{"uv":[8.5,9,11,11],"texture":"#0"}}},{"from":[-5,16.75,8],"to":[21,22.5,8],"rotation":{"angle":0,"axis":"z","origin":[-2.02266,20.23248,8.04015]},"faces":{"north":{"uv":[0,0,7,1.5],"texture":"#0"},"east":{"uv":[0,0,0,1.5],"texture":"#0"},"south":{"uv":[0,1.5,7,3],"texture":"#0"},"west":{"uv":[0,0,0,1.5],"texture":"#0"},"up":{"uv":[0,0,7,0],"texture":"#0"},"down":{"uv":[0,0,7,0],"texture":"#0"}}}]}