{"display":{"thirdperson_righthand":{"scale":[0.5,0.5,0.5]},"thirdperson_lefthand":{"scale":[0.5,0.5,0.5]},"firstperson_righthand":{"scale":[0.5,0.5,0.5]},"firstperson_lefthand":{"scale":[0.5,0.5,0.5]},"ground":{"scale":[0.5,0.5,0.5]},"gui":{"rotation":[15,153,0],"translation":[0.5,-5.75,0],"scale":[1.3,1.3,1.3]}},"texture_size":[128,128],"textures":{"0":"manamodels/karen_the_computer"},"elements":[{"name":"h_head","from":[2.50028,8.9,3],"to":[13.50028,17.4,10],"rotation":{"angle":0,"axis":"y","origin":[8.00028,-14,5]},"faces":{"north":{"uv":[0,0,2.75,2.125],"texture":"#0"},"east":{"uv":[2.875,3.75,4.625,5.875],"texture":"#0"},"south":{"uv":[0,2.25,2.75,4.375],"texture":"#0"},"west":{"uv":[0,4.5,1.75,6.625],"texture":"#0"},"up":{"uv":[5.625,1.75,2.875,0],"texture":"#0"},"down":{"uv":[5.625,1.875,2.875,3.625],"texture":"#0"}}},{"name":"h_head","from":[3.50028,10.9,10],"to":[12.50028,14.9,13],"rotation":{"angle":0,"axis":"y","origin":[8.00028,-14,5]},"faces":{"north":{"uv":[4.75,3.75,7,4.75],"texture":"#0"},"east":{"uv":[1.875,4.5,2.625,5.5],"texture":"#0"},"south":{"uv":[4.75,4.875,7,5.875],"texture":"#0"},"west":{"uv":[7.125,2,7.875,3],"texture":"#0"},"up":{"uv":[5.5,6.75,3.25,6],"texture":"#0"},"down":{"uv":[7.875,6,5.625,6.75],"texture":"#0"}}},{"name":"h_head","from":[3.51278,10.19277,8.94449],"to":[12.47528,11.69277,12.44449],"rotation":{"angle":-22.5,"axis":"x","origin":[8.00028,11.94277,10.94449]},"faces":{"north":{"uv":[3.25,6.875,5.5,7.25],"texture":"#0"},"east":{"uv":[8,6,8.875,6.375],"texture":"#0"},"south":{"uv":[5.625,6.875,7.875,7.25],"texture":"#0"},"west":{"uv":[8,6.5,8.875,6.875],"texture":"#0"},"up":{"uv":[8,0.875,5.75,0],"texture":"#0"},"down":{"uv":[8,1,5.75,1.875],"texture":"#0"}}}],"gui_light":"front"}