{"textures":{"0":"modelengine:custom/chibi_santa","particle":"modelengine:custom/chibi_santa"},"elements":[{"from":[8.5,9.95,-1.0],"to":[9.5,12.95,1.0],"faces":{"east":{"uv":[4.758,12.508,5.242,13.242],"tintindex":0,"rotation":0,"texture":"#0"},"south":{"uv":[6.008,12.008,6.242,12.742],"tintindex":0,"rotation":0,"texture":"#0"},"north":{"uv":[6.758,10.508,6.992,11.242],"tintindex":0,"rotation":0,"texture":"#0"},"west":{"uv":[12.508,8.008,12.992,8.742],"tintindex":0,"rotation":0,"texture":"#0"},"up":{"uv":[6.742,9.242,6.508,8.758],"tintindex":0,"rotation":0,"texture":"#0"},"down":{"uv":[4.492,9.508,4.258,9.992],"tintindex":0,"rotation":0,"texture":"#0"}},"rotation":{"origin":[1.5,6.95,0.0],"angle":-22.5,"axis":"y"}},{"from":[8.41449,9.95,13.841459],"to":[9.41449,12.95,15.841459],"faces":{"east":{"uv":[12.508,11.258,12.992,11.992],"tintindex":0,"rotation":0,"texture":"#0"},"south":{"uv":[13.008,1.508,13.242,2.242],"tintindex":0,"rotation":0,"texture":"#0"},"north":{"uv":[6.008,12.758,6.242,13.492],"tintindex":0,"rotation":0,"texture":"#0"},"west":{"uv":[12.508,12.008,12.992,12.742],"tintindex":0,"rotation":0,"texture":"#0"},"up":{"uv":[6.992,11.742,6.758,11.258],"tintindex":0,"rotation":0,"texture":"#0"},"down":{"uv":[7.242,13.008,7.008,13.492],"tintindex":0,"rotation":0,"texture":"#0"}},"rotation":{"origin":[1.5,6.95,14.60654],"angle":22.5,"axis":"y"}},{"from":[3.5,5.5,2.5],"to":[7.5,9.5,12.5],"faces":{"east":{"uv":[7.258,6.008,9.742,6.992],"tintindex":0,"rotation":0,"texture":"#0"},"south":{"uv":[4.258,11.508,5.242,12.492],"tintindex":0,"rotation":0,"texture":"#0"},"north":{"uv":[3.258,11.508,4.242,12.492],"tintindex":0,"rotation":0,"texture":"#0"},"west":{"uv":[6.758,7.258,9.242,8.242],"tintindex":0,"rotation":0,"texture":"#0"},"up":{"uv":[8.492,2.492,7.508,0.008],"tintindex":0,"rotation":0,"texture":"#0"},"down":{"uv":[0.992,7.758,0.008,10.242],"tintindex":0,"rotation":0,"texture":"#0"}}},{"from":[3.0,4.5,4.5],"to":[7.0,8.5,10.5],"faces":{"east":{"uv":[10.008,9.758,11.492,10.742],"tintindex":0,"rotation":0,"texture":"#0"},"south":{"uv":[11.508,8.008,12.492,8.992],"tintindex":0,"rotation":0,"texture":"#0"},"north":{"uv":[11.508,4.508,12.492,5.492],"tintindex":0,"rotation":0,"texture":"#0"},"west":{"uv":[0.008,10.258,1.492,11.242],"tintindex":0,"rotation":0,"texture":"#0"},"up":{"uv":[7.992,11.742,7.008,10.258],"tintindex":0,"rotation":0,"texture":"#0"},"down":{"uv":[6.242,10.508,5.258,11.992],"tintindex":0,"rotation":0,"texture":"#0"}}},{"from":[4.0,8.0,3.0],"to":[13.0,15.0,12.0],"faces":{"east":{"uv":[5.008,5.508,7.242,7.242],"tintindex":0,"rotation":0,"texture":"#0"},"south":{"uv":[5.258,0.508,7.492,2.242],"tintindex":0,"rotation":0,"texture":"#0"},"north":{"uv":[2.758,5.508,4.992,7.242],"tintindex":0,"rotation":0,"texture":"#0"},"west":{"uv":[5.258,2.758,7.492,4.492],"tintindex":0,"rotation":0,"texture":"#0"},"up":{"uv":[2.242,7.742,0.008,5.508],"tintindex":0,"rotation":0,"texture":"#0"},"down":{"uv":[4.492,7.258,2.258,9.492],"tintindex":0,"rotation":0,"texture":"#0"}}},{"from":[6.0,9.5,2.5],"to":[8.0,13.5,12.5],"faces":{"east":{"uv":[7.508,2.508,9.992,3.492],"tintindex":0,"rotation":0,"texture":"#0"},"south":{"uv":[3.508,12.508,3.992,13.492],"tintindex":0,"rotation":0,"texture":"#0"},"north":{"uv":[3.008,12.508,3.492,13.492],"tintindex":0,"rotation":0,"texture":"#0"},"west":{"uv":[7.508,3.508,9.992,4.492],"tintindex":0,"rotation":0,"texture":"#0"},"up":{"uv":[6.742,12.992,6.258,10.508],"tintindex":0,"rotation":0,"texture":"#0"},"down":{"uv":[11.492,1.508,11.008,3.992],"tintindex":0,"rotation":0,"texture":"#0"}}}],"display":{"gui":{"rotation":[30,225,0]}}}