{"file_name":"bone","texture_size":[256,256],"textures":{"layer0":"manamodels/knight"},"elements":[{"name":"bone_0","from":[9.950001,9.2,-11.800001],"to":[9.950001,12.8,-8.200001],"rotation":{"angle":0.0,"axis":"z","origin":[8.0,8.0,8.0]},"faces":{"east":{"uv":[5.8125,2.375,6.1875,2.75],"texture":"#layer0","tintindex":0},"south":{"uv":[7.625,4.25,7.625,4.625],"texture":"#layer0","tintindex":0},"north":{"uv":[3.875,7.625,3.875,8.0],"texture":"#layer0","tintindex":0},"west":{"uv":[5.8125,2.8125,6.1875,3.1875],"texture":"#layer0","tintindex":0},"up":{"uv":[7.625,5.0625,7.625,4.6875],"texture":"#layer0","tintindex":0},"down":{"uv":[7.625,5.5,7.625,5.875],"texture":"#layer0","tintindex":0}}},{"name":"bone_1","from":[9.950001,10.1,-15.400001],"to":[9.950001,11.900001,-11.800001],"rotation":{"angle":0.0,"axis":"z","origin":[8.0,8.0,8.0]},"faces":{"east":{"uv":[6.875,5.0625,7.25,5.25],"texture":"#layer0","tintindex":0},"south":{"uv":[3.25,7.625,3.25,7.8125],"texture":"#layer0","tintindex":0},"north":{"uv":[3.1875,7.625,3.1875,7.8125],"texture":"#layer0","tintindex":0},"west":{"uv":[6.875,5.625,7.25,5.8125],"texture":"#layer0","tintindex":0},"up":{"uv":[7.625,3.9375,7.625,3.5625],"texture":"#layer0","tintindex":0},"down":{"uv":[3.8125,7.625,3.8125,8.0],"texture":"#layer0","tintindex":0}}}],"display":{"head":{"translation":[0.0,-6.4,0.0],"rotation":[0.0,0.0,0.0],"scale":[3.8095,3.8095,3.8095]},"gui":{"translation":[0.0,0.0,0.0],"rotation":[35.0,225.0,0.0],"scale":[0.625,0.625,0.625]}}}