{"textures":{"0":"modelengine:custom/frost_golem","particle":"modelengine:custom/frost_golem"},"elements":[{"from":[6.0,2.75,5.0],"to":[11.0,9.75,11.0],"faces":{"east":{"uv":[9.125,3.25,9.875,4.125],"tintindex":0,"rotation":0,"texture":"#0"},"south":{"uv":[9.125,3.25,8.5,4.125],"tintindex":0,"rotation":0,"texture":"#0"},"north":{"uv":[8.5,3.25,9.125,4.125],"tintindex":0,"rotation":0,"texture":"#0"},"west":{"uv":[9.125,3.25,9.875,4.125],"tintindex":0,"rotation":0,"texture":"#0"},"up":{"uv":[9.125,3.25,8.5,2.5],"tintindex":0,"rotation":0,"texture":"#0"},"down":{"uv":[9.75,2.5,9.125,3.25],"tintindex":0,"rotation":0,"texture":"#0"}}}],"display":{"gui":{"rotation":[30,225,0]}}}