{"parent":"item/generated","textures":{"layer0":"item/diamond_leggings"},"overrides":[{"predicate":{"damaged":0,"damage":0.3030303},"model":"item/crates/drseuss21_crate/pale_green_pants"},{"predicate":{"damaged":1},"model":"item/diamond_leggings"},{"predicate":{"custom_model_data":100001},"model":"item/crates/stpatrick21_crate/leggings"},{"predicate":{"custom_model_data":100002},"model":"item/crates/spongebob21_crate/patrick_pants"},{"predicate":{"custom_model_data":100004},"model":"item/crates/stpatrick21_crate/leggings"},{"predicate":{"custom_model_data":100005},"model":"item/gear/leggings/santa_leggings"},{"predicate":{"custom_model_data":100006},"model":"item/crates/valentines22_crate/valentines_leggings"},{"predicate":{"custom_model_data":100007},"model":"item/crates/stpatrick21_crate/leggings"},{"predicate":{"custom_model_data":100008},"model":"item/crates/halloween22/tentacles"},{"predicate":{"custom_model_data":100009},"model":"item/crates/drseuss21_crate/pale_green_pants"}]}