{"parent":"item/handheld","textures":{"layer0":"item/diamond_pickaxe"},"overrides":[{"predicate":{"damaged":0,"damage":0.00064061499},"model":"item/gear/misc/multitool"},{"predicate":{"damaged":0,"damage":0.05249679897},"model":"item/gear/pickaxe/emerald_pickaxe"},{"predicate":{"damaged":0,"damage":0.06145966709},"model":"item/gear/pickaxe/maplepickaxe"},{"predicate":{"damaged":0,"damage":0.06466069142},"model":"item/gear/axe/magical_ice_axe"},{"predicate":{"damaged":0,"damage":0.06786171574},"model":"item/crates/egypt_crate/pharaoh_axe"},{"predicate":{"damaged":0,"damage":0.06914212548},"model":"item/gear/pickaxe/invaderpickaxe"},{"predicate":{"damaged":0,"damage":0.07554417413},"model":"item/crates/thanksgiving20_crate/fork"},{"predicate":{"damaged":0,"damage":0.076184379},"model":"item/crates/christmas20_crate/gingerpickaxe"},{"predicate":{"damaged":0,"damage":0.081946222},"model":"item/crates/newyear20_crate/pickaxe"},{"predicate":{"damaged":0,"damage":0.08578745},"model":"item/crates/chinese21_crate/dragon_pickaxe"},{"predicate":{"damaged":0,"damage":0.09481102},"model":"item/crates/drseuss21_crate/wocketpickaxe"},{"predicate":{"damaged":0,"damage":0.1056338},"model":"item/crates/pokemon21_crate/excadrill_pickaxe"},{"predicate":{"damaged":0,"damage":0.11331626},"model":"item/crates/toystory21_crate/prospector_pickaxe"},{"predicate":{"damaged":1},"model":"item/diamond_pickaxe"},{"predicate":{"custom_model_data":100003},"model":"item/crates/egypt_crate/pharaoh_axe"},{"predicate":{"custom_model_data":100004},"model":"item/crates/christmas20_crate/gingerpickaxe"},{"predicate":{"custom_model_data":100005},"model":"item/crates/newyear20_crate/pickaxe"},{"predicate":{"custom_model_data":100006},"model":"item/crates/chinese21_crate/dragon_pickaxe"},{"predicate":{"custom_model_data":100007},"model":"item/crates/stpatrick21_crate/pickaxe"},{"predicate":{"custom_model_data":100010},"model":"item/gear/misc/multitool"},{"predicate":{"custom_model_data":100011},"model":"item/gear/misc/multitool"},{"predicate":{"custom_model_data":100012},"model":"item/gear/pickaxe/emerald_pickaxe"},{"predicate":{"custom_model_data":100013},"model":"item/gear/pickaxe/maplepickaxe"},{"predicate":{"custom_model_data":100014},"model":"item/crates/pokemon21_crate/excadrill_pickaxe"},{"predicate":{"custom_model_data":100015},"model":"item/crates/toystory21_crate/prospector_pickaxe"},{"predicate":{"custom_model_data":100016},"model":"item/gear/pickaxe/ice_pickaxe"},{"predicate":{"custom_model_data":100017},"model":"item/crates/ancient/ancient_pickaxe"},{"predicate":{"custom_model_data":100018},"model":"item/crates/legendary/legendary_pickaxe"},{"predicate":{"custom_model_data":100019},"model":"item/crates/mythical/mythical_pickaxe"},{"predicate":{"custom_model_data":100020},"model":"item/crates/anime21_crate/blaze_reap"},{"predicate":{"custom_model_data":100021},"model":"item/crates/halloween21_crate/pumpkin_pickaxe"},{"predicate":{"custom_model_data":100022},"model":"item/crates/ocean21_crate/crab_pickaxe"},{"predicate":{"custom_model_data":100023},"model":"item/crates/christmas21_crate/reindeer_pickaxe"},{"predicate":{"custom_model_data":100024},"model":"item/crates/christmas21_crate/xmas_pickaxe"},{"predicate":{"custom_model_data":100025},"model":"item/crates/arctic21_crate/ice_climbing_pickaxe"},{"predicate":{"custom_model_data":100026},"model":"item/crates/valentines22_crate/valentines_pickaxe"},{"predicate":{"custom_model_data":100027},"model":"item/crates/banana_crate/potassium_pickaxe"},{"predicate":{"custom_model_data":100028},"model":"item/crates/skyrim_crate/nordic_pickaxe"},{"predicate":{"custom_model_data":100029},"model":"item/crates/mario_crate/super_pickaxe"},{"predicate":{"custom_model_data":100030},"model":"item/crates/summer_crate/watermelon_pickaxe"},{"predicate":{"custom_model_data":100031},"model":"item/crates/space_crate/blackhole_pickaxe"},{"predicate":{"custom_model_data":100032},"model":"item/crates/halloween22/ghost_pickaxe"},{"predicate":{"custom_model_data":100039},"model":"item/gear/axe/magical_ice_axe"},{"predicate":{"custom_model_data":100040},"model":"item/gear/pickaxe/invaderpickaxe"},{"predicate":{"custom_model_data":100041},"model":"item/crates/thanksgiving20_crate/fork"},{"predicate":{"custom_model_data":100042},"model":"item/crates/drseuss21_crate/wocketpickaxe"},{"predicate":{"custom_model_data":100043},"model":"item/crates/pride/rainbow_pickaxe"},{"predicate":{"custom_model_data":200001},"model":"item/gear/pickaxe/rage_pickaxe"},{"predicate":{"custom_model_data":200002},"model":"item/gear/pickaxe/legendary_pickaxe"}]}