{"parent":"item/handheld_rod","textures":{"layer0":"item/fishing_rod"},"overrides":[{"predicate":{"cast":1},"model":"item/fishing_rod_cast"},{"predicate":{"damaged":0,"damage":0.09923175},"model":"item/crates/easter21_crate/pocky_rod"},{"predicate":{"damaged":0,"damage":0.09923175,"cast":1},"model":"item/crates/easter21_crate/pocky_rod_cast"},{"predicate":{"damaged":1},"model":"item/fishing_rod"},{"predicate":{"damaged":1,"cast":1},"model":"item/fishing_rod_cast"},{"predicate":{"custom_model_data":100001},"model":"item/crates/easter21_crate/pocky_rod"},{"predicate":{"custom_model_data":100001,"cast":1},"model":"item/crates/easter21_crate/pocky_rod_cast"},{"predicate":{"custom_model_data":100002},"model":"item/crates/pokemon21_crate/pokeball"},{"predicate":{"custom_model_data":100002,"cast":1},"model":"item/crates/pokemon21_crate/pokeball"},{"predicate":{"custom_model_data":100003},"model":"item/crates/christmas21_crate/xmas_fishingrod"},{"predicate":{"custom_model_data":100003,"cast":1},"model":"item/crates/christmas21_crate/xmas_fishingrod"},{"predicate":{"custom_model_data":100004},"model":"item/crates/valentines22_crate/valentines_fishing_rod"},{"predicate":{"custom_model_data":100004,"cast":1},"model":"item/crates/valentines22_crate/valentines_fishing_rod_cast"},{"predicate":{"custom_model_data":100005},"model":"item/gear/fishing_rod/golden_fishing_rod"},{"predicate":{"custom_model_data":100005,"cast":1},"model":"item/gear/fishing_rod/golden_fishing_rod_cast"},{"predicate":{"custom_model_data":100006},"model":"item/crates/zelda_crate/hookshot"},{"predicate":{"custom_model_data":100006,"cast":1},"model":"item/crates/zelda_crate/hookshot"},{"predicate":{"custom_model_data":100007},"model":"item/crates/medieval_crate/flail"},{"predicate":{"custom_model_data":100007,"cast":1},"model":"item/crates/medieval_crate/flail"},{"predicate":{"custom_model_data":100008},"model":"item/crates/marvel/web_shooter"},{"predicate":{"custom_model_data":100008,"cast":1},"model":"item/crates/marvel/web_shooter"},{"predicate":{"custom_model_data":100009},"model":"item/festivals/spring/butterfly_catcher"},{"predicate":{"custom_model_data":100009,"cast":1},"model":"item/festivals/spring/butterfly_catcher"},{"predicate":{"custom_model_data":100010},"model":"item/crates/wild/giraffe_rod"},{"predicate":{"custom_model_data":100010,"cast":1},"model":"item/crates/wild/giraffe_rod_cast"},{"predicate":{"custom_model_data":100011},"model":"item/crates/wild/giraffe_rod_preview"},{"predicate":{"custom_model_data":100012},"model":"item/crates/retro/scorpion_spear"},{"predicate":{"custom_model_data":100012,"cast":1},"model":"item/crates/retro/scorpion_spear_cast"},{"predicate":{"custom_model_data":200001},"model":"item/gear/misc/legendary_grapplegun"},{"predicate":{"custom_model_data":200001,"cast":1},"model":"item/gear/misc/legendary_grapplegun"}]}