{"parent":"item/handheld","textures":{"layer0":"item/netherite_axe"},"overrides":[{"predicate":{"damaged":0,"damage":0.00064061499},"model":"item/gear/misc/multitool"},{"predicate":{"damaged":0,"damage":0.03692762},"model":"item/gear/axe/cupidaxe"},{"predicate":{"damaged":0,"damage":0.04480551},"model":"item/gear/axe/thors_hammer"},{"predicate":{"damaged":0,"damage":0.04972919},"model":"item/gear/axe/magical_ice_axe"},{"predicate":{"damaged":0,"damage":0.05416051},"model":"item/gear/axe/donkeykonghammer"},{"predicate":{"damaged":0,"damage":0.06253077},"model":"item/crates/newyear20_crate/axe"},{"predicate":{"damaged":0,"damage":0.06646971},"model":"item/crates/chinese21_crate/dragon_axe"},{"predicate":{"damaged":0,"damage":0.06942392},"model":"item/crates/valentine20_crate/staff"},{"predicate":{"damaged":0,"damage":0.0797244},"model":"item/crates/pokemon21_crate/kyogre_axe"},{"predicate":{"damaged":1},"model":"item/netherite_axe"},{"predicate":{"custom_model_data":100001},"model":"item/crates/thanksgiving20_crate/fork"},{"predicate":{"custom_model_data":100002},"model":"item/crates/cybermonday_crate/cyberaxe"},{"predicate":{"custom_model_data":100003},"model":"item/gear/axe/gorillaclub"},{"predicate":{"custom_model_data":100004},"model":"item/crates/newyear20_crate/axe"},{"predicate":{"custom_model_data":100005},"model":"item/crates/valentine20_crate/staff"},{"predicate":{"custom_model_data":100006},"model":"item/crates/chinese21_crate/dragon_axe"},{"predicate":{"custom_model_data":100007},"model":"item/crates/stpatrick21_crate/axe"},{"predicate":{"custom_model_data":100010},"model":"item/gear/misc/multitool"},{"predicate":{"custom_model_data":100011},"model":"item/gear/misc/multitool"},{"predicate":{"custom_model_data":100012},"model":"item/gear/axe/cupidaxe"},{"predicate":{"custom_model_data":100013},"model":"item/gear/axe/thors_hammer"},{"predicate":{"custom_model_data":100014},"model":"item/gear/axe/magical_ice_axe"},{"predicate":{"custom_model_data":100021},"model":"item/crates/pokemon21_crate/kyogre_axe"},{"predicate":{"custom_model_data":100022},"model":"item/gear/axe/mecha_fist"},{"predicate":{"custom_model_data":100023},"model":"item/crates/harrypotter21_crate/executioners_axe"},{"predicate":{"custom_model_data":100024},"model":"item/crates/ancient/ancient_axe"},{"predicate":{"custom_model_data":100025},"model":"item/crates/legendary/legendary_axe"},{"predicate":{"custom_model_data":100026},"model":"item/crates/mythical/mythical_axe"},{"predicate":{"custom_model_data":100027},"model":"item/crates/spongebob21_crate/gg_guitar"},{"predicate":{"custom_model_data":100028},"model":"item/crates/anime21_crate/divine_axe"},{"predicate":{"custom_model_data":100029},"model":"item/crates/halloween21_crate/chainsaw_axe"},{"predicate":{"custom_model_data":100030},"model":"item/crates/christmas21_crate/xmas_axe"},{"predicate":{"custom_model_data":100031},"model":"item/crates/christmas21_crate/xmas_gloves"},{"predicate":{"custom_model_data":100032},"model":"item/crates/valentines22_crate/valentines_axe"},{"predicate":{"custom_model_data":100033},"model":"item/crates/skyrim_crate/daedric_war_axe"},{"predicate":{"custom_model_data":100034},"model":"item/crates/mario_crate/mystery_hammer"},{"predicate":{"custom_model_data":100035},"model":"item/crates/zelda_crate/megaton_hammer"},{"predicate":{"custom_model_data":100036},"model":"item/crates/space_crate/cosmic_scythe"},{"predicate":{"custom_model_data":100037},"model":"item/crates/space_crate/meteor_mace"},{"predicate":{"custom_model_data":100038},"model":"item/crates/space_crate/nebula_axe"},{"predicate":{"custom_model_data":100039},"model":"item/crates/halloween22/chainsaw"},{"predicate":{"custom_model_data":100040},"model":"item/crates/halloween22/chainsaw_animated"},{"predicate":{"custom_model_data":100041},"model":"item/crates/medieval_crate/nightrider_glaive"},{"predicate":{"custom_model_data":100042},"model":"item/crates/christmas22_crate/frozen_axe"},{"predicate":{"custom_model_data":100043},"model":"item/crates/christmas22_crate/gingerbread_hammer"},{"predicate":{"custom_model_data":100044},"model":"item/crates/marvel/infinity_gauntlet"},{"predicate":{"custom_model_data":100045},"model":"item/crates/marvel/stormbreaker"},{"predicate":{"custom_model_data":100046},"model":"item/crates/marvel/stormbreaker_1"},{"predicate":{"custom_model_data":100047},"model":"item/crates/mythology/green_dragon_crescent_blade"},{"predicate":{"custom_model_data":100048},"model":"item/crates/wild/bear_claws"},{"predicate":{"custom_model_data":100049},"model":"item/gear/axe/donkeykonghammer"},{"predicate":{"custom_model_data":100050},"model":"item/crates/retro/knuckles"},{"predicate":{"custom_model_data":100051},"model":"item/crates/retro/pacman_axe"},{"predicate":{"custom_model_data":100052},"model":"item/crates/retro/pacman_axe_anim"},{"predicate":{"custom_model_data":100053},"model":"item/crates/retro/tetris_axe"},{"predicate":{"custom_model_data":200001},"model":"item/gear/axe/boxing_glove"},{"predicate":{"custom_model_data":200002},"model":"item/crates/zelda_crate/spring_loaded_hammer"}]}