{"parent":"item/handheld","textures":{"layer0":"item/netherite_hoe"},"overrides":[{"predicate":{"damaged":0,"damage":0.066581306},"model":"item/crates/egypt_crate/serpent_wand"},{"predicate":{"damaged":0,"damage":0.0685019206},"model":"item/gear/misc/modernspacegun"},{"predicate":{"damaged":0,"damage":0.0742637644},"model":"item/crates/thanksgiving20_crate/turkeyleg"},{"predicate":{"damaged":0,"damage":0.0749039692},"model":"item/crates/thanksgiving20_crate/turkey"},{"predicate":{"damaged":0,"damage":0.0787451984},"model":"item/crates/christmas20_crate/snowmanhat"},{"predicate":{"damaged":0,"damage":0.08327995},"model":"item/crates/newyear20_crate/partyhat"},{"predicate":{"damaged":0,"damage":0.08392056},"model":"item/crates/newyear20_crate/glasses"},{"predicate":{"damaged":0,"damage":0.08706786},"model":"item/crates/chinese21_crate/oxe_helmet"},{"predicate":{"damaged":0,"damage":0.08770807},"model":"item/crates/chinese21_crate/chinese_lantern"},{"predicate":{"damaged":0,"damage":0.08962868},"model":"item/crates/valentine20_crate/hat"},{"predicate":{"damaged":1},"model":"item/netherite_hoe"},{"predicate":{"custom_model_data":100001},"model":"item/crates/thanksgiving20_crate/turkey"},{"predicate":{"custom_model_data":100002},"model":"item/wardrobe/hand/babyyoda"},{"predicate":{"custom_model_data":100003},"model":"item/gear/misc/snowballgun"},{"predicate":{"custom_model_data":100004},"model":"item/crates/pokemon21_crate/snorlax_preview"},{"predicate":{"custom_model_data":100005},"model":"item/ui/mechadino_preview"},{"predicate":{"custom_model_data":100006},"model":"item/ui/sahuagin_preview"},{"predicate":{"custom_model_data":100007},"model":"item/crates/toystory21_crate/zurg_blaster"},{"predicate":{"custom_model_data":100008},"model":"item/crates/toystory21_crate/slinky_preview"},{"predicate":{"custom_model_data":100009},"model":"item/crates/toystory21_crate/forky_preview"},{"predicate":{"custom_model_data":100010},"model":"item/gear/misc/multitool"},{"predicate":{"custom_model_data":100011},"model":"item/crates/harrypotter21_crate/buckbeak_preview"},{"predicate":{"custom_model_data":100012},"model":"item/crates/harrypotter21_crate/hedwig_preview"},{"predicate":{"custom_model_data":100013},"model":"item/crates/spongebob21_crate/gary_preview"},{"predicate":{"custom_model_data":100014},"model":"item/crates/spongebob21_crate/karen_the_computer_preview"},{"predicate":{"custom_model_data":100015},"model":"item/crates/spongebob21_crate/sandys_pop_gun"},{"predicate":{"custom_model_data":100016},"model":"item/crates/spongebob21_crate/gg_guitar"},{"predicate":{"custom_model_data":100017},"model":"item/crates/halloween21_crate/zero_preview"},{"predicate":{"custom_model_data":100018},"model":"item/crates/halloween21_crate/casper_preview"},{"predicate":{"custom_model_data":100019},"model":"item/crates/christmas21_crate/xmas_hoe"},{"predicate":{"custom_model_data":100020},"model":"item/gear/misc/cursedwitchstaff"},{"predicate":{"custom_model_data":100021},"model":"item/crates/banana_crate/banana_scythe"},{"predicate":{"custom_model_data":100022},"model":"item/crates/mario_crate/magikoopa_wand"},{"predicate":{"custom_model_data":100024},"model":"item/crates/summer_crate/water_gun"},{"predicate":{"custom_model_data":100025},"model":"item/crates/christmas22_crate/pengun"},{"predicate":{"custom_model_data":100026},"model":"item/crates/mystery_crate/raygun"},{"predicate":{"custom_model_data":100027},"model":"item/gear/hoe/adamant_hoe"},{"predicate":{"custom_model_data":100028},"model":"item/crates/easter23/easter_egg_blaster"},{"predicate":{"custom_model_data":100029},"model":"item/crates/wild/safari_net_gun"},{"predicate":{"custom_model_data":100030},"model":"item/crates/egypt_crate/serpent_wand"},{"predicate":{"custom_model_data":100031},"model":"item/gear/misc/modernspacegun"},{"predicate":{"custom_model_data":100032},"model":"item/crates/thanksgiving20_crate/turkeyleg"},{"predicate":{"custom_model_data":100033},"model":"item/crates/retro/fire_flower"},{"predicate":{"custom_model_data":200001},"model":"item/deco/chests/gold"},{"predicate":{"custom_model_data":200002},"model":"item/deco/chests/green"},{"predicate":{"custom_model_data":200003},"model":"item/deco/chests/blue"},{"predicate":{"custom_model_data":200004},"model":"item/deco/chests/purple"},{"predicate":{"custom_model_data":200005},"model":"item/deco/chests/red"},{"predicate":{"custom_model_data":200006},"model":"item/deco/chests/mana"},{"predicate":{"custom_model_data":200007},"model":"item/deco/cubit"}]}