{"parent":"minecraft:item/template_skull","overrides":[{"predicate":{"custom_model_data":10009},"model":"item/player/player_head_gui_size_1"},{"predicate":{"custom_model_data":10010},"model":"item/player/player_head_gui_size_4"},{"predicate":{"custom_model_data":10011},"model":"item/player/player_head_block_size_item_frame"},{"predicate":{"custom_model_data":10012},"model":"item/player/player_head_hand_size_2"},{"predicate":{"custom_model_data":10013},"model":"minecraft:item/player_head"},{"predicate":{"custom_model_data":10014},"model":"minecraft:item/crates/mario_crate/mushroom"}]}