{"parent":"builtin/entity","gui_light":"front","textures":{"particle":"block/dark_oak_planks"},"display":{"thirdperson_righthand":{"rotation":[0,90,0],"translation":[10,6,-4],"scale":[1,1,1]},"thirdperson_lefthand":{"rotation":[0,90,0],"translation":[10,6,12],"scale":[1,1,1]},"firstperson_righthand":{"rotation":[0,180,5],"translation":[-10,2,-10],"scale":[1.25,1.25,1.25]},"firstperson_lefthand":{"rotation":[0,180,5],"translation":[10,0,-10],"scale":[1.25,1.25,1.25]},"gui":{"rotation":[15,-25,-5],"translation":[2,3,0],"scale":[0.65,0.65,0.65]},"fixed":{"rotation":[0,180,0],"translation":[-2,4,-5],"scale":[0.5,0.5,0.5]},"ground":{"rotation":[0,0,0],"translation":[4,4,2],"scale":[0.25,0.25,0.25]}},"overrides":[{"predicate":{"blocking":1},"model":"item/shield_blocking"},{"predicate":{"damaged":0,"damage":0.43026706},"model":"item/gear/shield/olympus_shield"},{"predicate":{"damaged":1},"model":"item/shield"},{"predicate":{"custom_model_data":100001},"model":"item/gear/shield/olympus_shield"},{"predicate":{"custom_model_data":100001,"blocking":1},"model":"item/gear/shield/olympus_shield_blocking"},{"predicate":{"custom_model_data":100002},"model":"item/crates/anime21_crate/shield_hero_default"},{"predicate":{"custom_model_data":100002,"blocking":1},"model":"item/crates/anime21_crate/shield_hero_default_block"},{"predicate":{"custom_model_data":100003},"model":"item/crates/anime21_crate/shield_hero_rage"},{"predicate":{"custom_model_data":100003,"blocking":1},"model":"item/crates/anime21_crate/shield_hero_rage_block"},{"predicate":{"custom_model_data":100004},"model":"item/crates/christmas21_crate/xmas_shield"},{"predicate":{"custom_model_data":100004,"blocking":1},"model":"item/crates/christmas21_crate/xmas_shield_blocking"},{"predicate":{"custom_model_data":100005},"model":"item/crates/valentines22_crate/heart_shield"},{"predicate":{"custom_model_data":100005,"blocking":1},"model":"item/crates/valentines22_crate/heart_shield_blocking"},{"predicate":{"custom_model_data":100006},"model":"item/crates/skyrim_crate/stalhrim_shield"},{"predicate":{"custom_model_data":100006,"blocking":1},"model":"item/crates/skyrim_crate/stalhrim_shield"},{"predicate":{"custom_model_data":100007},"model":"item/crates/zelda_crate/hylian_shield"},{"predicate":{"custom_model_data":100007,"blocking":1},"model":"item/crates/zelda_crate/hylian_shield"},{"predicate":{"custom_model_data":100008},"model":"item/crates/medieval_crate/templar_shield"},{"predicate":{"custom_model_data":100008,"blocking":1},"model":"item/crates/medieval_crate/templar_shield"},{"predicate":{"custom_model_data":100009},"model":"item/crates/marvel/captain_america_shield"},{"predicate":{"custom_model_data":100009,"blocking":1},"model":"item/crates/marvel/captain_america_shield"},{"predicate":{"custom_model_data":100010},"model":"item/crates/retro/pong_shield"},{"predicate":{"custom_model_data":100010,"blocking":1},"model":"item/crates/retro/pong_shield_blocking"}]}