{"parent":"item/generated","textures":{"layer0":"item/totem_of_undying"},"overrides":[{"predicate":{"custom_model_data":101},"model":"item/crates/zelda_crate/deku_mask"},{"predicate":{"custom_model_data":102},"model":"item/crates/zelda_crate/deku_nut"},{"predicate":{"custom_model_data":103},"model":"item/crates/zelda_crate/demon_blade"},{"predicate":{"custom_model_data":104},"model":"item/crates/zelda_crate/goron_mask"},{"predicate":{"custom_model_data":105},"model":"item/crates/zelda_crate/goron_tunic"},{"predicate":{"custom_model_data":106},"model":"item/crates/zelda_crate/gossip_stone"},{"predicate":{"custom_model_data":107},"model":"item/crates/zelda_crate/hookshot"},{"predicate":{"custom_model_data":108},"model":"item/crates/zelda_crate/hylian_crossbow"},{"predicate":{"custom_model_data":109},"model":"item/crates/zelda_crate/hylian_shield"},{"predicate":{"custom_model_data":110},"model":"item/crates/zelda_crate/kokiri_tunic"},{"predicate":{"custom_model_data":111},"model":"item/crates/zelda_crate/link_hat"},{"predicate":{"custom_model_data":112},"model":"item/crates/zelda_crate/link_plushie"},{"predicate":{"custom_model_data":113},"model":"item/crates/zelda_crate/majoras_mask"},{"predicate":{"custom_model_data":114},"model":"item/crates/zelda_crate/megaton_hammer"},{"predicate":{"custom_model_data":115},"model":"item/crates/zelda_crate/midna_helmet"},{"predicate":{"custom_model_data":116},"model":"item/crates/zelda_crate/navi_gui"},{"predicate":{"custom_model_data":117},"model":"item/crates/zelda_crate/ocarina_of_time"},{"predicate":{"custom_model_data":118},"model":"item/crates/zelda_crate/pile_of_rupees"},{"predicate":{"custom_model_data":119},"model":"item/crates/zelda_crate/poe_jar"},{"predicate":{"custom_model_data":120},"model":"item/crates/zelda_crate/spring_loaded_hammer"},{"predicate":{"custom_model_data":121},"model":"item/crates/zelda_crate/triforce_rug"},{"predicate":{"custom_model_data":122},"model":"item/crates/zelda_crate/wind_waker_wand"},{"predicate":{"custom_model_data":123},"model":"item/crates/zelda_crate/zelda_crown"},{"predicate":{"custom_model_data":123},"model":"item/crates/zelda_crate/zora_mask"},{"predicate":{"custom_model_data":125},"model":"item/crates/zelda_crate/zora_tunic"},{"predicate":{"custom_model_data":126},"model":"item/crates/space_crate/alien_antena"},{"predicate":{"custom_model_data":127},"model":"item/crates/space_crate/blackhole_pickaxe"},{"predicate":{"custom_model_data":128},"model":"item/crates/space_crate/cosmic_scythe"},{"predicate":{"custom_model_data":129},"model":"item/crates/space_crate/et_mask"},{"predicate":{"custom_model_data":130},"model":"item/crates/space_crate/inflatable_et"},{"predicate":{"custom_model_data":131},"model":"item/crates/space_crate/meteor_mace"},{"predicate":{"custom_model_data":132},"model":"item/crates/space_crate/nebula_axe"},{"predicate":{"custom_model_data":133},"model":"item/crates/space_crate/nebula_sword"},{"predicate":{"custom_model_data":134},"model":"item/crates/space_crate/rocket_backpack"},{"predicate":{"custom_model_data":135},"model":"item/crates/space_crate/shooting_star_bow"},{"predicate":{"custom_model_data":136},"model":"item/crates/space_crate/space_shuttle"},{"predicate":{"custom_model_data":137},"model":"item/crates/space_crate/spacex_helmet"},{"predicate":{"custom_model_data":138},"model":"item/crates/space_crate/supernova_staff"},{"predicate":{"custom_model_data":139},"model":"item/crates/space_crate/usa_flag"},{"predicate":{"custom_model_data":140},"model":"item/crates/space_crate/moonboots"},{"predicate":{"custom_model_data":141},"model":"item/crates/halloween22/bat_wings"},{"predicate":{"custom_model_data":142},"model":"item/crates/halloween22/bone_wings"},{"predicate":{"custom_model_data":143},"model":"item/crates/halloween22/candy_corn_shovel"},{"predicate":{"custom_model_data":144},"model":"item/crates/halloween22/chainsaw"},{"predicate":{"custom_model_data":145},"model":"item/crates/halloween22/cleaver_in_head"},{"predicate":{"custom_model_data":146},"model":"item/crates/halloween22/devils_pitchfork"},{"predicate":{"custom_model_data":147},"model":"item/crates/halloween22/eyeball_candy"},{"predicate":{"custom_model_data":148},"model":"item/crates/halloween22/ghost_costume"},{"predicate":{"custom_model_data":149},"model":"item/crates/halloween22/ghost_pickaxe"},{"predicate":{"custom_model_data":150},"model":"item/crates/halloween22/meat_cleaver"},{"predicate":{"custom_model_data":151},"model":"item/crates/halloween22/pumpkin_bucket"},{"predicate":{"custom_model_data":152},"model":"item/crates/halloween22/skeleton_mask"},{"predicate":{"custom_model_data":153},"model":"item/crates/halloween22/spooky_scary_disk"},{"predicate":{"custom_model_data":154},"model":"item/crates/halloween22/tentacles"},{"predicate":{"custom_model_data":155},"model":"item/crates/halloween22/trick_or_treat_bag"},{"predicate":{"custom_model_data":156},"model":"item/crates/halloween22/vampire_mask"},{"predicate":{"custom_model_data":157},"model":"item/crates/halloween22/werewolf_mask"},{"predicate":{"custom_model_data":158},"model":"item/crates/halloween22/werewolf_tail"},{"predicate":{"custom_model_data":159},"model":"item/crates/halloween22/witch_cauldron"},{"predicate":{"custom_model_data":160},"model":"item/crates/halloween22/witchdoctors_cane"},{"predicate":{"custom_model_data":161},"model":"item/crates/halloween22/zombie_mask"},{"predicate":{"custom_model_data":162},"model":"item/manamodels/raven/head"},{"predicate":{"custom_model_data":163},"model":"item/crates/halloween22/candy_corn"},{"predicate":{"custom_model_data":164},"model":"item/crates/halloween22/ghost_lollipop"},{"predicate":{"custom_model_data":165},"model":"item/crates/easter23/bunny_sword"},{"predicate":{"custom_model_data":166},"model":"item/crates/easter23/bunny_pickaxe"},{"predicate":{"custom_model_data":167},"model":"item/crates/easter23/easter_sell_wand"},{"predicate":{"custom_model_data":168},"model":"item/crates/easter23/easter_egg_blaster"},{"predicate":{"custom_model_data":169},"model":"item/crates/easter23/chicken_hat"},{"predicate":{"custom_model_data":170},"model":"item/crates/easter23/bunny_plushie"},{"predicate":{"custom_model_data":171},"model":"item/crates/easter23/bunny_headband"},{"predicate":{"custom_model_data":172},"model":"item/crates/easter23/bunny_mask"},{"predicate":{"custom_model_data":173},"model":"item/crates/easter23/carrot_plushie"},{"predicate":{"custom_model_data":174},"model":"item/crates/easter23/killer_bunny"},{"predicate":{"custom_model_data":175},"model":"item/crates/easter23/easterhelmet-blue"},{"predicate":{"custom_model_data":176},"model":"item/crates/easter23/easterhelmet-green"},{"predicate":{"custom_model_data":177},"model":"item/crates/easter23/easterhelmet-pink"},{"predicate":{"custom_model_data":178},"model":"item/crates/easter23/easterhelmet-yellow"},{"predicate":{"custom_model_data":179},"model":"item/crates/easter23/easterchestplate-blue"},{"predicate":{"custom_model_data":180},"model":"item/crates/easter23/easterchestplate-green"},{"predicate":{"custom_model_data":181},"model":"item/crates/easter23/easterchestplate-pink"},{"predicate":{"custom_model_data":182},"model":"item/crates/easter23/easterchestplate-yellow"},{"predicate":{"custom_model_data":183},"model":"item/crates/easter23/easterleggings-blue"},{"predicate":{"custom_model_data":184},"model":"item/crates/easter23/easterleggings-green"},{"predicate":{"custom_model_data":185},"model":"item/crates/easter23/easterleggings-pink"},{"predicate":{"custom_model_data":186},"model":"item/crates/easter23/easterleggings-yellow"},{"predicate":{"custom_model_data":187},"model":"item/crates/easter23/easterboots-blue"},{"predicate":{"custom_model_data":188},"model":"item/crates/easter23/easterboots-green"},{"predicate":{"custom_model_data":189},"model":"item/crates/easter23/easterboots-pink"},{"predicate":{"custom_model_data":190},"model":"item/crates/easter23/easterboots-yellow"},{"predicate":{"custom_model_data":191},"model":"item/crates/wild/bear_claws"},{"predicate":{"custom_model_data":192},"model":"item/crates/wild/buffalo_pickaxe"},{"predicate":{"custom_model_data":193},"model":"item/crates/wild/capybara"},{"predicate":{"custom_model_data":194},"model":"item/crates/wild/crocodile_staff"},{"predicate":{"custom_model_data":195},"model":"item/crates/wild/elephant_trunk"},{"predicate":{"custom_model_data":196},"model":"item/crates/wild/giraffe_hat"},{"predicate":{"custom_model_data":197},"model":"item/crates/wild/giraffe_rod"},{"predicate":{"custom_model_data":198},"model":"item/crates/wild/kangaroo_pouch"},{"predicate":{"custom_model_data":199},"model":"item/crates/wild/meerkat_plushie"},{"predicate":{"custom_model_data":200},"model":"item/crates/wild/otter"},{"predicate":{"custom_model_data":201},"model":"item/crates/wild/peacock_feather"},{"predicate":{"custom_model_data":202},"model":"item/crates/wild/red_panda"},{"predicate":{"custom_model_data":203},"model":"item/crates/wild/rhino_helmet"},{"predicate":{"custom_model_data":204},"model":"item/crates/wild/safari_hat"},{"predicate":{"custom_model_data":205},"model":"item/crates/wild/safari_net_gun"},{"predicate":{"custom_model_data":206},"model":"item/crates/wild/tranquilizer_crossbow"},{"predicate":{"custom_model_data":207},"model":"item/gear/helmet/crawler_helmet"},{"predicate":{"custom_model_data":208},"model":"item/gear/boots/crawler_boots"},{"predicate":{"custom_model_data":209},"model":"item/gear/sword/dragon_sword"},{"predicate":{"custom_model_data":210},"model":"item/gear/pickaxe/rage_pickaxe"},{"predicate":{"custom_model_data":211},"model":"item/gear/axe/bone_axe"},{"predicate":{"custom_model_data":212},"model":"item/gear/misc/howl_horn"},{"predicate":{"custom_model_data":213},"model":"item/gear/misc/magic_mushroom"},{"predicate":{"custom_model_data":214},"model":"item/gear/sword/skeletal_mage_staff"},{"predicate":{"custom_model_data":215},"model":"item/gear/misc/ender_wand"},{"predicate":{"custom_model_data":216},"model":"item/gear/misc/soul_talisman"},{"predicate":{"custom_model_data":217},"model":"item/crates/retro/fire_flower"},{"predicate":{"custom_model_data":218},"model":"item/crates/retro/knuckles"},{"predicate":{"custom_model_data":219},"model":"item/crates/retro/mining_skill_cape"},{"predicate":{"custom_model_data":220},"model":"item/crates/retro/pong_shield"},{"predicate":{"custom_model_data":221},"model":"item/crates/retro/scorpion_spear"},{"predicate":{"custom_model_data":222},"model":"item/crates/retro/sonic_boots"},{"predicate":{"custom_model_data":223},"model":"item/crates/retro/mario_steering_wheel"},{"predicate":{"custom_model_data":224},"model":"item/crates/retro/pacman_axe"}]}