{"file_name":"bone18","texture_size":[256,256],"textures":{"layer0":"manamodels/mechadinopet"},"elements":[{"name":"bone18_0","from":[13.04,6.90497,6.908162],"to":[13.5008,7.8265705,10.594563],"rotation":{"angle":0.0,"axis":"z","origin":[8.0,8.0,8.0]},"faces":{"east":{"uv":[9.25,8.25,8.75,8.375],"texture":"#layer0","tintindex":0},"south":{"uv":[1.375,9.0,1.3125,9.125],"texture":"#layer0","tintindex":0},"north":{"uv":[4.5,8.9375,4.4375,9.0625],"texture":"#layer0","tintindex":0},"west":{"uv":[9.25,8.125,8.75,8.25],"texture":"#layer0","tintindex":0},"up":{"uv":[1.125,8.0,1.1875,7.5],"texture":"#layer0","tintindex":0},"down":{"uv":[7.8125,8.125,7.75,8.625],"texture":"#layer0","tintindex":0}}}],"display":{"head":{"translation":[0.0,-6.4,0.0],"rotation":[0.0,0.0,0.0],"scale":[3.8095,3.8095,3.8095]},"gui":{"translation":[0.0,0.0,0.0],"rotation":[35.0,225.0,0.0],"scale":[0.625,0.625,0.625]}}}