{"file_name":"bone3","texture_size":[256,256],"textures":{"layer0":"manamodels/mechadinopet"},"elements":[{"name":"bone3_0","from":[7.7465596,7.526456,6.8811674],"to":[8.483839,9.922616,9.277327],"rotation":{"angle":0.0,"axis":"z","origin":[8.0,8.0,8.0]},"faces":{"east":{"uv":[8.5,4.125,8.1875,4.4375],"texture":"#layer0","tintindex":0},"south":{"uv":[9.4375,1.0,9.3125,1.3125],"texture":"#layer0","tintindex":0},"north":{"uv":[9.4375,0.375,9.3125,0.6875],"texture":"#layer0","tintindex":0},"west":{"uv":[8.5,3.8125,8.1875,4.125],"texture":"#layer0","tintindex":0},"up":{"uv":[1.125,9.625,1.25,9.3125],"texture":"#layer0","tintindex":0},"down":{"uv":[2.125,9.3125,2.0,9.625],"texture":"#layer0","tintindex":0}}},{"name":"bone3_1","from":[7.7465596,9.185337,9.277327],"to":[8.483839,9.922617,14.438286],"rotation":{"angle":0.0,"axis":"z","origin":[8.0,8.0,8.0]},"faces":{"east":{"uv":[9.0625,8.375,8.375,8.5],"texture":"#layer0","tintindex":0},"south":{"uv":[2.25,9.8125,2.125,9.9375],"texture":"#layer0","tintindex":0},"north":{"uv":[9.9375,2.0,9.8125,2.125],"texture":"#layer0","tintindex":0},"west":{"uv":[9.0,1.1875,8.3125,1.3125],"texture":"#layer0","tintindex":0},"up":{"uv":[1.125,9.0,1.25,8.3125],"texture":"#layer0","tintindex":0},"down":{"uv":[1.375,8.3125,1.25,9.0],"texture":"#layer0","tintindex":0}}},{"name":"bone3_2","from":[7.7465596,7.987256,9.277327],"to":[8.483839,8.724536,12.595087],"rotation":{"angle":0.0,"axis":"z","origin":[8.0,8.0,8.0]},"faces":{"east":{"uv":[9.4375,7.5625,9.0,7.6875],"texture":"#layer0","tintindex":0},"south":{"uv":[2.6875,9.8125,2.5625,9.9375],"texture":"#layer0","tintindex":0},"north":{"uv":[9.9375,2.4375,9.8125,2.5625],"texture":"#layer0","tintindex":0},"west":{"uv":[6.9375,9.0,6.5,9.125],"texture":"#layer0","tintindex":0},"up":{"uv":[6.9375,9.4375,7.0625,9.0],"texture":"#layer0","tintindex":0},"down":{"uv":[7.6875,9.0,7.5625,9.4375],"texture":"#layer0","tintindex":0}}}],"display":{"head":{"translation":[0.0,-6.4,0.0],"rotation":[0.0,0.0,0.0],"scale":[3.8095,3.8095,3.8095]},"gui":{"translation":[0.0,0.0,0.0],"rotation":[35.0,225.0,0.0],"scale":[0.625,0.625,0.625]}}}