{"file_name":"lowerrightarm","texture_size":[256,256],"textures":{"layer0":"manamodels/mechadinopet"},"elements":[{"name":"lowerrightarm_0","from":[6.34112,6.800354,5.404207],"to":[8.331776,7.4639063,7.0630875],"rotation":{"angle":0.0,"axis":"z","origin":[8.0,8.0,8.0]},"faces":{"east":{"uv":[10.0625,2.6875,9.8125,2.75],"texture":"#layer0","tintindex":0},"south":{"uv":[10.0,8.875,9.75,8.9375],"texture":"#layer0","tintindex":0},"north":{"uv":[9.4375,4.625,9.1875,4.6875],"texture":"#layer0","tintindex":0},"west":{"uv":[9.5,7.0,9.25,7.0625],"texture":"#layer0","tintindex":0},"up":{"uv":[8.9375,0.25,9.1875,0.0],"texture":"#layer0","tintindex":0},"down":{"uv":[9.1875,3.375,8.9375,3.625],"texture":"#layer0","tintindex":0}}},{"name":"lowerrightarm_1","from":[7.004672,6.634466,6.3995357],"to":[7.6682243,7.629794,8.058416],"rotation":{"angle":0.0,"axis":"z","origin":[8.0,8.0,8.0]},"faces":{"east":{"uv":[9.75,3.25,9.5,3.375],"texture":"#layer0","tintindex":0},"south":{"uv":[7.75,9.9375,7.6875,10.0625],"texture":"#layer0","tintindex":0},"north":{"uv":[7.6875,9.9375,7.625,10.0625],"texture":"#layer0","tintindex":0},"west":{"uv":[9.75,1.5625,9.5,1.6875],"texture":"#layer0","tintindex":0},"up":{"uv":[3.9375,10.0625,4.0,9.8125],"texture":"#layer0","tintindex":0},"down":{"uv":[9.875,3.9375,9.8125,4.1875],"texture":"#layer0","tintindex":0}}},{"name":"lowerrightarm_2","from":[7.004672,5.639138,7.0630875],"to":[7.6682243,6.634466,7.7266397],"rotation":{"angle":0.0,"axis":"z","origin":[8.0,8.0,8.0]},"faces":{"east":{"uv":[8.25,9.9375,8.1875,10.0625],"texture":"#layer0","tintindex":0},"south":{"uv":[8.1875,9.9375,8.125,10.0625],"texture":"#layer0","tintindex":0},"north":{"uv":[8.0625,9.9375,8.0,10.0625],"texture":"#layer0","tintindex":0},"west":{"uv":[8.125,9.9375,8.0625,10.0625],"texture":"#layer0","tintindex":0},"up":{"uv":[9.375,2.6875,9.4375,2.625],"texture":"#layer0","tintindex":0},"down":{"uv":[9.5,1.5625,9.4375,1.625],"texture":"#layer0","tintindex":0}}},{"name":"lowerrightarm_3","from":[7.9999995,6.634466,4.0771036],"to":[8.663551,7.629794,5.735984],"rotation":{"angle":0.0,"axis":"z","origin":[8.0,8.0,8.0]},"faces":{"east":{"uv":[9.75,0.1875,9.5,0.3125],"texture":"#layer0","tintindex":0},"south":{"uv":[7.625,9.9375,7.5625,10.0625],"texture":"#layer0","tintindex":0},"north":{"uv":[7.5625,9.9375,7.5,10.0625],"texture":"#layer0","tintindex":0},"west":{"uv":[9.6875,8.375,9.4375,8.5],"texture":"#layer0","tintindex":0},"up":{"uv":[3.3125,10.0625,3.375,9.8125],"texture":"#layer0","tintindex":0},"down":{"uv":[9.875,3.6875,9.8125,3.9375],"texture":"#layer0","tintindex":0}}},{"name":"lowerrightarm_4","from":[7.9999995,5.639138,4.4088793],"to":[8.663551,6.634466,5.072431],"rotation":{"angle":0.0,"axis":"z","origin":[8.0,8.0,8.0]},"faces":{"east":{"uv":[8.0,9.9375,7.9375,10.0625],"texture":"#layer0","tintindex":0},"south":{"uv":[7.9375,9.9375,7.875,10.0625],"texture":"#layer0","tintindex":0},"north":{"uv":[7.8125,9.9375,7.75,10.0625],"texture":"#layer0","tintindex":0},"west":{"uv":[7.875,9.9375,7.8125,10.0625],"texture":"#layer0","tintindex":0},"up":{"uv":[9.3125,0.875,9.375,0.8125],"texture":"#layer0","tintindex":0},"down":{"uv":[9.375,9.0,9.3125,9.0625],"texture":"#layer0","tintindex":0}}},{"name":"lowerrightarm_5","from":[6.009343,5.970914,4.740656],"to":[6.672895,6.634466,5.404208],"rotation":{"angle":0.0,"axis":"z","origin":[8.0,8.0,8.0]},"faces":{"east":{"uv":[9.5625,8.9375,9.5,9.0],"texture":"#layer0","tintindex":0},"south":{"uv":[9.5625,3.5625,9.5,3.625],"texture":"#layer0","tintindex":0},"north":{"uv":[9.5,5.0625,9.4375,5.125],"texture":"#layer0","tintindex":0},"west":{"uv":[9.5625,1.6875,9.5,1.75],"texture":"#layer0","tintindex":0},"up":{"uv":[9.5625,1.0,9.625,0.9375],"texture":"#layer0","tintindex":0},"down":{"uv":[9.6875,0.5,9.625,0.5625],"texture":"#layer0","tintindex":0}}},{"name":"lowerrightarm_6","from":[6.009343,6.634466,4.4088793],"to":[6.672895,7.629794,5.735983],"rotation":{"angle":0.0,"axis":"z","origin":[8.0,8.0,8.0]},"faces":{"east":{"uv":[9.8125,2.0,9.625,2.125],"texture":"#layer0","tintindex":0},"south":{"uv":[8.375,9.9375,8.3125,10.0625],"texture":"#layer0","tintindex":0},"north":{"uv":[8.3125,9.9375,8.25,10.0625],"texture":"#layer0","tintindex":0},"west":{"uv":[9.8125,1.4375,9.625,1.5625],"texture":"#layer0","tintindex":0},"up":{"uv":[4.25,10.0,4.3125,9.8125],"texture":"#layer0","tintindex":0},"down":{"uv":[6.4375,9.8125,6.375,10.0],"texture":"#layer0","tintindex":0}}}],"display":{"head":{"translation":[0.0,-6.4,0.0],"rotation":[0.0,0.0,0.0],"scale":[3.8095,3.8095,3.8095]},"gui":{"translation":[0.0,0.0,0.0],"rotation":[35.0,225.0,0.0],"scale":[0.625,0.625,0.625]}}}