{"display":{"thirdperson_righthand":{"translation":[-0.5,4,1]},"thirdperson_lefthand":{"translation":[0.5,4,1]},"ground":{"rotation":[81,0,0],"translation":[0,2,4],"scale":[0.6,0.6,0.6]},"gui":{"rotation":[-40,19,45],"translation":[-1.75,1.5,0],"scale":[0.59,0.59,0.59]},"head":{"rotation":[-55,-129,-62],"translation":[-4.5,-10.5,3.75],"scale":[1.5,1.5,1.5]},"fixed":{"rotation":[-55,-124,-59],"translation":[0,2.25,-1.75],"scale":[0.55,0.55,0.55]}},"texture_size":[64,64],"textures":{"0":"crates/toystory21_crate/bo_peep_staff","particle":"crates/toystory21_crate/bo_peep_staff"},"elements":[{"from":[8,-16,8],"to":[9,17,9],"faces":{"north":{"uv":[0,0,0.25,8.25],"texture":"#0"},"east":{"uv":[0.5,0,0.75,8.25],"texture":"#0"},"south":{"uv":[1,0,1.25,8.25],"texture":"#0"},"west":{"uv":[1.5,0,1.75,8.25],"texture":"#0"},"up":{"uv":[5.5,0.25,5.25,0],"texture":"#0"},"down":{"uv":[5.5,0.5,5.25,0.75],"texture":"#0"}}},{"from":[8.025,16.54224,9.30133],"to":[9.025,19.54224,10.30133],"rotation":{"angle":22.5,"axis":"x","origin":[8.5,20.04224,9.80133]},"faces":{"north":{"uv":[3.5,0,3.75,0.75],"texture":"#0"},"east":{"uv":[3.5,1,3.75,1.75],"texture":"#0"},"south":{"uv":[2,3.5,2.25,4.25],"texture":"#0"},"west":{"uv":[3.5,2,3.75,2.75],"texture":"#0"},"up":{"uv":[5.5,1.25,5.25,1],"texture":"#0"},"down":{"uv":[5.5,1.5,5.25,1.75],"texture":"#0"}}},{"from":[8,18.93119,7.7706],"to":[9,21.93119,8.7706],"rotation":{"angle":-22.5,"axis":"x","origin":[8.5,22.43119,8.2706]},"faces":{"north":{"uv":[2.5,3.5,2.75,4.25],"texture":"#0"},"east":{"uv":[3,3.5,3.25,4.25],"texture":"#0"},"south":{"uv":[3.5,3,3.75,3.75],"texture":"#0"},"west":{"uv":[4,0,4.25,0.75],"texture":"#0"},"up":{"uv":[2.25,5.5,2,5.25],"texture":"#0"},"down":{"uv":[5.5,2,5.25,2.25],"texture":"#0"}}},{"from":[8.025,22.53805,6.99896],"to":[9.025,23.53805,8.99896],"rotation":{"angle":22.5,"axis":"x","origin":[8.5,23.03805,5.49896]},"faces":{"north":{"uv":[2.5,5.25,2.75,5.5],"texture":"#0"},"east":{"uv":[4,2.5,4.5,2.75],"texture":"#0"},"south":{"uv":[5.25,2.5,5.5,2.75],"texture":"#0"},"west":{"uv":[4,3,4.5,3.25],"texture":"#0"},"up":{"uv":[3.75,4.5,3.5,4],"texture":"#0"},"down":{"uv":[4.25,3.5,4,4],"texture":"#0"}}},{"from":[8,20.62463,5.53388],"to":[9,21.62463,7.53388],"rotation":{"angle":-22.5,"axis":"x","origin":[8.5,21.12463,4.03388]},"faces":{"north":{"uv":[3,5.25,3.25,5.5],"texture":"#0"},"east":{"uv":[4,4.25,4.5,4.5],"texture":"#0"},"south":{"uv":[5.25,3,5.5,3.25],"texture":"#0"},"west":{"uv":[4.5,0,5,0.25],"texture":"#0"},"up":{"uv":[2.25,5,2,4.5],"texture":"#0"},"down":{"uv":[2.75,4.5,2.5,5],"texture":"#0"}}},{"from":[8.025,20.23567,3.85091],"to":[9.025,22.23567,4.85091],"rotation":{"angle":22.5,"axis":"x","origin":[8.5,18.73567,4.35091]},"faces":{"north":{"uv":[3,4.5,3.25,5],"texture":"#0"},"east":{"uv":[4.5,3.5,4.75,4],"texture":"#0"},"south":{"uv":[4.75,0.5,5,1],"texture":"#0"},"west":{"uv":[4.75,1.25,5,1.75],"texture":"#0"},"up":{"uv":[5.5,4.5,5.25,4.25],"texture":"#0"},"down":{"uv":[3.75,5.5,3.5,5.75],"texture":"#0"}}},{"from":[8,18.7706,5.76433],"to":[9,20.7706,6.76433],"rotation":{"angle":-22.5,"axis":"x","origin":[8.5,17.2706,6.26433]},"faces":{"north":{"uv":[4.75,2,5,2.5],"texture":"#0"},"east":{"uv":[4.75,2.75,5,3.25],"texture":"#0"},"south":{"uv":[3.5,4.75,3.75,5.25],"texture":"#0"},"west":{"uv":[4,4.75,4.25,5.25],"texture":"#0"},"up":{"uv":[5.75,3.75,5.5,3.5],"texture":"#0"},"down":{"uv":[4.25,5.5,4,5.75],"texture":"#0"}}},{"from":[8.025,16.84776,5.15224],"to":[9.025,18.84776,6.15224],"rotation":{"angle":0,"axis":"y","origin":[8.525,15.34776,5.65224]},"faces":{"north":{"uv":[4.75,4.25,5,4.75],"texture":"#0"},"east":{"uv":[5,3.5,5.25,4],"texture":"#0"},"south":{"uv":[4.5,5,4.75,5.5],"texture":"#0"},"west":{"uv":[5,5,5.25,5.5],"texture":"#0"},"up":{"uv":[5.75,5,5.5,4.75],"texture":"#0"},"down":{"uv":[5.75,5.25,5.5,5.5],"texture":"#0"}}},{"from":[7.75,9,7.75],"to":[9.25,15,9.25],"faces":{"north":{"uv":[2,0,2.375,1.5],"texture":"#0"},"east":{"uv":[2,1.75,2.375,3.25],"texture":"#0"},"south":{"uv":[2.75,0,3.125,1.5],"texture":"#0"},"west":{"uv":[2.75,1.75,3.125,3.25],"texture":"#0"},"up":{"uv":[4.375,1.375,4,1],"texture":"#0"},"down":{"uv":[4.375,1.75,4,2.125],"texture":"#0"}}}],"gui_light":"front"}