{"file_name":"leg3","texture_size":[128,128],"textures":{"layer0":"manamodels/npc_classes"},"elements":[{"name":"leg3_0","from":[6.668,1.3399999,6.6679997],"to":[9.332001,8.0,9.332],"rotation":{"angle":0.0,"axis":"z","origin":[8.0,8.0,8.0]},"faces":{"east":{"uv":[5.625,2.75,5.125,4.0],"texture":"#layer0","tintindex":0},"south":{"uv":[5.625,1.375,5.125,2.625],"texture":"#layer0","tintindex":0},"north":{"uv":[0.5,4.75,0.0,6.0],"texture":"#layer0","tintindex":0},"west":{"uv":[5.625,0.0,5.125,1.25],"texture":"#layer0","tintindex":0},"up":{"uv":[7.0,2.0,7.5,1.5],"texture":"#layer0","tintindex":0},"down":{"uv":[6.125,7.0,5.625,7.5],"texture":"#layer0","tintindex":0}}},{"name":"leg3_1","from":[6.6679993,0.9862938,12.829407],"to":[9.997999,6.314294,12.846057],"rotation":{"angle":-22.5,"axis":"x","origin":[6.6679997,-1.6777062,6.852056]},"faces":{"east":{"uv":[4.875,7.875,4.875,8.875],"texture":"#layer0","tintindex":0},"south":{"uv":[5.75,5.25,5.125,6.25],"texture":"#layer0","tintindex":0},"north":{"uv":[5.75,4.125,5.125,5.125],"texture":"#layer0","tintindex":0},"west":{"uv":[4.75,7.875,4.75,8.875],"texture":"#layer0","tintindex":0},"up":{"uv":[8.0,4.5,8.625,4.5],"texture":"#layer0","tintindex":0},"down":{"uv":[8.625,4.625,8.0,4.625],"texture":"#layer0","tintindex":0}}},{"name":"leg3_2","from":[9.98135,0.9862938,10.182056],"to":[9.997999,6.314294,12.846056],"rotation":{"angle":-22.5,"axis":"x","origin":[6.6679997,-1.6777062,6.852056]},"faces":{"east":{"uv":[3.0,6.125,2.5,7.125],"texture":"#layer0","tintindex":0},"south":{"uv":[5.75,7.875,5.75,8.875],"texture":"#layer0","tintindex":0},"north":{"uv":[5.625,7.875,5.625,8.875],"texture":"#layer0","tintindex":0},"west":{"uv":[0.5,6.125,0.0,7.125],"texture":"#layer0","tintindex":0},"up":{"uv":[4.625,7.125,4.625,6.625],"texture":"#layer0","tintindex":0},"down":{"uv":[5.875,7.875,5.875,8.375],"texture":"#layer0","tintindex":0}}},{"name":"leg3_3","from":[9.332,6.3142943,10.182056],"to":[9.997999,6.3142943,12.846056],"rotation":{"angle":-22.5,"axis":"x","origin":[6.6679997,-1.6777062,6.852056]},"faces":{"east":{"uv":[8.5,4.75,8.0,4.75],"texture":"#layer0","tintindex":0},"south":{"uv":[1.0,5.875,0.875,5.875],"texture":"#layer0","tintindex":0},"north":{"uv":[0.75,5.875,0.625,5.875],"texture":"#layer0","tintindex":0},"west":{"uv":[0.5,8.0,0.0,8.0],"texture":"#layer0","tintindex":0},"up":{"uv":[3.625,5.0,3.75,4.5],"texture":"#layer0","tintindex":0},"down":{"uv":[3.75,5.125,3.625,5.625],"texture":"#layer0","tintindex":0}}},{"name":"leg3_4","from":[6.668,0.007999897,5.336],"to":[9.332001,1.3399999,9.332],"rotation":{"angle":0.0,"axis":"z","origin":[8.0,8.0,8.0]},"faces":{"east":{"uv":[7.875,4.375,7.125,4.625],"texture":"#layer0","tintindex":0},"south":{"uv":[0.5,7.625,0.0,7.875],"texture":"#layer0","tintindex":0},"north":{"uv":[8.0,5.875,7.5,6.125],"texture":"#layer0","tintindex":0},"west":{"uv":[4.5,7.125,3.75,7.375],"texture":"#layer0","tintindex":0},"up":{"uv":[4.75,7.125,5.25,6.375],"texture":"#layer0","tintindex":0},"down":{"uv":[7.0,3.75,6.5,4.5],"texture":"#layer0","tintindex":0}}}],"display":{"head":{"translation":[0.0,-6.4,0.0],"rotation":[0.0,0.0,0.0],"scale":[3.8095,3.8095,3.8095]},"gui":{"translation":[0.0,0.0,0.0],"rotation":[35.0,225.0,0.0],"scale":[0.625,0.625,0.625]}}}