{"file_name":"arm_left","texture_size":[64,64],"textures":{"layer0":"manamodels/plankton"},"elements":[{"name":"arm_left_0","from":[7.4,4.715,7.7],"to":[8.0,8.315,8.3],"rotation":{"angle":0.0,"axis":"z","origin":[8.0,8.0,8.0]},"faces":{"east":{"uv":[6.25,4.25,6.5,5.75],"texture":"#layer0","tintindex":0},"south":{"uv":[6.25,6.0,6.5,7.5],"texture":"#layer0","tintindex":0},"north":{"uv":[6.25,2.5,6.5,4.0],"texture":"#layer0","tintindex":0},"west":{"uv":[6.5,0.0,6.75,1.5],"texture":"#layer0","tintindex":0},"up":{"uv":[2.25,9.25,2.0,9.0],"texture":"#layer0","tintindex":0},"down":{"uv":[2.5,9.0,2.75,9.25],"texture":"#layer0","tintindex":0}}},{"name":"arm_left_1","from":[7.1,4.1,7.4],"to":[8.3,5.3,8.6],"rotation":{"angle":0.0,"axis":"z","origin":[8.0,8.0,8.0]},"faces":{"east":{"uv":[0.75,7.5,1.25,8.0],"texture":"#layer0","tintindex":0},"south":{"uv":[7.5,1.5,8.0,2.0],"texture":"#layer0","tintindex":0},"north":{"uv":[0.0,7.5,0.5,8.0],"texture":"#layer0","tintindex":0},"west":{"uv":[7.5,4.75,8.0,5.25],"texture":"#layer0","tintindex":0},"up":{"uv":[8.0,6.0,7.5,5.5],"texture":"#layer0","tintindex":0},"down":{"uv":[7.5,6.25,8.0,6.75],"texture":"#layer0","tintindex":0}}}],"display":{"head":{"translation":[0.0,-6.4,0.0],"rotation":[0.0,0.0,0.0],"scale":[3.8095,3.8095,3.8095]},"gui":{"translation":[0.0,0.0,0.0],"rotation":[35.0,225.0,0.0],"scale":[0.625,0.625,0.625]}}}