{"file_name":"torso","texture_size":[64,64],"textures":{"layer0":"manamodels/plankton"},"elements":[{"name":"torso_0","from":[6.2,4.3999996,6.2],"to":[9.8,12.8,9.8],"rotation":{"angle":0.0,"axis":"z","origin":[8.0,8.0,8.0]},"faces":{"east":{"uv":[1.75,0.0,3.25,3.5],"texture":"#layer0","tintindex":0},"south":{"uv":[3.5,0.0,5.0,3.5],"texture":"#layer0","tintindex":0},"north":{"uv":[0.0,0.0,1.5,3.5],"texture":"#layer0","tintindex":0},"west":{"uv":[0.0,3.75,1.5,7.25],"texture":"#layer0","tintindex":0},"up":{"uv":[3.25,5.25,1.75,3.75],"texture":"#layer0","tintindex":0},"down":{"uv":[3.5,3.75,5.0,5.25],"texture":"#layer0","tintindex":0}}},{"name":"torso_1","from":[6.8,9.2,5.6],"to":[9.2,11.6,6.2],"rotation":{"angle":0.0,"axis":"z","origin":[8.0,8.0,8.0]},"faces":{"east":{"uv":[5.25,7.25,5.5,8.25],"texture":"#layer0","tintindex":0},"south":{"uv":[5.25,1.25,6.25,2.25],"texture":"#layer0","tintindex":0},"north":{"uv":[5.25,0.0,6.25,1.0],"texture":"#layer0","tintindex":0},"west":{"uv":[7.5,7.0,7.75,8.0],"texture":"#layer0","tintindex":0},"up":{"uv":[8.75,0.25,7.75,0.0],"texture":"#layer0","tintindex":0},"down":{"uv":[7.75,0.5,8.75,0.75],"texture":"#layer0","tintindex":0}}},{"name":"torso_2","from":[7.7,10.25,5.5699997],"to":[8.3,10.85,5.5699997],"rotation":{"angle":0.0,"axis":"z","origin":[8.0,8.0,8.0]},"faces":{"east":{"uv":[9.25,5.75,9.25,6.0],"texture":"#layer0","tintindex":0},"south":{"uv":[3.5,9.0,3.75,9.25],"texture":"#layer0","tintindex":0},"north":{"uv":[3.0,9.0,3.25,9.25],"texture":"#layer0","tintindex":0},"west":{"uv":[6.25,9.25,6.25,9.5],"texture":"#layer0","tintindex":0},"up":{"uv":[7.25,1.5,7.0,1.5],"texture":"#layer0","tintindex":0},"down":{"uv":[8.25,4.0,8.5,4.0],"texture":"#layer0","tintindex":0}}},{"name":"torso_3","from":[7.793852,11.436386,5.45],"to":[9.593852,12.0363865,6.6499996],"rotation":{"angle":22.5,"axis":"z","origin":[8.993852,11.736386,5.8999996]},"faces":{"east":{"uv":[8.75,2.5,9.25,2.75],"texture":"#layer0","tintindex":0},"south":{"uv":[8.25,5.75,9.0,6.0],"texture":"#layer0","tintindex":0},"north":{"uv":[8.25,3.5,9.0,3.75],"texture":"#layer0","tintindex":0},"west":{"uv":[8.75,3.0,9.25,3.25],"texture":"#layer0","tintindex":0},"up":{"uv":[7.25,2.25,6.5,1.75],"texture":"#layer0","tintindex":0},"down":{"uv":[6.75,2.5,7.5,3.0],"texture":"#layer0","tintindex":0}}},{"name":"torso_4","from":[6.406148,11.436386,5.45],"to":[8.206148,12.0363865,6.6499996],"rotation":{"angle":-22.5,"axis":"z","origin":[7.0061483,11.736386,5.8999996]},"faces":{"east":{"uv":[8.75,4.0,9.25,4.25],"texture":"#layer0","tintindex":0},"south":{"uv":[1.5,8.5,2.25,8.75],"texture":"#layer0","tintindex":0},"north":{"uv":[8.25,6.25,9.0,6.5],"texture":"#layer0","tintindex":0},"west":{"uv":[8.75,4.5,9.25,4.75],"texture":"#layer0","tintindex":0},"up":{"uv":[7.5,3.75,6.75,3.25],"texture":"#layer0","tintindex":0},"down":{"uv":[6.75,4.0,7.5,4.5],"texture":"#layer0","tintindex":0}}}],"display":{"head":{"translation":[0.0,-6.4,0.0],"rotation":[0.0,0.0,0.0],"scale":[3.8095,3.8095,3.8095]},"gui":{"translation":[0.0,0.0,0.0],"rotation":[35.0,225.0,0.0],"scale":[0.625,0.625,0.625]}}}