{"textures":{"0":"modelengine:custom/tangleroot_spear","particle":"modelengine:custom/tangleroot_spear"},"elements":[{"from":[3.75,-4.25,5.75],"to":[12.25,8.25,10.25],"faces":{"east":{"uv":[4.0,4.125,4.5,5.625],"tintindex":0,"rotation":0,"texture":"#0"},"south":{"uv":[6.0,4.125,7.0,5.625],"tintindex":0,"rotation":0,"texture":"#0"},"north":{"uv":[4.5,4.125,5.5,5.625],"tintindex":0,"rotation":0,"texture":"#0"},"west":{"uv":[5.5,4.125,6.0,5.625],"tintindex":0,"rotation":0,"texture":"#0"},"up":{"uv":[5.5,4.125,4.5,3.625],"tintindex":0,"rotation":0,"texture":"#0"},"down":{"uv":[6.5,3.625,5.5,4.125],"tintindex":0,"rotation":0,"texture":"#0"}}},{"from":[4.0,-4.0,6.0],"to":[12.0,8.0,10.0],"faces":{"east":{"uv":[0.0,6.125,0.5,7.625],"tintindex":0,"rotation":0,"texture":"#0"},"south":{"uv":[2.0,6.125,3.0,7.625],"tintindex":0,"rotation":0,"texture":"#0"},"north":{"uv":[0.5,6.125,1.5,7.625],"tintindex":0,"rotation":0,"texture":"#0"},"west":{"uv":[1.5,6.125,2.0,7.625],"tintindex":0,"rotation":0,"texture":"#0"},"up":{"uv":[1.5,6.125,0.5,5.625],"tintindex":0,"rotation":0,"texture":"#0"},"down":{"uv":[2.5,5.625,1.5,6.125],"tintindex":0,"rotation":0,"texture":"#0"}}}],"display":{"gui":{"rotation":[30,225,0]}}}