{"credit":"Copyright ManaLabs Inc","texture_size":[128,128],"textures":{"1":"manalabs:deco/task_board","particle":"manalabs:deco/task_board"},"elements":[{"from":[21,-1,13],"to":[24,32,16],"rotation":{"angle":0,"axis":"y","origin":[5,0,0]},"faces":{"north":{"uv":[1.875,5,2.25,9.125],"texture":"#1"},"east":{"uv":[1.5,5,1.875,9.125],"texture":"#1"},"south":{"uv":[2.625,5,3,9.125],"texture":"#1"},"west":{"uv":[2.25,5,2.625,9.125],"texture":"#1"},"up":{"uv":[2.25,5,1.875,4.625],"texture":"#1"},"down":{"uv":[2.625,4.625,2.25,5],"texture":"#1"}}},{"from":[-8,-1,13],"to":[-5,32,16],"rotation":{"angle":0,"axis":"y","origin":[6,0,0]},"faces":{"north":{"uv":[0.375,5,0.75,9.125],"texture":"#1"},"east":{"uv":[0,5,0.375,9.125],"texture":"#1"},"south":{"uv":[1.125,5,1.5,9.125],"texture":"#1"},"west":{"uv":[0.75,5,1.125,9.125],"texture":"#1"},"up":{"uv":[0.75,5,0.375,4.625],"texture":"#1"},"down":{"uv":[1.125,4.625,0.75,5],"texture":"#1"}}},{"from":[-13.5,7,11],"to":[29.5,31,14],"rotation":{"angle":0,"axis":"y","origin":[-14.5,0,0]},"faces":{"north":{"uv":[0.25,0.25,5.625,3.25],"texture":"#1"},"east":{"uv":[3.25,9.75,3.625,12.75],"texture":"#1"},"south":{"uv":[5.875,0.25,11.25,3.25],"texture":"#1"},"west":{"uv":[9,9.75,9.375,12.75],"texture":"#1"},"up":{"uv":[8.875,9.625,3.5,9.25],"texture":"#1"},"down":{"uv":[14.375,9.25,9,9.625],"texture":"#1"}}},{"from":[17.5,18,10.75],"to":[26.5,29,10.75],"rotation":{"angle":0,"axis":"y","origin":[-12,0,0]},"faces":{"north":{"uv":[3,4.625,4.125,6],"texture":"#1"},"east":{"uv":[3,4.625,3,6],"texture":"#1"},"south":{"uv":[4.125,4.625,5.25,6],"texture":"#1"},"west":{"uv":[4.125,4.625,4.125,6],"texture":"#1"},"up":{"uv":[4.125,4.625,3,4.625],"texture":"#1"},"down":{"uv":[5.25,4.625,4.125,4.625],"texture":"#1"}}},{"from":[-2.5,9,10.75],"to":[6.5,14,10.75],"rotation":{"angle":0,"axis":"y","origin":[-12,0,0]},"faces":{"north":{"uv":[5,3.25,6.125,3.875],"texture":"#1"},"east":{"uv":[5,3.25,5,3.875],"texture":"#1"},"south":{"uv":[6.125,3.25,7.25,3.875],"texture":"#1"},"west":{"uv":[6.125,3.25,6.125,3.875],"texture":"#1"},"up":{"uv":[6.125,3.25,5,3.25],"texture":"#1"},"down":{"uv":[7.25,3.25,6.125,3.25],"texture":"#1"}}},{"from":[-12.5,22,10.75],"to":[-7.5,29,10.75],"rotation":{"angle":0,"axis":"y","origin":[-12,0,0]},"faces":{"north":{"uv":[5.25,4.5,5.875,5.375],"texture":"#1"},"east":{"uv":[5.25,4.5,5.25,5.375],"texture":"#1"},"south":{"uv":[5.875,4.5,6.5,5.375],"texture":"#1"},"west":{"uv":[5.875,4.5,5.875,5.375],"texture":"#1"},"up":{"uv":[5.875,4.5,5.25,4.5],"texture":"#1"},"down":{"uv":[6.5,4.5,5.875,4.5],"texture":"#1"}}},{"from":[13.5,10,10.75],"to":[20.5,15,10.75],"rotation":{"angle":0,"axis":"y","origin":[-12,0,0]},"faces":{"north":{"uv":[5,3.875,5.875,4.5],"texture":"#1"},"east":{"uv":[5,3.875,5,4.5],"texture":"#1"},"south":{"uv":[5.875,3.875,6.75,4.5],"texture":"#1"},"west":{"uv":[5.875,3.875,5.875,4.5],"texture":"#1"},"up":{"uv":[5.875,3.875,5,3.875],"texture":"#1"},"down":{"uv":[6.75,3.875,5.875,3.875],"texture":"#1"}}},{"from":[25.5,12,10.75],"to":[28.5,17,10.75],"rotation":{"angle":0,"axis":"y","origin":[-12,0,0]},"faces":{"north":{"uv":[3,6,3.375,6.625],"texture":"#1"},"east":{"uv":[3,6,3,6.625],"texture":"#1"},"south":{"uv":[3.375,6,3.75,6.625],"texture":"#1"},"west":{"uv":[3.375,6,3.375,6.625],"texture":"#1"},"up":{"uv":[3.375,6,3,6],"texture":"#1"},"down":{"uv":[3.75,6,3.375,6],"texture":"#1"}}},{"from":[-9.5,12,10.75],"to":[-6.5,17,10.75],"rotation":{"angle":0,"axis":"y","origin":[-12,0,0]},"faces":{"north":{"uv":[5.25,5.375,5.625,6],"texture":"#1"},"east":{"uv":[5.25,5.375,5.25,6],"texture":"#1"},"south":{"uv":[5.625,5.375,6,6],"texture":"#1"},"west":{"uv":[5.625,5.375,5.625,6],"texture":"#1"},"up":{"uv":[5.625,5.375,5.25,5.375],"texture":"#1"},"down":{"uv":[6,5.375,5.625,5.375],"texture":"#1"}}},{"from":[-5.5,17,10.75],"to":[14.5,28,10.75],"rotation":{"angle":0,"axis":"y","origin":[-12,0,0]},"faces":{"north":{"uv":[0,3.25,2.5,4.625],"texture":"#1"},"east":{"uv":[0,3.25,0,4.625],"texture":"#1"},"south":{"uv":[2.5,3.25,5,4.625],"texture":"#1"},"west":{"uv":[2.5,3.25,2.5,4.625],"texture":"#1"},"up":{"uv":[2.5,3.25,0,3.25],"texture":"#1"},"down":{"uv":[5,3.25,2.5,3.25],"texture":"#1"}}}],"display":{"thirdperson_righthand":{"rotation":[75,45,0],"translation":[0,2.5,0],"scale":[0.375,0.375,0.375]},"thirdperson_lefthand":{"rotation":[75,45,0],"translation":[0,2.5,0],"scale":[0.375,0.375,0.375]},"firstperson_righthand":{"rotation":[0,45,0],"scale":[0.4,0.4,0.4]},"firstperson_lefthand":{"rotation":[0,225,0],"scale":[0.4,0.4,0.4]},"ground":{"translation":[0,3,0],"scale":[0.25,0.25,0.25]},"gui":{"rotation":[21,-180,0],"translation":[0,-3.5,0],"scale":[0.35,0.35,0.35]},"head":{"translation":[0,-27,0],"scale":[2,2,2]},"fixed":{"scale":[0.5,0.5,0.5]}},"groups":[{"name":"root","origin":[8,8,8],"color":0,"children":[0,1,2,3,4,5,6,7,8,9]}]}