{"file_name":"leg0","texture_size":[64,64],"textures":{"layer0":"manamodels/moobloom_oxeye"},"elements":[{"name":"leg0_0","from":[6.8,0.7999997,6.8],"to":[9.2,8.0,9.2],"rotation":{"angle":0.0,"axis":"z","origin":[8.0,8.0,8.0]},"faces":{"east":{"uv":[7.5,10.25,8.5,13.25],"texture":"#layer0","tintindex":0},"south":{"uv":[8.5,10.25,9.5,13.25],"texture":"#layer0","tintindex":0},"north":{"uv":[6.5,10.25,7.5,13.25],"texture":"#layer0","tintindex":0},"west":{"uv":[11.0,9.0,12.0,12.0],"texture":"#layer0","tintindex":0},"up":{"uv":[9.0,6.75,8.0,5.75],"texture":"#layer0","tintindex":0},"down":{"uv":[12.25,4.5,13.25,5.5],"texture":"#layer0","tintindex":0}}}],"display":{"head":{"translation":[0.0,-6.4,0.0],"rotation":[0.0,0.0,0.0],"scale":[3.8095,3.8095,3.8095]},"gui":{"translation":[0.0,0.0,0.0],"rotation":[35.0,225.0,0.0],"scale":[0.625,0.625,0.625]}}}