{"file_name":"horn4_left","texture_size":[128,128],"textures":{"layer0":"manamodels/golem"},"elements":[{"name":"horn4_left_0","from":[4.1,8.0,7.25],"to":[8.0,9.5,8.75],"rotation":{"angle":0.0,"axis":"z","origin":[8.0,8.0,8.0]},"faces":{"east":{"uv":[6.5,5.25,6.25,5.5],"texture":"#layer0","tintindex":0},"south":{"uv":[9.0,1.25,8.25,1.5],"texture":"#layer0","tintindex":0},"north":{"uv":[6.5,8.25,5.75,8.5],"texture":"#layer0","tintindex":0},"west":{"uv":[6.5,5.0,6.25,5.25],"texture":"#layer0","tintindex":0},"up":{"uv":[8.25,1.75,9.0,1.5],"texture":"#layer0","tintindex":0},"down":{"uv":[9.0,1.75,8.25,2.0],"texture":"#layer0","tintindex":0}}}],"display":{"head":{"translation":[0.0,-6.4,0.0],"rotation":[0.0,0.0,0.0],"scale":[3.8095,3.8095,3.8095]},"gui":{"translation":[0.0,0.0,0.0],"rotation":[35.0,225.0,0.0],"scale":[0.625,0.625,0.625]}}}