{"file_name":"horn2_left","texture_size":[128,128],"textures":{"layer0":"manamodels/golem"},"elements":[{"name":"horn2_left_0","from":[4.7,8.0,6.95],"to":[8.0,10.1,9.05],"rotation":{"angle":0.0,"axis":"z","origin":[8.0,8.0,8.0]},"faces":{"east":{"uv":[4.0,8.0,3.5,8.5],"texture":"#layer0","tintindex":0},"south":{"uv":[8.25,5.375,7.5,5.875],"texture":"#layer0","tintindex":0},"north":{"uv":[8.25,4.875,7.5,5.375],"texture":"#layer0","tintindex":0},"west":{"uv":[8.25,2.25,7.75,2.75],"texture":"#layer0","tintindex":0},"up":{"uv":[7.5,6.375,8.25,5.875],"texture":"#layer0","tintindex":0},"down":{"uv":[8.5,0.75,7.75,1.25],"texture":"#layer0","tintindex":0}}}],"display":{"head":{"translation":[0.0,-6.4,0.0],"rotation":[0.0,0.0,0.0],"scale":[3.8095,3.8095,3.8095]},"gui":{"translation":[0.0,0.0,0.0],"rotation":[35.0,225.0,0.0],"scale":[0.625,0.625,0.625]}}}