{"file_name":"arm2","texture_size":[256,256],"textures":{"layer0":"manamodels/legends"},"elements":[{"name":"arm2_0","from":[3.1999998,6.8,6.8],"to":[8.6,9.2,9.2],"rotation":{"angle":0.0,"axis":"z","origin":[8.0,8.0,8.0]},"faces":{"east":{"uv":[7.5625,3.125,7.8125,3.375],"texture":"#layer0","tintindex":0},"south":{"uv":[5.9375,6.0625,6.5,6.3125],"texture":"#layer0","tintindex":0},"north":{"uv":[6.0625,5.0625,6.625,5.3125],"texture":"#layer0","tintindex":0},"west":{"uv":[3.375,7.5625,3.625,7.8125],"texture":"#layer0","tintindex":0},"up":{"uv":[5.875,6.4375,5.3125,6.1875],"texture":"#layer0","tintindex":0},"down":{"uv":[6.25,2.25,6.8125,2.5],"texture":"#layer0","tintindex":0}}},{"name":"arm2_1","from":[3.7999997,6.6499996,6.35],"to":[6.8,9.05,9.35],"rotation":{"angle":0.0,"axis":"z","origin":[8.0,8.0,8.0]},"faces":{"east":{"uv":[5.75,7.125,6.0625,7.375],"texture":"#layer0","tintindex":0},"south":{"uv":[6.125,7.125,6.4375,7.375],"texture":"#layer0","tintindex":0},"north":{"uv":[7.0625,5.0,7.375,5.25],"texture":"#layer0","tintindex":0},"west":{"uv":[6.5,7.125,6.8125,7.375],"texture":"#layer0","tintindex":0},"up":{"uv":[4.375,7.125,4.0625,6.8125],"texture":"#layer0","tintindex":0},"down":{"uv":[6.8125,6.3125,7.125,6.625],"texture":"#layer0","tintindex":0}}},{"name":"arm2_2","from":[5.702942,7.4,5.9514737],"to":[8.702942,9.8,8.951473],"rotation":{"angle":45.0,"axis":"y","origin":[8.424266,6.8,6.3757343]},"faces":{"east":{"uv":[4.0625,7.1875,4.375,7.4375],"texture":"#layer0","tintindex":0},"south":{"uv":[7.1875,6.1875,7.5,6.4375],"texture":"#layer0","tintindex":0},"north":{"uv":[7.1875,3.25,7.5,3.5],"texture":"#layer0","tintindex":0},"west":{"uv":[0.0,7.25,0.3125,7.5],"texture":"#layer0","tintindex":0},"up":{"uv":[0.3125,7.1875,0.0,6.875],"texture":"#layer0","tintindex":0},"down":{"uv":[0.8125,6.875,1.125,7.1875],"texture":"#layer0","tintindex":0}}},{"name":"arm2_3","from":[8.021318,9.627794,7.284254],"to":[8.621318,10.227795,8.484254],"rotation":{"angle":0.0,"axis":"y","origin":[8.321318,11.0,8.0]},"faces":{"east":{"uv":[5.0625,8.3125,5.1875,8.375],"texture":"#layer0","tintindex":0},"south":{"uv":[2.1875,8.4375,2.25,8.5],"texture":"#layer0","tintindex":0},"north":{"uv":[8.4375,2.0625,8.5,2.125],"texture":"#layer0","tintindex":0},"west":{"uv":[5.4375,8.3125,5.5625,8.375],"texture":"#layer0","tintindex":0},"up":{"uv":[6.125,8.4375,6.0625,8.3125],"texture":"#layer0","tintindex":0},"down":{"uv":[6.1875,8.3125,6.25,8.4375],"texture":"#layer0","tintindex":0}}},{"name":"arm2_4","from":[9.579973,9.168572,7.284254],"to":[10.179974,9.768572,8.484254],"rotation":{"angle":0.0,"axis":"y","origin":[9.879974,10.540779,8.0]},"faces":{"east":{"uv":[6.3125,8.3125,6.4375,8.375],"texture":"#layer0","tintindex":0},"south":{"uv":[2.3125,8.4375,2.375,8.5],"texture":"#layer0","tintindex":0},"north":{"uv":[8.4375,2.1875,8.5,2.25],"texture":"#layer0","tintindex":0},"west":{"uv":[8.3125,7.25,8.4375,7.3125],"texture":"#layer0","tintindex":0},"up":{"uv":[6.5625,8.4375,6.5,8.3125],"texture":"#layer0","tintindex":0},"down":{"uv":[8.3125,7.6875,8.375,7.8125],"texture":"#layer0","tintindex":0}}},{"name":"arm2_5","from":[5.876096,9.073687,6.966056],"to":[7.076096,9.673687,8.166056],"rotation":{"angle":0.0,"axis":"y","origin":[6.476096,10.7640915,8.0]},"faces":{"east":{"uv":[8.3125,7.875,8.4375,7.9375],"texture":"#layer0","tintindex":0},"south":{"uv":[8.375,3.9375,8.5,4.0],"texture":"#layer0","tintindex":0},"north":{"uv":[8.3125,7.375,8.4375,7.4375],"texture":"#layer0","tintindex":0},"west":{"uv":[8.375,4.0625,8.5,4.125],"texture":"#layer0","tintindex":0},"up":{"uv":[8.375,5.9375,8.25,5.8125],"texture":"#layer0","tintindex":0},"down":{"uv":[5.875,8.25,6.0,8.375],"texture":"#layer0","tintindex":0}}},{"name":"arm2_6","from":[7.9658,9.501261,8.057402],"to":[8.5658,10.101261,8.657402],"rotation":{"angle":0.0,"axis":"y","origin":[8.2658,10.689842,8.0]},"faces":{"east":{"uv":[2.4375,8.4375,2.5,8.5],"texture":"#layer0","tintindex":0},"south":{"uv":[8.4375,2.4375,8.5,2.5],"texture":"#layer0","tintindex":0},"north":{"uv":[8.4375,2.3125,8.5,2.375],"texture":"#layer0","tintindex":0},"west":{"uv":[2.5625,8.4375,2.625,8.5],"texture":"#layer0","tintindex":0},"up":{"uv":[2.75,8.5,2.6875,8.4375],"texture":"#layer0","tintindex":0},"down":{"uv":[2.8125,8.4375,2.875,8.5],"texture":"#layer0","tintindex":0}}},{"name":"arm2_7","from":[8.323202,9.139898,6.553712],"to":[8.923202,9.739899,7.753712],"rotation":{"angle":-22.5,"axis":"x","origin":[9.073202,9.785569,6.818516]},"faces":{"east":{"uv":[8.375,4.4375,8.5,4.5],"texture":"#layer0","tintindex":0},"south":{"uv":[2.9375,8.4375,3.0,8.5],"texture":"#layer0","tintindex":0},"north":{"uv":[8.4375,2.8125,8.5,2.875],"texture":"#layer0","tintindex":0},"west":{"uv":[8.375,5.0625,8.5,5.125],"texture":"#layer0","tintindex":0},"up":{"uv":[5.3125,8.5,5.25,8.375],"texture":"#layer0","tintindex":0},"down":{"uv":[8.375,5.4375,8.4375,5.5625],"texture":"#layer0","tintindex":0}}},{"name":"arm2_8","from":[8.323202,9.139898,8.246288],"to":[8.923202,9.739899,9.446287],"rotation":{"angle":22.5,"axis":"x","origin":[9.073202,9.785569,9.181484]},"faces":{"east":{"uv":[8.375,6.0,8.5,6.0625],"texture":"#layer0","tintindex":0},"south":{"uv":[3.1875,8.4375,3.25,8.5],"texture":"#layer0","tintindex":0},"north":{"uv":[8.4375,2.9375,8.5,3.0],"texture":"#layer0","tintindex":0},"west":{"uv":[8.375,6.125,8.5,6.1875],"texture":"#layer0","tintindex":0},"up":{"uv":[8.4375,7.0,8.375,6.875],"texture":"#layer0","tintindex":0},"down":{"uv":[8.375,7.0625,8.4375,7.1875],"texture":"#layer0","tintindex":0}}},{"name":"arm2_9","from":[7.273202,9.139898,6.553712],"to":[7.873202,9.739899,7.753712],"rotation":{"angle":-22.5,"axis":"x","origin":[9.073202,9.785569,6.818516]},"faces":{"east":{"uv":[8.375,8.0,8.5,8.0625],"texture":"#layer0","tintindex":0},"south":{"uv":[3.3125,8.4375,3.375,8.5],"texture":"#layer0","tintindex":0},"north":{"uv":[8.4375,3.1875,8.5,3.25],"texture":"#layer0","tintindex":0},"west":{"uv":[8.375,8.125,8.5,8.1875],"texture":"#layer0","tintindex":0},"up":{"uv":[8.4375,8.375,8.375,8.25],"texture":"#layer0","tintindex":0},"down":{"uv":[8.4375,0.1875,8.5,0.3125],"texture":"#layer0","tintindex":0}}},{"name":"arm2_10","from":[7.273202,9.139898,8.246288],"to":[7.873202,9.739899,9.446287],"rotation":{"angle":22.5,"axis":"x","origin":[9.073202,9.785569,9.181484]},"faces":{"east":{"uv":[8.4375,0.375,8.5625,0.4375],"texture":"#layer0","tintindex":0},"south":{"uv":[3.4375,8.4375,3.5,8.5],"texture":"#layer0","tintindex":0},"north":{"uv":[8.4375,3.3125,8.5,3.375],"texture":"#layer0","tintindex":0},"west":{"uv":[0.5,8.4375,0.625,8.5],"texture":"#layer0","tintindex":0},"up":{"uv":[8.5,0.625,8.4375,0.5],"texture":"#layer0","tintindex":0},"down":{"uv":[0.6875,8.4375,0.75,8.5625],"texture":"#layer0","tintindex":0}}},{"name":"arm2_11","from":[4.421318,9.68,6.5],"to":[8.021318,9.68,9.5],"rotation":{"angle":0.0,"axis":"z","origin":[8.0,8.0,8.0]},"faces":{"east":{"uv":[8.5,3.8125,8.8125,3.8125],"texture":"#layer0","tintindex":0},"south":{"uv":[8.5,3.875,8.875,3.875],"texture":"#layer0","tintindex":0},"north":{"uv":[8.5,3.75,8.875,3.75],"texture":"#layer0","tintindex":0},"west":{"uv":[8.5,4.1875,8.8125,4.1875],"texture":"#layer0","tintindex":0},"up":{"uv":[6.9375,6.25,6.5625,5.9375],"texture":"#layer0","tintindex":0},"down":{"uv":[6.625,1.875,7.0,2.1875],"texture":"#layer0","tintindex":0}}},{"name":"arm2_12","from":[3.3029418,9.53,5.9514737],"to":[9.902943,9.53,8.951473],"rotation":{"angle":45.0,"axis":"y","origin":[8.424266,6.965001,6.3757343]},"faces":{"east":{"uv":[8.5,4.3125,8.8125,4.3125],"texture":"#layer0","tintindex":0},"south":{"uv":[8.5,4.375,9.1875,4.375],"texture":"#layer0","tintindex":0},"north":{"uv":[8.5,4.25,9.1875,4.25],"texture":"#layer0","tintindex":0},"west":{"uv":[8.5,4.625,8.8125,4.625],"texture":"#layer0","tintindex":0},"up":{"uv":[5.25,3.3125,4.5625,3.0],"texture":"#layer0","tintindex":0},"down":{"uv":[4.625,4.5,5.3125,4.8125],"texture":"#layer0","tintindex":0}}},{"name":"arm2_13","from":[5.702942,9.53,3.5514739],"to":[8.702942,9.53,10.151474],"rotation":{"angle":45.0,"axis":"y","origin":[8.424266,6.965001,6.3757343]},"faces":{"east":{"uv":[8.5,4.6875,9.1875,4.6875],"texture":"#layer0","tintindex":0},"south":{"uv":[8.5,4.75,8.8125,4.75],"texture":"#layer0","tintindex":0},"north":{"uv":[4.6875,8.5,5.0,8.5],"texture":"#layer0","tintindex":0},"west":{"uv":[8.5,4.8125,9.1875,4.8125],"texture":"#layer0","tintindex":0},"up":{"uv":[5.0,4.0625,4.6875,3.375],"texture":"#layer0","tintindex":0},"down":{"uv":[3.6875,4.75,4.0,5.4375],"texture":"#layer0","tintindex":0}}}],"display":{"head":{"translation":[0.0,-6.4,0.0],"rotation":[0.0,0.0,0.0],"scale":[3.8095,3.8095,3.8095]},"gui":{"translation":[0.0,0.0,0.0],"rotation":[35.0,225.0,0.0],"scale":[0.625,0.625,0.625]}}}