{"file_name":"foot2","texture_size":[256,256],"textures":{"layer0":"manamodels/legends"},"elements":[{"name":"foot2_0","from":[6.8,6.8,6.2],"to":[9.2,8.0,9.8],"rotation":{"angle":0.0,"axis":"z","origin":[8.0,8.0,8.0]},"faces":{"east":{"uv":[7.8125,6.5625,8.1875,6.6875],"texture":"#layer0","tintindex":0},"south":{"uv":[8.125,1.25,8.375,1.375],"texture":"#layer0","tintindex":0},"north":{"uv":[8.0,2.6875,8.25,2.8125],"texture":"#layer0","tintindex":0},"west":{"uv":[6.75,7.8125,7.125,7.9375],"texture":"#layer0","tintindex":0},"up":{"uv":[5.375,7.25,5.125,6.875],"texture":"#layer0","tintindex":0},"down":{"uv":[5.4375,6.875,5.6875,7.25],"texture":"#layer0","tintindex":0}}},{"name":"foot2_1","from":[7.1,6.8,5.0],"to":[8.9,8.0,6.2],"rotation":{"angle":0.0,"axis":"z","origin":[8.0,8.0,8.0]},"faces":{"east":{"uv":[7.1875,6.5,7.3125,6.625],"texture":"#layer0","tintindex":0},"south":{"uv":[4.8125,8.125,5.0,8.25],"texture":"#layer0","tintindex":0},"north":{"uv":[8.125,4.4375,8.3125,4.5625],"texture":"#layer0","tintindex":0},"west":{"uv":[2.4375,8.25,2.5625,8.375],"texture":"#layer0","tintindex":0},"up":{"uv":[5.25,8.25,5.0625,8.125],"texture":"#layer0","tintindex":0},"down":{"uv":[8.125,5.0625,8.3125,5.1875],"texture":"#layer0","tintindex":0}}},{"name":"foot2_2","from":[7.4,6.8,3.7999997],"to":[8.6,7.4,5.0],"rotation":{"angle":0.0,"axis":"z","origin":[8.0,8.0,8.0]},"faces":{"east":{"uv":[7.1875,3.5625,7.3125,3.625],"texture":"#layer0","tintindex":0},"south":{"uv":[7.3125,3.125,7.4375,3.1875],"texture":"#layer0","tintindex":0},"north":{"uv":[7.125,4.6875,7.25,4.75],"texture":"#layer0","tintindex":0},"west":{"uv":[5.5625,7.3125,5.6875,7.375],"texture":"#layer0","tintindex":0},"up":{"uv":[2.75,8.375,2.625,8.25],"texture":"#layer0","tintindex":0},"down":{"uv":[2.8125,8.25,2.9375,8.375],"texture":"#layer0","tintindex":0}}}],"display":{"head":{"translation":[0.0,-6.4,0.0],"rotation":[0.0,0.0,0.0],"scale":[3.8095,3.8095,3.8095]},"gui":{"translation":[0.0,0.0,0.0],"rotation":[35.0,225.0,0.0],"scale":[0.625,0.625,0.625]}}}