{"file_name":"leg","texture_size":[256,256],"textures":{"layer0":"manamodels/legends"},"elements":[{"name":"leg_0","from":[5.8999996,0.7999997,10.565001],"to":[10.1,9.2,10.565001],"rotation":{"angle":0.0,"axis":"z","origin":[8.0,8.0,8.0]},"faces":{"east":{"uv":[4.5625,8.5,4.5625,9.375],"texture":"#layer0","tintindex":0},"south":{"uv":[1.0,3.5625,1.4375,4.4375],"texture":"#layer0","tintindex":0},"north":{"uv":[0.5,3.5625,0.9375,4.4375],"texture":"#layer0","tintindex":0},"west":{"uv":[4.625,8.5,4.625,9.375],"texture":"#layer0","tintindex":0},"up":{"uv":[8.9375,1.875,8.5,1.875],"texture":"#layer0","tintindex":0},"down":{"uv":[8.5,1.9375,8.9375,1.9375],"texture":"#layer0","tintindex":0}}},{"name":"leg_1","from":[6.5,1.9999998,6.8],"to":[9.5,8.0,9.8],"rotation":{"angle":0.0,"axis":"z","origin":[8.0,8.0,8.0]},"faces":{"east":{"uv":[1.375,4.875,1.6875,5.5],"texture":"#layer0","tintindex":0},"south":{"uv":[0.0,4.9375,0.3125,5.5625],"texture":"#layer0","tintindex":0},"north":{"uv":[2.8125,4.8125,3.125,5.4375],"texture":"#layer0","tintindex":0},"west":{"uv":[0.375,4.9375,0.6875,5.5625],"texture":"#layer0","tintindex":0},"up":{"uv":[1.75,7.0,1.4375,6.6875],"texture":"#layer0","tintindex":0},"down":{"uv":[6.6875,2.5625,7.0,2.875],"texture":"#layer0","tintindex":0}}},{"name":"leg_2","from":[5.6,3.7999997,6.5],"to":[9.8,8.6,10.1],"rotation":{"angle":0.0,"axis":"z","origin":[8.0,8.0,8.0]},"faces":{"east":{"uv":[5.4375,0.0,5.8125,0.5],"texture":"#layer0","tintindex":0},"south":{"uv":[1.9375,4.5,2.375,5.0],"texture":"#layer0","tintindex":0},"north":{"uv":[3.625,1.4375,4.0625,1.9375],"texture":"#layer0","tintindex":0},"west":{"uv":[2.625,5.5,3.0,6.0],"texture":"#layer0","tintindex":0},"up":{"uv":[6.0,3.375,5.5625,3.0],"texture":"#layer0","tintindex":0},"down":{"uv":[5.5625,3.4375,6.0,3.8125],"texture":"#layer0","tintindex":0}}},{"name":"leg_3","from":[9.8,-5.8,5.3],"to":[10.4,11.0,7.1],"rotation":{"angle":-45.0,"axis":"x","origin":[10.4,9.2,5.8999996]},"faces":{"east":{"uv":[3.1875,3.9375,3.375,5.6875],"texture":"#layer0","tintindex":0},"south":{"uv":[3.5625,5.75,3.625,7.5],"texture":"#layer0","tintindex":0},"north":{"uv":[3.4375,5.75,3.5,7.5],"texture":"#layer0","tintindex":0},"west":{"uv":[3.4375,3.9375,3.625,5.6875],"texture":"#layer0","tintindex":0},"up":{"uv":[8.3125,8.4375,8.25,8.25],"texture":"#layer0","tintindex":0},"down":{"uv":[0.0,8.3125,0.0625,8.5],"texture":"#layer0","tintindex":0}}},{"name":"leg_4","from":[6.5,-1.6000004,6.185],"to":[10.1,9.2,6.185],"rotation":{"angle":22.5,"axis":"z","origin":[6.5,6.8,6.8]},"faces":{"east":{"uv":[8.375,8.4375,8.375,9.5625],"texture":"#layer0","tintindex":0},"south":{"uv":[3.1875,0.8125,3.5625,1.9375],"texture":"#layer0","tintindex":0},"north":{"uv":[2.375,0.8125,2.75,1.9375],"texture":"#layer0","tintindex":0},"west":{"uv":[8.4375,8.4375,8.4375,9.5625],"texture":"#layer0","tintindex":0},"up":{"uv":[8.8125,7.5,8.4375,7.5],"texture":"#layer0","tintindex":0},"down":{"uv":[8.4375,7.5625,8.8125,7.5625],"texture":"#layer0","tintindex":0}}},{"name":"leg_5","from":[8.878682,-0.10000038,8.621318],"to":[8.878682,1.6999998,10.421318],"rotation":{"angle":45.0,"axis":"y","origin":[5.878682,6.5,8.621318]},"faces":{"east":{"uv":[7.875,3.375,8.0625,3.5625],"texture":"#layer0","tintindex":0},"south":{"uv":[4.8125,7.0625,4.8125,7.25],"texture":"#layer0","tintindex":0},"north":{"uv":[4.4375,6.8125,4.4375,7.0],"texture":"#layer0","tintindex":0},"west":{"uv":[7.875,3.625,8.0625,3.8125],"texture":"#layer0","tintindex":0},"up":{"uv":[4.8125,7.8125,4.8125,7.625],"texture":"#layer0","tintindex":0},"down":{"uv":[5.4375,7.875,5.4375,8.0625],"texture":"#layer0","tintindex":0}}},{"name":"leg_6","from":[7.078682,-0.10000038,8.621318],"to":[8.878682,1.6999998,8.621318],"rotation":{"angle":45.0,"axis":"y","origin":[5.878682,6.5,8.621318]},"faces":{"east":{"uv":[3.875,8.0,3.875,8.1875],"texture":"#layer0","tintindex":0},"south":{"uv":[7.875,4.4375,8.0625,4.625],"texture":"#layer0","tintindex":0},"north":{"uv":[7.875,3.875,8.0625,4.0625],"texture":"#layer0","tintindex":0},"west":{"uv":[5.625,8.3125,5.625,8.5],"texture":"#layer0","tintindex":0},"up":{"uv":[2.125,4.4375,1.9375,4.4375],"texture":"#layer0","tintindex":0},"down":{"uv":[4.9375,1.625,5.125,1.625],"texture":"#layer0","tintindex":0}}},{"name":"leg_7","from":[7.078682,1.6999998,8.321318],"to":[8.878682,3.4999998,10.121319],"rotation":{"angle":45.0,"axis":"y","origin":[5.878682,8.3,8.321318]},"faces":{"east":{"uv":[0.0,7.875,0.1875,8.0625],"texture":"#layer0","tintindex":0},"south":{"uv":[7.875,1.6875,8.0625,1.875],"texture":"#layer0","tintindex":0},"north":{"uv":[5.0625,0.6875,5.25,0.875],"texture":"#layer0","tintindex":0},"west":{"uv":[7.875,2.4375,8.0625,2.625],"texture":"#layer0","tintindex":0},"up":{"uv":[8.0625,3.3125,7.875,3.125],"texture":"#layer0","tintindex":0},"down":{"uv":[3.375,7.875,3.5625,8.0625],"texture":"#layer0","tintindex":0}}},{"name":"leg_8","from":[9.950001,-0.40000033,6.5],"to":[9.950001,6.2,10.1],"rotation":{"angle":22.5,"axis":"z","origin":[6.2,6.2,7.1]},"faces":{"east":{"uv":[4.5,2.625,4.125,3.3125],"texture":"#layer0","tintindex":0},"south":{"uv":[0.3125,8.5,0.3125,9.1875],"texture":"#layer0","tintindex":0},"north":{"uv":[0.25,8.5,0.25,9.1875],"texture":"#layer0","tintindex":0},"west":{"uv":[1.875,4.125,1.5,4.8125],"texture":"#layer0","tintindex":0},"up":{"uv":[0.375,8.875,0.375,8.5],"texture":"#layer0","tintindex":0},"down":{"uv":[0.4375,8.5,0.4375,8.875],"texture":"#layer0","tintindex":0}}}],"display":{"head":{"translation":[0.0,-6.4,0.0],"rotation":[0.0,0.0,0.0],"scale":[3.8095,3.8095,3.8095]},"gui":{"translation":[0.0,0.0,0.0],"rotation":[35.0,225.0,0.0],"scale":[0.625,0.625,0.625]}}}