{"file_name":"claw_right","texture_size":[128,128],"textures":{"layer0":"manamodels/sahuaginpet"},"elements":[{"name":"claw_right_0","from":[7.890944,4.911554,8.224791],"to":[8.331626,7.355335,8.665472],"rotation":{"angle":-22.5,"axis":"x","origin":[8.0,7.357562,8.22257]},"faces":{"east":{"uv":[0.0,12.125,0.25,13.5],"texture":"#layer0","tintindex":0},"south":{"uv":[0.5,12.125,0.25,13.5],"texture":"#layer0","tintindex":0},"north":{"uv":[0.25,12.125,0.5,13.5],"texture":"#layer0","tintindex":0},"west":{"uv":[0.0,12.125,0.25,13.5],"texture":"#layer0","tintindex":0},"up":{"uv":[2.875,9.75,2.5,9.0],"texture":"#layer0","tintindex":0},"down":{"uv":[0.0,13.5,0.25,13.75],"texture":"#layer0","tintindex":0}}},{"name":"claw_right_1","from":[7.890944,4.911554,7.334528],"to":[8.331626,7.355335,7.77521],"rotation":{"angle":22.5,"axis":"x","origin":[8.0,7.357562,7.777436]},"faces":{"east":{"uv":[0.0,12.125,0.25,13.5],"texture":"#layer0","tintindex":0},"south":{"uv":[0.5,12.125,0.25,13.5],"texture":"#layer0","tintindex":0},"north":{"uv":[0.25,12.125,0.5,13.5],"texture":"#layer0","tintindex":0},"west":{"uv":[0.0,12.125,0.25,13.5],"texture":"#layer0","tintindex":0},"up":{"uv":[2.875,9.75,2.5,9.0],"texture":"#layer0","tintindex":0},"down":{"uv":[0.0,13.5,0.25,13.75],"texture":"#layer0","tintindex":0}}},{"name":"claw_right_2","from":[7.890944,4.911554,7.779662],"to":[8.331626,7.355335,8.220345],"rotation":{"angle":0.0,"axis":"z","origin":[8.0,8.0,8.0]},"faces":{"east":{"uv":[0.0,12.125,0.25,13.5],"texture":"#layer0","tintindex":0},"south":{"uv":[0.5,12.125,0.25,13.5],"texture":"#layer0","tintindex":0},"north":{"uv":[0.25,12.125,0.5,13.5],"texture":"#layer0","tintindex":0},"west":{"uv":[0.0,12.125,0.25,13.5],"texture":"#layer0","tintindex":0},"up":{"uv":[2.875,9.75,2.5,9.0],"texture":"#layer0","tintindex":0},"down":{"uv":[0.0,13.5,0.25,13.75],"texture":"#layer0","tintindex":0}}},{"name":"claw_right_3","from":[8.113508,4.911554,6.66683],"to":[8.109056,7.355335,9.333176],"rotation":{"angle":0.0,"axis":"z","origin":[8.0,8.0,8.0]},"faces":{"east":{"uv":[1.5,13.75,0.0,15.125],"texture":"#layer0","tintindex":0},"south":{"uv":[0.0,12.125,0.25,13.5],"texture":"#layer0","tintindex":0},"north":{"uv":[0.0,12.125,0.25,13.5],"texture":"#layer0","tintindex":0},"west":{"uv":[0.0,13.75,1.5,15.125],"texture":"#layer0","tintindex":0},"up":{"uv":[2.875,9.75,2.5,9.0],"texture":"#layer0","tintindex":0},"down":{"uv":[10.0,8.25,10.375,9.0],"texture":"#layer0","tintindex":0}}},{"name":"claw_right_4","from":[7.6639214,7.3553357,7.3300757],"to":[8.336072,8.027486,8.669924],"rotation":{"angle":0.0,"axis":"z","origin":[8.0,8.0,8.0]},"faces":{"east":{"uv":[8.25,7.875,9.0,8.25],"texture":"#layer0","tintindex":0},"south":{"uv":[8.875,11.375,9.25,11.75],"texture":"#layer0","tintindex":0},"north":{"uv":[7.75,7.375,8.125,7.75],"texture":"#layer0","tintindex":0},"west":{"uv":[9.25,7.5,10.0,7.875],"texture":"#layer0","tintindex":0},"up":{"uv":[2.875,9.75,2.5,9.0],"texture":"#layer0","tintindex":0},"down":{"uv":[10.0,8.25,10.375,9.0],"texture":"#layer0","tintindex":0}}}],"display":{"head":{"translation":[0.0,-6.4,0.0],"rotation":[0.0,0.0,0.0],"scale":[3.8095,3.8095,3.8095]},"gui":{"translation":[0.0,0.0,0.0],"rotation":[35.0,225.0,0.0],"scale":[0.625,0.625,0.625]}}}