{"file_name":"foot1_left","texture_size":[128,128],"textures":{"layer0":"manamodels/sahuaginpet"},"elements":[{"name":"foot1_left_0","from":[6.9266777,7.883936,7.476134],"to":[8.48909,8.110952,8.370848],"rotation":{"angle":0.0,"axis":"z","origin":[8.0,8.0,8.0]},"faces":{"east":{"uv":[11.0,9.625,10.5,9.75],"texture":"#layer0","tintindex":0},"south":{"uv":[11.125,7.375,10.25,7.5],"texture":"#layer0","tintindex":0},"north":{"uv":[9.875,8.875,9.0,9.0],"texture":"#layer0","tintindex":0},"west":{"uv":[2.5,10.5,2.0,10.625],"texture":"#layer0","tintindex":0},"up":{"uv":[11.125,9.625,12.0,9.125],"texture":"#layer0","tintindex":0},"down":{"uv":[5.25,11.375,4.375,11.875],"texture":"#layer0","tintindex":0}}}],"display":{"head":{"translation":[0.0,-6.4,0.0],"rotation":[0.0,0.0,0.0],"scale":[3.8095,3.8095,3.8095]},"gui":{"translation":[0.0,0.0,0.0],"rotation":[35.0,225.0,0.0],"scale":[0.625,0.625,0.625]}}}