{"file_name":"lowerarm_left","texture_size":[128,128],"textures":{"layer0":"manamodels/sahuaginpet"},"elements":[{"name":"lowerarm_left_0","from":[7.3322964,5.3544683,6.720242],"to":[8.445128,8.025267,7.833074],"rotation":{"angle":45.0,"axis":"y","origin":[8.0,8.025266,7.3879404]},"faces":{"east":{"uv":[2.0,10.5,1.375,12.0],"texture":"#layer0","tintindex":0},"south":{"uv":[1.375,10.375,0.75,11.875],"texture":"#layer0","tintindex":0},"north":{"uv":[7.125,10.25,6.5,11.75],"texture":"#layer0","tintindex":0},"west":{"uv":[7.75,10.25,7.125,11.75],"texture":"#layer0","tintindex":0},"up":{"uv":[8.25,12.0,8.875,11.375],"texture":"#layer0","tintindex":0},"down":{"uv":[12.0,0.625,11.375,1.25],"texture":"#layer0","tintindex":0}}},{"name":"lowerarm_left_1","from":[4.661498,5.3544683,6.720242],"to":[7.3322964,10.696064,6.720242],"rotation":{"angle":45.0,"axis":"y","origin":[8.0,7.468849,7.3879404]},"faces":{"east":{"uv":[0.0,0.0,0.0,3.0],"texture":"#layer0","tintindex":0},"south":{"uv":[3.0,6.0,1.5,9.0],"texture":"#layer0","tintindex":0},"north":{"uv":[1.5,6.0,0.0,9.0],"texture":"#layer0","tintindex":0},"west":{"uv":[0.0,0.0,0.0,3.0],"texture":"#layer0","tintindex":0},"up":{"uv":[0.0,0.0,1.5,0.0],"texture":"#layer0","tintindex":0},"down":{"uv":[1.5,0.0,0.0,0.0],"texture":"#layer0","tintindex":0}}}],"display":{"head":{"translation":[0.0,-6.4,0.0],"rotation":[0.0,0.0,0.0],"scale":[3.8095,3.8095,3.8095]},"gui":{"translation":[0.0,0.0,0.0],"rotation":[35.0,225.0,0.0],"scale":[0.625,0.625,0.625]}}}