{"file_name":"lowerleg_left","texture_size":[128,128],"textures":{"layer0":"manamodels/sahuaginpet"},"elements":[{"name":"lowerleg_left_0","from":[7.1514616,7.385384,8.208656],"to":[8.04173,8.94335,9.098925],"rotation":{"angle":45.0,"axis":"y","origin":[7.707884,8.94335,8.542501]},"faces":{"east":{"uv":[11.75,7.375,11.25,8.25],"texture":"#layer0","tintindex":0},"south":{"uv":[11.75,6.5,11.25,7.375],"texture":"#layer0","tintindex":0},"north":{"uv":[8.25,6.5,7.75,7.375],"texture":"#layer0","tintindex":0},"west":{"uv":[11.625,8.25,11.125,9.125],"texture":"#layer0","tintindex":0},"up":{"uv":[6.5,10.25,7.0,9.75],"texture":"#layer0","tintindex":0},"down":{"uv":[10.25,1.75,9.75,2.25],"texture":"#layer0","tintindex":0}}},{"name":"lowerleg_left_1","from":[7.708106,7.385384,9.32939],"to":[7.708106,8.94335,11.1099205],"rotation":{"angle":0.0,"axis":"z","origin":[8.0,8.0,8.0]},"faces":{"east":{"uv":[11.5,1.75,10.5,2.625],"texture":"#layer0","tintindex":0},"south":{"uv":[0.0,0.0,0.0,0.875],"texture":"#layer0","tintindex":0},"north":{"uv":[0.0,0.0,0.0,0.875],"texture":"#layer0","tintindex":0},"west":{"uv":[11.25,6.5,10.25,7.375],"texture":"#layer0","tintindex":0},"up":{"uv":[0.0,1.0,0.0,0.0],"texture":"#layer0","tintindex":0},"down":{"uv":[0.0,0.0,0.0,1.0],"texture":"#layer0","tintindex":0}}}],"display":{"head":{"translation":[0.0,-6.4,0.0],"rotation":[0.0,0.0,0.0],"scale":[3.8095,3.8095,3.8095]},"gui":{"translation":[0.0,0.0,0.0],"rotation":[35.0,225.0,0.0],"scale":[0.625,0.625,0.625]}}}