{"file_name":"upperleg_left","texture_size":[128,128],"textures":{"layer0":"manamodels/sahuaginpet"},"elements":[{"name":"upperleg_left_0","from":[7.1514683,7.413206,7.69397],"to":[8.2643,9.861435,8.806803],"rotation":{"angle":45.0,"axis":"y","origin":[7.707884,9.861433,8.250385]},"faces":{"east":{"uv":[3.875,10.75,3.25,12.125],"texture":"#layer0","tintindex":0},"south":{"uv":[3.25,10.75,2.625,12.125],"texture":"#layer0","tintindex":0},"north":{"uv":[11.125,8.25,10.5,9.625],"texture":"#layer0","tintindex":0},"west":{"uv":[2.625,10.75,2.0,12.125],"texture":"#layer0","tintindex":0},"up":{"uv":[5.25,12.0,5.875,11.375],"texture":"#layer0","tintindex":0},"down":{"uv":[6.5,11.375,5.875,12.0],"texture":"#layer0","tintindex":0}}},{"name":"upperleg_left_1","from":[7.685852,7.413206,9.037274],"to":[7.685852,9.861435,10.817804],"rotation":{"angle":0.0,"axis":"z","origin":[8.0,8.0,8.0]},"faces":{"east":{"uv":[1.75,9.0,0.75,10.375],"texture":"#layer0","tintindex":0},"south":{"uv":[0.0,0.0,0.0,1.375],"texture":"#layer0","tintindex":0},"north":{"uv":[0.0,0.0,0.0,1.375],"texture":"#layer0","tintindex":0},"west":{"uv":[9.25,6.5,8.25,7.875],"texture":"#layer0","tintindex":0},"up":{"uv":[0.0,1.0,0.0,0.0],"texture":"#layer0","tintindex":0},"down":{"uv":[0.0,0.0,0.0,1.0],"texture":"#layer0","tintindex":0}}}],"display":{"head":{"translation":[0.0,-6.4,0.0],"rotation":[0.0,0.0,0.0],"scale":[3.8095,3.8095,3.8095]},"gui":{"translation":[0.0,0.0,0.0],"rotation":[35.0,225.0,0.0],"scale":[0.625,0.625,0.625]}}}