{"parent":"minecraft:item/generated","textures":{"layer0":"minecraft:item/cooked_cod"},"overrides":[{"predicate":{"custom_model_data":1001},"model":"item/fish/common/albacore"},{"predicate":{"custom_model_data":1002},"model":"item/fish/common/anchovy"},{"predicate":{"custom_model_data":1003},"model":"item/fish/common/bass"},{"predicate":{"custom_model_data":1004},"model":"item/fish/common/blobfish"},{"predicate":{"custom_model_data":1005},"model":"item/fish/common/burbot"},{"predicate":{"custom_model_data":1006},"model":"item/fish/common/carp"},{"predicate":{"custom_model_data":1007},"model":"item/fish/common/catla"},{"predicate":{"custom_model_data":1008},"model":"item/fish/common/chub"},{"predicate":{"custom_model_data":1009},"model":"item/fish/common/clam"},{"predicate":{"custom_model_data":1010},"model":"item/fish/common/crab"},{"predicate":{"custom_model_data":1011},"model":"item/fish/common/crayfish"},{"predicate":{"custom_model_data":1012},"model":"item/fish/common/danios"},{"predicate":{"custom_model_data":1013},"model":"item/fish/common/flier"},{"predicate":{"custom_model_data":1014},"model":"item/fish/common/flounder"},{"predicate":{"custom_model_data":1015},"model":"item/fish/common/goldfish"},{"predicate":{"custom_model_data":1016},"model":"item/fish/common/hagfish"},{"predicate":{"custom_model_data":1017},"model":"item/fish/common/herring"},{"predicate":{"custom_model_data":1018},"model":"item/fish/common/perch"},{"predicate":{"custom_model_data":1019},"model":"item/fish/common/pickerel"},{"predicate":{"custom_model_data":1020},"model":"item/fish/common/pike"},{"predicate":{"custom_model_data":1021},"model":"item/fish/common/sardine"},{"predicate":{"custom_model_data":1022},"model":"item/fish/common/shrimp"},{"predicate":{"custom_model_data":1023},"model":"item/fish/common/sunfish"},{"predicate":{"custom_model_data":2001},"model":"item/fish/uncommon/angelfish"},{"predicate":{"custom_model_data":2002},"model":"item/fish/uncommon/angler"},{"predicate":{"custom_model_data":2003},"model":"item/fish/uncommon/barracuda"},{"predicate":{"custom_model_data":2004},"model":"item/fish/uncommon/black_seashroom"},{"predicate":{"custom_model_data":2005},"model":"item/fish/uncommon/blue_seashroom"},{"predicate":{"custom_model_data":2006},"model":"item/fish/uncommon/bream"},{"predicate":{"custom_model_data":2007},"model":"item/fish/uncommon/brown_seashroom"},{"predicate":{"custom_model_data":2008},"model":"item/fish/uncommon/catfish"},{"predicate":{"custom_model_data":2009},"model":"item/fish/uncommon/conger"},{"predicate":{"custom_model_data":2010},"model":"item/fish/uncommon/eel"},{"predicate":{"custom_model_data":2011},"model":"item/fish/uncommon/gray_seashroom"},{"predicate":{"custom_model_data":2012},"model":"item/fish/uncommon/guppy"},{"predicate":{"custom_model_data":2013},"model":"item/fish/uncommon/hermitcrab"},{"predicate":{"custom_model_data":2014},"model":"item/fish/uncommon/lime_seashroom"},{"predicate":{"custom_model_data":2015},"model":"item/fish/uncommon/lobster"},{"predicate":{"custom_model_data":2016},"model":"item/fish/uncommon/magenta_seashroom"},{"predicate":{"custom_model_data":2017},"model":"item/fish/uncommon/orange_seashroom"},{"predicate":{"custom_model_data":2018},"model":"item/fish/uncommon/pearlwog"},{"predicate":{"custom_model_data":2019},"model":"item/fish/uncommon/piglish"},{"predicate":{"custom_model_data":2020},"model":"item/fish/uncommon/red_seashroom"},{"predicate":{"custom_model_data":2021},"model":"item/fish/uncommon/swordfish"},{"predicate":{"custom_model_data":2022},"model":"item/fish/uncommon/tigerfish"},{"predicate":{"custom_model_data":2023},"model":"item/fish/uncommon/yellow_seashroom"},{"predicate":{"custom_model_data":3001},"model":"item/fish/rare/armored_catfish"},{"predicate":{"custom_model_data":3002},"model":"item/fish/rare/arrow_squid"},{"predicate":{"custom_model_data":3003},"model":"item/fish/rare/boneminnow"},{"predicate":{"custom_model_data":3004},"model":"item/fish/rare/diamond_angler"},{"predicate":{"custom_model_data":3005},"model":"item/fish/rare/electric_eel"},{"predicate":{"custom_model_data":3006},"model":"item/fish/rare/ironfish"},{"predicate":{"custom_model_data":3007},"model":"item/fish/rare/koi"},{"predicate":{"custom_model_data":3008},"model":"item/fish/rare/octopus"},{"predicate":{"custom_model_data":3009},"model":"item/fish/rare/piranha"},{"predicate":{"custom_model_data":3010},"model":"item/fish/rare/prismfish"},{"predicate":{"custom_model_data":3011},"model":"item/fish/rare/shulker_crab"},{"predicate":{"custom_model_data":4001},"model":"item/fish/legendary/blazekoi"},{"predicate":{"custom_model_data":4002},"model":"item/fish/legendary/chorus_snail"},{"predicate":{"custom_model_data":4003},"model":"item/fish/legendary/enderfish"},{"predicate":{"custom_model_data":4004},"model":"item/fish/legendary/lava_eel"},{"predicate":{"custom_model_data":4005},"model":"item/fish/legendary/manaray"},{"predicate":{"custom_model_data":4006},"model":"item/fish/legendary/obster"},{"predicate":{"custom_model_data":4007},"model":"item/fish/legendary/rainbow_seashroom"},{"predicate":{"custom_model_data":4008},"model":"item/fish/legendary/totemfish"}]}