{"parent":"minecraft:item/generated","textures":{"layer0":"minecraft:item/diamond"},"overrides":[{"predicate":{"custom_model_data":100001},"model":"item/ui/olympus/apollo-completed"},{"predicate":{"custom_model_data":100002},"model":"item/ui/olympus/apollo"},{"predicate":{"custom_model_data":100003},"model":"item/ui/olympus/apollo-locked"},{"predicate":{"custom_model_data":100004},"model":"item/ui/olympus/demeter-completed"},{"predicate":{"custom_model_data":100005},"model":"item/ui/olympus/demeter"},{"predicate":{"custom_model_data":100006},"model":"item/ui/olympus/demeter-locked"},{"predicate":{"custom_model_data":100007},"model":"item/ui/olympus/hermes-completed"},{"predicate":{"custom_model_data":100008},"model":"item/ui/olympus/hermes"},{"predicate":{"custom_model_data":100009},"model":"item/ui/olympus/hermes-locked"},{"predicate":{"custom_model_data":100010},"model":"item/ui/olympus/poseidon-completed"},{"predicate":{"custom_model_data":100011},"model":"item/ui/olympus/poseidon"},{"predicate":{"custom_model_data":100012},"model":"item/ui/olympus/poseidon-locked"},{"predicate":{"custom_model_data":100013},"model":"item/ui/olympus/aphrodite-completed"},{"predicate":{"custom_model_data":100014},"model":"item/ui/olympus/aphrodite"},{"predicate":{"custom_model_data":100015},"model":"item/ui/olympus/aphrodite-locked"},{"predicate":{"custom_model_data":100016},"model":"item/ui/olympus/ares-completed"},{"predicate":{"custom_model_data":100017},"model":"item/ui/olympus/ares"},{"predicate":{"custom_model_data":100018},"model":"item/ui/olympus/ares-locked"},{"predicate":{"custom_model_data":100019},"model":"item/ui/olympus/dionysus-completed"},{"predicate":{"custom_model_data":100020},"model":"item/ui/olympus/dionysus"},{"predicate":{"custom_model_data":100021},"model":"item/ui/olympus/dionysus-locked"},{"predicate":{"custom_model_data":100022},"model":"item/ui/olympus/athena-completed"},{"predicate":{"custom_model_data":100023},"model":"item/ui/olympus/athena"},{"predicate":{"custom_model_data":100024},"model":"item/ui/olympus/athena-locked"},{"predicate":{"custom_model_data":100025},"model":"item/ui/olympus/artemis-completed"},{"predicate":{"custom_model_data":100026},"model":"item/ui/olympus/artemis"},{"predicate":{"custom_model_data":100027},"model":"item/ui/olympus/artemis-locked"},{"predicate":{"custom_model_data":100028},"model":"item/ui/olympus/hephaestus-completed"},{"predicate":{"custom_model_data":100029},"model":"item/ui/olympus/hephaestus"},{"predicate":{"custom_model_data":100030},"model":"item/ui/olympus/hephaestus-locked"},{"predicate":{"custom_model_data":100031},"model":"item/ui/olympus/hera-completed"},{"predicate":{"custom_model_data":100032},"model":"item/ui/olympus/hera"},{"predicate":{"custom_model_data":100033},"model":"item/ui/olympus/hera-locked"},{"predicate":{"custom_model_data":100034},"model":"item/ui/olympus/zeus-completed"},{"predicate":{"custom_model_data":100035},"model":"item/ui/olympus/zeus"},{"predicate":{"custom_model_data":100036},"model":"item/ui/olympus/zeus-locked"},{"predicate":{"custom_model_data":100037},"model":"item/ui/olympus/ascend-completed"},{"predicate":{"custom_model_data":100038},"model":"item/ui/olympus/ascend"},{"predicate":{"custom_model_data":100039},"model":"item/ui/olympus/ascend-locked"}]}