{"parent":"minecraft:item/template_skull","textures":{"layer0":"item/skeleton_skull"},"overrides":[{"predicate":{"custom_model_data":100001},"model":"item/deco/skulls/gorillahead"},{"predicate":{"custom_model_data":100002},"model":"item/deco/skulls/yetihead"},{"predicate":{"custom_model_data":100003},"model":"item/deco/skulls/kangaroohead"},{"predicate":{"custom_model_data":100004},"model":"item/deco/skulls/houndhead"},{"predicate":{"custom_model_data":100005},"model":"item/deco/skulls/kyrknahead"},{"predicate":{"custom_model_data":100006},"model":"item/deco/skulls/moosehead"},{"predicate":{"custom_model_data":100007},"model":"item/deco/skulls/mummyhead"},{"predicate":{"custom_model_data":100008},"model":"item/deco/skulls/rhinohead"},{"predicate":{"custom_model_data":100009},"model":"item/deco/skulls/serpenthead"},{"predicate":{"custom_model_data":100011},"model":"item/deco/skulls/skeletalmagehead"},{"predicate":{"custom_model_data":100012},"model":"item/deco/skulls/molehead"},{"predicate":{"custom_model_data":100013},"model":"item/deco/skulls/dragonhead"},{"predicate":{"custom_model_data":100014},"model":"item/deco/skulls/golemhead"},{"predicate":{"custom_model_data":100015},"model":"item/deco/skulls/scorpionhead"},{"predicate":{"custom_model_data":100016},"model":"item/deco/skulls/manawizardhead"},{"predicate":{"custom_model_data":100017},"model":"item/deco/skulls/managolemhead"},{"predicate":{"custom_model_data":100018},"model":"item/deco/skulls/manaslimehead"},{"predicate":{"custom_model_data":100019},"model":"item/deco/skulls/manawolfhead"},{"predicate":{"custom_model_data":100020},"model":"item/deco/skulls/tigerhead"}]}