{"credit":"Copyright ManaLabs Inc","texture_size":[32,32],"textures":{"0":"manalabs:crates/blossom_crate/trowel","particle":"manalabs:crates/blossom_crate/trowel"},"elements":[{"from":[7,0,6],"to":[9,6,8],"rotation":{"angle":0,"axis":"y","origin":[8,0,0]},"faces":{"north":{"uv":[1,6,2,9],"texture":"#0"},"east":{"uv":[0,6,1,9],"texture":"#0"},"south":{"uv":[3,6,4,9],"texture":"#0"},"west":{"uv":[2,6,3,9],"texture":"#0"},"up":{"uv":[2,6,1,5],"texture":"#0"},"down":{"uv":[3,5,2,6],"texture":"#0"}}},{"from":[6.5,8,6.25],"to":[9.5,12,7.25],"rotation":{"angle":0,"axis":"y","origin":[9,0,0]},"faces":{"north":{"uv":[4.5,5.5,6,7.5],"texture":"#0"},"east":{"uv":[4,5.5,4.5,7.5],"texture":"#0"},"south":{"uv":[6.5,5.5,8,7.5],"texture":"#0"},"west":{"uv":[6,5.5,6.5,7.5],"texture":"#0"},"up":{"uv":[6,5.5,4.5,5],"texture":"#0"},"down":{"uv":[7.5,5,6,5.5],"texture":"#0"}}},{"from":[4,8,6.75],"to":[12,18,6.75],"rotation":{"angle":0,"axis":"y","origin":[8.5,0,0]},"faces":{"north":{"uv":[0,0,4,5],"texture":"#0"},"east":{"uv":[0,0,0,5],"texture":"#0"},"south":{"uv":[4,0,8,5],"texture":"#0"},"west":{"uv":[4,0,4,5],"texture":"#0"},"up":{"uv":[4,0,0,0],"texture":"#0"},"down":{"uv":[8,0,4,0],"texture":"#0"}}},{"from":[7.5,6,6.5],"to":[8.5,8,6.5],"rotation":{"angle":0,"axis":"y","origin":[8,0,0]},"faces":{"north":{"uv":[0,5,0.5,6],"texture":"#0"},"east":{"uv":[0,5,0,6],"texture":"#0"},"south":{"uv":[0.5,5,1,6],"texture":"#0"},"west":{"uv":[0.5,5,0.5,6],"texture":"#0"},"up":{"uv":[0.5,5,0,5],"texture":"#0"},"down":{"uv":[1,5,0.5,5],"texture":"#0"}}}],"gui_light":"front","display":{"thirdperson_righthand":{"rotation":[0.5,-11.98,5.04],"translation":[-1.5,4.75,2.25],"scale":[0.8,0.8,0.8]},"thirdperson_lefthand":{"rotation":[0.5,-11.98,5.04],"translation":[-1.5,4.75,2.25],"scale":[0.8,0.8,0.8]},"firstperson_righthand":{"rotation":[-70.03,-36.58,-12.52],"translation":[1.38,2.2,0.13],"scale":[0.68,0.68,0.68]},"firstperson_lefthand":{"rotation":[-70.03,-36.58,-12.52],"translation":[1.38,3.2,0.13],"scale":[0.68,0.68,0.68]},"ground":{"translation":[0,3,0],"scale":[0.7,0.7,0.7]},"gui":{"rotation":[30,135,0],"translation":[0.75,0.5,0]},"fixed":{"rotation":[0,0,-46],"scale":[0.9,0.9,0.9]}},"groups":[{"name":"root","origin":[8,8,8],"color":0,"children":[0,1,2,3]}]}