{"file_name":"foot3","texture_size":[64,64],"textures":{"layer0":"manamodels/baby_dragon"},"elements":[{"name":"foot3_0","from":[7.34,7.64,6.59],"to":[8.66,8.360001,8.51],"rotation":{"angle":0.0,"axis":"z","origin":[8.0,8.0,8.0]},"faces":{"east":{"uv":[2.5,10.0,3.25,10.25],"texture":"#layer0","tintindex":0},"south":{"uv":[4.5,10.0,5.0,10.25],"texture":"#layer0","tintindex":0},"north":{"uv":[3.25,10.0,3.75,10.25],"texture":"#layer0","tintindex":0},"west":{"uv":[3.75,10.0,4.5,10.25],"texture":"#layer0","tintindex":0},"up":{"uv":[3.75,10.0,3.25,9.25],"texture":"#layer0","tintindex":0},"down":{"uv":[3.75,9.25,4.25,10.0],"texture":"#layer0","tintindex":0}}}],"display":{"head":{"translation":[0.0,-6.4,0.0],"rotation":[0.0,0.0,0.0],"scale":[3.8095,3.8095,3.8095]},"gui":{"translation":[0.0,0.0,0.0],"rotation":[35.0,225.0,0.0],"scale":[0.625,0.625,0.625]}}}