{"file_name":"leg4","texture_size":[64,64],"textures":{"layer0":"manamodels/baby_dragon"},"elements":[{"name":"leg4_0","from":[7.4900002,7.34,6.8900003],"to":[8.81,9.860001,8.81],"rotation":{"angle":22.5,"axis":"x","origin":[10.4,8.0,4.55]},"faces":{"east":{"uv":[9.5,4.25,8.75,5.25],"texture":"#layer0","tintindex":0},"south":{"uv":[10.0,4.25,9.5,5.25],"texture":"#layer0","tintindex":0},"north":{"uv":[8.75,4.25,8.25,5.25],"texture":"#layer0","tintindex":0},"west":{"uv":[8.25,4.25,7.5,5.25],"texture":"#layer0","tintindex":0},"up":{"uv":[8.25,4.25,8.75,3.5],"texture":"#layer0","tintindex":0},"down":{"uv":[9.25,3.5,8.75,4.25],"texture":"#layer0","tintindex":0}}},{"name":"leg4_1","from":[7.55,4.1,5.8999996],"to":[8.75,5.8999996,7.1],"rotation":{"angle":-22.5,"axis":"x","origin":[10.4,8.0,4.55]},"faces":{"east":{"uv":[6.0,10.5,5.5,11.25],"texture":"#layer0","tintindex":0},"south":{"uv":[6.5,10.5,6.0,11.25],"texture":"#layer0","tintindex":0},"north":{"uv":[5.5,10.5,5.0,11.25],"texture":"#layer0","tintindex":0},"west":{"uv":[5.0,10.5,4.5,11.25],"texture":"#layer0","tintindex":0},"up":{"uv":[5.0,10.5,5.5,10.0],"texture":"#layer0","tintindex":0},"down":{"uv":[6.0,10.0,5.5,10.5],"texture":"#layer0","tintindex":0}}}],"display":{"head":{"translation":[0.0,-6.4,0.0],"rotation":[0.0,0.0,0.0],"scale":[3.8095,3.8095,3.8095]},"gui":{"translation":[0.0,0.0,0.0],"rotation":[35.0,225.0,0.0],"scale":[0.625,0.625,0.625]}}}