{"file_name":"tail","texture_size":[64,64],"textures":{"layer0":"manamodels/baby_dragon"},"elements":[{"name":"tail_0","from":[7.1,6.6499996,6.6499996],"to":[8.9,9.05,11.45],"rotation":{"angle":0.0,"axis":"z","origin":[8.0,8.0,8.0]},"faces":{"east":{"uv":[5.0,2.0,7.0,3.0],"texture":"#layer0","tintindex":0},"south":{"uv":[9.75,2.0,10.5,3.0],"texture":"#layer0","tintindex":0},"north":{"uv":[7.0,2.0,7.75,3.0],"texture":"#layer0","tintindex":0},"west":{"uv":[7.75,2.0,9.75,3.0],"texture":"#layer0","tintindex":0},"up":{"uv":[7.75,2.0,7.0,0.0],"texture":"#layer0","tintindex":0},"down":{"uv":[7.75,0.0,8.5,2.0],"texture":"#layer0","tintindex":0}}},{"name":"tail_1","from":[8.0,9.05,7.85],"to":[8.0,10.25,11.45],"rotation":{"angle":0.0,"axis":"z","origin":[8.0,8.0,8.0]},"faces":{"east":{"uv":[3.0,1.5,4.5,2.0],"texture":"#layer0","tintindex":0},"south":{"uv":[6.0,1.5,6.0,2.0],"texture":"#layer0","tintindex":0},"north":{"uv":[4.5,1.5,4.5,2.0],"texture":"#layer0","tintindex":0},"west":{"uv":[4.5,1.5,6.0,2.0],"texture":"#layer0","tintindex":0},"up":{"uv":[4.5,1.5,4.5,0.0],"texture":"#layer0","tintindex":0},"down":{"uv":[4.5,0.0,4.5,1.5],"texture":"#layer0","tintindex":0}}}],"display":{"head":{"translation":[0.0,-6.4,0.0],"rotation":[0.0,0.0,0.0],"scale":[3.8095,3.8095,3.8095]},"gui":{"translation":[0.0,0.0,0.0],"rotation":[35.0,225.0,0.0],"scale":[0.625,0.625,0.625]}}}