{"display":{"thirdperson_righthand":{"translation":[-0.25,0.5,0],"scale":[0.5,0.5,0.5]},"thirdperson_lefthand":{"translation":[-0.25,0.5,0],"scale":[0.5,0.5,0.5]},"firstperson_righthand":{"rotation":[-102,113,124],"translation":[0,3.25,1.25],"scale":[0.5,0.5,0.5]},"firstperson_lefthand":{"rotation":[-102,113,124],"translation":[0,3.25,1.25],"scale":[0.5,0.5,0.5]},"ground":{"scale":[0.3,0.3,0.3]},"gui":{"rotation":[14,157,7],"translation":[0,4.5,0],"scale":[0.85,0.85,0.85]},"head":{"translation":[0,3.75,0],"scale":[1.81,1.81,1.81]},"fixed":{"translation":[0,4,-2.25]}},"texture_size":[64,64],"textures":{"0":"gear/helmet/crawler_helmet","particle":"gear/helmet/crawler_helmet"},"elements":[{"from":[4,3,4],"to":[12,10,12],"rotation":{"angle":0,"axis":"y","origin":[0,0,1]},"faces":{"north":{"uv":[2.25,0,4.25,1.75],"texture":"#0"},"east":{"uv":[2.25,2,4.25,3.75],"texture":"#0"},"south":{"uv":[2.25,4,4.25,5.75],"texture":"#0"},"west":{"uv":[0,4.5,2,6.25],"texture":"#0"},"up":{"uv":[2,2,0,0],"texture":"#0"},"down":{"uv":[2,2.25,0,4.25],"texture":"#0"}}},{"from":[4,3,4.025],"to":[12,10,4.025],"rotation":{"angle":0,"axis":"y","origin":[0,0,1]},"faces":{"north":{"uv":[15.25,2.75,15,2.5],"texture":"#0"},"east":{"uv":[15.25,2.75,15,2.5],"texture":"#0"},"south":{"uv":[2.25,4,4.25,5.75],"texture":"#0"},"west":{"uv":[15.25,2.75,15,2.5],"texture":"#0"},"up":{"uv":[15.25,2.75,15,2.5],"texture":"#0"},"down":{"uv":[15.25,2.75,15,2.5],"texture":"#0"}}},{"from":[4.05,3,4],"to":[4.05,10,12],"rotation":{"angle":0,"axis":"y","origin":[0,0,1]},"faces":{"north":{"uv":[15.25,2.75,15,2.5],"texture":"#0"},"east":{"uv":[2.25,2,4.25,3.75],"texture":"#0"},"south":{"uv":[15.25,2.75,15,2.5],"texture":"#0"},"west":{"uv":[15.25,2.75,15,2.5],"texture":"#0"},"up":{"uv":[15.25,2.75,15,2.5],"texture":"#0"},"down":{"uv":[15.25,2.75,15,2.5],"texture":"#0"}}},{"from":[4,3,11.975],"to":[12,10,11.975],"rotation":{"angle":0,"axis":"y","origin":[0,0,1]},"faces":{"north":{"uv":[2.25,0,4.25,1.75],"texture":"#0"},"east":{"uv":[15.25,2.75,15,2.5],"texture":"#0"},"south":{"uv":[15.25,2.75,15,2.5],"texture":"#0"},"west":{"uv":[15.25,2.75,15,2.5],"texture":"#0"},"up":{"uv":[15.25,2.75,15,2.5],"texture":"#0"},"down":{"uv":[15.25,2.75,15,2.5],"texture":"#0"}}},{"from":[11.975,3,4],"to":[11.975,10,12],"rotation":{"angle":0,"axis":"y","origin":[0,0,1]},"faces":{"north":{"uv":[15.25,2.75,15,2.5],"texture":"#0"},"east":{"uv":[15.25,2.75,15,2.5],"texture":"#0"},"south":{"uv":[15.25,2.75,15,2.5],"texture":"#0"},"west":{"uv":[0,4.5,2,6.25],"texture":"#0"},"up":{"uv":[15.25,2.75,15,2.5],"texture":"#0"},"down":{"uv":[15.25,2.75,15,2.5],"texture":"#0"}}},{"from":[11.5,7.5,3.75],"to":[12.5,8.5,4.75],"rotation":{"angle":0,"axis":"y","origin":[16,0,1]},"faces":{"north":{"uv":[11.75,3.5,12,3.75],"texture":"#0"},"east":{"uv":[11.75,10.25,12,10.5],"texture":"#0"},"south":{"uv":[3,12,3.25,12.25],"texture":"#0"},"west":{"uv":[3.5,12,3.75,12.25],"texture":"#0"},"up":{"uv":[4.25,12.25,4,12],"texture":"#0"},"down":{"uv":[12.25,4,12,4.25],"texture":"#0"}}},{"from":[3.5,7.5,3.75],"to":[4.5,8.5,4.75],"rotation":{"angle":0,"axis":"y","origin":[0,0,1]},"faces":{"north":{"uv":[4.5,12,4.75,12.25],"texture":"#0"},"east":{"uv":[12,4.5,12.25,4.75],"texture":"#0"},"south":{"uv":[12,5,12.25,5.25],"texture":"#0"},"west":{"uv":[12,5.5,12.25,5.75],"texture":"#0"},"up":{"uv":[12.25,6.25,12,6],"texture":"#0"},"down":{"uv":[6.5,12,6.25,12.25],"texture":"#0"}}},{"from":[8.25,5,3],"to":[11.25,8,4],"rotation":{"angle":0,"axis":"y","origin":[16,0,1]},"faces":{"north":{"uv":[7.5,6.25,8.25,7],"texture":"#0"},"east":{"uv":[6.25,11,6.5,11.75],"texture":"#0"},"south":{"uv":[7.5,7.25,8.25,8],"texture":"#0"},"west":{"uv":[10.5,11,10.75,11.75],"texture":"#0"},"up":{"uv":[11.75,11.25,11,11],"texture":"#0"},"down":{"uv":[0.75,11.25,0,11.5],"texture":"#0"}}},{"from":[4.75,5,3],"to":[7.75,8,4],"rotation":{"angle":0,"axis":"y","origin":[0,0,1]},"faces":{"north":{"uv":[2.25,7.75,3,8.5],"texture":"#0"},"east":{"uv":[11.25,0,11.5,0.75],"texture":"#0"},"south":{"uv":[3.25,7.75,4,8.5],"texture":"#0"},"west":{"uv":[1,11.25,1.25,12],"texture":"#0"},"up":{"uv":[12,1.25,11.25,1],"texture":"#0"},"down":{"uv":[12,1.5,11.25,1.75],"texture":"#0"}}},{"from":[3.70711,1.46447,6],"to":[4.70711,6.46447,7],"rotation":{"angle":22.5,"axis":"z","origin":[3.70711,2.96447,6]},"faces":{"north":{"uv":[1.5,9.25,1.75,10.5],"texture":"#0"},"east":{"uv":[8,9.25,8.25,10.5],"texture":"#0"},"south":{"uv":[10,2,10.25,3.25],"texture":"#0"},"west":{"uv":[10,3.5,10.25,4.75],"texture":"#0"},"up":{"uv":[12.25,6.75,12,6.5],"texture":"#0"},"down":{"uv":[7,12,6.75,12.25],"texture":"#0"}}},{"from":[11.29289,1.46447,6],"to":[12.29289,6.46447,7],"rotation":{"angle":-22.5,"axis":"z","origin":[12.29289,2.96447,6]},"faces":{"north":{"uv":[9.5,10,9.75,11.25],"texture":"#0"},"east":{"uv":[10,10,10.25,11.25],"texture":"#0"},"south":{"uv":[10.25,5,10.5,6.25],"texture":"#0"},"west":{"uv":[10.25,6.5,10.5,7.75],"texture":"#0"},"up":{"uv":[12.5,1.25,12.25,1],"texture":"#0"},"down":{"uv":[12.5,1.5,12.25,1.75],"texture":"#0"}}},{"from":[1.20711,0.46447,4.25],"to":[3.20711,6.46447,6.25],"rotation":{"angle":22.5,"axis":"x","origin":[2.20711,2.96447,5.25]},"faces":{"north":{"uv":[2.25,6,2.75,7.5],"texture":"#0"},"east":{"uv":[3,6,3.5,7.5],"texture":"#0"},"south":{"uv":[3.75,6,4.25,7.5],"texture":"#0"},"west":{"uv":[6,4,6.5,5.5],"texture":"#0"},"up":{"uv":[11,3.5,10.5,3],"texture":"#0"},"down":{"uv":[11,3.75,10.5,4.25],"texture":"#0"}}},{"from":[12.79289,0.46447,4.25],"to":[14.79289,6.46447,6.25],"rotation":{"angle":22.5,"axis":"x","origin":[13.79289,2.96447,5.25]},"faces":{"north":{"uv":[0.75,6.5,1.25,8],"texture":"#0"},"east":{"uv":[1.5,6.5,2,8],"texture":"#0"},"south":{"uv":[6.75,0,7.25,1.5],"texture":"#0"},"west":{"uv":[6.75,1.75,7.25,3.25],"texture":"#0"},"up":{"uv":[11.25,5,10.75,4.5],"texture":"#0"},"down":{"uv":[5.5,10.75,5,11.25],"texture":"#0"}}},{"from":[2.95711,-1.76053,3.5],"to":[3.95711,1.23947,5.5],"rotation":{"angle":22.5,"axis":"z","origin":[2.95711,-2.26053,4.5]},"faces":{"north":{"uv":[11.25,2,11.5,2.75],"texture":"#0"},"east":{"uv":[9.5,9,10,9.75],"texture":"#0"},"south":{"uv":[11.25,3,11.5,3.75],"texture":"#0"},"west":{"uv":[9.75,0,10.25,0.75],"texture":"#0"},"up":{"uv":[11.5,10.75,11.25,10.25],"texture":"#0"},"down":{"uv":[0.75,11.75,0.5,12.25],"texture":"#0"}}},{"from":[12.04289,-1.76053,3.5],"to":[13.04289,1.23947,5.5],"rotation":{"angle":-22.5,"axis":"z","origin":[13.04289,-2.26053,4.5]},"faces":{"north":{"uv":[11.5,6,11.75,6.75],"texture":"#0"},"east":{"uv":[9.75,1,10.25,1.75],"texture":"#0"},"south":{"uv":[11.5,7,11.75,7.75],"texture":"#0"},"west":{"uv":[5,9.75,5.5,10.5],"texture":"#0"},"up":{"uv":[7.5,12.25,7.25,11.75],"texture":"#0"},"down":{"uv":[12,8,11.75,8.5],"texture":"#0"}}},{"from":[2.95711,-4.76053,3.5],"to":[3.95711,-1.76053,4.5],"rotation":{"angle":22.5,"axis":"z","origin":[2.95711,-2.26053,4.5]},"faces":{"north":{"uv":[11.25,8.25,11.5,9],"texture":"#0"},"east":{"uv":[11.25,9.25,11.5,10],"texture":"#0"},"south":{"uv":[1.5,11.5,1.75,12.25],"texture":"#0"},"west":{"uv":[2,11.5,2.25,12.25],"texture":"#0"},"up":{"uv":[12.25,7.25,12,7],"texture":"#0"},"down":{"uv":[12.25,7.5,12,7.75],"texture":"#0"}}},{"from":[12.04289,-4.76053,3.5],"to":[13.04289,-1.76053,4.5],"rotation":{"angle":-22.5,"axis":"z","origin":[13.04289,-2.26053,4.5]},"faces":{"north":{"uv":[8.25,11.5,8.5,12.25],"texture":"#0"},"east":{"uv":[8.75,11.5,9,12.25],"texture":"#0"},"south":{"uv":[9.25,11.5,9.5,12.25],"texture":"#0"},"west":{"uv":[9.75,11.5,10,12.25],"texture":"#0"},"up":{"uv":[12.5,2.25,12.25,2],"texture":"#0"},"down":{"uv":[12.5,2.5,12.25,2.75],"texture":"#0"}}},{"from":[3.70711,1.46447,9],"to":[4.70711,8.46447,10],"rotation":{"angle":22.5,"axis":"z","origin":[3.70711,2.96447,9]},"faces":{"north":{"uv":[5.25,7.75,5.5,9.5],"texture":"#0"},"east":{"uv":[8.5,8,8.75,9.75],"texture":"#0"},"south":{"uv":[2,8.75,2.25,10.5],"texture":"#0"},"west":{"uv":[2.5,8.75,2.75,10.5],"texture":"#0"},"up":{"uv":[8,12.25,7.75,12],"texture":"#0"},"down":{"uv":[10.5,12,10.25,12.25],"texture":"#0"}}},{"from":[11.29289,1.46447,9],"to":[12.29289,8.46447,10],"rotation":{"angle":-22.5,"axis":"z","origin":[12.29289,2.96447,9]},"faces":{"north":{"uv":[6.75,8.75,7,10.5],"texture":"#0"},"east":{"uv":[5.75,9,6,10.75],"texture":"#0"},"south":{"uv":[6.25,9,6.5,10.75],"texture":"#0"},"west":{"uv":[9,8,9.25,9.75],"texture":"#0"},"up":{"uv":[12.5,3.25,12.25,3],"texture":"#0"},"down":{"uv":[12.5,3.5,12.25,3.75],"texture":"#0"}}},{"from":[0.20711,2.46447,8.25],"to":[2.20711,8.46447,10.25],"rotation":{"angle":-22.5,"axis":"z","origin":[1.20711,4.96447,9.25]},"faces":{"north":{"uv":[4.5,6,5,7.5],"texture":"#0"},"east":{"uv":[5.25,6,5.75,7.5],"texture":"#0"},"south":{"uv":[6,5.75,6.5,7.25],"texture":"#0"},"west":{"uv":[0,6.5,0.5,8],"texture":"#0"},"up":{"uv":[11,10,10.5,9.5],"texture":"#0"},"down":{"uv":[11,10.25,10.5,10.75],"texture":"#0"}}},{"from":[13.79289,2.46447,8.25],"to":[15.79289,8.46447,10.25],"rotation":{"angle":22.5,"axis":"z","origin":[14.79289,4.96447,9.25]},"faces":{"north":{"uv":[6.75,3.5,7.25,5],"texture":"#0"},"east":{"uv":[6.75,5.25,7.25,6.75],"texture":"#0"},"south":{"uv":[6.75,7,7.25,8.5],"texture":"#0"},"west":{"uv":[7.5,0,8,1.5],"texture":"#0"},"up":{"uv":[11.25,5.75,10.75,5.25],"texture":"#0"},"down":{"uv":[11.25,6,10.75,6.5],"texture":"#0"}}},{"from":[0.95711,-1.76053,7.5],"to":[1.95711,3.23947,9.5],"rotation":{"angle":22.5,"axis":"z","origin":[0.95711,-0.26053,8.5]},"faces":{"north":{"uv":[8.5,10,8.75,11.25],"texture":"#0"},"east":{"uv":[7.5,1.75,8,3],"texture":"#0"},"south":{"uv":[9,10,9.25,11.25],"texture":"#0"},"west":{"uv":[7.5,3.25,8,4.5],"texture":"#0"},"up":{"uv":[12,2.5,11.75,2],"texture":"#0"},"down":{"uv":[12,2.75,11.75,3.25],"texture":"#0"}}},{"from":[14.04289,-1.76053,7.5],"to":[15.04289,3.23947,9.5],"rotation":{"angle":-22.5,"axis":"z","origin":[15.04289,-0.26053,8.5]},"faces":{"north":{"uv":[7.25,10.25,7.5,11.5],"texture":"#0"},"east":{"uv":[7.5,4.75,8,6],"texture":"#0"},"south":{"uv":[10.25,8,10.5,9.25],"texture":"#0"},"west":{"uv":[6,7.5,6.5,8.75],"texture":"#0"},"up":{"uv":[12,9.25,11.75,8.75],"texture":"#0"},"down":{"uv":[12,9.5,11.75,10],"texture":"#0"}}},{"from":[0.95711,-4.76053,7.5],"to":[1.95711,-1.76053,8.5],"rotation":{"angle":22.5,"axis":"z","origin":[0.95711,-0.26053,8.5]},"faces":{"north":{"uv":[2.5,11.5,2.75,12.25],"texture":"#0"},"east":{"uv":[11.5,4,11.75,4.75],"texture":"#0"},"south":{"uv":[5,11.5,5.25,12.25],"texture":"#0"},"west":{"uv":[11.5,5,11.75,5.75],"texture":"#0"},"up":{"uv":[12.25,11,12,10.75],"texture":"#0"},"down":{"uv":[12.25,11.25,12,11.5],"texture":"#0"}}},{"from":[14.04289,-4.76053,7.5],"to":[15.04289,-1.76053,8.5],"rotation":{"angle":-22.5,"axis":"z","origin":[15.04289,-0.26053,8.5]},"faces":{"north":{"uv":[11,11.5,11.25,12.25],"texture":"#0"},"east":{"uv":[11.5,11.5,11.75,12.25],"texture":"#0"},"south":{"uv":[0,11.75,0.25,12.5],"texture":"#0"},"west":{"uv":[11.75,0,12,0.75],"texture":"#0"},"up":{"uv":[5.75,12.5,5.5,12.25],"texture":"#0"},"down":{"uv":[12.5,8,12.25,8.25],"texture":"#0"}}},{"from":[3.43211,4.46447,11],"to":[4.43211,11.46447,12],"rotation":{"angle":45,"axis":"x","origin":[3.70711,4.96447,9]},"faces":{"north":{"uv":[3,8.75,3.25,10.5],"texture":"#0"},"east":{"uv":[3.5,8.75,3.75,10.5],"texture":"#0"},"south":{"uv":[4,8.75,4.25,10.5],"texture":"#0"},"west":{"uv":[4.5,8.75,4.75,10.5],"texture":"#0"},"up":{"uv":[12.25,12,12,11.75],"texture":"#0"},"down":{"uv":[12.5,0,12.25,0.25],"texture":"#0"}}},{"from":[11.56789,4.46447,11],"to":[12.56789,11.46447,12],"rotation":{"angle":45,"axis":"x","origin":[12.29289,4.96447,9]},"faces":{"north":{"uv":[0,9.25,0.25,11],"texture":"#0"},"east":{"uv":[9.25,0,9.5,1.75],"texture":"#0"},"south":{"uv":[0.5,9.25,0.75,11],"texture":"#0"},"west":{"uv":[1,9.25,1.25,11],"texture":"#0"},"up":{"uv":[12.5,8.75,12.25,8.5],"texture":"#0"},"down":{"uv":[12.5,9,12.25,9.25],"texture":"#0"}}},{"from":[2.95711,-1.53553,16.5],"to":[3.95711,2.46447,17.5],"rotation":{"angle":0,"axis":"y","origin":[3.70711,4.96447,9]},"faces":{"north":{"uv":[3,10.75,3.25,11.75],"texture":"#0"},"east":{"uv":[3.5,10.75,3.75,11.75],"texture":"#0"},"south":{"uv":[4,10.75,4.25,11.75],"texture":"#0"},"west":{"uv":[4.5,10.75,4.75,11.75],"texture":"#0"},"up":{"uv":[12.5,0.75,12.25,0.5],"texture":"#0"},"down":{"uv":[1.25,12.25,1,12.5],"texture":"#0"}}},{"from":[12.04289,-1.53553,16.5],"to":[13.04289,2.46447,17.5],"rotation":{"angle":0,"axis":"y","origin":[12.29289,4.96447,9]},"faces":{"north":{"uv":[6.75,10.75,7,11.75],"texture":"#0"},"east":{"uv":[7.75,10.75,8,11.75],"texture":"#0"},"south":{"uv":[10.75,8.25,11,9.25],"texture":"#0"},"west":{"uv":[5.75,11,6,12],"texture":"#0"},"up":{"uv":[12.5,9.75,12.25,9.5],"texture":"#0"},"down":{"uv":[12.5,10,12.25,10.25],"texture":"#0"}}},{"from":[2.45711,-0.18198,14.38909],"to":[4.45711,6.81802,16.38909],"rotation":{"angle":-22.5,"axis":"x","origin":[3.95711,5.31802,12.88909]},"faces":{"north":{"uv":[4.5,0,5,1.75],"texture":"#0"},"east":{"uv":[4.5,2,5,3.75],"texture":"#0"},"south":{"uv":[4.5,4,5,5.75],"texture":"#0"},"west":{"uv":[5.25,0,5.75,1.75],"texture":"#0"},"up":{"uv":[2,11.25,1.5,10.75],"texture":"#0"},"down":{"uv":[2.75,10.75,2.25,11.25],"texture":"#0"}}},{"from":[11.54289,-0.18198,14.38909],"to":[13.54289,6.81802,16.38909],"rotation":{"angle":-22.5,"axis":"x","origin":[12.04289,5.31802,12.88909]},"faces":{"north":{"uv":[5.25,2,5.75,3.75],"texture":"#0"},"east":{"uv":[5.25,4,5.75,5.75],"texture":"#0"},"south":{"uv":[6,0,6.5,1.75],"texture":"#0"},"west":{"uv":[6,2,6.5,3.75],"texture":"#0"},"up":{"uv":[11.25,7.25,10.75,6.75],"texture":"#0"},"down":{"uv":[11.25,7.5,10.75,8],"texture":"#0"}}}],"gui_light":"front"}