{"display":{"thirdperson_righthand":{"translation":[0,0,1.5],"scale":[0.5,0.5,0.5]},"thirdperson_lefthand":{"translation":[0,0,1.5],"scale":[0.5,0.5,0.5]},"firstperson_righthand":{"translation":[0,1.25,0],"scale":[0.5,0.5,0.5]},"firstperson_lefthand":{"translation":[0,1.25,0],"scale":[0.5,0.5,0.5]},"ground":{"scale":[0.5,0.5,0.5]},"gui":{"rotation":[25,147,0],"translation":[0,3,0],"scale":[0.9,0.9,0.9]},"head":{"translation":[0,5.75,0],"scale":[1.65,1.65,1.65]},"fixed":{"translation":[0,3.25,-3]}},"texture_size":[64,64],"textures":{"0":"gear/helmet/wolf_hat","particle":"gear/helmet/wolf_hat"},"elements":[{"from":[3,-2,3.5],"to":[13,9,3.5],"faces":{"north":{"uv":[0,0,2.5,2.75],"texture":"#0"},"east":{"uv":[9.25,0,9.25,2.75],"texture":"#0"},"south":{"uv":[2.75,0,5.25,2.75],"texture":"#0"},"west":{"uv":[9.25,8.5,9.25,11.25],"texture":"#0"},"up":{"uv":[11.75,5,9.25,5],"texture":"#0"},"down":{"uv":[11.75,5.25,9.25,5.25],"texture":"#0"}}},{"from":[3,-2,12.5],"to":[13,9,12.5],"rotation":{"angle":0,"axis":"y","origin":[0,0,16]},"faces":{"north":{"uv":[0,3,2.5,5.75],"texture":"#0"},"east":{"uv":[6.75,9.5,6.75,12.25],"texture":"#0"},"south":{"uv":[2.75,3,5.25,5.75],"texture":"#0"},"west":{"uv":[7,9.5,7,12.25],"texture":"#0"},"up":{"uv":[12,3.5,9.5,3.5],"texture":"#0"},"down":{"uv":[12,3.75,9.5,3.75],"texture":"#0"}}},{"from":[3,9,3.5],"to":[13,9,12.5],"faces":{"north":{"uv":[9.25,5.5,11.75,5.5],"texture":"#0"},"east":{"uv":[9.25,5.75,11.5,5.75],"texture":"#0"},"south":{"uv":[9.5,0,12,0],"texture":"#0"},"west":{"uv":[9.5,0.25,11.75,0.25],"texture":"#0"},"up":{"uv":[7.5,8.25,5,6],"texture":"#0"},"down":{"uv":[10.25,6,7.75,8.25],"texture":"#0"}}},{"from":[3,9,9.475],"to":[6,12,9.5],"faces":{"north":{"uv":[6.25,8.5,7,9.25],"texture":"#0"},"east":{"uv":[9.5,4,9.5,4.75],"texture":"#0"},"south":{"uv":[7.25,8.5,8,9.25],"texture":"#0"},"west":{"uv":[7.25,9.5,7.25,10.25],"texture":"#0"},"up":{"uv":[8.25,9.5,7.5,9.5],"texture":"#0"},"down":{"uv":[10.25,8.5,9.5,8.5],"texture":"#0"}}},{"from":[10,9,9.475],"to":[13,12,9.5],"rotation":{"angle":0,"axis":"y","origin":[16,0,0]},"faces":{"north":{"uv":[8.25,8.5,9,9.25],"texture":"#0"},"east":{"uv":[9.75,1,9.75,1.75],"texture":"#0"},"south":{"uv":[0,9,0.75,9.75],"texture":"#0"},"west":{"uv":[1.75,9.75,1.75,10.5],"texture":"#0"},"up":{"uv":[2.75,9.75,2,9.75],"texture":"#0"},"down":{"uv":[10.5,2,9.75,2],"texture":"#0"}}},{"from":[3,11.975,7.5],"to":[6,12,9.5],"faces":{"north":{"uv":[9.5,8.75,10.25,8.75],"texture":"#0"},"east":{"uv":[8.5,9.5,9,9.5],"texture":"#0"},"south":{"uv":[9.5,9,10.25,9],"texture":"#0"},"west":{"uv":[9.5,9.25,10,9.25],"texture":"#0"},"up":{"uv":[1.75,9.5,1,9],"texture":"#0"},"down":{"uv":[2.75,9,2,9.5],"texture":"#0"}}},{"from":[10,11.975,7.5],"to":[13,12,9.5],"rotation":{"angle":0,"axis":"y","origin":[16,0,0]},"faces":{"north":{"uv":[9.5,9.5,10.25,9.5],"texture":"#0"},"east":{"uv":[9.75,0.5,10.25,0.5],"texture":"#0"},"south":{"uv":[9.75,0.75,10.5,0.75],"texture":"#0"},"west":{"uv":[1,9.75,1.5,9.75],"texture":"#0"},"up":{"uv":[3.75,9.5,3,9],"texture":"#0"},"down":{"uv":[4.75,9,4,9.5],"texture":"#0"}}},{"from":[3,-2,3.5],"to":[3,9,12.5],"faces":{"north":{"uv":[9.5,0.5,9.5,3.25],"texture":"#0"},"east":{"uv":[5.5,0,7.75,2.75],"texture":"#0"},"south":{"uv":[5,9.5,5,12.25],"texture":"#0"},"west":{"uv":[5.5,3,7.75,5.75],"texture":"#0"},"up":{"uv":[5.25,11.75,5.25,9.5],"texture":"#0"},"down":{"uv":[5.5,9.5,5.5,11.75],"texture":"#0"}}},{"from":[13,-2,3.5],"to":[13,9,12.5],"rotation":{"angle":0,"axis":"y","origin":[16,0,0]},"faces":{"north":{"uv":[5.75,9.5,5.75,12.25],"texture":"#0"},"east":{"uv":[0,6,2.25,8.75],"texture":"#0"},"south":{"uv":[6,9.5,6,12.25],"texture":"#0"},"west":{"uv":[2.5,6,4.75,8.75],"texture":"#0"},"up":{"uv":[6.25,11.75,6.25,9.5],"texture":"#0"},"down":{"uv":[6.5,9.5,6.5,11.75],"texture":"#0"}}},{"from":[6,3,-1.5],"to":[10,6,3.5],"faces":{"north":{"uv":[8,5,9,5.75],"texture":"#0"},"east":{"uv":[8,3,9.25,3.75],"texture":"#0"},"south":{"uv":[5,8.5,6,9.25],"texture":"#0"},"west":{"uv":[8,4,9.25,4.75],"texture":"#0"},"up":{"uv":[9,1.25,8,0],"texture":"#0"},"down":{"uv":[9,1.5,8,2.75],"texture":"#0"}}}],"gui_light":"front"}