{"file_name":"finger2_2_right","texture_size":[128,128],"textures":{"layer0":"manamodels/mole"},"elements":[{"name":"finger2_2_right_0","from":[6.8,5.6,7.4],"to":[8.0,8.0,8.6],"rotation":{"angle":0.0,"axis":"z","origin":[8.0,8.0,8.0]},"faces":{"east":{"uv":[7.375,8.25,7.625,8.75],"texture":"#layer0","tintindex":0},"south":{"uv":[7.625,8.25,7.875,8.75],"texture":"#layer0","tintindex":0},"north":{"uv":[7.125,8.25,7.375,8.75],"texture":"#layer0","tintindex":0},"west":{"uv":[8.25,0.0,8.5,0.5],"texture":"#layer0","tintindex":0},"up":{"uv":[5.75,8.75,5.5,8.5],"texture":"#layer0","tintindex":0},"down":{"uv":[8.5,0.0,8.75,0.25],"texture":"#layer0","tintindex":0}}}],"display":{"head":{"translation":[0.0,-6.4,0.0],"rotation":[0.0,0.0,0.0],"scale":[3.8095,3.8095,3.8095]},"gui":{"translation":[0.0,0.0,0.0],"rotation":[35.0,225.0,0.0],"scale":[0.625,0.625,0.625]}}}