{"file_name":"finger2_3_left","texture_size":[128,128],"textures":{"layer0":"manamodels/mole"},"elements":[{"name":"finger2_3_left_0","from":[8.0,5.3,7.55],"to":[8.9,8.0,8.45],"rotation":{"angle":0.0,"axis":"z","origin":[8.0,8.0,8.0]},"faces":{"east":{"uv":[8.625,2.0,8.5,2.5],"texture":"#layer0","tintindex":0},"south":{"uv":[8.625,1.5,8.5,2.0],"texture":"#layer0","tintindex":0},"north":{"uv":[8.625,0.25,8.5,0.75],"texture":"#layer0","tintindex":0},"west":{"uv":[8.625,1.0,8.5,1.5],"texture":"#layer0","tintindex":0},"up":{"uv":[7.125,8.25,7.25,8.125],"texture":"#layer0","tintindex":0},"down":{"uv":[2.5,8.25,2.375,8.375],"texture":"#layer0","tintindex":0}}}],"display":{"head":{"translation":[0.0,-6.4,0.0],"rotation":[0.0,0.0,0.0],"scale":[3.8095,3.8095,3.8095]},"gui":{"translation":[0.0,0.0,0.0],"rotation":[35.0,225.0,0.0],"scale":[0.625,0.625,0.625]}}}