{"file_name":"finger2_4_left","texture_size":[128,128],"textures":{"layer0":"manamodels/mole"},"elements":[{"name":"finger2_4_left_0","from":[8.0,5.6,7.7],"to":[8.6,8.0,8.3],"rotation":{"angle":0.0,"axis":"z","origin":[8.0,8.0,8.0]},"faces":{"east":{"uv":[8.625,6.875,8.5,7.375],"texture":"#layer0","tintindex":0},"south":{"uv":[8.625,3.5,8.5,4.0],"texture":"#layer0","tintindex":0},"north":{"uv":[8.625,2.5,8.5,3.0],"texture":"#layer0","tintindex":0},"west":{"uv":[8.625,3.0,8.5,3.5],"texture":"#layer0","tintindex":0},"up":{"uv":[2.375,8.5,2.5,8.375],"texture":"#layer0","tintindex":0},"down":{"uv":[8.75,0.375,8.625,0.5],"texture":"#layer0","tintindex":0}}}],"display":{"head":{"translation":[0.0,-6.4,0.0],"rotation":[0.0,0.0,0.0],"scale":[3.8095,3.8095,3.8095]},"gui":{"translation":[0.0,0.0,0.0],"rotation":[35.0,225.0,0.0],"scale":[0.625,0.625,0.625]}}}