{"file_name":"finger3_1_right","texture_size":[128,128],"textures":{"layer0":"manamodels/mole"},"elements":[{"name":"finger3_1_right_0","from":[7.85,5.45,7.25],"to":[9.35,8.15,8.75],"rotation":{"angle":0.0,"axis":"z","origin":[8.0,8.0,8.0]},"faces":{"east":{"uv":[8.25,1.5,8.5,2.0],"texture":"#layer0","tintindex":0},"south":{"uv":[8.25,2.0,8.5,2.5],"texture":"#layer0","tintindex":0},"north":{"uv":[8.25,1.0,8.5,1.5],"texture":"#layer0","tintindex":0},"west":{"uv":[8.25,2.5,8.5,3.0],"texture":"#layer0","tintindex":0},"up":{"uv":[8.75,4.25,8.5,4.0],"texture":"#layer0","tintindex":0},"down":{"uv":[8.5,7.375,8.75,7.625],"texture":"#layer0","tintindex":0}}}],"display":{"head":{"translation":[0.0,-6.4,0.0],"rotation":[0.0,0.0,0.0],"scale":[3.8095,3.8095,3.8095]},"gui":{"translation":[0.0,0.0,0.0],"rotation":[35.0,225.0,0.0],"scale":[0.625,0.625,0.625]}}}