{"file_name":"thumb_2_right","texture_size":[128,128],"textures":{"layer0":"manamodels/mole"},"elements":[{"name":"thumb_2_right_0","from":[8.0,5.3,7.55],"to":[8.9,8.0,8.45],"rotation":{"angle":0.0,"axis":"z","origin":[8.0,8.0,8.0]},"faces":{"east":{"uv":[6.625,8.625,6.75,9.125],"texture":"#layer0","tintindex":0},"south":{"uv":[6.75,8.625,6.875,9.125],"texture":"#layer0","tintindex":0},"north":{"uv":[6.5,8.625,6.625,9.125],"texture":"#layer0","tintindex":0},"west":{"uv":[6.875,8.625,7.0,9.125],"texture":"#layer0","tintindex":0},"up":{"uv":[8.75,1.375,8.625,1.25],"texture":"#layer0","tintindex":0},"down":{"uv":[8.625,1.375,8.75,1.5],"texture":"#layer0","tintindex":0}}}],"display":{"head":{"translation":[0.0,-6.4,0.0],"rotation":[0.0,0.0,0.0],"scale":[3.8095,3.8095,3.8095]},"gui":{"translation":[0.0,0.0,0.0],"rotation":[35.0,225.0,0.0],"scale":[0.625,0.625,0.625]}}}