{"file_name":"torso","texture_size":[128,128],"textures":{"layer0":"manamodels/mole"},"elements":[{"name":"torso_0","from":[4.3999996,8.0,1.3999997],"to":[11.6,15.2,8.6],"rotation":{"angle":0.0,"axis":"z","origin":[8.0,8.0,8.0]},"faces":{"east":{"uv":[2.25,0.0,3.75,1.5],"texture":"#layer0","tintindex":0},"south":{"uv":[0.0,3.5,1.5,5.0],"texture":"#layer0","tintindex":0},"north":{"uv":[2.25,2.25,3.75,3.75],"texture":"#layer0","tintindex":0},"west":{"uv":[1.5,3.75,3.0,5.25],"texture":"#layer0","tintindex":0},"up":{"uv":[4.5,5.25,3.0,3.75],"texture":"#layer0","tintindex":0},"down":{"uv":[3.75,0.0,5.25,1.5],"texture":"#layer0","tintindex":0}}}],"display":{"head":{"translation":[0.0,-6.4,0.0],"rotation":[0.0,0.0,0.0],"scale":[3.8095,3.8095,3.8095]},"gui":{"translation":[0.0,0.0,0.0],"rotation":[35.0,225.0,0.0],"scale":[0.625,0.625,0.625]}}}