{"file_name":"bone2","texture_size":[512,512],"textures":{"layer0":"manamodels/sign_enchanter_left"},"elements":[{"name":"bone2_0","from":[8.0,3.199997,8.0],"to":[28.400002,32.0,8.045],"rotation":{"angle":0.0,"axis":"z","origin":[8.0,3.199997,8.0]},"faces":{"east":{"uv":[0.0,3.0625,0.0,4.5625],"texture":"#layer0","tintindex":0},"south":{"uv":[2.125,0.0,1.0625,1.5],"texture":"#layer0","tintindex":0},"north":{"uv":[1.0625,0.0,2.125,1.5],"texture":"#layer0","tintindex":0},"west":{"uv":[0.03125,3.0625,0.03125,4.5625],"texture":"#layer0","tintindex":0},"up":{"uv":[8.5625,3.0625,0.0625,3.0625],"texture":"#layer0","tintindex":0},"down":{"uv":[0.0625,3.09375,8.5625,3.09375],"texture":"#layer0","tintindex":0}}}],"display":{"head":{"translation":[0.0,11.8856125,0.0],"rotation":[0.0,0.0,0.0],"scale":[3.8095,3.8095,3.8095]},"gui":{"translation":[0.0,0.0,0.0],"rotation":[35.0,225.0,0.0],"scale":[0.625,0.625,0.625]}}}