{"file_name":"root","texture_size":[64,64],"textures":{"layer0":"manamodels/imp"},"elements":[{"name":"bone5_0","from":[7.46,7.91,6.56],"to":[8.54,8.99,9.44],"rotation":{"angle":45,"axis":"z","origin":[8,8,8]},"faces":{"north":{"uv":[7,3.5,7.5,4],"texture":"#layer0","tintindex":0},"east":{"uv":[5.75,3.5,7,4],"texture":"#layer0","tintindex":0},"south":{"uv":[8.75,3.5,9.25,4],"texture":"#layer0","tintindex":0},"west":{"uv":[7.5,3.5,8.75,4],"texture":"#layer0","tintindex":0},"up":{"uv":[7.5,3.5,7,2.25],"texture":"#layer0","tintindex":0},"down":{"uv":[7.5,2.25,8,3.5],"texture":"#layer0","tintindex":0}}},{"name":"bone5_1","from":[7.7,7.7,-2.5],"to":[7.7,8.9,7.1],"rotation":{"angle":0,"axis":"z","origin":[8,8,8]},"faces":{"north":{"uv":[4,4,4,4.5],"texture":"#layer0","tintindex":0},"east":{"uv":[0,4,4,4.5],"texture":"#layer0","tintindex":0},"south":{"uv":[8,4,8,4.5],"texture":"#layer0","tintindex":0},"west":{"uv":[4,4,8,4.5],"texture":"#layer0","tintindex":0},"up":{"uv":[4,4,4,0],"texture":"#layer0","tintindex":0},"down":{"uv":[4,0,4,4],"texture":"#layer0","tintindex":0}}},{"name":"bone5_1 inverted","from":[7.7,8.9,7.1],"to":[7.7,7.7,-2.5],"rotation":{"angle":0,"axis":"z","origin":[8,8,8]},"faces":{"north":{"uv":[8,4.5,8,4],"texture":"#layer0","tintindex":0},"east":{"uv":[4,4.5,8,4],"texture":"#layer0","tintindex":0},"south":{"uv":[4,4.5,4,4],"texture":"#layer0","tintindex":0},"west":{"uv":[0,4.5,4,4],"texture":"#layer0","tintindex":0},"up":{"uv":[4,0,4,4],"texture":"#layer0","tintindex":0},"down":{"uv":[4,4,4,0],"texture":"#layer0","tintindex":0}}}],"display":{"gui":{"rotation":[35,225,0],"scale":[0.625,0.625,0.625]},"head":{"translation":[0,-6.4,0],"scale":[3.8095,3.8095,3.8095]}}}