{"display":{"thirdperson_righthand":{"rotation":[75,0,0],"scale":[0.4,0.4,0.4]},"thirdperson_lefthand":{"rotation":[75,0,0],"scale":[0.4,0.4,0.4]},"firstperson_righthand":{"translation":[3.25,1.75,0],"scale":[0.2,0.2,0.2]},"firstperson_lefthand":{"translation":[3.25,1.75,0],"scale":[0.2,0.2,0.2]},"ground":{"scale":[0.4,0.4,0.4]},"gui":{"rotation":[23,-41,0],"translation":[0,-1.75,0],"scale":[0.6,0.6,0.6]},"head":{"translation":[0,4.75,0],"scale":[1.6,1.6,1.6]},"fixed":{"translation":[0,-3.5,-0.75]}},"texture_size":[64,64],"textures":{"0":"crates/banana_crate/banana_hat","particle":"crates/banana_crate/banana_hat"},"elements":[{"from":[3.5,7,3.5],"to":[12.5,12,12.5],"rotation":{"angle":0,"axis":"y","origin":[0.5,-1,0.5]},"faces":{"north":{"uv":[3.5,5.75,5.75,7],"texture":"#0"},"east":{"uv":[5.75,3.5,8,4.75],"texture":"#0"},"south":{"uv":[5.75,4.75,8,6],"texture":"#0"},"west":{"uv":[5.75,6,8,7.25],"texture":"#0"},"up":{"uv":[2.25,2.25,0,0],"texture":"#0"},"down":{"uv":[2.25,2.25,0,4.5],"texture":"#0"}}},{"from":[2.24755,6.08088,4.5],"to":[3.24755,10.08088,11.5],"rotation":{"angle":-22.5,"axis":"z","origin":[0.98325,5.7357,8]},"faces":{"north":{"uv":[1.75,4.5,2,5.5],"texture":"#0"},"east":{"uv":[0,6.25,1.75,7.25],"texture":"#0"},"south":{"uv":[2,4.5,2.25,5.5],"texture":"#0"},"west":{"uv":[3.5,7,5.25,8],"texture":"#0"},"up":{"uv":[7.5,10.5,7.25,8.75],"texture":"#0"},"down":{"uv":[7.75,8.75,7.5,10.5],"texture":"#0"}}},{"from":[-1,4.5,5],"to":[3,5.5,11],"rotation":{"angle":22.5,"axis":"z","origin":[0.98325,5.7357,8]},"faces":{"north":{"uv":[0.75,9.25,1.75,9.5],"texture":"#0"},"east":{"uv":[8,9.25,9.5,9.5],"texture":"#0"},"south":{"uv":[5.25,9.25,6.25,9.5],"texture":"#0"},"west":{"uv":[9.5,0,11,0.25],"texture":"#0"},"up":{"uv":[8,8.75,7,7.25],"texture":"#0"},"down":{"uv":[8.5,0,7.5,1.5],"texture":"#0"}}},{"from":[-3.31311,3.3989,6],"to":[0.68689,4.3989,10],"rotation":{"angle":-22.5,"axis":"z","origin":[0.98325,5.7357,8]},"faces":{"north":{"uv":[0.75,9.5,1.75,9.75],"texture":"#0"},"east":{"uv":[9.5,1.75,10.5,2],"texture":"#0"},"south":{"uv":[9.5,2,10.5,2.25],"texture":"#0"},"west":{"uv":[9.5,2.25,10.5,2.5],"texture":"#0"},"up":{"uv":[1.75,9.25,0.75,8.25],"texture":"#0"},"down":{"uv":[6.25,8.25,5.25,9.25],"texture":"#0"}}},{"from":[12.75245,6.08088,4.5],"to":[13.75245,10.08088,11.5],"rotation":{"angle":22.5,"axis":"z","origin":[15.01675,5.7357,8]},"faces":{"north":{"uv":[4,9,4.25,10],"texture":"#0"},"east":{"uv":[0,7.25,1.75,8.25],"texture":"#0"},"south":{"uv":[9.5,3,9.75,4],"texture":"#0"},"west":{"uv":[5.25,7.25,7,8.25],"texture":"#0"},"up":{"uv":[8,10.5,7.75,8.75],"texture":"#0"},"down":{"uv":[4,9,3.75,10.75],"texture":"#0"}}},{"from":[13,4.5,5],"to":[17,5.5,11],"rotation":{"angle":-22.5,"axis":"z","origin":[15.01675,5.7357,8]},"faces":{"north":{"uv":[9.5,2.5,10.5,2.75],"texture":"#0"},"east":{"uv":[9.5,0.25,11,0.5],"texture":"#0"},"south":{"uv":[9.5,4,10.5,4.25],"texture":"#0"},"west":{"uv":[9.5,0.5,11,0.75],"texture":"#0"},"up":{"uv":[8.5,3,7.5,1.5],"texture":"#0"},"down":{"uv":[2.75,7.5,1.75,9],"texture":"#0"}}},{"from":[15.31311,3.3989,6],"to":[19.31311,4.3989,10],"rotation":{"angle":22.5,"axis":"z","origin":[15.01675,5.7357,8]},"faces":{"north":{"uv":[4.25,9.5,5.25,9.75],"texture":"#0"},"east":{"uv":[9.5,4.25,10.5,4.5],"texture":"#0"},"south":{"uv":[9.5,4.5,10.5,4.75],"texture":"#0"},"west":{"uv":[9.5,4.75,10.5,5],"texture":"#0"},"up":{"uv":[9.5,1,8.5,0],"texture":"#0"},"down":{"uv":[9.5,1,8.5,2],"texture":"#0"}}},{"from":[4.5,4,9.5],"to":[11.5,5,16.5],"rotation":{"angle":45,"axis":"x","origin":[8,7.5,17]},"faces":{"north":{"uv":[8.5,2.75,10.25,3],"texture":"#0"},"east":{"uv":[9,6,10.75,6.25],"texture":"#0"},"south":{"uv":[9,6.25,10.75,6.5],"texture":"#0"},"west":{"uv":[9,6.5,10.75,6.75],"texture":"#0"},"up":{"uv":[4,5.75,2.25,4],"texture":"#0"},"down":{"uv":[5.75,4,4,5.75],"texture":"#0"}}},{"from":[5,5.5,14.25],"to":[11,6.5,18.25],"rotation":{"angle":0,"axis":"y","origin":[8.5,7.5,17]},"faces":{"north":{"uv":[9.5,0.75,11,1],"texture":"#0"},"east":{"uv":[9.5,5,10.5,5.25],"texture":"#0"},"south":{"uv":[9.5,1,11,1.25],"texture":"#0"},"west":{"uv":[5.25,9.5,6.25,9.75],"texture":"#0"},"up":{"uv":[4.25,9,2.75,8],"texture":"#0"},"down":{"uv":[9.5,3,8,4],"texture":"#0"}}},{"from":[6,5.25,16.5],"to":[10,6.25,19.5],"rotation":{"angle":-45,"axis":"x","origin":[8.5,7.5,17]},"faces":{"north":{"uv":[9.5,5.25,10.5,5.5],"texture":"#0"},"east":{"uv":[2.75,7.5,3.5,7.75],"texture":"#0"},"south":{"uv":[9.5,5.5,10.5,5.75],"texture":"#0"},"west":{"uv":[2.75,7.75,3.5,8],"texture":"#0"},"up":{"uv":[9.5,2.75,8.5,2],"texture":"#0"},"down":{"uv":[7.25,8.75,6.25,9.5],"texture":"#0"}}},{"from":[4.5,4,-0.5],"to":[11.5,5,6.5],"rotation":{"angle":-45,"axis":"x","origin":[8,7.5,-1]},"faces":{"north":{"uv":[9,6.75,10.75,7],"texture":"#0"},"east":{"uv":[9,7,10.75,7.25],"texture":"#0"},"south":{"uv":[9,7.25,10.75,7.5],"texture":"#0"},"west":{"uv":[8,9,9.75,9.25],"texture":"#0"},"up":{"uv":[1.75,6.25,0,4.5],"texture":"#0"},"down":{"uv":[7.5,0,5.75,1.75],"texture":"#0"}}},{"from":[5,5.5,-2.25],"to":[11,6.5,1.75],"rotation":{"angle":0,"axis":"y","origin":[8.5,7.5,-1]},"faces":{"north":{"uv":[9.5,1.25,11,1.5],"texture":"#0"},"east":{"uv":[9.5,5.75,10.5,6],"texture":"#0"},"south":{"uv":[9.5,1.5,11,1.75],"texture":"#0"},"west":{"uv":[6.25,9.5,7.25,9.75],"texture":"#0"},"up":{"uv":[9.5,5,8,4],"texture":"#0"},"down":{"uv":[9.5,5,8,6],"texture":"#0"}}},{"from":[6,5.25,-3.5],"to":[10,6.25,-0.5],"rotation":{"angle":45,"axis":"x","origin":[8.5,7.5,-1]},"faces":{"north":{"uv":[8,9.5,9,9.75],"texture":"#0"},"east":{"uv":[6.25,8.25,7,8.5],"texture":"#0"},"south":{"uv":[9,9.5,10,9.75],"texture":"#0"},"west":{"uv":[6.25,8.5,7,8.75],"texture":"#0"},"up":{"uv":[9.75,8.25,8.75,7.5],"texture":"#0"},"down":{"uv":[9.75,8.25,8.75,9],"texture":"#0"}}},{"from":[7.03139,8.636,4.5],"to":[14.03139,16.636,11.5],"rotation":{"angle":-22.5,"axis":"z","origin":[11.81934,17.28217,8]},"faces":{"north":{"uv":[2.25,0,4,2],"texture":"#0"},"east":{"uv":[2.25,2,4,4],"texture":"#0"},"south":{"uv":[4,0,5.75,2],"texture":"#0"},"west":{"uv":[4,2,5.75,4],"texture":"#0"},"up":{"uv":[3.5,7.5,1.75,5.75],"texture":"#0"},"down":{"uv":[7.5,1.75,5.75,3.5],"texture":"#0"}}},{"from":[9.52529,14.67486,6.5],"to":[13.52529,20.67486,9.5],"rotation":{"angle":-45,"axis":"z","origin":[11.81934,17.28217,8]},"faces":{"north":{"uv":[4.25,8,5.25,9.5],"texture":"#0"},"east":{"uv":[8,7.5,8.75,9],"texture":"#0"},"south":{"uv":[8,6,9,7.5],"texture":"#0"},"west":{"uv":[0,8.25,0.75,9.75],"texture":"#0"},"up":{"uv":[2.75,9.75,1.75,9],"texture":"#0"},"down":{"uv":[3.75,9,2.75,9.75],"texture":"#0"}}}]}