{"display":{"thirdperson_righthand":{"rotation":[88.5,0,0],"translation":[0,-0.75,0],"scale":[0.8,0.8,0.8]},"thirdperson_lefthand":{"rotation":[88.5,0,0],"translation":[0,-0.75,0],"scale":[0.8,0.8,0.8]},"firstperson_righthand":{"rotation":[-180,72,-180],"translation":[1.75,3,0],"scale":[0.6,0.6,0.6]},"firstperson_lefthand":{"rotation":[-180,72,-180],"translation":[1.75,3,0],"scale":[0.6,0.6,0.6]},"ground":{"scale":[0.6,0.6,0.6]},"gui":{"rotation":[-180,48.5,-180],"translation":[-1.75,1.25,-1]},"fixed":{"rotation":[0,90,0],"translation":[-2.75,1.75,-1]}},"texture_size":[64,64],"textures":{"0":"crates/banana_crate/fruit_cornucopia","particle":"crates/banana_crate/fruit_cornucopia"},"elements":[{"from":[10.5,3,5],"to":[11.5,8,11],"rotation":{"angle":0,"axis":"y","origin":[-0.5,0,0]},"faces":{"north":{"uv":[1.5,7.25,1.75,8.5],"texture":"#0"},"east":{"uv":[3,3,4.5,4.25],"texture":"#0"},"south":{"uv":[1.75,7.25,2,8.5],"texture":"#0"},"west":{"uv":[3.5,0,5,1.25],"texture":"#0"},"up":{"uv":[7.25,2,7,0.5],"texture":"#0"},"down":{"uv":[6.25,7,6,8.5],"texture":"#0"}}},{"from":[4.5,3,5],"to":[5.5,8,11],"rotation":{"angle":0,"axis":"y","origin":[16.5,0,0]},"faces":{"north":{"uv":[2,7.25,2.25,8.5],"texture":"#0"},"east":{"uv":[3.5,1.25,5,2.5],"texture":"#0"},"south":{"uv":[2.25,7.25,2.5,8.5],"texture":"#0"},"west":{"uv":[3,4.25,4.5,5.5],"texture":"#0"},"up":{"uv":[6.5,8.5,6.25,7],"texture":"#0"},"down":{"uv":[6.75,7,6.5,8.5],"texture":"#0"}}},{"from":[4.5,2,5],"to":[11.5,3,11],"rotation":{"angle":0,"axis":"y","origin":[-0.5,0,0]},"faces":{"north":{"uv":[6.25,2,8,2.25],"texture":"#0"},"east":{"uv":[6.75,7,8.25,7.25],"texture":"#0"},"south":{"uv":[6.25,2.25,8,2.5],"texture":"#0"},"west":{"uv":[0,7.25,1.5,7.5],"texture":"#0"},"up":{"uv":[1.75,1.5,0,0],"texture":"#0"},"down":{"uv":[3.5,0,1.75,1.5],"texture":"#0"}}},{"from":[8,2.5,4],"to":[11,5.5,7],"rotation":{"angle":0,"axis":"y","origin":[-0.5,0,0]},"faces":{"north":{"uv":[6,6.25,6.75,7],"texture":"#0"},"east":{"uv":[1.5,6.5,2.25,7.25],"texture":"#0"},"south":{"uv":[2.25,6.5,3,7.25],"texture":"#0"},"west":{"uv":[3,6.5,3.75,7.25],"texture":"#0"},"up":{"uv":[7.25,4,6.5,3.25],"texture":"#0"},"down":{"uv":[4.5,6.5,3.75,7.25],"texture":"#0"}}},{"from":[5.5,4.25,3.5],"to":[8.5,7.25,6.5],"rotation":{"angle":-22.5,"axis":"z","origin":[6.5,6,5]},"faces":{"north":{"uv":[6.5,4,7.25,4.75],"texture":"#0"},"east":{"uv":[4.5,6.5,5.25,7.25],"texture":"#0"},"south":{"uv":[5.25,6.5,6,7.25],"texture":"#0"},"west":{"uv":[6.75,4.75,7.5,5.5],"texture":"#0"},"up":{"uv":[7.5,6.25,6.75,5.5],"texture":"#0"},"down":{"uv":[7.5,6.25,6.75,7],"texture":"#0"}}},{"from":[6,6.75,4],"to":[8,8.75,6],"rotation":{"angle":-22.5,"axis":"z","origin":[6.5,6,5]},"faces":{"north":{"uv":[3.5,2.5,4,3],"texture":"#0"},"east":{"uv":[4,2.5,4.5,3],"texture":"#0"},"south":{"uv":[7.25,1,7.75,1.5],"texture":"#0"},"west":{"uv":[7.25,1.5,7.75,2],"texture":"#0"},"up":{"uv":[3,7.75,2.5,7.25],"texture":"#0"},"down":{"uv":[7.75,2.5,7.25,3],"texture":"#0"}}},{"from":[5,2.5,5.25],"to":[11,8.5,8.25],"rotation":{"angle":0,"axis":"y","origin":[-0.5,0,0]},"faces":{"north":{"uv":[0,3,1.5,4.5],"texture":"#0"},"east":{"uv":[0,5.75,0.75,7.25],"texture":"#0"},"south":{"uv":[1.5,3,3,4.5],"texture":"#0"},"west":{"uv":[0.75,5.75,1.5,7.25],"texture":"#0"},"up":{"uv":[3,6.5,1.5,5.75],"texture":"#0"},"down":{"uv":[7.25,2.5,5.75,3.25],"texture":"#0"}}},{"from":[4.5,8,5],"to":[11.5,9,11],"rotation":{"angle":0,"axis":"y","origin":[-0.5,0,0]},"faces":{"north":{"uv":[7,0,8.75,0.25],"texture":"#0"},"east":{"uv":[7.25,0.5,8.75,0.75],"texture":"#0"},"south":{"uv":[7,0.25,8.75,0.5],"texture":"#0"},"west":{"uv":[7.25,0.75,8.75,1],"texture":"#0"},"up":{"uv":[3.5,1.5,1.75,0],"texture":"#0"},"down":{"uv":[3.5,1.5,1.75,3],"texture":"#0"}}},{"from":[5.5,4.5,9.5],"to":[10.5,9.5,15.5],"rotation":{"angle":-22.5,"axis":"x","origin":[8,6,13.5]},"faces":{"north":{"uv":[5,0,6.25,1.25],"texture":"#0"},"east":{"uv":[0,4.5,1.5,5.75],"texture":"#0"},"south":{"uv":[5,1.25,6.25,2.5],"texture":"#0"},"west":{"uv":[1.5,4.5,3,5.75],"texture":"#0"},"up":{"uv":[5.75,4,4.5,2.5],"texture":"#0"},"down":{"uv":[5.75,2.5,4.5,4],"texture":"#0"}}},{"from":[6.5,4.5,13.5],"to":[9.5,8.5,19.5],"rotation":{"angle":-45,"axis":"x","origin":[8,6,13.5]},"faces":{"north":{"uv":[6.25,0,7,1],"texture":"#0"},"east":{"uv":[3,5.5,4.5,6.5],"texture":"#0"},"south":{"uv":[6.25,1,7,2],"texture":"#0"},"west":{"uv":[4.5,5.5,6,6.5],"texture":"#0"},"up":{"uv":[6.5,4.75,5.75,3.25],"texture":"#0"},"down":{"uv":[6.75,4.75,6,6.25],"texture":"#0"}}}]}