{"display":{"thirdperson_righthand":{"translation":[0,-2,0],"scale":[0.4,0.4,0.41]},"thirdperson_lefthand":{"translation":[0,-2,0],"scale":[0.4,0.4,0.41]},"firstperson_righthand":{"rotation":[-67,0,0],"translation":[0,-2,3.25],"scale":[0.5,0.5,0.5]},"firstperson_lefthand":{"rotation":[-67,0,0],"translation":[0,-2,3.25],"scale":[0.5,0.5,0.5]},"ground":{"scale":[0.6,0.6,0.6]},"gui":{"rotation":[180,-82.75,180],"translation":[6.75,-6.5,0],"scale":[0.8,0.8,0.8]},"head":{"translation":[0,-55.5,2],"scale":[1.6,1.6,1.6]},"fixed":{"rotation":[180,-82.75,180],"translation":[8.25,-7.5,0]}},"texture_size":[32,32],"textures":{"0":"crates/banana_crate/monkey_tail","particle":"crates/banana_crate/monkey_tail"},"elements":[{"from":[6.8,8.15892,11.48921],"to":[9.2,17.55892,13.88921],"rotation":{"angle":22.5,"axis":"x","origin":[8,17.43241,19.00391]},"faces":{"north":{"uv":[0,0,1,4.5],"texture":"#0"},"east":{"uv":[1,0,2,4.5],"texture":"#0"},"south":{"uv":[2,0,3,4.5],"texture":"#0"},"west":{"uv":[3,0,4,4.5],"texture":"#0"},"up":{"uv":[8,5,7,4],"texture":"#0"},"down":{"uv":[9,6,8,7],"texture":"#0"}}},{"from":[6.9,20.54132,13.82706],"to":[9.1,22.74132,20.02706],"rotation":{"angle":-22.5,"axis":"x","origin":[8,17.43241,19.00391]},"faces":{"north":{"uv":[8,7,9,8],"texture":"#0"},"east":{"uv":[4,4,7,5],"texture":"#0"},"south":{"uv":[8,8,9,9],"texture":"#0"},"west":{"uv":[0,4.5,3,5.5],"texture":"#0"},"up":{"uv":[4,7.5,3,4.5],"texture":"#0"},"down":{"uv":[5,5,4,8],"texture":"#0"}}},{"from":[7,19.89138,15.95183],"to":[9,21.89138,21.95183],"rotation":{"angle":22.5,"axis":"x","origin":[8,17.43241,19.00391]},"faces":{"north":{"uv":[8.5,3,9.5,4],"texture":"#0"},"east":{"uv":[5,5,8,6],"texture":"#0"},"south":{"uv":[6,8.5,7,9.5],"texture":"#0"},"west":{"uv":[0,5.5,3,6.5],"texture":"#0"},"up":{"uv":[7,3,6,0],"texture":"#0"},"down":{"uv":[6,6,5,9],"texture":"#0"}}},{"from":[7.1,13.65938,22.38843],"to":[8.9,18.45938,24.18843],"rotation":{"angle":-22.5,"axis":"x","origin":[8,17.43241,19.00391]},"faces":{"north":{"uv":[6,6,7,8.5],"texture":"#0"},"east":{"uv":[0,6.5,1,9],"texture":"#0"},"south":{"uv":[1,6.5,2,9],"texture":"#0"},"west":{"uv":[2,6.5,3,9],"texture":"#0"},"up":{"uv":[8,9.5,7,8.5],"texture":"#0"},"down":{"uv":[1,9,0,10],"texture":"#0"}}},{"from":[7.2,11.95465,17.63462],"to":[8.8,13.55465,22.23462],"rotation":{"angle":-45,"axis":"x","origin":[8,17.43241,19.00391]},"faces":{"north":{"uv":[1,9,2,10],"texture":"#0"},"east":{"uv":[6,3,8.5,4],"texture":"#0"},"south":{"uv":[9,1,10,2],"texture":"#0"},"west":{"uv":[7,0,9.5,1],"texture":"#0"},"up":{"uv":[8,8.5,7,6],"texture":"#0"},"down":{"uv":[4,7.5,3,10],"texture":"#0"}}},{"from":[7.1,14.01086,19.23704],"to":[8.9,17.81086,23.03704],"rotation":{"angle":22.5,"axis":"x","origin":[8,17.43241,19.00391]},"faces":{"north":{"uv":[7,1,8,3],"texture":"#0"},"east":{"uv":[4,0,6,2],"texture":"#0"},"south":{"uv":[8,1,9,3],"texture":"#0"},"west":{"uv":[4,2,6,4],"texture":"#0"},"up":{"uv":[5,10,4,8],"texture":"#0"},"down":{"uv":[9,4,8,6],"texture":"#0"}}}]}