{"file_name":"leg_front_bottom2","texture_size":[256,256],"textures":{"layer0":"manamodels/buckbeak"},"elements":[{"name":"leg_front_bottom2_0","from":[7.356278,3.718178,7.690694],"to":[8.706278,7.768178,9.040693],"rotation":{"angle":0.0,"axis":"z","origin":[8.0,8.0,8.0]},"faces":{"east":{"uv":[6.6875,3.6875,6.5,4.25],"texture":"#layer0","tintindex":0},"south":{"uv":[3.1875,6.5,3.0,7.0625],"texture":"#layer0","tintindex":0},"north":{"uv":[2.3125,5.75,2.125,6.3125],"texture":"#layer0","tintindex":0},"west":{"uv":[2.625,6.375,2.4375,6.9375],"texture":"#layer0","tintindex":0},"up":{"uv":[7.3125,6.25,7.5,6.0625],"texture":"#layer0","tintindex":0},"down":{"uv":[7.125,7.3125,6.9375,7.5],"texture":"#layer0","tintindex":0}}},{"name":"leg_front_bottom2_1","from":[7.131278,2.818178,7.4656935],"to":[8.931278,3.718178,9.265694],"rotation":{"angle":0.0,"axis":"z","origin":[8.0,8.0,8.0]},"faces":{"east":{"uv":[7.6875,1.625,7.4375,1.75],"texture":"#layer0","tintindex":0},"south":{"uv":[6.375,7.375,6.125,7.5],"texture":"#layer0","tintindex":0},"north":{"uv":[4.6875,7.375,4.4375,7.5],"texture":"#layer0","tintindex":0},"west":{"uv":[5.3125,7.375,5.0625,7.5],"texture":"#layer0","tintindex":0},"up":{"uv":[6.9375,7.0,7.1875,6.75],"texture":"#layer0","tintindex":0},"down":{"uv":[0.875,7.0,0.625,7.25],"texture":"#layer0","tintindex":0}}},{"name":"leg_front_bottom2_2","from":[7.8062778,2.818178,6.1156936],"to":[8.256278,3.268178,7.4656935],"rotation":{"angle":0.0,"axis":"z","origin":[8.0,8.0,8.0]},"faces":{"east":{"uv":[7.75,1.125,7.5625,1.1875],"texture":"#layer0","tintindex":0},"south":{"uv":[7.625,4.5,7.5625,4.5625],"texture":"#layer0","tintindex":0},"north":{"uv":[4.5,7.5625,4.4375,7.625],"texture":"#layer0","tintindex":0},"west":{"uv":[7.75,1.0,7.5625,1.0625],"texture":"#layer0","tintindex":0},"up":{"uv":[4.75,6.6875,4.8125,6.5],"texture":"#layer0","tintindex":0},"down":{"uv":[5.125,6.75,5.0625,6.9375],"texture":"#layer0","tintindex":0}}},{"name":"leg_front_bottom2_3","from":[7.2437778,2.548178,8.140694],"to":[7.693778,2.998178,9.040693],"rotation":{"angle":22.5,"axis":"x","origin":[6.7937775,0.5231781,9.940694]},"faces":{"east":{"uv":[5.3125,6.375,5.1875,6.4375],"texture":"#layer0","tintindex":0},"south":{"uv":[7.625,4.625,7.5625,4.6875],"texture":"#layer0","tintindex":0},"north":{"uv":[4.625,7.5625,4.5625,7.625],"texture":"#layer0","tintindex":0},"west":{"uv":[0.8125,6.375,0.6875,6.4375],"texture":"#layer0","tintindex":0},"up":{"uv":[5.875,1.25,5.9375,1.125],"texture":"#layer0","tintindex":0},"down":{"uv":[4.0625,6.3125,4.0,6.4375],"texture":"#layer0","tintindex":0}}},{"name":"leg_front_bottom2_4","from":[7.8062778,2.818178,6.565694],"to":[8.256278,3.268178,8.365694],"rotation":{"angle":22.5,"axis":"y","origin":[7.131278,0.79317784,9.715694]},"faces":{"east":{"uv":[3.1875,7.125,2.9375,7.1875],"texture":"#layer0","tintindex":0},"south":{"uv":[7.625,3.25,7.5625,3.3125],"texture":"#layer0","tintindex":0},"north":{"uv":[7.625,3.125,7.5625,3.1875],"texture":"#layer0","tintindex":0},"west":{"uv":[6.375,3.1875,6.125,3.25],"texture":"#layer0","tintindex":0},"up":{"uv":[4.3125,5.125,4.375,4.875],"texture":"#layer0","tintindex":0},"down":{"uv":[4.375,5.1875,4.3125,5.4375],"texture":"#layer0","tintindex":0}}},{"name":"leg_front_bottom2_5","from":[7.8062778,2.818178,6.565694],"to":[8.256278,3.268178,8.365694],"rotation":{"angle":-22.5,"axis":"y","origin":[8.931278,0.79317784,9.715694]},"faces":{"east":{"uv":[7.6875,6.3125,7.4375,6.375],"texture":"#layer0","tintindex":0},"south":{"uv":[7.625,4.375,7.5625,4.4375],"texture":"#layer0","tintindex":0},"north":{"uv":[7.625,4.25,7.5625,4.3125],"texture":"#layer0","tintindex":0},"west":{"uv":[5.9375,7.4375,5.6875,7.5],"texture":"#layer0","tintindex":0},"up":{"uv":[4.8125,5.75,4.875,5.5],"texture":"#layer0","tintindex":0},"down":{"uv":[4.1875,5.5625,4.125,5.8125],"texture":"#layer0","tintindex":0}}}],"display":{"head":{"translation":[0.0,-6.4,0.0],"rotation":[0.0,0.0,0.0],"scale":[3.8095,3.8095,3.8095]},"gui":{"translation":[0.0,0.0,0.0],"rotation":[35.0,225.0,0.0],"scale":[0.625,0.625,0.625]}}}