{"file_name":"leg_back2","texture_size":[256,256],"textures":{"layer0":"manamodels/buckbeak"},"elements":[{"name":"leg_back2_0","from":[6.6125,5.2376966,6.2811737],"to":[8.8625,10.187696,9.431174],"rotation":{"angle":0.0,"axis":"z","origin":[8.0,8.0,8.0]},"faces":{"east":{"uv":[5.0,3.375,4.5625,4.0625],"texture":"#layer0","tintindex":0},"south":{"uv":[5.3125,5.4375,5.0,6.125],"texture":"#layer0","tintindex":0},"north":{"uv":[3.75,4.9375,3.4375,5.625],"texture":"#layer0","tintindex":0},"west":{"uv":[5.0,2.625,4.5625,3.3125],"texture":"#layer0","tintindex":0},"up":{"uv":[4.125,6.4375,4.4375,6.0],"texture":"#layer0","tintindex":0},"down":{"uv":[4.8125,6.0,4.5,6.4375],"texture":"#layer0","tintindex":0}}},{"name":"leg_back2_1","from":[7.0625,1.1489601,8.018702],"to":[8.4125,5.1989603,9.818703],"rotation":{"angle":-22.5,"axis":"x","origin":[8.6375,2.8761504,5.514206]},"faces":{"east":{"uv":[6.1875,4.5625,5.9375,5.125],"texture":"#layer0","tintindex":0},"south":{"uv":[4.4375,6.5,4.25,7.0625],"texture":"#layer0","tintindex":0},"north":{"uv":[4.1875,6.5,4.0,7.0625],"texture":"#layer0","tintindex":0},"west":{"uv":[6.125,0.5,5.875,1.0625],"texture":"#layer0","tintindex":0},"up":{"uv":[5.4375,7.375,5.625,7.125],"texture":"#layer0","tintindex":0},"down":{"uv":[6.875,7.125,6.6875,7.375],"texture":"#layer0","tintindex":0}}}],"display":{"head":{"translation":[0.0,-6.4,0.0],"rotation":[0.0,0.0,0.0],"scale":[3.8095,3.8095,3.8095]},"gui":{"translation":[0.0,0.0,0.0],"rotation":[35.0,225.0,0.0],"scale":[0.625,0.625,0.625]}}}