{"display":{"thirdperson_righthand":{"rotation":[72,0,0],"translation":[0,2,1.25],"scale":[0.7,0.7,0.7]},"thirdperson_lefthand":{"rotation":[72,0,0],"translation":[0,2,1.25],"scale":[0.7,0.7,0.7]},"firstperson_righthand":{"rotation":[0,120,0],"translation":[3,2.75,0],"scale":[0.4,0.4,0.4]},"firstperson_lefthand":{"rotation":[0,120,0],"translation":[3,2.75,0],"scale":[0.4,0.4,0.4]},"ground":{"translation":[0,3,0],"scale":[0.6,0.6,0.6]},"gui":{"rotation":[19,-153,0],"scale":[0.7,0.7,0.7]},"head":{"translation":[0,-5.25,0],"scale":[3.5,3.5,3.5]}},"texture_size":[32,32],"textures":{"0":"crates/easter23/carrot_plushie","particle":"crates/easter23/carrot_plushie"},"elements":[{"from":[5.5,3,5.5],"to":[10.5,9,10.5],"rotation":{"angle":0,"axis":"y","origin":[7.5,0,7.5]},"faces":{"north":{"uv":[3,6,5.5,9],"texture":"#0"},"east":{"uv":[3,6,5.5,9],"texture":"#0"},"south":{"uv":[3,6,5.5,9],"texture":"#0"},"west":{"uv":[3,6,5.5,9],"texture":"#0"},"up":{"uv":[11,5.5,8.5,3],"texture":"#0"},"down":{"uv":[2.5,9,0,11.5],"texture":"#0"}}},{"from":[6,-2,6],"to":[10,4,10],"rotation":{"angle":0,"axis":"y","origin":[7,0,8]},"faces":{"north":{"uv":[9,0,11,3],"texture":"#0"},"east":{"uv":[9,0,11,3],"texture":"#0"},"south":{"uv":[9,0,11,3],"texture":"#0"},"west":{"uv":[9,0,11,3],"texture":"#0"},"up":{"uv":[13,5,11,3],"texture":"#0"},"down":{"uv":[2,11.5,0,13.5],"texture":"#0"}}},{"from":[5,8,5],"to":[11,14,11],"rotation":{"angle":0,"axis":"y","origin":[8,0,8]},"faces":{"north":{"uv":[0,0,3,3],"texture":"#0"},"east":{"uv":[0,3,3,6],"texture":"#0"},"south":{"uv":[0,3,3,6],"texture":"#0"},"west":{"uv":[0,3,3,6],"texture":"#0"},"up":{"uv":[3,9,0,6],"texture":"#0"},"down":{"uv":[9,0,6,3],"texture":"#0"}}},{"from":[9.25,12.5,7.5],"to":[12.25,18.5,8.5],"rotation":{"angle":-45,"axis":"z","origin":[9.5,15,8]},"faces":{"north":{"uv":[8.5,9,10,12],"texture":"#0"},"east":{"uv":[4,12,4.5,15],"texture":"#0"},"south":{"uv":[10,9,11.5,12],"texture":"#0"},"west":{"uv":[4.5,12,5,15],"texture":"#0"},"up":{"uv":[10,6,8.5,5.5],"texture":"#0"},"down":{"uv":[9,12,7.5,12.5],"texture":"#0"}}},{"from":[3.75,12.5,7.5],"to":[6.75,18.5,8.5],"rotation":{"angle":45,"axis":"z","origin":[6.5,15,8]},"faces":{"north":{"uv":[10.5,5.5,12,8.5],"texture":"#0"},"east":{"uv":[5,12,5.5,15],"texture":"#0"},"south":{"uv":[11,0,12.5,3],"texture":"#0"},"west":{"uv":[12,5,12.5,8],"texture":"#0"},"up":{"uv":[13.5,8.5,12,8],"texture":"#0"},"down":{"uv":[10.5,12,9,12.5],"texture":"#0"}}},{"from":[7,12.5,7],"to":[9,18.5,9],"rotation":{"angle":45,"axis":"y","origin":[8,15.5,8]},"faces":{"north":{"uv":[3,12,4,15],"texture":"#0"},"east":{"uv":[11.5,11.5,12.5,14.5],"texture":"#0"},"south":{"uv":[4,12,3,15],"texture":"#0"},"west":{"uv":[3,12,4,15],"texture":"#0"},"up":{"uv":[6.5,13,5.5,12],"texture":"#0"},"down":{"uv":[7.5,12,6.5,13],"texture":"#0"}}}],"gui_light":"front"}