{"display":{"thirdperson_righthand":{"rotation":[75,45,0],"translation":[0,2.5,0],"scale":[0.45,0.45,0.45]},"thirdperson_lefthand":{"rotation":[75,45,0],"translation":[0,2.5,0],"scale":[0.45,0.45,0.45]},"firstperson_righthand":{"rotation":[0,120,0],"translation":[2.5,3.25,0],"scale":[0.4,0.4,0.4]},"firstperson_lefthand":{"rotation":[0,120,0],"translation":[2.5,3.25,0],"scale":[0.4,0.4,0.4]},"ground":{"translation":[0,3,0],"scale":[0.6,0.6,0.6]},"gui":{"rotation":[17,-154,0],"translation":[0,1,0],"scale":[0.9,0.9,0.9]},"head":{"translation":[0,6.75,0],"scale":[1.7,1.7,1.7]},"fixed":{"translation":[0,0.5,0]}},"texture_size":[32,32],"textures":{"0":"crates/easter23/chicken_hat","particle":"crates/easter23/chicken_hat"},"elements":[{"from":[3.5,5,3.5],"to":[12.5,9,12.5],"rotation":{"angle":0,"axis":"y","origin":[3.5,0,0.5]},"faces":{"north":{"uv":[4.5,0,9,2],"texture":"#0"},"east":{"uv":[4.5,2,9,4],"texture":"#0"},"south":{"uv":[4.5,4,9,6],"texture":"#0"},"west":{"uv":[4.5,6,9,8],"texture":"#0"},"up":{"uv":[4.5,4.5,0,0],"texture":"#0"},"down":{"uv":[4.5,4.5,0,9],"texture":"#0"}}},{"from":[3.75,5,4.5],"to":[4.75,9,11.5],"rotation":{"angle":-45,"axis":"z","origin":[3,9,8]},"faces":{"north":{"uv":[9,6,9.5,8],"texture":"#0"},"east":{"uv":[12.5,4,9,6],"texture":"#0"},"south":{"uv":[5.5,13,6,15],"texture":"#0"},"west":{"uv":[9,4,12.5,6],"texture":"#0"},"up":{"uv":[9,16,8.5,12.5],"texture":"#0"},"down":{"uv":[9.5,12.5,9,16],"texture":"#0"}}},{"from":[11.25,5,4.5],"to":[12.25,9,11.5],"rotation":{"angle":45,"axis":"z","origin":[13,9,8]},"faces":{"north":{"uv":[9.5,6,9,8],"texture":"#0"},"east":{"uv":[12.5,4,9,6],"texture":"#0"},"south":{"uv":[6,13,5.5,15],"texture":"#0"},"west":{"uv":[9,4,12.5,6],"texture":"#0"},"up":{"uv":[8.5,16,9,12.5],"texture":"#0"},"down":{"uv":[9,12.5,9.5,16],"texture":"#0"}}},{"from":[6,6,1.5],"to":[10,13,5.5],"rotation":{"angle":0,"axis":"y","origin":[3,0,0.5]},"faces":{"north":{"uv":[9.5,6,11.5,9.5],"texture":"#0"},"east":{"uv":[9.5,9.5,11.5,13],"texture":"#0"},"south":{"uv":[0,11,2,14.5],"texture":"#0"},"west":{"uv":[2,11,4,14.5],"texture":"#0"},"up":{"uv":[6,13,4,11],"texture":"#0"},"down":{"uv":[8,11,6,13],"texture":"#0"}}},{"from":[8,10,1.5],"to":[8,16,6.5],"rotation":{"angle":0,"axis":"y","origin":[4,0,0.5]},"faces":{"north":{"uv":[0,0,0,3],"texture":"#0"},"east":{"uv":[4.5,8,7,11],"texture":"#0"},"south":{"uv":[0,0,0,3],"texture":"#0"},"west":{"uv":[7,8,9.5,11],"texture":"#0"},"up":{"uv":[0,2.5,0,0],"texture":"#0"},"down":{"uv":[0,0,0,2.5],"texture":"#0"}}},{"from":[7,7,0.5],"to":[9,9,1.5],"rotation":{"angle":0,"axis":"y","origin":[2,0,0.5]},"faces":{"north":{"uv":[6,13,7,14],"texture":"#0"},"east":{"uv":[13,9,13.5,10],"texture":"#0"},"south":{"uv":[7,13,8,14],"texture":"#0"},"west":{"uv":[9.5,13,10,14],"texture":"#0"},"up":{"uv":[11,13.5,10,13],"texture":"#0"},"down":{"uv":[14,10,13,10.5],"texture":"#0"}}},{"from":[6,9,-0.5],"to":[10,11,1.5],"rotation":{"angle":0,"axis":"y","origin":[3,0,0.5]},"faces":{"north":{"uv":[11.5,10.5,13.5,11.5],"texture":"#0"},"east":{"uv":[13,7,14,8],"texture":"#0"},"south":{"uv":[11.5,11.5,13.5,12.5],"texture":"#0"},"west":{"uv":[13,8,14,9],"texture":"#0"},"up":{"uv":[14.5,1,12.5,0],"texture":"#0"},"down":{"uv":[14.5,1,12.5,2],"texture":"#0"}}},{"from":[11.5,3.25,7.5],"to":[12.5,8.25,8.5],"rotation":{"angle":22.5,"axis":"z","origin":[17,7,7]},"faces":{"north":{"uv":[11.5,12.5,12,15],"texture":"#0"},"east":{"uv":[12,12.5,12.5,15],"texture":"#0"},"south":{"uv":[12.5,12.5,13,15],"texture":"#0"},"west":{"uv":[13,2,13.5,4.5],"texture":"#0"},"up":{"uv":[13,6,12.5,5.5],"texture":"#0"},"down":{"uv":[11.5,13,11,13.5],"texture":"#0"}}},{"from":[10.5,3.25,5.75],"to":[13.5,3.25,8.75],"rotation":{"angle":22.5,"axis":"z","origin":[17,7,7]},"faces":{"north":{"uv":[0,0,1.5,0],"texture":"#0"},"east":{"uv":[0,0,1.5,0],"texture":"#0"},"south":{"uv":[0,0,1.5,0],"texture":"#0"},"west":{"uv":[0,0,1.5,0],"texture":"#0"},"up":{"uv":[9.5,12.5,8,11],"texture":"#0"},"down":{"uv":[13,6,11.5,7.5],"texture":"#0"}}},{"from":[3.5,3.25,7.5],"to":[4.5,8.25,8.5],"rotation":{"angle":-22.5,"axis":"z","origin":[-1,7,7]},"faces":{"north":{"uv":[4,13,4.5,15.5],"texture":"#0"},"east":{"uv":[4.5,13,5,15.5],"texture":"#0"},"south":{"uv":[13,4.5,13.5,7],"texture":"#0"},"west":{"uv":[5,13,5.5,15.5],"texture":"#0"},"up":{"uv":[13.5,13,13,12.5],"texture":"#0"},"down":{"uv":[13.5,13,13,13.5],"texture":"#0"}}},{"from":[2.5,3.25,5.75],"to":[5.5,3.25,8.75],"rotation":{"angle":-22.5,"axis":"z","origin":[-1,7,7]},"faces":{"north":{"uv":[0,0,1.5,0],"texture":"#0"},"east":{"uv":[0,0,1.5,0],"texture":"#0"},"south":{"uv":[0,0,1.5,0],"texture":"#0"},"west":{"uv":[0,0,1.5,0],"texture":"#0"},"up":{"uv":[13,9,11.5,7.5],"texture":"#0"},"down":{"uv":[13,9,11.5,10.5],"texture":"#0"}}}],"gui_light":"front"}