{"display":{},"textures":{"1":"crates/easter23/easterboots-preview","particle":"crates/easter23/easterboots-preview"},"elements":[{"from":[6,7,7.5],"to":[7,10,8.5],"faces":{"north":{"uv":[9,6,10,9],"texture":"#1"},"east":{"uv":[6,6,7,9],"texture":"#1"},"south":{"uv":[6,6,7,9],"texture":"#1"},"west":{"uv":[6,6,7,9],"texture":"#1"},"up":{"uv":[6,6,7,7],"texture":"#1"},"down":{"uv":[6,6,7,7],"texture":"#1"}}},{"from":[1,4,7.5],"to":[2,6,8.5],"faces":{"north":{"uv":[14,10,15,12],"texture":"#1"},"east":{"uv":[1,10,2,12],"texture":"#1"},"south":{"uv":[1,10,2,12],"texture":"#1"},"west":{"uv":[1,10,2,12],"texture":"#1"},"up":{"uv":[1,10,2,11],"texture":"#1"},"down":{"uv":[1,10,2,11],"texture":"#1"}}},{"from":[2,4,7.5],"to":[7,7,8.5],"faces":{"north":{"uv":[9,9,14,12],"texture":"#1"},"east":{"uv":[6,9,7,12],"texture":"#1"},"south":{"uv":[2,9,7,12],"texture":"#1"},"west":{"uv":[2,9,3,12],"texture":"#1"},"up":{"uv":[2,9,7,10],"texture":"#1"},"down":{"uv":[2,11,7,12],"texture":"#1"}}},{"from":[3,7,7.5],"to":[6,12,8.5],"faces":{"north":{"uv":[10,4,13,9],"texture":"#1"},"east":{"uv":[5,4,6,9],"texture":"#1"},"south":{"uv":[3,4,6,9],"texture":"#1"},"west":{"uv":[3,4,4,9],"texture":"#1"},"up":{"uv":[3,4,6,5],"texture":"#1"},"down":{"uv":[3,8,6,9],"texture":"#1"}}},{"from":[3,12,7.5],"to":[5,13,8.5],"faces":{"north":{"uv":[11,3,13,4],"texture":"#1"},"east":{"uv":[3,3,4,4],"texture":"#1"},"south":{"uv":[3,3,5,4],"texture":"#1"},"west":{"uv":[3,3,4,4],"texture":"#1"},"up":{"uv":[3,3,5,4],"texture":"#1"},"down":{"uv":[3,3,5,4],"texture":"#1"}}},{"from":[1,3,7.5],"to":[5,4,8.5],"faces":{"north":{"uv":[11,12,15,13],"texture":"#1"},"east":{"uv":[4,12,5,13],"texture":"#1"},"south":{"uv":[1,12,5,13],"texture":"#1"},"west":{"uv":[1,12,2,13],"texture":"#1"},"up":{"uv":[5,13,1,12],"texture":"#1"},"down":{"uv":[5,12,1,13],"texture":"#1"}}},{"from":[9,7,7.5],"to":[10,10,8.5],"faces":{"north":{"uv":[6,6,7,9],"texture":"#1"},"east":{"uv":[9,6,10,9],"texture":"#1"},"south":{"uv":[9,6,10,9],"texture":"#1"},"west":{"uv":[9,6,10,9],"texture":"#1"},"up":{"uv":[9,6,10,7],"texture":"#1"},"down":{"uv":[9,6,10,7],"texture":"#1"}}},{"from":[14,4,7.5],"to":[15,6,8.5],"faces":{"north":{"uv":[1,10,2,12],"texture":"#1"},"east":{"uv":[14,10,15,12],"texture":"#1"},"south":{"uv":[14,10,15,12],"texture":"#1"},"west":{"uv":[14,10,15,12],"texture":"#1"},"up":{"uv":[14,10,15,11],"texture":"#1"},"down":{"uv":[14,10,15,11],"texture":"#1"}}},{"from":[9,4,7.5],"to":[14,7,8.5],"faces":{"north":{"uv":[2,9,7,12],"texture":"#1"},"east":{"uv":[13,9,14,12],"texture":"#1"},"south":{"uv":[9,9,14,12],"texture":"#1"},"west":{"uv":[9,9,10,12],"texture":"#1"},"up":{"uv":[9,9,14,10],"texture":"#1"},"down":{"uv":[9,11,14,12],"texture":"#1"}}},{"from":[10,7,7.5],"to":[13,12,8.5],"faces":{"north":{"uv":[3,4,6,9],"texture":"#1"},"east":{"uv":[12,4,13,9],"texture":"#1"},"south":{"uv":[10,4,13,9],"texture":"#1"},"west":{"uv":[10,4,11,9],"texture":"#1"},"up":{"uv":[10,4,13,5],"texture":"#1"},"down":{"uv":[10,8,13,9],"texture":"#1"}}},{"from":[11,12,7.5],"to":[13,13,8.5],"faces":{"north":{"uv":[3,3,5,4],"texture":"#1"},"east":{"uv":[11,3,12,4],"texture":"#1"},"south":{"uv":[11,3,13,4],"texture":"#1"},"west":{"uv":[11,3,12,4],"texture":"#1"},"up":{"uv":[11,3,13,4],"texture":"#1"},"down":{"uv":[11,3,13,4],"texture":"#1"}}},{"from":[11,3,7.5],"to":[15,4,8.5],"faces":{"north":{"uv":[1,12,5,13],"texture":"#1"},"east":{"uv":[14,12,15,13],"texture":"#1"},"south":{"uv":[11,12,15,13],"texture":"#1"},"west":{"uv":[11,12,12,13],"texture":"#1"},"up":{"uv":[15,13,11,12],"texture":"#1"},"down":{"uv":[15,12,11,13],"texture":"#1"}}}],"gui_light":"front"}