{"display":{"thirdperson_righthand":{"rotation":[75,45,0],"translation":[0,2.5,0],"scale":[0.375,0.375,0.375]},"thirdperson_lefthand":{"rotation":[75,45,0],"translation":[0,2.5,0],"scale":[0.375,0.375,0.375]},"firstperson_righthand":{"rotation":[0,45,0],"scale":[0.4,0.4,0.4]},"firstperson_lefthand":{"rotation":[0,225,0],"scale":[0.4,0.4,0.4]},"ground":{"translation":[0,3,0],"scale":[0.25,0.25,0.25]},"gui":{"rotation":[30,225,0],"translation":[0,1.25,0]},"head":{"translation":[0,-3.75,0],"scale":[1.6,1.6,1.6]},"fixed":{"scale":[0.5,0.5,0.5]}},"texture_size":[32,32],"textures":{"0":"crates/easter23/easter_egg_projectile_9","particle":"crates/easter23/easter_egg_projectile_9"},"elements":[{"from":[5.5,3,5.5],"to":[10.5,8,10.5],"rotation":{"angle":0,"axis":"y","origin":[16.5,0,0]},"faces":{"north":{"uv":[2,4,4.5,6.5],"texture":"#0"},"east":{"uv":[4.5,9,2,6.5],"texture":"#0"},"south":{"uv":[6,0,8.5,2.5],"texture":"#0"},"west":{"uv":[2,6.5,4.5,9],"texture":"#0"},"up":{"uv":[2,9,4.5,6.5],"rotation":90,"texture":"#0"},"down":{"uv":[4.5,6.5,2,9],"rotation":90,"texture":"#0"}}},{"from":[6,3.5,4],"to":[10,7.5,12],"rotation":{"angle":0,"axis":"y","origin":[16,0,0]},"faces":{"north":{"uv":[7,5,9,7],"texture":"#0"},"east":{"uv":[4,4,0,2],"texture":"#0"},"south":{"uv":[7,7,9,5],"texture":"#0"},"west":{"uv":[0,2,4,4],"texture":"#0"},"up":{"uv":[0,4,4,2],"rotation":90,"texture":"#0"},"down":{"uv":[4,2,0,4],"rotation":90,"texture":"#0"}}}],"gui_light":"front"}