{"file_name":"forearm2","texture_size":[64,64],"textures":{"layer0":"manamodels/forky_pet"},"elements":[{"name":"forearm2_0","from":[8.0,7.7,7.7],"to":[9.8,8.3,8.3],"rotation":{"angle":0.0,"axis":"z","origin":[8.0,8.0,8.0]},"faces":{"east":{"uv":[8.25,7.5,8.0,7.75],"texture":"#layer0","tintindex":0},"south":{"uv":[7.75,3.0,7.0,3.25],"texture":"#layer0","tintindex":0},"north":{"uv":[7.75,2.5,7.0,2.75],"texture":"#layer0","tintindex":0},"west":{"uv":[8.25,3.5,8.0,3.75],"texture":"#layer0","tintindex":0},"up":{"uv":[7.0,3.75,7.75,3.5],"texture":"#layer0","tintindex":0},"down":{"uv":[2.75,7.25,2.0,7.5],"texture":"#layer0","tintindex":0}}},{"name":"forearm2_1","from":[9.2,6.2,8.0],"to":[11.6,9.8,8.0],"rotation":{"angle":0.0,"axis":"z","origin":[8.0,8.0,8.0]},"faces":{"east":{"uv":[8.25,5.0,8.25,6.5],"texture":"#layer0","tintindex":0},"south":{"uv":[2.25,0.0,1.25,1.5],"texture":"#layer0","tintindex":0},"north":{"uv":[1.0,0.0,0.0,1.5],"texture":"#layer0","tintindex":0},"west":{"uv":[2.5,8.25,2.5,9.75],"texture":"#layer0","tintindex":0},"up":{"uv":[5.25,8.25,6.25,8.25],"texture":"#layer0","tintindex":0},"down":{"uv":[7.5,8.25,6.5,8.25],"texture":"#layer0","tintindex":0}}}],"display":{"head":{"translation":[0.0,-6.4,0.0],"rotation":[0.0,0.0,0.0],"scale":[3.8095,3.8095,3.8095]},"gui":{"translation":[0.0,0.0,0.0],"rotation":[35.0,225.0,0.0],"scale":[0.625,0.625,0.625]}}}