{"file_name":"head","texture_size":[64,64],"textures":{"layer0":"manamodels/forky_pet"},"elements":[{"name":"head_0","from":[6.2,8.15,7.7],"to":[9.8,9.35,7.715],"rotation":{"angle":0.0,"axis":"z","origin":[8.0,8.0,8.0]},"faces":{"east":{"uv":[0.0,0.0,0.0,0.5],"texture":"#layer0","tintindex":0},"south":{"uv":[14.0,4.5,15.5,5.0],"texture":"#layer0","tintindex":0},"north":{"uv":[14.25,6.75,15.75,7.25],"texture":"#layer0","tintindex":0},"west":{"uv":[0.0,0.0,0.0,0.5],"texture":"#layer0","tintindex":0},"up":{"uv":[0.0,0.0,1.5,0.0],"texture":"#layer0","tintindex":0},"down":{"uv":[1.5,0.0,0.0,0.0],"texture":"#layer0","tintindex":0}}},{"name":"head_1","from":[6.2,9.737588,5.152052],"to":[9.8,12.1375885,5.167052],"rotation":{"angle":22.5,"axis":"x","origin":[8.0,3.1375878,5.452052]},"faces":{"east":{"uv":[0.0,0.0,0.0,1.0],"texture":"#layer0","tintindex":0},"south":{"uv":[14.25,2.25,15.75,3.25],"texture":"#layer0","tintindex":0},"north":{"uv":[14.25,0.5,15.75,1.5],"texture":"#layer0","tintindex":0},"west":{"uv":[0.0,0.0,0.0,1.0],"texture":"#layer0","tintindex":0},"up":{"uv":[0.0,0.0,1.5,0.0],"texture":"#layer0","tintindex":0},"down":{"uv":[1.5,0.0,0.0,0.0],"texture":"#layer0","tintindex":0}}},{"name":"head_2","from":[6.8,9.441343,7.4],"to":[9.2,10.641344,8.0],"rotation":{"angle":22.5,"axis":"x","origin":[8.0,9.441345,7.7]},"faces":{"east":{"uv":[3.0,6.75,3.25,7.25],"texture":"#layer0","tintindex":0},"south":{"uv":[4.0,4.5,5.0,5.0],"texture":"#layer0","tintindex":0},"north":{"uv":[4.5,2.5,5.5,3.0],"texture":"#layer0","tintindex":0},"west":{"uv":[4.0,7.5,4.25,8.0],"texture":"#layer0","tintindex":0},"up":{"uv":[4.5,6.25,3.5,6.0],"texture":"#layer0","tintindex":0},"down":{"uv":[0.0,6.25,1.0,6.5],"texture":"#layer0","tintindex":0}}},{"name":"head_3","from":[6.8,8.356148,7.4228363],"to":[9.2,9.556149,8.022837],"rotation":{"angle":0.0,"axis":"z","origin":[8.0,8.0,8.0]},"faces":{"east":{"uv":[7.5,7.5,7.75,8.0],"texture":"#layer0","tintindex":0},"south":{"uv":[5.25,0.75,6.25,1.25],"texture":"#layer0","tintindex":0},"north":{"uv":[5.25,0.0,6.25,0.5],"texture":"#layer0","tintindex":0},"west":{"uv":[0.0,7.75,0.25,8.25],"texture":"#layer0","tintindex":0},"up":{"uv":[7.0,6.5,6.0,6.25],"texture":"#layer0","tintindex":0},"down":{"uv":[6.5,0.0,7.5,0.25],"texture":"#layer0","tintindex":0}}},{"name":"head_4","from":[6.86,7.996148,7.362836],"to":[9.26,9.196148,7.362836],"rotation":{"angle":0.0,"axis":"z","origin":[8.0,8.0,8.0]},"faces":{"east":{"uv":[2.25,3.5,2.25,4.0],"texture":"#layer0","tintindex":0},"south":{"uv":[5.25,3.25,6.25,3.75],"texture":"#layer0","tintindex":0},"north":{"uv":[5.25,1.5,6.25,2.0],"texture":"#layer0","tintindex":0},"west":{"uv":[2.25,4.25,2.25,4.75],"texture":"#layer0","tintindex":0},"up":{"uv":[9.25,7.25,8.25,7.25],"texture":"#layer0","tintindex":0},"down":{"uv":[8.5,0.0,9.5,0.0],"texture":"#layer0","tintindex":0}}},{"name":"head_5","from":[6.6950006,8.791147,6.8828363],"to":[9.095,10.591148,6.8828363],"rotation":{"angle":22.5,"axis":"x","origin":[7.85,8.206148,7.782836]},"faces":{"east":{"uv":[0.25,8.5,0.25,9.25],"texture":"#layer0","tintindex":0},"south":{"uv":[0.0,3.5,1.0,4.25],"texture":"#layer0","tintindex":0},"north":{"uv":[3.25,2.5,4.25,3.25],"texture":"#layer0","tintindex":0},"west":{"uv":[8.5,0.25,8.5,1.0],"texture":"#layer0","tintindex":0},"up":{"uv":[9.5,1.25,8.5,1.25],"texture":"#layer0","tintindex":0},"down":{"uv":[8.5,1.5,9.5,1.5],"texture":"#layer0","tintindex":0}}},{"name":"head_6","from":[6.635,8.716148,6.867836],"to":[9.035,10.516148,6.867836],"rotation":{"angle":22.5,"axis":"x","origin":[7.85,8.206148,7.782836]},"faces":{"east":{"uv":[0.25,8.5,0.25,9.25],"texture":"#layer0","tintindex":0},"south":{"uv":[0.0,3.5,1.0,4.25],"texture":"#layer0","tintindex":0},"north":{"uv":[8.75,0.25,9.75,1.0],"texture":"#layer0","tintindex":0},"west":{"uv":[8.5,0.25,8.5,1.0],"texture":"#layer0","tintindex":0},"up":{"uv":[9.5,1.25,8.5,1.25],"texture":"#layer0","tintindex":0},"down":{"uv":[8.5,1.5,9.5,1.5],"texture":"#layer0","tintindex":0}}},{"name":"head_7","from":[6.8,7.8709517,7.4],"to":[9.2,8.470952,8.0],"rotation":{"angle":-22.5,"axis":"x","origin":[8.0,8.470952,7.7]},"faces":{"east":{"uv":[7.0,7.75,7.25,8.0],"texture":"#layer0","tintindex":0},"south":{"uv":[4.75,6.25,5.75,6.5],"texture":"#layer0","tintindex":0},"north":{"uv":[1.25,6.25,2.25,6.5],"texture":"#layer0","tintindex":0},"west":{"uv":[8.0,2.0,8.25,2.25],"texture":"#layer0","tintindex":0},"up":{"uv":[7.25,5.25,6.25,5.0],"texture":"#layer0","tintindex":0},"down":{"uv":[6.25,5.5,7.25,5.75],"texture":"#layer0","tintindex":0}}},{"name":"head_8","from":[8.15,10.595673,7.629608],"to":[8.75,11.195673,8.229609],"rotation":{"angle":22.5,"axis":"x","origin":[8.3,9.995672,7.929608]},"faces":{"east":{"uv":[1.75,7.75,2.0,8.0],"texture":"#layer0","tintindex":0},"south":{"uv":[2.25,7.75,2.5,8.0],"texture":"#layer0","tintindex":0},"north":{"uv":[1.25,7.75,1.5,8.0],"texture":"#layer0","tintindex":0},"west":{"uv":[4.5,7.75,4.75,8.0],"texture":"#layer0","tintindex":0},"up":{"uv":[5.25,8.0,5.0,7.75],"texture":"#layer0","tintindex":0},"down":{"uv":[5.5,7.75,5.75,8.0],"texture":"#layer0","tintindex":0}}},{"name":"head_9","from":[7.25,10.595673,7.629608],"to":[7.85,11.195673,8.229609],"rotation":{"angle":22.5,"axis":"x","origin":[8.3,9.995672,7.929608]},"faces":{"east":{"uv":[0.5,8.25,0.75,8.5],"texture":"#layer0","tintindex":0},"south":{"uv":[1.0,8.25,1.25,8.5],"texture":"#layer0","tintindex":0},"north":{"uv":[8.0,8.0,8.25,8.25],"texture":"#layer0","tintindex":0},"west":{"uv":[1.5,8.25,1.75,8.5],"texture":"#layer0","tintindex":0},"up":{"uv":[2.25,8.5,2.0,8.25],"texture":"#layer0","tintindex":0},"down":{"uv":[3.75,8.25,4.0,8.5],"texture":"#layer0","tintindex":0}}}],"display":{"head":{"translation":[0.0,-6.4,0.0],"rotation":[0.0,0.0,0.0],"scale":[3.8095,3.8095,3.8095]},"gui":{"translation":[0.0,0.0,0.0],"rotation":[35.0,225.0,0.0],"scale":[0.625,0.625,0.625]}}}