{"file_name":"torso","texture_size":[64,64],"textures":{"layer0":"manamodels/forky_pet"},"elements":[{"name":"torso_0","from":[6.8,7.415,6.8],"to":[9.2,8.0,9.2],"rotation":{"angle":45.0,"axis":"y","origin":[8.0,8.0,8.0]},"faces":{"east":{"uv":[5.25,4.5,6.25,4.75],"texture":"#layer0","tintindex":0},"south":{"uv":[5.0,5.25,6.0,5.5],"texture":"#layer0","tintindex":0},"north":{"uv":[5.25,4.0,6.25,4.25],"texture":"#layer0","tintindex":0},"west":{"uv":[0.0,5.75,1.0,6.0],"texture":"#layer0","tintindex":0},"up":{"uv":[4.25,1.0,3.25,0.0],"texture":"#layer0","tintindex":0},"down":{"uv":[3.25,1.25,4.25,2.25],"texture":"#layer0","tintindex":0}}},{"name":"torso_1","from":[6.8,8.0,6.95],"to":[8.6,8.6,8.75],"rotation":{"angle":45.0,"axis":"y","origin":[8.0,7.4,7.55]},"faces":{"east":{"uv":[6.5,0.5,7.25,0.75],"texture":"#layer0","tintindex":0},"south":{"uv":[6.5,1.0,7.25,1.25],"texture":"#layer0","tintindex":0},"north":{"uv":[2.5,6.25,3.25,6.5],"texture":"#layer0","tintindex":0},"west":{"uv":[6.5,1.5,7.25,1.75],"texture":"#layer0","tintindex":0},"up":{"uv":[4.0,4.25,3.25,3.5],"texture":"#layer0","tintindex":0},"down":{"uv":[4.25,3.5,5.0,4.25],"texture":"#layer0","tintindex":0}}},{"name":"torso_2","from":[7.4,8.6,7.7],"to":[8.6,14.0,8.3],"rotation":{"angle":0.0,"axis":"z","origin":[8.0,8.0,8.0]},"faces":{"east":{"uv":[1.25,3.5,1.5,5.75],"texture":"#layer0","tintindex":0},"south":{"uv":[2.5,2.5,3.0,4.75],"texture":"#layer0","tintindex":0},"north":{"uv":[2.5,0.0,3.0,2.25],"texture":"#layer0","tintindex":0},"west":{"uv":[1.75,3.5,2.0,5.75],"texture":"#layer0","tintindex":0},"up":{"uv":[8.0,6.75,7.5,6.5],"texture":"#layer0","tintindex":0},"down":{"uv":[7.5,7.0,8.0,7.25],"texture":"#layer0","tintindex":0}}},{"name":"torso_3","from":[7.1,11.0,7.4],"to":[8.9,11.6,8.6],"rotation":{"angle":0.0,"axis":"z","origin":[8.0,8.0,8.0]},"faces":{"east":{"uv":[7.75,0.0,8.25,0.25],"texture":"#layer0","tintindex":0},"south":{"uv":[2.0,6.75,2.75,7.0],"texture":"#layer0","tintindex":0},"north":{"uv":[6.5,4.25,7.25,4.5],"texture":"#layer0","tintindex":0},"west":{"uv":[0.5,7.75,1.0,8.0],"texture":"#layer0","tintindex":0},"up":{"uv":[3.0,5.5,2.25,5.0],"texture":"#layer0","tintindex":0},"down":{"uv":[4.0,5.25,4.75,5.75],"texture":"#layer0","tintindex":0}}}],"display":{"head":{"translation":[0.0,-6.4,0.0],"rotation":[0.0,0.0,0.0],"scale":[3.8095,3.8095,3.8095]},"gui":{"translation":[0.0,0.0,0.0],"rotation":[35.0,225.0,0.0],"scale":[0.625,0.625,0.625]}}}