{"file_name":"arm2","texture_size":[128,128],"textures":{"layer0":"manamodels/npc_guide"},"elements":[{"name":"arm2_0","from":[8.288001,0.37999916,6.6679997],"to":[10.952002,8.372,9.332],"rotation":{"angle":0.0,"axis":"z","origin":[8.0,8.0,8.0]},"faces":{"east":{"uv":[1.125,4.0,1.625,5.5],"texture":"#layer0","tintindex":0},"south":{"uv":[4.125,3.25,4.625,4.75],"texture":"#layer0","tintindex":0},"north":{"uv":[3.875,1.625,4.375,3.125],"texture":"#layer0","tintindex":0},"west":{"uv":[0.0,4.25,0.5,5.75],"texture":"#layer0","tintindex":0},"up":{"uv":[6.875,7.75,6.375,7.25],"texture":"#layer0","tintindex":0},"down":{"uv":[7.375,1.875,7.875,2.375],"texture":"#layer0","tintindex":0}}},{"name":"arm2_1","from":[8.27135,6.3739996,6.002],"to":[11.60135,9.038,9.998],"rotation":{"angle":0.0,"axis":"z","origin":[8.0,8.0,8.0]},"faces":{"east":{"uv":[6.75,0.0,7.5,0.5],"texture":"#layer0","tintindex":0},"south":{"uv":[7.0,5.625,7.625,6.125],"texture":"#layer0","tintindex":0},"north":{"uv":[7.0,4.0,7.625,4.5],"texture":"#layer0","tintindex":0},"west":{"uv":[0.625,7.0,1.375,7.5],"texture":"#layer0","tintindex":0},"up":{"uv":[6.125,6.5,5.5,5.75],"texture":"#layer0","tintindex":0},"down":{"uv":[6.0,2.125,6.625,2.875],"texture":"#layer0","tintindex":0}}},{"name":"arm2_2","from":[7.955001,2.0449991,6.335],"to":[11.285001,3.3769991,9.665],"rotation":{"angle":0.0,"axis":"z","origin":[8.0,8.0,8.0]},"faces":{"east":{"uv":[5.125,7.875,5.75,8.125],"texture":"#layer0","tintindex":0},"south":{"uv":[5.875,7.875,6.5,8.125],"texture":"#layer0","tintindex":0},"north":{"uv":[7.875,4.625,8.5,4.875],"texture":"#layer0","tintindex":0},"west":{"uv":[0.0,8.0,0.625,8.25],"texture":"#layer0","tintindex":0},"up":{"uv":[7.125,1.875,6.5,1.25],"texture":"#layer0","tintindex":0},"down":{"uv":[6.25,6.5,6.875,7.125],"texture":"#layer0","tintindex":0}}}],"display":{"head":{"translation":[0.0,-6.4,0.0],"rotation":[0.0,0.0,0.0],"scale":[3.8095,3.8095,3.8095]},"gui":{"translation":[0.0,0.0,0.0],"rotation":[35.0,225.0,0.0],"scale":[0.625,0.625,0.625]}}}