{"file_name":"torso","texture_size":[128,128],"textures":{"layer0":"manamodels/npc_guide"},"elements":[{"name":"torso_0","from":[5.3360004,15.992001,6.6679997],"to":[10.6640005,19.987999,9.332],"rotation":{"angle":0.0,"axis":"z","origin":[8.0,8.0,8.0]},"faces":{"east":{"uv":[4.5,6.625,5.0,7.375],"texture":"#layer0","tintindex":0},"south":{"uv":[0.0,3.375,1.0,4.125],"texture":"#layer0","tintindex":0},"north":{"uv":[1.125,3.125,2.125,3.875],"texture":"#layer0","tintindex":0},"west":{"uv":[6.625,4.75,7.125,5.5],"texture":"#layer0","tintindex":0},"up":{"uv":[6.5,1.125,5.5,0.625],"texture":"#layer0","tintindex":0},"down":{"uv":[0.625,5.625,1.625,6.125],"texture":"#layer0","tintindex":0}}},{"name":"torso_1","from":[7.0010004,15.326,6.002],"to":[8.999001,17.324,6.668],"rotation":{"angle":0.0,"axis":"z","origin":[8.0,8.0,8.0]},"faces":{"east":{"uv":[2.25,3.125,2.375,3.5],"texture":"#layer0","tintindex":0},"south":{"uv":[0.625,5.0,1.0,5.375],"texture":"#layer0","tintindex":0},"north":{"uv":[1.75,4.75,2.125,5.125],"texture":"#layer0","tintindex":0},"west":{"uv":[3.375,0.0,3.5,0.375],"texture":"#layer0","tintindex":0},"up":{"uv":[4.375,8.375,4.0,8.25],"texture":"#layer0","tintindex":0},"down":{"uv":[4.5,8.25,4.875,8.375],"texture":"#layer0","tintindex":0}}},{"name":"torso_2","from":[4.669999,19.987999,5.8355],"to":[11.33,23.984001,9.8315],"rotation":{"angle":0.0,"axis":"z","origin":[8.0,8.0,8.0]},"faces":{"east":{"uv":[3.0,5.375,3.75,6.125],"texture":"#layer0","tintindex":0},"south":{"uv":[2.25,1.125,3.5,1.875],"texture":"#layer0","tintindex":0},"north":{"uv":[1.125,2.25,2.375,3.0],"texture":"#layer0","tintindex":0},"west":{"uv":[5.375,4.25,6.125,5.0],"texture":"#layer0","tintindex":0},"up":{"uv":[3.75,2.75,2.5,2.0],"texture":"#layer0","tintindex":0},"down":{"uv":[2.5,2.875,3.75,3.625],"texture":"#layer0","tintindex":0}}}],"display":{"head":{"translation":[0.0,-6.4,0.0],"rotation":[0.0,0.0,0.0],"scale":[3.8095,3.8095,3.8095]},"gui":{"translation":[0.0,0.0,0.0],"rotation":[35.0,225.0,0.0],"scale":[0.625,0.625,0.625]}}}