{"credit":"Modelled By: Herbert Richard","texture_size":[64,64],"textures":{"1":"manalabs:crates/space_crate/blackhole_pickaxe","particle":"manalabs:crates/space_crate/blackhole_pickaxe"},"elements":[{"from":[7,-7,7],"to":[9,14,9],"rotation":{"angle":0,"axis":"y","origin":[7,-2,0]},"faces":{"north":{"uv":[3.5,0,4,5.25],"texture":"#1"},"east":{"uv":[4,0,3.5,5.25],"texture":"#1"},"south":{"uv":[3.5,0,4,5.25],"texture":"#1"},"west":{"uv":[4,0,3.5,5.25],"texture":"#1"},"up":{"uv":[8.5,6.75,8,6.25],"texture":"#1"},"down":{"uv":[1.5,8.25,1,8.75],"texture":"#1"}}},{"from":[6.5,11,6.5],"to":[9.5,15,9.5],"rotation":{"angle":0,"axis":"y","origin":[7.5,-2,0]},"faces":{"north":{"uv":[7.25,2.5,8,3.5],"texture":"#1"},"east":{"uv":[7.25,2.5,8,3.5],"texture":"#1"},"south":{"uv":[7.25,2.5,8,3.5],"texture":"#1"},"west":{"uv":[7.25,2.5,8,3.5],"texture":"#1"},"up":{"uv":[8,5.25,7.25,4.5],"texture":"#1"},"down":{"uv":[6.5,7.25,5.75,8],"texture":"#1"}}},{"from":[6.5,-5,6.5],"to":[9.5,-3,9.5],"rotation":{"angle":0,"axis":"y","origin":[7.5,-2,0]},"faces":{"north":{"uv":[7.75,5.25,8.5,5.75],"texture":"#1"},"east":{"uv":[8.5,5.25,7.75,5.75],"texture":"#1"},"south":{"uv":[7.75,5.25,8.5,5.75],"texture":"#1"},"west":{"uv":[8.5,5.25,7.75,5.75],"texture":"#1"},"up":{"uv":[7.25,8,6.5,7.25],"texture":"#1"},"down":{"uv":[8,7.25,7.25,8],"texture":"#1"}}},{"from":[6.5,9,6.5],"to":[9.5,10,9.5],"rotation":{"angle":0,"axis":"y","origin":[7.5,-2,0]},"faces":{"north":{"uv":[8,5,8.75,5.25],"texture":"#1"},"east":{"uv":[2.25,8.25,3,8.5],"texture":"#1"},"south":{"uv":[4.25,8.25,5,8.5],"texture":"#1"},"west":{"uv":[5,8.25,5.75,8.5],"texture":"#1"},"up":{"uv":[0.75,8.25,0,7.5],"texture":"#1"},"down":{"uv":[1.5,7.5,0.75,8.25],"texture":"#1"}}},{"from":[6.5,-2,6.5],"to":[9.5,-1,9.5],"rotation":{"angle":0,"axis":"y","origin":[7.5,-2,0]},"faces":{"north":{"uv":[2.25,8.5,3,8.75],"texture":"#1"},"east":{"uv":[8.5,2.5,9.25,2.75],"texture":"#1"},"south":{"uv":[8.5,2.75,9.25,3],"texture":"#1"},"west":{"uv":[8.5,3,9.25,3.25],"texture":"#1"},"up":{"uv":[2.25,8.25,1.5,7.5],"texture":"#1"},"down":{"uv":[3,7.5,2.25,8.25],"texture":"#1"}}},{"from":[5.92678,16.5,6.5],"to":[10.92678,21.5,9.5],"rotation":{"angle":-45,"axis":"z","origin":[8.17678,19.5,8]},"faces":{"north":{"uv":[3.5,5.25,4.75,6.5],"texture":"#1"},"east":{"uv":[6,6,6.75,7.25],"texture":"#1"},"south":{"uv":[4.75,5.25,3.5,6.5],"texture":"#1"},"west":{"uv":[3.5,6.5,4.25,7.75],"texture":"#1"},"up":{"uv":[5.5,7.25,4.25,6.5],"texture":"#1"},"down":{"uv":[8,6,6.75,6.75],"texture":"#1"}}},{"from":[-5,5.5,8],"to":[21,29,8],"rotation":{"angle":0,"axis":"y","origin":[9.25,19.5,7.5]},"faces":{"north":{"uv":[1.5,9.875,8,15.75],"texture":"#1"},"east":{"uv":[0,0,0,3.5],"texture":"#1"},"south":{"uv":[8,9.875,1.5,15.75],"texture":"#1"},"west":{"uv":[0,0,0,3.5],"texture":"#1"},"up":{"uv":[3.5,0,0,0],"texture":"#1"},"down":{"uv":[3.5,0,0,0],"texture":"#1"}}},{"from":[12.5,16,6.5],"to":[19.5,19,8.5],"rotation":{"angle":-22.5,"axis":"z","origin":[13,19.5,7.5]},"faces":{"north":{"uv":[5.5,3.75,7.25,4.5],"texture":"#1"},"east":{"uv":[8.5,8,8,8.75],"texture":"#1"},"south":{"uv":[7.25,3.75,5.5,4.5],"texture":"#1"},"west":{"uv":[8,8,7.5,8.75],"texture":"#1"},"up":{"uv":[7.25,1,9,0.5],"texture":"#1"},"down":{"uv":[7.25,1,9,1.5],"texture":"#1"}}},{"from":[15,10.25,7],"to":[17,14.25,8],"rotation":{"angle":22.5,"axis":"z","origin":[13,19.5,7.5]},"faces":{"north":{"uv":[8.5,2.5,8,3.5],"texture":"#1"},"east":{"uv":[2.25,8.25,2,9.25],"texture":"#1"},"south":{"uv":[8.5,3.5,8,4.5],"texture":"#1"},"west":{"uv":[2,8.25,1.75,9.25],"texture":"#1"},"up":{"uv":[8.5,3.75,9,3.5],"texture":"#1"},"down":{"uv":[8.5,3.75,9,4],"texture":"#1"}}},{"from":[-1,10.25,7],"to":[1,14.25,8],"rotation":{"angle":-22.5,"axis":"z","origin":[3,19.5,7.5]},"faces":{"north":{"uv":[8,2.5,8.5,3.5],"texture":"#1"},"east":{"uv":[1.75,8.25,2,9.25],"texture":"#1"},"south":{"uv":[8,3.5,8.5,4.5],"texture":"#1"},"west":{"uv":[2,8.25,2.25,9.25],"texture":"#1"},"up":{"uv":[9,3.75,8.5,3.5],"texture":"#1"},"down":{"uv":[9,3.75,8.5,4],"texture":"#1"}}},{"from":[-3.5,16,6.5],"to":[3.5,19,8.5],"rotation":{"angle":22.5,"axis":"z","origin":[3,19.5,7.5]},"faces":{"north":{"uv":[7.25,3.75,5.5,4.5],"texture":"#1"},"east":{"uv":[7.5,8,8,8.75],"texture":"#1"},"south":{"uv":[5.5,3.75,7.25,4.5],"texture":"#1"},"west":{"uv":[8,8,8.5,8.75],"texture":"#1"},"up":{"uv":[9,1,7.25,0.5],"texture":"#1"},"down":{"uv":[9,1,7.25,1.5],"texture":"#1"}}}],"display":{"thirdperson_righthand":{"rotation":[0,-90,0],"translation":[0,2.75,2],"scale":[0.85,0.85,0.85]},"thirdperson_lefthand":{"rotation":[0,-90,0],"translation":[0,2.75,2],"scale":[0.85,0.85,0.85]},"firstperson_righthand":{"rotation":[0,-90,0],"translation":[1.63,1.45,1.13],"scale":[0.38,0.38,0.38]},"firstperson_lefthand":{"rotation":[0,-90,0],"translation":[1.63,1.45,1.13],"scale":[0.38,0.38,0.38]},"ground":{"scale":[0.3,0.3,0.3]},"gui":{"rotation":[0,0,45],"translation":[0.5,-0.5,0],"scale":[0.5,0.5,0.5]},"head":{"rotation":[0,0,53],"translation":[-1.25,-14.75,5.25]},"fixed":{"rotation":[0,0,45],"translation":[0.25,0.75,-2.25],"scale":[0.8,0.8,0.8]}},"groups":[{"name":"root","origin":[8,8,8],"color":0,"children":[0,1,2,3,4,5,6,7,8,9,10]}]}