{"credit":"Copyright ManaLabs Inc","texture_size":[64,64],"textures":{"0":"manalabs:crates/drseuss21_crate/wocketpickaxe","particle":"manalabs:crates/drseuss21_crate/wocketpickaxe"},"elements":[{"from":[5,19,-1],"to":[11,21,5],"rotation":{"angle":-22.5,"axis":"x","origin":[12,25,8]},"faces":{"north":{"uv":[9.25,7.75,10.75,8.25],"texture":"#0"},"east":{"uv":[9.5,5.25,11,5.75],"texture":"#0"},"south":{"uv":[9.5,5.75,11,6.25],"texture":"#0"},"west":{"uv":[9.5,8.25,11,8.75],"texture":"#0"},"up":{"uv":[3.25,9,1.75,7.5],"texture":"#0"},"down":{"uv":[4.75,7.5,3.25,9],"texture":"#0"}}},{"from":[3.5,16.5,4.5],"to":[12.5,19.5,7.5],"rotation":{"angle":0,"axis":"y","origin":[4.5,24.5,12.5]},"faces":{"north":{"uv":[7.25,8.25,9.5,9],"texture":"#0"},"east":{"uv":[5.5,10.75,6.25,11.5],"texture":"#0"},"south":{"uv":[8.25,0,10.5,0.75],"texture":"#0"},"west":{"uv":[6.25,10.75,7,11.5],"texture":"#0"},"up":{"uv":[10.5,1.5,8.25,0.75],"texture":"#0"},"down":{"uv":[10.5,1.5,8.25,2.25],"texture":"#0"}}},{"from":[4.5,17,4],"to":[11.5,23,11],"rotation":{"angle":0,"axis":"y","origin":[12.5,27,11]},"faces":{"north":{"uv":[6.5,1.75,8.25,3.25],"texture":"#0"},"east":{"uv":[6.5,3.25,8.25,4.75],"texture":"#0"},"south":{"uv":[6.5,4.75,8.25,6.25],"texture":"#0"},"west":{"uv":[0,7.5,1.75,9],"texture":"#0"},"up":{"uv":[8.25,8.25,6.5,6.5],"texture":"#0"},"down":{"uv":[8.25,0,6.5,1.75],"texture":"#0"}}},{"from":[5.55,15,4],"to":[10.475,17,10],"rotation":{"angle":0,"axis":"y","origin":[11.5,20,11]},"faces":{"north":{"uv":[10.25,9.75,11.5,10.25],"texture":"#0"},"east":{"uv":[1,9.75,2.5,10.25],"texture":"#0"},"south":{"uv":[10.5,1.5,11.75,2],"texture":"#0"},"west":{"uv":[2.5,9.75,4,10.25],"texture":"#0"},"up":{"uv":[6,9,4.75,7.5],"texture":"#0"},"down":{"uv":[7.25,8.25,6,9.75],"texture":"#0"}}},{"from":[6.55,11,6],"to":[9.475,15,9],"rotation":{"angle":0,"axis":"y","origin":[11.5,18,11]},"faces":{"north":{"uv":[9.5,9.75,10.25,10.75],"texture":"#0"},"east":{"uv":[9.75,8.75,10.5,9.75],"texture":"#0"},"south":{"uv":[1,10.25,1.75,11.25],"texture":"#0"},"west":{"uv":[1.75,10.25,2.5,11.25],"texture":"#0"},"up":{"uv":[11.5,2.75,10.75,2],"texture":"#0"},"down":{"uv":[11.5,2.75,10.75,3.5],"texture":"#0"}}},{"from":[6.575,9.68506,4.47135],"to":[9.45,12.68506,7.47135],"rotation":{"angle":-22.5,"axis":"x","origin":[11.5,15.68506,9.47135]},"faces":{"north":{"uv":[10.75,3.5,11.5,4.25],"texture":"#0"},"east":{"uv":[10.75,4.25,11.5,5],"texture":"#0"},"south":{"uv":[0,11,0.75,11.75],"texture":"#0"},"west":{"uv":[11,5,11.75,5.75],"texture":"#0"},"up":{"uv":[11.75,8.5,11,7.75],"texture":"#0"},"down":{"uv":[1.5,11.25,0.75,12],"texture":"#0"}}},{"from":[7.075,7.68506,4.47135],"to":[8.95,9.68506,7.47135],"rotation":{"angle":-22.5,"axis":"x","origin":[11,15.68506,9.47135]},"faces":{"north":{"uv":[5.25,12.25,5.75,12.75],"texture":"#0"},"east":{"uv":[9.25,12,10,12.5],"texture":"#0"},"south":{"uv":[5.75,12.25,6.25,12.75],"texture":"#0"},"west":{"uv":[10,12,10.75,12.5],"texture":"#0"},"up":{"uv":[6.5,8.25,6,7.5],"texture":"#0"},"down":{"uv":[11.25,12,10.75,12.75],"texture":"#0"}}},{"from":[7.125,-4.68717,6.63418],"to":[8.9,2.97523,8.63418],"rotation":{"angle":0,"axis":"y","origin":[11,14.34956,12.63418]},"faces":{"north":{"uv":[8.25,6.25,8.75,8.25],"texture":"#0"},"east":{"uv":[8.75,6.25,9.25,8.25],"texture":"#0"},"south":{"uv":[0,9,0.5,11],"texture":"#0"},"west":{"uv":[0.5,9,1,11],"texture":"#0"},"up":{"uv":[2.75,12.75,2.25,12.25],"texture":"#0"},"down":{"uv":[3.25,12.25,2.75,12.75],"texture":"#0"}}},{"from":[6.525,-7.68717,6.13418],"to":[9.45,-4.68717,9.13418],"rotation":{"angle":0,"axis":"y","origin":[10.475,6.68717,13.13418]},"faces":{"north":{"uv":[7.75,11.25,8.5,12],"texture":"#0"},"east":{"uv":[8.5,11.25,9.25,12],"texture":"#0"},"south":{"uv":[4,11.5,4.75,12.25],"texture":"#0"},"west":{"uv":[4.75,11.5,5.5,12.25],"texture":"#0"},"up":{"uv":[6.25,12.25,5.5,11.5],"texture":"#0"},"down":{"uv":[7,11.5,6.25,12.25],"texture":"#0"}}},{"from":[7.1,-1.11077,15.17589],"to":[8.925,4.64625,17.17589],"rotation":{"angle":22.5,"axis":"x","origin":[11,22.40326,21.17589]},"faces":{"north":{"uv":[2.5,10.25,3,11.75],"texture":"#0"},"east":{"uv":[3,10.25,3.5,11.75],"texture":"#0"},"south":{"uv":[3.5,10.25,4,11.75],"texture":"#0"},"west":{"uv":[10.25,10.25,10.75,11.75],"texture":"#0"},"up":{"uv":[3.75,12.75,3.25,12.25],"texture":"#0"},"down":{"uv":[4.25,12.25,3.75,12.75],"texture":"#0"}}},{"from":[5.55,15.5,2],"to":[10.475,17.5,4],"rotation":{"angle":0,"axis":"y","origin":[11.5,19.5,9]},"faces":{"north":{"uv":[10.5,6.25,11.75,6.75],"texture":"#0"},"east":{"uv":[7,10.75,7.5,11.25],"texture":"#0"},"south":{"uv":[10.5,6.75,11.75,7.25],"texture":"#0"},"west":{"uv":[11.25,12,11.75,12.5],"texture":"#0"},"up":{"uv":[11.75,7.75,10.5,7.25],"texture":"#0"},"down":{"uv":[11.75,8.75,10.5,9.25],"texture":"#0"}}},{"from":[4.71225,23.52862,6],"to":[7.71225,25.52862,10],"rotation":{"angle":22.5,"axis":"z","origin":[12.71225,32.52862,13]},"faces":{"north":{"uv":[0,11.75,0.75,12.25],"texture":"#0"},"east":{"uv":[10.5,9.25,11.5,9.75],"texture":"#0"},"south":{"uv":[3.25,11.75,4,12.25],"texture":"#0"},"west":{"uv":[10.75,10.25,11.75,10.75],"texture":"#0"},"up":{"uv":[6.75,10.75,6,9.75],"texture":"#0"},"down":{"uv":[7.5,9.75,6.75,10.75],"texture":"#0"}}},{"from":[0.71225,24.52862,8.5],"to":[4.71225,26.52862,10.5],"rotation":{"angle":45,"axis":"z","origin":[8.71225,33.52862,14.5]},"faces":{"north":{"uv":[11.5,10.75,12.5,11.25],"texture":"#0"},"east":{"uv":[6.25,12.25,6.75,12.75],"texture":"#0"},"south":{"uv":[2.25,11.75,3.25,12.25],"texture":"#0"},"west":{"uv":[11.75,12.25,12.25,12.75],"texture":"#0"},"up":{"uv":[12.75,12.25,11.75,11.75],"texture":"#0"},"down":{"uv":[12.75,1.5,11.75,2],"texture":"#0"}}},{"from":[9.54582,26.27907,9.05],"to":[11.54582,27.27907,9.95],"rotation":{"angle":22.5,"axis":"z","origin":[15.54582,35.27907,14]},"faces":{"north":{"uv":[12.5,9.25,13,9.5],"texture":"#0"},"east":{"uv":[1.75,12.75,2,13],"texture":"#0"},"south":{"uv":[12.5,9.5,13,9.75],"texture":"#0"},"west":{"uv":[2.25,12.75,2.5,13],"texture":"#0"},"up":{"uv":[13,10,12.5,9.75],"texture":"#0"},"down":{"uv":[13,10,12.5,10.25],"texture":"#0"}}},{"from":[12.68133,25.51582,9.025],"to":[16.68133,26.51582,9.975],"rotation":{"angle":0,"axis":"y","origin":[20.68133,33.51582,14]},"faces":{"north":{"uv":[6.5,6.25,7.5,6.5],"texture":"#0"},"east":{"uv":[6.75,12.25,7,12.5],"texture":"#0"},"south":{"uv":[12,6,13,6.25],"texture":"#0"},"west":{"uv":[1.5,12.75,1.75,13],"texture":"#0"},"up":{"uv":[2,12.75,1,12.5],"texture":"#0"},"down":{"uv":[7.75,12.5,6.75,12.75],"texture":"#0"}}},{"from":[7.54582,26.27907,9],"to":[9.54582,28.27907,10],"rotation":{"angle":22.5,"axis":"z","origin":[15.54582,35.27907,14]},"faces":{"north":{"uv":[12.25,12.25,12.75,12.75],"texture":"#0"},"east":{"uv":[10.75,7.75,11,8.25],"texture":"#0"},"south":{"uv":[0.5,12.5,1,13],"texture":"#0"},"west":{"uv":[2.25,11.25,2.5,11.75],"texture":"#0"},"up":{"uv":[13,9,12.5,8.75],"texture":"#0"},"down":{"uv":[13,9,12.5,9.25],"texture":"#0"}}},{"from":[6.71225,22.52862,6.5],"to":[10.71225,24.52862,9.5],"rotation":{"angle":22.5,"axis":"z","origin":[15.71225,31.52862,12.5]},"faces":{"north":{"uv":[11,5.75,12,6.25],"texture":"#0"},"east":{"uv":[11.75,7.75,12.5,8.25],"texture":"#0"},"south":{"uv":[9.25,11.5,10.25,12],"texture":"#0"},"west":{"uv":[11.75,8.25,12.5,8.75],"texture":"#0"},"up":{"uv":[8.5,10.5,7.5,9.75],"texture":"#0"},"down":{"uv":[9.5,9.75,8.5,10.5],"texture":"#0"}}},{"from":[10.77164,21.14805,6.025],"to":[15.77164,24.14805,9.975],"rotation":{"angle":0,"axis":"y","origin":[18.77164,31.14805,13]},"faces":{"north":{"uv":[1,9,2.25,9.75],"texture":"#0"},"east":{"uv":[4,9.75,5,10.5],"texture":"#0"},"south":{"uv":[2.25,9,3.5,9.75],"texture":"#0"},"west":{"uv":[5,9.75,6,10.5],"texture":"#0"},"up":{"uv":[9.5,3.25,8.25,2.25],"texture":"#0"},"down":{"uv":[9.5,3.25,8.25,4.25],"texture":"#0"}}},{"from":[19.24299,19.46299,7.025],"to":[22.24299,20.46299,8.975],"rotation":{"angle":0,"axis":"y","origin":[27.24299,29.46299,13]},"faces":{"north":{"uv":[12.5,3,13.25,3.25],"texture":"#0"},"east":{"uv":[5.5,10.5,6,10.75],"texture":"#0"},"south":{"uv":[12.5,3.25,13.25,3.5],"texture":"#0"},"west":{"uv":[10.25,11.75,10.75,12],"texture":"#0"},"up":{"uv":[12.5,9.25,11.75,8.75],"texture":"#0"},"down":{"uv":[12.5,10.25,11.75,10.75],"texture":"#0"}}},{"from":[17.84146,17.55374,6.5],"to":[22.84146,20.55374,9.5],"rotation":{"angle":-22.5,"axis":"z","origin":[25.84146,27.55374,13.5]},"faces":{"north":{"uv":[3.5,9,4.75,9.75],"texture":"#0"},"east":{"uv":[9.5,10.75,10.25,11.5],"texture":"#0"},"south":{"uv":[4.75,9,6,9.75],"texture":"#0"},"west":{"uv":[10.75,10.75,11.5,11.5],"texture":"#0"},"up":{"uv":[8.5,9.75,7.25,9],"texture":"#0"},"down":{"uv":[9.75,9,8.5,9.75],"texture":"#0"}}},{"from":[22.09782,14.8152,7],"to":[26.25,16.8152,9],"rotation":{"angle":-22.5,"axis":"z","origin":[34.86709,23.8152,13]},"faces":{"north":{"uv":[10.75,11.5,11.75,12],"texture":"#0"},"east":{"uv":[12,5.5,12.5,6],"texture":"#0"},"south":{"uv":[11.5,0,12.5,0.5],"texture":"#0"},"west":{"uv":[0,12.25,0.5,12.75],"texture":"#0"},"up":{"uv":[12.5,1,11.5,0.5],"texture":"#0"},"down":{"uv":[12.5,1,11.5,1.5],"texture":"#0"}}},{"from":[25.27282,14.7652,7.525],"to":[28.425,15.7652,8.475],"rotation":{"angle":-22.5,"axis":"z","origin":[35.04209,23.7652,12.5]},"faces":{"north":{"uv":[12.5,2,13.25,2.25],"texture":"#0"},"east":{"uv":[10.75,5,11,5.25],"texture":"#0"},"south":{"uv":[12.5,2.25,13.25,2.5],"texture":"#0"},"west":{"uv":[0.75,11,1,11.25],"texture":"#0"},"up":{"uv":[13.25,2.75,12.5,2.5],"texture":"#0"},"down":{"uv":[13.25,2.75,12.5,3],"texture":"#0"}}},{"from":[27.31555,11.1017,7.5],"to":[30.46773,12.1017,8.5],"rotation":{"angle":-45,"axis":"z","origin":[36.08482,20.1017,12.5]},"faces":{"north":{"uv":[7.5,6.25,8.25,6.5],"texture":"#0"},"east":{"uv":[9.5,8.75,9.75,9],"texture":"#0"},"south":{"uv":[11,8.5,11.75,8.75],"texture":"#0"},"west":{"uv":[10.5,2,10.75,2.25],"texture":"#0"},"up":{"uv":[13.25,1.25,12.5,1],"texture":"#0"},"down":{"uv":[13.25,1.25,12.5,1.5],"texture":"#0"}}},{"from":[-4.97836,16.14805,8],"to":[21.02164,31.14805,8],"rotation":{"angle":0,"axis":"y","origin":[19.02164,28.14805,13]},"faces":{"north":{"uv":[0,0,6.5,3.75],"texture":"#0"},"east":{"uv":[0,0,0,3.75],"texture":"#0"},"south":{"uv":[0,3.75,6.5,7.5],"texture":"#0"},"west":{"uv":[0,0,0,3.75],"texture":"#0"},"up":{"uv":[6.5,0,0,0],"texture":"#0"},"down":{"uv":[6.5,0,0,0],"texture":"#0"}}},{"from":[8.28775,23.52862,6],"to":[11.28775,25.52862,10],"rotation":{"angle":-22.5,"axis":"z","origin":[3.28775,32.52862,13]},"faces":{"north":{"uv":[0.75,11.75,0,12.25],"texture":"#0"},"east":{"uv":[11.75,10.25,10.75,10.75],"texture":"#0"},"south":{"uv":[4,11.75,3.25,12.25],"texture":"#0"},"west":{"uv":[11.5,9.25,10.5,9.75],"texture":"#0"},"up":{"uv":[6,10.75,6.75,9.75],"texture":"#0"},"down":{"uv":[6.75,9.75,7.5,10.75],"texture":"#0"}}},{"from":[11.28775,24.52862,8.5],"to":[15.28775,26.52862,10.5],"rotation":{"angle":-45,"axis":"z","origin":[7.28775,33.52862,14.5]},"faces":{"north":{"uv":[12.5,10.75,11.5,11.25],"texture":"#0"},"east":{"uv":[12.25,12.25,11.75,12.75],"texture":"#0"},"south":{"uv":[3.25,11.75,2.25,12.25],"texture":"#0"},"west":{"uv":[6.75,12.25,6.25,12.75],"texture":"#0"},"up":{"uv":[11.75,12.25,12.75,11.75],"texture":"#0"},"down":{"uv":[11.75,1.5,12.75,2],"texture":"#0"}}},{"from":[4.45418,26.27907,9.05],"to":[6.45418,27.27907,9.95],"rotation":{"angle":-22.5,"axis":"z","origin":[0.45418,35.27907,14]},"faces":{"north":{"uv":[13,9.25,12.5,9.5],"texture":"#0"},"east":{"uv":[2.5,12.75,2.25,13],"texture":"#0"},"south":{"uv":[13,9.5,12.5,9.75],"texture":"#0"},"west":{"uv":[2,12.75,1.75,13],"texture":"#0"},"up":{"uv":[12.5,10,13,9.75],"texture":"#0"},"down":{"uv":[12.5,10,13,10.25],"texture":"#0"}}},{"from":[-0.68133,25.51582,9.025],"to":[3.31867,26.51582,9.975],"rotation":{"angle":0,"axis":"y","origin":[-4.68133,33.51582,14]},"faces":{"north":{"uv":[7.5,6.25,6.5,6.5],"texture":"#0"},"east":{"uv":[1.75,12.75,1.5,13],"texture":"#0"},"south":{"uv":[13,6,12,6.25],"texture":"#0"},"west":{"uv":[7,12.25,6.75,12.5],"texture":"#0"},"up":{"uv":[1,12.75,2,12.5],"texture":"#0"},"down":{"uv":[6.75,12.5,7.75,12.75],"texture":"#0"}}},{"from":[6.45418,26.27907,9],"to":[8.45418,28.27907,10],"rotation":{"angle":-22.5,"axis":"z","origin":[0.45418,35.27907,14]},"faces":{"north":{"uv":[12.75,12.25,12.25,12.75],"texture":"#0"},"east":{"uv":[2.5,11.25,2.25,11.75],"texture":"#0"},"south":{"uv":[1,12.5,0.5,13],"texture":"#0"},"west":{"uv":[11,7.75,10.75,8.25],"texture":"#0"},"up":{"uv":[12.5,9,13,8.75],"texture":"#0"},"down":{"uv":[12.5,9,13,9.25],"texture":"#0"}}},{"from":[5.28775,22.52862,6.5],"to":[9.28775,24.52862,9.5],"rotation":{"angle":-22.5,"axis":"z","origin":[0.28775,31.52862,12.5]},"faces":{"north":{"uv":[12,5.75,11,6.25],"texture":"#0"},"east":{"uv":[12.5,8.25,11.75,8.75],"texture":"#0"},"south":{"uv":[10.25,11.5,9.25,12],"texture":"#0"},"west":{"uv":[12.5,7.75,11.75,8.25],"texture":"#0"},"up":{"uv":[7.5,10.5,8.5,9.75],"texture":"#0"},"down":{"uv":[8.5,9.75,9.5,10.5],"texture":"#0"}}},{"from":[0.22836,21.14805,6.025],"to":[5.22836,24.14805,9.975],"rotation":{"angle":0,"axis":"y","origin":[-2.77164,31.14805,13]},"faces":{"north":{"uv":[2.25,9,1,9.75],"texture":"#0"},"east":{"uv":[6,9.75,5,10.5],"texture":"#0"},"south":{"uv":[3.5,9,2.25,9.75],"texture":"#0"},"west":{"uv":[5,9.75,4,10.5],"texture":"#0"},"up":{"uv":[8.25,3.25,9.5,2.25],"texture":"#0"},"down":{"uv":[8.25,3.25,9.5,4.25],"texture":"#0"}}},{"from":[-6.24299,19.46299,7.025],"to":[-3.24299,20.46299,8.975],"rotation":{"angle":0,"axis":"y","origin":[-11.24299,29.46299,13]},"faces":{"north":{"uv":[13.25,3,12.5,3.25],"texture":"#0"},"east":{"uv":[10.75,11.75,10.25,12],"texture":"#0"},"south":{"uv":[13.25,3.25,12.5,3.5],"texture":"#0"},"west":{"uv":[6,10.5,5.5,10.75],"texture":"#0"},"up":{"uv":[11.75,9.25,12.5,8.75],"texture":"#0"},"down":{"uv":[11.75,10.25,12.5,10.75],"texture":"#0"}}},{"from":[-6.84146,17.55374,6.5],"to":[-1.84146,20.55374,9.5],"rotation":{"angle":22.5,"axis":"z","origin":[-9.84146,27.55374,13.5]},"faces":{"north":{"uv":[4.75,9,3.5,9.75],"texture":"#0"},"east":{"uv":[11.5,10.75,10.75,11.5],"texture":"#0"},"south":{"uv":[6,9,4.75,9.75],"texture":"#0"},"west":{"uv":[10.25,10.75,9.5,11.5],"texture":"#0"},"up":{"uv":[7.25,9.75,8.5,9],"texture":"#0"},"down":{"uv":[8.5,9,9.75,9.75],"texture":"#0"}}},{"from":[-10.25,14.8152,7],"to":[-6.09782,16.8152,9],"rotation":{"angle":22.5,"axis":"z","origin":[-18.86709,23.8152,13]},"faces":{"north":{"uv":[11.75,11.5,10.75,12],"texture":"#0"},"east":{"uv":[0.5,12.25,0,12.75],"texture":"#0"},"south":{"uv":[12.5,0,11.5,0.5],"texture":"#0"},"west":{"uv":[12.5,5.5,12,6],"texture":"#0"},"up":{"uv":[11.5,1,12.5,0.5],"texture":"#0"},"down":{"uv":[11.5,1,12.5,1.5],"texture":"#0"}}},{"from":[-12.425,14.7652,7.525],"to":[-9.27282,15.7652,8.475],"rotation":{"angle":22.5,"axis":"z","origin":[-19.04209,23.7652,12.5]},"faces":{"north":{"uv":[13.25,2,12.5,2.25],"texture":"#0"},"east":{"uv":[1,11,0.75,11.25],"texture":"#0"},"south":{"uv":[13.25,2.25,12.5,2.5],"texture":"#0"},"west":{"uv":[11,5,10.75,5.25],"texture":"#0"},"up":{"uv":[12.5,2.75,13.25,2.5],"texture":"#0"},"down":{"uv":[12.5,2.75,13.25,3],"texture":"#0"}}},{"from":[-14.46773,11.1017,7.5],"to":[-11.31555,12.1017,8.5],"rotation":{"angle":45,"axis":"z","origin":[-20.08482,20.1017,12.5]},"faces":{"north":{"uv":[8.25,6.25,7.5,6.5],"texture":"#0"},"east":{"uv":[10.75,2,10.5,2.25],"texture":"#0"},"south":{"uv":[11.75,8.5,11,8.75],"texture":"#0"},"west":{"uv":[9.75,8.75,9.5,9],"texture":"#0"},"up":{"uv":[12.5,1.25,13.25,1],"texture":"#0"},"down":{"uv":[12.5,1.25,13.25,1.5],"texture":"#0"}}}],"gui_light":"front","display":{"thirdperson_righthand":{"rotation":[0,90,0],"translation":[0,5,2],"scale":[0.8,0.8,0.8]},"thirdperson_lefthand":{"rotation":[0,90,0],"translation":[0,5,2],"scale":[0.8,0.8,0.8]},"firstperson_righthand":{"rotation":[0,101,0],"translation":[0,2.75,0],"scale":[0.5,0.5,0.5]},"firstperson_lefthand":{"rotation":[0,101,0],"translation":[0,2.75,0],"scale":[0.5,0.5,0.5]},"ground":{"rotation":[0,0,-45],"scale":[0.25,0.25,0.25]},"gui":{"rotation":[0,162,-45],"translation":[2,-1.75,0],"scale":[0.5,0.5,0.5]},"head":{"translation":[0,0.5,0]},"fixed":{"rotation":[0,0,-45],"translation":[-1.75,-1.5,-1.25],"scale":[0.5,0.5,0.5]}},"groups":[0,1,2,3,4,5,6,7,8,9,10,{"name":"group","origin":[37.61709,6.8152,12.5],"children":[11,{"name":"group","origin":[15.54582,35.27907,12.5],"children":[12,13,14,15]},16,17,18,19,20,21,22]},23,{"name":"group","origin":[37.61709,6.8152,12.5],"children":[24,{"name":"group","origin":[15.54582,35.27907,12.5],"children":[25,26,27,28]},29,30,31,32,33,34,35]}]}