{"textures":{"0":"modelengine:custom/npc_hugs","particle":"modelengine:custom/npc_hugs"},"elements":[{"from":[6.15,1.6200008,6.335],"to":[9.48,8.280001,9.665],"faces":{"east":{"uv":[1.875,6.25,1.5,7.0],"tintindex":0,"rotation":0,"texture":"#0"},"south":{"uv":[6.5,3.0,6.125,3.75],"tintindex":0,"rotation":0,"texture":"#0"},"north":{"uv":[1.375,5.875,1.0,6.625],"tintindex":0,"rotation":0,"texture":"#0"},"west":{"uv":[2.5,6.0,2.125,6.75],"tintindex":0,"rotation":0,"texture":"#0"},"up":{"uv":[4.5,3.75,4.875,3.375],"tintindex":0,"rotation":0,"texture":"#0"},"down":{"uv":[6.5,2.5,6.875,2.875],"tintindex":0,"rotation":0,"texture":"#0"}}},{"from":[6.15,1.6200008,5.225],"to":[9.48,2.7299995,6.335],"faces":{"east":{"uv":[7.75,5.5,7.625,5.625],"tintindex":0,"rotation":0,"texture":"#0"},"south":{"uv":[7.875,7.375,7.5,7.5],"tintindex":0,"rotation":0,"texture":"#0"},"north":{"uv":[5.125,7.5,4.75,7.625],"tintindex":0,"rotation":0,"texture":"#0"},"west":{"uv":[7.75,5.25,7.625,5.375],"tintindex":0,"rotation":0,"texture":"#0"},"up":{"uv":[7.625,0.875,8.0,0.75],"tintindex":0,"rotation":0,"texture":"#0"},"down":{"uv":[7.625,1.0,8.0,1.125],"tintindex":0,"rotation":0,"texture":"#0"}}}],"display":{"gui":{"rotation":[30,225,0]}}}