{"credit":"Copyright ManaLabs Inc","texture_size":[64,64],"textures":{"0":"manalabs:crates/winter24/winter_bow","particle":"manalabs:crates/winter24/winter_bow"},"elements":[{"from":[5,9,7],"to":[11,11,9],"rotation":{"angle":45,"axis":"x","origin":[9,10,8]},"faces":{"north":{"uv":[8.5,3,10,3.5],"texture":"#0"},"east":{"uv":[7.25,9.75,7.75,10.25],"texture":"#0"},"south":{"uv":[8.5,3.5,10,3],"texture":"#0"},"west":{"uv":[10,1,10.5,1.5],"texture":"#0"},"up":{"uv":[8,8.75,6.5,9.25],"texture":"#0"},"down":{"uv":[8,8.75,6.5,9.25],"texture":"#0"}}},{"from":[7.5,10,7],"to":[8.5,12,9],"rotation":{"angle":45,"axis":"x","origin":[8,11,8]},"faces":{"north":{"uv":[8.75,15.125,9,15.625],"texture":"#0"},"east":{"uv":[9.5,14.875,10,14.375],"texture":"#0"},"south":{"uv":[9.25,14.375,9.5,14.875],"texture":"#0"},"west":{"uv":[8.75,14.375,9.25,14.875],"texture":"#0"},"up":{"uv":[9.75,14.875,9.25,15.125],"rotation":270,"texture":"#0"},"down":{"uv":[9.25,14.875,8.75,15.125],"rotation":90,"texture":"#0"}}},{"from":[7.5,11,7.5],"to":[8.5,26,8.5],"rotation":{"angle":45,"axis":"y","origin":[8,12,8]},"faces":{"north":{"uv":[11.125,12.125,10.875,15.875],"texture":"#0"},"east":{"uv":[10.875,12.125,11.125,15.875],"texture":"#0"},"south":{"uv":[11.125,12.125,10.875,15.875],"texture":"#0"},"west":{"uv":[10.875,12.125,11.125,15.875],"texture":"#0"},"up":{"uv":[11.375,14.5,11.125,14.75],"texture":"#0"},"down":{"uv":[11.375,14.75,11.125,15],"texture":"#0"}}},{"from":[20.51,13.26,7.01],"to":[29.49,15.24,8.99],"rotation":{"angle":45,"axis":"z","origin":[21.5,13.75,8]},"faces":{"north":{"uv":[3,8,5.25,8.5],"texture":"#0"},"east":{"uv":[10,3,10.5,3.5],"texture":"#0"},"south":{"uv":[5.25,8,3,8.5],"texture":"#0"},"west":{"uv":[3.25,10,3.75,10.5],"texture":"#0"},"up":{"uv":[10.5,6.75,8.25,6.25],"texture":"#0"},"down":{"uv":[10.5,6.75,8.25,7.25],"texture":"#0"}}},{"from":[20,12.25,7.5],"to":[27,16.25,7.5],"rotation":{"angle":0,"axis":"y","origin":[21,10.75,8.5]},"faces":{"north":{"uv":[0,6.5,1.75,7.5],"texture":"#0"},"east":{"uv":[7.75,9.75,8,10.75],"texture":"#0"},"south":{"uv":[1.75,6.5,0,7.5],"texture":"#0"},"west":{"uv":[3,10,3.25,11],"texture":"#0"},"up":{"uv":[10.25,3.75,8.5,3.5],"texture":"#0"},"down":{"uv":[7.25,9.25,5.5,9.5],"texture":"#0"}}},{"from":[10.5,10,7],"to":[21.5,12,9],"rotation":{"angle":22.5,"axis":"z","origin":[14.5,10.5,8]},"faces":{"north":{"uv":[7.25,3.75,10,4.25],"texture":"#0"},"east":{"uv":[10,1.5,10.5,2],"texture":"#0"},"south":{"uv":[10,3.75,7.25,4.25],"texture":"#0"},"west":{"uv":[2.5,10,3,10.5],"texture":"#0"},"up":{"uv":[10,5.25,7.25,4.75],"texture":"#0"},"down":{"uv":[10,5.25,7.25,5.75],"texture":"#0"}}},{"from":[19.2,9.7,6.7],"to":[21.8,12.3,9.3],"rotation":{"angle":22.5,"axis":"z","origin":[14.5,10.5,8]},"faces":{"north":{"uv":[15.5,5.125,16,5.625],"texture":"#0"},"east":{"uv":[15.5,3.625,16,4.125],"texture":"#0"},"south":{"uv":[16,4.625,15.5,5.125],"texture":"#0"},"west":{"uv":[15.5,4.125,16,4.625],"texture":"#0"},"up":{"uv":[16,6.125,15.5,5.625],"texture":"#0"},"down":{"uv":[16,3.125,15.5,3.625],"texture":"#0"}}},{"from":[-5.8,9.7,6.7],"to":[-3.2,12.3,9.3],"rotation":{"angle":-22.5,"axis":"z","origin":[1.5,10.5,8]},"faces":{"north":{"uv":[16,5.125,15.5,5.625],"texture":"#0"},"east":{"uv":[16,4.125,15.5,4.625],"texture":"#0"},"south":{"uv":[15.5,4.625,16,5.125],"texture":"#0"},"west":{"uv":[16,3.625,15.5,4.125],"texture":"#0"},"up":{"uv":[15.5,6.125,16,5.625],"texture":"#0"},"down":{"uv":[15.5,3.125,16,3.625],"texture":"#0"}}},{"from":[15.5,12,7.5],"to":[21.5,15,7.5],"rotation":{"angle":22.5,"axis":"z","origin":[14.5,10.5,8.5]},"faces":{"north":{"uv":[0,8,1.5,8.75],"texture":"#0"},"east":{"uv":[10.5,7.5,10.75,8.25],"texture":"#0"},"south":{"uv":[1.5,8,0,8.75],"texture":"#0"},"west":{"uv":[9.25,10.5,9.5,11.25],"texture":"#0"},"up":{"uv":[7,7.75,5.5,7.5],"texture":"#0"},"down":{"uv":[11,2.5,9.5,2.75],"texture":"#0"}}},{"from":[20,12.25,8.5],"to":[27,16.25,8.5],"rotation":{"angle":0,"axis":"y","origin":[21,10.75,7.5]},"faces":{"north":{"uv":[0,6.5,1.75,7.5],"texture":"#0"},"east":{"uv":[8,9.75,7.75,10.75],"texture":"#0"},"south":{"uv":[1.75,6.5,0,7.5],"texture":"#0"},"west":{"uv":[3.25,10,3,11],"texture":"#0"},"up":{"uv":[10.25,3.5,8.5,3.75],"texture":"#0"},"down":{"uv":[7.25,9.5,5.5,9.25],"texture":"#0"}}},{"from":[15.5,12,8.5],"to":[21.5,15,8.5],"rotation":{"angle":22.5,"axis":"z","origin":[14.5,10.5,7.5]},"faces":{"north":{"uv":[0,8,1.5,8.75],"texture":"#0"},"east":{"uv":[10.75,7.5,10.5,8.25],"texture":"#0"},"south":{"uv":[1.5,8,0,8.75],"texture":"#0"},"west":{"uv":[9.5,10.5,9.25,11.25],"texture":"#0"},"up":{"uv":[7,7.5,5.5,7.75],"texture":"#0"},"down":{"uv":[11,2.75,9.5,2.5],"texture":"#0"}}},{"from":[12.01,10.01,7.01],"to":[14.99,11.99,8.99],"rotation":{"angle":45,"axis":"z","origin":[13,10.5,8]},"faces":{"north":{"uv":[7.25,9.25,8,9.75],"texture":"#0"},"east":{"uv":[2,10.5,2.5,11],"texture":"#0"},"south":{"uv":[7.25,9.25,8,9.75],"texture":"#0"},"west":{"uv":[2.5,10.5,3,11],"texture":"#0"},"up":{"uv":[4.5,10,3.75,9.5],"texture":"#0"},"down":{"uv":[6.25,9.5,5.5,10],"texture":"#0"}}},{"from":[21.52,15.77,7.02],"to":[23.48,20.73,8.98],"rotation":{"angle":0,"axis":"y","origin":[23,16.75,8]},"faces":{"north":{"uv":[2.5,8.75,3,10],"texture":"#0"},"east":{"uv":[8,8.75,8.5,10],"texture":"#0"},"south":{"uv":[3,8.75,2.5,10],"texture":"#0"},"west":{"uv":[9,8.75,9.5,10],"texture":"#0"},"up":{"uv":[10.5,6.25,10,5.75],"texture":"#0"},"down":{"uv":[6.5,10,6,10.5],"texture":"#0"}}},{"from":[21.5,19.75,7],"to":[23.5,21.75,9],"rotation":{"angle":45,"axis":"z","origin":[22.5,20.75,8]},"faces":{"north":{"uv":[6.5,10,7,10.5],"texture":"#0"},"east":{"uv":[8,10,8.5,10.5],"texture":"#0"},"south":{"uv":[8.5,10,9,10.5],"texture":"#0"},"west":{"uv":[9,10,9.5,10.5],"texture":"#0"},"up":{"uv":[10,10.5,9.5,10],"texture":"#0"},"down":{"uv":[10.5,10,10,10.5],"texture":"#0"}}},{"from":[25.8033,18.76041,7],"to":[27.8033,20.76041,9],"rotation":{"angle":0,"axis":"y","origin":[26.8033,19.76041,8]},"faces":{"north":{"uv":[3.75,10,4.25,10.5],"texture":"#0"},"east":{"uv":[10,3.75,10.5,4.25],"texture":"#0"},"south":{"uv":[10,4.25,10.5,4.75],"texture":"#0"},"west":{"uv":[10,4.75,10.5,5.25],"texture":"#0"},"up":{"uv":[10.5,5.75,10,5.25],"texture":"#0"},"down":{"uv":[6,10,5.5,10.5],"texture":"#0"}}},{"from":[10.63164,6.58135,7.5],"to":[15.63164,11.58135,7.5],"rotation":{"angle":-45,"axis":"z","origin":[12.13164,8.58135,7.5]},"faces":{"north":{"uv":[7,6.5,8.25,7.75],"texture":"#0"},"east":{"uv":[4.5,9.5,4.75,10.75],"texture":"#0"},"south":{"uv":[8.25,6.5,7,7.75],"texture":"#0"},"west":{"uv":[4.75,9.5,5,10.75],"texture":"#0"},"up":{"uv":[11,8.75,9.75,8.5],"texture":"#0"},"down":{"uv":[10.75,9.75,9.5,10],"texture":"#0"}}},{"from":[10.63164,6.58135,8.5],"to":[15.63164,11.58135,8.5],"rotation":{"angle":-45,"axis":"z","origin":[12.13164,8.58135,8.5]},"faces":{"north":{"uv":[7,6.5,8.25,7.75],"texture":"#0"},"east":{"uv":[4.75,9.5,4.5,10.75],"texture":"#0"},"south":{"uv":[8.25,6.5,7,7.75],"texture":"#0"},"west":{"uv":[5,9.5,4.75,10.75],"texture":"#0"},"up":{"uv":[11,8.5,9.75,8.75],"texture":"#0"},"down":{"uv":[10.75,10,9.5,9.75],"texture":"#0"}}},{"from":[-13.49,13.26,7.01],"to":[-4.51,15.24,8.99],"rotation":{"angle":-45,"axis":"z","origin":[-5.5,13.75,8]},"faces":{"north":{"uv":[5.25,8,3,8.5],"texture":"#0"},"east":{"uv":[3.75,10,3.25,10.5],"texture":"#0"},"south":{"uv":[3,8,5.25,8.5],"texture":"#0"},"west":{"uv":[10.5,3,10,3.5],"texture":"#0"},"up":{"uv":[8.25,6.75,10.5,6.25],"texture":"#0"},"down":{"uv":[8.25,6.75,10.5,7.25],"texture":"#0"}}},{"from":[-11,12.25,7.5],"to":[-4,16.25,7.5],"rotation":{"angle":0,"axis":"y","origin":[-5,10.75,8.5]},"faces":{"north":{"uv":[1.75,6.5,0,7.5],"texture":"#0"},"east":{"uv":[3.25,10,3,11],"texture":"#0"},"south":{"uv":[0,6.5,1.75,7.5],"texture":"#0"},"west":{"uv":[8,9.75,7.75,10.75],"texture":"#0"},"up":{"uv":[8.5,3.75,10.25,3.5],"texture":"#0"},"down":{"uv":[5.5,9.25,7.25,9.5],"texture":"#0"}}},{"from":[-5.5,10,7],"to":[5.5,12,9],"rotation":{"angle":-22.5,"axis":"z","origin":[1.5,10.5,8]},"faces":{"north":{"uv":[10,3.75,7.25,4.25],"texture":"#0"},"east":{"uv":[3,10,2.5,10.5],"texture":"#0"},"south":{"uv":[7.25,3.75,10,4.25],"texture":"#0"},"west":{"uv":[10.5,1.5,10,2],"texture":"#0"},"up":{"uv":[7.25,5.25,10,4.75],"texture":"#0"},"down":{"uv":[7.25,5.25,10,5.75],"texture":"#0"}}},{"from":[-5.5,12,7.5],"to":[0.5,15,7.5],"rotation":{"angle":-22.5,"axis":"z","origin":[1.5,10.5,8.5]},"faces":{"north":{"uv":[1.5,8,0,8.75],"texture":"#0"},"east":{"uv":[9.5,10.5,9.25,11.25],"texture":"#0"},"south":{"uv":[0,8,1.5,8.75],"texture":"#0"},"west":{"uv":[10.75,7.5,10.5,8.25],"texture":"#0"},"up":{"uv":[5.5,7.75,7,7.5],"texture":"#0"},"down":{"uv":[9.5,2.5,11,2.75],"texture":"#0"}}},{"from":[-11,12.25,8.5],"to":[-4,16.25,8.5],"rotation":{"angle":0,"axis":"y","origin":[-5,10.75,7.5]},"faces":{"north":{"uv":[1.75,6.5,0,7.5],"texture":"#0"},"east":{"uv":[3,10,3.25,11],"texture":"#0"},"south":{"uv":[0,6.5,1.75,7.5],"texture":"#0"},"west":{"uv":[7.75,9.75,8,10.75],"texture":"#0"},"up":{"uv":[8.5,3.5,10.25,3.75],"texture":"#0"},"down":{"uv":[5.5,9.5,7.25,9.25],"texture":"#0"}}},{"from":[-5.5,12,8.5],"to":[0.5,15,8.5],"rotation":{"angle":-22.5,"axis":"z","origin":[1.5,10.5,7.5]},"faces":{"north":{"uv":[1.5,8,0,8.75],"texture":"#0"},"east":{"uv":[9.25,10.5,9.5,11.25],"texture":"#0"},"south":{"uv":[0,8,1.5,8.75],"texture":"#0"},"west":{"uv":[10.5,7.5,10.75,8.25],"texture":"#0"},"up":{"uv":[5.5,7.5,7,7.75],"texture":"#0"},"down":{"uv":[9.5,2.75,11,2.5],"texture":"#0"}}},{"from":[1.01,10.01,7.01],"to":[3.99,11.99,8.99],"rotation":{"angle":-45,"axis":"z","origin":[3,10.5,8]},"faces":{"north":{"uv":[8,9.25,7.25,9.75],"texture":"#0"},"east":{"uv":[3,10.5,2.5,11],"texture":"#0"},"south":{"uv":[8,9.25,7.25,9.75],"texture":"#0"},"west":{"uv":[2.5,10.5,2,11],"texture":"#0"},"up":{"uv":[3.75,10,4.5,9.5],"texture":"#0"},"down":{"uv":[5.5,9.5,6.25,10],"texture":"#0"}}},{"from":[-7.48,15.77,7.02],"to":[-5.52,20.73,8.98],"rotation":{"angle":0,"axis":"y","origin":[-7,16.75,8]},"faces":{"north":{"uv":[3,8.75,2.5,10],"texture":"#0"},"east":{"uv":[9.5,8.75,9,10],"texture":"#0"},"south":{"uv":[2.5,8.75,3,10],"texture":"#0"},"west":{"uv":[8.5,8.75,8,10],"texture":"#0"},"up":{"uv":[10,6.25,10.5,5.75],"texture":"#0"},"down":{"uv":[6,10,6.5,10.5],"texture":"#0"}}},{"from":[-7.5,19.75,7],"to":[-5.5,21.75,9],"rotation":{"angle":-45,"axis":"z","origin":[-6.5,20.75,8]},"faces":{"north":{"uv":[7,10,6.5,10.5],"texture":"#0"},"east":{"uv":[9.5,10,9,10.5],"texture":"#0"},"south":{"uv":[9,10,8.5,10.5],"texture":"#0"},"west":{"uv":[8.5,10,8,10.5],"texture":"#0"},"up":{"uv":[9.5,10.5,10,10],"texture":"#0"},"down":{"uv":[10,10,10.5,10.5],"texture":"#0"}}},{"from":[-11.8033,18.76041,7],"to":[-9.8033,20.76041,9],"rotation":{"angle":0,"axis":"y","origin":[-10.8033,19.76041,8]},"faces":{"north":{"uv":[4.25,10,3.75,10.5],"texture":"#0"},"east":{"uv":[10.5,4.75,10,5.25],"texture":"#0"},"south":{"uv":[10.5,4.25,10,4.75],"texture":"#0"},"west":{"uv":[10.5,3.75,10,4.25],"texture":"#0"},"up":{"uv":[10,5.75,10.5,5.25],"texture":"#0"},"down":{"uv":[5.5,10,6,10.5],"texture":"#0"}}},{"from":[0.36836,6.58135,7.5],"to":[5.36836,11.58135,7.5],"rotation":{"angle":45,"axis":"z","origin":[3.86836,8.58135,7.5]},"faces":{"north":{"uv":[8.25,6.5,7,7.75],"texture":"#0"},"east":{"uv":[5,9.5,4.75,10.75],"texture":"#0"},"south":{"uv":[7,6.5,8.25,7.75],"texture":"#0"},"west":{"uv":[4.75,9.5,4.5,10.75],"texture":"#0"},"up":{"uv":[9.75,8.75,11,8.5],"texture":"#0"},"down":{"uv":[9.5,9.75,10.75,10],"texture":"#0"}}},{"from":[0.36836,6.58135,8.5],"to":[5.36836,11.58135,8.5],"rotation":{"angle":45,"axis":"z","origin":[3.86836,8.58135,8.5]},"faces":{"north":{"uv":[8.25,6.5,7,7.75],"texture":"#0"},"east":{"uv":[4.75,9.5,5,10.75],"texture":"#0"},"south":{"uv":[7,6.5,8.25,7.75],"texture":"#0"},"west":{"uv":[4.5,9.5,4.75,10.75],"texture":"#0"},"up":{"uv":[9.75,8.5,11,8.75],"texture":"#0"},"down":{"uv":[9.5,10,10.75,9.75],"texture":"#0"}}},{"from":[-6.49,16.76,8.01],"to":[22.49,29.74,7.99],"rotation":{"angle":0,"axis":"y","origin":[22,16.75,8]},"faces":{"north":{"uv":[0,12.625,7.25,15.875],"texture":"#0"},"east":{"uv":[0,0,0,3.25],"texture":"#0"},"south":{"uv":[0,12.625,7.25,15.875],"texture":"#0"},"west":{"uv":[0,0,0,3.25],"texture":"#0"},"up":{"uv":[7.25,0,0,0],"texture":"#0"},"down":{"uv":[7.25,0,0,0],"texture":"#0"}}},{"from":[10.5,8,6],"to":[11.5,12,10],"rotation":{"angle":45,"axis":"x","origin":[8.5,10,8]},"faces":{"north":{"uv":[6.5,10.5,6.75,11.5],"texture":"#0"},"east":{"uv":[8.5,2,9.5,3],"texture":"#0"},"south":{"uv":[10.5,6.5,10.75,7.5],"texture":"#0"},"west":{"uv":[3,8.5,4,9.5],"texture":"#0"},"up":{"uv":[6.75,10.5,6.5,11.5],"texture":"#0"},"down":{"uv":[8.25,10.5,8,11.5],"texture":"#0"}}},{"from":[4.5,8,6],"to":[5.5,12,10],"rotation":{"angle":45,"axis":"x","origin":[7.5,10,8]},"faces":{"north":{"uv":[6.75,10.5,6.5,11.5],"texture":"#0"},"east":{"uv":[4,8.5,3,9.5],"texture":"#0"},"south":{"uv":[10.75,6.5,10.5,7.5],"texture":"#0"},"west":{"uv":[9.5,2,8.5,3],"texture":"#0"},"up":{"uv":[6.5,10.5,6.75,11.5],"texture":"#0"},"down":{"uv":[8,10.5,8.25,11.5],"texture":"#0"}}}],"display":{"thirdperson_righthand":{"rotation":[90,90,0],"translation":[0,-2,-1.5],"scale":[0.8,0.8,0.8]},"thirdperson_lefthand":{"rotation":[90,90,0],"translation":[0,-2,-1.5],"scale":[0.8,0.8,0.8]},"firstperson_righthand":{"rotation":[108,-90,-1],"translation":[2.25,3.75,-4.5],"scale":[0.6,0.6,0.6]},"firstperson_lefthand":{"rotation":[108,-90,-1],"translation":[2.25,3.75,-4.5],"scale":[0.6,0.6,0.6]},"ground":{"rotation":[0,0,122],"translation":[0,14.25,0],"scale":[0.6,0.6,0.6]},"gui":{"rotation":[22,-21,131],"translation":[3.25,2.5,0],"scale":[0.45,0.45,0.45]},"fixed":{"rotation":[0,0,-135],"translation":[-4.25,4.25,0],"scale":[0.6,0.6,0.6]}},"groups":[{"name":"root","origin":[7.5,10,8],"color":0,"children":[0,1,2,{"name":"group","origin":[12.13164,8.58135,7.5],"color":0,"children":[3,4,5,6,7,8,9,10,11,12,13,14,15,16]},{"name":"group","origin":[12.13164,8.58135,7.5],"color":0,"children":[17,18,19,20,21,22,23,24,25,26,27,28]},29,30,31]}]}