{"file_name":"sign7","texture_size":[256,256],"textures":{"layer0":"manamodels/sign_crates_right"},"elements":[{"name":"sign7_0","from":[-8.8,3.199997,8.0],"to":[8.0,32.0,8.045],"rotation":{"angle":0.0,"axis":"z","origin":[8.0,3.199997,8.0]},"faces":{"east":{"uv":[0.0,6.125,0.0,9.125],"texture":"#layer0","tintindex":0},"south":{"uv":[12.375,0.0,10.625,3.0],"texture":"#layer0","tintindex":0},"north":{"uv":[10.625,0.0,12.375,3.0],"texture":"#layer0","tintindex":0},"west":{"uv":[0.0625,6.125,0.0625,9.125],"texture":"#layer0","tintindex":0},"up":{"uv":[14.125,6.125,0.125,6.125],"texture":"#layer0","tintindex":0},"down":{"uv":[0.125,6.1875,14.125,6.1875],"texture":"#layer0","tintindex":0}}}],"display":{"head":{"translation":[0.0,11.8856125,0.0],"rotation":[0.0,0.0,0.0],"scale":[3.8095,3.8095,3.8095]},"gui":{"translation":[0.0,0.0,0.0],"rotation":[35.0,225.0,0.0],"scale":[0.625,0.625,0.625]}}}