{"display":{"thirdperson_righthand":{"translation":[0,10.5,1.5],"scale":[0.75,0.75,0.75]},"thirdperson_lefthand":{"translation":[0,10.5,1.5],"scale":[0.75,0.75,0.75]},"firstperson_righthand":{"translation":[0,4,0],"scale":[0.5,0.5,0.5]},"firstperson_lefthand":{"translation":[0,4,0],"scale":[0.5,0.5,0.5]},"ground":{"rotation":[-47,-32,0],"scale":[0.3,0.3,0.3]},"gui":{"rotation":[-70,-40,-76],"translation":[1.25,1,-0.5],"scale":[0.5,0.5,0.5]},"head":{"rotation":[-59,0,0],"translation":[0,4.5,-9]},"fixed":{"rotation":[70,-44,76],"translation":[0,0,-0.5],"scale":[0.5,0.5,0.5]}},"texture_size":[128,128],"textures":{"0":"crates/legendary/legendary_sword_anim","particle":"crates/legendary/legendary_sword_anim"},"elements":[{"from":[7.5,-12,7],"to":[8.5,5,8],"faces":{"north":{"uv":[3.5,2.75,3.625,4.875],"texture":"#0"},"east":{"uv":[3.75,2.75,3.875,4.875],"texture":"#0"},"south":{"uv":[4,0,4.125,2.125],"texture":"#0"},"west":{"uv":[4,2.25,4.125,4.375],"texture":"#0"},"up":{"uv":[0.875,5.375,0.75,5.25],"texture":"#0"},"down":{"uv":[3.25,5.25,3.125,5.375],"texture":"#0"}}},{"from":[7.5,18,6.5],"to":[8.5,25,8.5],"faces":{"north":{"uv":[3.125,4.25,3.25,5.125],"texture":"#0"},"east":{"uv":[0.375,4.25,0.625,5.125],"texture":"#0"},"south":{"uv":[4.25,3.625,4.375,4.5],"texture":"#0"},"west":{"uv":[0.75,4.25,1,5.125],"texture":"#0"},"up":{"uv":[5.25,2.75,5.125,2.5],"texture":"#0"},"down":{"uv":[5.25,2.875,5.125,3.125],"texture":"#0"}}},{"from":[7.5,5,6.5],"to":[8.5,8,8.5],"faces":{"north":{"uv":[5.125,1.5,5.25,1.875],"texture":"#0"},"east":{"uv":[4.5,1.125,4.75,1.5],"texture":"#0"},"south":{"uv":[5.125,2,5.25,2.375],"texture":"#0"},"west":{"uv":[4.5,1.625,4.75,2],"texture":"#0"},"up":{"uv":[4.375,5.375,4.25,5.125],"texture":"#0"},"down":{"uv":[5.375,0.5,5.25,0.75],"texture":"#0"}}},{"from":[7.5,8,5.75],"to":[8.5,18,8.75],"faces":{"north":{"uv":[1.125,4.25,1.25,5.5],"texture":"#0"},"east":{"uv":[3.5,0,3.875,1.25],"texture":"#0"},"south":{"uv":[4.25,1.125,4.375,2.375],"texture":"#0"},"west":{"uv":[3.5,1.375,3.875,2.625],"texture":"#0"},"up":{"uv":[5.125,5.25,5,4.875],"texture":"#0"},"down":{"uv":[5.25,1,5.125,1.375],"texture":"#0"}}},{"from":[7.5,25,7.5],"to":[8.5,28,8.5],"rotation":{"angle":0,"axis":"y","origin":[0,3,0]},"faces":{"north":{"uv":[2.125,4.875,2.25,5.25],"texture":"#0"},"east":{"uv":[2.375,4.875,2.5,5.25],"texture":"#0"},"south":{"uv":[2.625,4.875,2.75,5.25],"texture":"#0"},"west":{"uv":[5,0,5.125,0.375],"texture":"#0"},"up":{"uv":[5.5,1.5,5.375,1.375],"texture":"#0"},"down":{"uv":[1.75,5.375,1.625,5.5],"texture":"#0"}}},{"from":[7.525,15.54122,1.83376],"to":[8.475,23.54122,3.83376],"rotation":{"angle":22.5,"axis":"x","origin":[8,12.54122,7.83376]},"faces":{"north":{"uv":[4.25,2.5,4.375,3.5],"texture":"#0"},"east":{"uv":[0,4.25,0.25,5.25],"texture":"#0"},"south":{"uv":[2.875,4.25,3,5.25],"texture":"#0"},"west":{"uv":[4.25,0,4.5,1],"texture":"#0"},"up":{"uv":[5.25,3.5,5.125,3.25],"texture":"#0"},"down":{"uv":[5.25,3.625,5.125,3.875],"texture":"#0"}}},{"from":[7.525,23.54122,1.83376],"to":[8.475,26.54122,2.83376],"rotation":{"angle":22.5,"axis":"x","origin":[8,12.54122,7.83376]},"faces":{"north":{"uv":[5,0.5,5.125,0.875],"texture":"#0"},"east":{"uv":[3.375,5,3.5,5.375],"texture":"#0"},"south":{"uv":[3.625,5,3.75,5.375],"texture":"#0"},"west":{"uv":[5,4.375,5.125,4.75],"texture":"#0"},"up":{"uv":[5.5,1.75,5.375,1.625],"texture":"#0"},"down":{"uv":[2,5.375,1.875,5.5],"texture":"#0"}}},{"from":[7.55,12.54122,3.83376],"to":[8.45,17.54122,4.83376],"rotation":{"angle":0,"axis":"x","origin":[8,12.54122,7.83376]},"faces":{"north":{"uv":[4.5,2.125,4.625,2.75],"texture":"#0"},"east":{"uv":[4.5,2.875,4.625,3.5],"texture":"#0"},"south":{"uv":[4.5,3.625,4.625,4.25],"texture":"#0"},"west":{"uv":[4,4.5,4.125,5.125],"texture":"#0"},"up":{"uv":[4,5.375,3.875,5.25],"texture":"#0"},"down":{"uv":[5.375,4.25,5.25,4.375],"texture":"#0"}}},{"from":[7.525,6.54122,5.65876],"to":[8.475,9.54122,6.65876],"rotation":{"angle":22.5,"axis":"x","origin":[8,9.04122,4.33376]},"faces":{"north":{"uv":[4.25,4.625,4.375,5],"texture":"#0"},"east":{"uv":[4.5,4.75,4.625,5.125],"texture":"#0"},"south":{"uv":[4.75,4.75,4.875,5.125],"texture":"#0"},"west":{"uv":[4.875,1.125,5,1.5],"texture":"#0"},"up":{"uv":[4.625,5.375,4.5,5.25],"texture":"#0"},"down":{"uv":[5.375,4.5,5.25,4.625],"texture":"#0"}}},{"from":[7.525,7.34988,8.9543],"to":[8.475,10.34988,9.9543],"rotation":{"angle":-22.5,"axis":"x","origin":[8,9.84988,11.2043]},"faces":{"north":{"uv":[1.375,4.875,1.5,5.25],"texture":"#0"},"east":{"uv":[1.625,4.875,1.75,5.25],"texture":"#0"},"south":{"uv":[4.875,1.625,5,2],"texture":"#0"},"west":{"uv":[1.875,4.875,2,5.25],"texture":"#0"},"up":{"uv":[4.875,5.375,4.75,5.25],"texture":"#0"},"down":{"uv":[5.375,4.75,5.25,4.875],"texture":"#0"}}},{"from":[7.525,7.59027,7.60812],"to":[8.475,8.59027,8.60812],"rotation":{"angle":-22.5,"axis":"x","origin":[8,9.84027,6.60812]},"faces":{"north":{"uv":[5.25,5,5.375,5.125],"texture":"#0"},"east":{"uv":[5.25,5.25,5.375,5.375],"texture":"#0"},"south":{"uv":[0,5.375,0.125,5.5],"texture":"#0"},"west":{"uv":[5.375,0.875,5.5,1],"texture":"#0"},"up":{"uv":[5.5,1.25,5.375,1.125],"texture":"#0"},"down":{"uv":[1.5,5.375,1.375,5.5],"texture":"#0"}}},{"from":[8,-1,-0.5],"to":[8,32,12.5],"faces":{"north":{"uv":[1,5.25,1,9.375],"texture":"#0"},"east":{"uv":[0,0,1.625,4.125],"texture":"#0"},"south":{"uv":[4.125,5.25,4.125,9.375],"texture":"#0"},"west":{"uv":[1.75,0,3.375,4.125],"texture":"#0"},"up":{"uv":[0.25,7,0.25,5.375],"texture":"#0"},"down":{"uv":[5.375,1.875,5.375,3.5],"texture":"#0"}}},{"from":[7,-16,6.5],"to":[9,-12,8.5],"rotation":{"angle":0,"axis":"y","origin":[0,0,0.25]},"faces":{"north":{"uv":[1.375,4.25,1.625,4.75],"texture":"#0"},"east":{"uv":[1.75,4.25,2,4.75],"texture":"#0"},"south":{"uv":[2.125,4.25,2.375,4.75],"texture":"#0"},"west":{"uv":[2.5,4.25,2.75,4.75],"texture":"#0"},"up":{"uv":[4.75,4.625,4.5,4.375],"texture":"#0"},"down":{"uv":[4.875,0,4.625,0.25],"texture":"#0"}}},{"from":[7,2,6.5],"to":[9,4,8.5],"rotation":{"angle":0,"axis":"y","origin":[0,3,0]},"faces":{"north":{"uv":[4.625,0.375,4.875,0.625],"texture":"#0"},"east":{"uv":[4.625,0.75,4.875,1],"texture":"#0"},"south":{"uv":[4.75,2.125,5,2.375],"texture":"#0"},"west":{"uv":[4.75,2.5,5,2.75],"texture":"#0"},"up":{"uv":[5,3.125,4.75,2.875],"texture":"#0"},"down":{"uv":[5,3.25,4.75,3.5],"texture":"#0"}}},{"from":[7,0,6.5],"to":[9,1,8.5],"rotation":{"angle":0,"axis":"y","origin":[0,4,0]},"faces":{"north":{"uv":[5.125,4,5.375,4.125],"texture":"#0"},"east":{"uv":[5.25,0,5.5,0.125],"texture":"#0"},"south":{"uv":[5.25,0.25,5.5,0.375],"texture":"#0"},"west":{"uv":[0.375,5.25,0.625,5.375],"texture":"#0"},"up":{"uv":[5,3.875,4.75,3.625],"texture":"#0"},"down":{"uv":[5,4,4.75,4.25],"texture":"#0"}}}],"gui_light":"front"}