{"file_name":"arm3","texture_size":[128,128],"textures":{"layer0":"manamodels/npc_postman"},"elements":[{"name":"arm3_0","from":[5.94131,1.1376982,6.627542],"to":[8.0,6.6275425,9.372464],"rotation":{"angle":0.0,"axis":"z","origin":[8.0,8.0,8.0]},"faces":{"east":{"uv":[4.875,4.5,4.375,5.5],"texture":"#layer0","tintindex":0},"south":{"uv":[4.75,5.625,4.375,6.625],"texture":"#layer0","tintindex":0},"north":{"uv":[2.75,5.625,2.375,6.625],"texture":"#layer0","tintindex":0},"west":{"uv":[0.5,4.5,0.0,5.5],"texture":"#layer0","tintindex":0},"up":{"uv":[6.0,8.625,6.375,8.125],"texture":"#layer0","tintindex":0},"down":{"uv":[6.875,8.125,6.5,8.625],"texture":"#layer0","tintindex":0}}},{"name":"arm3_1","from":[5.598194,6.627542,6.301586],"to":[8.343117,9.372464,9.73274],"rotation":{"angle":0.0,"axis":"z","origin":[8.0,8.0,8.0]},"faces":{"east":{"uv":[7.5,4.75,6.875,5.25],"texture":"#layer0","tintindex":0},"south":{"uv":[8.125,4.5,7.625,5.0],"texture":"#layer0","tintindex":0},"north":{"uv":[8.125,2.25,7.625,2.75],"texture":"#layer0","tintindex":0},"west":{"uv":[7.375,4.125,6.75,4.625],"texture":"#layer0","tintindex":0},"up":{"uv":[6.875,6.0,7.375,5.375],"texture":"#layer0","tintindex":0},"down":{"uv":[7.375,6.125,6.875,6.75],"texture":"#layer0","tintindex":0}}},{"name":"arm3_2","from":[5.598194,2.5101557,6.318734],"to":[8.343117,3.8826137,9.749887],"rotation":{"angle":0.0,"axis":"z","origin":[8.0,8.0,8.0]},"faces":{"east":{"uv":[8.875,4.5,8.25,4.75],"texture":"#layer0","tintindex":0},"south":{"uv":[9.125,0.375,8.625,0.625],"texture":"#layer0","tintindex":0},"north":{"uv":[8.75,8.5,8.25,8.75],"texture":"#layer0","tintindex":0},"west":{"uv":[8.875,2.25,8.25,2.5],"texture":"#layer0","tintindex":0},"up":{"uv":[6.875,7.5,7.375,6.875],"texture":"#layer0","tintindex":0},"down":{"uv":[5.875,7.0,5.375,7.625],"texture":"#layer0","tintindex":0}}}],"display":{"head":{"translation":[0.0,-6.4,0.0],"rotation":[0.0,0.0,0.0],"scale":[3.8095,3.8095,3.8095]},"gui":{"translation":[0.0,0.0,0.0],"rotation":[35.0,225.0,0.0],"scale":[0.625,0.625,0.625]}}}