{"file_name":"leg2","texture_size":[128,128],"textures":{"layer0":"manamodels/npc_postman"},"elements":[{"name":"leg2_0","from":[6.9706583,-0.23476648,6.9706516],"to":[9.029348,4.5688453,9.029343],"rotation":{"angle":0.0,"axis":"z","origin":[8.0,8.0,8.0]},"faces":{"east":{"uv":[1.5,6.125,1.875,7.0],"texture":"#layer0","tintindex":0},"south":{"uv":[4.875,6.125,5.25,7.0],"texture":"#layer0","tintindex":0},"north":{"uv":[1.0,6.125,1.375,7.0],"texture":"#layer0","tintindex":0},"west":{"uv":[2.875,6.25,3.25,7.125],"texture":"#layer0","tintindex":0},"up":{"uv":[0.375,8.875,0.0,8.5],"texture":"#layer0","tintindex":0},"down":{"uv":[0.5,8.5,0.875,8.875],"texture":"#layer0","tintindex":0}}},{"name":"leg2_1","from":[6.6275425,3.1963875,6.627542],"to":[9.372465,3.8826194,9.372464],"rotation":{"angle":0.0,"axis":"z","origin":[8.0,8.0,8.0]},"faces":{"east":{"uv":[1.75,8.875,2.25,9.0],"texture":"#layer0","tintindex":0},"south":{"uv":[8.875,3.875,9.375,4.0],"texture":"#layer0","tintindex":0},"north":{"uv":[8.875,1.5,9.375,1.625],"texture":"#layer0","tintindex":0},"west":{"uv":[8.875,4.125,9.375,4.25],"texture":"#layer0","tintindex":0},"up":{"uv":[1.75,8.375,1.25,7.875],"texture":"#layer0","tintindex":0},"down":{"uv":[4.125,8.0,4.625,8.5],"texture":"#layer0","tintindex":0}}},{"name":"leg2_2","from":[6.9706583,-0.23476648,4.911962],"to":[9.029348,1.1376915,6.9706516],"rotation":{"angle":0.0,"axis":"z","origin":[8.0,8.0,8.0]},"faces":{"east":{"uv":[6.0,8.75,6.375,9.0],"texture":"#layer0","tintindex":0},"south":{"uv":[6.5,8.75,6.875,9.0],"texture":"#layer0","tintindex":0},"north":{"uv":[4.625,8.75,5.0,9.0],"texture":"#layer0","tintindex":0},"west":{"uv":[7.25,8.75,7.625,9.0],"texture":"#layer0","tintindex":0},"up":{"uv":[1.375,8.875,1.0,8.5],"texture":"#layer0","tintindex":0},"down":{"uv":[8.5,1.75,8.875,2.125],"texture":"#layer0","tintindex":0}}},{"name":"leg2_3","from":[6.6275425,4.5688453,6.2844257],"to":[9.372465,7.9999995,9.71558],"rotation":{"angle":0.0,"axis":"z","origin":[8.0,8.0,8.0]},"faces":{"east":{"uv":[5.0,5.375,5.625,6.0],"texture":"#layer0","tintindex":0},"south":{"uv":[0.0,7.125,0.5,7.75],"texture":"#layer0","tintindex":0},"north":{"uv":[6.0,7.0,6.5,7.625],"texture":"#layer0","tintindex":0},"west":{"uv":[3.125,5.5,3.75,6.125],"texture":"#layer0","tintindex":0},"up":{"uv":[1.125,7.75,0.625,7.125],"texture":"#layer0","tintindex":0},"down":{"uv":[1.25,7.125,1.75,7.75],"texture":"#layer0","tintindex":0}}}],"display":{"head":{"translation":[0.0,-6.4,0.0],"rotation":[0.0,0.0,0.0],"scale":[3.8095,3.8095,3.8095]},"gui":{"translation":[0.0,0.0,0.0],"rotation":[35.0,225.0,0.0],"scale":[0.625,0.625,0.625]}}}