{"file_name":"sign2","texture_size":[256,256],"textures":{"layer0":"manamodels/sign_kilton"},"elements":[{"name":"sign2_0","from":[-16.0,1.6591988,8.0],"to":[12.318081,25.931839,8.025284],"rotation":{"angle":0.0,"axis":"z","origin":[12.318081,1.6591988,8.0]},"faces":{"east":{"uv":[7.0625,4.75,7.0625,7.75],"texture":"#layer0","tintindex":0},"south":{"uv":[7.0,0.0,3.75,3.0],"texture":"#layer0","tintindex":0},"north":{"uv":[3.75,0.0,7.0,3.0],"texture":"#layer0","tintindex":0},"west":{"uv":[7.0625,1.6875,7.0625,4.6875],"texture":"#layer0","tintindex":0},"up":{"uv":[7.125,1.6875,14.125,1.6875],"texture":"#layer0","tintindex":0},"down":{"uv":[14.125,1.75,7.125,1.75],"texture":"#layer0","tintindex":0}}},{"name":"sign2_1","from":[-16.0,25.931839,8.0],"to":[12.318081,32.0,8.025284],"rotation":{"angle":0.0,"axis":"z","origin":[12.318081,1.6591988,8.0]},"faces":{"east":{"uv":[7.125,3.5,7.125,5.125],"texture":"#layer0","tintindex":0},"south":{"uv":[7.0,7.0,3.6875,7.75],"texture":"#layer0","tintindex":0},"north":{"uv":[3.6875,7.0,7.0,7.75],"texture":"#layer0","tintindex":0},"west":{"uv":[7.125,1.8125,7.125,3.4375],"texture":"#layer0","tintindex":0},"up":{"uv":[7.125,5.1875,14.125,5.1875],"texture":"#layer0","tintindex":0},"down":{"uv":[14.125,5.25,7.125,5.25],"texture":"#layer0","tintindex":0}}}],"display":{"head":{"translation":[-16.44973,17.755283,0.0],"rotation":[0.0,0.0,0.0],"scale":[3.8095,3.8095,3.8095]},"gui":{"translation":[0.0,0.0,0.0],"rotation":[35.0,225.0,0.0],"scale":[0.625,0.625,0.625]}}}