{"display":{"thirdperson_righthand":{"rotation":[0,90,0],"translation":[0,7.75,1.75],"scale":[0.6,0.6,0.6]},"thirdperson_lefthand":{"rotation":[0,90,0],"translation":[0,7.75,1.75],"scale":[0.6,0.6,0.6]},"firstperson_righthand":{"rotation":[0,-65,0],"translation":[2.5,4.25,0],"scale":[0.6,0.6,0.6]},"firstperson_lefthand":{"rotation":[0,-65,0],"translation":[2.5,4.25,0],"scale":[0.6,0.6,0.6]},"ground":{"translation":[0,11.25,0],"scale":[0.6,0.6,0.6]},"gui":{"rotation":[0,0,-45],"translation":[-0.25,0.5,0],"scale":[0.5,0.5,0.5]}},"texture_size":[128,128],"textures":{"0":"crates/newyear20_crate/pickaxe_animation","particle":"crates/newyear20_crate/pickaxe_animation"},"elements":[{"from":[4.4,19.05,6.65],"to":[11.6,20.25,9.35],"rotation":{"angle":0,"axis":"y","origin":[18.8,28.65,17]},"faces":{"north":{"uv":[5.75,3.5,6.625,3.625],"texture":"#0"},"east":{"uv":[5.625,6.25,6,6.375],"texture":"#0"},"south":{"uv":[5.75,3.625,6.625,3.75],"texture":"#0"},"west":{"uv":[6,6.25,6.375,6.375],"texture":"#0"},"up":{"uv":[5.625,1.125,4.75,0.75],"texture":"#0"},"down":{"uv":[5.625,1.125,4.75,1.5],"texture":"#0"}}},{"from":[7.4,20.25,6.65],"to":[8.6,22.25,9.35],"rotation":{"angle":0,"axis":"y","origin":[18.8,29.65,17]},"faces":{"north":{"uv":[0,6.5,0.125,6.75],"texture":"#0"},"east":{"uv":[5.75,4.5,6.125,4.75],"texture":"#0"},"south":{"uv":[0.125,6.5,0.25,6.75],"texture":"#0"},"west":{"uv":[5.75,4.75,6.125,5],"texture":"#0"},"up":{"uv":[4,6.625,3.875,6.25],"texture":"#0"},"down":{"uv":[5.125,6.25,5,6.625],"texture":"#0"}}},{"from":[5.6,16.65,6.675],"to":[10.4,19.05,9.325],"rotation":{"angle":0,"axis":"y","origin":[18.8,27.45,17]},"faces":{"north":{"uv":[5.375,5.125,6,5.375],"texture":"#0"},"east":{"uv":[5.75,5.375,6.125,5.625],"texture":"#0"},"south":{"uv":[5.5,4.25,6.125,4.5],"texture":"#0"},"west":{"uv":[0.75,5.875,1.125,6.125],"texture":"#0"},"up":{"uv":[1.625,5.375,1,5],"texture":"#0"},"down":{"uv":[2.25,5,1.625,5.375],"texture":"#0"}}},{"from":[-0.4,21.45,6.625],"to":[3.8,22.65,9.375],"rotation":{"angle":45,"axis":"z","origin":[10.4,31.05,17]},"faces":{"north":{"uv":[4.75,3.75,5.25,3.875],"texture":"#0"},"east":{"uv":[6.25,0,6.625,0.125],"texture":"#0"},"south":{"uv":[6,1.25,6.5,1.375],"texture":"#0"},"west":{"uv":[6.25,0.125,6.625,0.25],"texture":"#0"},"up":{"uv":[0.5,5.625,0,5.25],"texture":"#0"},"down":{"uv":[1,5.25,0.5,5.625],"texture":"#0"}}},{"from":[11,22.65,6.625],"to":[12.2,26.25,9.375],"rotation":{"angle":-22.5,"axis":"z","origin":[2.6,33.45,17]},"faces":{"north":{"uv":[4.125,5,4.25,5.5],"texture":"#0"},"east":{"uv":[5.25,1.5,5.625,2],"texture":"#0"},"south":{"uv":[4.125,5.5,4.25,6],"texture":"#0"},"west":{"uv":[5.25,2,5.625,2.5],"texture":"#0"},"up":{"uv":[6.375,0.625,6.25,0.25],"texture":"#0"},"down":{"uv":[6.375,5.75,6.25,6.125],"texture":"#0"}}},{"from":[3.8,22.65,6.6],"to":[5,26.25,9.4],"rotation":{"angle":22.5,"axis":"z","origin":[13.4,33.45,17]},"faces":{"north":{"uv":[4,6,4.125,6.5],"texture":"#0"},"east":{"uv":[5.25,2.5,5.625,3],"texture":"#0"},"south":{"uv":[4.125,6,4.25,6.5],"texture":"#0"},"west":{"uv":[5.25,3,5.625,3.5],"texture":"#0"},"up":{"uv":[5.25,6.75,5.125,6.375],"texture":"#0"},"down":{"uv":[5.375,6.375,5.25,6.75],"texture":"#0"}}},{"from":[0.8,18.15,6.65],"to":[2,22.05,9.35],"rotation":{"angle":45,"axis":"z","origin":[10.4,29.25,17]},"faces":{"north":{"uv":[6,1.375,6.125,1.875],"texture":"#0"},"east":{"uv":[5.25,3.75,5.625,4.25],"texture":"#0"},"south":{"uv":[6,1.875,6.125,2.375],"texture":"#0"},"west":{"uv":[1,5.375,1.375,5.875],"texture":"#0"},"up":{"uv":[5.75,6.75,5.625,6.375],"texture":"#0"},"down":{"uv":[5.875,6.375,5.75,6.75],"texture":"#0"}}},{"from":[11,18.15,6.625],"to":[15.8,19.35,9.375],"rotation":{"angle":-22.5,"axis":"z","origin":[5,27.75,17]},"faces":{"north":{"uv":[5.75,5,6.375,5.125],"texture":"#0"},"east":{"uv":[6.25,0.625,6.625,0.75],"texture":"#0"},"south":{"uv":[5.75,5.625,6.375,5.75],"texture":"#0"},"west":{"uv":[6.25,6.125,6.625,6.25],"texture":"#0"},"up":{"uv":[2.875,5.375,2.25,5],"texture":"#0"},"down":{"uv":[3.5,5,2.875,5.375],"texture":"#0"}}},{"from":[0.2,18.15,6.6],"to":[5,19.35,9.4],"rotation":{"angle":22.5,"axis":"z","origin":[11,27.75,17]},"faces":{"north":{"uv":[6,1,6.625,1.125],"texture":"#0"},"east":{"uv":[5.875,6.375,6.25,6.5],"texture":"#0"},"south":{"uv":[6,1.125,6.625,1.25],"texture":"#0"},"west":{"uv":[6.25,6.375,6.625,6.5],"texture":"#0"},"up":{"uv":[4.125,5.375,3.5,5],"texture":"#0"},"down":{"uv":[5.375,5.125,4.75,5.5],"texture":"#0"}}},{"from":[14,18.15,6.65],"to":[15.2,22.05,9.35],"rotation":{"angle":-45,"axis":"z","origin":[5.6,29.25,17]},"faces":{"north":{"uv":[6,2.375,6.125,2.875],"texture":"#0"},"east":{"uv":[1.375,5.375,1.75,5.875],"texture":"#0"},"south":{"uv":[0.75,6.125,0.875,6.625],"texture":"#0"},"west":{"uv":[1.75,5.375,2.125,5.875],"texture":"#0"},"up":{"uv":[6.5,0.625,6.375,0.25],"texture":"#0"},"down":{"uv":[6.5,2.125,6.375,2.5],"texture":"#0"}}},{"from":[12.2,21.45,6.625],"to":[16.4,22.65,9.375],"rotation":{"angle":-45,"axis":"z","origin":[5.6,31.05,17]},"faces":{"north":{"uv":[6,2.875,6.5,3],"texture":"#0"},"east":{"uv":[6.375,0.75,6.75,0.875],"texture":"#0"},"south":{"uv":[6,5.125,6.5,5.25],"texture":"#0"},"west":{"uv":[6.375,0.875,6.75,1],"texture":"#0"},"up":{"uv":[2.625,5.75,2.125,5.375],"texture":"#0"},"down":{"uv":[3.125,5.375,2.625,5.75],"texture":"#0"}}},{"from":[-9,8.5,8],"to":[25,28.5,8],"rotation":{"angle":0,"axis":"z","origin":[9.5,20,7.5]},"faces":{"north":{"uv":[0,0,4.25,2.5],"texture":"#0"},"east":{"uv":[0,0,0,2.5],"texture":"#0"},"south":{"uv":[4.25,0,0,2.5],"texture":"#0"},"west":{"uv":[0,0,0,2.5],"texture":"#0"},"up":{"uv":[4.25,0,0,0],"texture":"#0"},"down":{"uv":[4.25,0,0,0],"texture":"#0"}}},{"from":[5.5,-13,6],"to":[9.5,-12,10],"rotation":{"angle":45,"axis":"z","origin":[8,-13.5,7.5]},"faces":{"north":{"uv":[6,5.25,6.5,5.375],"texture":"#0"},"east":{"uv":[1.375,6.125,1.875,6.25],"texture":"#0"},"south":{"uv":[6.125,1.375,6.625,1.5],"texture":"#0"},"west":{"uv":[6.125,1.5,6.625,1.625],"texture":"#0"},"up":{"uv":[5.25,2,4.75,1.5],"texture":"#0"},"down":{"uv":[5.25,2,4.75,2.5],"texture":"#0"}}},{"from":[6.32,-2.668,6.656],"to":[9.008,-1.996,9.344],"rotation":{"angle":45,"axis":"z","origin":[8,-3.004,7.664]},"faces":{"north":{"uv":[6.375,2.5,6.75,2.625],"texture":"#0"},"east":{"uv":[6.375,2.625,6.75,2.75],"texture":"#0"},"south":{"uv":[6.375,2.75,6.75,2.875],"texture":"#0"},"west":{"uv":[6.375,3,6.75,3.125],"texture":"#0"},"up":{"uv":[0.375,6,0,5.625],"texture":"#0"},"down":{"uv":[0.75,5.625,0.375,6],"texture":"#0"}}},{"from":[5.5,-15,6],"to":[6.5,-13,10],"rotation":{"angle":45,"axis":"z","origin":[8,-13.5,7.5]},"faces":{"north":{"uv":[0.25,6.5,0.375,6.75],"texture":"#0"},"east":{"uv":[5.625,3,6.125,3.25],"texture":"#0"},"south":{"uv":[0.375,6.5,0.5,6.75],"texture":"#0"},"west":{"uv":[5.625,3.25,6.125,3.5],"texture":"#0"},"up":{"uv":[1,6.625,0.875,6.125],"texture":"#0"},"down":{"uv":[1.125,6.125,1,6.625],"texture":"#0"}}},{"from":[6.32,-4.012,6.656],"to":[6.992,-2.668,9.344],"rotation":{"angle":45,"axis":"z","origin":[8,-3.004,7.664]},"faces":{"north":{"uv":[5.5,5.875,5.625,6],"texture":"#0"},"east":{"uv":[6.375,3.125,6.75,3.25],"texture":"#0"},"south":{"uv":[5.625,5.875,5.75,6],"texture":"#0"},"west":{"uv":[6.375,3.25,6.75,3.375],"texture":"#0"},"up":{"uv":[6.5,4.125,6.375,3.75],"texture":"#0"},"down":{"uv":[6.5,4.125,6.375,4.5],"texture":"#0"}}},{"from":[5.5,-16,6],"to":[9.5,-15,10],"rotation":{"angle":45,"axis":"z","origin":[8,-13.5,7.5]},"faces":{"north":{"uv":[6.125,1.625,6.625,1.75],"texture":"#0"},"east":{"uv":[6.125,1.75,6.625,1.875],"texture":"#0"},"south":{"uv":[6.125,1.875,6.625,2],"texture":"#0"},"west":{"uv":[6.125,2,6.625,2.125],"texture":"#0"},"up":{"uv":[5.25,3,4.75,2.5],"texture":"#0"},"down":{"uv":[5.25,3,4.75,3.5],"texture":"#0"}}},{"from":[6.32,-4.684,6.656],"to":[9.008,-4.012,9.344],"rotation":{"angle":45,"axis":"z","origin":[8,-3.004,7.664]},"faces":{"north":{"uv":[6.375,3.375,6.75,3.5],"texture":"#0"},"east":{"uv":[6.375,4.5,6.75,4.625],"texture":"#0"},"south":{"uv":[6.375,4.625,6.75,4.75],"texture":"#0"},"west":{"uv":[6.375,4.75,6.75,4.875],"texture":"#0"},"up":{"uv":[6,1.125,5.625,0.75],"texture":"#0"},"down":{"uv":[6,1.125,5.625,1.5],"texture":"#0"}}},{"from":[8.5,-15,6],"to":[9.5,-13,10],"rotation":{"angle":45,"axis":"z","origin":[8,-13.5,7.5]},"faces":{"north":{"uv":[0.5,6.5,0.625,6.75],"texture":"#0"},"east":{"uv":[5.625,3.75,6.125,4],"texture":"#0"},"south":{"uv":[0.625,6.5,0.75,6.75],"texture":"#0"},"west":{"uv":[5.625,4,6.125,4.25],"texture":"#0"},"up":{"uv":[2,6.625,1.875,6.125],"texture":"#0"},"down":{"uv":[2.125,6.125,2,6.625],"texture":"#0"}}},{"from":[8.336,-4.012,6.656],"to":[9.008,-2.668,9.344],"rotation":{"angle":45,"axis":"z","origin":[8,-3.004,7.664]},"faces":{"north":{"uv":[5.375,6.125,5.5,6.25],"texture":"#0"},"east":{"uv":[6.375,4.875,6.75,5],"texture":"#0"},"south":{"uv":[6.375,6.25,6.5,6.375],"texture":"#0"},"west":{"uv":[6.375,5,6.75,5.125],"texture":"#0"},"up":{"uv":[6.5,5.75,6.375,5.375],"texture":"#0"},"down":{"uv":[6.5,5.75,6.375,6.125],"texture":"#0"}}},{"from":[7.75,-5,7.25],"to":[10,-2.75,8.75],"rotation":{"angle":45,"axis":"z","origin":[8.5,-3.5,7.5]},"faces":{"north":{"uv":[0.75,5.625,1,5.875],"texture":"#0"},"east":{"uv":[5.125,6.125,5.375,6.375],"texture":"#0"},"south":{"uv":[6.125,2.125,6.375,2.375],"texture":"#0"},"west":{"uv":[6.125,2.375,6.375,2.625],"texture":"#0"},"up":{"uv":[6.375,2.875,6.125,2.625],"texture":"#0"},"down":{"uv":[6.375,3,6.125,3.25],"texture":"#0"}}},{"from":[6,-5,7.25],"to":[8.25,-2.75,8.75],"rotation":{"angle":-45,"axis":"z","origin":[7.5,-3.5,7.5]},"faces":{"north":{"uv":[6.125,3.25,6.375,3.5],"texture":"#0"},"east":{"uv":[6.125,3.75,6.375,4],"texture":"#0"},"south":{"uv":[6.125,4,6.375,4.25],"texture":"#0"},"west":{"uv":[6.125,4.25,6.375,4.5],"texture":"#0"},"up":{"uv":[6.375,4.75,6.125,4.5],"texture":"#0"},"down":{"uv":[6.375,4.75,6.125,5],"texture":"#0"}}},{"from":[6.25,-15.25,6.25],"to":[8.75,-12.75,9.75],"rotation":{"angle":45,"axis":"z","origin":[8,-13.5,7.5]},"faces":{"north":{"uv":[5.625,1.5,6,1.875],"texture":"#0"},"east":{"uv":[3.125,5.375,3.625,5.75],"texture":"#0"},"south":{"uv":[5.625,1.875,6,2.25],"texture":"#0"},"west":{"uv":[3.625,5.375,4.125,5.75],"texture":"#0"},"up":{"uv":[5.75,5.875,5.375,5.375],"texture":"#0"},"down":{"uv":[5.125,5.5,4.75,6],"texture":"#0"}}},{"from":[6.824,-4.18,6.824],"to":[8.504,-2.5,9.176],"rotation":{"angle":45,"axis":"z","origin":[8,-3.004,7.664]},"faces":{"north":{"uv":[6.125,5.375,6.375,5.625],"texture":"#0"},"east":{"uv":[0,6.25,0.25,6.5],"texture":"#0"},"south":{"uv":[0.25,6.25,0.5,6.5],"texture":"#0"},"west":{"uv":[0.5,6.25,0.75,6.5],"texture":"#0"},"up":{"uv":[1.375,6.5,1.125,6.25],"texture":"#0"},"down":{"uv":[1.625,6.25,1.375,6.5],"texture":"#0"}}},{"from":[6.824,14.32,6.824],"to":[9.504,17,9.176],"rotation":{"angle":45,"axis":"z","origin":[8,15.496,7.664]},"faces":{"north":{"uv":[5.625,2.25,6,2.625],"texture":"#0"},"east":{"uv":[5.125,5.5,5.375,5.875],"texture":"#0"},"south":{"uv":[5.625,2.625,6,3],"texture":"#0"},"west":{"uv":[1.125,5.875,1.375,6.25],"texture":"#0"},"up":{"uv":[1.75,6.125,1.375,5.875],"texture":"#0"},"down":{"uv":[2.125,5.875,1.75,6.125],"texture":"#0"}}},{"from":[7,-13,7],"to":[9,18,9],"rotation":{"angle":0,"axis":"y","origin":[15,8,15]},"faces":{"north":{"uv":[4.25,4.25,4.5,8.125],"texture":"#0"},"east":{"uv":[4.25,0,4.5,3.875],"texture":"#0"},"south":{"uv":[4.5,4.5,4.75,8.375],"texture":"#0"},"west":{"uv":[4.5,0,4.75,3.875],"texture":"#0"},"up":{"uv":[1.875,6.5,1.625,6.25],"texture":"#0"},"down":{"uv":[2.375,6.25,2.125,6.5],"texture":"#0"}}},{"from":[-1.9,16.75,6.725],"to":[6.9,18.95,9.275],"rotation":{"angle":0,"axis":"y","origin":[13.5,7.95,15.7]},"faces":{"north":{"uv":[4.5,4.25,5.5,4.5],"texture":"#0"},"east":{"uv":[5.125,5.875,5.5,6.125],"texture":"#0"},"south":{"uv":[4.75,3.5,5.75,3.75],"texture":"#0"},"west":{"uv":[0,6,0.375,6.25],"texture":"#0"},"up":{"uv":[5.25,4.25,4.25,3.875],"texture":"#0"},"down":{"uv":[5.75,4.75,4.75,5.125],"texture":"#0"}}},{"from":[9.1,16.75,6.725],"to":[17.9,18.95,9.275],"rotation":{"angle":0,"axis":"y","origin":[2.5,7.95,15.7]},"faces":{"north":{"uv":[4.75,4.5,5.75,4.75],"texture":"#0"},"east":{"uv":[0.375,6,0.75,6.25],"texture":"#0"},"south":{"uv":[0,5,1,5.25],"texture":"#0"},"west":{"uv":[2.125,6,2.5,6.25],"texture":"#0"},"up":{"uv":[5.75,0.375,4.75,0],"texture":"#0"},"down":{"uv":[5.75,0.375,4.75,0.75],"texture":"#0"}}},{"from":[-2.5875,20.105,7],"to":[1.8125,22.305,9],"rotation":{"angle":22.5,"axis":"z","origin":[8.4125,11.305,15.7]},"faces":{"north":{"uv":[2.125,5.75,2.625,6],"texture":"#0"},"east":{"uv":[2.375,6.25,2.625,6.5],"texture":"#0"},"south":{"uv":[2.625,5.75,3.125,6],"texture":"#0"},"west":{"uv":[2.625,6.25,2.875,6.5],"texture":"#0"},"up":{"uv":[3.625,6,3.125,5.75],"texture":"#0"},"down":{"uv":[4.125,5.75,3.625,6],"texture":"#0"}}},{"from":[14.1875,20.105,7],"to":[18.5875,22.305,9],"rotation":{"angle":-22.5,"axis":"z","origin":[7.5875,11.305,15.7]},"faces":{"north":{"uv":[5.75,5.75,6.25,6],"texture":"#0"},"east":{"uv":[2.875,6.25,3.125,6.5],"texture":"#0"},"south":{"uv":[5.75,0,6.25,0.25],"texture":"#0"},"west":{"uv":[3.125,6.25,3.375,6.5],"texture":"#0"},"up":{"uv":[6.25,0.5,5.75,0.25],"texture":"#0"},"down":{"uv":[6.25,0.5,5.75,0.75],"texture":"#0"}}},{"from":[-3.4125,22.9375,7.275],"to":[-0.1125,25.1375,8.725],"rotation":{"angle":45,"axis":"z","origin":[6.4875,14.1375,15.7]},"faces":{"north":{"uv":[2.5,6,2.875,6.25],"texture":"#0"},"east":{"uv":[3.375,6.25,3.625,6.5],"texture":"#0"},"south":{"uv":[2.875,6,3.25,6.25],"texture":"#0"},"west":{"uv":[3.625,6.25,3.875,6.5],"texture":"#0"},"up":{"uv":[3.625,6.25,3.25,6],"texture":"#0"},"down":{"uv":[4,6,3.625,6.25],"texture":"#0"}}},{"from":[16.1125,22.9375,7.275],"to":[19.4125,25.1375,8.725],"rotation":{"angle":-45,"axis":"z","origin":[9.5125,14.1375,15.7]},"faces":{"north":{"uv":[4.75,6,5.125,6.25],"texture":"#0"},"east":{"uv":[4.75,6.25,5,6.5],"texture":"#0"},"south":{"uv":[5.5,6,5.875,6.25],"texture":"#0"},"west":{"uv":[5.375,6.25,5.625,6.5],"texture":"#0"},"up":{"uv":[6.25,6.25,5.875,6],"texture":"#0"},"down":{"uv":[6.375,0.75,6,1],"texture":"#0"}}}],"gui_light":"front"}