{"display":{"head":{"translation":[0,12.25,6.75],"scale":[2,2,2]},"fixed":{"translation":[0,9.75,-5],"scale":[1,1,4]}},"textures":{"0":"impostor/deco/cameraoff","particle":"impostor/deco/cameraoff"},"elements":[{"name":"stem","from":[7.5,5,8],"to":[8.5,6,10],"rotation":{"angle":0,"axis":"y","origin":[8.5,5.5,9.5]},"faces":{"north":{"uv":[9,5,10,6],"texture":"#0"},"east":{"uv":[9,1,11,2],"texture":"#0"},"south":{"uv":[9,10,10,11],"texture":"#0"},"west":{"uv":[9,2,11,3],"texture":"#0"},"up":{"uv":[10,5,9,3],"texture":"#0"},"down":{"uv":[9,10,8,12],"texture":"#0"}}},{"name":"base","from":[6.5,4,10],"to":[9.5,7,11],"rotation":{"angle":0,"axis":"y","origin":[7.5,5.5,10.5]},"faces":{"north":{"uv":[6,0,9,3],"texture":"#0"},"east":{"uv":[6,9,7,12],"texture":"#0"},"south":{"uv":[6,3,9,6],"texture":"#0"},"west":{"uv":[7,9,8,12],"texture":"#0"},"up":{"uv":[11,10,8,9],"texture":"#0"},"down":{"uv":[12,0,9,1],"texture":"#0"}}},{"name":"body","from":[6.5,4,5],"to":[12.5,7,8],"rotation":{"angle":-22.5,"axis":"z","origin":[9,5.5,6.5]},"faces":{"north":{"uv":[0,0,6,3],"texture":"#0"},"east":{"uv":[0,9,3,12],"texture":"#0"},"south":{"uv":[0,3,6,6],"texture":"#0"},"west":{"uv":[3,9,6,12],"texture":"#0"},"up":{"uv":[6,9,0,6],"texture":"#0"},"down":{"uv":[12,6,6,9],"texture":"#0"}}},{"name":"bulb","from":[10.5,5,6],"to":[11.5,6,7],"rotation":{"angle":-22.5,"axis":"z","origin":[13,4.5,6.5]},"faces":{"north":{"uv":[10,10,11,11],"texture":"#0"},"east":{"uv":[10,3,11,4],"texture":"#0"},"south":{"uv":[10,4,11,5],"texture":"#0"},"west":{"uv":[10,5,11,6],"texture":"#0"},"up":{"uv":[10,12,9,11],"texture":"#0"},"down":{"uv":[11,11,10,12],"texture":"#0"}}}]}