{"display":{"head":{"rotation":[0,-180,0],"translation":[0,-17,0],"scale":[1.6,1.6,1.6]}},"texture_size":[128,128],"textures":{"0":"impostor/deco/chairset01a","particle":"impostor/deco/chairset01a"},"elements":[{"from":[16,5,0],"to":[32,8,12],"rotation":{"angle":0,"axis":"y","origin":[8,16,8]},"faces":{"north":{"uv":[1.5,2.25,3.5,2.625],"texture":"#0"},"east":{"uv":[0,2.25,1.5,2.625],"texture":"#0"},"south":{"uv":[5,2.25,7,2.625],"texture":"#0"},"west":{"uv":[3.5,2.25,5,2.625],"texture":"#0"},"up":{"uv":[3.5,2.25,1.5,0.75],"texture":"#0"},"down":{"uv":[5.5,0.75,3.5,2.25],"texture":"#0"}}},{"from":[-4,5,0],"to":[12,8,12],"rotation":{"angle":0,"axis":"y","origin":[-12,16,8]},"faces":{"north":{"uv":[1.5,2.25,3.5,2.625],"texture":"#0"},"east":{"uv":[0,2.25,1.5,2.625],"texture":"#0"},"south":{"uv":[5,2.25,7,2.625],"texture":"#0"},"west":{"uv":[3.5,2.25,5,2.625],"texture":"#0"},"up":{"uv":[3.5,2.25,1.5,0.75],"texture":"#0"},"down":{"uv":[5.5,0.75,3.5,2.25],"texture":"#0"}}},{"from":[16,8,0],"to":[32,21,3],"rotation":{"angle":0,"axis":"y","origin":[8,20,8]},"faces":{"north":{"uv":[5.375,5.375,7.375,7],"texture":"#0"},"east":{"uv":[5,5.375,5.375,7],"texture":"#0"},"south":{"uv":[7.75,5.375,9.75,7],"texture":"#0"},"west":{"uv":[7.375,5.375,7.75,7],"texture":"#0"},"up":{"uv":[7.375,5.375,5.375,5],"texture":"#0"},"down":{"uv":[9.375,5,7.375,5.375],"texture":"#0"}}},{"from":[-4,8,0],"to":[12,21,3],"rotation":{"angle":0,"axis":"y","origin":[-12,20,8]},"faces":{"north":{"uv":[5.375,5.375,7.375,7],"texture":"#0"},"east":{"uv":[5,5.375,5.375,7],"texture":"#0"},"south":{"uv":[7.75,5.375,9.75,7],"texture":"#0"},"west":{"uv":[7.375,5.375,7.75,7],"texture":"#0"},"up":{"uv":[7.375,5.375,5.375,5],"texture":"#0"},"down":{"uv":[9.375,5,7.375,5.375],"texture":"#0"}}},{"from":[16,8.98954,3.00208],"to":[32,22.98954,3.00208],"rotation":{"angle":-22.5,"axis":"x","origin":[8,21.98954,8.00208]},"faces":{"north":{"uv":[0,6,2,7.75],"texture":"#0"},"east":{"uv":[0,6,0,7.75],"texture":"#0"},"south":{"uv":[2,6,4,7.75],"texture":"#0"},"west":{"uv":[2,6,2,7.75],"texture":"#0"},"up":{"uv":[2,6,0,6],"texture":"#0"},"down":{"uv":[4,6,2,6],"texture":"#0"}}},{"from":[-4,8.98954,3.00208],"to":[12,22.98954,3.00208],"rotation":{"angle":-22.5,"axis":"x","origin":[-12,21.98954,8.00208]},"faces":{"north":{"uv":[0,6,2,7.75],"texture":"#0"},"east":{"uv":[0,6,0,7.75],"texture":"#0"},"south":{"uv":[2,6,4,7.75],"texture":"#0"},"west":{"uv":[2,6,2,7.75],"texture":"#0"},"up":{"uv":[2,6,0,6],"texture":"#0"},"down":{"uv":[4,6,2,6],"texture":"#0"}}},{"from":[-16,8.98954,3.00208],"to":[-8,22.98954,3.00208],"rotation":{"angle":-22.5,"axis":"x","origin":[-24,21.98954,8.00208]},"faces":{"north":{"uv":[6.75,7,7.75,8.75],"texture":"#0"},"east":{"uv":[6.75,7,6.75,8.75],"texture":"#0"},"south":{"uv":[7.75,7,8.75,8.75],"texture":"#0"},"west":{"uv":[7.75,7,7.75,8.75],"texture":"#0"},"up":{"uv":[7.75,7,6.75,7],"texture":"#0"},"down":{"uv":[8.75,7,7.75,7],"texture":"#0"}}},{"from":[-16,2,0],"to":[32,5,3],"rotation":{"angle":0,"axis":"y","origin":[-11.7,13,8]},"faces":{"north":{"uv":[0.375,0.375,6.375,0.75],"texture":"#0"},"east":{"uv":[0,0.375,0.375,0.75],"texture":"#0"},"south":{"uv":[6.75,0.375,12.75,0.75],"texture":"#0"},"west":{"uv":[6.375,0.375,6.75,0.75],"texture":"#0"},"up":{"uv":[6.375,0.375,0.375,0],"texture":"#0"},"down":{"uv":[12.375,0,6.375,0.375],"texture":"#0"}}},{"from":[-16,2,3],"to":[-8,5,12],"rotation":{"angle":0,"axis":"y","origin":[-11.7,13,11]},"faces":{"north":{"uv":[6.25,4.125,7.25,4.5],"texture":"#0"},"east":{"uv":[5.125,4.125,6.25,4.5],"texture":"#0"},"south":{"uv":[8.375,4.125,9.375,4.5],"texture":"#0"},"west":{"uv":[7.25,4.125,8.375,4.5],"texture":"#0"},"up":{"uv":[7.25,4.125,6.25,3],"texture":"#0"},"down":{"uv":[8.25,3,7.25,4.125],"texture":"#0"}}},{"from":[16,2,3],"to":[32,5,12],"rotation":{"angle":0,"axis":"y","origin":[20.3,13,11]},"faces":{"north":{"uv":[1.125,3.75,3.125,4.125],"texture":"#0"},"east":{"uv":[0,3.75,1.125,4.125],"texture":"#0"},"south":{"uv":[4.25,3.75,6.25,4.125],"texture":"#0"},"west":{"uv":[3.125,3.75,4.25,4.125],"texture":"#0"},"up":{"uv":[3.125,3.75,1.125,2.625],"texture":"#0"},"down":{"uv":[5.125,2.625,3.125,3.75],"texture":"#0"}}},{"from":[-4,2,3],"to":[12,5,12],"rotation":{"angle":0,"axis":"y","origin":[0.3,13,11]},"faces":{"north":{"uv":[1.125,3.75,3.125,4.125],"texture":"#0"},"east":{"uv":[0,3.75,1.125,4.125],"texture":"#0"},"south":{"uv":[4.25,3.75,6.25,4.125],"texture":"#0"},"west":{"uv":[3.125,3.75,4.25,4.125],"texture":"#0"},"up":{"uv":[3.125,3.75,1.125,2.625],"texture":"#0"},"down":{"uv":[5.125,2.625,3.125,3.75],"texture":"#0"}}},{"from":[-16,5,0],"to":[-8,8,12],"rotation":{"angle":0,"axis":"y","origin":[-23.7,16,8]},"faces":{"north":{"uv":[1.5,5.625,2.5,6],"texture":"#0"},"east":{"uv":[0,5.625,1.5,6],"texture":"#0"},"south":{"uv":[4,5.625,5,6],"texture":"#0"},"west":{"uv":[2.5,5.625,4,6],"texture":"#0"},"up":{"uv":[2.5,5.625,1.5,4.125],"texture":"#0"},"down":{"uv":[3.5,4.125,2.5,5.625],"texture":"#0"}}},{"from":[-16,8,0],"to":[-8,21,3],"rotation":{"angle":0,"axis":"y","origin":[-23.7,20,8]},"faces":{"north":{"uv":[4.375,7.375,5.375,9],"texture":"#0"},"east":{"uv":[4,7.375,4.375,9],"texture":"#0"},"south":{"uv":[5.75,7.375,6.75,9],"texture":"#0"},"west":{"uv":[5.375,7.375,5.75,9],"texture":"#0"},"up":{"uv":[5.375,7.375,4.375,7],"texture":"#0"},"down":{"uv":[6.375,7,5.375,7.375],"texture":"#0"}}}]}