{"display":{"head":{"translation":[0,-3.25,2.75],"scale":[2,2,2]},"fixed":{"translation":[0,0,-7.25]}},"texture_size":[128,128],"textures":{"2":"impostor/deco/enginefront","particle":"impostor/deco/enginefront"},"elements":[{"name":"clip","from":[4,20.51786,0.24617],"to":[12,25.51786,4.24617],"rotation":{"angle":0,"axis":"y","origin":[7.5,22.51786,4.74617]},"faces":{"north":{"uv":[5.875,12.75,6.875,13.375],"texture":"#2"},"east":{"uv":[13.875,0.875,14.375,1.5],"texture":"#2"},"south":{"uv":[6.875,12.75,7.875,13.375],"texture":"#2"},"west":{"uv":[13.875,1.5,14.375,2.125],"texture":"#2"},"up":{"uv":[14.375,12.25,13.375,11.75],"texture":"#2"},"down":{"uv":[14.375,12.25,13.375,12.75],"texture":"#2"}}},{"name":"clip","from":[4.1,22.11786,1.88189],"to":[11.9,27.91786,7.68189],"rotation":{"angle":-45,"axis":"x","origin":[8,25.01786,3.74617]},"faces":{"north":{"uv":[12,9.25,13,10],"texture":"#2"},"east":{"uv":[9,13.375,9.75,14.125],"texture":"#2"},"south":{"uv":[12,10,13,10.75],"texture":"#2"},"west":{"uv":[9.75,13.375,10.5,14.125],"texture":"#2"},"up":{"uv":[13,11.5,12,10.75],"texture":"#2"},"down":{"uv":[13.125,7,12.125,7.75],"texture":"#2"}}},{"name":"clip","from":[4,24.51786,4.24617],"to":[12,29.51786,14.24617],"rotation":{"angle":0,"axis":"y","origin":[7.5,28.51786,8.74617]},"faces":{"north":{"uv":[7.875,12.75,8.875,13.375],"texture":"#2"},"east":{"uv":[10.25,4.375,11.5,5],"texture":"#2"},"south":{"uv":[8.875,12.75,9.875,13.375],"texture":"#2"},"west":{"uv":[11.125,8.25,12.375,8.875],"texture":"#2"},"up":{"uv":[11.25,1.625,10.25,0.375],"texture":"#2"},"down":{"uv":[11.25,1.625,10.25,2.875],"texture":"#2"}}},{"name":"clip","from":[4,-9.48214,0.24617],"to":[12,-4.48214,5.24617],"rotation":{"angle":0,"axis":"y","origin":[7.5,-6.48214,4.74617]},"faces":{"north":{"uv":[9.875,12.75,10.875,13.375],"texture":"#2"},"east":{"uv":[11.25,13.375,11.875,14],"texture":"#2"},"south":{"uv":[10.875,12.75,11.875,13.375],"texture":"#2"},"west":{"uv":[12.5,13.625,13.125,14.25],"texture":"#2"},"up":{"uv":[13.75,5,12.75,4.375],"texture":"#2"},"down":{"uv":[13.75,8.5,12.75,9.125],"texture":"#2"}}},{"name":"clip","from":[4.1,-11.88214,1.88189],"to":[11.9,-7.08214,7.68189],"rotation":{"angle":45,"axis":"x","origin":[8,-8.98214,3.74617]},"faces":{"north":{"uv":[13,9.125,14,9.75],"texture":"#2"},"east":{"uv":[13.375,12.75,14.125,13.375],"texture":"#2"},"south":{"uv":[13,9.75,14,10.375],"texture":"#2"},"west":{"uv":[3.625,13.5,4.375,14.125],"texture":"#2"},"up":{"uv":[13.375,8.5,12.375,7.75],"texture":"#2"},"down":{"uv":[2,12.5,1,13.25],"texture":"#2"}}},{"name":"clip","from":[4,-13.48214,4.24617],"to":[12,-8.48214,14.24617],"rotation":{"angle":0,"axis":"y","origin":[7.5,-12.48214,8.74617]},"faces":{"north":{"uv":[13,10.375,14,11],"texture":"#2"},"east":{"uv":[11.5,4.375,12.75,5],"texture":"#2"},"south":{"uv":[13.125,7,14.125,7.625],"texture":"#2"},"west":{"uv":[1,11.875,2.25,12.5],"texture":"#2"},"up":{"uv":[11.25,4.125,10.25,2.875],"texture":"#2"},"down":{"uv":[12.125,7,11.125,8.25],"texture":"#2"}}},{"name":"clip","from":[-9.5,4.01786,0.24617],"to":[-4.5,12.01786,5.24617],"rotation":{"angle":0,"axis":"z","origin":[-9,8.06667,5.19736]},"faces":{"north":{"uv":[2,13.125,2.625,14.125],"texture":"#2"},"east":{"uv":[1,13.25,1.625,14.25],"texture":"#2"},"south":{"uv":[11.875,13.25,12.5,14.25],"texture":"#2"},"west":{"uv":[13.25,0.375,13.875,1.375],"texture":"#2"},"up":{"uv":[5,14.375,4.375,13.75],"texture":"#2"},"down":{"uv":[5.625,13.75,5,14.375],"texture":"#2"}}},{"name":"clip","from":[-12.9,4.11786,1.88189],"to":[-7.1,11.91786,7.68189],"rotation":{"angle":45,"axis":"y","origin":[-10,8.01786,4.70573]},"faces":{"north":{"uv":[12.5,0.375,13.25,1.375],"texture":"#2"},"east":{"uv":[12.5,1.375,13.25,2.375],"texture":"#2"},"south":{"uv":[12.5,2.375,13.25,3.375],"texture":"#2"},"west":{"uv":[12.5,3.375,13.25,4.375],"texture":"#2"},"up":{"uv":[11.25,14.125,10.5,13.375],"texture":"#2"},"down":{"uv":[14.125,13.375,13.375,14.125],"texture":"#2"}}},{"name":"clip","from":[-13.5,4.01786,4.24617],"to":[-8.5,12.01786,14.24617],"rotation":{"angle":0,"axis":"z","origin":[-9,8.06667,5.19736]},"faces":{"north":{"uv":[13.25,1.375,13.875,2.375],"texture":"#2"},"east":{"uv":[11.25,0.375,12.5,1.375],"texture":"#2"},"south":{"uv":[13.25,2.375,13.875,3.375],"texture":"#2"},"west":{"uv":[11.25,1.375,12.5,2.375],"texture":"#2"},"up":{"uv":[5,11.25,4.375,10],"texture":"#2"},"down":{"uv":[5,11.25,4.375,12.5],"texture":"#2"}}},{"name":"clip","from":[20.5,4.01786,0.24617],"to":[25.5,12.01786,5.24617],"rotation":{"angle":0,"axis":"z","origin":[25,8.06667,5.19736]},"faces":{"north":{"uv":[13.25,3.375,13.875,4.375],"texture":"#2"},"east":{"uv":[5.875,13.375,6.5,14.375],"texture":"#2"},"south":{"uv":[6.5,13.375,7.125,14.375],"texture":"#2"},"west":{"uv":[7.125,13.375,7.75,14.375],"texture":"#2"},"up":{"uv":[14.375,9,13.75,8.375],"texture":"#2"},"down":{"uv":[14.5,0.25,13.875,0.875],"texture":"#2"}}},{"name":"clip","from":[23.1,4.11786,2.34617],"to":[28.9,11.91786,8.14617],"rotation":{"angle":-45,"axis":"y","origin":[26,8.01786,4.70573]},"faces":{"north":{"uv":[12.625,12.625,13.375,13.625],"texture":"#2"},"east":{"uv":[12.625,11.5,13.375,12.5],"texture":"#2"},"south":{"uv":[4.375,12.75,5.125,13.75],"texture":"#2"},"west":{"uv":[5.125,12.75,5.875,13.75],"texture":"#2"},"up":{"uv":[14.125,8.375,13.375,7.625],"texture":"#2"},"down":{"uv":[14.125,11,13.375,11.75],"texture":"#2"}}},{"name":"clip","from":[24.5,4.01786,4.24617],"to":[29.5,12.01786,14.24617],"rotation":{"angle":0,"axis":"z","origin":[25,8.06667,5.19736]},"faces":{"north":{"uv":[7.75,13.375,8.375,14.375],"texture":"#2"},"east":{"uv":[11.25,2.375,12.5,3.375],"texture":"#2"},"south":{"uv":[8.375,13.375,9,14.375],"texture":"#2"},"west":{"uv":[11.25,3.375,12.5,4.375],"texture":"#2"},"up":{"uv":[2.875,13.125,2.25,11.875],"texture":"#2"},"down":{"uv":[12.625,12,12,13.25],"texture":"#2"}}},{"name":"rod","from":[-3.35355,14.87141,1.24617],"to":[-1.35355,21.87141,2.24617],"rotation":{"angle":45,"axis":"z","origin":[-2.35355,18.37141,0.74617]},"faces":{"north":{"uv":[13.875,2.125,14.125,3],"texture":"#2"},"east":{"uv":[13.875,14.125,14,15],"texture":"#2"},"south":{"uv":[13.875,3,14.125,3.875],"texture":"#2"},"west":{"uv":[14,14.125,14.125,15],"texture":"#2"},"up":{"uv":[12.25,11.625,12,11.5],"texture":"#2"},"down":{"uv":[12.25,11.625,12,11.75],"texture":"#2"}}},{"name":"rod","from":[-3.35355,-5.8357,1.24617],"to":[-1.35355,1.1643,2.24617],"rotation":{"angle":-45,"axis":"z","origin":[-2.35355,-2.3357,0.74617]},"faces":{"north":{"uv":[11.25,14,11.5,14.875],"texture":"#2"},"east":{"uv":[14.125,14.125,14.25,15],"texture":"#2"},"south":{"uv":[11.5,14,11.75,14.875],"texture":"#2"},"west":{"uv":[14.125,2.125,14.25,3],"texture":"#2"},"up":{"uv":[12.25,11.875,12,11.75],"texture":"#2"},"down":{"uv":[12.25,11.875,12,12],"texture":"#2"}}},{"name":"rod","from":[17.35355,14.87141,1.24617],"to":[19.35355,21.87141,2.24617],"rotation":{"angle":-45,"axis":"z","origin":[18.35355,18.37141,0.74617]},"faces":{"north":{"uv":[13.125,13.625,13.375,14.5],"texture":"#2"},"east":{"uv":[1.875,13.25,2,14.125],"texture":"#2"},"south":{"uv":[5.625,13.75,5.875,14.625],"texture":"#2"},"west":{"uv":[11.75,14,11.875,14.875],"texture":"#2"},"up":{"uv":[11.25,4.25,11,4.125],"texture":"#2"},"down":{"uv":[11.25,4.25,11,4.375],"texture":"#2"}}},{"name":"rod","from":[17.35355,-5.8357,1.24617],"to":[19.35355,1.1643,2.24617],"rotation":{"angle":45,"axis":"z","origin":[18.35355,-2.3357,0.74617]},"faces":{"north":{"uv":[14,9,14.25,9.875],"texture":"#2"},"east":{"uv":[14.125,3,14.25,3.875],"texture":"#2"},"south":{"uv":[14,9.875,14.25,10.75],"texture":"#2"},"west":{"uv":[14.125,7,14.25,7.875],"texture":"#2"},"up":{"uv":[12.375,7.875,12.125,7.75],"texture":"#2"},"down":{"uv":[12.375,7.875,12.125,8],"texture":"#2"}}},{"name":"rod","from":[-7.14214,7.01786,1.24617],"to":[-1.14214,9.01786,2.24617],"rotation":{"angle":-22.5,"axis":"z","origin":[11,8.01786,1.74617]},"faces":{"north":{"uv":[10.25,4.125,11,4.375],"texture":"#2"},"east":{"uv":[12.125,8,12.25,8.25],"texture":"#2"},"south":{"uv":[13.75,4.625,14.5,4.875],"texture":"#2"},"west":{"uv":[12.25,8,12.375,8.25],"texture":"#2"},"up":{"uv":[13.375,12.625,12.625,12.5],"texture":"#2"},"down":{"uv":[14.5,4.875,13.75,5],"texture":"#2"}}},{"name":"rod","from":[7,-7.12428,1.24617],"to":[9,-1.12428,2.24617],"rotation":{"angle":-22.5,"axis":"z","origin":[8,11.01786,1.74617]},"faces":{"north":{"uv":[1.875,14.125,2.125,14.875],"texture":"#2"},"east":{"uv":[14.125,11,14.25,11.75],"texture":"#2"},"south":{"uv":[2.125,14.125,2.375,14.875],"texture":"#2"},"west":{"uv":[14.125,12.75,14.25,13.5],"texture":"#2"},"up":{"uv":[12.5,11.625,12.25,11.5],"texture":"#2"},"down":{"uv":[12.5,11.625,12.25,11.75],"texture":"#2"}}},{"name":"rod","from":[7,17.15999,1.24617],"to":[9,23.15999,2.24617],"rotation":{"angle":-22.5,"axis":"z","origin":[8,5.01786,1.74617]},"faces":{"north":{"uv":[2.375,14.125,2.625,14.875],"texture":"#2"},"east":{"uv":[1,14.25,1.125,15],"texture":"#2"},"south":{"uv":[3.625,14.125,3.875,14.875],"texture":"#2"},"west":{"uv":[1.125,14.25,1.25,15],"texture":"#2"},"up":{"uv":[12.5,11.875,12.25,11.75],"texture":"#2"},"down":{"uv":[12.5,11.875,12.25,12],"texture":"#2"}}},{"name":"rod","from":[17.14214,7.01786,1.24617],"to":[23.14214,9.01786,2.24617],"rotation":{"angle":-22.5,"axis":"z","origin":[5,8.01786,1.74617]},"faces":{"north":{"uv":[13.875,3.875,14.625,4.125],"texture":"#2"},"east":{"uv":[12.375,8.5,12.5,8.75],"texture":"#2"},"south":{"uv":[13.875,4.125,14.625,4.375],"texture":"#2"},"west":{"uv":[2,12.5,2.125,12.75],"texture":"#2"},"up":{"uv":[14.875,8,14.125,7.875],"texture":"#2"},"down":{"uv":[14.875,8,14.125,8.125],"texture":"#2"}}},{"name":"rod","from":[7,17.15999,1.24617],"to":[9,23.15999,2.24617],"rotation":{"angle":22.5,"axis":"z","origin":[8,5.01786,1.74617]},"faces":{"north":{"uv":[3.875,14.125,4.125,14.875],"texture":"#2"},"east":{"uv":[1.25,14.25,1.375,15],"texture":"#2"},"south":{"uv":[4.125,14.125,4.375,14.875],"texture":"#2"},"west":{"uv":[1.375,14.25,1.5,15],"texture":"#2"},"up":{"uv":[12.625,8.875,12.375,8.75],"texture":"#2"},"down":{"uv":[4.625,12.5,4.375,12.625],"texture":"#2"}}},{"name":"rod","from":[-7.14214,7.01786,1.24617],"to":[-1.14214,9.01786,2.24617],"rotation":{"angle":22.5,"axis":"z","origin":[11,8.01786,1.74617]},"faces":{"north":{"uv":[14,10.75,14.75,11],"texture":"#2"},"east":{"uv":[2.125,12.5,2.25,12.75],"texture":"#2"},"south":{"uv":[9,14.125,9.75,14.375],"texture":"#2"},"west":{"uv":[4.625,12.5,4.75,12.75],"texture":"#2"},"up":{"uv":[14.875,8.25,14.125,8.125],"texture":"#2"},"down":{"uv":[14.875,8.25,14.125,8.375],"texture":"#2"}}},{"name":"rod","from":[17.14214,7.01786,1.24617],"to":[23.14214,9.01786,2.24617],"rotation":{"angle":22.5,"axis":"z","origin":[5,8.01786,1.74617]},"faces":{"north":{"uv":[9.75,14.125,10.5,14.375],"texture":"#2"},"east":{"uv":[4.75,12.5,4.875,12.75],"texture":"#2"},"south":{"uv":[10.5,14.125,11.25,14.375],"texture":"#2"},"west":{"uv":[4.875,12.5,5,12.75],"texture":"#2"},"up":{"uv":[14.875,13.625,14.125,13.5],"texture":"#2"},"down":{"uv":[14.875,13.625,14.125,13.75],"texture":"#2"}}},{"name":"rod","from":[7,-7.12428,1.24617],"to":[9,-1.12428,2.24617],"rotation":{"angle":22.5,"axis":"z","origin":[8,11.01786,1.74617]},"faces":{"north":{"uv":[13.375,14.125,13.625,14.875],"texture":"#2"},"east":{"uv":[1.5,14.25,1.625,15],"texture":"#2"},"south":{"uv":[13.625,14.125,13.875,14.875],"texture":"#2"},"west":{"uv":[2.875,14.25,3,15],"texture":"#2"},"up":{"uv":[12.75,8.625,12.5,8.5],"texture":"#2"},"down":{"uv":[12.75,8.625,12.5,8.75],"texture":"#2"}}},{"name":"body","from":[-12,-11.98214,8.24617],"to":[28,28.01786,16.24617],"rotation":{"angle":0,"axis":"y","origin":[-3.5,4.51786,21.74617]},"faces":{"north":{"uv":[0,0,5,5],"texture":"#2"},"east":{"uv":[9.25,0,10.25,5],"texture":"#2"},"south":{"uv":[0,5,5,10],"texture":"#2"},"west":{"uv":[0,10,1,15],"texture":"#2"},"up":{"uv":[14.25,6,9.25,5],"texture":"#2"},"down":{"uv":[14.25,6,9.25,7],"texture":"#2"}}},{"name":"body","from":[-6,-5.98214,2.24617],"to":[22,22.01786,5.24617],"rotation":{"angle":0,"axis":"y","origin":[12,4.01786,7.24617]},"faces":{"north":{"uv":[5,9.25,8.5,12.75],"texture":"#2"},"east":{"uv":[3.625,10,4,13.5],"texture":"#2"},"south":{"uv":[8.5,9.25,12,12.75],"texture":"#2"},"west":{"uv":[4,10,4.375,13.5],"texture":"#2"},"up":{"uv":[12.75,9.25,9.25,8.875],"texture":"#2"},"down":{"uv":[13.75,0,10.25,0.375],"texture":"#2"}}},{"name":"body","from":[-9,-8.98214,5.24617],"to":[25,25.01786,8.24617],"rotation":{"angle":0,"axis":"y","origin":[12,4.01786,7.24617]},"faces":{"north":{"uv":[5,5,9.25,9.25],"texture":"#2"},"east":{"uv":[2.875,10,3.25,14.25],"texture":"#2"},"south":{"uv":[5,0,9.25,4.25],"texture":"#2"},"west":{"uv":[3.25,10,3.625,14.25],"texture":"#2"},"up":{"uv":[9.25,4.625,5,4.25],"texture":"#2"},"down":{"uv":[9.25,4.625,5,5],"texture":"#2"}}},{"name":"tip","from":[0.5,0.51786,0.24617],"to":[15.5,15.51786,2.24617],"rotation":{"angle":0,"axis":"y","origin":[8,8.01786,1.24617]},"faces":{"north":{"uv":[9.25,7,11.125,8.875],"texture":"#2"},"east":{"uv":[2.625,13.125,2.875,15],"texture":"#2"},"south":{"uv":[1,10,2.875,11.875],"texture":"#2"},"west":{"uv":[1.625,13.25,1.875,15.125],"texture":"#2"},"up":{"uv":[15.625,0.25,13.75,0],"texture":"#2"},"down":{"uv":[15.625,4.375,13.75,4.625],"texture":"#2"}}}]}