{"display":{"head":{"translation":[0,-31,2.75],"scale":[1.5,1.5,1.5]}},"texture_size":[64,64],"textures":{"0":"impostor/deco/firstaidkit","particle":"impostor/deco/firstaidkit"},"elements":[{"from":[2,-0.1,0],"to":[14,0.9,10],"rotation":{"angle":0,"axis":"y","origin":[21,7.9,8]},"faces":{"north":{"uv":[2.75,15.5,5.75,15.75],"texture":"#0"},"east":{"uv":[0.25,15.5,2.75,15.75],"texture":"#0"},"south":{"uv":[8.25,15.5,11.25,15.75],"texture":"#0"},"west":{"uv":[5.75,15.5,8.25,15.75],"texture":"#0"},"up":{"uv":[5.75,15.5,2.75,13],"texture":"#0"},"down":{"uv":[8.75,13,5.75,15.5],"texture":"#0"}}},{"from":[2,3.95,13.575],"to":[14,13.95,14.575],"rotation":{"angle":22.5,"axis":"x","origin":[21,11.95,6.575]},"faces":{"north":{"uv":[2.75,10,5.75,12.5],"texture":"#0"},"east":{"uv":[2.5,10,2.75,12.5],"texture":"#0"},"south":{"uv":[6,10,9,12.5],"texture":"#0"},"west":{"uv":[5.75,10,6,12.5],"texture":"#0"},"up":{"uv":[5.75,10,2.75,9.75],"texture":"#0"},"down":{"uv":[8.75,9.75,5.75,10],"texture":"#0"}}},{"from":[12,10.875,9.575],"to":[13,11.125,11.575],"shade":false,"rotation":{"angle":22.5,"axis":"x","origin":[-5,2.875,12.825]},"faces":{"north":{"uv":[10.5,10.25,10.25,10.25],"texture":"#0"},"east":{"uv":[11,10.25,10.5,10.25],"texture":"#0"},"south":{"uv":[11.25,10.25,11,10.25],"texture":"#0"},"west":{"uv":[10.25,10.25,9.75,10.25],"texture":"#0"},"up":{"uv":[10.25,10.25,10.5,9.75],"texture":"#0"},"down":{"uv":[10.5,9.75,10.75,10.25],"texture":"#0"}}},{"from":[3,10.875,9.575],"to":[4,11.125,11.575],"rotation":{"angle":22.5,"axis":"x","origin":[21,2.875,12.825]},"faces":{"north":{"uv":[10.25,10.25,10.5,10.25],"texture":"#0"},"east":{"uv":[9.75,10.25,10.25,10.25],"texture":"#0"},"south":{"uv":[11,10.25,11.25,10.25],"texture":"#0"},"west":{"uv":[10.5,10.25,11,10.25],"texture":"#0"},"up":{"uv":[10.5,10.25,10.25,9.75],"texture":"#0"},"down":{"uv":[10.75,9.75,10.5,10.25],"texture":"#0"}}},{"from":[3,0.9,9],"to":[13,1.9,10],"rotation":{"angle":0,"axis":"y","origin":[21,8.9,17]},"faces":{"north":{"uv":[3.25,15,5.75,15.25],"texture":"#0"},"east":{"uv":[3,15,3.25,15.25],"texture":"#0"},"south":{"uv":[6,15,8.5,15.25],"texture":"#0"},"west":{"uv":[5.75,15,6,15.25],"texture":"#0"},"up":{"uv":[5.75,15,3.25,14.75],"texture":"#0"},"down":{"uv":[8.25,14.75,5.75,15],"texture":"#0"}}},{"from":[3,1.15,9.5],"to":[5,2.15,10.5],"rotation":{"angle":45,"axis":"x","origin":[4,1.65,10]},"faces":{"north":{"uv":[10,10,10.5,10.25],"texture":"#0"},"east":{"uv":[9.75,10,10,10.25],"texture":"#0"},"south":{"uv":[10.75,10,11.25,10.25],"texture":"#0"},"west":{"uv":[10.5,10,10.75,10.25],"texture":"#0"},"up":{"uv":[10.5,10,10,9.75],"texture":"#0"},"down":{"uv":[11,9.75,10.5,10],"texture":"#0"}}},{"from":[11,1.15,9.5],"to":[13,2.15,10.5],"shade":false,"rotation":{"angle":45,"axis":"x","origin":[12,1.65,10]},"faces":{"north":{"uv":[10.5,10,10,10.25],"texture":"#0"},"east":{"uv":[10.75,10,10.5,10.25],"texture":"#0"},"south":{"uv":[11.25,10,10.75,10.25],"texture":"#0"},"west":{"uv":[10,10,9.75,10.25],"texture":"#0"},"up":{"uv":[10,10,10.5,9.75],"texture":"#0"},"down":{"uv":[10.5,9.75,11,10],"texture":"#0"}}},{"from":[3,0.9,0],"to":[13,1.9,1],"rotation":{"angle":0,"axis":"y","origin":[21,8.9,8]},"faces":{"north":{"uv":[3.25,15.25,5.75,15.5],"texture":"#0"},"east":{"uv":[3,15.25,3.25,15.5],"texture":"#0"},"south":{"uv":[6,15.25,8.5,15.5],"texture":"#0"},"west":{"uv":[5.75,15.25,6,15.5],"texture":"#0"},"up":{"uv":[5.75,15.25,3.25,15],"texture":"#0"},"down":{"uv":[8.25,15,5.75,15.25],"texture":"#0"}}},{"from":[3,0.9,3],"to":[9,1.9,4],"rotation":{"angle":0,"axis":"y","origin":[21,8.9,11]},"faces":{"north":{"uv":[3.25,15.25,4.75,15.5],"texture":"#0"},"east":{"uv":[3,15.25,3.25,15.5],"texture":"#0"},"south":{"uv":[5,15.25,6.5,15.5],"texture":"#0"},"west":{"uv":[4.75,15.25,5,15.5],"texture":"#0"},"up":{"uv":[4.75,15.25,3.25,15],"texture":"#0"},"down":{"uv":[6.25,15,4.75,15.25],"texture":"#0"}}},{"from":[6.5,0.4,-0.5],"to":[9.5,1.4,0.5],"rotation":{"angle":0,"axis":"y","origin":[20.5,8.4,7.5]},"faces":{"north":{"uv":[10,10,10.75,10.25],"texture":"#0"},"east":{"uv":[9.75,10,10,10.25],"texture":"#0"},"south":{"uv":[11,10,11.75,10.25],"texture":"#0"},"west":{"uv":[10.75,10,11,10.25],"texture":"#0"},"up":{"uv":[10.75,10,10,9.75],"texture":"#0"},"down":{"uv":[11.5,9.75,10.75,10],"texture":"#0"}}},{"from":[9,0.9,1],"to":[10,1.9,9],"rotation":{"angle":0,"axis":"y","origin":[17,8.9,8]},"faces":{"north":{"uv":[5,15,5.25,15.25],"texture":"#0"},"east":{"uv":[3,15,5,15.25],"texture":"#0"},"south":{"uv":[7.25,15,7.5,15.25],"texture":"#0"},"west":{"uv":[5.25,15,7.25,15.25],"texture":"#0"},"up":{"uv":[5.25,15,5,13],"texture":"#0"},"down":{"uv":[5.5,13,5.25,15],"texture":"#0"}}},{"from":[13,0.9,0],"to":[14,1.9,10],"rotation":{"angle":0,"axis":"y","origin":[21,8.9,8]},"faces":{"north":{"uv":[5.5,15.5,5.75,15.75],"texture":"#0"},"east":{"uv":[3,15.5,5.5,15.75],"texture":"#0"},"south":{"uv":[8.25,15.5,8.5,15.75],"texture":"#0"},"west":{"uv":[5.75,15.5,8.25,15.75],"texture":"#0"},"up":{"uv":[5.75,15.5,5.5,13],"texture":"#0"},"down":{"uv":[6,13,5.75,15.5],"texture":"#0"}}},{"from":[2,0.9,0],"to":[3,1.9,10],"rotation":{"angle":0,"axis":"y","origin":[10,8.9,8]},"faces":{"north":{"uv":[5.5,15.5,5.75,15.75],"texture":"#0"},"east":{"uv":[3,15.5,5.5,15.75],"texture":"#0"},"south":{"uv":[8.25,15.5,8.5,15.75],"texture":"#0"},"west":{"uv":[5.75,15.5,8.25,15.75],"texture":"#0"},"up":{"uv":[5.75,15.5,5.5,13],"texture":"#0"},"down":{"uv":[6,13,5.75,15.5],"texture":"#0"}}},{"from":[11.25,0.9,2.85],"to":[11.75,1.65,6],"rotation":{"angle":0,"axis":"y","origin":[19,8.9,9.75]},"faces":{"north":{"uv":[10.5,11.5,10.5,11.5],"texture":"#0"},"east":{"uv":[9.75,11.5,10.5,11.5],"texture":"#0"},"south":{"uv":[11.25,11.5,11.25,11.5],"texture":"#0"},"west":{"uv":[10.5,11.5,11.25,11.5],"texture":"#0"},"up":{"uv":[10.5,11.5,10.5,10.75],"texture":"#0"},"down":{"uv":[10.5,10.75,10.5,11.5],"texture":"#0"}}},{"from":[11.45,1.15,1.7],"to":[11.55,1.35,2.85],"rotation":{"angle":0,"axis":"y","origin":[19,8.85,6.6]},"faces":{"north":{"uv":[10.75,10,10.75,10],"texture":"#0"},"east":{"uv":[10.5,10,10.75,10],"texture":"#0"},"south":{"uv":[11,10,11,10],"texture":"#0"},"west":{"uv":[10.75,10,11,10],"texture":"#0"},"up":{"uv":[10.75,10,10.75,9.75],"texture":"#0"},"down":{"uv":[10.75,9.75,10.75,10],"texture":"#0"}}},{"from":[11.15,0.9,6.5],"to":[11.85,1.7,7.5],"rotation":{"angle":0,"axis":"y","origin":[19,8.9,10.25]},"faces":{"north":{"uv":[14.75,0.75,14.75,0.75],"texture":"#0"},"east":{"uv":[14.5,0.75,14.75,0.75],"texture":"#0"},"south":{"uv":[15,0.75,15,0.75],"texture":"#0"},"west":{"uv":[14.75,0.75,15,0.75],"texture":"#0"},"up":{"uv":[14.75,0.75,14.75,0.5],"texture":"#0"},"down":{"uv":[14.75,0.5,14.75,0.75],"texture":"#0"}}},{"from":[11,0.9,7.5],"to":[12,1.8,8],"rotation":{"angle":0,"axis":"y","origin":[19,8.9,10.75]},"faces":{"north":{"uv":[10.25,10,10.5,10],"texture":"#0"},"east":{"uv":[10.25,10,10.25,10],"texture":"#0"},"south":{"uv":[10.5,10,10.75,10],"texture":"#0"},"west":{"uv":[10.5,10,10.5,10],"texture":"#0"},"up":{"uv":[10.5,10,10.25,10],"texture":"#0"},"down":{"uv":[10.75,10,10.5,10],"texture":"#0"}}},{"from":[10.75,0.9,6],"to":[12.25,1.9,6.5],"rotation":{"angle":0,"axis":"y","origin":[19,8.9,9.25]},"faces":{"north":{"uv":[10.25,10,10.5,10.25],"texture":"#0"},"east":{"uv":[10.25,10,10.25,10.25],"texture":"#0"},"south":{"uv":[10.5,10,10.75,10.25],"texture":"#0"},"west":{"uv":[10.5,10,10.5,10.25],"texture":"#0"},"up":{"uv":[10.5,10,10.25,10],"texture":"#0"},"down":{"uv":[10.75,10,10.5,10],"texture":"#0"}}},{"from":[7.75,0.9,1.5],"to":[8.75,1.9,2.5],"rotation":{"angle":0,"axis":"y","origin":[15.75,8.9,9.5]},"faces":{"north":{"uv":[14.5,0.75,14.75,1],"texture":"#0"},"east":{"uv":[14.25,0.75,14.5,1],"texture":"#0"},"south":{"uv":[15,0.75,15.25,1],"texture":"#0"},"west":{"uv":[14.75,0.75,15,1],"texture":"#0"},"up":{"uv":[14.75,0.75,14.5,0.5],"texture":"#0"},"down":{"uv":[15,0.5,14.75,0.75],"texture":"#0"}}},{"from":[3.25,0.9,1.5],"to":[4.25,1.9,2.5],"rotation":{"angle":0,"axis":"y","origin":[11.25,8.9,9.5]},"faces":{"north":{"uv":[14.5,0.75,14.75,1],"texture":"#0"},"east":{"uv":[14.25,0.75,14.5,1],"texture":"#0"},"south":{"uv":[15,0.75,15.25,1],"texture":"#0"},"west":{"uv":[14.75,0.75,15,1],"texture":"#0"},"up":{"uv":[14.75,0.75,14.5,0.5],"texture":"#0"},"down":{"uv":[15,0.5,14.75,0.75],"texture":"#0"}}},{"from":[5.45,0.9,1.5],"to":[6.45,1.9,2.5],"rotation":{"angle":0,"axis":"y","origin":[13.45,8.9,9.5]},"faces":{"north":{"uv":[14.5,0.75,14.75,1],"texture":"#0"},"east":{"uv":[14.25,0.75,14.5,1],"texture":"#0"},"south":{"uv":[15,0.75,15.25,1],"texture":"#0"},"west":{"uv":[14.75,0.75,15,1],"texture":"#0"},"up":{"uv":[14.75,0.75,14.5,0.5],"texture":"#0"},"down":{"uv":[15,0.5,14.75,0.75],"texture":"#0"}}},{"from":[3.25,0.9,4.5],"to":[8.75,1.9,8.5],"rotation":{"angle":0,"axis":"y","origin":[15.75,8.9,12.5]},"faces":{"north":{"uv":[10.75,13.25,12,13.5],"texture":"#0"},"east":{"uv":[9.75,13.25,10.75,13.5],"texture":"#0"},"south":{"uv":[13,13.25,14.25,13.5],"texture":"#0"},"west":{"uv":[12,13.25,13,13.5],"texture":"#0"},"up":{"uv":[12,13.25,10.75,12.25],"texture":"#0"},"down":{"uv":[13.25,12.25,12,13.25],"texture":"#0"}}},{"from":[7.75,2.15,1.5],"to":[8.75,2.4,2.5],"rotation":{"angle":0,"axis":"y","origin":[15.75,10.15,9.5]},"faces":{"north":{"uv":[10.25,10.25,10.5,10.25],"texture":"#0"},"east":{"uv":[10,10.25,10.25,10.25],"texture":"#0"},"south":{"uv":[10.75,10.25,11,10.25],"texture":"#0"},"west":{"uv":[10.5,10.25,10.75,10.25],"texture":"#0"},"up":{"uv":[10.5,10.25,10.25,10],"texture":"#0"},"down":{"uv":[10.75,10,10.5,10.25],"texture":"#0"}}},{"from":[3.25,2.15,1.5],"to":[4.25,2.4,2.5],"rotation":{"angle":0,"axis":"y","origin":[11.25,10.15,9.5]},"faces":{"north":{"uv":[10.25,10.25,10.5,10.25],"texture":"#0"},"east":{"uv":[10,10.25,10.25,10.25],"texture":"#0"},"south":{"uv":[10.75,10.25,11,10.25],"texture":"#0"},"west":{"uv":[10.5,10.25,10.75,10.25],"texture":"#0"},"up":{"uv":[10.5,10.25,10.25,10],"texture":"#0"},"down":{"uv":[10.75,10,10.5,10.25],"texture":"#0"}}},{"from":[5.45,2.15,1.5],"to":[6.45,2.4,2.5],"rotation":{"angle":0,"axis":"y","origin":[13.45,10.15,9.5]},"faces":{"north":{"uv":[10.25,10.25,10.5,10.25],"texture":"#0"},"east":{"uv":[10,10.25,10.25,10.25],"texture":"#0"},"south":{"uv":[10.75,10.25,11,10.25],"texture":"#0"},"west":{"uv":[10.5,10.25,10.75,10.25],"texture":"#0"},"up":{"uv":[10.5,10.25,10.25,10],"texture":"#0"},"down":{"uv":[10.75,10,10.5,10.25],"texture":"#0"}}},{"from":[8,1.9,1.75],"to":[8.5,2.15,2.25],"rotation":{"angle":0,"axis":"y","origin":[15.75,9.9,9.5]},"faces":{"north":{"uv":[14.5,0.75,14.5,0.75],"texture":"#0"},"east":{"uv":[14.5,0.75,14.5,0.75],"texture":"#0"},"south":{"uv":[14.5,0.75,14.5,0.75],"texture":"#0"},"west":{"uv":[14.5,0.75,14.5,0.75],"texture":"#0"},"up":{"uv":[14.5,0.75,14.5,0.75],"texture":"#0"},"down":{"uv":[14.5,0.75,14.5,0.75],"texture":"#0"}}},{"from":[3.5,1.9,1.75],"to":[4,2.15,2.25],"rotation":{"angle":0,"axis":"y","origin":[11.25,9.9,9.5]},"faces":{"north":{"uv":[14.5,0.75,14.5,0.75],"texture":"#0"},"east":{"uv":[14.5,0.75,14.5,0.75],"texture":"#0"},"south":{"uv":[14.5,0.75,14.5,0.75],"texture":"#0"},"west":{"uv":[14.5,0.75,14.5,0.75],"texture":"#0"},"up":{"uv":[14.5,0.75,14.5,0.75],"texture":"#0"},"down":{"uv":[14.5,0.75,14.5,0.75],"texture":"#0"}}},{"from":[5.7,1.9,1.75],"to":[6.2,2.15,2.25],"rotation":{"angle":0,"axis":"y","origin":[13.45,9.9,9.5]},"faces":{"north":{"uv":[14.5,0.75,14.5,0.75],"texture":"#0"},"east":{"uv":[14.5,0.75,14.5,0.75],"texture":"#0"},"south":{"uv":[14.5,0.75,14.5,0.75],"texture":"#0"},"west":{"uv":[14.5,0.75,14.5,0.75],"texture":"#0"},"up":{"uv":[14.5,0.75,14.5,0.75],"texture":"#0"},"down":{"uv":[14.5,0.75,14.5,0.75],"texture":"#0"}}}]}