{"display":{"head":{"translation":[0,0,11.75],"scale":[1.5,1.5,1.5]},"fixed":{"translation":[0,0,-1],"scale":[2,2,2]}},"texture_size":[32,32],"textures":{"0":"impostor/deco/lever","particle":"impostor/deco/lever"},"elements":[{"name":"base","from":[2,5,7],"to":[14,11,9],"rotation":{"angle":0,"axis":"y","origin":[10,11,16]},"faces":{"north":{"uv":[0,0,6,3],"texture":"#0"},"east":{"uv":[0,7,1,10],"texture":"#0"},"south":{"uv":[0,3,6,6],"texture":"#0"},"west":{"uv":[1,7,2,10],"texture":"#0"},"up":{"uv":[6,7,0,6],"texture":"#0"},"down":{"uv":[12,6,6,7],"texture":"#0"}}},{"name":"lever","from":[5,6,3],"to":[6,7,8],"rotation":{"angle":-45,"axis":"x","origin":[5.5,6.5,5.5]},"faces":{"north":{"uv":[6.5,7.5,6,7],"rotation":180,"texture":"#0"},"east":{"uv":[2.5,7,3,9.5],"rotation":90,"texture":"#0"},"south":{"uv":[7,7,6.5,7.5],"texture":"#0"},"west":{"uv":[3.5,7,4,9.5],"rotation":270,"texture":"#0"},"up":{"uv":[3,7,3.5,9.5],"texture":"#0"},"down":{"uv":[2,7,2.5,9.5],"rotation":180,"texture":"#0"}}},{"name":"lever","from":[10,6,3],"to":[11,7,8],"rotation":{"angle":-45,"axis":"x","origin":[10.5,6.5,5.5]},"faces":{"north":{"uv":[7.5,7.5,7,7],"rotation":180,"texture":"#0"},"east":{"uv":[4.5,7,5,9.5],"rotation":90,"texture":"#0"},"south":{"uv":[7.5,4,7,4.5],"texture":"#0"},"west":{"uv":[5.5,7,6,9.5],"rotation":270,"texture":"#0"},"up":{"uv":[5,7,5.5,9.5],"texture":"#0"},"down":{"uv":[4,7,4.5,9.5],"rotation":180,"texture":"#0"}}},{"name":"handle","from":[4,3.5,2.5],"to":[12,5.5,4.5],"rotation":{"angle":-45,"axis":"x","origin":[8,4.5,3.5]},"faces":{"north":{"uv":[10,3,6,2],"rotation":180,"texture":"#0"},"east":{"uv":[6,4,7,5],"rotation":90,"texture":"#0"},"south":{"uv":[10,3,6,4],"texture":"#0"},"west":{"uv":[6,5,7,6],"rotation":270,"texture":"#0"},"up":{"uv":[6,1,10,2],"texture":"#0"},"down":{"uv":[6,0,10,1],"rotation":180,"texture":"#0"}}}]}