{"display":{"fixed":{"translation":[-16,0,-4.75],"scale":[2,2,2]}},"texture_size":[128,128],"textures":{"0":"impostor/deco/medbay_tv01b","particle":"impostor/deco/medbay_tv01b"},"elements":[{"from":[-16,-16,7],"to":[24,32,11],"shade":false,"rotation":{"angle":0,"axis":"y","origin":[8,8,15]},"faces":{"north":{"uv":[5.5,0.5,0.5,6.5],"texture":"#0"},"east":{"uv":[6,0.5,5.5,6.5],"texture":"#0"},"south":{"uv":[11,0.5,6,6.5],"texture":"#0"},"west":{"uv":[0.5,0.5,0,6.5],"texture":"#0"},"up":{"uv":[0.5,0.5,5.5,0],"texture":"#0"},"down":{"uv":[5.5,0,10.5,0.5],"texture":"#0"}}},{"from":[-16,28,3],"to":[24,32,7],"shade":false,"rotation":{"angle":0,"axis":"y","origin":[8,8,11]},"faces":{"north":{"uv":[5.5,8,0.5,8.5],"texture":"#0"},"east":{"uv":[6,8,5.5,8.5],"texture":"#0"},"south":{"uv":[11,8,6,8.5],"texture":"#0"},"west":{"uv":[0.5,8,0,8.5],"texture":"#0"},"up":{"uv":[0.5,8,5.5,7.5],"texture":"#0"},"down":{"uv":[5.5,7.5,10.5,8],"texture":"#0"}}},{"from":[-16,-12,3],"to":[-12,28,7],"shade":false,"rotation":{"angle":0,"axis":"y","origin":[8,4,11]},"faces":{"north":{"uv":[1,9,0.5,14],"texture":"#0"},"east":{"uv":[1.5,9,1,14],"texture":"#0"},"south":{"uv":[2,9,1.5,14],"texture":"#0"},"west":{"uv":[0.5,9,0,14],"texture":"#0"},"up":{"uv":[0.5,9,1,8.5],"texture":"#0"},"down":{"uv":[1,8.5,1.5,9],"texture":"#0"}}},{"from":[-16,-16,3],"to":[24,-12,7],"shade":false,"rotation":{"angle":0,"axis":"y","origin":[8,-36,11]},"faces":{"north":{"uv":[5.5,7,0.5,7.5],"texture":"#0"},"east":{"uv":[6,7,5.5,7.5],"texture":"#0"},"south":{"uv":[11,7,6,7.5],"texture":"#0"},"west":{"uv":[0.5,7,0,7.5],"texture":"#0"},"up":{"uv":[0.5,7,5.5,6.5],"texture":"#0"},"down":{"uv":[5.5,6.5,10.5,7],"texture":"#0"}}}]}