{"display":{"head":{"translation":[0,0,26.25],"scale":[2,2,2]},"fixed":{"translation":[0,-10.25,13.25],"scale":[2.5,2.5,2.5]}},"texture_size":[64,64],"textures":{"0":"impostor/deco/window","particle":"impostor/deco/window"},"elements":[{"name":"glass","from":[-2,2,1],"to":[18,22,1],"rotation":{"angle":0,"axis":"y","origin":[8,12,2]},"faces":{"north":{"uv":[5,5,10,10],"texture":"#0"},"east":{"uv":[0,0,0,5],"texture":"#0"},"south":{"uv":[5,0,10,5],"texture":"#0"},"west":{"uv":[0,0,0,5],"texture":"#0"},"up":{"uv":[5,0,0,0],"texture":"#0"},"down":{"uv":[5,0,0,0],"texture":"#0"}}},{"name":"space","from":[-2,2,1.15],"to":[18,22,1.15],"rotation":{"angle":0,"axis":"y","origin":[12,9,9.15]},"faces":{"north":{"uv":[0,0,5,5],"texture":"#0"},"east":{"uv":[0,0,0,5],"texture":"#0"},"south":{"uv":[0,5,5,10],"texture":"#0"},"west":{"uv":[0,0,0,5],"texture":"#0"},"up":{"uv":[5,0,0,0],"texture":"#0"},"down":{"uv":[5,0,0,0],"texture":"#0"}}},{"name":"corner","from":[-4.52082,7.5,-1],"to":[-3.52082,16.5,4],"rotation":{"angle":-45,"axis":"z","origin":[8,12,7]},"faces":{"north":{"uv":[5,12.5,5.25,14.75],"texture":"#0"},"east":{"uv":[10,2.5,11.25,4.75],"texture":"#0"},"south":{"uv":[5.25,12.5,5.5,14.75],"texture":"#0"},"west":{"uv":[10,4.75,11.25,7],"texture":"#0"},"up":{"uv":[6.25,13.75,6,12.5],"texture":"#0"},"down":{"uv":[6.5,12.5,6.25,13.75],"texture":"#0"}}},{"name":"corner","from":[19.52082,7.5,-1],"to":[20.52082,16.5,4],"rotation":{"angle":-45,"axis":"z","origin":[8,12,7]},"faces":{"north":{"uv":[5.5,12.5,5.75,14.75],"texture":"#0"},"east":{"uv":[10,7,11.25,9.25],"texture":"#0"},"south":{"uv":[5.75,12.5,6,14.75],"texture":"#0"},"west":{"uv":[11,11,12.25,13.25],"texture":"#0"},"up":{"uv":[6.75,13.75,6.5,12.5],"texture":"#0"},"down":{"uv":[7,12.5,6.75,13.75],"texture":"#0"}}},{"name":"corner","from":[3.5,-0.52082,-1],"to":[12.5,0.47918,4],"rotation":{"angle":-45,"axis":"z","origin":[8,12,7]},"faces":{"north":{"uv":[12.25,5.5,14.5,5.75],"texture":"#0"},"east":{"uv":[12.25,11.25,13.5,11.5],"texture":"#0"},"south":{"uv":[12.25,5.75,14.5,6],"texture":"#0"},"west":{"uv":[12.25,11.5,13.5,11.75],"texture":"#0"},"up":{"uv":[13.25,10.5,11,9.25],"texture":"#0"},"down":{"uv":[7.25,11.25,5,12.5],"texture":"#0"}}},{"name":"corner","from":[3.5,23.52082,-1],"to":[12.5,24.52082,4],"rotation":{"angle":-45,"axis":"z","origin":[8,12,7]},"faces":{"north":{"uv":[12.25,6,14.5,6.25],"texture":"#0"},"east":{"uv":[12.25,11.75,13.5,12],"texture":"#0"},"south":{"uv":[12.25,11,14.5,11.25],"texture":"#0"},"west":{"uv":[12.25,12,13.5,12.25],"texture":"#0"},"up":{"uv":[9.5,12.5,7.25,11.25],"texture":"#0"},"down":{"uv":[13.5,2.5,11.25,3.75],"texture":"#0"}}},{"name":"right","from":[-4,6,-1],"to":[-2,18,4],"rotation":{"angle":0,"axis":"y","origin":[8,12,7]},"faces":{"north":{"uv":[9.5,11.25,10,14.25],"texture":"#0"},"east":{"uv":[0,10,1.25,13],"texture":"#0"},"south":{"uv":[10,11.25,10.5,14.25],"texture":"#0"},"west":{"uv":[1.25,10,2.5,13],"texture":"#0"},"up":{"uv":[12.25,5,11.75,3.75],"texture":"#0"},"down":{"uv":[12.25,5,11.75,6.25],"texture":"#0"}}},{"name":"left","from":[18,6,-1],"to":[20,18,4],"rotation":{"angle":0,"axis":"y","origin":[8,12,7]},"faces":{"north":{"uv":[10.5,11.25,11,14.25],"texture":"#0"},"east":{"uv":[2.5,10,3.75,13],"texture":"#0"},"south":{"uv":[11.25,3.75,11.75,6.75],"texture":"#0"},"west":{"uv":[3.75,10,5,13],"texture":"#0"},"up":{"uv":[12.75,13.5,12.25,12.25],"texture":"#0"},"down":{"uv":[12.75,3.75,12.25,5],"texture":"#0"}}},{"name":"top","from":[2,22,-1],"to":[14,24,4],"rotation":{"angle":0,"axis":"y","origin":[8,12,7]},"faces":{"north":{"uv":[11,10.5,14,11],"texture":"#0"},"east":{"uv":[11.25,8.25,12.5,8.75],"texture":"#0"},"south":{"uv":[11.25,6.75,14.25,7.25],"texture":"#0"},"west":{"uv":[11.25,8.75,12.5,9.25],"texture":"#0"},"up":{"uv":[8,11.25,5,10],"texture":"#0"},"down":{"uv":[11,10,8,11.25],"texture":"#0"}}},{"name":"bottom","from":[2,0,-1],"to":[14,2,4],"rotation":{"angle":0,"axis":"y","origin":[8,12,7]},"faces":{"north":{"uv":[11.25,7.25,14.25,7.75],"texture":"#0"},"east":{"uv":[11.75,6.25,13,6.75],"texture":"#0"},"south":{"uv":[11.25,7.75,14.25,8.25],"texture":"#0"},"west":{"uv":[12.25,5,13.5,5.5],"texture":"#0"},"up":{"uv":[13,1.25,10,0],"texture":"#0"},"down":{"uv":[13,1.25,10,2.5],"texture":"#0"}}}]}