{"textures":{"0":"modelengine:custom/santa_in_chair","particle":"modelengine:custom/santa_in_chair"},"elements":[{"from":[3.01,-1.99,5.01],"to":[12.99,4.99,10.99],"faces":{"east":{"uv":[8.375,5.0,9.125,5.875],"tintindex":0,"rotation":0,"texture":"#0"},"south":{"uv":[11.125,5.0,12.375,5.875],"tintindex":0,"rotation":0,"texture":"#0"},"north":{"uv":[9.125,5.0,10.375,5.875],"tintindex":0,"rotation":0,"texture":"#0"},"west":{"uv":[10.375,5.0,11.125,5.875],"tintindex":0,"rotation":0,"texture":"#0"},"up":{"uv":[10.375,5.0,9.125,4.25],"tintindex":0,"rotation":0,"texture":"#0"},"down":{"uv":[11.625,4.25,10.375,5.0],"tintindex":0,"rotation":0,"texture":"#0"}}}],"display":{"gui":{"rotation":[30,225,0]}}}