{"file_name":"leg","texture_size":[128,128],"textures":{"layer0":"manamodels/managolem"},"elements":[{"name":"leg_0","from":[6.986396,3.4999998,7.78787],"to":[9.986396,5.8999996,10.78787],"rotation":{"angle":-45.0,"axis":"y","origin":[9.686396,2.2999997,8.08787]},"faces":{"east":{"uv":[12.5,2.875,13.125,3.375],"texture":"#layer0","tintindex":0},"south":{"uv":[11.5,12.5,12.125,13.0],"texture":"#layer0","tintindex":0},"north":{"uv":[8.5,10.25,9.125,10.75],"texture":"#layer0","tintindex":0},"west":{"uv":[12.5,11.875,13.125,12.375],"texture":"#layer0","tintindex":0},"up":{"uv":[13.0,9.25,12.375,8.625],"texture":"#layer0","tintindex":0},"down":{"uv":[9.25,12.375,9.875,13.0],"texture":"#layer0","tintindex":0}}},{"name":"leg_1","from":[5.75,-2.5000005,6.2],"to":[10.55,0.49999976,11.6],"rotation":{"angle":-45.0,"axis":"y","origin":[9.05,-0.10000038,8.3]},"faces":{"east":{"uv":[4.25,9.625,5.375,10.25],"texture":"#layer0","tintindex":0},"south":{"uv":[11.25,0.875,12.25,1.5],"texture":"#layer0","tintindex":0},"north":{"uv":[0.875,11.25,1.875,11.875],"texture":"#layer0","tintindex":0},"west":{"uv":[9.625,6.625,10.75,7.25],"texture":"#layer0","tintindex":0},"up":{"uv":[1.0,9.0,0.0,7.875],"texture":"#layer0","tintindex":0},"down":{"uv":[1.125,7.875,2.125,9.0],"texture":"#layer0","tintindex":0}}},{"name":"leg_2","from":[6.1014743,-3.7000003,6.2],"to":[9.701475,4.1,10.4],"rotation":{"angle":-45.0,"axis":"y","origin":[8.201474,-3.1000004,8.3]},"faces":{"east":{"uv":[5.25,3.75,6.125,5.375],"texture":"#layer0","tintindex":0},"south":{"uv":[1.0,6.125,1.75,7.75],"texture":"#layer0","tintindex":0},"north":{"uv":[4.0,5.75,4.75,7.375],"texture":"#layer0","tintindex":0},"west":{"uv":[5.25,5.5,6.125,7.125],"texture":"#layer0","tintindex":0},"up":{"uv":[2.25,4.625,1.5,3.75],"texture":"#layer0","tintindex":0},"down":{"uv":[0.0,11.0,0.75,11.875],"texture":"#layer0","tintindex":0}}}],"display":{"head":{"translation":[0.0,-6.4,0.0],"rotation":[0.0,0.0,0.0],"scale":[3.8095,3.8095,3.8095]},"gui":{"translation":[0.0,0.0,0.0],"rotation":[35.0,225.0,0.0],"scale":[0.625,0.625,0.625]}}}