{"file_name":"torso","texture_size":[128,128],"textures":{"layer0":"manamodels/managolem"},"elements":[{"name":"torso_0","from":[5.0,14.900001,6.8],"to":[11.0,17.3,11.0],"rotation":{"angle":0.0,"axis":"z","origin":[8.0,8.0,8.0]},"faces":{"east":{"uv":[11.5,3.0,12.375,3.5],"texture":"#layer0","tintindex":0},"south":{"uv":[6.25,11.125,7.5,11.625],"texture":"#layer0","tintindex":0},"north":{"uv":[10.5,3.625,11.75,4.125],"texture":"#layer0","tintindex":0},"west":{"uv":[2.0,11.625,2.875,12.125],"texture":"#layer0","tintindex":0},"up":{"uv":[9.625,8.875,8.375,8.0],"texture":"#layer0","tintindex":0},"down":{"uv":[8.5,5.625,9.75,6.5],"texture":"#layer0","tintindex":0}}},{"name":"torso_1","from":[2.6,17.3,5.6],"to":[13.400001,25.7,12.2],"rotation":{"angle":0.0,"axis":"z","origin":[8.0,8.0,8.0]},"faces":{"east":{"uv":[2.375,3.0,3.75,4.75],"texture":"#layer0","tintindex":0},"south":{"uv":[0.0,1.875,2.25,3.625],"texture":"#layer0","tintindex":0},"north":{"uv":[0.0,0.0,2.25,1.75],"texture":"#layer0","tintindex":0},"west":{"uv":[0.0,3.75,1.375,5.5],"texture":"#layer0","tintindex":0},"up":{"uv":[4.625,1.375,2.375,0.0],"texture":"#layer0","tintindex":0},"down":{"uv":[2.375,1.5,4.625,2.875],"texture":"#layer0","tintindex":0}}}],"display":{"head":{"translation":[0.0,-6.4,0.0],"rotation":[0.0,0.0,0.0],"scale":[3.8095,3.8095,3.8095]},"gui":{"translation":[0.0,0.0,0.0],"rotation":[35.0,225.0,0.0],"scale":[0.625,0.625,0.625]}}}