{"display":{"thirdperson_righthand":{"translation":[0,0,2.75],"scale":[0.5,0.5,0.5]},"thirdperson_lefthand":{"translation":[0,0,2.75],"scale":[0.5,0.5,0.5]},"firstperson_righthand":{"scale":[0.5,0.5,0.5]},"firstperson_lefthand":{"scale":[0.5,0.5,0.5]},"ground":{"scale":[0.25,0.25,0.25]},"gui":{"rotation":[-12,-21,0],"translation":[0.25,0,0],"scale":[0.7,0.7,-0.7]},"head":{"translation":[0,6.25,2.25],"scale":[1.7,1.7,1.7]},"fixed":{"translation":[0,0,-2.75]}},"texture_size":[128,128],"textures":{"0":"crates/mythical/mythical_helmet","particle":"crates/mythical/mythical_helmet"},"elements":[{"from":[7.5,7,2.225],"to":[8.5,14,3.225],"rotation":{"angle":22.5,"axis":"z","origin":[8,13.5,2.75]},"faces":{"north":{"uv":[2.125,4.375,2.25,5.25],"texture":"#0"},"east":{"uv":[4.5,1.5,4.625,2.375],"texture":"#0"},"south":{"uv":[4.5,2.5,4.625,3.375],"texture":"#0"},"west":{"uv":[4.625,0.375,4.75,1.25],"texture":"#0"},"up":{"uv":[1,7.25,0.875,7.125],"texture":"#0"},"down":{"uv":[7.25,1,7.125,1.125],"texture":"#0"}}},{"from":[9.7961,4.91553,2.2],"to":[10.7961,7.91553,3.2],"rotation":{"angle":-22.5,"axis":"z","origin":[10.2961,7.41553,2.7]},"faces":{"north":{"uv":[1.5,6.125,1.625,6.5],"texture":"#0"},"east":{"uv":[1.75,6.125,1.875,6.5],"texture":"#0"},"south":{"uv":[6.125,1.75,6.25,2.125],"texture":"#0"},"west":{"uv":[2,6.125,2.125,6.5],"texture":"#0"},"up":{"uv":[1.75,7.25,1.625,7.125],"texture":"#0"},"down":{"uv":[3,7.125,2.875,7.25],"texture":"#0"}}},{"from":[5.2039,4.91553,2.2],"to":[6.2039,7.91553,3.2],"rotation":{"angle":22.5,"axis":"z","origin":[5.7039,7.41553,2.7]},"faces":{"north":{"uv":[2.25,6.125,2.375,6.5],"texture":"#0"},"east":{"uv":[6.125,2.25,6.25,2.625],"texture":"#0"},"south":{"uv":[2.5,6.125,2.625,6.5],"texture":"#0"},"west":{"uv":[2.75,6.125,2.875,6.5],"texture":"#0"},"up":{"uv":[3.25,7.25,3.125,7.125],"texture":"#0"},"down":{"uv":[7.25,3.625,7.125,3.75],"texture":"#0"}}},{"from":[7.5,7,2.225],"to":[8.5,14,3.225],"rotation":{"angle":-22.5,"axis":"z","origin":[8,13.5,2.725]},"faces":{"north":{"uv":[0.75,4.75,0.875,5.625],"texture":"#0"},"east":{"uv":[1,4.75,1.125,5.625],"texture":"#0"},"south":{"uv":[4.75,1.375,4.875,2.25],"texture":"#0"},"west":{"uv":[2.375,4.75,2.5,5.625],"texture":"#0"},"up":{"uv":[1.25,7.25,1.125,7.125],"texture":"#0"},"down":{"uv":[1.5,7.125,1.375,7.25],"texture":"#0"}}},{"from":[8.43207,5.17218,1.775],"to":[9.43207,9.17218,2.775],"rotation":{"angle":22.5,"axis":"z","origin":[8.43207,7.17218,2.275]},"faces":{"north":{"uv":[5.625,0,5.75,0.5],"texture":"#0"},"east":{"uv":[5.625,2.125,5.75,2.625],"texture":"#0"},"south":{"uv":[5.625,2.75,5.75,3.25],"texture":"#0"},"west":{"uv":[5.625,3.375,5.75,3.875],"texture":"#0"},"up":{"uv":[6.375,7.125,6.25,7],"texture":"#0"},"down":{"uv":[6.625,7,6.5,7.125],"texture":"#0"}}},{"from":[7.33329,5.01994,1.75],"to":[8.33329,9.01994,2.75],"rotation":{"angle":-22.5,"axis":"z","origin":[8.33329,9.01994,2.25]},"faces":{"north":{"uv":[0.75,5.75,0.875,6.25],"texture":"#0"},"east":{"uv":[1,5.75,1.125,6.25],"texture":"#0"},"south":{"uv":[1.25,5.75,1.375,6.25],"texture":"#0"},"west":{"uv":[5.75,1.375,5.875,1.875],"texture":"#0"},"up":{"uv":[6.875,7.125,6.75,7],"texture":"#0"},"down":{"uv":[7.125,6.75,7,6.875],"texture":"#0"}}},{"from":[7,4,1.725],"to":[10,7,2.725],"rotation":{"angle":45,"axis":"z","origin":[8,5,2.225]},"faces":{"north":{"uv":[4.25,4.25,4.625,4.625],"texture":"#0"},"east":{"uv":[5.875,3,6,3.375],"texture":"#0"},"south":{"uv":[1.25,4.375,1.625,4.75],"texture":"#0"},"west":{"uv":[3.5,5.875,3.625,6.25],"texture":"#0"},"up":{"uv":[6.25,3.625,5.875,3.5],"texture":"#0"},"down":{"uv":[4.125,5.875,3.75,6],"texture":"#0"}}},{"from":[6.5,4.20711,1.8],"to":[9.5,10.20711,1.8],"rotation":{"angle":0,"axis":"z","origin":[8,5.70711,1.3]},"faces":{"north":{"uv":[3.5,0,3.875,0.75],"texture":"#0"},"east":{"uv":[3.375,7.125,3.375,7.875],"texture":"#0"},"south":{"uv":[3.5,3.125,3.875,3.875],"texture":"#0"},"west":{"uv":[5.75,7.125,5.75,7.875],"texture":"#0"},"up":{"uv":[3.875,0.875,3.5,0.875],"texture":"#0"},"down":{"uv":[5.125,3.875,4.75,3.875],"texture":"#0"}}},{"from":[6.1,4.20711,2.3],"to":[9.9,12.20711,2.3],"rotation":{"angle":0,"axis":"z","origin":[7.5,5.70711,1.8]},"faces":{"north":{"uv":[2.75,1,3.25,2],"texture":"#0"},"east":{"uv":[5.875,7.125,5.875,8.125],"texture":"#0"},"south":{"uv":[2.75,2.125,3.25,3.125],"texture":"#0"},"west":{"uv":[6,7.125,6,8.125],"texture":"#0"},"up":{"uv":[7.5,1.75,7,1.75],"texture":"#0"},"down":{"uv":[7.5,4.875,7,4.875],"texture":"#0"}}},{"from":[5.5,2,1.5],"to":[11.5,4,2.5],"rotation":{"angle":45,"axis":"z","origin":[8,4.5,2.5]},"faces":{"north":{"uv":[2.5,3.875,3.25,4.125],"texture":"#0"},"east":{"uv":[6.5,1.25,6.625,1.5],"texture":"#0"},"south":{"uv":[4,0,4.75,0.25],"texture":"#0"},"west":{"uv":[5.75,6.5,5.875,6.75],"texture":"#0"},"up":{"uv":[5.125,4.125,4.375,4],"texture":"#0"},"down":{"uv":[5.5,2.875,4.75,3],"texture":"#0"}}},{"from":[5.5,4,1.5],"to":[7.5,8,2.5],"rotation":{"angle":45,"axis":"z","origin":[8,4.5,2.5]},"faces":{"north":{"uv":[3,4.25,3.25,4.75],"texture":"#0"},"east":{"uv":[5.5,4.875,5.625,5.375],"texture":"#0"},"south":{"uv":[1.75,4.375,2,4.875],"texture":"#0"},"west":{"uv":[5.5,5.5,5.625,6],"texture":"#0"},"up":{"uv":[4.875,6.75,4.625,6.625],"texture":"#0"},"down":{"uv":[6.875,4.75,6.625,4.875],"texture":"#0"}}},{"from":[8.6353,1.67336,2],"to":[10.6353,3.67336,3],"rotation":{"angle":22.5,"axis":"z","origin":[9.6353,2.67336,2.25]},"faces":{"north":{"uv":[5.5,4.125,5.75,4.375],"texture":"#0"},"east":{"uv":[6.625,3.75,6.75,4],"texture":"#0"},"south":{"uv":[5.5,4.5,5.75,4.75],"texture":"#0"},"west":{"uv":[6.625,4.125,6.75,4.375],"texture":"#0"},"up":{"uv":[4.5,6.75,4.25,6.625],"texture":"#0"},"down":{"uv":[6.875,4.5,6.625,4.625],"texture":"#0"}}},{"from":[14.95551,11.65339,5.7],"to":[17.95551,13.65339,6.7],"rotation":{"angle":-22.5,"axis":"z","origin":[17.95551,21.65339,3.975]},"faces":{"north":{"uv":[4.75,3.125,5.125,3.375],"texture":"#0"},"east":{"uv":[3.25,6.75,3.375,7],"texture":"#0"},"south":{"uv":[3.375,4.75,3.75,5],"texture":"#0"},"west":{"uv":[6.75,5.25,6.875,5.5],"texture":"#0"},"up":{"uv":[6.5,2.875,6.125,2.75],"texture":"#0"},"down":{"uv":[6.5,3,6.125,3.125],"texture":"#0"}}},{"from":[14.85551,13.65339,6.2],"to":[17.85551,17.65339,6.2],"rotation":{"angle":-22.5,"axis":"z","origin":[17.85551,21.65339,3.475]},"faces":{"north":{"uv":[4,0.375,4.375,0.875],"texture":"#0"},"east":{"uv":[4.5,0.375,4.5,0.875],"texture":"#0"},"south":{"uv":[4,1.625,4.375,2.125],"texture":"#0"},"west":{"uv":[6.125,7.125,6.125,7.625],"texture":"#0"},"up":{"uv":[7.5,5,7.125,5],"texture":"#0"},"down":{"uv":[7.5,5.125,7.125,5.125],"texture":"#0"}}},{"from":[18.2478,10.01466,5.7],"to":[23.2478,14.01466,5.7],"rotation":{"angle":-45,"axis":"z","origin":[22.2478,18.01466,2.975]},"faces":{"north":{"uv":[0,3,0.625,3.5],"texture":"#0"},"east":{"uv":[0,7.25,0,7.75],"texture":"#0"},"south":{"uv":[0.75,3,1.375,3.5],"texture":"#0"},"west":{"uv":[0.125,7.25,0.125,7.75],"texture":"#0"},"up":{"uv":[7.75,6.5,7.125,6.5],"texture":"#0"},"down":{"uv":[7.75,6.625,7.125,6.625],"texture":"#0"}}},{"from":[17.62036,12.26495,5.2],"to":[21.62036,16.26495,5.2],"rotation":{"angle":22.5,"axis":"z","origin":[25.62036,12.26495,2.475]},"faces":{"north":{"uv":[0,3.625,0.5,4.125],"texture":"#0"},"east":{"uv":[0.25,7.25,0.25,7.75],"texture":"#0"},"south":{"uv":[0.625,3.625,1.125,4.125],"texture":"#0"},"west":{"uv":[1.875,7.25,1.875,7.75],"texture":"#0"},"up":{"uv":[7.75,0,7.25,0],"texture":"#0"},"down":{"uv":[7.75,0.125,7.25,0.125],"texture":"#0"}}},{"from":[18.15321,5.83617,4.45],"to":[22.15321,10.83617,4.45],"rotation":{"angle":22.5,"axis":"x","origin":[18.65321,8.33617,3.95]},"faces":{"north":{"uv":[1.5,3,2,3.625],"texture":"#0"},"east":{"uv":[7.25,1.875,7.25,2.5],"texture":"#0"},"south":{"uv":[2.125,3,2.625,3.625],"texture":"#0"},"west":{"uv":[2,7.25,2,7.875],"texture":"#0"},"up":{"uv":[2.625,7.25,2.125,7.25],"texture":"#0"},"down":{"uv":[7.75,2.625,7.25,2.625],"texture":"#0"}}},{"from":[9.12241,13.41041,6.7],"to":[12.12241,15.41041,7.7],"rotation":{"angle":22.5,"axis":"y","origin":[10.62241,14.41041,6.45]},"faces":{"north":{"uv":[4.75,3.5,5.125,3.75],"texture":"#0"},"east":{"uv":[6.75,5.625,6.875,5.875],"texture":"#0"},"south":{"uv":[3.875,4.75,4.25,5],"texture":"#0"},"west":{"uv":[6,6.75,6.125,7],"texture":"#0"},"up":{"uv":[6.5,3.375,6.125,3.25],"texture":"#0"},"down":{"uv":[4.125,6.125,3.75,6.25],"texture":"#0"}}},{"from":[9.10286,15.41041,7.10171],"to":[10.10286,18.41041,8.10171],"rotation":{"angle":22.5,"axis":"y","origin":[9.60286,16.91041,6.60171]},"faces":{"north":{"uv":[3,6.125,3.125,6.5],"texture":"#0"},"east":{"uv":[6.125,3.75,6.25,4.125],"texture":"#0"},"south":{"uv":[4.25,6.125,4.375,6.5],"texture":"#0"},"west":{"uv":[6.125,4.25,6.25,4.625],"texture":"#0"},"up":{"uv":[7.25,4,7.125,3.875],"texture":"#0"},"down":{"uv":[4.375,7.125,4.25,7.25],"texture":"#0"}}},{"from":[9.12241,14.91041,6.2],"to":[14.12241,21.91041,6.2],"rotation":{"angle":22.5,"axis":"y","origin":[13.12241,23.91041,3.725]},"faces":{"north":{"uv":[2,0,2.625,0.875],"texture":"#0"},"east":{"uv":[3.625,7.25,3.625,8.125],"texture":"#0"},"south":{"uv":[2,1,2.625,1.875],"texture":"#0"},"west":{"uv":[3.75,7.25,3.75,8.125],"texture":"#0"},"up":{"uv":[7.875,3,7.25,3],"texture":"#0"},"down":{"uv":[7.875,3.125,7.25,3.125],"texture":"#0"}}},{"from":[12.67222,17.79789,5.2],"to":[14.67222,20.79789,6.2],"rotation":{"angle":45,"axis":"z","origin":[22.67222,17.79789,3.475]},"faces":{"north":{"uv":[2.625,4.75,2.875,5.125],"texture":"#0"},"east":{"uv":[4.5,6.125,4.625,6.5],"texture":"#0"},"south":{"uv":[4.75,4.25,5,4.625],"texture":"#0"},"west":{"uv":[4.75,6.125,4.875,6.5],"texture":"#0"},"up":{"uv":[6.5,6.875,6.25,6.75],"texture":"#0"},"down":{"uv":[7,6.5,6.75,6.625],"texture":"#0"}}},{"from":[15.55445,12.43087,4.7],"to":[17.55445,15.43087,5.7],"rotation":{"angle":22.5,"axis":"z","origin":[25.55445,12.43087,2.975]},"faces":{"north":{"uv":[4.375,4.75,4.625,5.125],"texture":"#0"},"east":{"uv":[6.125,4.75,6.25,5.125],"texture":"#0"},"south":{"uv":[4.75,4.75,5,5.125],"texture":"#0"},"west":{"uv":[5.5,6.125,5.625,6.5],"texture":"#0"},"up":{"uv":[6.875,6.875,6.625,6.75],"texture":"#0"},"down":{"uv":[7.125,0,6.875,0.125],"texture":"#0"}}},{"from":[16.16342,6.6194,3.95],"to":[18.16342,9.6194,4.95],"rotation":{"angle":22.5,"axis":"x","origin":[17.16342,8.1194,3.95]},"faces":{"north":{"uv":[4.875,0,5.125,0.375],"texture":"#0"},"east":{"uv":[0.5,6.25,0.625,6.625],"texture":"#0"},"south":{"uv":[4.875,0.5,5.125,0.875],"texture":"#0"},"west":{"uv":[6.25,0.5,6.375,0.875],"texture":"#0"},"up":{"uv":[1,7,0.75,6.875],"texture":"#0"},"down":{"uv":[1.375,6.875,1.125,7],"texture":"#0"}}},{"from":[13.64104,-1.06147,3.225],"to":[15.64104,3.93853,4.225],"rotation":{"angle":-22.5,"axis":"z","origin":[23.64104,-1.06147,1.5]},"faces":{"north":{"uv":[3.375,4,3.625,4.625],"texture":"#0"},"east":{"uv":[3,5.375,3.125,6],"texture":"#0"},"south":{"uv":[4,3.5,4.25,4.125],"texture":"#0"},"west":{"uv":[0.5,5.5,0.625,6.125],"texture":"#0"},"up":{"uv":[1.75,7,1.5,6.875],"texture":"#0"},"down":{"uv":[7.125,1.875,6.875,2],"texture":"#0"}}},{"from":[14.25,2,2.7],"to":[16.25,5,3.7],"rotation":{"angle":0,"axis":"y","origin":[24.25,2,0.975]},"faces":{"north":{"uv":[1.25,4.875,1.5,5.25],"texture":"#0"},"east":{"uv":[6.25,1.25,6.375,1.625],"texture":"#0"},"south":{"uv":[3,4.875,3.25,5.25],"texture":"#0"},"west":{"uv":[3.25,6.25,3.375,6.625],"texture":"#0"},"up":{"uv":[7.125,2.25,6.875,2.125],"texture":"#0"},"down":{"uv":[7.125,2.375,6.875,2.5],"texture":"#0"}}},{"from":[17.41791,1.12206,8.7],"to":[20.41791,3.12206,10.7],"rotation":{"angle":-45,"axis":"z","origin":[18.66791,2.62206,10.2]},"faces":{"north":{"uv":[4.875,1,5.25,1.25],"texture":"#0"},"east":{"uv":[2.625,5.75,2.875,6],"texture":"#0"},"south":{"uv":[5,1.375,5.375,1.625],"texture":"#0"},"west":{"uv":[4.25,5.75,4.5,6],"texture":"#0"},"up":{"uv":[2,5.25,1.625,5],"texture":"#0"},"down":{"uv":[5.375,1.75,5,2],"texture":"#0"}}},{"from":[18.15321,-1.16383,9.95],"to":[25.15321,9.83617,9.95],"rotation":{"angle":-45,"axis":"z","origin":[18.65321,1.33617,9.95]},"faces":{"north":{"uv":[0,0,0.875,1.375],"texture":"#0"},"east":{"uv":[2.75,7.25,2.75,8.625],"texture":"#0"},"south":{"uv":[1,0,1.875,1.375],"texture":"#0"},"west":{"uv":[3.5,7.25,3.5,8.625],"texture":"#0"},"up":{"uv":[8.125,2.75,7.25,2.75],"texture":"#0"},"down":{"uv":[8.125,2.875,7.25,2.875],"texture":"#0"}}},{"from":[16.25,-1,9.2],"to":[18.25,2,10.2],"rotation":{"angle":-22.5,"axis":"z","origin":[17.25,0.5,9.7]},"faces":{"north":{"uv":[0,5,0.25,5.375],"texture":"#0"},"east":{"uv":[5,6.25,5.125,6.625],"texture":"#0"},"south":{"uv":[0.375,5,0.625,5.375],"texture":"#0"},"west":{"uv":[5.25,6.25,5.375,6.625],"texture":"#0"},"up":{"uv":[7.125,2.75,6.875,2.625],"texture":"#0"},"down":{"uv":[3.125,6.875,2.875,7],"texture":"#0"}}},{"from":[-1.95551,11.65339,5.7],"to":[1.04449,13.65339,6.7],"rotation":{"angle":22.5,"axis":"z","origin":[-1.95551,21.65339,3.975]},"faces":{"north":{"uv":[5.125,3.125,4.75,3.375],"texture":"#0"},"east":{"uv":[6.875,5.25,6.75,5.5],"texture":"#0"},"south":{"uv":[3.75,4.75,3.375,5],"texture":"#0"},"west":{"uv":[3.375,6.75,3.25,7],"texture":"#0"},"up":{"uv":[6.125,2.875,6.5,2.75],"texture":"#0"},"down":{"uv":[6.125,3,6.5,3.125],"texture":"#0"}}},{"from":[-1.85551,13.65339,6.2],"to":[1.14449,17.65339,6.2],"rotation":{"angle":22.5,"axis":"z","origin":[-1.85551,21.65339,3.475]},"faces":{"north":{"uv":[4.375,0.375,4,0.875],"texture":"#0"},"east":{"uv":[6.125,7.125,6.125,7.625],"texture":"#0"},"south":{"uv":[4.375,1.625,4,2.125],"texture":"#0"},"west":{"uv":[4.5,0.375,4.5,0.875],"texture":"#0"},"up":{"uv":[7.125,5,7.5,5],"texture":"#0"},"down":{"uv":[7.125,5.125,7.5,5.125],"texture":"#0"}}},{"from":[-7.2478,10.01466,5.7],"to":[-2.2478,14.01466,5.7],"rotation":{"angle":45,"axis":"z","origin":[-6.2478,18.01466,2.975]},"faces":{"north":{"uv":[0.625,3,0,3.5],"texture":"#0"},"east":{"uv":[0.125,7.25,0.125,7.75],"texture":"#0"},"south":{"uv":[1.375,3,0.75,3.5],"texture":"#0"},"west":{"uv":[0,7.25,0,7.75],"texture":"#0"},"up":{"uv":[7.125,6.5,7.75,6.5],"texture":"#0"},"down":{"uv":[7.125,6.625,7.75,6.625],"texture":"#0"}}},{"from":[-5.62036,12.26495,5.2],"to":[-1.62036,16.26495,5.2],"rotation":{"angle":-22.5,"axis":"z","origin":[-9.62036,12.26495,2.475]},"faces":{"north":{"uv":[0.5,3.625,0,4.125],"texture":"#0"},"east":{"uv":[1.875,7.25,1.875,7.75],"texture":"#0"},"south":{"uv":[1.125,3.625,0.625,4.125],"texture":"#0"},"west":{"uv":[0.25,7.25,0.25,7.75],"texture":"#0"},"up":{"uv":[7.25,0,7.75,0],"texture":"#0"},"down":{"uv":[7.25,0.125,7.75,0.125],"texture":"#0"}}},{"from":[-6.15321,5.83617,4.45],"to":[-2.15321,10.83617,4.45],"rotation":{"angle":22.5,"axis":"x","origin":[-2.65321,8.33617,3.95]},"faces":{"north":{"uv":[2,3,1.5,3.625],"texture":"#0"},"east":{"uv":[2,7.25,2,7.875],"texture":"#0"},"south":{"uv":[2.625,3,2.125,3.625],"texture":"#0"},"west":{"uv":[7.25,1.875,7.25,2.5],"texture":"#0"},"up":{"uv":[2.125,7.25,2.625,7.25],"texture":"#0"},"down":{"uv":[7.25,2.625,7.75,2.625],"texture":"#0"}}},{"from":[-9.15321,-1.16383,9.95],"to":[-2.15321,9.83617,9.95],"rotation":{"angle":45,"axis":"z","origin":[-2.65321,1.33617,9.95]},"faces":{"north":{"uv":[0.875,0,0,1.375],"texture":"#0"},"east":{"uv":[3.5,7.25,3.5,8.625],"texture":"#0"},"south":{"uv":[1.875,0,1,1.375],"texture":"#0"},"west":{"uv":[2.75,7.25,2.75,8.625],"texture":"#0"},"up":{"uv":[7.25,2.75,8.125,2.75],"texture":"#0"},"down":{"uv":[7.25,2.875,8.125,2.875],"texture":"#0"}}},{"from":[3.87759,13.41041,6.7],"to":[6.87759,15.41041,7.7],"rotation":{"angle":-22.5,"axis":"y","origin":[5.37759,14.41041,6.45]},"faces":{"north":{"uv":[5.125,3.5,4.75,3.75],"texture":"#0"},"east":{"uv":[6.125,6.75,6,7],"texture":"#0"},"south":{"uv":[4.25,4.75,3.875,5],"texture":"#0"},"west":{"uv":[6.875,5.625,6.75,5.875],"texture":"#0"},"up":{"uv":[6.125,3.375,6.5,3.25],"texture":"#0"},"down":{"uv":[3.75,6.125,4.125,6.25],"texture":"#0"}}},{"from":[5.89714,15.41041,7.10171],"to":[6.89714,18.41041,8.10171],"rotation":{"angle":-22.5,"axis":"y","origin":[6.39714,16.91041,6.60171]},"faces":{"north":{"uv":[3.125,6.125,3,6.5],"texture":"#0"},"east":{"uv":[6.25,4.25,6.125,4.625],"texture":"#0"},"south":{"uv":[4.375,6.125,4.25,6.5],"texture":"#0"},"west":{"uv":[6.25,3.75,6.125,4.125],"texture":"#0"},"up":{"uv":[7.125,4,7.25,3.875],"texture":"#0"},"down":{"uv":[4.25,7.125,4.375,7.25],"texture":"#0"}}},{"from":[1.87759,14.91041,6.2],"to":[6.87759,21.91041,6.2],"rotation":{"angle":-22.5,"axis":"y","origin":[2.87759,23.91041,3.725]},"faces":{"north":{"uv":[2.625,0,2,0.875],"texture":"#0"},"east":{"uv":[3.75,7.25,3.75,8.125],"texture":"#0"},"south":{"uv":[2.625,1,2,1.875],"texture":"#0"},"west":{"uv":[3.625,7.25,3.625,8.125],"texture":"#0"},"up":{"uv":[7.25,3,7.875,3],"texture":"#0"},"down":{"uv":[7.25,3.125,7.875,3.125],"texture":"#0"}}},{"from":[1.32778,17.79789,5.2],"to":[3.32778,20.79789,6.2],"rotation":{"angle":-45,"axis":"z","origin":[-6.67222,17.79789,3.475]},"faces":{"north":{"uv":[2.875,4.75,2.625,5.125],"texture":"#0"},"east":{"uv":[4.875,6.125,4.75,6.5],"texture":"#0"},"south":{"uv":[5,4.25,4.75,4.625],"texture":"#0"},"west":{"uv":[4.625,6.125,4.5,6.5],"texture":"#0"},"up":{"uv":[6.25,6.875,6.5,6.75],"texture":"#0"},"down":{"uv":[6.75,6.5,7,6.625],"texture":"#0"}}},{"from":[-1.55445,12.43087,4.7],"to":[0.44555,15.43087,5.7],"rotation":{"angle":-22.5,"axis":"z","origin":[-9.55445,12.43087,2.975]},"faces":{"north":{"uv":[4.625,4.75,4.375,5.125],"texture":"#0"},"east":{"uv":[5.625,6.125,5.5,6.5],"texture":"#0"},"south":{"uv":[5,4.75,4.75,5.125],"texture":"#0"},"west":{"uv":[6.25,4.75,6.125,5.125],"texture":"#0"},"up":{"uv":[6.625,6.875,6.875,6.75],"texture":"#0"},"down":{"uv":[6.875,0,7.125,0.125],"texture":"#0"}}},{"from":[-2.16342,6.6194,3.95],"to":[-0.16342,9.6194,4.95],"rotation":{"angle":22.5,"axis":"x","origin":[-1.16342,8.1194,3.95]},"faces":{"north":{"uv":[5.125,0,4.875,0.375],"texture":"#0"},"east":{"uv":[6.375,0.5,6.25,0.875],"texture":"#0"},"south":{"uv":[5.125,0.5,4.875,0.875],"texture":"#0"},"west":{"uv":[0.625,6.25,0.5,6.625],"texture":"#0"},"up":{"uv":[0.75,7,1,6.875],"texture":"#0"},"down":{"uv":[1.125,6.875,1.375,7],"texture":"#0"}}},{"from":[0.35896,-1.06147,3.225],"to":[2.35896,3.93853,4.225],"rotation":{"angle":22.5,"axis":"z","origin":[-7.64104,-1.06147,1.5]},"faces":{"north":{"uv":[3.625,4,3.375,4.625],"texture":"#0"},"east":{"uv":[0.625,5.5,0.5,6.125],"texture":"#0"},"south":{"uv":[4.25,3.5,4,4.125],"texture":"#0"},"west":{"uv":[3.125,5.375,3,6],"texture":"#0"},"up":{"uv":[1.5,7,1.75,6.875],"texture":"#0"},"down":{"uv":[6.875,1.875,7.125,2],"texture":"#0"}}},{"from":[-0.25,2,2.7],"to":[1.75,5,3.7],"rotation":{"angle":0,"axis":"y","origin":[-8.25,2,0.975]},"faces":{"north":{"uv":[1.5,4.875,1.25,5.25],"texture":"#0"},"east":{"uv":[3.375,6.25,3.25,6.625],"texture":"#0"},"south":{"uv":[3.25,4.875,3,5.25],"texture":"#0"},"west":{"uv":[6.375,1.25,6.25,1.625],"texture":"#0"},"up":{"uv":[6.875,2.25,7.125,2.125],"texture":"#0"},"down":{"uv":[6.875,2.375,7.125,2.5],"texture":"#0"}}},{"from":[-2.25,-1,9.2],"to":[-0.25,2,10.2],"rotation":{"angle":22.5,"axis":"z","origin":[-1.25,0.5,9.7]},"faces":{"north":{"uv":[0.25,5,0,5.375],"texture":"#0"},"east":{"uv":[5.375,6.25,5.25,6.625],"texture":"#0"},"south":{"uv":[0.625,5,0.375,5.375],"texture":"#0"},"west":{"uv":[5.125,6.25,5,6.625],"texture":"#0"},"up":{"uv":[6.875,2.75,7.125,2.625],"texture":"#0"},"down":{"uv":[2.875,6.875,3.125,7],"texture":"#0"}}},{"from":[-4.41791,1.12206,8.7],"to":[-1.41791,3.12206,10.7],"rotation":{"angle":45,"axis":"z","origin":[-2.66791,2.62206,10.2]},"faces":{"north":{"uv":[5.25,1,4.875,1.25],"texture":"#0"},"east":{"uv":[4.5,5.75,4.25,6],"texture":"#0"},"south":{"uv":[5.375,1.375,5,1.625],"texture":"#0"},"west":{"uv":[2.875,5.75,2.625,6],"texture":"#0"},"up":{"uv":[1.625,5.25,2,5],"texture":"#0"},"down":{"uv":[5,1.75,5.375,2],"texture":"#0"}}},{"from":[5.3647,1.67336,2],"to":[7.3647,3.67336,3],"rotation":{"angle":-22.5,"axis":"z","origin":[6.3647,2.67336,2.5]},"faces":{"north":{"uv":[3.5,5.5,3.75,5.75],"texture":"#0"},"east":{"uv":[0,6.625,0.125,6.875],"texture":"#0"},"south":{"uv":[3.875,5.5,4.125,5.75],"texture":"#0"},"west":{"uv":[6.625,0,6.75,0.25],"texture":"#0"},"up":{"uv":[1.75,6.75,1.5,6.625],"texture":"#0"},"down":{"uv":[6.875,1.625,6.625,1.75],"texture":"#0"}}},{"from":[3.84881,-0.02373,2.225],"to":[6.84881,2.97627,3.225],"rotation":{"angle":22.5,"axis":"z","origin":[5.84881,3.22627,1.75]},"faces":{"north":{"uv":[2.5,4.25,2.875,4.625],"texture":"#0"},"east":{"uv":[5.875,2,6,2.375],"texture":"#0"},"south":{"uv":[3.75,4.25,4.125,4.625],"texture":"#0"},"west":{"uv":[5.875,2.5,6,2.875],"texture":"#0"},"up":{"uv":[6.25,0.375,5.875,0.25],"texture":"#0"},"down":{"uv":[6.25,1,5.875,1.125],"texture":"#0"}}},{"from":[4.34881,-2.02373,2.225],"to":[5.34881,-0.02373,3.225],"rotation":{"angle":22.5,"axis":"z","origin":[5.84881,3.22627,1.75]},"faces":{"north":{"uv":[6.625,2.25,6.75,2.5],"texture":"#0"},"east":{"uv":[2.375,6.625,2.5,6.875],"texture":"#0"},"south":{"uv":[2.625,6.625,2.75,6.875],"texture":"#0"},"west":{"uv":[6.625,2.625,6.75,2.875],"texture":"#0"},"up":{"uv":[7.125,5.375,7,5.25],"texture":"#0"},"down":{"uv":[5.625,7,5.5,7.125],"texture":"#0"}}},{"from":[7,0,1.95],"to":[9,3,2.95],"rotation":{"angle":0,"axis":"y","origin":[0,0,0.225]},"faces":{"north":{"uv":[4.375,3.5,4.625,3.875],"texture":"#0"},"east":{"uv":[5,5.75,5.125,6.125],"texture":"#0"},"south":{"uv":[4.75,2.375,5,2.75],"texture":"#0"},"west":{"uv":[5.25,5.75,5.375,6.125],"texture":"#0"},"up":{"uv":[6.625,1.125,6.375,1],"texture":"#0"},"down":{"uv":[6.625,5,6.375,5.125],"texture":"#0"}}},{"from":[7.5,-1,2.225],"to":[8.5,0,3.225],"rotation":{"angle":0,"axis":"y","origin":[0,0,0.25]},"faces":{"north":{"uv":[3.75,4,3.875,4.125],"texture":"#0"},"east":{"uv":[5.75,6.875,5.875,7],"texture":"#0"},"south":{"uv":[2.625,7,2.75,7.125],"texture":"#0"},"west":{"uv":[7,2.875,7.125,3],"texture":"#0"},"up":{"uv":[7.125,3.25,7,3.125],"texture":"#0"},"down":{"uv":[7.125,3.375,7,3.5],"texture":"#0"}}},{"from":[9.15119,-0.02373,2.225],"to":[12.15119,2.97627,3.225],"rotation":{"angle":-22.5,"axis":"z","origin":[10.15119,3.22627,1.75]},"faces":{"north":{"uv":[2.875,4.25,2.5,4.625],"texture":"#0"},"east":{"uv":[6,2.5,5.875,2.875],"texture":"#0"},"south":{"uv":[4.125,4.25,3.75,4.625],"texture":"#0"},"west":{"uv":[6,2,5.875,2.375],"texture":"#0"},"up":{"uv":[5.875,0.375,6.25,0.25],"texture":"#0"},"down":{"uv":[5.875,1,6.25,1.125],"texture":"#0"}}},{"from":[10.65119,-2.02373,2.225],"to":[11.65119,-0.02373,3.225],"rotation":{"angle":-22.5,"axis":"z","origin":[10.15119,3.22627,1.75]},"faces":{"north":{"uv":[6.75,2.25,6.625,2.5],"texture":"#0"},"east":{"uv":[6.75,2.625,6.625,2.875],"texture":"#0"},"south":{"uv":[2.75,6.625,2.625,6.875],"texture":"#0"},"west":{"uv":[2.5,6.625,2.375,6.875],"texture":"#0"},"up":{"uv":[7,5.375,7.125,5.25],"texture":"#0"},"down":{"uv":[5.5,7,5.625,7.125],"texture":"#0"}}},{"from":[10.15119,2.97627,1.975],"to":[12.15119,3.97627,2.975],"rotation":{"angle":-22.5,"axis":"z","origin":[10.15119,3.22627,1.75]},"faces":{"north":{"uv":[3.125,6.625,2.875,6.75],"texture":"#0"},"east":{"uv":[7.125,5.75,7,5.875],"texture":"#0"},"south":{"uv":[6.875,3,6.625,3.125],"texture":"#0"},"west":{"uv":[7.125,5.5,7,5.625],"texture":"#0"},"up":{"uv":[6.625,3.375,6.875,3.25],"texture":"#0"},"down":{"uv":[6.625,3.5,6.875,3.625],"texture":"#0"}}},{"from":[10.15327,3.07089,2],"to":[12.15327,5.07089,3],"rotation":{"angle":22.5,"axis":"z","origin":[14.15327,4.82089,1.775]},"faces":{"north":{"uv":[5.875,0.625,5.625,0.875],"texture":"#0"},"east":{"uv":[6.875,0.375,6.75,0.625],"texture":"#0"},"south":{"uv":[1.75,5.75,1.5,6],"texture":"#0"},"west":{"uv":[5.625,6.625,5.5,6.875],"texture":"#0"},"up":{"uv":[6.75,0.875,7,0.75],"texture":"#0"},"down":{"uv":[6.75,1,7,1.125],"texture":"#0"}}},{"from":[13.18034,2.59514,2.025],"to":[14.18034,5.59514,3.025],"rotation":{"angle":-22.5,"axis":"z","origin":[13.43034,6.59514,1.8]},"faces":{"north":{"uv":[6,3.75,5.875,4.125],"texture":"#0"},"east":{"uv":[6.125,1.25,6,1.625],"texture":"#0"},"south":{"uv":[6.125,0.5,6,0.875],"texture":"#0"},"west":{"uv":[6,4.25,5.875,4.625],"texture":"#0"},"up":{"uv":[7,7.125,7.125,7],"texture":"#0"},"down":{"uv":[0.375,7.125,0.5,7.25],"texture":"#0"}}},{"from":[3.84881,2.97627,1.975],"to":[5.84881,3.97627,2.975],"rotation":{"angle":22.5,"axis":"z","origin":[5.84881,3.22627,1.75]},"faces":{"north":{"uv":[2.875,6.625,3.125,6.75],"texture":"#0"},"east":{"uv":[7,5.5,7.125,5.625],"texture":"#0"},"south":{"uv":[6.625,3,6.875,3.125],"texture":"#0"},"west":{"uv":[7,5.75,7.125,5.875],"texture":"#0"},"up":{"uv":[6.875,3.375,6.625,3.25],"texture":"#0"},"down":{"uv":[6.875,3.5,6.625,3.625],"texture":"#0"}}},{"from":[1.81966,2.59514,2.025],"to":[2.81966,5.59514,3.025],"rotation":{"angle":22.5,"axis":"z","origin":[2.56966,6.59514,1.8]},"faces":{"north":{"uv":[5.875,3.75,6,4.125],"texture":"#0"},"east":{"uv":[5.875,4.25,6,4.625],"texture":"#0"},"south":{"uv":[6,0.5,6.125,0.875],"texture":"#0"},"west":{"uv":[6,1.25,6.125,1.625],"texture":"#0"},"up":{"uv":[7.125,7.125,7,7],"texture":"#0"},"down":{"uv":[0.5,7.125,0.375,7.25],"texture":"#0"}}},{"from":[3.84673,3.07089,2],"to":[5.84673,5.07089,3],"rotation":{"angle":-22.5,"axis":"z","origin":[1.84673,4.82089,1.775]},"faces":{"north":{"uv":[5.625,0.625,5.875,0.875],"texture":"#0"},"east":{"uv":[5.5,6.625,5.625,6.875],"texture":"#0"},"south":{"uv":[1.5,5.75,1.75,6],"texture":"#0"},"west":{"uv":[6.75,0.375,6.875,0.625],"texture":"#0"},"up":{"uv":[7,0.875,6.75,0.75],"texture":"#0"},"down":{"uv":[7,1,6.75,1.125],"texture":"#0"}}}],"gui_light":"front"}