{"textures":{"0":"modelengine:custom/npc_bart_ender","particle":"modelengine:custom/npc_bart_ender"},"elements":[{"from":[7.5,-6.0,6.5],"to":[8.5,-5.0,7.5],"faces":{"east":{"uv":[7.75,0.0,8.0,0.25],"tintindex":0,"rotation":0,"texture":"#0"},"south":{"uv":[0.375,7.75,0.625,8.0],"tintindex":0,"rotation":0,"texture":"#0"},"north":{"uv":[6.125,7.625,6.375,7.875],"tintindex":0,"rotation":0,"texture":"#0"},"west":{"uv":[7.75,0.375,8.0,0.625],"tintindex":0,"rotation":0,"texture":"#0"},"up":{"uv":[1.0,8.0,0.75,7.75],"tintindex":0,"rotation":0,"texture":"#0"},"down":{"uv":[1.375,7.75,1.125,8.0],"tintindex":0,"rotation":0,"texture":"#0"}}},{"from":[7.5,-6.0,7.5],"to":[8.5,8.0,8.5],"faces":{"east":{"uv":[1.5,2.75,1.75,6.25],"tintindex":0,"rotation":0,"texture":"#0"},"south":{"uv":[1.875,2.75,2.125,6.25],"tintindex":0,"rotation":0,"texture":"#0"},"north":{"uv":[1.125,2.75,1.375,6.25],"tintindex":0,"rotation":0,"texture":"#0"},"west":{"uv":[3.375,0.0,3.625,3.5],"tintindex":0,"rotation":0,"texture":"#0"},"up":{"uv":[2.25,7.875,2.0,7.625],"tintindex":0,"rotation":0,"texture":"#0"},"down":{"uv":[7.875,2.0,7.625,2.25],"tintindex":0,"rotation":0,"texture":"#0"}}},{"from":[7.25,-4.5,7.25],"to":[8.75,-3.5,8.75],"faces":{"east":{"uv":[6.75,7.375,7.125,7.625],"tintindex":0,"rotation":0,"texture":"#0"},"south":{"uv":[7.25,7.375,7.625,7.625],"tintindex":0,"rotation":0,"texture":"#0"},"north":{"uv":[7.375,4.625,7.75,4.875],"tintindex":0,"rotation":0,"texture":"#0"},"west":{"uv":[7.5,5.5,7.875,5.75],"tintindex":0,"rotation":0,"texture":"#0"},"up":{"uv":[7.25,3.375,6.875,3.0],"tintindex":0,"rotation":0,"texture":"#0"},"down":{"uv":[7.25,3.5,6.875,3.875],"tintindex":0,"rotation":0,"texture":"#0"}}}],"display":{"gui":{"rotation":[30,225,0]}}}