{"file_name":"leg3","texture_size":[128,128],"textures":{"layer0":"manamodels/npc_wardrobe"},"elements":[{"name":"leg3_0","from":[6.668,0.007999897,6.6679997],"to":[9.332001,8.0,9.332],"rotation":{"angle":0.0,"axis":"z","origin":[8.0,8.0,8.0]},"faces":{"east":{"uv":[1.75,6.375,1.25,7.875],"texture":"#layer0","tintindex":0},"south":{"uv":[1.125,6.375,0.625,7.875],"texture":"#layer0","tintindex":0},"north":{"uv":[0.5,6.125,0.0,7.625],"texture":"#layer0","tintindex":0},"west":{"uv":[6.625,1.125,6.125,2.625],"texture":"#layer0","tintindex":0},"up":{"uv":[3.375,2.125,3.875,1.625],"texture":"#layer0","tintindex":0},"down":{"uv":[0.5,9.125,0.0,9.625],"texture":"#layer0","tintindex":0}}},{"name":"leg3_1","from":[6.334999,0.007999897,6.335],"to":[9.664999,5.3360004,9.665],"rotation":{"angle":0.0,"axis":"z","origin":[8.0,8.0,8.0]},"faces":{"east":{"uv":[8.0,0.0,7.375,1.0],"texture":"#layer0","tintindex":0},"south":{"uv":[7.75,6.375,7.125,7.375],"texture":"#layer0","tintindex":0},"north":{"uv":[7.75,4.125,7.125,5.125],"texture":"#layer0","tintindex":0},"west":{"uv":[7.75,5.25,7.125,6.25],"texture":"#layer0","tintindex":0},"up":{"uv":[8.75,9.375,9.375,8.75],"texture":"#layer0","tintindex":0},"down":{"uv":[9.5,1.75,8.875,2.375],"texture":"#layer0","tintindex":0}}},{"name":"leg3_2","from":[6.0019994,0.007999897,6.002],"to":[9.997999,2.006,9.998],"rotation":{"angle":0.0,"axis":"z","origin":[8.0,8.0,8.0]},"faces":{"east":{"uv":[9.75,4.5,9.0,4.875],"texture":"#layer0","tintindex":0},"south":{"uv":[9.75,4.0,9.0,4.375],"texture":"#layer0","tintindex":0},"north":{"uv":[5.75,2.75,5.0,3.125],"texture":"#layer0","tintindex":0},"west":{"uv":[9.625,7.5,8.875,7.875],"texture":"#layer0","tintindex":0},"up":{"uv":[8.125,0.75,8.875,0.0],"texture":"#layer0","tintindex":0},"down":{"uv":[8.875,0.875,8.125,1.625],"texture":"#layer0","tintindex":0}}}],"display":{"head":{"translation":[0.0,-6.4,0.0],"rotation":[0.0,0.0,0.0],"scale":[3.8095,3.8095,3.8095]},"gui":{"translation":[0.0,0.0,0.0],"rotation":[35.0,225.0,0.0],"scale":[0.625,0.625,0.625]}}}