{"file_name":"wingtop","texture_size":[128,128],"textures":{"layer0":"manamodels/npc_wardrobe"},"elements":[{"name":"wingtop_0","from":[7.889,6.7064304,7.818932],"to":[7.889,18.02843,13.146933],"rotation":{"angle":0.0,"axis":"z","origin":[8.0,8.0,8.0]},"faces":{"east":{"uv":[2.125,0.0,1.125,2.125],"texture":"#layer0","tintindex":0},"south":{"uv":[7.625,10.5,7.625,12.625],"texture":"#layer0","tintindex":0},"north":{"uv":[7.5,10.5,7.5,12.625],"texture":"#layer0","tintindex":0},"west":{"uv":[1.125,0.0,2.125,2.125],"texture":"#layer0","tintindex":0},"up":{"uv":[10.5,6.375,10.5,5.375],"texture":"#layer0","tintindex":0},"down":{"uv":[10.5,7.5,10.5,8.5],"texture":"#layer0","tintindex":0}}},{"name":"wingtop_1","from":[7.556,8.038429,7.818932],"to":[8.222,14.69843,8.484932],"rotation":{"angle":0.0,"axis":"z","origin":[8.0,8.0,8.0]},"faces":{"east":{"uv":[0.25,9.75,0.375,11.0],"texture":"#layer0","tintindex":0},"south":{"uv":[2.5,9.75,2.625,11.0],"texture":"#layer0","tintindex":0},"north":{"uv":[0.0,9.75,0.125,11.0],"texture":"#layer0","tintindex":0},"west":{"uv":[8.75,9.875,8.875,11.125],"texture":"#layer0","tintindex":0},"up":{"uv":[7.625,9.375,7.5,9.25],"texture":"#layer0","tintindex":0},"down":{"uv":[9.625,3.75,9.75,3.875],"texture":"#layer0","tintindex":0}}}],"display":{"head":{"translation":[0.0,-6.4,0.0],"rotation":[0.0,0.0,0.0],"scale":[3.8095,3.8095,3.8095]},"gui":{"translation":[0.0,0.0,0.0],"rotation":[35.0,225.0,0.0],"scale":[0.625,0.625,0.625]}}}