{"display":{"thirdperson_righthand":{"translation":[-0.25,1,-0.75],"scale":[0.1,0.1,0.1]},"thirdperson_lefthand":{"translation":[-2,0,0],"scale":[0.1,0.1,0.1]},"firstperson_righthand":{"scale":[0.1,0.1,0.1]},"firstperson_lefthand":{"scale":[0.1,0.1,0.1]},"ground":{"translation":[0,2,0],"scale":[0.1,0.1,0.1]},"gui":{"rotation":[22,-43,0],"scale":[0.22,0.22,0.22]},"head":{"translation":[0,8.9,0],"scale":[0.1,0.1,0.1]},"fixed":{"translation":[0,0,1.5],"scale":[0.3,0.3,0.3]}},"texture_size":[256,256],"textures":{"0":"deco/manacube","particle":"deco/manacube"},"elements":[{"from":[-16,-16,-16],"to":[32,32,32],"rotation":{"angle":0,"axis":"y","origin":[0,0,0]},"faces":{"north":{"uv":[0,0,3,3],"texture":"#0"},"east":{"uv":[0,3.0625,3,6.0625],"texture":"#0"},"south":{"uv":[3.0625,0,6.0625,3],"texture":"#0"},"west":{"uv":[3.0625,3.0625,6.0625,6.0625],"texture":"#0"},"up":{"uv":[3,9.125,0,6.125],"texture":"#0"},"down":{"uv":[9.125,0,6.125,3],"texture":"#0"}}}],"gui_light":"front"}