{"display":{"thirdperson_righthand":{"rotation":[70.5,-1,0],"translation":[0,1.5,-0.5],"scale":[0.76,0.76,0.76]},"firstperson_righthand":{"rotation":[3,0,0],"translation":[0.25,1,-1.75]},"ground":{"translation":[0,3.75,0]},"gui":{"rotation":[0,-136,-5],"translation":[-0.75,0,0],"scale":[0.8,0.8,0.8]},"head":{"translation":[0,9.75,0]}},"textures":{"0":"gear/misc/snowballgun","particle":"gear/misc/snowballgun"},"elements":[{"from":[6,1,4.5],"to":[10,8,8.5],"rotation":{"angle":0,"axis":"y","origin":[8,8,6.5]},"faces":{"north":{"uv":[1,9,2,10.75],"texture":"#0"},"east":{"uv":[0,9,1,10.75],"texture":"#0"},"south":{"uv":[3,9,4,10.75],"texture":"#0"},"west":{"uv":[2,9,3,10.75],"texture":"#0"},"up":{"uv":[2,9,1,8],"texture":"#0"},"down":{"uv":[3,8,2,9],"texture":"#0"}}},{"from":[5.75,7,4.25],"to":[10.25,8.25,8.75],"rotation":{"angle":0,"axis":"y","origin":[8,8,6.5]},"faces":{"north":{"uv":[1,8.875,2,9.25],"texture":"#0"},"east":{"uv":[1,8.875,2,9.25],"texture":"#0"},"south":{"uv":[1,8.875,2,9.25],"texture":"#0"},"west":{"uv":[1,8.875,2,9.25],"texture":"#0"},"up":{"uv":[2,9,1,8],"texture":"#0"},"down":{"uv":[3,8,2,9],"texture":"#0"}}},{"from":[5.75,0.75,4.25],"to":[10.25,2,8.75],"rotation":{"angle":0,"axis":"y","origin":[8,8,6.5]},"faces":{"north":{"uv":[1,9.25,2,8.875],"texture":"#0"},"east":{"uv":[1,9.25,2,8.875],"texture":"#0"},"south":{"uv":[1,9.25,2,8.875],"texture":"#0"},"west":{"uv":[1,9.25,2,8.875],"texture":"#0"},"up":{"uv":[3,9,2,8],"texture":"#0"},"down":{"uv":[2,8,1,9],"texture":"#0"}}},{"from":[7,7,5.5],"to":[9,9,7.5],"rotation":{"angle":0,"axis":"y","origin":[8,8,6.5]},"faces":{"north":{"uv":[0.5,1.5,1,2],"texture":"#0"},"east":{"uv":[0,1.5,0.5,2],"texture":"#0"},"south":{"uv":[1.5,1.5,2,2],"texture":"#0"},"west":{"uv":[1,1.5,1.5,2],"texture":"#0"},"up":{"uv":[1,1.5,0.5,1],"texture":"#0"},"down":{"uv":[1.5,1,1,1.5],"texture":"#0"}}},{"from":[6.25,9,0],"to":[9.75,13,11],"faces":{"north":{"uv":[2.75,7,3.5,8],"texture":"#0"},"east":{"uv":[0,7,2.75,8],"texture":"#0"},"south":{"uv":[6.25,7,7,8],"texture":"#0"},"west":{"uv":[3.5,7,6.25,8],"texture":"#0"},"up":{"uv":[3.5,7,2.75,4.25],"texture":"#0"},"down":{"uv":[4.25,4.25,3.5,7],"texture":"#0"}}},{"from":[9.75,9.5,0.25],"to":[10.25,10,7.25],"rotation":{"angle":0,"axis":"y","origin":[8,8,7.75]},"faces":{"north":{"uv":[0,5.125,0.75,6.125],"texture":"#0"},"east":{"uv":[0,5.25,0.375,5.625],"texture":"#0"},"south":{"uv":[0,5.125,0.75,6.125],"texture":"#0"},"west":{"uv":[0,5.625,0.375,6],"texture":"#0"},"up":{"uv":[0.375,6,0,5.5],"texture":"#0"},"down":{"uv":[0.375,5.375,0,5.875],"texture":"#0"}}},{"from":[5.75,9.5,0.25],"to":[6.25,10,7.25],"rotation":{"angle":0,"axis":"y","origin":[8,8,7.75]},"faces":{"north":{"uv":[0.75,5.125,0,6.125],"texture":"#0"},"east":{"uv":[0.375,5.625,0,6],"texture":"#0"},"south":{"uv":[0.75,5.125,0,6.125],"texture":"#0"},"west":{"uv":[0.375,5.25,0,5.625],"texture":"#0"},"up":{"uv":[0,6,0.375,5.5],"texture":"#0"},"down":{"uv":[0,5.375,0.375,5.875],"texture":"#0"}}},{"from":[9.75,10,6.75],"to":[10.25,12,7.25],"rotation":{"angle":0,"axis":"y","origin":[8,8,7.75]},"faces":{"north":{"uv":[0,5.125,0.75,6.125],"texture":"#0"},"east":{"uv":[0,5.25,0.375,5.625],"texture":"#0"},"south":{"uv":[0,5.125,0.75,6.125],"texture":"#0"},"west":{"uv":[0,5.625,0.375,6],"texture":"#0"},"up":{"uv":[0.375,6,0,5.5],"texture":"#0"},"down":{"uv":[0.375,5.375,0,5.875],"texture":"#0"}}},{"from":[5.75,10,6.75],"to":[6.25,12,7.25],"rotation":{"angle":0,"axis":"y","origin":[8,8,7.75]},"faces":{"north":{"uv":[0.75,5.125,0,6.125],"texture":"#0"},"east":{"uv":[0.375,5.625,0,6],"texture":"#0"},"south":{"uv":[0.75,5.125,0,6.125],"texture":"#0"},"west":{"uv":[0.375,5.25,0,5.625],"texture":"#0"},"up":{"uv":[0,6,0.375,5.5],"texture":"#0"},"down":{"uv":[0,5.375,0.375,5.875],"texture":"#0"}}},{"from":[9.75,9.5,-0.25],"to":[10.25,13,0.25],"rotation":{"angle":0,"axis":"y","origin":[8,8,7.75]},"faces":{"north":{"uv":[0,5.125,0.75,6.125],"texture":"#0"},"east":{"uv":[0,5.25,0.375,5.625],"texture":"#0"},"south":{"uv":[0,5.125,0.75,6.125],"texture":"#0"},"west":{"uv":[0,5.625,0.375,6],"texture":"#0"},"up":{"uv":[0.375,6,0,5.5],"texture":"#0"},"down":{"uv":[0.375,5.375,0,5.875],"texture":"#0"}}},{"from":[5.75,9.5,-0.25],"to":[6.25,13,0.25],"rotation":{"angle":0,"axis":"y","origin":[8,8,7.75]},"faces":{"north":{"uv":[0.75,5.125,0,6.125],"texture":"#0"},"east":{"uv":[0.375,5.625,0,6],"texture":"#0"},"south":{"uv":[0.75,5.125,0,6.125],"texture":"#0"},"west":{"uv":[0.375,5.25,0,5.625],"texture":"#0"},"up":{"uv":[0,6,0.375,5.5],"texture":"#0"},"down":{"uv":[0,5.375,0.375,5.875],"texture":"#0"}}},{"from":[8,13,-0.25],"to":[10.25,13.5,0.25],"rotation":{"angle":0,"axis":"y","origin":[8,8,7.75]},"faces":{"north":{"uv":[0,5.125,0.75,6.125],"texture":"#0"},"east":{"uv":[0,5.25,0.375,5.625],"texture":"#0"},"south":{"uv":[0,5.125,0.75,6.125],"texture":"#0"},"west":{"uv":[0,5.625,0.375,6],"texture":"#0"},"up":{"uv":[0.375,6,0,5.5],"texture":"#0"},"down":{"uv":[0.375,5.375,0,5.875],"texture":"#0"}}},{"from":[5.75,13,-0.25],"to":[8,13.5,0.25],"rotation":{"angle":0,"axis":"y","origin":[8,8,7.75]},"faces":{"north":{"uv":[0.75,5.125,0,6.125],"texture":"#0"},"east":{"uv":[0.375,5.625,0,6],"texture":"#0"},"south":{"uv":[0.75,5.125,0,6.125],"texture":"#0"},"west":{"uv":[0.375,5.25,0,5.625],"texture":"#0"},"up":{"uv":[0,6,0.375,5.5],"texture":"#0"},"down":{"uv":[0,5.375,0.375,5.875],"texture":"#0"}}},{"from":[9.75,12,6.75],"to":[10.25,12.5,10.75],"rotation":{"angle":0,"axis":"y","origin":[8,8,7.75]},"faces":{"north":{"uv":[0,5.125,0.75,6.125],"texture":"#0"},"east":{"uv":[0,5.25,0.375,5.625],"texture":"#0"},"south":{"uv":[0,5.125,0.75,6.125],"texture":"#0"},"west":{"uv":[0,5.625,0.375,6],"texture":"#0"},"up":{"uv":[0.375,6,0,5.5],"texture":"#0"},"down":{"uv":[0.375,5.375,0,5.875],"texture":"#0"}}},{"from":[5.75,12,6.75],"to":[6.25,12.5,10.75],"rotation":{"angle":0,"axis":"y","origin":[8,8,7.75]},"faces":{"north":{"uv":[0.75,5.125,0,6.125],"texture":"#0"},"east":{"uv":[0.375,5.625,0,6],"texture":"#0"},"south":{"uv":[0.75,5.125,0,6.125],"texture":"#0"},"west":{"uv":[0.375,5.25,0,5.625],"texture":"#0"},"up":{"uv":[0,6,0.375,5.5],"texture":"#0"},"down":{"uv":[0,5.375,0.375,5.875],"texture":"#0"}}},{"from":[6.375,10,8.75],"to":[6.875,10.5,21.25],"rotation":{"angle":22.5,"axis":"x","origin":[8.625,6,15.25]},"faces":{"north":{"uv":[0.75,5.125,0,6.125],"texture":"#0"},"east":{"uv":[0.375,5.625,0,6],"texture":"#0"},"south":{"uv":[0.75,5.125,0,6.125],"texture":"#0"},"west":{"uv":[0.375,5.25,0,5.625],"texture":"#0"},"up":{"uv":[0,6,0.375,5.5],"texture":"#0"},"down":{"uv":[0,5.375,0.375,5.875],"texture":"#0"}}},{"from":[9.125,10,8.75],"to":[9.625,10.5,21.25],"rotation":{"angle":22.5,"axis":"x","origin":[11.375,6,15.25]},"faces":{"north":{"uv":[0.75,5.125,0,6.125],"texture":"#0"},"east":{"uv":[0.375,5.625,0,6],"texture":"#0"},"south":{"uv":[0.75,5.125,0,6.125],"texture":"#0"},"west":{"uv":[0.375,5.25,0,5.625],"texture":"#0"},"up":{"uv":[0,6,0.375,5.5],"texture":"#0"},"down":{"uv":[0,5.375,0.375,5.875],"texture":"#0"}}},{"from":[9.125,6.41997,5.7671],"to":[9.625,6.91997,19.7671],"rotation":{"angle":22.5,"axis":"x","origin":[11.375,2.41997,13.7671]},"faces":{"north":{"uv":[0.75,5.125,0,6.125],"texture":"#0"},"east":{"uv":[0.375,5.625,0,6],"texture":"#0"},"south":{"uv":[0.75,5.125,0,6.125],"texture":"#0"},"west":{"uv":[0.375,5.25,0,5.625],"texture":"#0"},"up":{"uv":[0,6,0.375,5.5],"texture":"#0"},"down":{"uv":[0,5.375,0.375,5.875],"texture":"#0"}}},{"from":[6.375,6.41997,5.7671],"to":[6.875,6.91997,19.7671],"rotation":{"angle":22.5,"axis":"x","origin":[8.625,2.41997,13.7671]},"faces":{"north":{"uv":[0.75,5.125,0,6.125],"texture":"#0"},"east":{"uv":[0.375,5.625,0,6],"texture":"#0"},"south":{"uv":[0.75,5.125,0,6.125],"texture":"#0"},"west":{"uv":[0.375,5.25,0,5.625],"texture":"#0"},"up":{"uv":[0,6,0.375,5.5],"texture":"#0"},"down":{"uv":[0,5.375,0.375,5.875],"texture":"#0"}}},{"from":[9.125,5.70322,19.87045],"to":[9.625,10.07822,20.37045],"rotation":{"angle":22.5,"axis":"x","origin":[11.375,3.57822,15.87045]},"faces":{"north":{"uv":[0,5.375,0.375,5.875],"rotation":180,"texture":"#0"},"east":{"uv":[0.375,5.625,0,6],"rotation":270,"texture":"#0"},"south":{"uv":[0,6,0.375,5.5],"texture":"#0"},"west":{"uv":[0.375,5.25,0,5.625],"rotation":90,"texture":"#0"},"up":{"uv":[0.75,5.125,0,6.125],"rotation":180,"texture":"#0"},"down":{"uv":[0.75,5.125,0,6.125],"texture":"#0"}}},{"from":[6.375,5.70322,19.87045],"to":[6.875,10.07822,20.37045],"rotation":{"angle":22.5,"axis":"x","origin":[8.625,3.57822,15.87045]},"faces":{"north":{"uv":[0,5.375,0.375,5.875],"rotation":180,"texture":"#0"},"east":{"uv":[0.375,5.625,0,6],"rotation":270,"texture":"#0"},"south":{"uv":[0,6,0.375,5.5],"texture":"#0"},"west":{"uv":[0.375,5.25,0,5.625],"rotation":90,"texture":"#0"},"up":{"uv":[0.75,5.125,0,6.125],"rotation":180,"texture":"#0"},"down":{"uv":[0.75,5.125,0,6.125],"texture":"#0"}}},{"from":[8,12,10.75],"to":[10.25,12.5,11.25],"rotation":{"angle":0,"axis":"y","origin":[8,8,7.75]},"faces":{"north":{"uv":[0,5.125,0.75,6.125],"texture":"#0"},"east":{"uv":[0,5.25,0.375,5.625],"texture":"#0"},"south":{"uv":[0,5.125,0.75,6.125],"texture":"#0"},"west":{"uv":[0,5.625,0.375,6],"texture":"#0"},"up":{"uv":[0.375,6,0,5.5],"texture":"#0"},"down":{"uv":[0.375,5.375,0,5.875],"texture":"#0"}}},{"from":[5.75,12,10.75],"to":[8,12.5,11.25],"rotation":{"angle":0,"axis":"y","origin":[8,8,7.75]},"faces":{"north":{"uv":[0.75,5.125,0,6.125],"texture":"#0"},"east":{"uv":[0.375,5.625,0,6],"texture":"#0"},"south":{"uv":[0.75,5.125,0,6.125],"texture":"#0"},"west":{"uv":[0.375,5.25,0,5.625],"texture":"#0"},"up":{"uv":[0,6,0.375,5.5],"texture":"#0"},"down":{"uv":[0,5.375,0.375,5.875],"texture":"#0"}}},{"from":[6.25,13,6],"to":[9.75,16,7],"faces":{"north":{"uv":[1.25,0.25,2.125,1],"texture":"#0"},"east":{"uv":[0,0.25,0.25,1],"texture":"#0"},"south":{"uv":[1.25,0.25,2.125,1],"texture":"#0"},"west":{"uv":[1,0.25,1.25,1],"texture":"#0"},"up":{"uv":[1,0.25,0.25,0],"texture":"#0"},"down":{"uv":[1.75,0,1,0.25],"texture":"#0"}}},{"from":[7.2,10.25,-4],"to":[9.25,12.25,3],"rotation":{"angle":45,"axis":"z","origin":[8.10493,11.01504,-0.49495]},"faces":{"north":{"uv":[7,8.5,7.5,9.25],"texture":"#0"},"east":{"uv":[5.25,8.5,7,9.25],"texture":"#0"},"south":{"uv":[9.25,8.5,9.75,9.25],"texture":"#0"},"west":{"uv":[7.5,8.5,9.25,9.25],"texture":"#0"},"up":{"uv":[7.5,8.5,7,6.75],"texture":"#0"},"down":{"uv":[8,6.75,7.5,8.5],"texture":"#0"}}},{"from":[6.25,9.25,-10.25],"to":[10,13,-3.25],"rotation":{"angle":45,"axis":"z","origin":[8.09402,11.02595,-6.74493]},"faces":{"north":{"uv":[6.5,2,7.25,2.75],"texture":"#0"},"east":{"uv":[4.75,1.75,6.5,2.75],"texture":"#0"},"south":{"uv":[9,1.75,9.75,2.75],"texture":"#0"},"west":{"uv":[7.25,1.75,9,2.75],"texture":"#0"},"up":{"uv":[7.25,1.75,6.5,0],"texture":"#0"},"down":{"uv":[8,0,7.25,1.75],"texture":"#0"}}},{"from":[9.25,9.25,-10.75],"to":[10,13,-10.25],"rotation":{"angle":45,"axis":"z","origin":[8.09402,11.02595,-6.74493]},"faces":{"north":{"uv":[8.125,3.375,8.5,4.125],"texture":"#0"},"east":{"uv":[8.25,3.375,8.625,4.125],"texture":"#0"},"south":{"uv":[8.25,3.625,8.625,4.25],"texture":"#0"},"west":{"uv":[8.125,3.25,8.5,4],"texture":"#0"},"up":{"uv":[8.625,3.625,8.125,3.25],"texture":"#0"},"down":{"uv":[8.5,3.375,8.125,4],"texture":"#0"}}},{"from":[6.25,9.25,-10.75],"to":[7,13,-10.25],"rotation":{"angle":45,"axis":"z","origin":[8.09402,11.02595,-6.74493]},"faces":{"north":{"uv":[8.125,3.375,8.5,4.125],"texture":"#0"},"east":{"uv":[8.25,3.375,8.625,4.125],"texture":"#0"},"south":{"uv":[8.25,3.625,8.625,4.25],"texture":"#0"},"west":{"uv":[8.125,3.25,8.5,4],"texture":"#0"},"up":{"uv":[8.625,3.625,8.125,3.25],"texture":"#0"},"down":{"uv":[8.5,3.375,8.125,4],"texture":"#0"}}},{"from":[7,12.25,-10.75],"to":[9.25,13,-10.25],"rotation":{"angle":45,"axis":"z","origin":[8.09402,11.02595,-6.74493]},"faces":{"north":{"uv":[8.125,3.375,8.5,4.125],"texture":"#0"},"east":{"uv":[8.25,3.375,8.625,4.125],"texture":"#0"},"south":{"uv":[8.25,3.625,8.625,4.25],"texture":"#0"},"west":{"uv":[8.125,3.25,8.5,4],"texture":"#0"},"up":{"uv":[8.625,3.625,8.125,3.25],"texture":"#0"},"down":{"uv":[8.5,3.375,8.125,4],"texture":"#0"}}},{"from":[7,9.25,-10.75],"to":[9.25,10,-10.25],"rotation":{"angle":45,"axis":"z","origin":[8.09402,11.02595,-6.74493]},"faces":{"north":{"uv":[8.125,3.375,8.5,4.125],"texture":"#0"},"east":{"uv":[8.25,3.375,8.625,4.125],"texture":"#0"},"south":{"uv":[8.25,3.625,8.625,4.25],"texture":"#0"},"west":{"uv":[8.125,3.25,8.5,4],"texture":"#0"},"up":{"uv":[8.625,3.625,8.125,3.25],"texture":"#0"},"down":{"uv":[8.5,3.375,8.125,4],"texture":"#0"}}},{"from":[6.5,9.25,8.25],"to":[9.5,13.25,21.25],"rotation":{"angle":22.5,"axis":"x","origin":[8,8,8]},"faces":{"north":{"uv":[3.25,3.25,4,4.25],"texture":"#0"},"east":{"uv":[0,3.25,3.25,4.25],"texture":"#0"},"south":{"uv":[7.25,3.25,8,4.25],"texture":"#0"},"west":{"uv":[4,3.25,7.25,4.25],"texture":"#0"},"up":{"uv":[4,3.25,3.25,0],"texture":"#0"},"down":{"uv":[4.75,0,4,3.25],"texture":"#0"}}},{"from":[6.5,8.25,12.25],"to":[9.5,9.25,21.25],"rotation":{"angle":22.5,"axis":"x","origin":[8,8,8]},"faces":{"north":{"uv":[6.5,6.5,7.25,6.75],"texture":"#0"},"east":{"uv":[4.25,6.5,6.5,6.75],"texture":"#0"},"south":{"uv":[9.5,6.5,10.25,6.75],"texture":"#0"},"west":{"uv":[7.25,6.5,9.5,6.75],"texture":"#0"},"up":{"uv":[7.25,6.5,6.5,4.25],"texture":"#0"},"down":{"uv":[8,4.25,7.25,6.5],"texture":"#0"}}}]}