{"display":{"thirdperson_righthand":{"translation":[0,0.5,0],"scale":[0.34,0,0.34]},"thirdperson_lefthand":{"translation":[0,0.5,0],"scale":[0.33,0,0.33]},"firstperson_righthand":{"rotation":[52,-11,31],"translation":[-3.25,8,6],"scale":[0.35,1.04,0.35]},"firstperson_lefthand":{"rotation":[67,0,0],"translation":[9.5,0,0],"scale":[0.38,1,0.38]},"ground":{"translation":[0,5.5,0]},"gui":{"rotation":[91,0,0]},"head":{"rotation":[-73,-3,-180],"translation":[-1.5,-13,2.5],"scale":[0.37,1,0.37]},"fixed":{"rotation":[89,-177,6],"translation":[0.25,0.25,7]}},"textures":{"0":"gear/misc/soul_talisman","particle":"gear/misc/soul_talisman"},"elements":[{"from":[0,0,0],"to":[16,1,16],"faces":{"north":{"uv":[0,0,16,1],"texture":"#0"},"east":{"uv":[0,0,16,1],"texture":"#0"},"south":{"uv":[0,0,16,1],"texture":"#0"},"west":{"uv":[0,0,16,1],"texture":"#0"},"up":{"uv":[0,0,16,16],"texture":"#0"},"down":{"uv":[0,0,16,16],"texture":"#0"}}}],"gui_light":"front"}