{"display":{"thirdperson_righthand":{"translation":[0,12,1.5],"scale":[0.8,0.8,0.8]},"thirdperson_lefthand":{"translation":[0,12,1.5],"scale":[0.8,0.8,0.8]},"firstperson_righthand":{"rotation":[0,15,0],"translation":[1.5,3.75,1.25],"scale":[0.4,0.4,0.4]},"firstperson_lefthand":{"rotation":[0,15,0],"translation":[1.5,3.75,1.25],"scale":[0.4,0.4,0.4]},"ground":{"rotation":[53,14,0],"translation":[0,3,0],"scale":[0.25,0.25,0.25]},"gui":{"rotation":[87.31,41.94,-88.23],"translation":[1.25,1.25,0],"scale":[0.47,0.47,0.47]},"fixed":{"rotation":[0,90,0],"translation":[0,2,-1.5],"scale":[0.6,0.6,0.6]}},"texture_size":[64,64],"textures":{"1":"gear/hoe/adamant_hoe"},"elements":[{"from":[6.5,-13,5.5],"to":[9.5,-7,8.5],"rotation":{"angle":-22.5,"axis":"x","origin":[8.5,-8.5,9]},"faces":{"north":{"uv":[4.5,2,5.25,3.5],"texture":"#1"},"east":{"uv":[5.25,2,6,3.5],"texture":"#1"},"south":{"uv":[2.5,5.25,3.25,6.75],"texture":"#1"},"west":{"uv":[3.25,5.25,4,6.75],"texture":"#1"},"up":{"uv":[3.25,7.5,2.5,6.75],"texture":"#1"},"down":{"uv":[4,6.75,3.25,7.5],"texture":"#1"}}},{"from":[7,9,7],"to":[9,14,9],"rotation":{"angle":45,"axis":"y","origin":[8,11,8]},"faces":{"north":{"uv":[6.5,5.25,7,6.5],"texture":"#1"},"east":{"uv":[5.75,6.5,6.25,7.75],"texture":"#1"},"south":{"uv":[6.25,6.5,6.75,7.75],"texture":"#1"},"west":{"uv":[6.75,0,7.25,1.25],"texture":"#1"},"up":{"uv":[4.5,7.75,4,7.25],"texture":"#1"},"down":{"uv":[7.75,4.25,7.25,4.75],"texture":"#1"}}},{"from":[7,-11,6.5],"to":[9,7,9.5],"rotation":{"angle":0,"axis":"y","origin":[8,-8.5,9]},"faces":{"north":{"uv":[0,4.5,0.5,9],"texture":"#1"},"east":{"uv":[0,0,0.75,4.5],"texture":"#1"},"south":{"uv":[0.5,4.5,1,9],"texture":"#1"},"west":{"uv":[0.75,0,1.5,4.5],"texture":"#1"},"up":{"uv":[1.5,5.25,1,4.5],"texture":"#1"},"down":{"uv":[7.75,1.75,7.25,2.5],"texture":"#1"}}},{"from":[6,12.5,7.5],"to":[10,20.5,9.5],"rotation":{"angle":22.5,"axis":"x","origin":[8,16,7.5]},"faces":{"north":{"uv":[1.5,0,2.5,2],"texture":"#1"},"east":{"uv":[4,5.25,4.5,7.25],"texture":"#1"},"south":{"uv":[1.5,2,2.5,4],"texture":"#1"},"west":{"uv":[4.5,5.25,5,7.25],"texture":"#1"},"up":{"uv":[5.5,4,4.5,3.5],"texture":"#1"},"down":{"uv":[7,3.75,6,4.25],"texture":"#1"}}},{"from":[5.9,11.9,6.4],"to":[10.1,20.1,7.6],"rotation":{"angle":-22.5,"axis":"x","origin":[8,16,7.5]},"faces":{"north":{"uv":[3,0,4,2],"texture":"#1"},"east":{"uv":[6.75,6.5,7,8.5],"texture":"#1"},"south":{"uv":[3,2,4,4],"texture":"#1"},"west":{"uv":[7,4.25,7.25,6.25],"texture":"#1"},"up":{"uv":[8.25,1.25,7.25,1],"texture":"#1"},"down":{"uv":[8.25,2.5,7.25,2.75],"texture":"#1"}}},{"from":[6.5,7,6],"to":[9.5,9,10],"rotation":{"angle":0,"axis":"y","origin":[8.5,-8.5,9]},"faces":{"north":{"uv":[7.25,2.75,8,3.25],"texture":"#1"},"east":{"uv":[6.75,1.25,7.75,1.75],"texture":"#1"},"south":{"uv":[7.25,3.25,8,3.75],"texture":"#1"},"west":{"uv":[7,6.25,8,6.75],"texture":"#1"},"up":{"uv":[6.75,5.25,6,4.25],"texture":"#1"},"down":{"uv":[7.25,1.75,6.5,2.75],"texture":"#1"}}},{"from":[6.5,5,6],"to":[9.5,6,10],"rotation":{"angle":0,"axis":"y","origin":[8.5,-8.5,9]},"faces":{"north":{"uv":[7.25,5.25,8,5.5],"texture":"#1"},"east":{"uv":[7.25,4.75,8.25,5],"texture":"#1"},"south":{"uv":[7.25,5.5,8,5.75],"texture":"#1"},"west":{"uv":[7.25,5,8.25,5.25],"texture":"#1"},"up":{"uv":[7.25,3.75,6.5,2.75],"texture":"#1"},"down":{"uv":[5.75,6.5,5,7.5],"texture":"#1"}}},{"from":[6.5,14,2],"to":[9.5,19,11],"rotation":{"angle":0,"axis":"y","origin":[7.5,0,0]},"faces":{"north":{"uv":[5,5.25,5.75,6.5],"texture":"#1"},"east":{"uv":[1.5,4,3.75,5.25],"texture":"#1"},"south":{"uv":[5.75,5.25,6.5,6.5],"texture":"#1"},"west":{"uv":[3.75,4,6,5.25],"texture":"#1"},"up":{"uv":[1.75,7.5,1,5.25],"texture":"#1"},"down":{"uv":[2.5,5.25,1.75,7.5],"texture":"#1"}}},{"from":[7,12.5,-2.75],"to":[9,16.5,4.25],"rotation":{"angle":-45,"axis":"x","origin":[8,16,-1]},"faces":{"north":{"uv":[7,6.75,7.5,7.75],"texture":"#1"},"east":{"uv":[4.5,0,6.25,1],"texture":"#1"},"south":{"uv":[7.25,0,7.75,1],"texture":"#1"},"west":{"uv":[4.5,1,6.25,2],"texture":"#1"},"up":{"uv":[6.5,3.75,6,2],"texture":"#1"},"down":{"uv":[6.75,0,6.25,1.75],"texture":"#1"}}}]}