{"credit":"Copyright ManaLabs Inc","texture_size":[32,32],"textures":{"0":"modelengine:custom/babymush","particle":"minecraft:block/dirt"},"elements":[{"name":"bone2","from":[10,3,10],"to":[14,5,14],"rotation":{"angle":0,"axis":"y","origin":[8,0,8]},"faces":{"north":{"uv":[14,0,16,1],"texture":"#0"},"east":{"uv":[14,0,16,1],"texture":"#0"},"south":{"uv":[14,0,16,1],"texture":"#0"},"west":{"uv":[14,0,16,1],"texture":"#0"},"up":{"uv":[0,14,2,16],"texture":"#0"},"down":{"uv":[0,12,2,14],"texture":"#0"}}},{"name":"bone2","from":[4,2,4],"to":[12,6,12],"rotation":{"angle":0,"axis":"y","origin":[8,0,8]},"faces":{"north":{"uv":[6,14,10,16],"texture":"#0"},"east":{"uv":[6,12,10,14],"texture":"#0"},"south":{"uv":[6,12,10,14],"texture":"#0"},"west":{"uv":[6,12,10,14],"texture":"#0"},"up":{"uv":[0,0,4,4],"texture":"#0"},"down":{"uv":[2,12,6,16],"texture":"#0"}}},{"name":"bone2","from":[2,6,2],"to":[14,12,14],"rotation":{"angle":0,"axis":"y","origin":[8,0,8]},"faces":{"north":{"uv":[10,13,16,16],"texture":"#0"},"east":{"uv":[10,13,16,16],"texture":"#0"},"south":{"uv":[10,13,16,16],"texture":"#0"},"west":{"uv":[10,13,16,16],"texture":"#0"},"up":{"uv":[10,7,16,13],"texture":"#0"},"down":{"uv":[10,1,16,7],"texture":"#0"}}}],"gui_light":"front","display":{"gui":{"rotation":[17,-157,0],"scale":[0.75,0.75,0.75]}},"groups":[{"name":"hitbox","origin":[6,0.025,6],"color":0,"children":[0]},{"name":"bone","origin":[8.8,4.6,8.8],"color":1,"children":[{"name":"bone2","origin":[8,2,8],"color":2,"children":[0,1,2]},{"name":"bone3","origin":[10,3,8],"color":3,"children":[]},{"name":"bone4","origin":[6,3,8],"color":4,"children":[]}]}]}