{"credit":"Made with Blockbench","texture_size":[32,32],"textures":{"1":"manalabs:deco/skulls/chomper","particle":"manalabs:deco/skulls/chomper"},"elements":[{"from":[5,4,5],"to":[11,6,11],"rotation":{"angle":0,"axis":"y","origin":[8,-2,8]},"faces":{"north":{"uv":[11.5,1,14.5,2],"texture":"#1"},"east":{"uv":[11.5,2,14.5,3],"texture":"#1"},"south":{"uv":[11.5,3,14.5,4],"texture":"#1"},"west":{"uv":[3.5,11.5,6.5,12.5],"texture":"#1"},"up":{"uv":[3,10,0,7],"texture":"#1"},"down":{"uv":[6,7,3,10],"texture":"#1"}}},{"from":[5.5,0,5.5],"to":[10.5,4,10.5],"rotation":{"angle":0,"axis":"y","origin":[8,-2,8]},"faces":{"north":{"uv":[9,0,11.5,2],"texture":"#1"},"east":{"uv":[9,2,11.5,4],"texture":"#1"},"south":{"uv":[9,4,11.5,6],"texture":"#1"},"west":{"uv":[6,9.5,8.5,11.5],"texture":"#1"},"up":{"uv":[8.5,9.5,6,7],"texture":"#1"},"down":{"uv":[11,7,8.5,9.5],"texture":"#1"}}},{"from":[4,7.84776,8.76537],"to":[7,9.84776,8.76537],"rotation":{"angle":22.5,"axis":"x","origin":[7,7.84776,8.76537]},"faces":{"north":{"uv":[2.5,12,1,13],"texture":"#1"},"east":{"uv":[0,0,0,1],"texture":"#1"},"south":{"uv":[1,12,2.5,13],"texture":"#1"},"west":{"uv":[0,0,0,1],"texture":"#1"},"up":{"uv":[1.5,0,0,0],"texture":"#1"},"down":{"uv":[1.5,0,0,0],"texture":"#1"}}},{"from":[6.975,5.58396,3.91353],"to":[9.025,10.63396,5.96353],"rotation":{"angle":22.5,"axis":"x","origin":[8,-1.39104,4.93853]},"faces":{"north":{"uv":[6.5,11.5,7.5,14],"texture":"#1"},"east":{"uv":[7.5,11.5,8.5,14],"texture":"#1"},"south":{"uv":[8.5,11.5,9.5,14],"texture":"#1"},"west":{"uv":[9.5,11.5,10.5,14],"texture":"#1"},"up":{"uv":[14,10,13,9],"texture":"#1"},"down":{"uv":[14,10,13,11],"texture":"#1"}}},{"from":[7,9.69552,8.53073],"to":[9,13.69552,10.53073],"rotation":{"angle":0,"axis":"y","origin":[8,-2.30448,9.53073]},"faces":{"north":{"uv":[11.5,4,12.5,6],"texture":"#1"},"east":{"uv":[10.5,11.5,11.5,13.5],"texture":"#1"},"south":{"uv":[11.5,11.5,12.5,13.5],"texture":"#1"},"west":{"uv":[0,12,1,14],"texture":"#1"},"up":{"uv":[2,14,1,13],"texture":"#1"},"down":{"uv":[3,13,2,14],"texture":"#1"}}},{"from":[4.1,12.19552,2.03073],"to":[5.1,13.19552,2.03073],"rotation":{"angle":-45,"axis":"z","origin":[3.6,11.69552,1.63073]},"faces":{"north":{"uv":[11.5,9,11,9.5],"texture":"#1"},"east":{"uv":[0,0,0,0.5],"texture":"#1"},"south":{"uv":[11.5,9,11,9.5],"texture":"#1"},"west":{"uv":[0,0,0,0.5],"texture":"#1"},"up":{"uv":[0,0,0.5,0],"texture":"#1"},"down":{"uv":[0,0,0.5,0],"texture":"#1"}}},{"from":[4,11.69552,2.63073],"to":[4,13.69552,4.63073],"rotation":{"angle":45,"axis":"x","origin":[3.6,11.69552,2.63073]},"faces":{"north":{"uv":[0,0,0,1],"texture":"#1"},"east":{"uv":[6.5,12.5,5.5,13.5],"texture":"#1"},"south":{"uv":[0,0,0,1],"texture":"#1"},"west":{"uv":[5.5,12.5,6.5,13.5],"texture":"#1"},"up":{"uv":[0,1,0,0],"texture":"#1"},"down":{"uv":[0,0,0,1],"texture":"#1"}}},{"from":[7,10.69552,2.03073],"to":[9,12.69552,2.03073],"rotation":{"angle":45,"axis":"z","origin":[8,11.69552,1.63073]},"faces":{"north":{"uv":[13.5,12.5,12.5,13.5],"texture":"#1"},"east":{"uv":[0,0,0,1],"texture":"#1"},"south":{"uv":[12.5,12.5,13.5,13.5],"texture":"#1"},"west":{"uv":[0,0,0,1],"texture":"#1"},"up":{"uv":[1,0,0,0],"texture":"#1"},"down":{"uv":[1,0,0,0],"texture":"#1"}}},{"from":[10.9,12.19552,2.03073],"to":[11.9,13.19552,2.03073],"rotation":{"angle":45,"axis":"z","origin":[12.4,11.69552,1.63073]},"faces":{"north":{"uv":[11,9,11.5,9.5],"texture":"#1"},"east":{"uv":[0,0,0,0.5],"texture":"#1"},"south":{"uv":[11,9,11.5,9.5],"texture":"#1"},"west":{"uv":[0,0,0,0.5],"texture":"#1"},"up":{"uv":[0.5,0,0,0],"texture":"#1"},"down":{"uv":[0.5,0,0,0],"texture":"#1"}}},{"from":[12,11.69552,2.63073],"to":[12,13.69552,4.63073],"rotation":{"angle":45,"axis":"x","origin":[12.4,11.69552,2.63073]},"faces":{"north":{"uv":[0,0,0,1],"texture":"#1"},"east":{"uv":[6.5,12.5,5.5,13.5],"texture":"#1"},"south":{"uv":[0,0,0,1],"texture":"#1"},"west":{"uv":[5.5,12.5,6.5,13.5],"texture":"#1"},"up":{"uv":[0,1,0,0],"texture":"#1"},"down":{"uv":[0,0,0,1],"texture":"#1"}}},{"from":[3.5,9.69552,1.53073],"to":[12.5,11.69552,8.53073],"rotation":{"angle":-22.5,"axis":"x","origin":[4.30711,11.69552,2.03073]},"faces":{"north":{"uv":[0,10,4.5,11],"texture":"#1"},"east":{"uv":[11,8,14.5,9],"texture":"#1"},"south":{"uv":[8.5,10.5,13,11.5],"texture":"#1"},"west":{"uv":[11.5,0,15,1],"texture":"#1"},"up":{"uv":[9,3.5,4.5,0],"texture":"#1"},"down":{"uv":[9,3.5,4.5,7],"texture":"#1"}}},{"from":[4.1,11.59552,1.93073],"to":[6.1,13.59552,1.93073],"rotation":{"angle":45,"axis":"z","origin":[4.099,13.59552,1.93073]},"faces":{"north":{"uv":[4.5,12.5,5.5,13.5],"texture":"#1"},"east":{"uv":[0,0,0,1],"texture":"#1"},"south":{"uv":[5.5,12.5,4.5,13.5],"texture":"#1"},"west":{"uv":[0,0,0,1],"texture":"#1"},"up":{"uv":[0,0,1,0],"texture":"#1"},"down":{"uv":[0,0,1,0],"texture":"#1"}}},{"from":[12.1,10.09552,4.63073],"to":[12.1,11.09552,5.63073],"rotation":{"angle":-45,"axis":"x","origin":[12.401,13.59552,2.13073]},"faces":{"north":{"uv":[0,0,0,0.5],"texture":"#1"},"east":{"uv":[5.5,11,5,11.5],"texture":"#1"},"south":{"uv":[0,0,0,0.5],"texture":"#1"},"west":{"uv":[5,11,5.5,11.5],"texture":"#1"},"up":{"uv":[0,0.5,0,0],"texture":"#1"},"down":{"uv":[0,0,0,0.5],"texture":"#1"}}},{"from":[12.1,11.59552,2.13073],"to":[12.1,13.59552,4.13073],"rotation":{"angle":-45,"axis":"x","origin":[12.401,13.59552,2.13073]},"faces":{"north":{"uv":[0,0,0,1],"texture":"#1"},"east":{"uv":[4.5,12.5,3.5,13.5],"texture":"#1"},"south":{"uv":[0,0,0,1],"texture":"#1"},"west":{"uv":[3.5,12.5,4.5,13.5],"texture":"#1"},"up":{"uv":[0,1,0,0],"texture":"#1"},"down":{"uv":[0,0,0,1],"texture":"#1"}}},{"from":[3.9,11.59552,2.13073],"to":[3.9,13.59552,4.13073],"rotation":{"angle":-45,"axis":"x","origin":[3.599,13.59552,2.13073]},"faces":{"north":{"uv":[0,0,0,1],"texture":"#1"},"east":{"uv":[4.5,12.5,3.5,13.5],"texture":"#1"},"south":{"uv":[0,0,0,1],"texture":"#1"},"west":{"uv":[3.5,12.5,4.5,13.5],"texture":"#1"},"up":{"uv":[0,1,0,0],"texture":"#1"},"down":{"uv":[0,0,0,1],"texture":"#1"}}},{"from":[3.9,10.09552,4.63073],"to":[3.9,11.09552,5.63073],"rotation":{"angle":-45,"axis":"x","origin":[3.599,13.59552,2.13073]},"faces":{"north":{"uv":[0,0,0,0.5],"texture":"#1"},"east":{"uv":[5.5,11,5,11.5],"texture":"#1"},"south":{"uv":[0,0,0,0.5],"texture":"#1"},"west":{"uv":[5,11,5.5,11.5],"texture":"#1"},"up":{"uv":[0,0.5,0,0],"texture":"#1"},"down":{"uv":[0,0,0,0.5],"texture":"#1"}}},{"from":[9.9,11.59552,1.93073],"to":[11.9,13.59552,1.93073],"rotation":{"angle":-45,"axis":"z","origin":[11.901,13.59552,1.93073]},"faces":{"north":{"uv":[5.5,12.5,4.5,13.5],"texture":"#1"},"east":{"uv":[0,0,0,1],"texture":"#1"},"south":{"uv":[4.5,12.5,5.5,13.5],"texture":"#1"},"west":{"uv":[0,0,0,1],"texture":"#1"},"up":{"uv":[1,0,0,0],"texture":"#1"},"down":{"uv":[1,0,0,0],"texture":"#1"}}},{"from":[7.5,13.09552,1.93073],"to":[8.5,14.09552,1.93073],"rotation":{"angle":-45,"axis":"z","origin":[8,13.59552,1.83073]},"faces":{"north":{"uv":[4,11,4.5,11.5],"texture":"#1"},"east":{"uv":[0,0,0,0.5],"texture":"#1"},"south":{"uv":[4,11,4.5,11.5],"texture":"#1"},"west":{"uv":[0,0,0,0.5],"texture":"#1"},"up":{"uv":[0.5,0,0,0],"texture":"#1"},"down":{"uv":[0.5,0,0,0],"texture":"#1"}}},{"from":[3.4,13.59552,1.43073],"to":[12.6,15.79552,8.63073],"rotation":{"angle":0,"axis":"y","origin":[8,-3.30448,8.53073]},"faces":{"north":{"uv":[9,6,13.5,7],"texture":"#1"},"east":{"uv":[0,11,3.5,12],"texture":"#1"},"south":{"uv":[8.5,9.5,13,10.5],"texture":"#1"},"west":{"uv":[11,7,14.5,8],"texture":"#1"},"up":{"uv":[4.5,3.5,0,0],"texture":"#1"},"down":{"uv":[4.5,3.5,0,7],"texture":"#1"}}}],"display":{"thirdperson_righthand":{"rotation":[45,22.5,0],"scale":[0.4,0.4,0.4]},"thirdperson_lefthand":{"rotation":[45,22.5,0],"scale":[0.4,0.4,0.4]},"firstperson_righthand":{"rotation":[-180,60,-180],"translation":[0,2,0],"scale":[0.75,0.75,0.75]},"firstperson_lefthand":{"rotation":[-180,60,-180],"translation":[0,2,0],"scale":[0.75,0.75,0.75]},"ground":{"translation":[0,2,0],"scale":[0.4,0.4,0.4]},"gui":{"rotation":[-165,25,180],"translation":[0.5,0,0],"scale":[0.84,0.84,0.84]}}}