{"credit":"Copyright ManaLabs Inc","texture_size":[128,128],"textures":{"0":"modelengine:custom/golem","particle":"modelengine:custom/golem"},"elements":[{"name":"head_0","from":[4.4,8,4.4],"to":[11.6,12.8,11.6],"faces":{"north":{"uv":[5.25,1.5,6.75,2.5],"texture":"#0","tintindex":0},"east":{"uv":[5.25,2.5,6.75,3.5],"texture":"#0","tintindex":0},"south":{"uv":[4,5.5,5.5,6.5],"texture":"#0","tintindex":0},"west":{"uv":[5.5,5.5,7,6.5],"texture":"#0","tintindex":0},"up":{"uv":[5.5,5.5,4,4],"texture":"#0","tintindex":0},"down":{"uv":[4,0,5.5,1.5],"texture":"#0","tintindex":0}}},{"name":"horn1_left_0","from":[11.4,10,6.8],"to":[15,12.4,9.2],"rotation":{"angle":22.5,"axis":"z","origin":[11,10,8]},"faces":{"north":{"uv":[6.25,5,5.5,5.5],"texture":"#0","tintindex":0},"east":{"uv":[8.25,1.75,7.75,2.25],"texture":"#0","tintindex":0},"south":{"uv":[8.25,3.375,7.5,3.875],"texture":"#0","tintindex":0},"west":{"uv":[8.25,1.25,7.75,1.75],"texture":"#0","tintindex":0},"up":{"uv":[7.5,4.375,8.25,3.875],"texture":"#0","tintindex":0},"down":{"uv":[8.25,4.375,7.5,4.875],"texture":"#0","tintindex":0}}},{"name":"horn2_left_0","from":[15.7,9,6.95],"to":[19,11.1,9.05],"rotation":{"angle":45,"axis":"z","origin":[12,9,8]},"faces":{"north":{"uv":[8.25,4.875,7.5,5.375],"texture":"#0","tintindex":0},"east":{"uv":[4,8,3.5,8.5],"texture":"#0","tintindex":0},"south":{"uv":[8.25,5.375,7.5,5.875],"texture":"#0","tintindex":0},"west":{"uv":[8.25,2.25,7.75,2.75],"texture":"#0","tintindex":0},"up":{"uv":[7.5,6.375,8.25,5.875],"texture":"#0","tintindex":0},"down":{"uv":[8.5,0.75,7.75,1.25],"texture":"#0","tintindex":0}}},{"name":"horn3_left_0","from":[12.2,14.8,7.1],"to":[14,19,8.9],"rotation":{"angle":-22.5,"axis":"z","origin":[14,8,8]},"faces":{"north":{"uv":[8.25,6.375,7.5,6.625],"rotation":90,"texture":"#0","tintindex":0},"east":{"uv":[5.75,8.25,5,8.5],"rotation":270,"texture":"#0","tintindex":0},"south":{"uv":[8.75,7.5,8,7.75],"rotation":270,"texture":"#0","tintindex":0},"west":{"uv":[8,8,8.75,7.75],"rotation":270,"texture":"#0","tintindex":0},"up":{"uv":[5.5,3.75,5.25,4],"rotation":270,"texture":"#0","tintindex":0},"down":{"uv":[5.5,3.5,5.25,3.75],"rotation":270,"texture":"#0","tintindex":0}}},{"name":"horn4_left_0","from":[16.5,18.1,7.25],"to":[18,22,8.75],"rotation":{"angle":0,"axis":"z","origin":[18,8,8]},"faces":{"north":{"uv":[6.5,8.25,5.75,8.5],"rotation":90,"texture":"#0","tintindex":0},"east":{"uv":[9,1.75,8.25,2],"rotation":270,"texture":"#0","tintindex":0},"south":{"uv":[9,1.25,8.25,1.5],"rotation":270,"texture":"#0","tintindex":0},"west":{"uv":[8.25,1.75,9,1.5],"rotation":270,"texture":"#0","tintindex":0},"up":{"uv":[6.5,5.25,6.25,5.5],"rotation":270,"texture":"#0","tintindex":0},"down":{"uv":[6.5,5,6.25,5.25],"rotation":270,"texture":"#0","tintindex":0}}},{"name":"horn1_right_0","from":[1,10,6.8],"to":[4.6,12.4,9.2],"rotation":{"angle":-22.5,"axis":"z","origin":[5,10,8]},"faces":{"north":{"uv":[5.5,5,6.25,5.5],"texture":"#0","tintindex":0},"east":{"uv":[7.75,1.25,8.25,1.75],"texture":"#0","tintindex":0},"south":{"uv":[7.5,3.375,8.25,3.875],"texture":"#0","tintindex":0},"west":{"uv":[7.75,1.75,8.25,2.25],"texture":"#0","tintindex":0},"up":{"uv":[8.25,4.375,7.5,3.875],"texture":"#0","tintindex":0},"down":{"uv":[7.5,4.375,8.25,4.875],"texture":"#0","tintindex":0}}},{"name":"horn2_right_0","from":[-3,9,6.95],"to":[0.3,11.1,9.05],"rotation":{"angle":-45,"axis":"z","origin":[4,9,8]},"faces":{"north":{"uv":[7.5,4.875,8.25,5.375],"texture":"#0","tintindex":0},"east":{"uv":[7.75,2.25,8.25,2.75],"texture":"#0","tintindex":0},"south":{"uv":[7.5,5.375,8.25,5.875],"texture":"#0","tintindex":0},"west":{"uv":[3.5,8,4,8.5],"texture":"#0","tintindex":0},"up":{"uv":[8.25,6.375,7.5,5.875],"texture":"#0","tintindex":0},"down":{"uv":[7.75,0.75,8.5,1.25],"texture":"#0","tintindex":0}}},{"name":"horn3_right_0","from":[2,14.8,7.1],"to":[3.8,19,8.9],"rotation":{"angle":22.5,"axis":"z","origin":[2,8,8]},"faces":{"north":{"uv":[7.5,6.375,8.25,6.625],"rotation":270,"texture":"#0","tintindex":0},"east":{"uv":[8.75,8,8,7.75],"rotation":90,"texture":"#0","tintindex":0},"south":{"uv":[8,7.5,8.75,7.75],"rotation":90,"texture":"#0","tintindex":0},"west":{"uv":[5,8.25,5.75,8.5],"rotation":90,"texture":"#0","tintindex":0},"up":{"uv":[5.25,3.75,5.5,4],"rotation":90,"texture":"#0","tintindex":0},"down":{"uv":[5.25,3.5,5.5,3.75],"rotation":90,"texture":"#0","tintindex":0}}},{"name":"horn4_right_0","from":[-2,18.1,7.25],"to":[-0.5,22,8.75],"rotation":{"angle":0,"axis":"z","origin":[-2,8,8]},"faces":{"north":{"uv":[5.75,8.25,6.5,8.5],"rotation":270,"texture":"#0","tintindex":0},"east":{"uv":[9,1.75,8.25,1.5],"rotation":90,"texture":"#0","tintindex":0},"south":{"uv":[8.25,1.25,9,1.5],"rotation":90,"texture":"#0","tintindex":0},"west":{"uv":[8.25,1.75,9,2],"rotation":90,"texture":"#0","tintindex":0},"up":{"uv":[6.25,5.25,6.5,5.5],"rotation":90,"texture":"#0","tintindex":0},"down":{"uv":[6.25,5,6.5,5.25],"rotation":90,"texture":"#0","tintindex":0}}}],"gui_light":"front","display":{"gui":{"rotation":[17,-157,0],"translation":[0,-5.25,0],"scale":[0.8,0.8,0.8]}}}