{"credit":"Copyright ManaLabs Inc","texture_size":[128,128],"textures":{"0":"modelengine:custom/iceologer","particle":"minecraft:block/dirt"},"elements":[{"from":[8,1,3],"to":[10,5,5],"rotation":{"angle":0,"axis":"y","origin":[9,26,4]},"faces":{"north":{"uv":[11.25,9.25,11.5,9.75],"texture":"#0"},"east":{"uv":[11,9.25,11.25,9.75],"texture":"#0"},"south":{"uv":[11.75,9.25,12,9.75],"texture":"#0"},"west":{"uv":[11.5,9.25,11.75,9.75],"texture":"#0"},"up":{"uv":[11.5,9.25,11.25,9],"texture":"#0"},"down":{"uv":[11.75,9,11.5,9.25],"texture":"#0"}}},{"from":[5,2,5],"to":[13,12,13],"rotation":{"angle":0,"axis":"y","origin":[9,29,9]},"faces":{"north":{"uv":[9,10,10,11.25],"texture":"#0"},"east":{"uv":[8,10,9,11.25],"texture":"#0"},"south":{"uv":[11,10,12,11.25],"texture":"#0"},"west":{"uv":[10,10,11,11.25],"texture":"#0"},"up":{"uv":[10,10,9,9],"texture":"#0"},"down":{"uv":[11,9,10,10],"texture":"#0"}}},{"name":"eye2","from":[6.5,5.5,4.7],"to":[7.5,6.5,5.7],"rotation":{"angle":0,"axis":"z","origin":[8,3,8]},"faces":{"north":{"uv":[0.875,14.125,1,14.25],"texture":"#0"},"east":{"uv":[0.75,14.125,0.875,14.25],"texture":"#0"},"south":{"uv":[1.125,14.125,1.25,14.25],"texture":"#0"},"west":{"uv":[1,14.125,1.125,14.25],"texture":"#0"},"up":{"uv":[1,14.125,0.875,14],"texture":"#0"},"down":{"uv":[1.125,14,1,14.125],"texture":"#0"}}},{"from":[10.5,5.5,4.7],"to":[11.5,6.5,5.7],"rotation":{"angle":0,"axis":"y","origin":[8,3,8]},"faces":{"north":{"uv":[0.875,14.125,1,14.25],"texture":"#0"},"east":{"uv":[0.75,14.125,0.875,14.25],"texture":"#0"},"south":{"uv":[1.125,14.125,1.25,14.25],"texture":"#0"},"west":{"uv":[1,14.125,1.125,14.25],"texture":"#0"},"up":{"uv":[1,14.125,0.875,14],"texture":"#0"},"down":{"uv":[1.125,14,1,14.125],"texture":"#0"}}},{"from":[12.17995,15.86585,4.8],"to":[14.17995,16.86585,5.8],"rotation":{"angle":-22.5,"axis":"z","origin":[-9.57005,28.36585,4.8]},"faces":{"north":{"uv":[1.375,11.125,1.625,11.25],"texture":"#0"},"east":{"uv":[1.25,11.125,1.375,11.25],"texture":"#0"},"south":{"uv":[1.75,11.125,2,11.25],"texture":"#0"},"west":{"uv":[1.625,11.125,1.75,11.25],"texture":"#0"},"up":{"uv":[1.625,11.125,1.375,11],"texture":"#0"},"down":{"uv":[1.875,11,1.625,11.125],"texture":"#0"}}},{"from":[12.17995,14.86585,4.8],"to":[15.17995,15.86585,5.8],"rotation":{"angle":-22.5,"axis":"z","origin":[-9.57005,28.36585,4.8]},"faces":{"north":{"uv":[1.375,11.375,1.75,11.5],"texture":"#0"},"east":{"uv":[1.25,11.375,1.375,11.5],"texture":"#0"},"south":{"uv":[1.875,11.375,2.25,11.5],"texture":"#0"},"west":{"uv":[1.75,11.375,1.875,11.5],"texture":"#0"},"up":{"uv":[1.75,11.375,1.375,11.25],"texture":"#0"},"down":{"uv":[2.125,11.25,1.75,11.375],"texture":"#0"}}},{"from":[0.9,1.3,4.7],"to":[2.9,2.3,5.7],"rotation":{"angle":22.5,"axis":"z","origin":[-10.5,28.4,4.7]},"faces":{"north":{"uv":[1.375,11.625,1.625,11.75],"texture":"#0"},"east":{"uv":[1.25,11.625,1.375,11.75],"texture":"#0"},"south":{"uv":[1.75,11.625,2,11.75],"texture":"#0"},"west":{"uv":[1.625,11.625,1.75,11.75],"texture":"#0"},"up":{"uv":[1.625,11.625,1.375,11.5],"texture":"#0"},"down":{"uv":[1.875,11.5,1.625,11.625],"texture":"#0"}}},{"from":[-0.1,0.3,4.7],"to":[2.9,1.3,5.7],"rotation":{"angle":22.5,"axis":"z","origin":[-10.5,28.4,4.7]},"faces":{"north":{"uv":[1.375,11.875,1.75,12],"texture":"#0"},"east":{"uv":[1.25,11.875,1.375,12],"texture":"#0"},"south":{"uv":[1.875,11.875,2.25,12],"texture":"#0"},"west":{"uv":[1.75,11.875,1.875,12],"texture":"#0"},"up":{"uv":[1.75,11.875,1.375,11.75],"texture":"#0"},"down":{"uv":[2.125,11.75,1.75,11.875],"texture":"#0"}}},{"from":[4,2,4],"to":[14,13,4],"rotation":{"angle":0,"axis":"y","origin":[9,29,9]},"faces":{"north":{"uv":[12,2.5,13.25,3.875],"texture":"#0"},"east":{"uv":[12,2.5,12,3.875],"texture":"#0"},"south":{"uv":[13.25,2.5,14.5,3.875],"texture":"#0"},"west":{"uv":[13.25,2.5,13.25,3.875],"texture":"#0"},"up":{"uv":[13.25,2.5,12,2.5],"texture":"#0"},"down":{"uv":[14.5,2.5,13.25,2.5],"texture":"#0"}}},{"from":[4,2,4],"to":[4,13,14],"rotation":{"angle":0,"axis":"y","origin":[9,29,9]},"faces":{"north":{"uv":[5,12.375,5,11],"texture":"#0"},"east":{"uv":[2.5,11,3.75,12.375],"texture":"#0"},"south":{"uv":[3.75,11,3.75,12.375],"texture":"#0"},"west":{"uv":[3.75,11,2.5,12.375],"texture":"#0"},"up":{"uv":[3.75,11,3.75,9.75],"rotation":180,"texture":"#0"},"down":{"uv":[3.75,9.75,3.75,11],"rotation":180,"texture":"#0"}}},{"from":[4,13,4],"to":[14,13,14],"rotation":{"angle":0,"axis":"y","origin":[9,29,9]},"faces":{"north":{"uv":[6,1.25,7.25,1.25],"texture":"#0"},"east":{"uv":[4.75,1.25,6,1.25],"texture":"#0"},"south":{"uv":[8.5,1.25,9.75,1.25],"texture":"#0"},"west":{"uv":[7.25,1.25,8.5,1.25],"texture":"#0"},"up":{"uv":[7.25,1.25,6,0],"texture":"#0"},"down":{"uv":[8.5,0,7.25,1.25],"texture":"#0"}}},{"from":[14,2,4],"to":[14,13,14],"rotation":{"angle":0,"axis":"y","origin":[9,29,9]},"faces":{"north":{"uv":[12.125,12.625,12.125,14],"texture":"#0"},"east":{"uv":[10.875,12.625,12.125,14],"texture":"#0"},"south":{"uv":[13.375,12.625,13.375,14],"texture":"#0"},"west":{"uv":[12.125,12.625,10.875,14],"texture":"#0"},"up":{"uv":[12.125,12.625,12.125,11.375],"texture":"#0"},"down":{"uv":[12.125,11.375,12.125,12.625],"texture":"#0"}}},{"from":[4,2,14],"to":[14,13,14],"rotation":{"angle":0,"axis":"y","origin":[9,29,9]},"faces":{"north":{"uv":[0,12.375,1.25,13.75],"texture":"#0"},"east":{"uv":[0,12.375,0,13.75],"texture":"#0"},"south":{"uv":[0,12.375,1.25,13.75],"texture":"#0"},"west":{"uv":[1.25,12.375,1.25,13.75],"texture":"#0"},"up":{"uv":[1.25,12.375,0,12.375],"texture":"#0"},"down":{"uv":[2.5,12.375,1.25,12.375],"texture":"#0"}}}],"gui_light":"front","display":{"gui":{"rotation":[17,-157,0],"translation":[1,0.5,0],"scale":[0.9,0.9,0.9]}},"groups":[{"name":"Project","origin":[8,3,8],"color":0,"children":[{"name":"icologer","origin":[8,3,8],"color":0,"children":[{"name":"head","origin":[9,24,9],"color":0,"children":[{"name":"nose","origin":[9,26,4],"color":0,"children":[0]},1,{"name":"eye2","origin":[7,27.6,5.2],"color":0,"children":[2]},{"name":"eye1","origin":[11,27.6,5.2],"color":0,"children":[3]},{"name":"b2","origin":[6.7,28.9,4.8],"color":0,"children":[4,5]},{"name":"b1","origin":[11.25,29.4,5.2],"color":0,"children":[6,7]},{"name":"up_head","origin":[9,29,9],"color":0,"children":[8,9,10,11,12]}]}]}]}]}