{"credit":"Copyright ManaLabs Inc","texture_size":[128,128],"textures":{"0":"modelengine:custom/mana_minion","particle":"minecraft:block/dirt"},"elements":[{"name":"root","from":[4.5,3,5.5],"to":[11.5,10,10.5],"rotation":{"angle":0,"axis":"y","origin":[8,0,8]},"faces":{"north":{"uv":[5.125,5.375,6,6.25],"texture":"#0"},"east":{"uv":[4.5,5.375,5.125,6.25],"texture":"#0"},"south":{"uv":[6.625,5.375,7.5,6.25],"texture":"#0"},"west":{"uv":[6,5.375,6.625,6.25],"texture":"#0"},"up":{"uv":[6,5.375,5.125,4.75],"texture":"#0"},"down":{"uv":[6.875,4.75,6,5.375],"texture":"#0"}}},{"name":"bone4","from":[5,0,6.5],"to":[7,4,9.5],"rotation":{"angle":0,"axis":"y","origin":[8,0,8]},"faces":{"north":{"uv":[0.375,3.125,0.625,3.625],"texture":"#0"},"east":{"uv":[0,3.125,0.375,3.625],"texture":"#0"},"south":{"uv":[1,3.125,1.25,3.625],"texture":"#0"},"west":{"uv":[0.625,3.125,1,3.625],"texture":"#0"},"up":{"uv":[0.625,3.125,0.375,2.75],"texture":"#0"},"down":{"uv":[0.875,2.75,0.625,3.125],"texture":"#0"}}},{"name":"bone5","from":[9,0,6.5],"to":[11,4,9.5],"rotation":{"angle":0,"axis":"y","origin":[8,0,8]},"faces":{"north":{"uv":[0.625,3.125,0.375,3.625],"texture":"#0"},"east":{"uv":[1,3.125,0.625,3.625],"texture":"#0"},"south":{"uv":[1.25,3.125,1,3.625],"texture":"#0"},"west":{"uv":[0.375,3.125,0,3.625],"texture":"#0"},"up":{"uv":[0.375,3.125,0.625,2.75],"texture":"#0"},"down":{"uv":[0.625,2.75,0.875,3.125],"texture":"#0"}}},{"name":"bone6","from":[3.5,10,3.5],"to":[12.5,18,12.5],"rotation":{"angle":0,"axis":"y","origin":[8,0,8]},"faces":{"north":{"uv":[1.125,5.875,2.25,6.875],"texture":"#0"},"east":{"uv":[0,5.875,1.125,6.875],"texture":"#0"},"south":{"uv":[3.375,5.875,4.5,6.875],"texture":"#0"},"west":{"uv":[2.25,5.875,3.375,6.875],"texture":"#0"},"up":{"uv":[2.25,5.875,1.125,4.75],"texture":"#0"},"down":{"uv":[3.375,4.75,2.25,5.875],"texture":"#0"}}},{"name":"bone6","from":[-0.5,15,0],"to":[16.5,20,17],"rotation":{"angle":0,"axis":"x","origin":[8,19.5,8]},"faces":{"north":{"uv":[4.25,2.125,6.375,2.75],"texture":"#0"},"east":{"uv":[0,2.125,2.125,2.75],"texture":"#0"},"south":{"uv":[4.25,2.125,6.375,2.75],"texture":"#0"},"west":{"uv":[4.25,2.125,6.375,2.75],"texture":"#0"},"up":{"uv":[4.25,2.125,2.125,0],"texture":"#0"},"down":{"uv":[6.375,0,4.25,2.125],"texture":"#0"}}},{"name":"bone6","from":[1.5,20,2],"to":[14.5,23,15],"rotation":{"angle":0,"axis":"x","origin":[8,19.5,8]},"faces":{"north":{"uv":[3.25,4.375,4.875,4.75],"texture":"#0"},"east":{"uv":[0,4.375,1.625,4.75],"texture":"#0"},"south":{"uv":[3.25,4.375,4.875,4.75],"texture":"#0"},"west":{"uv":[3.25,4.375,4.875,4.75],"texture":"#0"},"up":{"uv":[3.25,4.375,1.625,2.75],"texture":"#0"},"down":{"uv":[4.875,2.75,3.25,4.375],"texture":"#0"}}},{"name":"bone","from":[11.36947,3.00856,6.5],"to":[13.36947,10.00856,9.5],"rotation":{"angle":0,"axis":"y","origin":[8,0,8]},"faces":{"north":{"uv":[1.25,1.25,1.5,2.125],"texture":"#0"},"east":{"uv":[0.875,1.25,1.25,2.125],"texture":"#0"},"south":{"uv":[1.875,1.25,2.125,2.125],"texture":"#0"},"west":{"uv":[1.5,1.25,1.875,2.125],"texture":"#0"},"up":{"uv":[1.5,1.25,1.25,0.875],"texture":"#0"},"down":{"uv":[1.75,0.875,1.5,1.25],"texture":"#0"}}},{"name":"bone3","from":[2.63053,3.00856,6.5],"to":[4.63053,10.00856,9.5],"rotation":{"angle":0,"axis":"y","origin":[8,0,8]},"faces":{"north":{"uv":[0.375,0.375,0.625,1.25],"texture":"#0"},"east":{"uv":[0,0.375,0.375,1.25],"texture":"#0"},"south":{"uv":[1,0.375,1.25,1.25],"texture":"#0"},"west":{"uv":[0.625,0.375,1,1.25],"texture":"#0"},"up":{"uv":[0.625,0.375,0.375,0],"texture":"#0"},"down":{"uv":[0.875,0,0.625,0.375],"texture":"#0"}}}],"display":{"gui":{"rotation":[0,169,0],"translation":[0,-2.5,0],"scale":[0.7,0.7,0.7]}},"groups":[{"name":"root","origin":[8,0,8],"color":0,"children":[0,{"name":"bone4","origin":[6,3,8],"color":1,"children":[1]},{"name":"bone5","origin":[10,3,8],"color":2,"children":[2]},{"name":"bone6","origin":[8,10.62316,8.33048],"color":3,"children":[3,4,5]},{"name":"bone","origin":[12.5,10,7.5],"color":4,"children":[6]},{"name":"bone3","origin":[3.5,10,7.5],"color":5,"children":[7]},{"name":"bone2","origin":[3.5,10,7.5],"color":6,"children":[]}]}]}