{"credit":"Copyright ManaLabs Inc","texture_size":[64,32],"textures":{"0":"manalabs:deco/skulls/rabbit","particle":"minecraft:block/dirt"},"elements":[{"name":"head","from":[5.5,7.5,0],"to":[10.5,11.5,5],"rotation":{"angle":0,"axis":"y","origin":[8,0,8]},"faces":{"north":{"uv":[9.25,2.5,10.5,4.5],"texture":"#0"},"east":{"uv":[8,2.5,9.25,4.5],"texture":"#0"},"south":{"uv":[11.75,2.5,13,4.5],"texture":"#0"},"west":{"uv":[10.5,2.5,11.75,4.5],"texture":"#0"},"up":{"uv":[10.5,2.5,9.25,0],"texture":"#0"},"down":{"uv":[11.75,0,10.5,2.5],"texture":"#0"}}},{"name":"nose","from":[7.5,9,-0.5],"to":[8.5,10,0.5],"rotation":{"angle":0,"axis":"y","origin":[8,0,8]},"faces":{"north":{"uv":[8.25,5,8.5,5.5],"texture":"#0"},"east":{"uv":[8,5,8.25,5.5],"texture":"#0"},"south":{"uv":[8.75,5,9,5.5],"texture":"#0"},"west":{"uv":[8.5,5,8.75,5.5],"texture":"#0"},"up":{"uv":[8.5,5,8.25,4.5],"texture":"#0"},"down":{"uv":[8.75,4.5,8.5,5],"texture":"#0"}}},{"name":"left_ear","from":[5.5,11.5,4],"to":[7.5,16.5,5],"rotation":{"angle":0,"axis":"y","origin":[8,0,8]},"faces":{"north":{"uv":[14.75,0.5,15.25,3],"texture":"#0"},"east":{"uv":[14.5,0.5,14.75,3],"texture":"#0"},"south":{"uv":[15.5,0.5,16,3],"texture":"#0"},"west":{"uv":[15.25,0.5,15.5,3],"texture":"#0"},"up":{"uv":[15.25,0.5,14.75,0],"texture":"#0"},"down":{"uv":[15.75,0,15.25,0.5],"texture":"#0"}}},{"name":"right_ear","from":[8.5,11.5,4],"to":[10.5,16.5,5],"rotation":{"angle":0,"axis":"y","origin":[8,0,8]},"faces":{"north":{"uv":[13.25,0.5,13.75,3],"texture":"#0"},"east":{"uv":[13,0.5,13.25,3],"texture":"#0"},"south":{"uv":[14,0.5,14.5,3],"texture":"#0"},"west":{"uv":[13.75,0.5,14,3],"texture":"#0"},"up":{"uv":[13.75,0.5,13.25,0],"texture":"#0"},"down":{"uv":[14.25,0,13.75,0.5],"texture":"#0"}}}],"display":{"gui":{"rotation":[11,-154,0],"translation":[-2.75,-3.75,0],"scale":[1.3,1.3,1.3]}},"groups":[{"name":"head","origin":[8,7.5,5],"color":0,"children":[0]},{"name":"nose","origin":[8,7.5,5],"color":0,"children":[1]},{"name":"left_ear","origin":[8,7.5,5],"color":0,"children":[2]},{"name":"right_ear","origin":[8,7.5,5],"color":0,"children":[3]}]}