{"credit":"Copyright ManaLabs Inc","texture_size":[128,128],"textures":{"2":"manalabs:deco/skulls/shark_great_white","particle":"minecraft:block/dirt"},"elements":[{"name":"head","from":[4,14.5,-10],"to":[12,19.5,-2],"rotation":{"angle":0,"axis":"y","origin":[8.0125,14.25,6.25]},"faces":{"north":{"uv":[8.75,6.5,10.75,7.75],"texture":"#2"},"east":{"uv":[9.125,3,11.125,4.25],"texture":"#2"},"south":{"uv":[9.125,4.25,11.125,5.5],"texture":"#2"},"west":{"uv":[9.25,0,11.25,1.25],"texture":"#2"},"up":{"uv":[6.5,4,4.5,2],"texture":"#2"},"down":{"uv":[6,6,4,8],"texture":"#2"}}},{"name":"tooth","from":[10,13.5,-8],"to":[11,14.5,-8],"rotation":{"angle":0,"axis":"y","origin":[10.5,14.5,-8]},"faces":{"north":{"uv":[4.75,10.625,5,10.875],"texture":"#2"},"east":{"uv":[0,0,0,0.25],"texture":"#2"},"south":{"uv":[5,10.625,5.25,10.875],"texture":"#2"},"west":{"uv":[0,0,0,0.25],"texture":"#2"},"up":{"uv":[0.25,0,0,0],"texture":"#2"},"down":{"uv":[0.25,0,0,0],"texture":"#2"}}},{"name":"tooth","from":[11,13.5,-7.5],"to":[11,14.5,-6.5],"rotation":{"angle":0,"axis":"y","origin":[10.5,14.5,-7.5]},"faces":{"north":{"uv":[0,0,0,0.25],"texture":"#2"},"east":{"uv":[10.625,5.5,10.875,5.75],"texture":"#2"},"south":{"uv":[0,0,0,0.25],"texture":"#2"},"west":{"uv":[10.625,5.75,10.875,6],"texture":"#2"},"up":{"uv":[0,0.25,0,0],"texture":"#2"},"down":{"uv":[0,0,0,0.25],"texture":"#2"}}},{"name":"tooth","from":[11,13.5,-6],"to":[11,14.5,-5],"rotation":{"angle":0,"axis":"y","origin":[10.5,14.5,-6]},"faces":{"north":{"uv":[0,0,0,0.25],"texture":"#2"},"east":{"uv":[10.625,6,10.875,6.25],"texture":"#2"},"south":{"uv":[0,0,0,0.25],"texture":"#2"},"west":{"uv":[10.625,6.25,10.875,6.5],"texture":"#2"},"up":{"uv":[0,0.25,0,0],"texture":"#2"},"down":{"uv":[0,0,0,0.25],"texture":"#2"}}},{"name":"tooth","from":[11,13.5,-4.5],"to":[11,14.5,-3.5],"rotation":{"angle":0,"axis":"y","origin":[10.5,14.5,-4.5]},"faces":{"north":{"uv":[0,0,0,0.25],"texture":"#2"},"east":{"uv":[10.75,6.5,11,6.75],"texture":"#2"},"south":{"uv":[0,0,0,0.25],"texture":"#2"},"west":{"uv":[10.75,6.75,11,7],"texture":"#2"},"up":{"uv":[0,0.25,0,0],"texture":"#2"},"down":{"uv":[0,0,0,0.25],"texture":"#2"}}},{"name":"tooth","from":[11,13.5,-3],"to":[11,14.5,-2],"rotation":{"angle":0,"axis":"y","origin":[10.5,14.5,-3]},"faces":{"north":{"uv":[0,0,0,0.25],"texture":"#2"},"east":{"uv":[7,10.75,7.25,11],"texture":"#2"},"south":{"uv":[0,0,0,0.25],"texture":"#2"},"west":{"uv":[10.75,7,11,7.25],"texture":"#2"},"up":{"uv":[0,0.25,0,0],"texture":"#2"},"down":{"uv":[0,0,0,0.25],"texture":"#2"}}},{"name":"tooth","from":[5,13.5,-3],"to":[5,14.5,-2],"rotation":{"angle":0,"axis":"y","origin":[5.5,14.5,-3]},"faces":{"north":{"uv":[0,0,0,0.25],"texture":"#2"},"east":{"uv":[7.25,10.75,7.5,11],"texture":"#2"},"south":{"uv":[0,0,0,0.25],"texture":"#2"},"west":{"uv":[10.75,7.25,11,7.5],"texture":"#2"},"up":{"uv":[0,0.25,0,0],"texture":"#2"},"down":{"uv":[0,0,0,0.25],"texture":"#2"}}},{"name":"tooth","from":[5,13.5,-7.5],"to":[5,14.5,-6.5],"rotation":{"angle":0,"axis":"y","origin":[5.5,14.5,-7.5]},"faces":{"north":{"uv":[0,0,0,0.25],"texture":"#2"},"east":{"uv":[7.5,10.75,7.75,11],"texture":"#2"},"south":{"uv":[0,0,0,0.25],"texture":"#2"},"west":{"uv":[10.75,7.5,11,7.75],"texture":"#2"},"up":{"uv":[0,0.25,0,0],"texture":"#2"},"down":{"uv":[0,0,0,0.25],"texture":"#2"}}},{"name":"tooth","from":[5,13.5,-6],"to":[5,14.5,-5],"rotation":{"angle":0,"axis":"y","origin":[5.5,14.5,-6]},"faces":{"north":{"uv":[0,0,0,0.25],"texture":"#2"},"east":{"uv":[7.75,10.75,8,11],"texture":"#2"},"south":{"uv":[0,0,0,0.25],"texture":"#2"},"west":{"uv":[8,10.75,8.25,11],"texture":"#2"},"up":{"uv":[0,0.25,0,0],"texture":"#2"},"down":{"uv":[0,0,0,0.25],"texture":"#2"}}},{"name":"tooth","from":[5,13.5,-4.5],"to":[5,14.5,-3.5],"rotation":{"angle":0,"axis":"y","origin":[5.5,14.5,-4.5]},"faces":{"north":{"uv":[0,0,0,0.25],"texture":"#2"},"east":{"uv":[8.25,10.75,8.5,11],"texture":"#2"},"south":{"uv":[0,0,0,0.25],"texture":"#2"},"west":{"uv":[8.5,10.75,8.75,11],"texture":"#2"},"up":{"uv":[0,0.25,0,0],"texture":"#2"},"down":{"uv":[0,0,0,0.25],"texture":"#2"}}},{"name":"tooth","from":[6.625,13.5,-8],"to":[7.625,14.5,-8],"rotation":{"angle":0,"axis":"y","origin":[7.125,14.5,-8]},"faces":{"north":{"uv":[8.75,10.75,9,11],"texture":"#2"},"east":{"uv":[0,0,0,0.25],"texture":"#2"},"south":{"uv":[9,10.75,9.25,11],"texture":"#2"},"west":{"uv":[0,0,0,0.25],"texture":"#2"},"up":{"uv":[0.25,0,0,0],"texture":"#2"},"down":{"uv":[0.25,0,0,0],"texture":"#2"}}},{"name":"tooth","from":[8.375,13.5,-8],"to":[9.375,14.5,-8],"rotation":{"angle":0,"axis":"y","origin":[8.875,14.5,-8]},"faces":{"north":{"uv":[9.25,10.75,9.5,11],"texture":"#2"},"east":{"uv":[0,0,0,0.25],"texture":"#2"},"south":{"uv":[9.5,10.75,9.75,11],"texture":"#2"},"west":{"uv":[0,0,0,0.25],"texture":"#2"},"up":{"uv":[0.25,0,0,0],"texture":"#2"},"down":{"uv":[0.25,0,0,0],"texture":"#2"}}},{"name":"tooth","from":[5,13.5,-8],"to":[6,14.5,-8],"rotation":{"angle":0,"axis":"y","origin":[5.5,14.5,-8]},"faces":{"north":{"uv":[9.75,10.75,10,11],"texture":"#2"},"east":{"uv":[0,0,0,0.25],"texture":"#2"},"south":{"uv":[10,10.75,10.25,11],"texture":"#2"},"west":{"uv":[0,0,0,0.25],"texture":"#2"},"up":{"uv":[0.25,0,0,0],"texture":"#2"},"down":{"uv":[0.25,0,0,0],"texture":"#2"}}},{"name":"torso","from":[4.5,12.525,-8.5],"to":[11.5,14.5,-1.5],"rotation":{"angle":0,"axis":"y","origin":[8.0125,14.25,5.75]},"faces":{"north":{"uv":[9.25,1.25,11,1.75],"texture":"#2"},"east":{"uv":[1,9.75,2.75,10.25],"texture":"#2"},"south":{"uv":[9.75,1.75,11.5,2.25],"texture":"#2"},"west":{"uv":[9.75,2.25,11.5,2.75],"texture":"#2"},"up":{"uv":[8.75,8.25,7,6.5],"texture":"#2"},"down":{"uv":[9.25,0,7.5,1.75],"texture":"#2"}}},{"name":"tooth","from":[9.5,14.5,-7.9875],"to":[10.5,15.5,-7.9875],"rotation":{"angle":0,"axis":"y","origin":[11,14.35093,-9.46418]},"faces":{"north":{"uv":[10.25,10.75,10.5,11],"texture":"#2"},"east":{"uv":[0,0,0,0.25],"texture":"#2"},"south":{"uv":[10.75,10.5,11,10.75],"texture":"#2"},"west":{"uv":[0,0,0,0.25],"texture":"#2"},"up":{"uv":[0.25,0,0,0],"texture":"#2"},"down":{"uv":[0.25,0,0,0],"texture":"#2"}}},{"name":"tooth","from":[10.9875,14.5,-8],"to":[10.9875,15.5,-7],"rotation":{"angle":0,"axis":"y","origin":[11,14.35093,-9.46418]},"faces":{"north":{"uv":[0,0,0,0.25],"texture":"#2"},"east":{"uv":[10.75,10.75,11,11],"texture":"#2"},"south":{"uv":[0,0,0,0.25],"texture":"#2"},"west":{"uv":[4.75,10.875,5,11.125],"texture":"#2"},"up":{"uv":[0,0.25,0,0],"texture":"#2"},"down":{"uv":[0,0,0,0.25],"texture":"#2"}}},{"name":"tooth","from":[10.9875,14.5,-6.5],"to":[10.9875,15.5,-5.5],"rotation":{"angle":0,"axis":"y","origin":[11,14.35093,-9.46418]},"faces":{"north":{"uv":[0,0,0,0.25],"texture":"#2"},"east":{"uv":[5,10.875,5.25,11.125],"texture":"#2"},"south":{"uv":[0,0,0,0.25],"texture":"#2"},"west":{"uv":[10.875,5.5,11.125,5.75],"texture":"#2"},"up":{"uv":[0,0.25,0,0],"texture":"#2"},"down":{"uv":[0,0,0,0.25],"texture":"#2"}}},{"name":"tooth","from":[10.9875,14.5,-5],"to":[10.9875,15.5,-4],"rotation":{"angle":0,"axis":"y","origin":[11,14.35093,-9.46418]},"faces":{"north":{"uv":[0,0,0,0.25],"texture":"#2"},"east":{"uv":[5.75,10.875,6,11.125],"texture":"#2"},"south":{"uv":[0,0,0,0.25],"texture":"#2"},"west":{"uv":[10.875,5.75,11.125,6],"texture":"#2"},"up":{"uv":[0,0.25,0,0],"texture":"#2"},"down":{"uv":[0,0,0,0.25],"texture":"#2"}}},{"name":"tooth","from":[10.9875,14.5,-3.5],"to":[10.9875,15.5,-2.5],"rotation":{"angle":0,"axis":"y","origin":[11,14.35093,-9.46418]},"faces":{"north":{"uv":[0,0,0,0.25],"texture":"#2"},"east":{"uv":[6,10.875,6.25,11.125],"texture":"#2"},"south":{"uv":[0,0,0,0.25],"texture":"#2"},"west":{"uv":[10.875,6,11.125,6.25],"texture":"#2"},"up":{"uv":[0,0.25,0,0],"texture":"#2"},"down":{"uv":[0,0,0,0.25],"texture":"#2"}}},{"name":"tooth","from":[5.0125,14.5,-3.5],"to":[5.0125,15.5,-2.5],"rotation":{"angle":0,"axis":"y","origin":[5,14.35093,-9.46418]},"faces":{"north":{"uv":[0,0,0,0.25],"texture":"#2"},"east":{"uv":[6.25,10.875,6.5,11.125],"texture":"#2"},"south":{"uv":[0,0,0,0.25],"texture":"#2"},"west":{"uv":[10.875,6.25,11.125,6.5],"texture":"#2"},"up":{"uv":[0,0.25,0,0],"texture":"#2"},"down":{"uv":[0,0,0,0.25],"texture":"#2"}}},{"name":"tooth","from":[5.0125,14.5,-5],"to":[5.0125,15.5,-4],"rotation":{"angle":0,"axis":"y","origin":[5,14.35093,-9.46418]},"faces":{"north":{"uv":[0,0,0,0.25],"texture":"#2"},"east":{"uv":[6.5,10.875,6.75,11.125],"texture":"#2"},"south":{"uv":[0,0,0,0.25],"texture":"#2"},"west":{"uv":[0,11,0.25,11.25],"texture":"#2"},"up":{"uv":[0,0.25,0,0],"texture":"#2"},"down":{"uv":[0,0,0,0.25],"texture":"#2"}}},{"name":"tooth","from":[5.0125,14.5,-6.5],"to":[5.0125,15.5,-5.5],"rotation":{"angle":0,"axis":"y","origin":[5,14.35093,-9.46418]},"faces":{"north":{"uv":[0,0,0,0.25],"texture":"#2"},"east":{"uv":[0.25,11,0.5,11.25],"texture":"#2"},"south":{"uv":[0,0,0,0.25],"texture":"#2"},"west":{"uv":[0.5,11,0.75,11.25],"texture":"#2"},"up":{"uv":[0,0.25,0,0],"texture":"#2"},"down":{"uv":[0,0,0,0.25],"texture":"#2"}}},{"name":"tooth","from":[5.0125,14.5,-8],"to":[5.0125,15.5,-7],"rotation":{"angle":0,"axis":"y","origin":[5,14.35093,-9.46418]},"faces":{"north":{"uv":[0,0,0,0.25],"texture":"#2"},"east":{"uv":[0.75,11,1,11.25],"texture":"#2"},"south":{"uv":[0,0,0,0.25],"texture":"#2"},"west":{"uv":[11,1.25,11.25,1.5],"texture":"#2"},"up":{"uv":[0,0.25,0,0],"texture":"#2"},"down":{"uv":[0,0,0,0.25],"texture":"#2"}}},{"name":"tooth","from":[5.5,14.5,-7.9875],"to":[6.5,15.5,-7.9875],"rotation":{"angle":0,"axis":"y","origin":[5,14.35093,-9.46418]},"faces":{"north":{"uv":[11,1.5,11.25,1.75],"texture":"#2"},"east":{"uv":[0,0,0,0.25],"texture":"#2"},"south":{"uv":[11,6.5,11.25,6.75],"texture":"#2"},"west":{"uv":[0,0,0,0.25],"texture":"#2"},"up":{"uv":[0.25,0,0,0],"texture":"#2"},"down":{"uv":[0.25,0,0,0],"texture":"#2"}}},{"name":"tooth","from":[7.5,14.5,-7.9875],"to":[8.5,15.5,-7.9875],"rotation":{"angle":0,"axis":"y","origin":[11,14.35093,-9.46418]},"faces":{"north":{"uv":[11,6.75,11.25,7],"texture":"#2"},"east":{"uv":[0,0,0,0.25],"texture":"#2"},"south":{"uv":[7,11,7.25,11.25],"texture":"#2"},"west":{"uv":[0,0,0,0.25],"texture":"#2"},"up":{"uv":[0.25,0,0,0],"texture":"#2"},"down":{"uv":[0.25,0,0,0],"texture":"#2"}}}],"gui_light":"front","display":{"gui":{"rotation":[15,-148,0],"translation":[-7.5,-5,0]}},"groups":[{"name":"base","origin":[8,16,8],"color":0,"children":[{"name":"body","origin":[8,15.5,8],"color":0,"children":[0,1,2,3,4,5,6,7,8,9,10,11,12,{"name":"jaw","origin":[8,14.0125,-2],"color":0,"children":[13,14,15,16,17,18,19,20,21,22,23,24]},{"name":"rightFin","origin":[11.5,13,3.5],"color":0,"children":[]},{"name":"leftFin","origin":[4.5,13,3.5],"color":0,"children":[]},{"name":"tail","origin":[8,15.5,15.5],"color":0,"children":[{"name":"tailFin","origin":[8,15.75888,24.75541],"color":0,"children":[]}]}]},{"name":"hitbox","origin":[8,14,8],"color":0,"children":[]}]}]}