{"credit":"Copyright ManaLabs Inc","texture_size":[128,128],"textures":{"0":"modelengine:custom/mage","particle":"modelengine:custom/mage"},"elements":[{"name":"head_0","from":[5.6,8,5.6],"to":[10.4,12.8,10.4],"faces":{"north":{"uv":[7,5.75,8,6.75],"texture":"#0","tintindex":0},"east":{"uv":[5.75,7.125,6.75,8.125],"texture":"#0","tintindex":0},"south":{"uv":[4.5,7.25,5.5,8.25],"texture":"#0","tintindex":0},"west":{"uv":[7.25,0,8.25,1],"texture":"#0","tintindex":0},"up":{"uv":[8.25,2,7.25,1],"texture":"#0","tintindex":0},"down":{"uv":[7.25,2,8.25,3],"texture":"#0","tintindex":0}}},{"name":"knot_0","from":[7.4,12.25,9.15],"to":[8.6,14.65,10.35],"rotation":{"angle":22.5,"axis":"x","origin":[8,12.25,9.75]},"faces":{"north":{"uv":[9.25,7.875,9.5,8.375],"texture":"#0","tintindex":0},"east":{"uv":[4.5,9.375,4.75,9.875],"texture":"#0","tintindex":0},"south":{"uv":[4.75,9.375,5,9.875],"texture":"#0","tintindex":0},"west":{"uv":[5,9.375,5.25,9.875],"texture":"#0","tintindex":0},"up":{"uv":[1.875,9.875,1.625,9.625],"texture":"#0","tintindex":0},"down":{"uv":[1.875,9.625,2.125,9.875],"texture":"#0","tintindex":0}}},{"name":"knot2_0","from":[6.8,14.25,9.3],"to":[9.2,16.65,11.7],"rotation":{"angle":45,"axis":"x","origin":[8,14.25,10.5]},"faces":{"north":{"uv":[1,9.125,1.5,9.625],"texture":"#0","tintindex":0},"east":{"uv":[1.5,9.125,2,9.625],"texture":"#0","tintindex":0},"south":{"uv":[3,9.25,3.5,9.75],"texture":"#0","tintindex":0},"west":{"uv":[3.5,9.25,4,9.75],"texture":"#0","tintindex":0},"up":{"uv":[7.5,9.75,7,9.25],"texture":"#0","tintindex":0},"down":{"uv":[7.5,9.25,8,9.75],"texture":"#0","tintindex":0}}},{"name":"knot3_0","from":[6.65,14.25,11.35],"to":[9.35,16.95,14.05],"rotation":{"angle":-22.5,"axis":"x","origin":[8,16.8,11.5]},"faces":{"north":{"uv":[9.25,1.5,9.75,2],"rotation":180,"texture":"#0","tintindex":0},"east":{"uv":[9,9.25,9.5,9.75],"rotation":270,"texture":"#0","tintindex":0},"south":{"uv":[9.75,1.5,9.25,1],"texture":"#0","tintindex":0},"west":{"uv":[9.25,0.5,9.75,1],"rotation":90,"texture":"#0","tintindex":0},"up":{"uv":[8.5,9.25,9,9.75],"rotation":180,"texture":"#0","tintindex":0},"down":{"uv":[9.25,0,9.75,0.5],"texture":"#0","tintindex":0}}},{"name":"knot4_0","from":[6.2,14.75,13.75],"to":[9.8,18.35,17.35],"rotation":{"angle":0,"axis":"x","origin":[8,17.75,13.75]},"faces":{"north":{"uv":[8.25,2.25,9,3],"rotation":180,"texture":"#0","tintindex":0},"east":{"uv":[4.75,8.25,5.5,9],"rotation":270,"texture":"#0","tintindex":0},"south":{"uv":[9,2.25,8.25,1.5],"texture":"#0","tintindex":0},"west":{"uv":[8.25,0.75,9,1.5],"rotation":90,"texture":"#0","tintindex":0},"up":{"uv":[4,8.25,4.75,9],"rotation":180,"texture":"#0","tintindex":0},"down":{"uv":[8.25,0,9,0.75],"texture":"#0","tintindex":0}}},{"name":"horn1_left_0","from":[10.15,11.35,7.25],"to":[11.65,12.85,8.75],"rotation":{"angle":0,"axis":"y","origin":[11.5,11.5,8]},"faces":{"north":{"uv":[7,5.5,6.75,5.75],"texture":"#0","tintindex":0},"east":{"uv":[5.75,7.875,5.5,8.125],"texture":"#0","tintindex":0},"south":{"uv":[7,7.75,6.75,8],"texture":"#0","tintindex":0},"west":{"uv":[7.75,6.75,7.5,7],"texture":"#0","tintindex":0},"up":{"uv":[7.5,8.625,7.75,8.375],"texture":"#0","tintindex":0},"down":{"uv":[5.5,9.375,5.25,9.625],"texture":"#0","tintindex":0}}},{"name":"horn1_left_1","from":[4.35,11.35,7.25],"to":[5.85,12.85,8.75],"rotation":{"angle":0,"axis":"y","origin":[4.5,11.5,8]},"faces":{"north":{"uv":[6.75,5.5,7,5.75],"texture":"#0","tintindex":0},"east":{"uv":[7.5,6.75,7.75,7],"texture":"#0","tintindex":0},"south":{"uv":[6.75,7.75,7,8],"texture":"#0","tintindex":0},"west":{"uv":[5.5,7.875,5.75,8.125],"texture":"#0","tintindex":0},"up":{"uv":[7.75,8.625,7.5,8.375],"texture":"#0","tintindex":0},"down":{"uv":[5.25,9.375,5.5,9.625],"texture":"#0","tintindex":0}}},{"name":"horn2_left_0","from":[10.844,13.244,7.394],"to":[13.256,14.456,8.606],"rotation":{"angle":45,"axis":"z","origin":[13.25,13.25,8]},"faces":{"north":{"uv":[7.5,6.75,7,7],"texture":"#0","tintindex":0},"east":{"uv":[9.75,4.875,9.5,5.125],"texture":"#0","tintindex":0},"south":{"uv":[9.75,2.75,9.25,3],"texture":"#0","tintindex":0},"west":{"uv":[9.75,9.5,9.5,9.75],"texture":"#0","tintindex":0},"up":{"uv":[9.25,6,9.75,5.75],"texture":"#0","tintindex":0},"down":{"uv":[9.75,6,9.25,6.25],"texture":"#0","tintindex":0}}},{"name":"horn2_left_1","from":[2.744,13.244,7.394],"to":[5.156,14.456,8.606],"rotation":{"angle":-45,"axis":"z","origin":[2.75,13.25,8]},"faces":{"north":{"uv":[7,6.75,7.5,7],"texture":"#0","tintindex":0},"east":{"uv":[9.5,9.5,9.75,9.75],"texture":"#0","tintindex":0},"south":{"uv":[9.25,2.75,9.75,3],"texture":"#0","tintindex":0},"west":{"uv":[9.5,4.875,9.75,5.125],"texture":"#0","tintindex":0},"up":{"uv":[9.75,6,9.25,5.75],"texture":"#0","tintindex":0},"down":{"uv":[9.25,6,9.75,6.25],"texture":"#0","tintindex":0}}},{"name":"horn3_left_0","from":[13.95,12.85,7.55],"to":[14.85,17.35,8.45],"rotation":{"angle":-22.5,"axis":"z","origin":[15,17.5,8]},"faces":{"north":{"uv":[6.75,5.5,5.75,5.75],"rotation":90,"texture":"#0","tintindex":0},"east":{"uv":[10,5.5,9,5.75],"rotation":270,"texture":"#0","tintindex":0},"south":{"uv":[8.75,7.5,7.75,7.75],"rotation":270,"texture":"#0","tintindex":0},"west":{"uv":[8.75,8.75,9.75,8.5],"rotation":270,"texture":"#0","tintindex":0},"up":{"uv":[9.75,6.25,9.5,6.5],"rotation":270,"texture":"#0","tintindex":0},"down":{"uv":[9.75,5.125,9.5,5.375],"rotation":270,"texture":"#0","tintindex":0}}},{"name":"horn3_left_1","from":[1.15,12.85,7.55],"to":[2.05,17.35,8.45],"rotation":{"angle":22.5,"axis":"z","origin":[1,17.5,8]},"faces":{"north":{"uv":[6.75,5.75,5.75,5.5],"rotation":90,"texture":"#0","tintindex":0},"east":{"uv":[8.75,8.5,9.75,8.75],"rotation":270,"texture":"#0","tintindex":0},"south":{"uv":[8.75,7.75,7.75,7.5],"rotation":270,"texture":"#0","tintindex":0},"west":{"uv":[10,5.75,9,5.5],"rotation":270,"texture":"#0","tintindex":0},"up":{"uv":[9.75,6.5,9.5,6.25],"rotation":270,"texture":"#0","tintindex":0},"down":{"uv":[9.75,5.375,9.5,5.125],"rotation":270,"texture":"#0","tintindex":0}}}],"gui_light":"front","display":{"gui":{"rotation":[17,-157,0],"translation":[0,-7,0],"scale":[1.2,1.2,1.2]}}}