{"textures":{"0":"modelengine:custom/shopkeeper","particle":"modelengine:custom/shopkeeper"},"elements":[{"from":[5.0,-4.0,3.5],"to":[11.0,-1.0,7.5],"faces":{"east":{"uv":[10.125,10.5,10.375,10.6875],"tintindex":0,"rotation":0,"texture":"#0"},"south":{"uv":[5.6875,10.25,6.0625,10.4375],"tintindex":0,"rotation":0,"texture":"#0"},"north":{"uv":[10.25,4.6875,10.625,4.875],"tintindex":0,"rotation":0,"texture":"#0"},"west":{"uv":[10.4375,10.5,10.6875,10.6875],"tintindex":0,"rotation":0,"texture":"#0"},"up":{"uv":[6.875,10.1875,6.5,9.9375],"tintindex":0,"rotation":0,"texture":"#0"},"down":{"uv":[10.3125,6.75,9.9375,7.0],"tintindex":0,"rotation":0,"texture":"#0"}}},{"from":[5.5,-4.0,-0.5],"to":[11.5,-2.0,3.5],"faces":{"east":{"uv":[1.5,10.75,1.75,10.875],"tintindex":0,"rotation":0,"texture":"#0"},"south":{"uv":[10.5625,0.5625,10.9375,0.6875],"tintindex":0,"rotation":0,"texture":"#0"},"north":{"uv":[10.5625,0.375,10.9375,0.5],"tintindex":0,"rotation":0,"texture":"#0"},"west":{"uv":[10.75,2.1875,11.0,2.3125],"tintindex":0,"rotation":0,"texture":"#0"},"up":{"uv":[9.3125,10.1875,8.9375,9.9375],"tintindex":0,"rotation":0,"texture":"#0"},"down":{"uv":[9.75,9.9375,9.375,10.1875],"tintindex":0,"rotation":0,"texture":"#0"}}},{"from":[5.0,5.0,6.0],"to":[11.0,8.0,12.0],"faces":{"east":{"uv":[10.1875,5.5,10.5625,5.6875],"tintindex":0,"rotation":0,"texture":"#0"},"south":{"uv":[10.1875,5.75,10.5625,5.9375],"tintindex":0,"rotation":0,"texture":"#0"},"north":{"uv":[10.125,8.3125,10.5,8.5],"tintindex":0,"rotation":0,"texture":"#0"},"west":{"uv":[10.1875,6.0,10.5625,6.1875],"tintindex":0,"rotation":0,"texture":"#0"},"up":{"uv":[3.5,9.875,3.125,9.5],"tintindex":0,"rotation":0,"texture":"#0"},"down":{"uv":[6.875,9.5,6.5,9.875],"tintindex":0,"rotation":0,"texture":"#0"}}},{"from":[4.5,-5.0,-1.5],"to":[12.5,-4.0,12.5],"faces":{"east":{"uv":[10.375,9.375,11.25,9.4375],"tintindex":0,"rotation":0,"texture":"#0"},"south":{"uv":[2.1875,10.75,2.6875,10.8125],"tintindex":0,"rotation":0,"texture":"#0"},"north":{"uv":[10.75,2.0625,11.25,2.125],"tintindex":0,"rotation":0,"texture":"#0"},"west":{"uv":[10.4375,3.9375,11.3125,4.0],"tintindex":0,"rotation":0,"texture":"#0"},"up":{"uv":[2.375,8.0,1.875,7.125],"tintindex":0,"rotation":0,"texture":"#0"},"down":{"uv":[7.625,2.5625,7.125,3.4375],"tintindex":0,"rotation":0,"texture":"#0"}}},{"from":[5.5,-8.0,-0.5],"to":[11.5,-5.0,2.5],"faces":{"east":{"uv":[10.625,6.0,10.8125,6.1875],"tintindex":0,"rotation":0,"texture":"#0"},"south":{"uv":[10.1875,6.5,10.5625,6.6875],"tintindex":0,"rotation":0,"texture":"#0"},"north":{"uv":[10.1875,6.25,10.5625,6.4375],"tintindex":0,"rotation":0,"texture":"#0"},"west":{"uv":[10.625,6.25,10.8125,6.4375],"tintindex":0,"rotation":0,"texture":"#0"},"up":{"uv":[7.8125,10.375,7.4375,10.1875],"tintindex":0,"rotation":0,"texture":"#0"},"down":{"uv":[10.625,0.0,10.25,0.1875],"tintindex":0,"rotation":0,"texture":"#0"}}},{"from":[5.5,-8.0,8.5],"to":[11.5,-5.0,11.5],"faces":{"east":{"uv":[10.625,6.5,10.8125,6.6875],"tintindex":0,"rotation":0,"texture":"#0"},"south":{"uv":[10.25,1.125,10.625,1.3125],"tintindex":0,"rotation":0,"texture":"#0"},"north":{"uv":[10.25,0.875,10.625,1.0625],"tintindex":0,"rotation":0,"texture":"#0"},"west":{"uv":[7.875,10.625,8.0625,10.8125],"tintindex":0,"rotation":0,"texture":"#0"},"up":{"uv":[10.625,1.5625,10.25,1.375],"tintindex":0,"rotation":0,"texture":"#0"},"down":{"uv":[10.625,2.875,10.25,3.0625],"tintindex":0,"rotation":0,"texture":"#0"}}},{"from":[5.5,-4.0,7.5],"to":[10.5,0.0,11.5],"faces":{"east":{"uv":[10.5,3.125,10.75,3.375],"tintindex":0,"rotation":0,"texture":"#0"},"south":{"uv":[0.375,10.0625,0.6875,10.3125],"tintindex":0,"rotation":0,"texture":"#0"},"north":{"uv":[0.0,10.0625,0.3125,10.3125],"tintindex":0,"rotation":0,"texture":"#0"},"west":{"uv":[3.875,10.5,4.125,10.75],"tintindex":0,"rotation":0,"texture":"#0"},"up":{"uv":[10.375,2.25,10.0625,2.0],"tintindex":0,"rotation":0,"texture":"#0"},"down":{"uv":[10.375,2.3125,10.0625,2.5625],"tintindex":0,"rotation":0,"texture":"#0"}}},{"from":[6.5,0.0,7.5],"to":[9.5,2.0,10.5],"faces":{"east":{"uv":[10.75,2.375,10.9375,2.5],"tintindex":0,"rotation":0,"texture":"#0"},"south":{"uv":[2.75,10.75,2.9375,10.875],"tintindex":0,"rotation":0,"texture":"#0"},"north":{"uv":[6.0,10.0625,6.1875,10.1875],"tintindex":0,"rotation":0,"texture":"#0"},"west":{"uv":[3.0,10.75,3.1875,10.875],"tintindex":0,"rotation":0,"texture":"#0"},"up":{"uv":[10.8125,5.6875,10.625,5.5],"tintindex":0,"rotation":0,"texture":"#0"},"down":{"uv":[10.8125,5.75,10.625,5.9375],"tintindex":0,"rotation":0,"texture":"#0"}}},{"from":[6.0,2.0,7.0],"to":[10.0,5.0,11.0],"faces":{"east":{"uv":[10.5,9.75,10.75,9.9375],"tintindex":0,"rotation":0,"texture":"#0"},"south":{"uv":[9.8125,10.5,10.0625,10.6875],"tintindex":0,"rotation":0,"texture":"#0"},"north":{"uv":[10.5,9.5,10.75,9.6875],"tintindex":0,"rotation":0,"texture":"#0"},"west":{"uv":[10.5,10.0,10.75,10.1875],"tintindex":0,"rotation":0,"texture":"#0"},"up":{"uv":[7.6875,10.6875,7.4375,10.4375],"tintindex":0,"rotation":0,"texture":"#0"},"down":{"uv":[10.75,1.625,10.5,1.875],"tintindex":0,"rotation":0,"texture":"#0"}}}],"display":{"gui":{"rotation":[30,225,0]}}}