{"file_name":"leg2","texture_size":[128,128],"textures":{"layer0":"manamodels/npc_furniture"},"elements":[{"name":"leg2_0","from":[6.224,7.1120005,6.6679997],"to":[8.888,11.108,9.332],"rotation":{"angle":0.0,"axis":"z","origin":[8.0,8.0,8.0]},"faces":{"east":{"uv":[7.0,4.625,7.5,5.375],"texture":"#layer0","tintindex":0},"south":{"uv":[7.0,5.5,7.5,6.25],"texture":"#layer0","tintindex":0},"north":{"uv":[7.0,3.75,7.5,4.5],"texture":"#layer0","tintindex":0},"west":{"uv":[7.0,6.375,7.5,7.125],"texture":"#layer0","tintindex":0},"up":{"uv":[8.875,1.75,8.375,1.25],"texture":"#layer0","tintindex":0},"down":{"uv":[8.375,1.875,8.875,2.375],"texture":"#layer0","tintindex":0}}},{"name":"leg2_1","from":[6.224,9.208622,3.5082018],"to":[8.888,11.8726225,3.5082018],"rotation":{"angle":22.5,"axis":"x","origin":[8.888,3.8806217,4.840202]},"faces":{"east":{"uv":[6.75,7.5,6.75,8.0],"texture":"#layer0","tintindex":0},"south":{"uv":[8.375,4.625,8.875,5.125],"texture":"#layer0","tintindex":0},"north":{"uv":[4.125,8.375,4.625,8.875],"texture":"#layer0","tintindex":0},"west":{"uv":[6.875,7.5,6.875,8.0],"texture":"#layer0","tintindex":0},"up":{"uv":[4.75,3.0,4.25,3.0],"texture":"#layer0","tintindex":0},"down":{"uv":[4.25,3.125,4.75,3.125],"texture":"#layer0","tintindex":0}}},{"name":"leg2_2","from":[6.224,9.874622,12.491798],"to":[8.888,11.8726225,12.491798],"rotation":{"angle":-22.5,"axis":"x","origin":[8.888,3.8806217,11.159798]},"faces":{"east":{"uv":[1.875,7.625,1.875,8.0],"texture":"#layer0","tintindex":0},"south":{"uv":[0.0,8.75,0.5,9.125],"texture":"#layer0","tintindex":0},"north":{"uv":[8.625,8.375,9.125,8.75],"texture":"#layer0","tintindex":0},"west":{"uv":[8.875,6.5,8.875,6.875],"texture":"#layer0","tintindex":0},"up":{"uv":[6.875,3.75,6.375,3.75],"texture":"#layer0","tintindex":0},"down":{"uv":[6.375,3.875,6.875,3.875],"texture":"#layer0","tintindex":0}}},{"name":"leg2_3","from":[6.224,5.98253,5.649146],"to":[8.888,9.3125305,5.649146],"rotation":{"angle":0.0,"axis":"z","origin":[8.0,8.0,8.0]},"faces":{"east":{"uv":[4.75,8.375,4.75,9.0],"texture":"#layer0","tintindex":0},"south":{"uv":[7.625,7.0,8.125,7.625],"texture":"#layer0","tintindex":0},"north":{"uv":[7.625,6.25,8.125,6.875],"texture":"#layer0","tintindex":0},"west":{"uv":[6.125,8.625,6.125,9.25],"texture":"#layer0","tintindex":0},"up":{"uv":[5.875,2.75,5.375,2.75],"texture":"#layer0","tintindex":0},"down":{"uv":[5.375,2.875,5.875,2.875],"texture":"#layer0","tintindex":0}}},{"name":"leg2_4","from":[6.224,7.264346,10.097216],"to":[8.888,9.928347,10.097216],"rotation":{"angle":0.0,"axis":"z","origin":[8.0,8.0,8.0]},"faces":{"east":{"uv":[6.75,8.875,6.75,9.375],"texture":"#layer0","tintindex":0},"south":{"uv":[7.375,8.375,7.875,8.875],"texture":"#layer0","tintindex":0},"north":{"uv":[8.375,5.25,8.875,5.75],"texture":"#layer0","tintindex":0},"west":{"uv":[6.875,8.875,6.875,9.375],"texture":"#layer0","tintindex":0},"up":{"uv":[6.875,4.0,6.375,4.0],"texture":"#layer0","tintindex":0},"down":{"uv":[5.0,6.625,5.5,6.625],"texture":"#layer0","tintindex":0}}},{"name":"leg2_5","from":[5.891,4.448,6.5015],"to":[9.221001,7.1120005,9.8315],"rotation":{"angle":0.0,"axis":"z","origin":[8.0,8.0,8.0]},"faces":{"east":{"uv":[7.625,3.75,8.25,4.25],"texture":"#layer0","tintindex":0},"south":{"uv":[7.625,4.375,8.25,4.875],"texture":"#layer0","tintindex":0},"north":{"uv":[1.125,7.625,1.75,8.125],"texture":"#layer0","tintindex":0},"west":{"uv":[4.875,7.625,5.5,8.125],"texture":"#layer0","tintindex":0},"up":{"uv":[2.625,7.25,2.0,6.625],"texture":"#layer0","tintindex":0},"down":{"uv":[2.75,6.625,3.375,7.25],"texture":"#layer0","tintindex":0}}},{"name":"leg2_6","from":[5.5579996,1.7839999,6.335],"to":[8.888,4.448,10.331],"rotation":{"angle":0.0,"axis":"z","origin":[8.0,8.0,8.0]},"faces":{"east":{"uv":[7.125,0.0,7.875,0.5],"texture":"#layer0","tintindex":0},"south":{"uv":[7.625,5.625,8.25,6.125],"texture":"#layer0","tintindex":0},"north":{"uv":[7.625,5.0,8.25,5.5],"texture":"#layer0","tintindex":0},"west":{"uv":[7.125,0.625,7.875,1.125],"texture":"#layer0","tintindex":0},"up":{"uv":[0.625,7.0,0.0,6.25],"texture":"#layer0","tintindex":0},"down":{"uv":[6.25,4.125,6.875,4.875],"texture":"#layer0","tintindex":0}}}],"display":{"head":{"translation":[0.0,-6.4,0.0],"rotation":[0.0,0.0,0.0],"scale":[3.8095,3.8095,3.8095]},"gui":{"translation":[0.0,0.0,0.0],"rotation":[35.0,225.0,0.0],"scale":[0.625,0.625,0.625]}}}