{"display":{"thirdperson_righthand":{"rotation":[88,0,0],"translation":[-1.25,0,3.25],"scale":[0.4,0.4,0.4]},"thirdperson_lefthand":{"rotation":[88,0,0],"translation":[-1.25,0,3.25],"scale":[0.4,0.4,0.4]},"firstperson_righthand":{"rotation":[-180,48.25,-180],"translation":[2.75,3,0],"scale":[0.4,0.4,0.4]},"firstperson_lefthand":{"rotation":[-180,48.25,-180],"translation":[2.75,3,0],"scale":[0.4,0.4,0.4]},"ground":{"translation":[0,-1,0],"scale":[0.75,0.75,0.75]},"gui":{"rotation":[30,225,0],"translation":[-0.75,5,0],"scale":[1.2,1.2,1.2]},"head":{"translation":[0,4.75,-0.5],"scale":[1.5,1.5,1.5]},"fixed":{"translation":[0,3.75,-1.5]}},"texture_size":[32,32],"textures":{"0":"crates/summer_crate/green_shades","particle":"crates/summer_crate/green_shades"},"elements":[{"from":[3.5,2.5,3.5],"to":[12.5,5.5,11.5],"rotation":{"angle":0,"axis":"y","origin":[0.5,0,0]},"faces":{"north":{"uv":[4.5,0,9,1.5],"texture":"#0"},"east":{"uv":[4.5,3,8.5,4.5],"texture":"#0"},"south":{"uv":[4.5,1.5,9,3],"texture":"#0"},"west":{"uv":[4.5,4.5,8.5,6],"texture":"#0"},"up":{"uv":[4.5,4,0,0],"texture":"#0"},"down":{"uv":[4.5,4,0,8],"texture":"#0"}}}]}