{"display":{"thirdperson_righthand":{"rotation":[75,45,0],"translation":[0,2.5,0],"scale":[0.375,0.375,0.375]},"thirdperson_lefthand":{"rotation":[75,45,0],"translation":[0,2.5,0],"scale":[0.375,0.375,0.375]},"firstperson_righthand":{"rotation":[0,45,0],"translation":[1.75,1.75,0],"scale":[0.4,0.4,0.4]},"firstperson_lefthand":{"rotation":[0,45,0],"translation":[1.75,1.75,0],"scale":[0.4,0.4,0.4]},"ground":{"translation":[0,3,0],"scale":[0.75,0.75,0.75]},"gui":{"rotation":[30,225,0],"scale":[0.925,0.925,0.925]},"head":{"translation":[0,6.25,0],"scale":[1.6,1.6,1.6]},"fixed":{"rotation":[-90,0,0],"translation":[0,0.25,-2.75],"scale":[1,1,0.99]}},"texture_size":[32,32],"textures":{"0":"crates/summer_crate/umbrella_hat","particle":"crates/summer_crate/umbrella_hat"},"elements":[{"from":[3.8,4.8,3.8],"to":[12.2,6.2,12.2],"rotation":{"angle":0,"axis":"y","origin":[4,0,0]},"faces":{"north":{"uv":[0,8,4,8.5],"texture":"#0"},"east":{"uv":[4,8,8,8.5],"texture":"#0"},"south":{"uv":[8,8,12,8.5],"texture":"#0"},"west":{"uv":[0,8.5,4,9],"texture":"#0"},"up":{"uv":[10,4,6,0],"texture":"#0"},"down":{"uv":[10,4,6,8],"texture":"#0"}}},{"from":[2,10,0],"to":[14,10,8],"rotation":{"angle":-22.5,"axis":"x","origin":[8,10,8]},"faces":{"north":{"uv":[0,0,6,0],"texture":"#0"},"east":{"uv":[0,0,4,0],"texture":"#0"},"south":{"uv":[0,0,6,0],"texture":"#0"},"west":{"uv":[0,0,4,0],"texture":"#0"},"up":{"uv":[16,15.75,10,11.75],"texture":"#0"},"down":{"uv":[16,11.75,10,15.75],"texture":"#0"}}},{"from":[0,10,2],"to":[8,10,14],"rotation":{"angle":22.5,"axis":"z","origin":[8,10,8]},"faces":{"north":{"uv":[0,0,4,0],"texture":"#0"},"east":{"uv":[0,0,6,0],"texture":"#0"},"south":{"uv":[0,0,4,0],"texture":"#0"},"west":{"uv":[0,0,6,0],"texture":"#0"},"up":{"uv":[8.75,15.75,2.75,11.75],"rotation":270,"texture":"#0"},"down":{"uv":[8.75,11.75,2.75,15.75],"rotation":90,"texture":"#0"}}},{"from":[8,10,2],"to":[16,10,14],"rotation":{"angle":-22.5,"axis":"z","origin":[8,10,8]},"faces":{"north":{"uv":[4,0,0,0],"texture":"#0"},"east":{"uv":[6,0,0,0],"texture":"#0"},"south":{"uv":[4,0,0,0],"texture":"#0"},"west":{"uv":[6,0,0,0],"texture":"#0"},"up":{"uv":[6,0,0,4],"rotation":270,"texture":"#0"},"down":{"uv":[6,4,0,0],"rotation":90,"texture":"#0"}}},{"from":[2,10,8],"to":[14,10,16],"rotation":{"angle":22.5,"axis":"x","origin":[8,10,8]},"faces":{"north":{"uv":[6,0,0,0],"texture":"#0"},"east":{"uv":[4,0,0,0],"texture":"#0"},"south":{"uv":[6,0,0,0],"texture":"#0"},"west":{"uv":[4,0,0,0],"texture":"#0"},"up":{"uv":[16,3.75,10,7.75],"texture":"#0"},"down":{"uv":[16,7.75,10,3.75],"texture":"#0"}}},{"from":[3.9,4.75,7],"to":[3.9,8.75,9],"rotation":{"angle":0,"axis":"y","origin":[4,0,0]},"faces":{"north":{"uv":[0,0,0,2],"texture":"#0"},"east":{"uv":[4,8.5,5,10.5],"texture":"#0"},"south":{"uv":[0,0,0,2],"texture":"#0"},"west":{"uv":[5,8.5,6,10.5],"texture":"#0"},"up":{"uv":[0,1,0,0],"texture":"#0"},"down":{"uv":[0,0,0,1],"texture":"#0"}}},{"from":[12.1,4.75,7],"to":[12.1,8.75,9],"rotation":{"angle":0,"axis":"y","origin":[12,0,0]},"faces":{"north":{"uv":[0,0,0,2],"texture":"#0"},"east":{"uv":[6,8.5,5,10.5],"texture":"#0"},"south":{"uv":[0,0,0,2],"texture":"#0"},"west":{"uv":[5,8.5,4,10.5],"texture":"#0"},"up":{"uv":[0,1,0,0],"texture":"#0"},"down":{"uv":[0,0,0,1],"texture":"#0"}}}]}