{"file_name":"bone11","texture_size":[256,256],"textures":{"layer0":"manamodels/mechadino"},"elements":[{"name":"bone11_0","from":[6.624074,7.57937,5.648198],"to":[7.776074,16.795372,24.0802],"rotation":{"angle":0.0,"axis":"z","origin":[8.0,8.0,8.0]},"faces":{"east":{"uv":[3.375,3.375,4.375,3.875],"texture":"#layer0","tintindex":0},"south":{"uv":[3.4375,9.5625,3.5,10.0625],"texture":"#layer0","tintindex":0},"north":{"uv":[3.125,9.5625,3.1875,10.0625],"texture":"#layer0","tintindex":0},"west":{"uv":[3.5,1.3125,4.5,1.8125],"texture":"#layer0","tintindex":0},"up":{"uv":[1.9375,9.5625,1.875,8.5625],"texture":"#layer0","tintindex":0},"down":{"uv":[1.9375,8.5625,2.0,9.5625],"texture":"#layer0","tintindex":0}}}],"display":{"head":{"translation":[0.0,-6.4,0.0],"rotation":[0.0,0.0,0.0],"scale":[3.8095,3.8095,3.8095]},"gui":{"translation":[0.0,0.0,0.0],"rotation":[35.0,225.0,0.0],"scale":[0.625,0.625,0.625]}}}