{"file_name":"bone19","texture_size":[256,256],"textures":{"layer0":"manamodels/mechadino"},"elements":[{"name":"bone19_0","from":[19.52,4.8052454,4.04387],"to":[21.823997,9.413246,8.65187],"rotation":{"angle":0.0,"axis":"z","origin":[8.0,8.0,8.0]},"faces":{"east":{"uv":[9.0,3.8125,8.75,4.0625],"texture":"#layer0","tintindex":0},"south":{"uv":[2.875,9.4375,2.75,9.6875],"texture":"#layer0","tintindex":0},"north":{"uv":[9.5625,2.625,9.4375,2.875],"texture":"#layer0","tintindex":0},"west":{"uv":[3.5,8.75,3.25,9.0],"texture":"#layer0","tintindex":0},"up":{"uv":[2.875,9.6875,3.0,9.4375],"texture":"#layer0","tintindex":0},"down":{"uv":[9.5625,3.8125,9.4375,4.0625],"texture":"#layer0","tintindex":0}}},{"name":"bone19_1","from":[20.671997,8.261246,8.65187],"to":[21.823997,9.413246,15.563869],"rotation":{"angle":0.0,"axis":"z","origin":[8.0,8.0,8.0]},"faces":{"east":{"uv":[4.5,1.25,4.125,1.3125],"texture":"#layer0","tintindex":0},"south":{"uv":[7.3125,4.3125,7.25,4.375],"texture":"#layer0","tintindex":0},"north":{"uv":[6.875,1.5,6.8125,1.5625],"texture":"#layer0","tintindex":0},"west":{"uv":[3.5,1.3125,3.125,1.375],"texture":"#layer0","tintindex":0},"up":{"uv":[1.75,8.1875,1.8125,7.8125],"texture":"#layer0","tintindex":0},"down":{"uv":[3.625,8.5,3.5625,8.875],"texture":"#layer0","tintindex":0}}},{"name":"bone19_2","from":[20.671997,5.957246,8.65187],"to":[21.823997,7.1092453,13.25987],"rotation":{"angle":0.0,"axis":"z","origin":[8.0,8.0,8.0]},"faces":{"east":{"uv":[1.8125,5.875,1.5625,5.9375],"texture":"#layer0","tintindex":0},"south":{"uv":[6.9375,8.1875,6.875,8.25],"texture":"#layer0","tintindex":0},"north":{"uv":[8.0,4.9375,7.9375,5.0],"texture":"#layer0","tintindex":0},"west":{"uv":[5.9375,4.5,5.6875,4.5625],"texture":"#layer0","tintindex":0},"up":{"uv":[1.5,6.5,1.5625,6.25],"texture":"#layer0","tintindex":0},"down":{"uv":[5.25,7.5625,5.1875,7.8125],"texture":"#layer0","tintindex":0}}},{"name":"bone19_3","from":[12.608001,4.8052454,4.04387],"to":[14.912001,9.413246,8.65187],"rotation":{"angle":0.0,"axis":"z","origin":[8.0,8.0,8.0]},"faces":{"east":{"uv":[7.0625,8.75,6.8125,9.0],"texture":"#layer0","tintindex":0},"south":{"uv":[9.5625,4.4375,9.4375,4.6875],"texture":"#layer0","tintindex":0},"north":{"uv":[4.5625,9.4375,4.4375,9.6875],"texture":"#layer0","tintindex":0},"west":{"uv":[4.1875,8.75,3.9375,9.0],"texture":"#layer0","tintindex":0},"up":{"uv":[4.5625,9.6875,4.6875,9.4375],"texture":"#layer0","tintindex":0},"down":{"uv":[9.5625,4.6875,9.4375,4.9375],"texture":"#layer0","tintindex":0}}},{"name":"bone19_4","from":[12.4279995,8.261246,8.65187],"to":[13.58,9.413246,15.563869],"rotation":{"angle":0.0,"axis":"z","origin":[8.0,8.0,8.0]},"faces":{"east":{"uv":[5.625,6.6875,5.25,6.75],"texture":"#layer0","tintindex":0},"south":{"uv":[3.75,7.875,3.6875,7.9375],"texture":"#layer0","tintindex":0},"north":{"uv":[7.4375,7.25,7.375,7.3125],"texture":"#layer0","tintindex":0},"west":{"uv":[0.375,6.5625,0.0,6.625],"texture":"#layer0","tintindex":0},"up":{"uv":[6.5,9.9375,6.5625,9.5625],"texture":"#layer0","tintindex":0},"down":{"uv":[6.625,9.5625,6.5625,9.9375],"texture":"#layer0","tintindex":0}}},{"name":"bone19_5","from":[12.607999,5.957246,8.65187],"to":[13.759999,7.1092453,13.25987],"rotation":{"angle":0.0,"axis":"z","origin":[8.0,8.0,8.0]},"faces":{"east":{"uv":[4.6875,7.5,4.4375,7.5625],"texture":"#layer0","tintindex":0},"south":{"uv":[8.375,8.4375,8.3125,8.5],"texture":"#layer0","tintindex":0},"north":{"uv":[8.5,3.75,8.4375,3.8125],"texture":"#layer0","tintindex":0},"west":{"uv":[7.5625,1.9375,7.3125,2.0],"texture":"#layer0","tintindex":0},"up":{"uv":[6.25,8.1875,6.3125,7.9375],"texture":"#layer0","tintindex":0},"down":{"uv":[3.8125,8.1875,3.75,8.4375],"texture":"#layer0","tintindex":0}}}],"display":{"head":{"translation":[0.0,-6.4,0.0],"rotation":[0.0,0.0,0.0],"scale":[3.8095,3.8095,3.8095]},"gui":{"translation":[0.0,0.0,0.0],"rotation":[35.0,225.0,0.0],"scale":[0.625,0.625,0.625]}}}