{"file_name":"middleleftleg","texture_size":[256,256],"textures":{"layer0":"manamodels/mechadino"},"elements":[{"name":"middleleftleg_0","from":[-4.096001,-1.0360012,4.88],"to":[1.6639994,8.179998,12.944],"rotation":{"angle":0.0,"axis":"z","origin":[8.0,8.0,8.0]},"faces":{"east":{"uv":[2.9375,6.8125,3.375,7.3125],"texture":"#layer0","tintindex":0},"south":{"uv":[5.25,7.3125,5.5625,7.8125],"texture":"#layer0","tintindex":0},"north":{"uv":[1.1875,6.9375,1.5,7.4375],"texture":"#layer0","tintindex":0},"west":{"uv":[6.875,1.5,7.3125,2.0],"texture":"#layer0","tintindex":0},"up":{"uv":[6.625,8.1875,6.3125,7.75],"texture":"#layer0","tintindex":0},"down":{"uv":[6.625,7.75,6.9375,8.1875],"texture":"#layer0","tintindex":0}}},{"name":"middleleftleg_1","from":[-2.368001,1.267999,3.728],"to":[-0.06400061,9.331999,9.488001],"rotation":{"angle":0.0,"axis":"z","origin":[8.0,8.0,8.0]},"faces":{"east":{"uv":[1.4375,7.8125,1.75,8.25],"texture":"#layer0","tintindex":0},"south":{"uv":[5.0625,8.8125,5.1875,9.25],"texture":"#layer0","tintindex":0},"north":{"uv":[1.4375,5.1875,1.5625,5.625],"texture":"#layer0","tintindex":0},"west":{"uv":[2.25,7.8125,2.5625,8.25],"texture":"#layer0","tintindex":0},"up":{"uv":[0.6875,5.625,0.5625,5.3125],"texture":"#layer0","tintindex":0},"down":{"uv":[6.125,9.25,6.25,9.5625],"texture":"#layer0","tintindex":0}}},{"name":"middleleftleg_2","from":[-3.5200005,7.027998,2.5759997],"to":[-2.368,9.331999,7.184],"rotation":{"angle":0.0,"axis":"z","origin":[8.0,8.0,8.0]},"faces":{"east":{"uv":[9.4375,2.875,9.6875,3.0],"texture":"#layer0","tintindex":0},"south":{"uv":[8.625,9.0,8.6875,9.125],"texture":"#layer0","tintindex":0},"north":{"uv":[3.4375,9.0,3.5,9.125],"texture":"#layer0","tintindex":0},"west":{"uv":[9.4375,4.9375,9.6875,5.0625],"texture":"#layer0","tintindex":0},"up":{"uv":[1.4375,8.5625,1.375,8.3125],"texture":"#layer0","tintindex":0},"down":{"uv":[9.6875,9.75,9.75,10.0],"texture":"#layer0","tintindex":0}}},{"name":"middleleftleg_3","from":[-3.520001,5.8759995,2.5759997],"to":[1.0879991,7.0279994,7.184],"rotation":{"angle":0.0,"axis":"z","origin":[8.0,8.0,8.0]},"faces":{"east":{"uv":[7.6875,4.6875,7.9375,4.75],"texture":"#layer0","tintindex":0},"south":{"uv":[7.8125,0.9375,8.0625,1.0],"texture":"#layer0","tintindex":0},"north":{"uv":[7.6875,2.5,7.9375,2.5625],"texture":"#layer0","tintindex":0},"west":{"uv":[8.0,6.1875,8.25,6.25],"texture":"#layer0","tintindex":0},"up":{"uv":[8.3125,9.0,8.0625,8.75],"texture":"#layer0","tintindex":0},"down":{"uv":[0.0,8.8125,0.25,9.0625],"texture":"#layer0","tintindex":0}}},{"name":"middleleftleg_4","from":[-0.06400061,7.027998,2.5759997],"to":[1.0879993,9.331999,7.184],"rotation":{"angle":0.0,"axis":"z","origin":[8.0,8.0,8.0]},"faces":{"east":{"uv":[9.4375,6.0625,9.6875,6.1875],"texture":"#layer0","tintindex":0},"south":{"uv":[7.375,9.3125,7.4375,9.4375],"texture":"#layer0","tintindex":0},"north":{"uv":[9.25,1.0,9.3125,1.125],"texture":"#layer0","tintindex":0},"west":{"uv":[7.0625,9.4375,7.3125,9.5625],"texture":"#layer0","tintindex":0},"up":{"uv":[0.25,10.0625,0.1875,9.8125],"texture":"#layer0","tintindex":0},"down":{"uv":[0.25,9.8125,0.3125,10.0625],"texture":"#layer0","tintindex":0}}},{"name":"middleleftleg_5","from":[-3.520001,9.331999,2.5759997],"to":[1.0879991,10.483999,7.184],"rotation":{"angle":0.0,"axis":"z","origin":[8.0,8.0,8.0]},"faces":{"east":{"uv":[7.25,8.5625,7.5,8.625],"texture":"#layer0","tintindex":0},"south":{"uv":[8.6875,1.3125,8.9375,1.375],"texture":"#layer0","tintindex":0},"north":{"uv":[8.0,7.0625,8.25,7.125],"texture":"#layer0","tintindex":0},"west":{"uv":[9.125,9.0625,9.375,9.125],"texture":"#layer0","tintindex":0},"up":{"uv":[0.5,9.0625,0.25,8.8125],"texture":"#layer0","tintindex":0},"down":{"uv":[0.5,8.8125,0.75,9.0625],"texture":"#layer0","tintindex":0}}},{"name":"middleleftleg_6","from":[-2.368001,7.027998,3.152],"to":[-0.06400061,9.331999,7.184],"rotation":{"angle":0.0,"axis":"z","origin":[8.0,8.0,8.0]},"faces":{"east":{"uv":[9.4375,5.25,9.6875,5.375],"texture":"#layer0","tintindex":0},"south":{"uv":[9.8125,0.0,9.9375,0.125],"texture":"#layer0","tintindex":0},"north":{"uv":[9.75,9.75,9.875,9.875],"texture":"#layer0","tintindex":0},"west":{"uv":[9.4375,5.6875,9.6875,5.8125],"texture":"#layer0","tintindex":0},"up":{"uv":[9.5625,6.0625,9.4375,5.8125],"texture":"#layer0","tintindex":0},"down":{"uv":[6.9375,9.4375,7.0625,9.6875],"texture":"#layer0","tintindex":0}}}],"display":{"head":{"translation":[0.0,-6.4,0.0],"rotation":[0.0,0.0,0.0],"scale":[3.8095,3.8095,3.8095]},"gui":{"translation":[0.0,0.0,0.0],"rotation":[35.0,225.0,0.0],"scale":[0.625,0.625,0.625]}}}