{"file_name":"neck","texture_size":[256,256],"textures":{"layer0":"manamodels/mechadino"},"elements":[{"name":"neck_0","from":[6.8479996,23.218529,-2.89435],"to":[9.152,24.370525,-1.7423501],"rotation":{"angle":0.0,"axis":"z","origin":[8.0,8.0,8.0]},"faces":{"east":{"uv":[10.0,8.875,10.0625,8.9375],"texture":"#layer0","tintindex":0},"south":{"uv":[10.0,5.875,10.125,5.9375],"texture":"#layer0","tintindex":0},"north":{"uv":[10.0,5.8125,10.125,5.875],"texture":"#layer0","tintindex":0},"west":{"uv":[10.0,8.9375,10.0625,9.0],"texture":"#layer0","tintindex":0},"up":{"uv":[6.0625,10.0625,5.9375,10.0],"texture":"#layer0","tintindex":0},"down":{"uv":[10.0,5.9375,10.125,6.0],"texture":"#layer0","tintindex":0}}},{"name":"neck_1","from":[6.8479996,20.914524,-6.3503513],"to":[9.152,24.370525,-2.8943515],"rotation":{"angle":0.0,"axis":"z","origin":[8.0,8.0,8.0]},"faces":{"east":{"uv":[9.4375,0.375,9.625,0.5625],"texture":"#layer0","tintindex":0},"south":{"uv":[8.25,9.75,8.375,9.9375],"texture":"#layer0","tintindex":0},"north":{"uv":[8.125,9.75,8.25,9.9375],"texture":"#layer0","tintindex":0},"west":{"uv":[9.4375,1.0,9.625,1.1875],"texture":"#layer0","tintindex":0},"up":{"uv":[8.5,9.9375,8.375,9.75],"texture":"#layer0","tintindex":0},"down":{"uv":[8.625,9.75,8.75,9.9375],"texture":"#layer0","tintindex":0}}},{"name":"neck_2","from":[4.5439997,16.306526,-6.3503513],"to":[11.456,20.914524,-2.8943515],"rotation":{"angle":0.0,"axis":"z","origin":[8.0,8.0,8.0]},"faces":{"east":{"uv":[2.75,7.0625,2.9375,7.3125],"texture":"#layer0","tintindex":0},"south":{"uv":[3.375,6.8125,3.75,7.0625],"texture":"#layer0","tintindex":0},"north":{"uv":[3.75,0.5625,4.125,0.8125],"texture":"#layer0","tintindex":0},"west":{"uv":[5.4375,9.0625,5.625,9.3125],"texture":"#layer0","tintindex":0},"up":{"uv":[3.375,4.5625,3.0,4.375],"texture":"#layer0","tintindex":0},"down":{"uv":[5.5,5.1875,5.875,5.375],"texture":"#layer0","tintindex":0}}},{"name":"neck_3","from":[5.696,15.154526,-9.230349],"to":[10.304001,19.762527,-0.014348745],"rotation":{"angle":0.0,"axis":"z","origin":[8.0,8.0,8.0]},"faces":{"east":{"uv":[7.9375,2.5,8.4375,2.75],"texture":"#layer0","tintindex":0},"south":{"uv":[7.3125,8.8125,7.5625,9.0625],"texture":"#layer0","tintindex":0},"north":{"uv":[7.0625,8.8125,7.3125,9.0625],"texture":"#layer0","tintindex":0},"west":{"uv":[3.3125,7.9375,3.8125,8.1875],"texture":"#layer0","tintindex":0},"up":{"uv":[2.125,3.25,1.875,2.75],"texture":"#layer0","tintindex":0},"down":{"uv":[3.8125,7.9375,4.0625,8.4375],"texture":"#layer0","tintindex":0}}},{"name":"neck_4","from":[2.2399995,14.002524,-6.9263506],"to":[13.76,18.610525,-2.3183508],"rotation":{"angle":0.0,"axis":"z","origin":[8.0,8.0,8.0]},"faces":{"east":{"uv":[8.8125,3.125,9.0625,3.375],"texture":"#layer0","tintindex":0},"south":{"uv":[5.5625,7.3125,6.1875,7.5625],"texture":"#layer0","tintindex":0},"north":{"uv":[7.3125,4.4375,7.9375,4.6875],"texture":"#layer0","tintindex":0},"west":{"uv":[6.25,8.8125,6.5,9.0625],"texture":"#layer0","tintindex":0},"up":{"uv":[6.8125,7.5625,6.1875,7.3125],"texture":"#layer0","tintindex":0},"down":{"uv":[6.8125,7.3125,7.4375,7.5625],"texture":"#layer0","tintindex":0}}},{"name":"neck_5","from":[3.3920002,7.090524,-6.350356],"to":[12.464001,17.458525,5.169645],"rotation":{"angle":0.0,"axis":"z","origin":[8.0,8.0,8.0]},"faces":{"east":{"uv":[4.625,1.75,5.25,2.3125],"texture":"#layer0","tintindex":0},"south":{"uv":[2.25,5.875,2.75,6.4375],"texture":"#layer0","tintindex":0},"north":{"uv":[5.875,1.0,6.375,1.5625],"texture":"#layer0","tintindex":0},"west":{"uv":[1.8125,4.625,2.4375,5.1875],"texture":"#layer0","tintindex":0},"up":{"uv":[5.875,6.0,5.375,5.375],"texture":"#layer0","tintindex":0},"down":{"uv":[0.5625,5.625,1.0625,6.25],"texture":"#layer0","tintindex":0}}}],"display":{"head":{"translation":[0.0,-6.4,0.0],"rotation":[0.0,0.0,0.0],"scale":[3.8095,3.8095,3.8095]},"gui":{"translation":[0.0,0.0,0.0],"rotation":[35.0,225.0,0.0],"scale":[0.625,0.625,0.625]}}}