{"file_name":"righgun","texture_size":[256,256],"textures":{"layer0":"manamodels/mechadino"},"elements":[{"name":"righgun_0","from":[10.592001,7.172002,12.800003],"to":[11.744001,9.476002,15.104003],"rotation":{"angle":0.0,"axis":"z","origin":[8.0,8.0,20.240002]},"faces":{"east":{"uv":[2.6875,9.9375,2.8125,10.0625],"texture":"#layer0","tintindex":0},"south":{"uv":[6.8125,10.0,6.875,10.125],"texture":"#layer0","tintindex":0},"north":{"uv":[10.0,6.6875,10.0625,6.8125],"texture":"#layer0","tintindex":0},"west":{"uv":[9.9375,3.0625,10.0625,3.1875],"texture":"#layer0","tintindex":0},"up":{"uv":[10.0625,6.9375,10.0,6.8125],"texture":"#layer0","tintindex":0},"down":{"uv":[6.875,10.0,6.9375,10.125],"texture":"#layer0","tintindex":0}}},{"name":"righgun_1","from":[10.592001,6.019998,15.680002],"to":[11.744001,9.475998,19.136002],"rotation":{"angle":0.0,"axis":"z","origin":[8.0,8.0,20.240002]},"faces":{"east":{"uv":[9.4375,1.1875,9.625,1.375],"texture":"#layer0","tintindex":0},"south":{"uv":[7.0625,9.9375,7.125,10.125],"texture":"#layer0","tintindex":0},"north":{"uv":[9.9375,6.9375,10.0,7.125],"texture":"#layer0","tintindex":0},"west":{"uv":[1.3125,9.4375,1.5,9.625],"texture":"#layer0","tintindex":0},"up":{"uv":[7.1875,10.125,7.125,9.9375],"texture":"#layer0","tintindex":0},"down":{"uv":[9.9375,7.125,10.0,7.3125],"texture":"#layer0","tintindex":0}}},{"name":"righgun_2","from":[4.8320017,4.292,11.648002],"to":[10.592003,10.052,19.712002],"rotation":{"angle":0.0,"axis":"z","origin":[8.0,8.0,20.240002]},"faces":{"east":{"uv":[2.5625,7.8125,3.0,8.125],"texture":"#layer0","tintindex":0},"south":{"uv":[4.6875,8.25,5.0,8.5625],"texture":"#layer0","tintindex":0},"north":{"uv":[4.0625,8.25,4.375,8.5625],"texture":"#layer0","tintindex":0},"west":{"uv":[6.9375,7.8125,7.375,8.125],"texture":"#layer0","tintindex":0},"up":{"uv":[5.5,8.25,5.1875,7.8125],"texture":"#layer0","tintindex":0},"down":{"uv":[7.8125,7.25,8.125,7.6875],"texture":"#layer0","tintindex":0}}},{"name":"righgun_3","from":[6.5600004,4.867999,9.344002],"to":[10.016001,9.476,11.648002],"rotation":{"angle":0.0,"axis":"z","origin":[8.0,8.0,20.240002]},"faces":{"east":{"uv":[8.25,9.5,8.375,9.75],"texture":"#layer0","tintindex":0},"south":{"uv":[0.0,9.1875,0.1875,9.4375],"texture":"#layer0","tintindex":0},"north":{"uv":[9.125,8.8125,9.3125,9.0625],"texture":"#layer0","tintindex":0},"west":{"uv":[9.25,9.5,9.375,9.75],"texture":"#layer0","tintindex":0},"up":{"uv":[9.875,7.625,9.6875,7.5],"texture":"#layer0","tintindex":0},"down":{"uv":[9.6875,7.625,9.875,7.75],"texture":"#layer0","tintindex":0}}},{"name":"righgun_4","from":[5.984002,4.292,7.040001],"to":[10.592003,10.052,9.344002],"rotation":{"angle":0.0,"axis":"z","origin":[8.0,8.0,20.240002]},"faces":{"east":{"uv":[5.5625,9.3125,5.6875,9.625],"texture":"#layer0","tintindex":0},"south":{"uv":[2.25,8.5625,2.5,8.875],"texture":"#layer0","tintindex":0},"north":{"uv":[1.625,8.5625,1.875,8.875],"texture":"#layer0","tintindex":0},"west":{"uv":[5.6875,9.3125,5.8125,9.625],"texture":"#layer0","tintindex":0},"up":{"uv":[8.25,9.625,8.0,9.5],"texture":"#layer0","tintindex":0},"down":{"uv":[9.5,8.8125,9.75,8.9375],"texture":"#layer0","tintindex":0}}},{"name":"righgun_5","from":[5.984002,6.308,3.5840025],"to":[10.592003,8.036,7.040002],"rotation":{"angle":0.0,"axis":"z","origin":[8.0,8.0,20.240002]},"faces":{"east":{"uv":[9.6875,5.9375,9.875,6.0625],"texture":"#layer0","tintindex":0},"south":{"uv":[9.5625,0.8125,9.8125,0.9375],"texture":"#layer0","tintindex":0},"north":{"uv":[9.5625,0.0,9.8125,0.125],"texture":"#layer0","tintindex":0},"west":{"uv":[9.6875,6.0625,9.875,6.1875],"texture":"#layer0","tintindex":0},"up":{"uv":[8.25,9.3125,8.0,9.125],"texture":"#layer0","tintindex":0},"down":{"uv":[8.25,9.125,8.5,9.3125],"texture":"#layer0","tintindex":0}}},{"name":"righgun_6","from":[6.5600004,4.292,-2.1759977],"to":[10.016001,6.5959997,3.5840034],"rotation":{"angle":0.0,"axis":"z","origin":[8.0,8.0,20.240002]},"faces":{"east":{"uv":[9.3125,6.1875,9.625,6.3125],"texture":"#layer0","tintindex":0},"south":{"uv":[9.6875,8.25,9.875,8.375],"texture":"#layer0","tintindex":0},"north":{"uv":[9.6875,8.125,9.875,8.25],"texture":"#layer0","tintindex":0},"west":{"uv":[9.3125,6.3125,9.625,6.4375],"texture":"#layer0","tintindex":0},"up":{"uv":[9.125,9.125,8.9375,8.8125],"texture":"#layer0","tintindex":0},"down":{"uv":[1.125,9.0,1.3125,9.3125],"texture":"#layer0","tintindex":0}}},{"name":"righgun_7","from":[6.5600004,7.748001,-7.935997],"to":[10.016001,10.052002,-3.3279963],"rotation":{"angle":0.0,"axis":"z","origin":[8.0,8.0,20.240002]},"faces":{"east":{"uv":[9.5,4.3125,9.75,4.4375],"texture":"#layer0","tintindex":0},"south":{"uv":[9.6875,5.8125,9.875,5.9375],"texture":"#layer0","tintindex":0},"north":{"uv":[9.6875,5.6875,9.875,5.8125],"texture":"#layer0","tintindex":0},"west":{"uv":[9.5,5.0625,9.75,5.1875],"texture":"#layer0","tintindex":0},"up":{"uv":[3.625,9.375,3.4375,9.125],"texture":"#layer0","tintindex":0},"down":{"uv":[7.8125,9.125,8.0,9.375],"texture":"#layer0","tintindex":0}}},{"name":"righgun_8","from":[7.1360006,7.748001,-16.0],"to":[9.440001,8.900002,-9.087997],"rotation":{"angle":0.0,"axis":"z","origin":[8.0,8.0,20.240002]},"faces":{"east":{"uv":[3.3125,7.875,3.6875,7.9375],"texture":"#layer0","tintindex":0},"south":{"uv":[6.6875,0.625,6.8125,0.6875],"texture":"#layer0","tintindex":0},"north":{"uv":[5.25,5.9375,5.375,6.0],"texture":"#layer0","tintindex":0},"west":{"uv":[8.3125,1.3125,8.6875,1.375],"texture":"#layer0","tintindex":0},"up":{"uv":[7.5625,9.4375,7.4375,9.0625],"texture":"#layer0","tintindex":0},"down":{"uv":[0.875,9.125,1.0,9.5],"texture":"#layer0","tintindex":0}}},{"name":"righgun_9","from":[7.1360006,5.4439983,-13.695999],"to":[9.440001,6.595999,-9.088001],"rotation":{"angle":0.0,"axis":"z","origin":[8.0,8.0,20.240002]},"faces":{"east":{"uv":[9.8125,3.1875,10.0625,3.25],"texture":"#layer0","tintindex":0},"south":{"uv":[6.9375,7.75,7.0625,7.8125],"texture":"#layer0","tintindex":0},"north":{"uv":[7.375,6.25,7.5,6.3125],"texture":"#layer0","tintindex":0},"west":{"uv":[9.875,0.3125,10.125,0.375],"texture":"#layer0","tintindex":0},"up":{"uv":[9.625,7.25,9.5,7.0],"texture":"#layer0","tintindex":0},"down":{"uv":[9.5,7.25,9.625,7.5],"texture":"#layer0","tintindex":0}}},{"name":"righgun_10","from":[7.1360006,5.4439983,-9.088001],"to":[9.440001,8.899999,7.04],"rotation":{"angle":0.0,"axis":"z","origin":[8.0,8.0,20.240002]},"faces":{"east":{"uv":[3.5,2.6875,4.375,2.875],"texture":"#layer0","tintindex":0},"south":{"uv":[3.9375,9.625,4.0625,9.8125],"texture":"#layer0","tintindex":0},"north":{"uv":[3.25,9.625,3.375,9.8125],"texture":"#layer0","tintindex":0},"west":{"uv":[7.3125,3.875,8.1875,4.0625],"texture":"#layer0","tintindex":0},"up":{"uv":[1.375,2.375,1.25,1.5],"texture":"#layer0","tintindex":0},"down":{"uv":[5.0625,7.9375,5.1875,8.8125],"texture":"#layer0","tintindex":0}}}],"display":{"head":{"translation":[0.0,-6.4,-46.628284],"rotation":[0.0,0.0,0.0],"scale":[3.8095,3.8095,3.8095]},"gui":{"translation":[0.0,0.0,0.0],"rotation":[35.0,225.0,0.0],"scale":[0.625,0.625,0.625]}}}