{"file_name":"upperbody","texture_size":[256,256],"textures":{"layer0":"manamodels/mechadino"},"elements":[{"name":"upperbody_0","from":[3.3920002,5.73236,-4.568195],"to":[12.608001,16.10036,5.7998056],"rotation":{"angle":0.0,"axis":"z","origin":[8.0,8.0,8.0]},"faces":{"east":{"uv":[0.0,5.3125,0.5625,5.875],"texture":"#layer0","tintindex":0},"south":{"uv":[5.875,5.1875,6.375,5.75],"texture":"#layer0","tintindex":0},"north":{"uv":[2.75,5.875,3.25,6.4375],"texture":"#layer0","tintindex":0},"west":{"uv":[5.3125,1.125,5.875,1.6875],"texture":"#layer0","tintindex":0},"up":{"uv":[6.375,6.3125,5.875,5.75],"texture":"#layer0","tintindex":0},"down":{"uv":[1.5625,5.9375,2.0625,6.5],"texture":"#layer0","tintindex":0}}},{"name":"upperbody_1","from":[2.2399995,8.03636,-6.8721952],"to":[13.76,20.708363,5.7998056],"rotation":{"angle":0.0,"axis":"z","origin":[8.0,8.0,8.0]},"faces":{"east":{"uv":[2.0,3.25,2.6875,3.9375],"texture":"#layer0","tintindex":0},"south":{"uv":[1.8125,3.9375,2.4375,4.625],"texture":"#layer0","tintindex":0},"north":{"uv":[3.375,3.875,4.0,4.5625],"texture":"#layer0","tintindex":0},"west":{"uv":[2.6875,3.6875,3.375,4.375],"texture":"#layer0","tintindex":0},"up":{"uv":[4.625,4.5625,4.0,3.875],"texture":"#layer0","tintindex":0},"down":{"uv":[4.125,0.5625,4.75,1.25],"texture":"#layer0","tintindex":0}}},{"name":"upperbody_2","from":[5.984,20.708359,-6.8721952],"to":[10.016001,23.01236,3.4958055],"rotation":{"angle":0.0,"axis":"z","origin":[8.0,8.0,8.0]},"faces":{"east":{"uv":[4.75,1.125,5.3125,1.25],"texture":"#layer0","tintindex":0},"south":{"uv":[7.5625,9.4375,7.8125,9.5625],"texture":"#layer0","tintindex":0},"north":{"uv":[7.3125,9.4375,7.5625,9.5625],"texture":"#layer0","tintindex":0},"west":{"uv":[4.5,8.5625,5.0625,8.6875],"texture":"#layer0","tintindex":0},"up":{"uv":[7.6875,0.9375,7.4375,0.375],"texture":"#layer0","tintindex":0},"down":{"uv":[1.1875,7.4375,1.4375,8.0],"texture":"#layer0","tintindex":0}}}],"display":{"head":{"translation":[0.0,-6.4,0.0],"rotation":[0.0,0.0,0.0],"scale":[3.8095,3.8095,3.8095]},"gui":{"translation":[0.0,0.0,0.0],"rotation":[35.0,225.0,0.0],"scale":[0.625,0.625,0.625]}}}