{"display":{"thirdperson_righthand":{"rotation":[140,0,0],"translation":[0,1,-0.5],"scale":[0.25,0.25,0.25]},"thirdperson_lefthand":{"rotation":[140,0,0],"translation":[0,1,0.5],"scale":[0.25,0.25,0.25]},"firstperson_righthand":{"rotation":[102,0,0],"translation":[0,0.75,0],"scale":[0.25,0.25,0.25]},"firstperson_lefthand":{"rotation":[102,0,0],"translation":[0,0.75,0],"scale":[0.25,0.25,0.25]},"ground":{"scale":[0.25,0.25,0.25]},"gui":{"rotation":[-67,34,60],"translation":[1.75,-1.5,0],"scale":[0.45,0.45,0.45]},"head":{"rotation":[0,90,0],"translation":[0,6,0]},"fixed":{"rotation":[0,90,0],"translation":[0,-1.75,-0.75],"scale":[0.5,0.5,0.5]}},"texture_size":[128,128],"textures":{"0":"crates/keys/legendary_key","particle":"crates/keys/legendary_key"},"elements":[{"from":[8,11,6.25],"to":[8,27,22.25],"rotation":{"angle":22.5,"axis":"x","origin":[8,14,18.25]},"faces":{"north":{"uv":[5,6.125,5,8.125],"texture":"#0"},"east":{"uv":[0,0,2,2],"texture":"#0"},"south":{"uv":[5.125,6.125,5.125,8.125],"texture":"#0"},"west":{"uv":[0,2.125,2,4.125],"texture":"#0"},"up":{"uv":[5.25,8.125,5.25,6.125],"texture":"#0"},"down":{"uv":[5.375,6.125,5.375,8.125],"texture":"#0"}}},{"from":[8,11,-6.25],"to":[8,27,9.75],"rotation":{"angle":-22.5,"axis":"x","origin":[8,14,-2.25]},"faces":{"north":{"uv":[5.125,6.125,5.125,8.125],"texture":"#0"},"east":{"uv":[2,0,0,2],"texture":"#0"},"south":{"uv":[5,6.125,5,8.125],"texture":"#0"},"west":{"uv":[2,2.125,0,4.125],"texture":"#0"},"up":{"uv":[5.25,6.125,5.25,8.125],"texture":"#0"},"down":{"uv":[5.375,8.125,5.375,6.125],"texture":"#0"}}},{"from":[7,9,6],"to":[9,11,10],"rotation":{"angle":0,"axis":"y","origin":[0,10,-1]},"faces":{"north":{"uv":[5.375,4,5.625,4.25],"texture":"#0"},"east":{"uv":[2.25,4.25,2.75,4.5],"texture":"#0"},"south":{"uv":[5.375,4.375,5.625,4.625],"texture":"#0"},"west":{"uv":[4.25,2.25,4.75,2.5],"texture":"#0"},"up":{"uv":[4.5,3.125,4.25,2.625],"texture":"#0"},"down":{"uv":[3.125,4.25,2.875,4.75],"texture":"#0"}}},{"from":[7,16.65685,6],"to":[9,18.65685,10],"rotation":{"angle":0,"axis":"y","origin":[0,17.65685,-1]},"faces":{"north":{"uv":[5.375,4.75,5.625,5],"texture":"#0"},"east":{"uv":[3.25,4.25,3.75,4.5],"texture":"#0"},"south":{"uv":[5.5,2,5.75,2.25],"texture":"#0"},"west":{"uv":[4.25,3.25,4.75,3.5],"texture":"#0"},"up":{"uv":[4.5,4.125,4.25,3.625],"texture":"#0"},"down":{"uv":[4.125,4.25,3.875,4.75],"texture":"#0"}}},{"from":[7,11.82843,3.17157],"to":[9,15.82843,5.17157],"rotation":{"angle":0,"axis":"y","origin":[0,14.82843,-3.82843]},"faces":{"north":{"uv":[4.25,4.25,4.5,4.75],"texture":"#0"},"east":{"uv":[4.625,0,4.875,0.5],"texture":"#0"},"south":{"uv":[4.625,0.625,4.875,1.125],"texture":"#0"},"west":{"uv":[4.625,1.25,4.875,1.75],"texture":"#0"},"up":{"uv":[2.875,5.75,2.625,5.5],"texture":"#0"},"down":{"uv":[5.75,3,5.5,3.25],"texture":"#0"}}},{"from":[7,11.82843,10.82843],"to":[9,15.82843,12.82843],"rotation":{"angle":0,"axis":"y","origin":[0,14.82843,19.82843]},"faces":{"north":{"uv":[4.625,3.625,4.875,4.125],"texture":"#0"},"east":{"uv":[4.625,4.25,4.875,4.75],"texture":"#0"},"south":{"uv":[2.875,4.875,3.125,5.375],"texture":"#0"},"west":{"uv":[3.625,4.875,3.875,5.375],"texture":"#0"},"up":{"uv":[4.5,5.75,4.25,5.5],"texture":"#0"},"down":{"uv":[5.75,5.125,5.5,5.375],"texture":"#0"}}},{"from":[7.025,16.48528,6.07107],"to":[8.975,18.48528,10.07107],"rotation":{"angle":-45,"axis":"x","origin":[0,17.48528,17.07107]},"faces":{"north":{"uv":[3.5,5.5,3.75,5.75],"texture":"#0"},"east":{"uv":[4.625,1.875,5.125,2.125],"texture":"#0"},"south":{"uv":[3.875,5.5,4.125,5.75],"texture":"#0"},"west":{"uv":[2.25,4.625,2.75,4.875],"texture":"#0"},"up":{"uv":[4.875,3.125,4.625,2.625],"texture":"#0"},"down":{"uv":[3.5,4.625,3.25,5.125],"texture":"#0"}}},{"from":[7.025,16.48528,5.92893],"to":[8.975,18.48528,9.92893],"rotation":{"angle":45,"axis":"x","origin":[0,17.48528,-1.07107]},"faces":{"north":{"uv":[5.625,0.375,5.875,0.625],"texture":"#0"},"east":{"uv":[4.875,2.25,5.375,2.5],"texture":"#0"},"south":{"uv":[5.625,0.75,5.875,1],"texture":"#0"},"west":{"uv":[4.875,3.25,5.375,3.5],"texture":"#0"},"up":{"uv":[4.25,5.375,4,4.875],"texture":"#0"},"down":{"uv":[4.625,4.875,4.375,5.375],"texture":"#0"}}},{"from":[7.025,9.17157,5.92893],"to":[8.975,11.17157,9.92893],"rotation":{"angle":-45,"axis":"x","origin":[0,10.17157,-1.07107]},"faces":{"north":{"uv":[0.75,5.75,1,6],"texture":"#0"},"east":{"uv":[2.25,5,2.75,5.25],"texture":"#0"},"south":{"uv":[1.125,5.75,1.375,6],"texture":"#0"},"west":{"uv":[5,2.625,5.5,2.875],"texture":"#0"},"up":{"uv":[5.25,4.125,5,3.625],"texture":"#0"},"down":{"uv":[5.25,4.25,5,4.75],"texture":"#0"}}},{"from":[7.025,9.17157,6.07107],"to":[8.975,11.17157,10.07107],"rotation":{"angle":45,"axis":"x","origin":[0,10.17157,17.07107]},"faces":{"north":{"uv":[5.625,1.625,5.875,1.875],"texture":"#0"},"east":{"uv":[4.75,4.875,5.25,5.125],"texture":"#0"},"south":{"uv":[5.625,2.375,5.875,2.625],"texture":"#0"},"west":{"uv":[5,0,5.5,0.25],"texture":"#0"},"up":{"uv":[5.25,0.875,5,0.375],"texture":"#0"},"down":{"uv":[5.25,1,5,1.5],"texture":"#0"}}},{"from":[7.45,-5,8.5],"to":[8.45,1,9.5],"rotation":{"angle":0,"axis":"x","origin":[-0.05,10,8]},"faces":{"north":{"uv":[0,5.375,0.125,6.125],"texture":"#0"},"east":{"uv":[0.25,5.375,0.375,6.125],"texture":"#0"},"south":{"uv":[5.375,0.375,5.5,1.125],"texture":"#0"},"west":{"uv":[0.5,5.375,0.625,6.125],"texture":"#0"},"up":{"uv":[6.25,3.125,6.125,3],"texture":"#0"},"down":{"uv":[3.375,6.125,3.25,6.25],"texture":"#0"}}},{"from":[6.95,-5.192,2.56631],"to":[8.95,-3.192,4.56631],"rotation":{"angle":-22.5,"axis":"x","origin":[-0.05,9.125,8]},"faces":{"north":{"uv":[5.75,1.125,6,1.375],"texture":"#0"},"east":{"uv":[1.5,5.75,1.75,6],"texture":"#0"},"south":{"uv":[1.875,5.75,2.125,6],"texture":"#0"},"west":{"uv":[2.25,5.75,2.5,6],"texture":"#0"},"up":{"uv":[6,3.625,5.75,3.375],"texture":"#0"},"down":{"uv":[6,3.75,5.75,4],"texture":"#0"}}},{"from":[7.45,-4,9.5],"to":[8.45,-2,10.5],"rotation":{"angle":0,"axis":"x","origin":[-0.05,9,8]},"faces":{"north":{"uv":[5.5,5.875,5.625,6.125],"texture":"#0"},"east":{"uv":[5.875,5.625,6,5.875],"texture":"#0"},"south":{"uv":[6,0,6.125,0.25],"texture":"#0"},"west":{"uv":[6,0.375,6.125,0.625],"texture":"#0"},"up":{"uv":[6.25,3.375,6.125,3.25],"texture":"#0"},"down":{"uv":[6.25,3.5,6.125,3.625],"texture":"#0"}}},{"from":[7.45,-2,9.5],"to":[8.45,-1,11.5],"rotation":{"angle":0,"axis":"x","origin":[-0.05,12,8]},"faces":{"north":{"uv":[4.75,6.125,4.875,6.25],"texture":"#0"},"east":{"uv":[6,0.75,6.25,0.875],"texture":"#0"},"south":{"uv":[6.125,4.75,6.25,4.875],"texture":"#0"},"west":{"uv":[6,1.5,6.25,1.625],"texture":"#0"},"up":{"uv":[6.125,2.625,6,2.375],"texture":"#0"},"down":{"uv":[5.875,6,5.75,6.25],"texture":"#0"}}},{"from":[7,1,8],"to":[8.9,9,10],"rotation":{"angle":0,"axis":"x","origin":[-0.05,9,8]},"faces":{"north":{"uv":[1.125,4.25,1.375,5.25],"texture":"#0"},"east":{"uv":[4.25,1.125,4.5,2.125],"texture":"#0"},"south":{"uv":[1.5,4.25,1.75,5.25],"texture":"#0"},"west":{"uv":[1.875,4.25,2.125,5.25],"texture":"#0"},"up":{"uv":[6,4.375,5.75,4.125],"texture":"#0"},"down":{"uv":[6,4.5,5.75,4.75],"texture":"#0"}}},{"from":[7.45,-5,6.5],"to":[8.45,1,7.5],"rotation":{"angle":0,"axis":"x","origin":[-0.05,10,8]},"faces":{"north":{"uv":[5.5,0.375,5.375,1.125],"texture":"#0"},"east":{"uv":[0.375,5.375,0.25,6.125],"texture":"#0"},"south":{"uv":[0.125,5.375,0,6.125],"texture":"#0"},"west":{"uv":[0.625,5.375,0.5,6.125],"texture":"#0"},"up":{"uv":[6.25,3,6.125,3.125],"texture":"#0"},"down":{"uv":[3.375,6.25,3.25,6.125],"texture":"#0"}}},{"from":[6.95,-5.192,11.43369],"to":[8.95,-3.192,13.43369],"rotation":{"angle":22.5,"axis":"x","origin":[-0.05,9.125,8]},"faces":{"north":{"uv":[2.125,5.75,1.875,6],"texture":"#0"},"east":{"uv":[1.75,5.75,1.5,6],"texture":"#0"},"south":{"uv":[6,1.125,5.75,1.375],"texture":"#0"},"west":{"uv":[2.5,5.75,2.25,6],"texture":"#0"},"up":{"uv":[6,3.375,5.75,3.625],"texture":"#0"},"down":{"uv":[6,4,5.75,3.75],"texture":"#0"}}},{"from":[6.975,-7.28921,7],"to":[8.925,-5.28921,9],"rotation":{"angle":45,"axis":"x","origin":[7.95,-6.28921,8]},"faces":{"north":{"uv":[6,3.375,5.75,3.625],"rotation":180,"texture":"#0"},"east":{"uv":[1.75,5.75,1.5,6],"rotation":90,"texture":"#0"},"south":{"uv":[6,4,5.75,3.75],"texture":"#0"},"west":{"uv":[2.5,5.75,2.25,6],"rotation":270,"texture":"#0"},"up":{"uv":[6,1.125,5.75,1.375],"texture":"#0"},"down":{"uv":[2.125,5.75,1.875,6],"rotation":180,"texture":"#0"}}},{"from":[7.45,-4,5.5],"to":[8.45,-2,6.5],"rotation":{"angle":0,"axis":"x","origin":[-0.05,9,8]},"faces":{"north":{"uv":[6.125,0,6,0.25],"texture":"#0"},"east":{"uv":[6,5.625,5.875,5.875],"texture":"#0"},"south":{"uv":[5.625,5.875,5.5,6.125],"texture":"#0"},"west":{"uv":[6.125,0.375,6,0.625],"texture":"#0"},"up":{"uv":[6.25,3.25,6.125,3.375],"texture":"#0"},"down":{"uv":[6.25,3.625,6.125,3.5],"texture":"#0"}}},{"from":[7.45,-2,7.5],"to":[8.45,-1,8.5],"rotation":{"angle":0,"axis":"x","origin":[-0.05,9,8]},"faces":{"north":{"uv":[4.375,6.125,4.25,6.25],"texture":"#0"},"east":{"uv":[6.25,4,6.125,4.125],"texture":"#0"},"south":{"uv":[6.25,3.75,6.125,3.875],"texture":"#0"},"west":{"uv":[6.25,4.25,6.125,4.375],"texture":"#0"},"up":{"uv":[4.625,6.125,4.5,6.25],"texture":"#0"},"down":{"uv":[6.25,4.625,6.125,4.5],"texture":"#0"}}},{"from":[7.45,-2,4.5],"to":[8.45,-1,6.5],"rotation":{"angle":0,"axis":"x","origin":[-0.05,12,8]},"faces":{"north":{"uv":[6.25,4.75,6.125,4.875],"texture":"#0"},"east":{"uv":[6.25,0.75,6,0.875],"texture":"#0"},"south":{"uv":[4.875,6.125,4.75,6.25],"texture":"#0"},"west":{"uv":[6.25,1.5,6,1.625],"texture":"#0"},"up":{"uv":[6.125,2.375,6,2.625],"texture":"#0"},"down":{"uv":[5.875,6.25,5.75,6],"texture":"#0"}}},{"from":[7,1,6],"to":[8.9,9,8],"rotation":{"angle":0,"axis":"x","origin":[-0.05,9,8]},"faces":{"north":{"uv":[1.75,4.25,1.5,5.25],"texture":"#0"},"east":{"uv":[4.5,1.125,4.25,2.125],"texture":"#0"},"south":{"uv":[1.375,4.25,1.125,5.25],"texture":"#0"},"west":{"uv":[2.125,4.25,1.875,5.25],"texture":"#0"},"up":{"uv":[6,4.125,5.75,4.375],"texture":"#0"},"down":{"uv":[6,4.75,5.75,4.5],"texture":"#0"}}},{"from":[7.3,-0.5,5.25],"to":[8.3,1.5,7.25],"rotation":{"angle":22.5,"axis":"x","origin":[7.8,0.5,6.25]},"faces":{"north":{"uv":[6.25,6.125,6,6],"rotation":90,"texture":"#0"},"east":{"uv":[5.875,2,6.125,2.25],"rotation":90,"texture":"#0"},"south":{"uv":[6.25,1.875,6,1.75],"rotation":270,"texture":"#0"},"west":{"uv":[2.625,6.125,2.875,5.875],"rotation":90,"texture":"#0"},"up":{"uv":[6.25,2.875,6,2.75],"rotation":270,"texture":"#0"},"down":{"uv":[1,6.25,0.75,6.125],"rotation":270,"texture":"#0"}}},{"from":[7.3,-0.5,8.75],"to":[8.3,1.5,10.75],"rotation":{"angle":-22.5,"axis":"x","origin":[7.8,0.5,9.75]},"faces":{"north":{"uv":[6.25,1.75,6,1.875],"rotation":270,"texture":"#0"},"east":{"uv":[5.875,2.25,6.125,2],"rotation":90,"texture":"#0"},"south":{"uv":[6.25,6,6,6.125],"rotation":90,"texture":"#0"},"west":{"uv":[2.625,5.875,2.875,6.125],"rotation":90,"texture":"#0"},"up":{"uv":[6,2.875,6.25,2.75],"rotation":270,"texture":"#0"},"down":{"uv":[0.75,6.25,1,6.125],"rotation":270,"texture":"#0"}}}],"gui_light":"front"}