{"textures":{"0":"modelengine:custom/alphamush","particle":"modelengine:custom/alphamush"},"elements":[{"from":[6.0,4.0,6.0],"to":[10.0,8.0,10.0],"faces":{"east":{"uv":[0.5,5.0,1.5,6.0],"tintindex":0,"rotation":0,"texture":"#0"},"south":{"uv":[0.5,7.0,1.5,8.0],"tintindex":0,"rotation":0,"texture":"#0"},"north":{"uv":[1.5,7.0,0.5,8.0],"tintindex":0,"rotation":0,"texture":"#0"},"west":{"uv":[0.5,6.0,1.5,7.0],"tintindex":0,"rotation":0,"texture":"#0"},"up":{"uv":[0.5,8.0,1.5,9.0],"tintindex":0,"rotation":0,"texture":"#0"},"down":{"uv":[1.5,4.0,0.5,5.0],"tintindex":0,"rotation":0,"texture":"#0"}}}],"display":{"gui":{"rotation":[30,225,0]}}}