{"textures":{"0":"modelengine:custom/ice_wraith","particle":"modelengine:custom/ice_wraith"},"elements":[{"from":[8.0,3.500001,0.5],"to":[8.0,11.0,4.5],"faces":{"east":{"uv":[12.125,13.375,11.625,14.3125],"tintindex":0,"rotation":0,"texture":"#0"},"west":{"uv":[11.625,13.375,12.125,14.3125],"tintindex":0,"rotation":0,"texture":"#0"}}},{"from":[8.0,9.5,4.0],"to":[8.0,17.0,8.0],"faces":{"east":{"uv":[12.125,13.375,11.625,14.3125],"tintindex":0,"rotation":0,"texture":"#0"},"west":{"uv":[11.625,13.375,12.125,14.3125],"tintindex":0,"rotation":0,"texture":"#0"}}}],"display":{"gui":{"rotation":[30,225,0]}}}