{"file_name":"thumb_right","texture_size":[128,128],"textures":{"layer0":"manamodels/yetiboss"},"elements":[{"name":"thumb_right_0","from":[7.9999995,4.04,6.0199995],"to":[10.969999,8.0,9.98],"rotation":{"angle":0.0,"axis":"z","origin":[8.0,8.0,8.0]},"faces":{"east":{"uv":[7.5,2.875,8.0,3.375],"texture":"#layer0","tintindex":0},"south":{"uv":[8.25,1.0,8.625,1.5],"texture":"#layer0","tintindex":0},"north":{"uv":[9.25,4.0,9.625,4.5],"texture":"#layer0","tintindex":0},"west":{"uv":[1.75,5.0,2.25,5.5],"texture":"#layer0","tintindex":0},"up":{"uv":[5.5,9.375,5.875,9.875],"texture":"#layer0","tintindex":0},"down":{"uv":[1.375,11.125,1.0,10.625],"texture":"#layer0","tintindex":0}}}],"display":{"head":{"translation":[0.0,-6.4,0.0],"rotation":[0.0,0.0,0.0],"scale":[3.8095,3.8095,3.8095]},"gui":{"translation":[0.0,0.0,0.0],"rotation":[35.0,225.0,0.0],"scale":[0.625,0.625,0.625]}}}