{"file_name":"torso","texture_size":[128,128],"textures":{"layer0":"manamodels/yetiboss"},"elements":[{"name":"torso_0","from":[-0.9100008,18.890001,0.079999685],"to":[16.91,30.77,13.9400015],"rotation":{"angle":0.0,"axis":"z","origin":[8.0,8.0,8.0]},"faces":{"east":{"uv":[6.25,1.5,4.5,3.0],"texture":"#layer0","tintindex":0},"south":{"uv":[2.25,3.5,0.0,5.0],"texture":"#layer0","tintindex":0},"north":{"uv":[4.5,4.0,2.25,5.5],"texture":"#layer0","tintindex":0},"west":{"uv":[6.25,3.0,4.5,4.5],"texture":"#layer0","tintindex":0},"up":{"uv":[2.25,0.0,0.0,1.75],"texture":"#layer0","tintindex":0},"down":{"uv":[0.0,3.5,2.25,1.75],"texture":"#layer0","tintindex":0}}},{"name":"torso_1","from":[-1.1574998,18.6425,-0.1675005],"to":[17.157501,31.017502,14.1875],"rotation":{"angle":0.0,"axis":"z","origin":[8.0,8.0,8.0]},"faces":{"east":{"uv":[1.75,5.0,0.0,6.5],"texture":"#layer0","tintindex":0},"south":{"uv":[6.75,4.5,4.5,6.0],"texture":"#layer0","tintindex":0},"north":{"uv":[6.75,0.0,4.5,1.5],"texture":"#layer0","tintindex":0},"west":{"uv":[3.5,5.5,1.75,7.0],"texture":"#layer0","tintindex":0},"up":{"uv":[4.5,2.25,2.25,4.0],"texture":"#layer0","tintindex":0},"down":{"uv":[2.25,1.75,4.5,0.0],"texture":"#layer0","tintindex":0}}},{"name":"torso_2","from":[2.06,8.0,2.06],"to":[13.94,18.89,13.94],"rotation":{"angle":0.0,"axis":"z","origin":[8.0,8.0,8.0]},"faces":{"east":{"uv":[1.5,8.0,0.0,9.375],"texture":"#layer0","tintindex":0},"south":{"uv":[9.0,1.5,7.5,2.875],"texture":"#layer0","tintindex":0},"north":{"uv":[4.5,8.0,3.0,9.375],"texture":"#layer0","tintindex":0},"west":{"uv":[6.0,8.0,4.5,9.375],"texture":"#layer0","tintindex":0},"up":{"uv":[1.5,6.5,0.0,8.0],"texture":"#layer0","tintindex":0},"down":{"uv":[6.75,1.5,8.25,0.0],"texture":"#layer0","tintindex":0}}},{"name":"torso_3","from":[1.8124998,1.8124998,1.8124998],"to":[14.1875,12.2075,14.1875],"rotation":{"angle":0.0,"axis":"z","origin":[8.0,8.0,8.0]},"faces":{"east":{"uv":[4.0,9.375,2.5,10.625],"texture":"#layer0","tintindex":0},"south":{"uv":[1.5,9.375,0.0,10.625],"texture":"#layer0","tintindex":0},"north":{"uv":[5.5,9.375,4.0,10.625],"texture":"#layer0","tintindex":0},"west":{"uv":[11.25,4.0,9.75,5.25],"texture":"#layer0","tintindex":0},"up":{"uv":[8.25,3.5,6.75,5.0],"texture":"#layer0","tintindex":0},"down":{"uv":[1.5,8.5,3.0,7.0],"texture":"#layer0","tintindex":0}}}],"display":{"head":{"translation":[0.0,-6.4,0.0],"rotation":[0.0,0.0,0.0],"scale":[3.8095,3.8095,3.8095]},"gui":{"translation":[0.0,0.0,0.0],"rotation":[35.0,225.0,0.0],"scale":[0.625,0.625,0.625]}}}