{"display":{"thirdperson_righthand":{"rotation":[-8,24,0],"translation":[0,2.5,0],"scale":[0.375,0.375,0.375]},"thirdperson_lefthand":{"rotation":[-8,24,0],"translation":[0,2.5,0],"scale":[0.375,0.375,0.375]},"firstperson_righthand":{"rotation":[0,45,0],"scale":[0.4,0.4,0.4]},"firstperson_lefthand":{"rotation":[0,225,0],"scale":[0.4,0.4,0.4]},"ground":{"translation":[0,3,0],"scale":[0.7,0.7,0.7]},"gui":{"rotation":[40,225,0],"translation":[1.5,2.5,0],"scale":[0.625,0.625,0.625]},"head":{"translation":[0,-35.25,0],"scale":[2.5,1,2.5]},"fixed":{"rotation":[-90,0,0],"translation":[0,-1.5,-8]}},"texture_size":[32,32],"textures":{"0":"festivals/spring/bunny_rug","particle":"festivals/spring/bunny_rug"},"elements":[{"from":[1,0,1],"to":[15,2,15],"rotation":{"angle":0,"axis":"y","origin":[1,0,0]},"faces":{"north":{"uv":[9,4,16,5],"texture":"#0"},"east":{"uv":[9,5,16,6],"texture":"#0"},"south":{"uv":[9,6,16,7],"texture":"#0"},"west":{"uv":[9,7,16,8],"texture":"#0"},"up":{"uv":[7,7,0,0],"texture":"#0"},"down":{"uv":[7,7,0,14],"texture":"#0"}}},{"from":[11,0,14.25],"to":[15,1,22.25],"rotation":{"angle":22.5,"axis":"y","origin":[12,0.5,19]},"faces":{"north":{"uv":[9,10,11,10.5],"texture":"#0"},"east":{"uv":[9,8,13,8.5],"texture":"#0"},"south":{"uv":[9,10.5,11,11],"texture":"#0"},"west":{"uv":[9,8.5,13,9],"texture":"#0"},"up":{"uv":[9,4,7,0],"texture":"#0"},"down":{"uv":[9,4,7,8],"texture":"#0"}}},{"from":[1,0,14.25],"to":[5,1,22.25],"rotation":{"angle":-22.5,"axis":"y","origin":[4,0.5,19]},"faces":{"north":{"uv":[11,10,9,10.5],"texture":"#0"},"east":{"uv":[13,8.5,9,9],"texture":"#0"},"south":{"uv":[11,10.5,9,11],"texture":"#0"},"west":{"uv":[13,8,9,8.5],"texture":"#0"},"up":{"uv":[7,4,9,0],"texture":"#0"},"down":{"uv":[7,4,9,8],"texture":"#0"}}}]}