{"display":{"thirdperson_righthand":{"rotation":[75,-159,0],"translation":[1.25,-2.75,-3],"scale":[0.8,0.8,0.8]},"thirdperson_lefthand":{"rotation":[75,-160,0],"translation":[1.25,-2.75,-3],"scale":[0.8,0.8,0.8]},"firstperson_righthand":{"rotation":[0,-70,0],"translation":[5.5,-0.75,0],"scale":[0.4,0.4,0.4]},"firstperson_lefthand":{"rotation":[0,-70,0],"translation":[5.5,-0.75,0],"scale":[0.4,0.4,0.4]},"ground":{"translation":[0,3,0],"scale":[0.25,0.25,0.25]},"gui":{"rotation":[30,-27,0],"translation":[3,-4.25,0],"scale":[1.6,1.6,1.6]},"head":{"translation":[0,-64,-0.25],"scale":[2,2,2]},"fixed":{"scale":[0.5,0.5,0.5]}},"textures":{"0":"festivals/spring/bunny_tail","particle":"festivals/spring/bunny_tail"},"elements":[{"from":[6,11,10],"to":[10,15,14],"rotation":{"angle":45,"axis":"z","origin":[8,13,12]},"faces":{"north":{"uv":[0,0,4,4],"texture":"#0"},"east":{"uv":[4,8,0,12],"rotation":270,"texture":"#0"},"south":{"uv":[4,0,8,4],"texture":"#0"},"west":{"uv":[4,4,8,8],"texture":"#0"},"up":{"uv":[4,12,0,8],"texture":"#0"},"down":{"uv":[4,8,8,4],"rotation":270,"texture":"#0"}}}]}