{"display":{"thirdperson_righthand":{"rotation":[75,45,0],"translation":[0,2.5,0],"scale":[0.375,0.375,0.375]},"thirdperson_lefthand":{"rotation":[75,45,0],"translation":[0,2.5,0],"scale":[0.375,0.375,0.375]},"firstperson_righthand":{"rotation":[0,112,0],"translation":[1.5,3.5,0],"scale":[0.4,0.4,0.4]},"firstperson_lefthand":{"rotation":[0,112,0],"translation":[1.5,3.5,0],"scale":[0.4,0.4,0.4]},"ground":{"translation":[0,3,0],"scale":[0.8,0.8,0.8]},"gui":{"rotation":[30,225,0],"translation":[0,1.75,0],"scale":[0.8,0.8,0.8]},"head":{"translation":[0,7.25,-0.25],"scale":[1.7,1.7,1.7]},"fixed":{"translation":[0,2.25,0]}},"texture_size":[64,64],"textures":{"0":"festivals/spring/frog_hat","particle":"festivals/spring/frog_hat"},"elements":[{"from":[3.5,-0.5,3.5],"to":[12.5,8.5,12.5],"rotation":{"angle":0,"axis":"y","origin":[3.5,0,3.5]},"faces":{"north":{"uv":[0,0,2.25,2.25],"texture":"#0"},"east":{"uv":[0,2.25,2.25,4.5],"texture":"#0"},"south":{"uv":[2.25,0,4.5,2.25],"texture":"#0"},"west":{"uv":[2.25,2.25,4.5,4.5],"texture":"#0"},"up":{"uv":[2.25,6.75,0,4.5],"texture":"#0"},"down":{"uv":[6.75,0,4.5,2.25],"texture":"#0"}}},{"from":[10.85038,7.72731,5.5],"to":[14.85038,11.72731,7.5],"rotation":{"angle":22.5,"axis":"z","origin":[12.85038,9.97731,6.5]},"faces":{"north":{"uv":[6.5,2.25,7.5,3.25],"texture":"#0"},"east":{"uv":[0,6.75,0.5,7.75],"texture":"#0"},"south":{"uv":[6.5,3.25,7.5,4.25],"texture":"#0"},"west":{"uv":[6.75,0,7.25,1],"texture":"#0"},"up":{"uv":[1.5,7.25,0.5,6.75],"texture":"#0"},"down":{"uv":[7.75,1,6.75,1.5],"texture":"#0"}}},{"from":[1.14962,7.72731,5.5],"to":[5.14962,11.72731,7.5],"rotation":{"angle":-22.5,"axis":"z","origin":[3.14962,9.97731,6.5]},"faces":{"north":{"uv":[4.25,6.5,5.25,7.5],"texture":"#0"},"east":{"uv":[1.5,6.75,2,7.75],"texture":"#0"},"south":{"uv":[5.25,6.5,6.25,7.5],"texture":"#0"},"west":{"uv":[7.25,0,7.75,1],"texture":"#0"},"up":{"uv":[7.75,2,6.75,1.5],"texture":"#0"},"down":{"uv":[1.5,7.25,0.5,7.75],"texture":"#0"}}},{"name":"cube inverted","from":[12.5,8.5,12.5],"to":[3.5,-0.5,3.5],"rotation":{"angle":0,"axis":"y","origin":[3.5,0,3.5]},"faces":{"north":{"uv":[2.25,2.25,4.5,0],"texture":"#0"},"east":{"uv":[2.25,4.5,4.5,2.25],"texture":"#0"},"south":{"uv":[0,2.25,2.25,0],"texture":"#0"},"west":{"uv":[0,4.5,2.25,2.25],"texture":"#0"},"up":{"uv":[4.5,0,6.75,2.25],"texture":"#0"},"down":{"uv":[0,6.75,2.25,4.5],"texture":"#0"}}}]}