{"file_name":"bone","texture_size":[128,128],"textures":{"layer0":"manamodels/npc_legends"},"elements":[{"name":"bone_0","from":[4.694192,5.5837755,7.3722625],"to":[11.305802,8.538686,9.588446],"rotation":{"angle":0.0,"axis":"z","origin":[8.0,8.0,8.0]},"faces":{"east":{"uv":[4.75,8.75,5.125,9.25],"texture":"#layer0","tintindex":0},"south":{"uv":[6.125,1.875,7.25,2.375],"texture":"#layer0","tintindex":0},"north":{"uv":[6.0,5.625,7.125,6.125],"texture":"#layer0","tintindex":0},"west":{"uv":[7.625,8.75,8.0,9.25],"texture":"#layer0","tintindex":0},"up":{"uv":[8.125,3.5,7.0,3.125],"texture":"#layer0","tintindex":0},"down":{"uv":[7.125,0.0,8.25,0.375],"texture":"#layer0","tintindex":0}}}],"display":{"head":{"translation":[0.0,-6.4,0.0],"rotation":[0.0,0.0,0.0],"scale":[3.8095,3.8095,3.8095]},"gui":{"translation":[0.0,0.0,0.0],"rotation":[35.0,225.0,0.0],"scale":[0.625,0.625,0.625]}}}