{"file_name":"head","texture_size":[128,128],"textures":{"layer0":"manamodels/npc_legends"},"elements":[{"name":"head_0","from":[5.04509,8.585659,5.0450897],"to":[10.95491,14.495479,10.95491],"rotation":{"angle":0.0,"axis":"z","origin":[8.0,8.0,8.0]},"faces":{"east":{"uv":[2.375,4.5,3.375,5.5],"texture":"#layer0","tintindex":0},"south":{"uv":[0.0,4.75,1.0,5.75],"texture":"#layer0","tintindex":0},"north":{"uv":[3.625,3.75,4.625,4.75],"texture":"#layer0","tintindex":0},"west":{"uv":[4.75,0.0,5.75,1.0],"texture":"#layer0","tintindex":0},"up":{"uv":[2.125,5.75,1.125,4.75],"texture":"#layer0","tintindex":0},"down":{"uv":[4.75,1.125,5.75,2.125],"texture":"#layer0","tintindex":0}}},{"name":"head_1","from":[6.1531816,6.0212355,4.498838],"to":[9.846818,7.4986873,6.715022],"rotation":{"angle":0.0,"axis":"z","origin":[8.0,8.0,8.0]},"faces":{"east":{"uv":[9.0,7.75,9.375,8.0],"texture":"#layer0","tintindex":0},"south":{"uv":[8.875,2.875,9.5,3.125],"texture":"#layer0","tintindex":0},"north":{"uv":[8.875,1.125,9.5,1.375],"texture":"#layer0","tintindex":0},"west":{"uv":[9.125,0.0,9.5,0.25],"texture":"#layer0","tintindex":0},"up":{"uv":[9.0,0.375,8.375,0.0],"texture":"#layer0","tintindex":0},"down":{"uv":[8.375,8.25,9.0,8.625],"texture":"#layer0","tintindex":0}}},{"name":"head_2","from":[4.6757245,11.909929,4.6757298],"to":[11.324271,14.86484,11.324276],"rotation":{"angle":0.0,"axis":"z","origin":[8.0,8.0,8.0]},"faces":{"east":{"uv":[5.875,0.625,7.0,1.125],"texture":"#layer0","tintindex":0},"south":{"uv":[5.875,1.25,7.0,1.75],"texture":"#layer0","tintindex":0},"north":{"uv":[5.875,0.0,7.0,0.5],"texture":"#layer0","tintindex":0},"west":{"uv":[6.0,3.75,7.125,4.25],"texture":"#layer0","tintindex":0},"up":{"uv":[3.5,4.375,2.375,3.25],"texture":"#layer0","tintindex":0},"down":{"uv":[3.5,0.0,4.625,1.125],"texture":"#layer0","tintindex":0}}},{"name":"head_3","from":[4.6757245,8.95502,11.32427],"to":[11.324271,11.90993,11.32427],"rotation":{"angle":0.0,"axis":"z","origin":[8.0,8.0,8.0]},"faces":{"east":{"uv":[2.25,4.75,2.25,5.25],"texture":"#layer0","tintindex":0},"south":{"uv":[6.0,5.0,7.125,5.5],"texture":"#layer0","tintindex":0},"north":{"uv":[6.0,4.375,7.125,4.875],"texture":"#layer0","tintindex":0},"west":{"uv":[6.125,2.5,6.125,3.0],"texture":"#layer0","tintindex":0},"up":{"uv":[10.25,0.375,9.125,0.375],"texture":"#layer0","tintindex":0},"down":{"uv":[9.125,8.875,10.25,8.875],"texture":"#layer0","tintindex":0}}},{"name":"head_4","from":[4.6757293,8.95502,4.6757298],"to":[12.063002,11.90993,4.6757298],"rotation":{"angle":0.0,"axis":"z","origin":[8.0,8.0,8.0]},"faces":{"east":{"uv":[9.25,0.5,9.25,1.0],"texture":"#layer0","tintindex":0},"south":{"uv":[0.0,5.875,1.25,6.375],"texture":"#layer0","tintindex":0},"north":{"uv":[4.875,3.125,6.125,3.625],"texture":"#layer0","tintindex":0},"west":{"uv":[9.375,0.5,9.375,1.0],"texture":"#layer0","tintindex":0},"up":{"uv":[10.5,1.75,9.25,1.75],"texture":"#layer0","tintindex":0},"down":{"uv":[9.25,1.875,10.5,1.875],"texture":"#layer0","tintindex":0}}},{"name":"head_5","from":[4.6757298,7.477568,4.6757298],"to":[4.6757298,11.90993,11.324276],"rotation":{"angle":0.0,"axis":"z","origin":[8.0,8.0,8.0]},"faces":{"east":{"uv":[4.75,3.75,5.875,4.5],"texture":"#layer0","tintindex":0},"south":{"uv":[0.0,9.25,0.0,10.0],"texture":"#layer0","tintindex":0},"north":{"uv":[9.125,9.0,9.125,9.75],"texture":"#layer0","tintindex":0},"west":{"uv":[4.75,4.625,5.875,5.375],"texture":"#layer0","tintindex":0},"up":{"uv":[0.125,10.375,0.125,9.25],"texture":"#layer0","tintindex":0},"down":{"uv":[0.25,9.25,0.25,10.375],"texture":"#layer0","tintindex":0}}},{"name":"head_6","from":[11.324271,7.477568,4.6757298],"to":[11.324271,11.90993,11.324276],"rotation":{"angle":0.0,"axis":"z","origin":[8.0,8.0,8.0]},"faces":{"east":{"uv":[4.875,2.25,6.0,3.0],"texture":"#layer0","tintindex":0},"south":{"uv":[9.25,9.0,9.25,9.75],"texture":"#layer0","tintindex":0},"north":{"uv":[0.375,9.25,0.375,10.0],"texture":"#layer0","tintindex":0},"west":{"uv":[3.5,4.875,4.625,5.625],"texture":"#layer0","tintindex":0},"up":{"uv":[2.375,10.5,2.375,9.375],"texture":"#layer0","tintindex":0},"down":{"uv":[2.5,9.375,2.5,10.5],"texture":"#layer0","tintindex":0}}}],"display":{"head":{"translation":[0.0,-6.4,0.0],"rotation":[0.0,0.0,0.0],"scale":[3.8095,3.8095,3.8095]},"gui":{"translation":[0.0,0.0,0.0],"rotation":[35.0,225.0,0.0],"scale":[0.625,0.625,0.625]}}}