{"textures":{"0":"modelengine:custom/golem","particle":"modelengine:custom/golem"},"elements":[{"from":[3.0,8.0,3.0],"to":[13.0,11.0,13.0],"faces":{"east":{"uv":[7.0,6.625,8.25,7.0],"tintindex":0,"rotation":0,"texture":"#0"},"south":{"uv":[7.5,0.0,8.75,0.375],"tintindex":0,"rotation":0,"texture":"#0"},"north":{"uv":[6.75,3.0,8.0,3.375],"tintindex":0,"rotation":0,"texture":"#0"},"west":{"uv":[7.5,0.375,8.75,0.75],"tintindex":0,"rotation":0,"texture":"#0"},"up":{"uv":[5.25,2.75,4.0,1.5],"tintindex":0,"rotation":0,"texture":"#0"},"down":{"uv":[5.25,2.75,4.0,4.0],"tintindex":0,"rotation":0,"texture":"#0"}}}],"display":{"gui":{"rotation":[30,225,0]}}}