{"display":{"thirdperson_righthand":{"translation":[-1.75,1.25,0],"scale":[0.5,0.5,0.5]},"thirdperson_lefthand":{"translation":[-1.75,1.25,0],"scale":[0.5,0.5,0.5]},"ground":{"translation":[0,1.5,0],"scale":[0.5,0.5,0.5]},"gui":{"rotation":[11,142,0],"translation":[0,4,0]},"head":{"translation":[0,7.25,0],"scale":[1.81,1.81,1.81]},"fixed":{"translation":[0,4.5,-3]}},"texture_size":[64,64],"textures":{"0":"crates/ancient/ancient_helmet","particle":"crates/ancient/ancient_helmet"},"elements":[{"from":[7,-1,3],"to":[9,9,4],"faces":{"north":{"uv":[5,3,5.5,5.5],"texture":"#0"},"east":{"uv":[0,6.75,0.25,9.25],"texture":"#0"},"south":{"uv":[5.75,3,6.25,5.5],"texture":"#0"},"west":{"uv":[0.5,6.75,0.75,9.25],"texture":"#0"},"up":{"uv":[8.75,6.25,8.25,6],"texture":"#0"},"down":{"uv":[8.75,6.5,8.25,6.75],"texture":"#0"}}},{"from":[11.25,-0.5,3.75],"to":[12.25,3.5,4.75],"faces":{"north":{"uv":[4.5,6.75,4.75,7.75],"texture":"#0"},"east":{"uv":[7.5,0,7.75,1],"texture":"#0"},"south":{"uv":[7.5,1.25,7.75,2.25],"texture":"#0"},"west":{"uv":[6.5,7.5,6.75,8.5],"texture":"#0"},"up":{"uv":[9.25,6.25,9,6],"texture":"#0"},"down":{"uv":[9.25,6.5,9,6.75],"texture":"#0"}}},{"from":[3.75,-0.5,3.75],"to":[4.75,3.5,4.75],"rotation":{"angle":0,"axis":"y","origin":[16,0,0]},"faces":{"north":{"uv":[7,7.5,7.25,8.5],"texture":"#0"},"east":{"uv":[7.5,7.5,7.75,8.5],"texture":"#0"},"south":{"uv":[1,7.75,1.25,8.75],"texture":"#0"},"west":{"uv":[1.5,7.75,1.75,8.75],"texture":"#0"},"up":{"uv":[9.25,7.25,9,7],"texture":"#0"},"down":{"uv":[9.25,7.5,9,7.75],"texture":"#0"}}},{"from":[7.5,-3,3],"to":[8.5,-1,4],"faces":{"north":{"uv":[6,8.25,6.25,8.75],"texture":"#0"},"east":{"uv":[8.5,2,8.75,2.5],"texture":"#0"},"south":{"uv":[8.5,7.5,8.75,8],"texture":"#0"},"west":{"uv":[8,8.5,8.25,9],"texture":"#0"},"up":{"uv":[7.75,2.75,7.5,2.5],"texture":"#0"},"down":{"uv":[9.25,4,9,4.25],"texture":"#0"}}},{"from":[7,8,4],"to":[9,9,13],"faces":{"north":{"uv":[8.5,0,9,0.25],"texture":"#0"},"east":{"uv":[1,6.75,3.25,7],"texture":"#0"},"south":{"uv":[8.5,0.5,9,0.75],"texture":"#0"},"west":{"uv":[6.5,7,8.75,7.25],"texture":"#0"},"up":{"uv":[5.5,8,5,5.75],"texture":"#0"},"down":{"uv":[6.25,5.75,5.75,8],"texture":"#0"}}},{"from":[7,1,12],"to":[9,8,13],"faces":{"north":{"uv":[6.5,3,7,4.75],"texture":"#0"},"east":{"uv":[3.5,6.75,3.75,8.5],"texture":"#0"},"south":{"uv":[6.5,5,7,6.75],"texture":"#0"},"west":{"uv":[4,6.75,4.25,8.5],"texture":"#0"},"up":{"uv":[9,1.25,8.5,1],"texture":"#0"},"down":{"uv":[9,1.5,8.5,1.75],"texture":"#0"}}},{"from":[3.5,3.5,3.5],"to":[12.5,8.5,12.5],"faces":{"north":{"uv":[2.5,0,4.75,1.25],"texture":"#0"},"east":{"uv":[2.5,1.5,4.75,2.75],"texture":"#0"},"south":{"uv":[2.5,3,4.75,4.25],"texture":"#0"},"west":{"uv":[2.5,4.5,4.75,5.75],"texture":"#0"},"up":{"uv":[2.25,2.25,0,0],"texture":"#0"},"down":{"uv":[2.25,2.5,0,4.75],"texture":"#0"}}},{"from":[4.5,3.25,3.275],"to":[6.5,4.25,3.275],"rotation":{"angle":0,"axis":"z","origin":[5,4,2.525]},"faces":{"north":{"uv":[8.5,8.25,9,8.5],"texture":"#0"},"east":{"uv":[1.75,9,1.75,9.25],"texture":"#0"},"south":{"uv":[2,8.75,2.5,9],"texture":"#0"},"west":{"uv":[4.75,9,4.75,9.25],"texture":"#0"},"up":{"uv":[9.5,8,9,8],"texture":"#0"},"down":{"uv":[9.75,1,9.25,1],"texture":"#0"}}},{"from":[2.97731,4.14962,3.3],"to":[4.97731,5.14962,3.3],"rotation":{"angle":-22.5,"axis":"z","origin":[2.47731,4.89962,2.525]},"faces":{"north":{"uv":[2.75,8.75,3.25,9],"texture":"#0"},"east":{"uv":[6.25,9,6.25,9.25],"texture":"#0"},"south":{"uv":[3.5,8.75,4,9],"texture":"#0"},"west":{"uv":[9.25,1.25,9.25,1.5],"texture":"#0"},"up":{"uv":[9.75,1.75,9.25,1.75],"texture":"#0"},"down":{"uv":[2.5,9.25,2,9.25],"texture":"#0"}}},{"from":[6.44239,3.46037,3.25],"to":[8.44239,4.46037,3.25],"rotation":{"angle":-22.5,"axis":"z","origin":[5.94239,4.21037,2.5]},"faces":{"north":{"uv":[5,8.75,5.5,9],"texture":"#0"},"east":{"uv":[2.75,9.25,2.75,9.5],"texture":"#0"},"south":{"uv":[6.5,8.75,7,9],"texture":"#0"},"west":{"uv":[3,9.25,3,9.5],"texture":"#0"},"up":{"uv":[3.75,9.25,3.25,9.25],"texture":"#0"},"down":{"uv":[5.5,9.25,5,9.25],"texture":"#0"}}},{"from":[7.55761,3.46037,3.25],"to":[9.55761,4.46037,3.25],"rotation":{"angle":22.5,"axis":"z","origin":[10.05761,4.21037,2.5]},"faces":{"north":{"uv":[9,2.5,9.5,2.75],"texture":"#0"},"east":{"uv":[9.25,8.5,9.25,8.75],"texture":"#0"},"south":{"uv":[9,3.5,9.5,3.75],"texture":"#0"},"west":{"uv":[9.25,9,9.25,9.25],"texture":"#0"},"up":{"uv":[0.5,9.5,0,9.5],"texture":"#0"},"down":{"uv":[1.25,9.5,0.75,9.5],"texture":"#0"}}},{"from":[9.5,3.25,3.275],"to":[11.5,4.25,3.275],"rotation":{"angle":0,"axis":"z","origin":[11,4,2.525]},"faces":{"north":{"uv":[1,9,1.5,9.25],"texture":"#0"},"east":{"uv":[8,9.25,8,9.5],"texture":"#0"},"south":{"uv":[9,2,9.5,2.25],"texture":"#0"},"west":{"uv":[8.25,9.25,8.25,9.5],"texture":"#0"},"up":{"uv":[9.75,8.25,9.25,8.25],"texture":"#0"},"down":{"uv":[9,9.25,8.5,9.25],"texture":"#0"}}},{"from":[11.02269,4.14962,3.3],"to":[13.02269,5.14962,3.3],"rotation":{"angle":22.5,"axis":"z","origin":[13.52269,4.89962,2.525]},"faces":{"north":{"uv":[7.25,8.75,7.75,9],"texture":"#0"},"east":{"uv":[4,9.25,4,9.5],"texture":"#0"},"south":{"uv":[8.5,8.75,9,9],"texture":"#0"},"west":{"uv":[9.25,5.5,9.25,5.75],"texture":"#0"},"up":{"uv":[7,9.25,6.5,9.25],"texture":"#0"},"down":{"uv":[7.75,9.25,7.25,9.25],"texture":"#0"}}},{"from":[3.5,1.5,9.5],"to":[12.5,3.5,12.5],"faces":{"north":{"uv":[0,6,2.25,6.5],"texture":"#0"},"east":{"uv":[7.25,5.5,8,6],"texture":"#0"},"south":{"uv":[2.5,6,4.75,6.5],"texture":"#0"},"west":{"uv":[7.25,6.25,8,6.75],"texture":"#0"},"up":{"uv":[2.25,5.75,0,5],"texture":"#0"},"down":{"uv":[7.25,0,5,0.75],"texture":"#0"}}},{"from":[3.5,2.5,6.5],"to":[12.5,3.5,9.5],"faces":{"north":{"uv":[1,7.25,3.25,7.5],"texture":"#0"},"east":{"uv":[5,8.25,5.75,8.5],"texture":"#0"},"south":{"uv":[7.25,3,9.5,3.25],"texture":"#0"},"west":{"uv":[8.25,5.5,9,5.75],"texture":"#0"},"up":{"uv":[7.25,1.75,5,1],"texture":"#0"},"down":{"uv":[7.25,2,5,2.75],"texture":"#0"}}},{"from":[4.25,1,3.5],"to":[5.25,4,4.5],"faces":{"north":{"uv":[2,7.75,2.25,8.5],"texture":"#0"},"east":{"uv":[2.5,7.75,2.75,8.5],"texture":"#0"},"south":{"uv":[3,7.75,3.25,8.5],"texture":"#0"},"west":{"uv":[8,0,8.25,0.75],"texture":"#0"},"up":{"uv":[4.5,9.25,4.25,9],"texture":"#0"},"down":{"uv":[9.25,4.5,9,4.75],"texture":"#0"}}},{"from":[10.75,1,3.5],"to":[11.75,4,4.5],"rotation":{"angle":0,"axis":"y","origin":[16,0,0]},"faces":{"north":{"uv":[8,1,8.25,1.75],"texture":"#0"},"east":{"uv":[8,2,8.25,2.75],"texture":"#0"},"south":{"uv":[4.5,8,4.75,8.75],"texture":"#0"},"west":{"uv":[8,7.5,8.25,8.25],"texture":"#0"},"up":{"uv":[9.5,0.25,9.25,0],"texture":"#0"},"down":{"uv":[9.5,0.5,9.25,0.75],"texture":"#0"}}},{"from":[5,0.5,3.25],"to":[11,1.5,4.25],"faces":{"north":{"uv":[7.25,3.5,8.75,3.75],"texture":"#0"},"east":{"uv":[9,5,9.25,5.25],"texture":"#0"},"south":{"uv":[7.25,4,8.75,4.25],"texture":"#0"},"west":{"uv":[5.75,9,6,9.25],"texture":"#0"},"up":{"uv":[8.75,4.75,7.25,4.5],"texture":"#0"},"down":{"uv":[8.75,5,7.25,5.25],"texture":"#0"}}}],"gui_light":"front"}