{"file_name":"head","texture_size":[128,128],"textures":{"layer0":"manamodels/karen_the_computer"},"elements":[{"name":"head_0","from":[1.3999997,7.9486823,3.866618],"to":[14.6,18.148682,12.266619],"rotation":{"angle":0.0,"axis":"z","origin":[8.0,8.0,8.0]},"faces":{"east":{"uv":[2.875,3.75,4.625,5.875],"texture":"#layer0","tintindex":0},"south":{"uv":[0.0,2.25,2.75,4.375],"texture":"#layer0","tintindex":0},"north":{"uv":[0.0,0.0,2.75,2.125],"texture":"#layer0","tintindex":0},"west":{"uv":[0.0,4.5,1.75,6.625],"texture":"#layer0","tintindex":0},"up":{"uv":[5.625,1.75,2.875,0.0],"texture":"#layer0","tintindex":0},"down":{"uv":[2.875,1.875,5.625,3.625],"texture":"#layer0","tintindex":0}}},{"name":"head_1","from":[2.6,10.348682,12.266619],"to":[13.400001,15.148683,15.866619],"rotation":{"angle":0.0,"axis":"z","origin":[8.0,8.0,8.0]},"faces":{"east":{"uv":[1.875,4.5,2.625,5.5],"texture":"#layer0","tintindex":0},"south":{"uv":[4.75,4.875,7.0,5.875],"texture":"#layer0","tintindex":0},"north":{"uv":[4.75,3.75,7.0,4.75],"texture":"#layer0","tintindex":0},"west":{"uv":[7.125,2.0,7.875,3.0],"texture":"#layer0","tintindex":0},"up":{"uv":[5.5,6.75,3.25,6.0],"texture":"#layer0","tintindex":0},"down":{"uv":[5.625,6.0,7.875,6.75],"texture":"#layer0","tintindex":0}}},{"name":"head_2","from":[2.6150007,9.5,11.0],"to":[13.370001,11.3,15.2],"rotation":{"angle":-22.5,"axis":"x","origin":[8.0,11.6,13.400001]},"faces":{"east":{"uv":[8.0,6.0,8.875,6.375],"texture":"#layer0","tintindex":0},"south":{"uv":[5.625,6.875,7.875,7.25],"texture":"#layer0","tintindex":0},"north":{"uv":[3.25,6.875,5.5,7.25],"texture":"#layer0","tintindex":0},"west":{"uv":[8.0,6.5,8.875,6.875],"texture":"#layer0","tintindex":0},"up":{"uv":[8.0,0.875,5.75,0.0],"texture":"#layer0","tintindex":0},"down":{"uv":[5.75,1.0,8.0,1.875],"texture":"#layer0","tintindex":0}}}],"display":{"head":{"translation":[0.0,-6.4,0.0],"rotation":[0.0,0.0,0.0],"scale":[3.8095,3.8095,3.8095]},"gui":{"translation":[0.0,0.0,0.0],"rotation":[35.0,225.0,0.0],"scale":[0.625,0.625,0.625]}}}