{"file_name":"neck","texture_size":[128,128],"textures":{"layer0":"manamodels/karen_the_computer"},"elements":[{"name":"neck_0","from":[7.4,7.8799996,7.4],"to":[8.6,13.28,8.6],"rotation":{"angle":0.0,"axis":"z","origin":[8.0,8.0,8.0]},"faces":{"east":{"uv":[8.5,4.125,8.75,5.25],"texture":"#layer0","tintindex":0},"south":{"uv":[8.625,1.875,8.875,3.0],"texture":"#layer0","tintindex":0},"north":{"uv":[1.5,8.5,1.75,9.625],"texture":"#layer0","tintindex":0},"west":{"uv":[8.625,7.375,8.875,8.5],"texture":"#layer0","tintindex":0},"up":{"uv":[9.5,4.5,9.25,4.25],"texture":"#layer0","tintindex":0},"down":{"uv":[5.625,9.375,5.875,9.625],"texture":"#layer0","tintindex":0}}}],"display":{"head":{"translation":[0.0,-6.4,0.0],"rotation":[0.0,0.0,0.0],"scale":[3.8095,3.8095,3.8095]},"gui":{"translation":[0.0,0.0,0.0],"rotation":[35.0,225.0,0.0],"scale":[0.625,0.625,0.625]}}}