{"display":{"thirdperson_righthand":{"rotation":[75,45,0],"translation":[0,2.5,0],"scale":[0.275,0.275,0.275]},"thirdperson_lefthand":{"rotation":[75,45,0],"translation":[0,2.5,0],"scale":[0.275,0.275,0.275]},"firstperson_righthand":{"rotation":[0,126,0],"translation":[3,2.25,0],"scale":[0.2,0.2,0.2]},"firstperson_lefthand":{"rotation":[0,126,0],"translation":[3,2.25,0],"scale":[0.2,0.2,0.2]},"ground":{"translation":[0,1,0],"scale":[0.25,0.25,0.25]},"gui":{"rotation":[30,225,0],"translation":[0,-2.5,0],"scale":[0.325,0.325,0.325]},"head":{"translation":[0,-30.25,0],"scale":[1.6,1.6,1.6]},"fixed":{"translation":[0,-3,0],"scale":[0.5,0.5,0.5]}},"texture_size":[128,128],"textures":{"1":"deco/arcade_machine","particle":"deco/arcade_machine"},"elements":[{"from":[0,0,0],"to":[16,18,16],"faces":{"north":{"uv":[0,0,2,2.25],"texture":"#1","tintindex":0},"east":{"uv":[2,0,4,2.25],"texture":"#1","tintindex":0},"south":{"uv":[0,2.25,2,4.5],"texture":"#1","tintindex":0},"west":{"uv":[2,2.25,4,4.5],"texture":"#1","tintindex":0},"up":{"uv":[6,2,4,0],"texture":"#1","tintindex":0},"down":{"uv":[6,2,4,4],"texture":"#1","tintindex":0}}},{"from":[0,16,-2],"to":[16,18,0],"faces":{"north":{"uv":[8,1.5,10,1.75],"texture":"#1","tintindex":0},"east":{"uv":[7,5.25,7.25,5.5],"texture":"#1","tintindex":0},"south":{"uv":[8,1.75,10,2],"texture":"#1","tintindex":0},"west":{"uv":[8,2.5,8.25,2.75],"texture":"#1","tintindex":0},"up":{"uv":[10,2.25,8,2],"texture":"#1","tintindex":0},"down":{"uv":[10,2.25,8,2.5],"texture":"#1","tintindex":0}}},{"from":[10.5,17.5,0],"to":[11.5,18.5,1],"faces":{"north":{"uv":[6,5.5,6.125,5.625],"texture":"#1","tintindex":0},"east":{"uv":[6.125,5.5,6.25,5.625],"texture":"#1"},"south":{"uv":[6.25,5.5,6.375,5.625],"texture":"#1"},"west":{"uv":[6.375,5.5,6.5,5.625],"texture":"#1"},"up":{"uv":[6.625,5.625,6.5,5.5],"texture":"#1"},"down":{"uv":[6.75,5.5,6.625,5.625],"texture":"#1"}}},{"from":[13,18,0],"to":[14,21,1],"faces":{"north":{"uv":[3.875,4.5,4,4.875],"texture":"#1"},"east":{"uv":[3.875,4.875,4,5.25],"texture":"#1"},"south":{"uv":[3.875,5.25,4,5.625],"texture":"#1"},"west":{"uv":[7,4.875,7.125,5.25],"texture":"#1"},"up":{"uv":[6.875,5.625,6.75,5.5],"texture":"#1"},"down":{"uv":[7,5.5,6.875,5.625],"texture":"#1"}}},{"from":[12.5,19.5,-0.5],"to":[14.5,21.5,1.5],"faces":{"north":{"uv":[8,2.75,8.25,3],"texture":"#1"},"east":{"uv":[8,3,8.25,3.25],"texture":"#1"},"south":{"uv":[8.25,2.5,8.5,2.75],"texture":"#1"},"west":{"uv":[8.25,2.75,8.5,3],"texture":"#1"},"up":{"uv":[8.5,3.25,8.25,3],"texture":"#1"},"down":{"uv":[0.75,8.375,0.5,8.625],"texture":"#1"}}},{"from":[8.5,17.5,0],"to":[9.5,18.5,1],"faces":{"north":{"uv":[7,5.5,7.125,5.625],"texture":"#1","tintindex":0},"east":{"uv":[7.125,5.5,7.25,5.625],"texture":"#1"},"south":{"uv":[5.125,7.25,5.25,7.375],"texture":"#1"},"west":{"uv":[5.125,7.375,5.25,7.5],"texture":"#1"},"up":{"uv":[5.25,7.625,5.125,7.5],"texture":"#1"},"down":{"uv":[5.25,7.625,5.125,7.75],"texture":"#1"}}},{"from":[6,18,0],"to":[7,21,1],"faces":{"north":{"uv":[3.875,4.5,4,4.875],"texture":"#1"},"east":{"uv":[3.875,4.875,4,5.25],"texture":"#1"},"south":{"uv":[3.875,5.25,4,5.625],"texture":"#1"},"west":{"uv":[7,4.875,7.125,5.25],"texture":"#1"},"up":{"uv":[6.875,5.625,6.75,5.5],"texture":"#1"},"down":{"uv":[7,5.5,6.875,5.625],"texture":"#1"}}},{"from":[5.5,19.5,-0.5],"to":[7.5,21.5,1.5],"faces":{"north":{"uv":[8,2.75,8.25,3],"texture":"#1"},"east":{"uv":[8,3,8.25,3.25],"texture":"#1"},"south":{"uv":[8.25,2.5,8.5,2.75],"texture":"#1"},"west":{"uv":[8.25,2.75,8.5,3],"texture":"#1"},"up":{"uv":[8.5,3.25,8.25,3],"texture":"#1"},"down":{"uv":[0.75,8.375,0.5,8.625],"texture":"#1"}}},{"from":[3.5,17.5,0],"to":[4.5,18.5,1],"faces":{"north":{"uv":[6,5.5,6.125,5.625],"texture":"#1"},"east":{"uv":[6.125,5.5,6.25,5.625],"texture":"#1"},"south":{"uv":[6.25,5.5,6.375,5.625],"texture":"#1"},"west":{"uv":[6.375,5.5,6.5,5.625],"texture":"#1"},"up":{"uv":[6.625,5.625,6.5,5.5],"texture":"#1"},"down":{"uv":[6.75,5.5,6.625,5.625],"texture":"#1"}}},{"from":[1.5,17.5,0],"to":[2.5,18.5,1],"faces":{"north":{"uv":[7,5.5,7.125,5.625],"texture":"#1"},"east":{"uv":[7.125,5.5,7.25,5.625],"texture":"#1"},"south":{"uv":[5.125,7.25,5.25,7.375],"texture":"#1"},"west":{"uv":[5.125,7.375,5.25,7.5],"texture":"#1"},"up":{"uv":[5.25,7.625,5.125,7.5],"texture":"#1"},"down":{"uv":[5.25,7.625,5.125,7.75],"texture":"#1"}}},{"from":[0,18,8],"to":[16,28,16],"faces":{"north":{"uv":[5.25,5.625,7.25,6.875],"texture":"#1","tintindex":0},"east":{"uv":[3.375,7.25,4.375,8.5],"texture":"#1","tintindex":0},"south":{"uv":[6,0,8,1.25],"texture":"#1","tintindex":0},"west":{"uv":[7.25,5.25,8.25,6.5],"texture":"#1","tintindex":0},"up":{"uv":[8,2.25,6,1.25],"texture":"#1","tintindex":0},"down":{"uv":[8,2.25,6,3.25],"texture":"#1","tintindex":0}}},{"from":[14.01,15.01,5.01],"to":[15.99,27.99,13.99],"rotation":{"angle":22.5,"axis":"x","origin":[15,23,8]},"faces":{"north":{"uv":[2.5,8.25,2.75,9.875],"texture":"#1","tintindex":0},"east":{"uv":[6,3.25,7.125,4.875],"texture":"#1","tintindex":0},"south":{"uv":[2.75,8.25,3,9.875],"texture":"#1","tintindex":0},"west":{"uv":[0,6.125,1.125,7.75],"texture":"#1","tintindex":0},"up":{"uv":[3.875,5.625,3.625,4.5],"texture":"#1","tintindex":0},"down":{"uv":[3.625,6.125,3.375,7.25],"texture":"#1","tintindex":0}}},{"from":[0.01,15.01,5.01],"to":[1.99,27.99,13.99],"rotation":{"angle":22.5,"axis":"x","origin":[1,23,8]},"faces":{"north":{"uv":[3,8.25,3.25,9.875],"texture":"#1","tintindex":0},"east":{"uv":[1.125,6.125,2.25,7.75],"texture":"#1","tintindex":0},"south":{"uv":[0,8.375,0.25,10],"texture":"#1","tintindex":0},"west":{"uv":[2.25,6.125,3.375,7.75],"texture":"#1","tintindex":0},"up":{"uv":[8.5,6.375,8.25,5.25],"texture":"#1","tintindex":0},"down":{"uv":[0.5,8.375,0.25,9.5],"texture":"#1","tintindex":0}}},{"from":[1.5,15,6],"to":[14.5,28,14],"rotation":{"angle":22.5,"axis":"x","origin":[0.5,23,8]},"faces":{"north":{"uv":[2,4.5,3.625,6.125],"texture":"#1"},"east":{"uv":[5.25,6.875,6.25,8.5],"texture":"#1"},"south":{"uv":[3.625,5.625,5.25,7.25],"texture":"#1"},"west":{"uv":[6.25,6.875,7.25,8.5],"texture":"#1"},"up":{"uv":[8.75,4.25,7.125,3.25],"texture":"#1"},"down":{"uv":[8.75,4.25,7.125,5.25],"texture":"#1"}}},{"from":[0,28,3],"to":[16,32,16],"faces":{"north":{"uv":[8,0,10,0.5],"texture":"#1","tintindex":0},"east":{"uv":[1.75,7.75,3.375,8.25],"texture":"#1","tintindex":0},"south":{"uv":[8,0.5,10,1],"texture":"#1","tintindex":0},"west":{"uv":[8,1,9.625,1.5],"texture":"#1","tintindex":0},"up":{"uv":[6,5.625,4,4],"texture":"#1","tintindex":0},"down":{"uv":[2,4.5,0,6.125],"texture":"#1","tintindex":0}}},{"from":[14.01,27.01,2.01],"to":[15.99,31.99,15.99],"faces":{"north":{"uv":[6,4.875,6.25,5.5],"texture":"#1","tintindex":0},"east":{"uv":[7.25,6.5,9,7.125],"texture":"#1","tintindex":0},"south":{"uv":[6.25,4.875,6.5,5.5],"texture":"#1","tintindex":0},"west":{"uv":[7.25,7.125,9,7.75],"texture":"#1","tintindex":0},"up":{"uv":[5.125,9,4.875,7.25],"texture":"#1","tintindex":0},"down":{"uv":[2,8.25,1.75,10],"texture":"#1","tintindex":0}}},{"from":[0.01,27.01,2.01],"to":[1.99,31.99,15.99],"rotation":{"angle":0,"axis":"y","origin":[16,0,0]},"faces":{"north":{"uv":[6.5,4.875,6.75,5.5],"texture":"#1","tintindex":0},"east":{"uv":[0,7.75,1.75,8.375],"texture":"#1","tintindex":0},"south":{"uv":[6.75,4.875,7,5.5],"texture":"#1","tintindex":0},"west":{"uv":[7.25,7.75,9,8.375],"texture":"#1","tintindex":0},"up":{"uv":[2.25,10,2,8.25],"texture":"#1","tintindex":0},"down":{"uv":[2.5,8.25,2.25,10],"texture":"#1","tintindex":0}}},{"name":"cube inverted","from":[1.99,31.99,15.99],"to":[0.01,27.01,2.01],"rotation":{"angle":0,"axis":"y","origin":[16,0,0]},"faces":{"north":{"uv":[6.75,5.5,7,4.875],"texture":"#1","tintindex":0},"east":{"uv":[7.25,8.375,9,7.75],"texture":"#1","tintindex":0},"south":{"uv":[6.5,5.5,6.75,4.875],"texture":"#1","tintindex":0},"west":{"uv":[0,8.375,1.75,7.75],"texture":"#1","tintindex":0},"up":{"uv":[2.25,8.25,2.5,10],"texture":"#1","tintindex":0},"down":{"uv":[2,10,2.25,8.25],"texture":"#1","tintindex":0}}},{"name":"cube inverted","from":[7,21,1],"to":[6,18,0],"faces":{"north":{"uv":[3.875,5.625,4,5.25],"texture":"#1"},"east":{"uv":[7,5.25,7.125,4.875],"texture":"#1"},"south":{"uv":[3.875,4.875,4,4.5],"texture":"#1"},"west":{"uv":[3.875,5.25,4,4.875],"texture":"#1"},"up":{"uv":[6.875,5.5,7,5.625],"texture":"#1"},"down":{"uv":[6.75,5.625,6.875,5.5],"texture":"#1"}}},{"name":"cube inverted","from":[7.5,21.5,1.5],"to":[5.5,19.5,-0.5],"faces":{"north":{"uv":[8.25,2.75,8.5,2.5],"texture":"#1"},"east":{"uv":[8.25,3,8.5,2.75],"texture":"#1"},"south":{"uv":[8,3,8.25,2.75],"texture":"#1"},"west":{"uv":[8,3.25,8.25,3],"texture":"#1"},"up":{"uv":[0.5,8.375,0.75,8.625],"texture":"#1"},"down":{"uv":[8.25,3.25,8.5,3],"texture":"#1"}}},{"name":"cube inverted","from":[4.5,18.5,1],"to":[3.5,17.5,0],"faces":{"north":{"uv":[6.25,5.625,6.375,5.5],"texture":"#1"},"east":{"uv":[6.375,5.625,6.5,5.5],"texture":"#1"},"south":{"uv":[6,5.625,6.125,5.5],"texture":"#1"},"west":{"uv":[6.125,5.625,6.25,5.5],"texture":"#1"},"up":{"uv":[6.625,5.5,6.75,5.625],"texture":"#1"},"down":{"uv":[6.5,5.625,6.625,5.5],"texture":"#1"}}},{"name":"cube inverted","from":[2.5,18.5,1],"to":[1.5,17.5,0],"faces":{"north":{"uv":[5.125,7.375,5.25,7.25],"texture":"#1"},"east":{"uv":[5.125,7.5,5.25,7.375],"texture":"#1"},"south":{"uv":[7,5.625,7.125,5.5],"texture":"#1"},"west":{"uv":[7.125,5.625,7.25,5.5],"texture":"#1"},"up":{"uv":[5.125,7.625,5.25,7.75],"texture":"#1"},"down":{"uv":[5.125,7.625,5.25,7.5],"texture":"#1"}}},{"name":"cube inverted","from":[16,28,16],"to":[0,18,8],"faces":{"north":{"uv":[6,1.25,8,0],"texture":"#1","tintindex":0},"east":{"uv":[7.25,6.5,8.25,5.25],"texture":"#1","tintindex":0},"south":{"uv":[5.25,6.875,7.25,5.625],"texture":"#1","tintindex":0},"west":{"uv":[3.375,8.5,4.375,7.25],"texture":"#1","tintindex":0},"up":{"uv":[6,2.25,8,3.25],"texture":"#1","tintindex":0},"down":{"uv":[6,2.25,8,1.25],"texture":"#1","tintindex":0}}},{"name":"cube inverted","from":[15.99,27.99,13.99],"to":[14.01,15.01,5.01],"rotation":{"angle":22.5,"axis":"x","origin":[15,23,8]},"faces":{"north":{"uv":[2.75,9.875,3,8.25],"texture":"#1","tintindex":0},"east":{"uv":[0,7.75,1.125,6.125],"texture":"#1","tintindex":0},"south":{"uv":[2.5,9.875,2.75,8.25],"texture":"#1","tintindex":0},"west":{"uv":[6,4.875,7.125,3.25],"texture":"#1","tintindex":0},"up":{"uv":[3.375,6.125,3.625,7.25],"texture":"#1","tintindex":0},"down":{"uv":[3.625,5.625,3.875,4.5],"texture":"#1","tintindex":0}}},{"name":"cube inverted","from":[1.99,27.99,13.99],"to":[0.01,15.01,5.01],"rotation":{"angle":22.5,"axis":"x","origin":[1,23,8]},"faces":{"north":{"uv":[0,10,0.25,8.375],"texture":"#1","tintindex":0},"east":{"uv":[2.25,7.75,3.375,6.125],"texture":"#1","tintindex":0},"south":{"uv":[3,9.875,3.25,8.25],"texture":"#1","tintindex":0},"west":{"uv":[1.125,7.75,2.25,6.125],"texture":"#1","tintindex":0},"up":{"uv":[0.25,8.375,0.5,9.5],"texture":"#1","tintindex":0},"down":{"uv":[8.25,6.375,8.5,5.25],"texture":"#1","tintindex":0}}},{"name":"cube inverted","from":[14.5,28,14],"to":[1.5,15,6],"rotation":{"angle":22.5,"axis":"x","origin":[0.5,23,8]},"faces":{"north":{"uv":[3.625,7.25,5.25,5.625],"texture":"#1"},"east":{"uv":[6.25,8.5,7.25,6.875],"texture":"#1"},"south":{"uv":[2,6.125,3.625,4.5],"texture":"#1"},"west":{"uv":[5.25,8.5,6.25,6.875],"texture":"#1"},"up":{"uv":[7.125,4.25,8.75,5.25],"texture":"#1"},"down":{"uv":[7.125,4.25,8.75,3.25],"texture":"#1"}}},{"name":"cube inverted","from":[16,32,16],"to":[0,28,3],"faces":{"north":{"uv":[8,1,10,0.5],"texture":"#1","tintindex":0},"east":{"uv":[8,1.5,9.625,1],"texture":"#1","tintindex":0},"south":{"uv":[8,0.5,10,0],"texture":"#1","tintindex":0},"west":{"uv":[1.75,8.25,3.375,7.75],"texture":"#1","tintindex":0},"up":{"uv":[0,4.5,2,6.125],"texture":"#1","tintindex":0},"down":{"uv":[4,5.625,6,4],"texture":"#1","tintindex":0}}},{"name":"cube inverted","from":[15.99,31.99,15.99],"to":[14.01,27.01,2.01],"faces":{"north":{"uv":[6.25,5.5,6.5,4.875],"texture":"#1","tintindex":0},"east":{"uv":[7.25,7.75,9,7.125],"texture":"#1","tintindex":0},"south":{"uv":[6,5.5,6.25,4.875],"texture":"#1","tintindex":0},"west":{"uv":[7.25,7.125,9,6.5],"texture":"#1","tintindex":0},"up":{"uv":[1.75,8.25,2,10],"texture":"#1","tintindex":0},"down":{"uv":[4.875,9,5.125,7.25],"texture":"#1","tintindex":0}}},{"name":"cube inverted","from":[16,18,16],"to":[0,0,0],"faces":{"north":{"uv":[0,4.5,2,2.25],"texture":"#1","tintindex":0},"east":{"uv":[2,4.5,4,2.25],"texture":"#1","tintindex":0},"south":{"uv":[0,2.25,2,0],"texture":"#1","tintindex":0},"west":{"uv":[2,2.25,4,0],"texture":"#1","tintindex":0},"up":{"uv":[4,2,6,4],"texture":"#1","tintindex":0},"down":{"uv":[4,2,6,0],"texture":"#1","tintindex":0}}},{"name":"cube inverted","from":[16,18,0],"to":[0,16,-2],"faces":{"north":{"uv":[8,2,10,1.75],"texture":"#1","tintindex":0},"east":{"uv":[8,2.75,8.25,2.5],"texture":"#1","tintindex":0},"south":{"uv":[8,1.75,10,1.5],"texture":"#1","tintindex":0},"west":{"uv":[7,5.5,7.25,5.25],"texture":"#1","tintindex":0},"up":{"uv":[8,2.25,10,2.5],"texture":"#1","tintindex":0},"down":{"uv":[8,2.25,10,2],"texture":"#1","tintindex":0}}},{"name":"cube inverted","from":[11.5,18.5,1],"to":[10.5,17.5,0],"faces":{"north":{"uv":[6.25,5.625,6.375,5.5],"texture":"#1"},"east":{"uv":[6.375,5.625,6.5,5.5],"texture":"#1"},"south":{"uv":[6,5.625,6.125,5.5],"texture":"#1","tintindex":0},"west":{"uv":[6.125,5.625,6.25,5.5],"texture":"#1"},"up":{"uv":[6.625,5.5,6.75,5.625],"texture":"#1"},"down":{"uv":[6.5,5.625,6.625,5.5],"texture":"#1"}}},{"name":"cube inverted","from":[14,21,1],"to":[13,18,0],"faces":{"north":{"uv":[3.875,5.625,4,5.25],"texture":"#1"},"east":{"uv":[7,5.25,7.125,4.875],"texture":"#1"},"south":{"uv":[3.875,4.875,4,4.5],"texture":"#1"},"west":{"uv":[3.875,5.25,4,4.875],"texture":"#1"},"up":{"uv":[6.875,5.5,7,5.625],"texture":"#1"},"down":{"uv":[6.75,5.625,6.875,5.5],"texture":"#1"}}},{"name":"cube inverted","from":[14.5,21.5,1.5],"to":[12.5,19.5,-0.5],"faces":{"north":{"uv":[8.25,2.75,8.5,2.5],"texture":"#1"},"east":{"uv":[8.25,3,8.5,2.75],"texture":"#1"},"south":{"uv":[8,3,8.25,2.75],"texture":"#1"},"west":{"uv":[8,3.25,8.25,3],"texture":"#1"},"up":{"uv":[0.5,8.375,0.75,8.625],"texture":"#1"},"down":{"uv":[8.25,3.25,8.5,3],"texture":"#1"}}},{"name":"cube inverted","from":[9.5,18.5,1],"to":[8.5,17.5,0],"faces":{"north":{"uv":[5.125,7.375,5.25,7.25],"texture":"#1"},"east":{"uv":[5.125,7.5,5.25,7.375],"texture":"#1"},"south":{"uv":[7,5.625,7.125,5.5],"texture":"#1","tintindex":0},"west":{"uv":[7.125,5.625,7.25,5.5],"texture":"#1"},"up":{"uv":[5.125,7.625,5.25,7.75],"texture":"#1"},"down":{"uv":[5.125,7.625,5.25,7.5],"texture":"#1"}}},{"name":"cube inverted","from":[1.99,31.99,15.99],"to":[0.01,27.01,2.01],"rotation":{"angle":0,"axis":"y","origin":[16,0,0]},"faces":{"north":{"uv":[6.75,5.5,7,4.875],"texture":"#1","tintindex":0},"east":{"uv":[7.25,8.375,9,7.75],"texture":"#1","tintindex":0},"south":{"uv":[6.5,5.5,6.75,4.875],"texture":"#1","tintindex":0},"west":{"uv":[0,8.375,1.75,7.75],"texture":"#1","tintindex":0},"up":{"uv":[2.25,8.25,2.5,10],"texture":"#1","tintindex":0},"down":{"uv":[2,10,2.25,8.25],"texture":"#1","tintindex":0}}},{"name":"cube inverted","from":[7,21,1],"to":[6,18,0],"faces":{"north":{"uv":[3.875,5.625,4,5.25],"texture":"#1"},"east":{"uv":[7,5.25,7.125,4.875],"texture":"#1"},"south":{"uv":[3.875,4.875,4,4.5],"texture":"#1"},"west":{"uv":[3.875,5.25,4,4.875],"texture":"#1"},"up":{"uv":[6.875,5.5,7,5.625],"texture":"#1"},"down":{"uv":[6.75,5.625,6.875,5.5],"texture":"#1"}}},{"name":"cube inverted","from":[7.5,21.5,1.5],"to":[5.5,19.5,-0.5],"faces":{"north":{"uv":[8.25,2.75,8.5,2.5],"texture":"#1"},"east":{"uv":[8.25,3,8.5,2.75],"texture":"#1"},"south":{"uv":[8,3,8.25,2.75],"texture":"#1"},"west":{"uv":[8,3.25,8.25,3],"texture":"#1"},"up":{"uv":[0.5,8.375,0.75,8.625],"texture":"#1"},"down":{"uv":[8.25,3.25,8.5,3],"texture":"#1"}}},{"name":"cube inverted","from":[4.5,18.5,1],"to":[3.5,17.5,0],"faces":{"north":{"uv":[6.25,5.625,6.375,5.5],"texture":"#1"},"east":{"uv":[6.375,5.625,6.5,5.5],"texture":"#1"},"south":{"uv":[6,5.625,6.125,5.5],"texture":"#1"},"west":{"uv":[6.125,5.625,6.25,5.5],"texture":"#1"},"up":{"uv":[6.625,5.5,6.75,5.625],"texture":"#1"},"down":{"uv":[6.5,5.625,6.625,5.5],"texture":"#1"}}},{"name":"cube inverted","from":[2.5,18.5,1],"to":[1.5,17.5,0],"faces":{"north":{"uv":[5.125,7.375,5.25,7.25],"texture":"#1"},"east":{"uv":[5.125,7.5,5.25,7.375],"texture":"#1"},"south":{"uv":[7,5.625,7.125,5.5],"texture":"#1"},"west":{"uv":[7.125,5.625,7.25,5.5],"texture":"#1"},"up":{"uv":[5.125,7.625,5.25,7.75],"texture":"#1"},"down":{"uv":[5.125,7.625,5.25,7.5],"texture":"#1"}}},{"name":"cube inverted","from":[16,28,16],"to":[0,18,8],"faces":{"north":{"uv":[6,1.25,8,0],"texture":"#1","tintindex":0},"east":{"uv":[7.25,6.5,8.25,5.25],"texture":"#1","tintindex":0},"south":{"uv":[5.25,6.875,7.25,5.625],"texture":"#1","tintindex":0},"west":{"uv":[3.375,8.5,4.375,7.25],"texture":"#1","tintindex":0},"up":{"uv":[6,2.25,8,3.25],"texture":"#1","tintindex":0},"down":{"uv":[6,2.25,8,1.25],"texture":"#1","tintindex":0}}},{"name":"cube inverted","from":[15.99,27.99,13.99],"to":[14.01,15.01,5.01],"rotation":{"angle":22.5,"axis":"x","origin":[15,23,8]},"faces":{"north":{"uv":[2.75,9.875,3,8.25],"texture":"#1","tintindex":0},"east":{"uv":[0,7.75,1.125,6.125],"texture":"#1","tintindex":0},"south":{"uv":[2.5,9.875,2.75,8.25],"texture":"#1","tintindex":0},"west":{"uv":[6,4.875,7.125,3.25],"texture":"#1","tintindex":0},"up":{"uv":[3.375,6.125,3.625,7.25],"texture":"#1","tintindex":0},"down":{"uv":[3.625,5.625,3.875,4.5],"texture":"#1","tintindex":0}}},{"name":"cube inverted","from":[1.99,27.99,13.99],"to":[0.01,15.01,5.01],"rotation":{"angle":22.5,"axis":"x","origin":[1,23,8]},"faces":{"north":{"uv":[0,10,0.25,8.375],"texture":"#1","tintindex":0},"east":{"uv":[2.25,7.75,3.375,6.125],"texture":"#1","tintindex":0},"south":{"uv":[3,9.875,3.25,8.25],"texture":"#1","tintindex":0},"west":{"uv":[1.125,7.75,2.25,6.125],"texture":"#1","tintindex":0},"up":{"uv":[0.25,8.375,0.5,9.5],"texture":"#1","tintindex":0},"down":{"uv":[8.25,6.375,8.5,5.25],"texture":"#1","tintindex":0}}},{"name":"cube inverted","from":[14.5,28,14],"to":[1.5,15,6],"rotation":{"angle":22.5,"axis":"x","origin":[0.5,23,8]},"faces":{"north":{"uv":[3.625,7.25,5.25,5.625],"texture":"#1"},"east":{"uv":[6.25,8.5,7.25,6.875],"texture":"#1"},"south":{"uv":[2,6.125,3.625,4.5],"texture":"#1"},"west":{"uv":[5.25,8.5,6.25,6.875],"texture":"#1"},"up":{"uv":[7.125,4.25,8.75,5.25],"texture":"#1"},"down":{"uv":[7.125,4.25,8.75,3.25],"texture":"#1"}}},{"name":"cube inverted","from":[16,32,16],"to":[0,28,3],"faces":{"north":{"uv":[8,1,10,0.5],"texture":"#1","tintindex":0},"east":{"uv":[8,1.5,9.625,1],"texture":"#1","tintindex":0},"south":{"uv":[8,0.5,10,0],"texture":"#1","tintindex":0},"west":{"uv":[1.75,8.25,3.375,7.75],"texture":"#1","tintindex":0},"up":{"uv":[0,4.5,2,6.125],"texture":"#1","tintindex":0},"down":{"uv":[4,5.625,6,4],"texture":"#1","tintindex":0}}},{"name":"cube inverted","from":[15.99,31.99,15.99],"to":[14.01,27.01,2.01],"faces":{"north":{"uv":[6.25,5.5,6.5,4.875],"texture":"#1","tintindex":0},"east":{"uv":[7.25,7.75,9,7.125],"texture":"#1","tintindex":0},"south":{"uv":[6,5.5,6.25,4.875],"texture":"#1","tintindex":0},"west":{"uv":[7.25,7.125,9,6.5],"texture":"#1","tintindex":0},"up":{"uv":[1.75,8.25,2,10],"texture":"#1","tintindex":0},"down":{"uv":[4.875,9,5.125,7.25],"texture":"#1","tintindex":0}}},{"name":"cube inverted","from":[16,18,16],"to":[0,0,0],"faces":{"north":{"uv":[0,4.5,2,2.25],"texture":"#1","tintindex":0},"east":{"uv":[2,4.5,4,2.25],"texture":"#1","tintindex":0},"south":{"uv":[0,2.25,2,0],"texture":"#1","tintindex":0},"west":{"uv":[2,2.25,4,0],"texture":"#1","tintindex":0},"up":{"uv":[4,2,6,4],"texture":"#1","tintindex":0},"down":{"uv":[4,2,6,0],"texture":"#1","tintindex":0}}},{"name":"cube inverted","from":[16,18,0],"to":[0,16,-2],"faces":{"north":{"uv":[8,2,10,1.75],"texture":"#1","tintindex":0},"east":{"uv":[8,2.75,8.25,2.5],"texture":"#1","tintindex":0},"south":{"uv":[8,1.75,10,1.5],"texture":"#1","tintindex":0},"west":{"uv":[7,5.5,7.25,5.25],"texture":"#1","tintindex":0},"up":{"uv":[8,2.25,10,2.5],"texture":"#1","tintindex":0},"down":{"uv":[8,2.25,10,2],"texture":"#1","tintindex":0}}},{"name":"cube inverted","from":[11.5,18.5,1],"to":[10.5,17.5,0],"faces":{"north":{"uv":[6.25,5.625,6.375,5.5],"texture":"#1"},"east":{"uv":[6.375,5.625,6.5,5.5],"texture":"#1"},"south":{"uv":[6,5.625,6.125,5.5],"texture":"#1","tintindex":0},"west":{"uv":[6.125,5.625,6.25,5.5],"texture":"#1"},"up":{"uv":[6.625,5.5,6.75,5.625],"texture":"#1"},"down":{"uv":[6.5,5.625,6.625,5.5],"texture":"#1"}}},{"name":"cube inverted","from":[14,21,1],"to":[13,18,0],"faces":{"north":{"uv":[3.875,5.625,4,5.25],"texture":"#1"},"east":{"uv":[7,5.25,7.125,4.875],"texture":"#1"},"south":{"uv":[3.875,4.875,4,4.5],"texture":"#1"},"west":{"uv":[3.875,5.25,4,4.875],"texture":"#1"},"up":{"uv":[6.875,5.5,7,5.625],"texture":"#1"},"down":{"uv":[6.75,5.625,6.875,5.5],"texture":"#1"}}},{"name":"cube inverted","from":[14.5,21.5,1.5],"to":[12.5,19.5,-0.5],"faces":{"north":{"uv":[8.25,2.75,8.5,2.5],"texture":"#1"},"east":{"uv":[8.25,3,8.5,2.75],"texture":"#1"},"south":{"uv":[8,3,8.25,2.75],"texture":"#1"},"west":{"uv":[8,3.25,8.25,3],"texture":"#1"},"up":{"uv":[0.5,8.375,0.75,8.625],"texture":"#1"},"down":{"uv":[8.25,3.25,8.5,3],"texture":"#1"}}},{"name":"cube inverted","from":[9.5,18.5,1],"to":[8.5,17.5,0],"faces":{"north":{"uv":[5.125,7.375,5.25,7.25],"texture":"#1"},"east":{"uv":[5.125,7.5,5.25,7.375],"texture":"#1"},"south":{"uv":[7,5.625,7.125,5.5],"texture":"#1","tintindex":0},"west":{"uv":[7.125,5.625,7.25,5.5],"texture":"#1"},"up":{"uv":[5.125,7.625,5.25,7.75],"texture":"#1"},"down":{"uv":[5.125,7.625,5.25,7.5],"texture":"#1"}}}]}