{"display":{"thirdperson_righthand":{"rotation":[75,45,0],"translation":[0,2.5,0],"scale":[0.375,0.375,0.375]},"thirdperson_lefthand":{"rotation":[75,45,0],"translation":[0,2.5,0],"scale":[0.375,0.375,0.375]},"firstperson_righthand":{"rotation":[0,45,0],"translation":[2,0.5,0],"scale":[0.4,0.4,0.4]},"firstperson_lefthand":{"rotation":[0,45,0],"translation":[2,0.5,0],"scale":[0.4,0.4,0.4]},"ground":{"translation":[0,1,0],"scale":[0.4,0.4,0.4]},"gui":{"rotation":[30,117,0],"translation":[0,-0.5,0],"scale":[0.725,0.725,0.725]},"head":{"translation":[0,-18.5,0],"scale":[1.6,1.6,1.6]},"fixed":{"rotation":[-90,0,0],"translation":[-0.25,0,-15],"scale":[2,2,2]}},"texture_size":[64,64],"textures":{"0":"deco/spike_barricade","particle":"deco/spike_barricade"},"elements":[{"from":[0,5,6.5],"to":[16,8,9.5],"rotation":{"angle":0,"axis":"y","origin":[8.5,11,7.5]},"faces":{"north":{"uv":[6,0,10,0.75],"texture":"#0"},"east":{"uv":[6,3,6.75,3.75],"texture":"#0"},"south":{"uv":[6,0.75,10,1.5],"texture":"#0"},"west":{"uv":[6,3.75,6.75,4.5],"texture":"#0"},"up":{"uv":[10,2.25,6,1.5],"texture":"#0"},"down":{"uv":[10,2.25,6,3],"texture":"#0"}}},{"from":[13.5,17,7.5],"to":[13.5,20,10.5],"rotation":{"angle":45,"axis":"x","origin":[1.5,11,8]},"faces":{"north":{"uv":[0,0,0,0.75],"texture":"#0"},"east":{"uv":[1.5,8.5,2.25,9.25],"texture":"#0"},"south":{"uv":[0,0,0,0.75],"texture":"#0"},"west":{"uv":[1.5,8.5,2.25,9.25],"texture":"#0"},"up":{"uv":[0,0.75,0,0],"texture":"#0"},"down":{"uv":[0,0,0,0.75],"texture":"#0"}}},{"from":[12,17,9],"to":[15,20,9],"rotation":{"angle":45,"axis":"x","origin":[0,11,8]},"faces":{"north":{"uv":[1.5,8.5,2.25,9.25],"texture":"#0"},"east":{"uv":[0,0,0,0.75],"texture":"#0"},"south":{"uv":[1.5,8.5,2.25,9.25],"texture":"#0"},"west":{"uv":[0,0,0,0.75],"texture":"#0"},"up":{"uv":[0.75,0,0,0],"texture":"#0"},"down":{"uv":[0.75,0,0,0],"texture":"#0"}}},{"from":[12,-3,9],"to":[15,0,9],"rotation":{"angle":45,"axis":"x","origin":[0,11,8]},"faces":{"north":{"uv":[3,8.5,3.75,9.25],"texture":"#0"},"east":{"uv":[0,0,0,0.75],"texture":"#0"},"south":{"uv":[3,8.5,3.75,9.25],"texture":"#0"},"west":{"uv":[0,0,0,0.75],"texture":"#0"},"up":{"uv":[0.75,0,0,0],"texture":"#0"},"down":{"uv":[0.75,0,0,0],"texture":"#0"}}},{"from":[13.5,-3,7.5],"to":[13.5,0,10.5],"rotation":{"angle":45,"axis":"x","origin":[1.5,11,8]},"faces":{"north":{"uv":[0,0,0,0.75],"texture":"#0"},"east":{"uv":[4.5,8.5,5.25,9.25],"texture":"#0"},"south":{"uv":[0,0,0,0.75],"texture":"#0"},"west":{"uv":[4.5,8.5,5.25,9.25],"texture":"#0"},"up":{"uv":[0,0.75,0,0],"texture":"#0"},"down":{"uv":[0,0,0,0.75],"texture":"#0"}}},{"from":[12,0,7.5],"to":[15,17,10.5],"rotation":{"angle":45,"axis":"x","origin":[1,11,8]},"faces":{"north":{"uv":[4.5,0,5.25,4.25],"texture":"#0"},"east":{"uv":[4.5,0,5.25,4.25],"texture":"#0"},"south":{"uv":[4.5,0,5.25,4.25],"texture":"#0"},"west":{"uv":[4.5,0,5.25,4.25],"texture":"#0"},"up":{"uv":[9.75,3.75,9,3],"texture":"#0"},"down":{"uv":[9.75,3.75,9,4.5],"texture":"#0"}}},{"from":[4,0,7.5],"to":[7,17,10.5],"rotation":{"angle":45,"axis":"x","origin":[1,11,8]},"faces":{"north":{"uv":[4.5,0,5.25,4.25],"texture":"#0"},"east":{"uv":[4.5,0,5.25,4.25],"texture":"#0"},"south":{"uv":[4.5,0,5.25,4.25],"texture":"#0"},"west":{"uv":[4.5,0,5.25,4.25],"texture":"#0"},"up":{"uv":[9.75,3.75,9,3],"texture":"#0"},"down":{"uv":[9.75,3.75,9,4.5],"texture":"#0"}}},{"from":[5.5,-3,7.5],"to":[5.5,0,10.5],"rotation":{"angle":45,"axis":"x","origin":[1.5,11,8]},"faces":{"north":{"uv":[0,0,0,0.75],"texture":"#0"},"east":{"uv":[4.5,8.5,5.25,9.25],"texture":"#0"},"south":{"uv":[0,0,0,0.75],"texture":"#0"},"west":{"uv":[4.5,8.5,5.25,9.25],"texture":"#0"},"up":{"uv":[0,0.75,0,0],"texture":"#0"},"down":{"uv":[0,0,0,0.75],"texture":"#0"}}},{"from":[4,-3,9],"to":[7,0,9],"rotation":{"angle":45,"axis":"x","origin":[0,11,8]},"faces":{"north":{"uv":[3,8.5,3.75,9.25],"texture":"#0"},"east":{"uv":[0,0,0,0.75],"texture":"#0"},"south":{"uv":[3,8.5,3.75,9.25],"texture":"#0"},"west":{"uv":[0,0,0,0.75],"texture":"#0"},"up":{"uv":[0.75,0,0,0],"texture":"#0"},"down":{"uv":[0.75,0,0,0],"texture":"#0"}}},{"from":[4,17,9],"to":[7,20,9],"rotation":{"angle":45,"axis":"x","origin":[0,11,8]},"faces":{"north":{"uv":[1.5,8.5,2.25,9.25],"texture":"#0"},"east":{"uv":[0,0,0,0.75],"texture":"#0"},"south":{"uv":[1.5,8.5,2.25,9.25],"texture":"#0"},"west":{"uv":[0,0,0,0.75],"texture":"#0"},"up":{"uv":[0.75,0,0,0],"texture":"#0"},"down":{"uv":[0.75,0,0,0],"texture":"#0"}}},{"from":[5.5,17,7.5],"to":[5.5,20,10.5],"rotation":{"angle":45,"axis":"x","origin":[1.5,11,8]},"faces":{"north":{"uv":[0,0,0,0.75],"texture":"#0"},"east":{"uv":[1.5,8.5,2.25,9.25],"texture":"#0"},"south":{"uv":[0,0,0,0.75],"texture":"#0"},"west":{"uv":[1.5,8.5,2.25,9.25],"texture":"#0"},"up":{"uv":[0,0.75,0,0],"texture":"#0"},"down":{"uv":[0,0,0,0.75],"texture":"#0"}}},{"from":[1,0,5.5],"to":[4,17,8.5],"rotation":{"angle":-45,"axis":"x","origin":[15,11,8]},"faces":{"north":{"uv":[4.5,0,5.25,4.25],"texture":"#0"},"east":{"uv":[4.5,0,5.25,4.25],"texture":"#0"},"south":{"uv":[4.5,0,5.25,4.25],"texture":"#0"},"west":{"uv":[4.5,0,5.25,4.25],"texture":"#0"},"up":{"uv":[9,3,9.75,3.75],"texture":"#0"},"down":{"uv":[9,4.5,9.75,3.75],"texture":"#0"}}},{"from":[2.5,-3,5.5],"to":[2.5,0,8.5],"rotation":{"angle":-45,"axis":"x","origin":[14.5,11,8]},"faces":{"north":{"uv":[0,0,0,0.75],"texture":"#0"},"east":{"uv":[4.5,8.5,5.25,9.25],"texture":"#0"},"south":{"uv":[0,0,0,0.75],"texture":"#0"},"west":{"uv":[4.5,8.5,5.25,9.25],"texture":"#0"},"up":{"uv":[0,0,0,0.75],"texture":"#0"},"down":{"uv":[0,0.75,0,0],"texture":"#0"}}},{"from":[1,-3,7],"to":[4,0,7],"rotation":{"angle":-45,"axis":"x","origin":[16,11,8]},"faces":{"north":{"uv":[3,8.5,3.75,9.25],"texture":"#0"},"east":{"uv":[0,0,0,0.75],"texture":"#0"},"south":{"uv":[3,8.5,3.75,9.25],"texture":"#0"},"west":{"uv":[0,0,0,0.75],"texture":"#0"},"up":{"uv":[0,0,0.75,0],"texture":"#0"},"down":{"uv":[0,0,0.75,0],"texture":"#0"}}},{"from":[1,17,7],"to":[4,20,7],"rotation":{"angle":-45,"axis":"x","origin":[16,11,8]},"faces":{"north":{"uv":[1.5,8.5,2.25,9.25],"texture":"#0"},"east":{"uv":[0,0,0,0.75],"texture":"#0"},"south":{"uv":[1.5,8.5,2.25,9.25],"texture":"#0"},"west":{"uv":[0,0,0,0.75],"texture":"#0"},"up":{"uv":[0,0,0.75,0],"texture":"#0"},"down":{"uv":[0,0,0.75,0],"texture":"#0"}}},{"from":[2.5,17,5.5],"to":[2.5,20,8.5],"rotation":{"angle":-45,"axis":"x","origin":[14.5,11,8]},"faces":{"north":{"uv":[0,0,0,0.75],"texture":"#0"},"east":{"uv":[1.5,8.5,2.25,9.25],"texture":"#0"},"south":{"uv":[0,0,0,0.75],"texture":"#0"},"west":{"uv":[1.5,8.5,2.25,9.25],"texture":"#0"},"up":{"uv":[0,0,0,0.75],"texture":"#0"},"down":{"uv":[0,0.75,0,0],"texture":"#0"}}},{"from":[8,0,5.5],"to":[11,17,8.5],"rotation":{"angle":-45,"axis":"x","origin":[15,11,8]},"faces":{"north":{"uv":[4.5,0,5.25,4.25],"texture":"#0"},"east":{"uv":[4.5,0,5.25,4.25],"texture":"#0"},"south":{"uv":[4.5,0,5.25,4.25],"texture":"#0"},"west":{"uv":[4.5,0,5.25,4.25],"texture":"#0"},"up":{"uv":[9,3,9.75,3.75],"texture":"#0"},"down":{"uv":[9,4.5,9.75,3.75],"texture":"#0"}}},{"from":[9.5,-3,5.5],"to":[9.5,0,8.5],"rotation":{"angle":-45,"axis":"x","origin":[14.5,11,8]},"faces":{"north":{"uv":[0,0,0,0.75],"texture":"#0"},"east":{"uv":[4.5,8.5,5.25,9.25],"texture":"#0"},"south":{"uv":[0,0,0,0.75],"texture":"#0"},"west":{"uv":[4.5,8.5,5.25,9.25],"texture":"#0"},"up":{"uv":[0,0,0,0.75],"texture":"#0"},"down":{"uv":[0,0.75,0,0],"texture":"#0"}}},{"from":[8,-3,7],"to":[11,0,7],"rotation":{"angle":-45,"axis":"x","origin":[16,11,8]},"faces":{"north":{"uv":[3,8.5,3.75,9.25],"texture":"#0"},"east":{"uv":[0,0,0,0.75],"texture":"#0"},"south":{"uv":[3,8.5,3.75,9.25],"texture":"#0"},"west":{"uv":[0,0,0,0.75],"texture":"#0"},"up":{"uv":[0,0,0.75,0],"texture":"#0"},"down":{"uv":[0,0,0.75,0],"texture":"#0"}}},{"from":[8,17,7],"to":[11,20,7],"rotation":{"angle":-45,"axis":"x","origin":[16,11,8]},"faces":{"north":{"uv":[1.5,8.5,2.25,9.25],"texture":"#0"},"east":{"uv":[0,0,0,0.75],"texture":"#0"},"south":{"uv":[1.5,8.5,2.25,9.25],"texture":"#0"},"west":{"uv":[0,0,0,0.75],"texture":"#0"},"up":{"uv":[0,0,0.75,0],"texture":"#0"},"down":{"uv":[0,0,0.75,0],"texture":"#0"}}},{"from":[9.5,17,5.5],"to":[9.5,20,8.5],"rotation":{"angle":-45,"axis":"x","origin":[14.5,11,8]},"faces":{"north":{"uv":[0,0,0,0.75],"texture":"#0"},"east":{"uv":[1.5,8.5,2.25,9.25],"texture":"#0"},"south":{"uv":[0,0,0,0.75],"texture":"#0"},"west":{"uv":[1.5,8.5,2.25,9.25],"texture":"#0"},"up":{"uv":[0,0,0,0.75],"texture":"#0"},"down":{"uv":[0,0.75,0,0],"texture":"#0"}}}]}