{"textures":{"0":"modelengine:custom/gems","particle":"modelengine:custom/gems"},"elements":[{"from":[5.0,2.5,6.5],"to":[8.0,9.5,9.5],"faces":{"east":{"uv":[3.4375,5.4375,3.25,5.875],"tintindex":0,"rotation":0,"texture":"#0"},"south":{"uv":[3.1875,5.4375,3.0,5.875],"tintindex":0,"rotation":0,"texture":"#0"},"north":{"uv":[2.0,5.375,1.8125,5.8125],"tintindex":0,"rotation":0,"texture":"#0"},"west":{"uv":[2.9375,5.4375,2.75,5.875],"tintindex":0,"rotation":0,"texture":"#0"},"up":{"uv":[6.125,0.6875,6.3125,0.5],"tintindex":0,"rotation":0,"texture":"#0"},"down":{"uv":[6.125,2.6875,6.3125,2.875],"tintindex":0,"rotation":0,"texture":"#0"}}}],"display":{"gui":{"rotation":[30,225,0]}}}