{"file_name":"leg3","texture_size":[128,128],"textures":{"layer0":"manamodels/npc_enchanter"},"elements":[{"name":"leg3_0","from":[6.0586157,5.839934,5.6689997],"to":[6.075266,9.835934,10.331],"rotation":{"angle":-22.5,"axis":"z","origin":[8.223116,9.835934,9.332001]},"faces":{"east":{"uv":[7.375,2.625,6.5,3.375],"texture":"#layer0","tintindex":0},"south":{"uv":[5.25,9.375,5.25,10.125],"texture":"#layer0","tintindex":0},"north":{"uv":[5.125,9.375,5.125,10.125],"texture":"#layer0","tintindex":0},"west":{"uv":[0.875,6.5,0.0,7.25],"texture":"#layer0","tintindex":0},"up":{"uv":[6.0,10.25,6.0,9.375],"texture":"#layer0","tintindex":0},"down":{"uv":[6.125,9.375,6.125,10.25],"texture":"#layer0","tintindex":0}}},{"name":"leg3_1","from":[6.224,2.6719997,6.6679997],"to":[8.888,10.664,9.332],"rotation":{"angle":0.0,"axis":"z","origin":[8.0,8.0,8.0]},"faces":{"east":{"uv":[6.375,4.25,5.875,5.75],"texture":"#layer0","tintindex":0},"south":{"uv":[6.375,2.625,5.875,4.125],"texture":"#layer0","tintindex":0},"north":{"uv":[1.625,5.375,1.125,6.875],"texture":"#layer0","tintindex":0},"west":{"uv":[3.5,5.75,3.0,7.25],"texture":"#layer0","tintindex":0},"up":{"uv":[8.625,1.0,9.125,0.5],"texture":"#layer0","tintindex":0},"down":{"uv":[1.25,8.625,0.75,9.125],"texture":"#layer0","tintindex":0}}},{"name":"leg3_2","from":[4.8919997,4.217948,12.982118],"to":[8.888,8.213947,12.998768],"rotation":{"angle":-22.5,"axis":"x","origin":[8.888,0.22194767,5.0067677]},"faces":{"east":{"uv":[6.375,9.375,6.375,10.125],"texture":"#layer0","tintindex":0},"south":{"uv":[7.75,0.625,7.0,1.375],"texture":"#layer0","tintindex":0},"north":{"uv":[7.125,6.75,6.375,7.5],"texture":"#layer0","tintindex":0},"west":{"uv":[6.25,9.375,6.25,10.125],"texture":"#layer0","tintindex":0},"up":{"uv":[4.375,2.375,5.125,2.375],"texture":"#layer0","tintindex":0},"down":{"uv":[9.875,6.5,9.125,6.5],"texture":"#layer0","tintindex":0}}},{"name":"leg3_3","from":[5.57465,4.6699996,6.335],"to":[8.90465,6.002,9.665],"rotation":{"angle":0.0,"axis":"z","origin":[8.0,8.0,8.0]},"faces":{"east":{"uv":[9.75,2.5,9.125,2.75],"texture":"#layer0","tintindex":0},"south":{"uv":[2.875,9.125,2.25,9.375],"texture":"#layer0","tintindex":0},"north":{"uv":[9.5,9.0,8.875,9.25],"texture":"#layer0","tintindex":0},"west":{"uv":[9.75,2.125,9.125,2.375],"texture":"#layer0","tintindex":0},"up":{"uv":[1.75,8.75,2.375,8.125],"texture":"#layer0","tintindex":0},"down":{"uv":[4.75,8.125,4.125,8.75],"texture":"#layer0","tintindex":0}}},{"name":"leg3_4","from":[6.224,2.6719997,6.002],"to":[8.888,4.0039997,6.668],"rotation":{"angle":0.0,"axis":"z","origin":[8.0,8.0,8.0]},"faces":{"east":{"uv":[7.625,3.125,7.5,3.375],"texture":"#layer0","tintindex":0},"south":{"uv":[3.5,9.25,3.0,9.5],"texture":"#layer0","tintindex":0},"north":{"uv":[1.75,9.25,1.25,9.5],"texture":"#layer0","tintindex":0},"west":{"uv":[2.875,7.0,2.75,7.25],"texture":"#layer0","tintindex":0},"up":{"uv":[5.375,9.375,5.875,9.25],"texture":"#layer0","tintindex":0},"down":{"uv":[8.75,9.25,8.25,9.375],"texture":"#layer0","tintindex":0}}}],"display":{"head":{"translation":[0.0,-6.4,0.0],"rotation":[0.0,0.0,0.0],"scale":[3.8095,3.8095,3.8095]},"gui":{"translation":[0.0,0.0,0.0],"rotation":[35.0,225.0,0.0],"scale":[0.625,0.625,0.625]}}}