{"display":{"thirdperson_righthand":{"rotation":[75,45,0],"translation":[0,1.75,0],"scale":[0.375,0.375,0.375]},"thirdperson_lefthand":{"rotation":[75,45,0],"translation":[0,1.75,0],"scale":[0.375,0.375,0.375]},"firstperson_righthand":{"rotation":[0,45,0],"scale":[0.4,0.4,0.4]},"firstperson_lefthand":{"rotation":[0,225,0],"scale":[0.4,0.4,0.4]},"ground":{"translation":[0,3,0],"scale":[0.25,0.25,0.25]},"gui":{"rotation":[30,225,0],"translation":[0,1.5,0],"scale":[0.9,0.9,0.9]},"head":{"translation":[0,-31,0],"scale":[1.6,1.6,1.6]},"fixed":{"scale":[0.5,0.5,0.5]}},"texture_size":[32,32],"textures":{"3":"furniture/collectibles/trophies/quiz_trophy"},"elements":[{"from":[3.5,0,3.5],"to":[12.5,1,12.5],"rotation":{"angle":0,"axis":"y","origin":[8.5,0,5.5]},"faces":{"north":{"uv":[11,6,15.5,6.5],"texture":"#3"},"east":{"uv":[10.5,12.5,15,13],"texture":"#3"},"south":{"uv":[1,13,5.5,13.5],"texture":"#3"},"west":{"uv":[10.5,13,15,13.5],"texture":"#3"},"up":{"uv":[4.5,4.5,0,0],"texture":"#3"},"down":{"uv":[4.5,4.5,0,9],"texture":"#3"}}},{"from":[4.5,1,4.5],"to":[11.5,5,11.5],"rotation":{"angle":0,"axis":"y","origin":[8.5,0,5.5]},"faces":{"north":{"uv":[10.5,6.5,14,8.5],"texture":"#3"},"east":{"uv":[10.5,8.5,14,10.5],"texture":"#3"},"south":{"uv":[10.5,10.5,14,12.5],"texture":"#3"},"west":{"uv":[3,11,6.5,13],"texture":"#3"},"up":{"uv":[8,3.5,4.5,0],"texture":"#3"},"down":{"uv":[8,3.5,4.5,7],"texture":"#3"}}},{"from":[7.51,4.01,7.01],"to":[8.49,9.99,8.99],"rotation":{"angle":0,"axis":"y","origin":[6.5,0,7]},"faces":{"north":{"uv":[5.5,13,6,16],"texture":"#3"},"east":{"uv":[9.5,11,10.5,14],"texture":"#3"},"south":{"uv":[6,13,6.5,16],"texture":"#3"},"west":{"uv":[0,11.5,1,14.5],"texture":"#3"},"up":{"uv":[3.5,10,3,9],"texture":"#3"},"down":{"uv":[4,9,3.5,10],"texture":"#3"}}},{"from":[5.5,9,4],"to":[11.5,13,12],"rotation":{"angle":0,"axis":"y","origin":[6.5,0,7]},"faces":{"north":{"uv":[11,4,14,6],"texture":"#3"},"east":{"uv":[8,0,12,2],"texture":"#3"},"south":{"uv":[6.5,11,9.5,13],"texture":"#3"},"west":{"uv":[8,2,12,4],"texture":"#3"},"up":{"uv":[7.5,11,4.5,7],"texture":"#3"},"down":{"uv":[10.5,7,7.5,11],"texture":"#3"}}},{"from":[5.5,7,7],"to":[11.5,9,12],"rotation":{"angle":0,"axis":"y","origin":[6.5,0,7]},"faces":{"north":{"uv":[12,0,15,1],"texture":"#3"},"east":{"uv":[12,2,14.5,3],"texture":"#3"},"south":{"uv":[12,1,15,2],"texture":"#3"},"west":{"uv":[12,3,14.5,4],"texture":"#3"},"up":{"uv":[11,6.5,8,4],"texture":"#3"},"down":{"uv":[3,9,0,11.5],"texture":"#3"}}}],"gui_light":"front"}