{"display":{"thirdperson_righthand":{"rotation":[75,45,0],"translation":[0,2.5,0],"scale":[0.375,0.375,0.375]},"thirdperson_lefthand":{"rotation":[75,45,0],"translation":[0,2.5,0],"scale":[0.375,0.375,0.375]},"firstperson_righthand":{"rotation":[0,122,0],"translation":[1,3,0],"scale":[0.4,0.4,0.4]},"firstperson_lefthand":{"rotation":[0,122,0],"translation":[1,3,0],"scale":[0.4,0.4,0.4]},"ground":{"translation":[0,3,0],"scale":[0.5,0.5,0.5]},"gui":{"rotation":[20,144,0],"translation":[-1.75,0.5,0]},"head":{"translation":[0,-31,4.25],"scale":[1.6,1.6,1.6]},"fixed":{"translation":[0,2.25,-6],"scale":[2,2,2]}},"texture_size":[32,32],"textures":{"3":"furniture/collectibles/trophies/rainbow_trophy_wall"},"elements":[{"from":[2.5,2.75,9.75],"to":[13.5,13.75,9.75],"rotation":{"angle":0,"axis":"y","origin":[8.5,14,13.75]},"faces":{"north":{"uv":[8,0,13.5,5.5],"texture":"#3"},"east":{"uv":[0,0,0,5.5],"texture":"#3"},"south":{"uv":[8,5.5,13.5,11],"texture":"#3"},"west":{"uv":[0,0,0,5.5],"texture":"#3"},"up":{"uv":[5.5,0,0,0],"texture":"#3"},"down":{"uv":[5.5,0,0,0],"texture":"#3"}}},{"from":[0,2,10],"to":[16,12,12],"rotation":{"angle":0,"axis":"y","origin":[7,2,0]},"faces":{"north":{"uv":[0,0,8,5],"texture":"#3"},"east":{"uv":[8,11,9,16],"texture":"#3"},"south":{"uv":[0,5,8,10],"texture":"#3"},"west":{"uv":[9,11,10,16],"texture":"#3"},"up":{"uv":[8,11,0,10],"texture":"#3"},"down":{"uv":[8,11,0,12],"texture":"#3"}}},{"from":[5.5,0,10],"to":[10.5,2,12],"rotation":{"angle":0,"axis":"y","origin":[7.5,2,0]},"faces":{"north":{"uv":[10,11,12.5,12],"texture":"#3"},"east":{"uv":[10,12,11,13],"texture":"#3"},"south":{"uv":[0,12,2.5,13],"texture":"#3"},"west":{"uv":[11,12,12,13],"texture":"#3"},"up":{"uv":[5,13,2.5,12],"texture":"#3"},"down":{"uv":[7.5,12,5,13],"texture":"#3"}}}],"gui_light":"front"}