{"file_name":"head","texture_size":[64,64],"textures":{"0":"furniture/collectibles/trophies/totem_trophy","particle":"furniture/collectibles/trophies/totem_trophy"},"elements":[{"from":[3,0,3],"to":[13,2,13],"rotation":{"angle":0,"axis":"y","origin":[8,0,0]},"faces":{"north":{"uv":[2.5,2.5,5,3],"texture":"#0"},"east":{"uv":[2.5,2.5,5,3],"texture":"#0"},"south":{"uv":[7.5,2.5,10,3],"texture":"#0"},"west":{"uv":[2.5,2.5,5,3],"texture":"#0"},"up":{"uv":[5,2.5,2.5,0],"texture":"#0"},"down":{"uv":[7.5,0,5,2.5],"texture":"#0"}}},{"from":[5,2,5],"to":[11,3,11],"rotation":{"angle":-45,"axis":"y","origin":[8,2.5,8]},"faces":{"north":{"uv":[5.5,5.5,7,5.75],"texture":"#0"},"east":{"uv":[4,5.5,5.5,5.75],"texture":"#0"},"south":{"uv":[8.5,5.5,10,5.75],"texture":"#0"},"west":{"uv":[7,5.5,8.5,5.75],"texture":"#0"},"up":{"uv":[7,5.5,5.5,4],"texture":"#0"},"down":{"uv":[8.5,4,7,5.5],"texture":"#0"}}},{"from":[6.5,3,7],"to":[9.5,6,9],"rotation":{"angle":0,"axis":"y","origin":[6.5,2.5,8]},"faces":{"north":{"uv":[0.5,0.5,1.25,1.25],"texture":"#0"},"east":{"uv":[0,0.5,0.5,1.25],"texture":"#0"},"south":{"uv":[1.75,0.5,2.5,1.25],"texture":"#0"},"west":{"uv":[1.25,0.5,1.75,1.25],"texture":"#0"},"up":{"uv":[1.25,0.5,0.5,0],"texture":"#0"},"down":{"uv":[2,0,1.25,0.5],"texture":"#0"}}},{"from":[6,5,6.5],"to":[10,10,9.5],"rotation":{"angle":0,"axis":"y","origin":[6,2.5,8]},"faces":{"north":{"uv":[0.75,6.25,1.75,7.5],"texture":"#0"},"east":{"uv":[0,6.25,0.75,7.5],"texture":"#0"},"south":{"uv":[2.5,6.25,3.5,7.5],"texture":"#0"},"west":{"uv":[1.75,6.25,2.5,7.5],"texture":"#0"},"up":{"uv":[1.75,6.25,0.75,5.5],"texture":"#0"},"down":{"uv":[2.75,5.5,1.75,6.25],"texture":"#0"}}},{"from":[7.5,6,9.5],"to":[12.5,9,10.5],"rotation":{"angle":-22.5,"axis":"y","origin":[7.5,7.5,12.5]},"faces":{"north":{"uv":[3.75,7.25,5,8],"texture":"#0"},"east":{"uv":[3.5,7.25,3.75,8],"texture":"#0"},"south":{"uv":[5,7.25,3.75,8],"texture":"#0"},"west":{"uv":[5,7.25,5.25,8],"texture":"#0"},"up":{"uv":[5,7.25,3.75,7],"texture":"#0"},"down":{"uv":[6.25,7,5,7.25],"texture":"#0"}}},{"from":[3.5,6,9.5],"to":[8.5,9,10.5],"rotation":{"angle":22.5,"axis":"y","origin":[8.5,7.5,12.5]},"faces":{"north":{"uv":[5,7.25,3.75,8],"texture":"#0"},"east":{"uv":[5.25,7.25,5,8],"texture":"#0"},"south":{"uv":[3.75,7.25,5,8],"texture":"#0"},"west":{"uv":[3.75,7.25,3.5,8],"texture":"#0"},"up":{"uv":[3.75,7.25,5,7],"texture":"#0"},"down":{"uv":[5,7,6.25,7.25],"texture":"#0"}}},{"from":[5,9,5.5],"to":[11,14,10.5],"rotation":{"angle":0,"axis":"y","origin":[6,2.5,8]},"faces":{"north":{"uv":[1.25,4.25,2.75,5.5],"texture":"#0"},"east":{"uv":[0,4.25,1.25,5.5],"texture":"#0"},"south":{"uv":[4,4.25,5.5,5.5],"texture":"#0"},"west":{"uv":[0,4.25,1.25,5.5],"texture":"#0"},"up":{"uv":[2.75,4.25,1.25,3],"texture":"#0"},"down":{"uv":[4.25,3,2.75,4.25],"texture":"#0"}}},{"from":[7,8,4.5],"to":[9,11,5.5],"rotation":{"angle":0,"axis":"y","origin":[6,2.5,8]},"faces":{"north":{"uv":[1.25,8.125,1.75,8.875],"texture":"#0"},"east":{"uv":[0,8.125,0.25,8.875],"texture":"#0"},"south":{"uv":[4,8.125,4.5,8.875],"texture":"#0"},"west":{"uv":[2.75,8.125,3,8.875],"texture":"#0"},"up":{"uv":[1.75,8,1.25,7.75],"texture":"#0"},"down":{"uv":[3.25,7.75,2.75,8],"texture":"#0"}}},{"from":[5.5,6,5.5],"to":[10.5,8,8.5],"rotation":{"angle":-22.5,"axis":"x","origin":[8,8,5.5]},"faces":{"north":{"uv":[4.25,6.5,5.5,7],"texture":"#0"},"east":{"uv":[3.5,6.5,4.25,7],"texture":"#0"},"south":{"uv":[6.25,6.5,7.5,7],"texture":"#0"},"west":{"uv":[5.5,6.5,6.25,7],"texture":"#0"},"up":{"uv":[5.5,6.5,4.25,5.75],"texture":"#0"},"down":{"uv":[6.75,5.75,5.5,6.5],"texture":"#0"}}}],"display":{"thirdperson_righthand":{"rotation":[75,45,0],"translation":[0,2.5,2],"scale":[0.375,0.375,0.375]},"thirdperson_lefthand":{"rotation":[75,45,0],"translation":[0,2.5,2],"scale":[0.375,0.375,0.375]},"firstperson_righthand":{"rotation":[0,135,0],"translation":[1.75,2.5,0],"scale":[0.4,0.4,0.4]},"firstperson_lefthand":{"rotation":[0,135,0],"translation":[1.75,2.5,0],"scale":[0.4,0.4,0.4]},"ground":{"translation":[0,3,0],"scale":[0.5,0.5,0.5]},"gui":{"rotation":[0,180,0],"translation":[0,0.75,0],"scale":[0.925,0.925,0.925]},"head":{"translation":[0,-30.25,0],"scale":[1.6,1.6,1.6]},"fixed":{"translation":[0,1.75,-5.25],"scale":[1.6,1.6,1.6]}}}