{"credit":"Copyright ManaLabs Inc","texture_size":[128,128],"textures":{"0":"manalabs:furniture/festivals/summer23/beach_towel","particle":"manalabs:furniture/festivals/summer23/beach_towel"},"elements":[{"from":[-8,0,-16],"to":[24,1,32],"rotation":{"angle":0,"axis":"y","origin":[0,0,-4]},"faces":{"north":{"uv":[0,6.125,4,6.25],"texture":"#0","tintindex":0},"east":{"uv":[0,6,6,6.125],"texture":"#0","tintindex":0},"south":{"uv":[4,6.125,8,6.25],"texture":"#0","tintindex":0},"west":{"uv":[6,6,12,6.125],"texture":"#0","tintindex":0},"up":{"uv":[4,6,0,0],"texture":"#0","tintindex":0},"down":{"uv":[4,0,0,6],"texture":"#0","tintindex":0}}}],"display":{"thirdperson_righthand":{"rotation":[75,45,0],"translation":[0,3.5,2.75],"scale":[0.175,0.175,0.175]},"thirdperson_lefthand":{"rotation":[75,45,0],"translation":[0,3.5,2.75],"scale":[0.175,0.175,0.175]},"firstperson_righthand":{"rotation":[0,45,0],"translation":[6,1,0],"scale":[0.2,0.2,0.2]},"firstperson_lefthand":{"rotation":[0,45,0],"translation":[6,1,0],"scale":[0.2,0.2,0.2]},"ground":{"rotation":[50,0,0],"translation":[0,2,0],"scale":[0.25,0.25,0.25]},"gui":{"rotation":[30,225,0],"translation":[0,0.75,0],"scale":[0.325,0.325,0.325]},"head":{"translation":[0,-29.75,0],"scale":[1.6,1.6,1.6]},"fixed":{"rotation":[-90,0,0],"translation":[0,0,-3.5],"scale":[0.5,0.5,0.5]}},"groups":[{"name":"root","origin":[8,8,8],"color":0,"children":[0]}]}