{"credit":"Copyright ManaLabs Inc","texture_size":[64,64],"textures":{"1":"manalabs:furniture/festivals/summer23/party_speaker","particle":"manalabs:furniture/festivals/summer23/party_speaker"},"elements":[{"from":[2,1,2],"to":[14,22,13],"rotation":{"angle":0,"axis":"y","origin":[-1,0,0]},"faces":{"north":{"uv":[0,0,3,5.25],"texture":"#1"},"east":{"uv":[0,5.25,2.75,10.5],"texture":"#1"},"south":{"uv":[3,0,6,5.25],"texture":"#1"},"west":{"uv":[2.75,5.25,5.5,10.5],"texture":"#1"},"up":{"uv":[8.5,8,5.5,5.25],"texture":"#1"},"down":{"uv":[9,0,6,2.75],"texture":"#1"}}},{"from":[4,22,3],"to":[12,23,4],"rotation":{"angle":0,"axis":"y","origin":[8,22.5,3.5]},"faces":{"north":{"uv":[8.5,7.75,10.5,8],"texture":"#1"},"east":{"uv":[10,5.25,10.25,5.5],"texture":"#1"},"south":{"uv":[9,2.5,11,2.75],"texture":"#1"},"west":{"uv":[5.5,10,5.75,10.25],"texture":"#1"},"up":{"uv":[11.5,5,9.5,4.75],"texture":"#1"},"down":{"uv":[11.5,5,9.5,5.25],"texture":"#1"}}},{"from":[4,2.5,1.5],"to":[12,10.5,3.5],"rotation":{"angle":0,"axis":"y","origin":[-1,0,0]},"faces":{"north":{"uv":[6,2.75,8,4.75],"texture":"#1"},"east":{"uv":[8.5,4.75,9,6.75],"texture":"#1"},"south":{"uv":[8,2.75,10,4.75],"texture":"#1"},"west":{"uv":[9,0,9.5,2],"texture":"#1"},"up":{"uv":[8,5.25,6,4.75],"texture":"#1"},"down":{"uv":[10.5,6.75,8.5,7.25],"texture":"#1"}}},{"from":[4,12,1.5],"to":[12,20,3.5],"rotation":{"angle":0,"axis":"y","origin":[-1,0,0]},"faces":{"north":{"uv":[6,2.75,8,4.75],"texture":"#1"},"east":{"uv":[8.5,4.75,9,6.75],"texture":"#1"},"south":{"uv":[8,2.75,10,4.75],"texture":"#1"},"west":{"uv":[9,0,9.5,2],"texture":"#1"},"up":{"uv":[8,5.25,6,4.75],"texture":"#1"},"down":{"uv":[10.5,6.75,8.5,7.25],"texture":"#1"}}},{"from":[11,0,3],"to":[13,1,5],"rotation":{"angle":0,"axis":"y","origin":[-1,0,0]},"faces":{"north":{"uv":[10,0,10.5,0.25],"texture":"#1"},"east":{"uv":[10,0.25,10.5,0.5],"texture":"#1"},"south":{"uv":[10,0.5,10.5,0.75],"texture":"#1"},"west":{"uv":[10,0.75,10.5,1],"texture":"#1"},"up":{"uv":[8.5,5.25,8,4.75],"texture":"#1"},"down":{"uv":[10,5.25,9.5,5.75],"texture":"#1"}}},{"from":[3,0,3],"to":[5,1,5],"rotation":{"angle":0,"axis":"y","origin":[17,0,0]},"faces":{"north":{"uv":[10,1,10.5,1.25],"texture":"#1"},"east":{"uv":[10,1.25,10.5,1.5],"texture":"#1"},"south":{"uv":[10,1.5,10.5,1.75],"texture":"#1"},"west":{"uv":[10,1.75,10.5,2],"texture":"#1"},"up":{"uv":[10,6.25,9.5,5.75],"texture":"#1"},"down":{"uv":[10,6.25,9.5,6.75],"texture":"#1"}}},{"from":[11,0,10],"to":[13,1,12],"rotation":{"angle":0,"axis":"y","origin":[-1,0,0]},"faces":{"north":{"uv":[10,2.75,10.5,3],"texture":"#1"},"east":{"uv":[10,3,10.5,3.25],"texture":"#1"},"south":{"uv":[10,3.25,10.5,3.5],"texture":"#1"},"west":{"uv":[10,3.5,10.5,3.75],"texture":"#1"},"up":{"uv":[10,8.5,9.5,8],"texture":"#1"},"down":{"uv":[10,8.5,9.5,9],"texture":"#1"}}},{"from":[3,0,10],"to":[5,1,12],"rotation":{"angle":0,"axis":"y","origin":[17,0,0]},"faces":{"north":{"uv":[10,3.75,10.5,4],"texture":"#1"},"east":{"uv":[10,4,10.5,4.25],"texture":"#1"},"south":{"uv":[10,4.25,10.5,4.5],"texture":"#1"},"west":{"uv":[10,4.5,10.5,4.75],"texture":"#1"},"up":{"uv":[10,9.5,9.5,9],"texture":"#1"},"down":{"uv":[10,9.5,9.5,10],"texture":"#1"}}}],"display":{"thirdperson_righthand":{"rotation":[75,45,0],"translation":[0,2.5,0],"scale":[0.375,0.375,0.375]},"thirdperson_lefthand":{"rotation":[75,45,0],"translation":[0,2.5,0],"scale":[0.375,0.375,0.375]},"firstperson_righthand":{"rotation":[0,45,0],"scale":[0.4,0.4,0.4]},"firstperson_lefthand":{"rotation":[0,225,0],"scale":[0.4,0.4,0.4]},"ground":{"scale":[0.5,0.5,0.5]},"gui":{"rotation":[30,225,0],"translation":[0,-1.75,0],"scale":[0.55,0.55,0.55]},"head":{"translation":[0,-28.5,0],"scale":[1.6,1.6,1.6]},"fixed":{"translation":[0,-4,0]}},"groups":[{"name":"root","origin":[8,8,8],"color":0,"children":[0,1,2,3,4,5,6,7]}]}