{"textures":{"0":"modelengine:custom/corrupted_manawolf","particle":"modelengine:custom/corrupted_manawolf"},"elements":[{"from":[8.0,3.35211,6.72882],"to":[8.0,11.35211,11.72882],"faces":{"east":{"uv":[0.75,8.5,1.375,9.5],"tintindex":0,"rotation":0,"texture":"#0"},"west":{"uv":[8.5,5.125,9.125,6.125],"tintindex":0,"rotation":0,"texture":"#0"}},"rotation":{"origin":[7.0,5.35211,8.72882],"angle":22.5,"axis":"x"}},{"from":[6.525,3.35211,6.72882],"to":[9.475,10.35211,9.72882],"faces":{"east":{"uv":[11.0,1.0,11.375,1.875],"tintindex":0,"rotation":0,"texture":"#0"},"south":{"uv":[11.0,2.0,11.375,2.875],"tintindex":0,"rotation":0,"texture":"#0"},"north":{"uv":[0.5,11.0,0.875,11.875],"tintindex":0,"rotation":0,"texture":"#0"},"west":{"uv":[2.375,11.0,2.75,11.875],"tintindex":0,"rotation":0,"texture":"#0"},"up":{"uv":[11.5,12.625,11.125,12.25],"tintindex":0,"rotation":0,"texture":"#0"},"down":{"uv":[3.25,12.375,2.875,12.75],"tintindex":0,"rotation":0,"texture":"#0"}},"rotation":{"origin":[7.5,5.35211,8.72882],"angle":22.5,"axis":"x"}}],"display":{"gui":{"rotation":[30,225,0]}}}