{"file_name":"torso","texture_size":[64,64],"textures":{"layer0":"manamodels/berry_minion_version6"},"elements":[{"name":"torso_0","from":[6.5,5.0,6.5],"to":[9.5,11.6,9.5],"rotation":{"angle":0.0,"axis":"z","origin":[8.0,8.0,8.0]},"faces":{"east":{"uv":[6.5,2.0,7.75,4.75],"texture":"#layer0","tintindex":0},"south":{"uv":[3.0,6.5,4.25,9.25],"texture":"#layer0","tintindex":0},"north":{"uv":[1.75,6.5,3.0,9.25],"texture":"#layer0","tintindex":0},"west":{"uv":[4.25,6.5,5.5,9.25],"texture":"#layer0","tintindex":0},"up":{"uv":[6.75,8.75,5.5,7.5],"texture":"#layer0","tintindex":0},"down":{"uv":[7.75,2.0,9.0,3.25],"texture":"#layer0","tintindex":0}}},{"name":"torso_1","from":[4.1,7.7,8.006283],"to":[11.900001,15.5,8.006283],"rotation":{"angle":-45.0,"axis":"y","origin":[8.0,11.3,8.036282]},"faces":{"east":{"uv":[0.0,0.0,0.0,3.25],"texture":"#layer0","tintindex":0},"south":{"uv":[0.0,3.25,3.25,6.5],"texture":"#layer0","tintindex":0},"north":{"uv":[0.0,0.0,3.25,3.25],"texture":"#layer0","tintindex":0},"west":{"uv":[0.0,0.0,0.0,3.25],"texture":"#layer0","tintindex":0},"up":{"uv":[3.25,0.0,0.0,0.0],"texture":"#layer0","tintindex":0},"down":{"uv":[0.0,0.0,3.25,0.0],"texture":"#layer0","tintindex":0}}},{"name":"torso_2","from":[4.3999996,7.1,8.006283],"to":[12.2,14.900001,8.006283],"rotation":{"angle":45.0,"axis":"y","origin":[8.0,11.3,8.036282]},"faces":{"east":{"uv":[0.0,0.0,0.0,3.25],"texture":"#layer0","tintindex":0},"south":{"uv":[3.25,3.25,6.5,6.5],"texture":"#layer0","tintindex":0},"north":{"uv":[3.25,0.0,6.5,3.25],"texture":"#layer0","tintindex":0},"west":{"uv":[0.0,0.0,0.0,3.25],"texture":"#layer0","tintindex":0},"up":{"uv":[3.25,0.0,0.0,0.0],"texture":"#layer0","tintindex":0},"down":{"uv":[0.0,0.0,3.25,0.0],"texture":"#layer0","tintindex":0}}}],"display":{"head":{"translation":[0.0,-6.4,0.0],"rotation":[0.0,0.0,0.0],"scale":[3.8095,3.8095,3.8095]},"gui":{"translation":[0.0,0.0,0.0],"rotation":[35.0,225.0,0.0],"scale":[0.625,0.625,0.625]}}}