{"textures":{"0":"modelengine:custom/slinky_dog","particle":"modelengine:custom/slinky_dog"},"elements":[{"from":[6.0,5.0,-0.25],"to":[10.0,9.0,1.75],"faces":{"east":{"uv":[9.25,2.5,9.75,3.5],"tintindex":0,"rotation":0,"texture":"#0"},"south":{"uv":[5.0,7.0,6.0,8.0],"tintindex":0,"rotation":0,"texture":"#0"},"north":{"uv":[7.0,4.0,8.0,5.0],"tintindex":0,"rotation":0,"texture":"#0"},"west":{"uv":[5.0,9.25,5.5,10.25],"tintindex":0,"rotation":0,"texture":"#0"},"up":{"uv":[10.25,5.5,9.25,5.0],"tintindex":0,"rotation":0,"texture":"#0"},"down":{"uv":[6.75,9.25,5.75,9.75],"tintindex":0,"rotation":0,"texture":"#0"}},"rotation":{"origin":[8.0,-1.0,7.75],"angle":22.5,"axis":"x"}},{"from":[5.5,5.5,4.0],"to":[10.5,10.5,8.0],"faces":{"east":{"uv":[5.25,5.5,6.25,6.75],"tintindex":0,"rotation":0,"texture":"#0"},"south":{"uv":[2.5,5.5,3.75,6.75],"tintindex":0,"rotation":0,"texture":"#0"},"north":{"uv":[5.25,1.25,6.5,2.5],"tintindex":0,"rotation":0,"texture":"#0"},"west":{"uv":[0.0,6.5,1.0,7.75],"tintindex":0,"rotation":0,"texture":"#0"},"up":{"uv":[7.75,6.5,6.5,5.5],"tintindex":0,"rotation":0,"texture":"#0"},"down":{"uv":[8.0,1.25,6.75,2.25],"tintindex":0,"rotation":0,"texture":"#0"}}}],"display":{"gui":{"rotation":[30,225,0]}}}