{"textures":{"0":"modelengine:custom/slinky_dog","particle":"modelengine:custom/slinky_dog"},"elements":[{"from":[8.0,3.525,7.5],"to":[9.0,5.525,8.5],"faces":{"east":{"uv":[6.75,11.0,7.0,11.5],"tintindex":0,"rotation":0,"texture":"#0"},"south":{"uv":[7.25,11.0,7.5,11.5],"tintindex":0,"rotation":0,"texture":"#0"},"north":{"uv":[11.0,6.5,11.25,7.0],"tintindex":0,"rotation":0,"texture":"#0"},"west":{"uv":[11.0,9.25,11.25,9.75],"tintindex":0,"rotation":0,"texture":"#0"},"up":{"uv":[12.0,1.75,11.75,1.5],"tintindex":0,"rotation":0,"texture":"#0"},"down":{"uv":[12.0,8.75,11.75,9.0],"tintindex":0,"rotation":0,"texture":"#0"}}},{"from":[8.0,2.5,6.15],"to":[9.0,3.5,8.15],"faces":{"east":{"uv":[11.5,6.75,12.0,7.0],"tintindex":0,"rotation":0,"texture":"#0"},"south":{"uv":[10.0,12.0,10.25,12.25],"tintindex":0,"rotation":0,"texture":"#0"},"north":{"uv":[12.0,9.25,12.25,9.5],"tintindex":0,"rotation":0,"texture":"#0"},"west":{"uv":[8.75,11.5,9.25,11.75],"tintindex":0,"rotation":0,"texture":"#0"},"up":{"uv":[11.75,9.75,11.5,9.25],"tintindex":0,"rotation":0,"texture":"#0"},"down":{"uv":[9.75,11.5,9.5,12.0],"tintindex":0,"rotation":0,"texture":"#0"}},"rotation":{"origin":[8.0,3.5,8.15],"angle":22.5,"axis":"y"}},{"from":[7.5,5.025,7.0],"to":[9.5,9.025,9.0],"faces":{"east":{"uv":[2.5,8.5,3.0,9.5],"tintindex":0,"rotation":0,"texture":"#0"},"south":{"uv":[9.0,6.5,9.5,7.5],"tintindex":0,"rotation":0,"texture":"#0"},"north":{"uv":[7.0,8.25,7.5,9.25],"tintindex":0,"rotation":0,"texture":"#0"},"west":{"uv":[9.0,7.75,9.5,8.75],"tintindex":0,"rotation":0,"texture":"#0"},"up":{"uv":[10.0,4.25,9.5,3.75],"tintindex":0,"rotation":0,"texture":"#0"},"down":{"uv":[4.75,9.5,4.25,10.0],"tintindex":0,"rotation":0,"texture":"#0"}}},{"from":[8.0,2.525,5.65],"to":[9.0,3.525,8.65],"faces":{"east":{"uv":[10.75,7.25,11.5,7.5],"tintindex":0,"rotation":0,"texture":"#0"},"south":{"uv":[12.0,6.0,12.25,6.25],"tintindex":0,"rotation":0,"texture":"#0"},"north":{"uv":[6.0,12.0,6.25,12.25],"tintindex":0,"rotation":0,"texture":"#0"},"west":{"uv":[10.75,7.75,11.5,8.0],"tintindex":0,"rotation":0,"texture":"#0"},"up":{"uv":[3.75,11.5,3.5,10.75],"tintindex":0,"rotation":0,"texture":"#0"},"down":{"uv":[8.5,10.75,8.25,11.5],"tintindex":0,"rotation":0,"texture":"#0"}}},{"from":[8.0,2.5,6.15],"to":[9.0,3.5,8.15],"faces":{"east":{"uv":[11.5,5.0,12.0,5.25],"tintindex":0,"rotation":0,"texture":"#0"},"south":{"uv":[8.75,12.0,9.0,12.25],"tintindex":0,"rotation":0,"texture":"#0"},"north":{"uv":[7.5,12.0,7.75,12.25],"tintindex":0,"rotation":0,"texture":"#0"},"west":{"uv":[11.5,5.5,12.0,5.75],"tintindex":0,"rotation":0,"texture":"#0"},"up":{"uv":[5.25,12.0,5.0,11.5],"tintindex":0,"rotation":0,"texture":"#0"},"down":{"uv":[11.75,6.0,11.5,6.5],"tintindex":0,"rotation":0,"texture":"#0"}},"rotation":{"origin":[9.0,3.5,8.15],"angle":-22.5,"axis":"y"}}],"display":{"gui":{"rotation":[30,225,0]}}}