{"textures":{"0":"modelengine:custom/slinky_dog","particle":"modelengine:custom/slinky_dog"},"elements":[{"from":[7.0,8.174999,4.5],"to":[9.0,9.0,7.5],"faces":{"east":{"uv":[7.75,13.25,8.5,13.5],"tintindex":0,"rotation":0,"texture":"#0"},"south":{"uv":[9.5,0.0,10.25,0.5],"tintindex":0,"rotation":0,"texture":"#0"},"north":{"uv":[13.0,7.5,13.5,7.75],"tintindex":0,"rotation":0,"texture":"#0"},"west":{"uv":[13.25,2.75,14.0,3.0],"tintindex":0,"rotation":0,"texture":"#0"},"up":{"uv":[5.75,13.25,5.25,12.5],"tintindex":0,"rotation":0,"texture":"#0"},"down":{"uv":[6.0,13.5,5.5,14.25],"tintindex":0,"rotation":0,"texture":"#0"}},"rotation":{"origin":[7.5,10.0,9.0],"angle":-22.5,"axis":"x"}}],"display":{"gui":{"rotation":[30,225,0]}}}