{"credit":"Copyright ManaLabs Inc","texture_size":[64,64],"textures":{"0":"manalabs:crates/halloween23/freddy_fazbear_mask","particle":"manalabs:crates/halloween23/freddy_fazbear_mask"},"elements":[{"from":[3.5,8.5,3.5],"to":[12.5,17.5,12.5],"rotation":{"angle":0,"axis":"y","origin":[3.5,0,7.5]},"faces":{"north":{"uv":[2.75,0,5,2.25],"texture":"#0"},"east":{"uv":[2.75,2.25,5,4.5],"texture":"#0"},"south":{"uv":[0,4.5,2.25,6.75],"texture":"#0"},"west":{"uv":[2.25,4.5,4.5,6.75],"texture":"#0"},"up":{"uv":[6.75,6.75,4.5,4.5],"texture":"#0"},"down":{"uv":[7.25,0,5,2.25],"texture":"#0"}}},{"from":[3.51,8.51,3.76],"to":[12.49,17.49,11.74],"rotation":{"angle":0,"axis":"y","origin":[3.5,0,7.5]},"faces":{"north":{"uv":[4.125,13.75,6.375,16],"texture":"#0"},"east":{"uv":[11.5,11.5,13.75,13.75],"texture":"#0"},"south":{"uv":[8.75,13.75,11,16],"texture":"#0"},"west":{"uv":[11,13.75,13.25,16],"texture":"#0"},"up":{"uv":[15.5,16,13.25,13.75],"texture":"#0"},"down":{"uv":[2.875,13.75,0.625,16],"texture":"#0"}}},{"from":[5.5,17.5,5.5],"to":[10.5,19.5,10.5],"rotation":{"angle":0,"axis":"y","origin":[3.5,0,6.5]},"faces":{"north":{"uv":[6.75,6.25,8,6.75],"texture":"#0"},"east":{"uv":[6.75,6.25,8,6.75],"texture":"#0"},"south":{"uv":[6.75,6.25,8,6.75],"texture":"#0"},"west":{"uv":[6.75,6.25,8,6.75],"texture":"#0"},"up":{"uv":[7.25,10,6,8.75],"texture":"#0"},"down":{"uv":[10.25,1.75,9,3],"texture":"#0"}}},{"from":[6,18.5,6],"to":[10,22.5,10],"rotation":{"angle":0,"axis":"y","origin":[4,0,6]},"faces":{"north":{"uv":[1.75,9.75,2.75,10.75],"texture":"#0"},"east":{"uv":[1.75,9.75,2.75,10.75],"texture":"#0"},"south":{"uv":[1.75,9.75,2.75,10.75],"texture":"#0"},"west":{"uv":[1.75,9.75,2.75,10.75],"texture":"#0"},"up":{"uv":[6.75,11,5.75,10],"texture":"#0"},"down":{"uv":[7.75,10,6.75,11],"texture":"#0"}}},{"from":[11.92893,15.82843,7.5],"to":[15.92893,19.82843,9.5],"rotation":{"angle":22.5,"axis":"z","origin":[13.42893,18.32843,8.5]},"faces":{"north":{"uv":[7.75,10,8.75,11],"texture":"#0"},"east":{"uv":[5.25,10.75,5.75,11.75],"texture":"#0"},"south":{"uv":[8.75,10,9.75,11],"texture":"#0"},"west":{"uv":[10.75,9.75,11.25,10.75],"texture":"#0"},"up":{"uv":[11.75,11.25,10.75,10.75],"texture":"#0"},"down":{"uv":[1,11,0,11.5],"texture":"#0"}}},{"from":[10.42893,16.82843,8],"to":[15.42893,18.82843,9],"rotation":{"angle":22.5,"axis":"z","origin":[13.42893,18.32843,8.5]},"faces":{"north":{"uv":[10.75,6.5,12,7],"texture":"#0"},"east":{"uv":[1.5,11,1.75,11.5],"texture":"#0"},"south":{"uv":[10.75,7,12,7.5],"texture":"#0"},"west":{"uv":[10,11,10.25,11.5],"texture":"#0"},"up":{"uv":[6.25,4.5,5,4.25],"texture":"#0"},"down":{"uv":[8.25,4,7,4.25],"texture":"#0"}}},{"from":[0.07107,15.82843,7.5],"to":[4.07107,19.82843,9.5],"rotation":{"angle":-22.5,"axis":"z","origin":[2.57107,18.32843,8.5]},"faces":{"north":{"uv":[9.75,10,10.75,11],"texture":"#0"},"east":{"uv":[1,11,1.5,12],"texture":"#0"},"south":{"uv":[10.25,1.5,11.25,2.5],"texture":"#0"},"west":{"uv":[5.75,11,6.25,12],"texture":"#0"},"up":{"uv":[12,1.25,11,0.75],"texture":"#0"},"down":{"uv":[12,3,11,3.5],"texture":"#0"}}},{"from":[0.57107,16.82843,8],"to":[5.57107,18.82843,9],"rotation":{"angle":-22.5,"axis":"z","origin":[2.57107,18.32843,8.5]},"faces":{"north":{"uv":[10.75,7.5,12,8],"texture":"#0"},"east":{"uv":[10.25,11,10.5,11.5],"texture":"#0"},"south":{"uv":[10.75,9.25,12,9.75],"texture":"#0"},"west":{"uv":[10.5,11,10.75,11.5],"texture":"#0"},"up":{"uv":[10,6.25,8.75,6],"texture":"#0"},"down":{"uv":[10.25,3.75,9,4],"texture":"#0"}}},{"from":[2.51,8.51,3.51],"to":[13.49,12.49,12.49],"rotation":{"angle":0,"axis":"y","origin":[3.5,0,7.5]},"faces":{"north":{"uv":[8,6.25,10.75,7.25],"texture":"#0"},"east":{"uv":[8,8.25,10.25,9.25],"texture":"#0"},"south":{"uv":[8,7.25,10.75,8.25],"texture":"#0"},"west":{"uv":[0,8.75,2.25,9.75],"texture":"#0"},"up":{"uv":[2.75,2.25,0,0],"texture":"#0"},"down":{"uv":[2.75,2.25,0,4.5],"texture":"#0"}}},{"from":[4,9.5,0.5],"to":[12,13.5,3.5],"rotation":{"angle":0,"axis":"y","origin":[4,0,7.5]},"faces":{"north":{"uv":[2.25,8.75,4.25,9.75],"texture":"#0"},"east":{"uv":[1.75,10.75,2.5,11.75],"texture":"#0"},"south":{"uv":[8.75,4,10.75,5],"texture":"#0"},"west":{"uv":[2.5,10.75,3.25,11.75],"texture":"#0"},"up":{"uv":[11,3.75,9,3],"texture":"#0"},"down":{"uv":[11.25,0,9.25,0.75],"texture":"#0"}}},{"from":[4.5,8.5,1],"to":[11.5,12.5,4],"rotation":{"angle":0,"axis":"y","origin":[3.5,0,7.5]},"faces":{"north":{"uv":[4.25,8.75,6,9.75],"texture":"#0"},"east":{"uv":[3.25,10.75,4,11.75],"texture":"#0"},"south":{"uv":[8.75,5,10.5,6],"texture":"#0"},"west":{"uv":[10.75,3.75,11.5,4.75],"texture":"#0"},"up":{"uv":[11,1.5,9.25,0.75],"texture":"#0"},"down":{"uv":[9,9.25,7.25,10],"texture":"#0"}}},{"from":[7,12,0],"to":[9,14,2],"rotation":{"angle":0,"axis":"y","origin":[5,0,7.5]},"faces":{"north":{"uv":[7,11,7.5,11.5],"texture":"#0"},"east":{"uv":[7.5,11,8,11.5],"texture":"#0"},"south":{"uv":[8,11,8.5,11.5],"texture":"#0"},"west":{"uv":[8.5,11,9,11.5],"texture":"#0"},"up":{"uv":[9.5,11.5,9,11],"texture":"#0"},"down":{"uv":[10,11,9.5,11.5],"texture":"#0"}}},{"from":[4,7,1.5],"to":[12,9,8.5],"rotation":{"angle":-22.5,"axis":"x","origin":[8,8.5,4.5]},"faces":{"north":{"uv":[10.25,2.5,12.25,3],"texture":"#0"},"east":{"uv":[7.25,1.75,9,2.25],"texture":"#0"},"south":{"uv":[10.25,8.25,12.25,8.75],"texture":"#0"},"west":{"uv":[10.25,8.75,12,9.25],"texture":"#0"},"up":{"uv":[9,4,7,2.25],"texture":"#0"},"down":{"uv":[9.25,0,7.25,1.75],"texture":"#0"}}},{"from":[4.5,8,1.75],"to":[11.5,10,4.75],"rotation":{"angle":-22.5,"axis":"x","origin":[7.5,8.5,4.5]},"faces":{"north":{"uv":[0,10.5,1.75,11],"texture":"#0"},"east":{"uv":[7.25,8.75,8,9.25],"texture":"#0"},"south":{"uv":[10.5,5,12.25,5.5],"texture":"#0"},"west":{"uv":[6.25,11,7,11.5],"texture":"#0"},"up":{"uv":[10.75,10,9,9.25],"texture":"#0"},"down":{"uv":[1.75,9.75,0,10.5],"texture":"#0"}}},{"name":"cube inverted","from":[11.5,12.5,4],"to":[4.5,8.5,1],"rotation":{"angle":0,"axis":"y","origin":[3.5,0,7.5]},"faces":{"north":{"uv":[8.75,6,10.5,5],"texture":"#0"},"east":{"uv":[10.75,4.75,11.5,3.75],"texture":"#0"},"south":{"uv":[4.25,9.75,6,8.75],"texture":"#0"},"west":{"uv":[3.25,11.75,4,10.75],"texture":"#0"},"up":{"uv":[7.25,9.25,9,10],"texture":"#0"},"down":{"uv":[9.25,1.5,11,0.75],"texture":"#0"}}},{"name":"cube inverted","from":[11.5,10,4.75],"to":[4.5,8,1.75],"rotation":{"angle":-22.5,"axis":"x","origin":[7.5,8.5,4.5]},"faces":{"north":{"uv":[10.5,5.5,12.25,5],"texture":"#0"},"east":{"uv":[6.25,11.5,7,11],"texture":"#0"},"south":{"uv":[0,11,1.75,10.5],"texture":"#0"},"west":{"uv":[7.25,9.25,8,8.75],"texture":"#0"},"up":{"uv":[0,9.75,1.75,10.5],"texture":"#0"},"down":{"uv":[9,10,10.75,9.25],"texture":"#0"}}}],"display":{"thirdperson_righthand":{"rotation":[75,23,0],"translation":[0,1,-2.25],"scale":[0.375,0.375,0.375]},"thirdperson_lefthand":{"rotation":[75,23,0],"translation":[0,1,-2.25],"scale":[0.375,0.375,0.375]},"firstperson_righthand":{"rotation":[0,116,0],"translation":[2.25,1.25,0],"scale":[0.4,0.4,0.4]},"firstperson_lefthand":{"rotation":[0,116,0],"translation":[2.25,1.25,0],"scale":[0.4,0.4,0.4]},"ground":{"translation":[0,-1,0],"scale":[0.6,0.6,0.6]},"gui":{"rotation":[14,-164,-1],"translation":[0,-4.5,0],"scale":[0.825,0.825,0.825]},"head":{"translation":[0,-8.25,-0.25],"scale":[1.66,1.66,1.66]},"fixed":{"translation":[0,-6.25,0]}},"groups":[{"name":"root","origin":[8,8,8],"color":0,"children":[0,1,2,3,4,5,6,7,8,9,10,11,12,13,14,15]}]}