{"file_name":"bone","texture_size":[64,64],"textures":{"layer0":"manamodels/killer_bunny"},"elements":[{"name":"bone_0","from":[6.44,6.854204,4.43183],"to":[9.56,9.374205,7.55183],"rotation":{"angle":0.0,"axis":"x","origin":[8.0,8.414204,6.29183]},"faces":{"east":{"uv":[3.5,5.0,4.75,6.0],"texture":"#layer0","tintindex":0},"south":{"uv":[7.25,5.0,8.5,6.0],"texture":"#layer0","tintindex":0},"north":{"uv":[4.75,5.0,6.0,6.0],"texture":"#layer0","tintindex":0},"west":{"uv":[6.0,5.0,7.25,6.0],"texture":"#layer0","tintindex":0},"up":{"uv":[6.0,5.0,4.75,3.75],"texture":"#layer0","tintindex":0},"down":{"uv":[6.0,3.75,7.25,5.0],"texture":"#layer0","tintindex":0}}}],"display":{"head":{"translation":[0.0,-6.4,0.0],"rotation":[0.0,0.0,0.0],"scale":[3.8095,3.8095,3.8095]},"gui":{"translation":[0.0,0.0,0.0],"rotation":[35.0,225.0,0.0],"scale":[0.625,0.625,0.625]}}}