{"file_name":"earleft","texture_size":[64,64],"textures":{"layer0":"manamodels/killer_bunny"},"elements":[{"name":"earleft_0","from":[7.4,7.7,7.7],"to":[8.6,10.700001,8.3],"rotation":{"angle":0.0,"axis":"z","origin":[8.0,8.0,8.0]},"faces":{"east":{"uv":[9.0,6.25,8.75,7.5],"texture":"#layer0","tintindex":0},"south":{"uv":[9.5,6.25,9.0,7.5],"texture":"#layer0","tintindex":0},"north":{"uv":[8.75,6.25,8.25,7.5],"texture":"#layer0","tintindex":0},"west":{"uv":[8.25,6.25,8.0,7.5],"texture":"#layer0","tintindex":0},"up":{"uv":[8.25,6.25,8.75,6.0],"texture":"#layer0","tintindex":0},"down":{"uv":[9.25,6.0,8.75,6.25],"texture":"#layer0","tintindex":0}}}],"display":{"head":{"translation":[0.0,-6.4,0.0],"rotation":[0.0,0.0,0.0],"scale":[3.8095,3.8095,3.8095]},"gui":{"translation":[0.0,0.0,0.0],"rotation":[35.0,225.0,0.0],"scale":[0.625,0.625,0.625]}}}