{"file_name":"rearfootright","texture_size":[64,64],"textures":{"layer0":"manamodels/killer_bunny"},"elements":[{"name":"rearfootright_0","from":[7.4,4.1,6.98],"to":[8.6,4.7,9.98],"rotation":{"angle":0.0,"axis":"z","origin":[8.0,8.0,8.0]},"faces":{"east":{"uv":[5.75,8.25,7.0,8.5],"texture":"#layer0","tintindex":0},"south":{"uv":[8.75,8.25,9.25,8.5],"texture":"#layer0","tintindex":0},"north":{"uv":[7.0,8.25,7.5,8.5],"texture":"#layer0","tintindex":0},"west":{"uv":[7.5,8.25,8.75,8.5],"texture":"#layer0","tintindex":0},"up":{"uv":[7.5,8.25,7.0,7.0],"texture":"#layer0","tintindex":0},"down":{"uv":[7.5,7.0,8.0,8.25],"texture":"#layer0","tintindex":0}}}],"display":{"head":{"translation":[0.0,-6.4,0.0],"rotation":[0.0,0.0,0.0],"scale":[3.8095,3.8095,3.8095]},"gui":{"translation":[0.0,0.0,0.0],"rotation":[35.0,225.0,0.0],"scale":[0.625,0.625,0.625]}}}