{"file_name":"rearfootleft","texture_size":[64,64],"textures":{"layer0":"manamodels/killer_bunny"},"elements":[{"name":"rearfootleft_0","from":[7.4,4.1,6.98],"to":[8.6,4.7,9.98],"rotation":{"angle":0.0,"axis":"z","origin":[8.0,8.0,8.0]},"faces":{"east":{"uv":[0.0,5.0,1.25,5.25],"texture":"#layer0","tintindex":0},"south":{"uv":[3.0,5.0,3.5,5.25],"texture":"#layer0","tintindex":0},"north":{"uv":[1.25,5.0,1.75,5.25],"texture":"#layer0","tintindex":0},"west":{"uv":[1.75,5.0,3.0,5.25],"texture":"#layer0","tintindex":0},"up":{"uv":[1.75,5.0,1.25,3.75],"texture":"#layer0","tintindex":0},"down":{"uv":[1.75,3.75,2.25,5.0],"texture":"#layer0","tintindex":0}}}],"display":{"head":{"translation":[0.0,-6.4,0.0],"rotation":[0.0,0.0,0.0],"scale":[3.8095,3.8095,3.8095]},"gui":{"translation":[0.0,0.0,0.0],"rotation":[35.0,225.0,0.0],"scale":[0.625,0.625,0.625]}}}