{"credit":"Copyright ManaLabs Inc","textures":{"0":"manalabs:emoji/32s","particle":"manalabs:emoji/32s"},"elements":[{"from":[0,0,0],"to":[16,16,0],"faces":{"north":{"uv":[5,4,6,5],"texture":"#0","tintindex":0},"east":{"uv":[0,2,1,3],"texture":"#0","tintindex":0},"south":{"uv":[5,4,6,5],"texture":"#0","tintindex":0},"west":{"uv":[0,2,1,3],"texture":"#0","tintindex":0},"up":{"uv":[0,2,1,3],"texture":"#0","tintindex":0},"down":{"uv":[0,2,1,3],"texture":"#0","tintindex":0}}}],"gui_light":"front","display":{"gui":{"translation":[4.5,0.5,0],"scale":[1.3,1.3,1.3]}}}