{"credit":"Copyright ManaLabs Inc","textures":{"0":"manalabs:emoji/32s","particle":"manalabs:emoji/32s"},"elements":[{"from":[0,0,0],"to":[16,16,0],"faces":{"north":{"uv":[10,3,11,4],"texture":"#0","tintindex":0},"east":{"uv":[10,3,11,4],"texture":"#0","tintindex":0},"south":{"uv":[10,3,11,4],"texture":"#0","tintindex":0},"west":{"uv":[10,3,11,4],"texture":"#0","tintindex":0},"up":{"uv":[10,3,11,4],"texture":"#0","tintindex":0},"down":{"uv":[10,3,11,4],"texture":"#0","tintindex":0}}}],"gui_light":"front","display":{"gui":{"translation":[4.5,-1,0],"scale":[1.4,1.4,1.2]}}}