{"file_name":"head","texture_size":[128,128],"textures":{"layer0":"manamodels/horton_mount"},"elements":[{"name":"head_0","from":[4.3999996,1.9803262,0.8060651],"to":[11.6,9.180326,8.006065],"rotation":{"angle":0.0,"axis":"z","origin":[8.0,8.0,8.0]},"faces":{"east":{"uv":[7.125,7.125,8.625,8.625],"texture":"#layer0","tintindex":0},"south":{"uv":[7.125,5.25,8.625,6.75],"texture":"#layer0","tintindex":0},"north":{"uv":[4.75,7.25,6.25,8.75],"texture":"#layer0","tintindex":0},"west":{"uv":[3.25,7.25,4.75,8.75],"texture":"#layer0","tintindex":0},"up":{"uv":[8.75,4.875,7.25,3.375],"texture":"#layer0","tintindex":0},"down":{"uv":[0.0,7.375,1.5,8.875],"texture":"#layer0","tintindex":0}}},{"name":"head_1","from":[8.0,9.180326,1.4060651],"to":[8.0,13.380326,8.006065],"rotation":{"angle":0.0,"axis":"z","origin":[8.0,8.0,8.0]},"faces":{"east":{"uv":[8.625,7.625,10.0,8.5],"texture":"#layer0","tintindex":0},"south":{"uv":[0.0,0.0,0.0,0.875],"texture":"#layer0","tintindex":0},"north":{"uv":[0.0,0.0,0.0,0.875],"texture":"#layer0","tintindex":0},"west":{"uv":[9.25,9.25,10.625,10.125],"texture":"#layer0","tintindex":0},"up":{"uv":[1.375,0.0,0.0,0.0],"texture":"#layer0","tintindex":0},"down":{"uv":[0.0,0.0,1.375,0.0],"texture":"#layer0","tintindex":0}}}],"display":{"head":{"translation":[0.0,-6.4,0.0],"rotation":[0.0,0.0,0.0],"scale":[3.8095,3.8095,3.8095]},"gui":{"translation":[0.0,0.0,0.0],"rotation":[35.0,225.0,0.0],"scale":[0.625,0.625,0.625]}}}