{"file_name":"bone6","texture_size":[256,256],"textures":{"layer0":"manamodels/mechadinopet"},"elements":[{"name":"bone6_0","from":[8.207361,5.593022,5.645732],"to":[9.17504,8.247231,7.074212],"rotation":{"angle":0.0,"axis":"z","origin":[8.0,8.0,8.0]},"faces":{"east":{"uv":[7.625,8.625,7.8125,9.0],"texture":"#layer0","tintindex":0},"south":{"uv":[4.9375,9.0625,5.0625,9.4375],"texture":"#layer0","tintindex":0},"north":{"uv":[6.0,8.5625,6.125,8.9375],"texture":"#layer0","tintindex":0},"west":{"uv":[8.3125,8.625,8.5,9.0],"texture":"#layer0","tintindex":0},"up":{"uv":[2.375,9.8125,2.25,9.625],"texture":"#layer0","tintindex":0},"down":{"uv":[9.625,2.25,9.75,2.4375],"texture":"#layer0","tintindex":0}}}],"display":{"head":{"translation":[0.0,-6.4,0.0],"rotation":[0.0,0.0,0.0],"scale":[3.8095,3.8095,3.8095]},"gui":{"translation":[0.0,0.0,0.0],"rotation":[35.0,225.0,0.0],"scale":[0.625,0.625,0.625]}}}