{"file_name":"guns","texture_size":[256,256],"textures":{"layer0":"manamodels/mechadinopet"},"elements":[{"name":"guns_0","from":[3.8528,11.21231,3.176924],"to":[12.147201,13.51631,5.4809237],"rotation":{"angle":0.0,"axis":"z","origin":[8.0,8.0,8.0]},"faces":{"east":{"uv":[1.4375,8.25,1.75,8.5625],"texture":"#layer0","tintindex":0},"south":{"uv":[4.75,0.5,5.875,0.8125],"texture":"#layer0","tintindex":0},"north":{"uv":[4.625,2.3125,5.75,2.625],"texture":"#layer0","tintindex":0},"west":{"uv":[2.25,8.25,2.5625,8.5625],"texture":"#layer0","tintindex":0},"up":{"uv":[5.875,1.125,4.75,0.8125],"texture":"#layer0","tintindex":0},"down":{"uv":[4.8125,4.5625,5.9375,4.875],"texture":"#layer0","tintindex":0}}},{"name":"guns_1","from":[4.7743998,13.51631,3.8681235],"to":[5.696,13.97711,4.789724],"rotation":{"angle":0.0,"axis":"z","origin":[8.0,8.0,8.0]},"faces":{"east":{"uv":[9.375,0.1875,9.5,0.25],"texture":"#layer0","tintindex":0},"south":{"uv":[9.375,3.5625,9.5,3.625],"texture":"#layer0","tintindex":0},"north":{"uv":[8.9375,7.0625,9.0625,7.125],"texture":"#layer0","tintindex":0},"west":{"uv":[9.5,0.3125,9.625,0.375],"texture":"#layer0","tintindex":0},"up":{"uv":[10.0,9.1875,9.875,9.0625],"texture":"#layer0","tintindex":0},"down":{"uv":[9.875,9.1875,10.0,9.3125],"texture":"#layer0","tintindex":0}}},{"name":"guns_2","from":[6.1567993,13.51631,3.8681235],"to":[7.0783997,13.97711,4.789724],"rotation":{"angle":0.0,"axis":"z","origin":[8.0,8.0,8.0]},"faces":{"east":{"uv":[9.5,7.5,9.625,7.5625],"texture":"#layer0","tintindex":0},"south":{"uv":[9.5625,2.8125,9.6875,2.875],"texture":"#layer0","tintindex":0},"north":{"uv":[9.5,5.1875,9.625,5.25],"texture":"#layer0","tintindex":0},"west":{"uv":[9.5625,5.625,9.6875,5.6875],"texture":"#layer0","tintindex":0},"up":{"uv":[10.0,9.4375,9.875,9.3125],"texture":"#layer0","tintindex":0},"down":{"uv":[9.875,9.4375,10.0,9.5625],"texture":"#layer0","tintindex":0}}},{"name":"guns_3","from":[7.5392,13.51631,3.8681235],"to":[8.4608,13.97711,4.789724],"rotation":{"angle":0.0,"axis":"z","origin":[8.0,8.0,8.0]},"faces":{"east":{"uv":[9.5625,8.3125,9.6875,8.375],"texture":"#layer0","tintindex":0},"south":{"uv":[10.0,0.25,10.125,0.3125],"texture":"#layer0","tintindex":0},"north":{"uv":[9.5625,6.0,9.6875,6.0625],"texture":"#layer0","tintindex":0},"west":{"uv":[10.0,0.625,10.125,0.6875],"texture":"#layer0","tintindex":0},"up":{"uv":[10.0,9.6875,9.875,9.5625],"texture":"#layer0","tintindex":0},"down":{"uv":[9.875,9.6875,10.0,9.8125],"texture":"#layer0","tintindex":0}}},{"name":"guns_4","from":[8.9216,13.51631,3.8681235],"to":[9.843201,13.97711,4.789724],"rotation":{"angle":0.0,"axis":"z","origin":[8.0,8.0,8.0]},"faces":{"east":{"uv":[3.5,10.0,3.625,10.0625],"texture":"#layer0","tintindex":0},"south":{"uv":[10.0,3.5,10.125,3.5625],"texture":"#layer0","tintindex":0},"north":{"uv":[10.0,2.9375,10.125,3.0],"texture":"#layer0","tintindex":0},"west":{"uv":[10.0,3.5625,10.125,3.625],"texture":"#layer0","tintindex":0},"up":{"uv":[9.875,10.0,9.75,9.875],"texture":"#layer0","tintindex":0},"down":{"uv":[9.875,9.8125,10.0,9.9375],"texture":"#layer0","tintindex":0}}},{"name":"guns_5","from":[10.303999,13.51631,3.8681235],"to":[11.2256,13.97711,4.789724],"rotation":{"angle":0.0,"axis":"z","origin":[8.0,8.0,8.0]},"faces":{"east":{"uv":[10.0,3.6875,10.125,3.75],"texture":"#layer0","tintindex":0},"south":{"uv":[3.75,10.0,3.875,10.0625],"texture":"#layer0","tintindex":0},"north":{"uv":[10.0,3.625,10.125,3.6875],"texture":"#layer0","tintindex":0},"west":{"uv":[10.0,3.75,10.125,3.8125],"texture":"#layer0","tintindex":0},"up":{"uv":[10.0625,0.125,9.9375,0.0],"texture":"#layer0","tintindex":0},"down":{"uv":[0.3125,9.9375,0.4375,10.0625],"texture":"#layer0","tintindex":0}}},{"name":"guns_6","from":[4.3136005,8.44751,4.0985236],"to":[11.6864,12.13391,9.167324],"rotation":{"angle":0.0,"axis":"z","origin":[8.0,8.0,8.0]},"faces":{"east":{"uv":[0.0,4.8125,0.6875,5.3125],"texture":"#layer0","tintindex":0},"south":{"uv":[0.0,3.375,1.0,3.875],"texture":"#layer0","tintindex":0},"north":{"uv":[3.125,0.8125,4.125,1.3125],"texture":"#layer0","tintindex":0},"west":{"uv":[4.8125,4.875,5.5,5.375],"texture":"#layer0","tintindex":0},"up":{"uv":[3.125,0.6875,2.125,0.0],"texture":"#layer0","tintindex":0},"down":{"uv":[2.125,0.6875,3.125,1.375],"texture":"#layer0","tintindex":0}}},{"name":"guns_7","from":[11.6864,8.90831,4.559324],"to":[12.147201,9.82991,5.4809237],"rotation":{"angle":0.0,"axis":"z","origin":[8.0,8.0,8.0]},"faces":{"east":{"uv":[8.5,9.875,8.625,10.0],"texture":"#layer0","tintindex":0},"south":{"uv":[1.5625,10.0,1.625,10.125],"texture":"#layer0","tintindex":0},"north":{"uv":[10.0,1.3125,10.0625,1.4375],"texture":"#layer0","tintindex":0},"west":{"uv":[9.875,8.5625,10.0,8.6875],"texture":"#layer0","tintindex":0},"up":{"uv":[1.6875,10.125,1.625,10.0],"texture":"#layer0","tintindex":0},"down":{"uv":[1.875,10.0,1.9375,10.125],"texture":"#layer0","tintindex":0}}},{"name":"guns_8","from":[3.8528,8.90831,4.559324],"to":[4.3135996,9.82991,5.4809237],"rotation":{"angle":0.0,"axis":"z","origin":[8.0,8.0,8.0]},"faces":{"east":{"uv":[9.875,8.6875,10.0,8.8125],"texture":"#layer0","tintindex":0},"south":{"uv":[10.0,2.8125,10.0625,2.9375],"texture":"#layer0","tintindex":0},"north":{"uv":[10.0,2.3125,10.0625,2.4375],"texture":"#layer0","tintindex":0},"west":{"uv":[9.875,8.9375,10.0,9.0625],"texture":"#layer0","tintindex":0},"up":{"uv":[3.0,10.125,2.9375,10.0],"texture":"#layer0","tintindex":0},"down":{"uv":[10.0,3.375,10.0625,3.5],"texture":"#layer0","tintindex":0}}},{"name":"guns_9","from":[4.6592007,7.0651093,5.941724],"to":[11.3408,8.44751,8.245724],"rotation":{"angle":0.0,"axis":"z","origin":[8.0,8.0,8.0]},"faces":{"east":{"uv":[8.9375,6.875,9.25,7.0625],"texture":"#layer0","tintindex":0},"south":{"uv":[7.3125,2.8125,8.25,3.0],"texture":"#layer0","tintindex":0},"north":{"uv":[7.3125,1.75,8.25,1.9375],"texture":"#layer0","tintindex":0},"west":{"uv":[9.0,1.125,9.3125,1.3125],"texture":"#layer0","tintindex":0},"up":{"uv":[6.4375,5.1875,5.5,4.875],"texture":"#layer0","tintindex":0},"down":{"uv":[5.875,0.6875,6.8125,1.0],"texture":"#layer0","tintindex":0}}},{"name":"guns_10","from":[3.8528,7.5259104,6.6329236],"to":[12.147201,10.751511,7.554524],"rotation":{"angle":0.0,"axis":"z","origin":[8.0,8.0,8.0]},"faces":{"east":{"uv":[0.4375,9.0625,0.5625,9.5],"texture":"#layer0","tintindex":0},"south":{"uv":[3.5,2.25,4.625,2.6875],"texture":"#layer0","tintindex":0},"north":{"uv":[3.5,1.8125,4.625,2.25],"texture":"#layer0","tintindex":0},"west":{"uv":[0.5625,9.0625,0.6875,9.5],"texture":"#layer0","tintindex":0},"up":{"uv":[8.8125,3.3125,7.6875,3.1875],"texture":"#layer0","tintindex":0},"down":{"uv":[7.6875,3.3125,8.8125,3.4375],"texture":"#layer0","tintindex":0}}},{"name":"guns_11","from":[2.4703999,7.871509,6.6329236],"to":[3.1615996,10.636309,7.554524],"rotation":{"angle":0.0,"axis":"z","origin":[8.0,8.0,8.0]},"faces":{"east":{"uv":[4.125,9.1875,4.25,9.5625],"texture":"#layer0","tintindex":0},"south":{"uv":[4.25,9.1875,4.375,9.5625],"texture":"#layer0","tintindex":0},"north":{"uv":[3.75,9.1875,3.875,9.5625],"texture":"#layer0","tintindex":0},"west":{"uv":[9.1875,6.1875,9.3125,6.5625],"texture":"#layer0","tintindex":0},"up":{"uv":[10.0,2.4375,9.875,2.3125],"texture":"#layer0","tintindex":0},"down":{"uv":[9.875,2.8125,10.0,2.9375],"texture":"#layer0","tintindex":0}}},{"name":"guns_12","from":[12.8384,7.871509,6.6329236],"to":[13.5296,10.636309,7.554524],"rotation":{"angle":0.0,"axis":"z","origin":[8.0,8.0,8.0]},"faces":{"east":{"uv":[8.75,9.1875,8.875,9.5625],"texture":"#layer0","tintindex":0},"south":{"uv":[8.875,9.1875,9.0,9.5625],"texture":"#layer0","tintindex":0},"north":{"uv":[8.625,9.1875,8.75,9.5625],"texture":"#layer0","tintindex":0},"west":{"uv":[9.0,9.1875,9.125,9.5625],"texture":"#layer0","tintindex":0},"up":{"uv":[10.0,5.8125,9.875,5.6875],"texture":"#layer0","tintindex":0},"down":{"uv":[9.875,5.8125,10.0,5.9375],"texture":"#layer0","tintindex":0}}},{"name":"guns_13","from":[3.1615994,7.871509,6.6329236],"to":[3.8527994,8.79311,7.554524],"rotation":{"angle":0.0,"axis":"z","origin":[8.0,8.0,8.0]},"faces":{"east":{"uv":[4.9375,9.875,5.0625,10.0],"texture":"#layer0","tintindex":0},"south":{"uv":[9.875,4.9375,10.0,5.0625],"texture":"#layer0","tintindex":0},"north":{"uv":[9.875,4.0625,10.0,4.1875],"texture":"#layer0","tintindex":0},"west":{"uv":[9.875,5.1875,10.0,5.3125],"texture":"#layer0","tintindex":0},"up":{"uv":[10.0,5.5625,9.875,5.4375],"texture":"#layer0","tintindex":0},"down":{"uv":[9.875,5.5625,10.0,5.6875],"texture":"#layer0","tintindex":0}}},{"name":"guns_14","from":[12.1472,7.871509,6.6329236],"to":[12.8384,8.79311,7.554524],"rotation":{"angle":0.0,"axis":"z","origin":[8.0,8.0,8.0]},"faces":{"east":{"uv":[9.875,5.9375,10.0,6.0625],"texture":"#layer0","tintindex":0},"south":{"uv":[9.875,6.0625,10.0,6.1875],"texture":"#layer0","tintindex":0},"north":{"uv":[5.9375,9.875,6.0625,10.0],"texture":"#layer0","tintindex":0},"west":{"uv":[6.9375,9.875,7.0625,10.0],"texture":"#layer0","tintindex":0},"up":{"uv":[10.0,7.625,9.875,7.5],"texture":"#layer0","tintindex":0},"down":{"uv":[9.875,7.625,10.0,7.75],"texture":"#layer0","tintindex":0}}},{"name":"guns_15","from":[3.1615994,9.71471,6.6329236],"to":[3.8527994,10.63631,7.554524],"rotation":{"angle":0.0,"axis":"z","origin":[8.0,8.0,8.0]},"faces":{"east":{"uv":[9.875,3.5,10.0,3.625],"texture":"#layer0","tintindex":0},"south":{"uv":[9.875,3.6875,10.0,3.8125],"texture":"#layer0","tintindex":0},"north":{"uv":[9.875,3.375,10.0,3.5],"texture":"#layer0","tintindex":0},"west":{"uv":[9.875,3.8125,10.0,3.9375],"texture":"#layer0","tintindex":0},"up":{"uv":[10.0,4.0625,9.875,3.9375],"texture":"#layer0","tintindex":0},"down":{"uv":[4.0,9.875,4.125,10.0],"texture":"#layer0","tintindex":0}}},{"name":"guns_16","from":[12.1472,9.71471,6.6329236],"to":[12.8384,10.63631,7.554524],"rotation":{"angle":0.0,"axis":"z","origin":[8.0,8.0,8.0]},"faces":{"east":{"uv":[9.875,7.9375,10.0,8.0625],"texture":"#layer0","tintindex":0},"south":{"uv":[9.875,8.0625,10.0,8.1875],"texture":"#layer0","tintindex":0},"north":{"uv":[9.875,7.8125,10.0,7.9375],"texture":"#layer0","tintindex":0},"west":{"uv":[9.875,8.1875,10.0,8.3125],"texture":"#layer0","tintindex":0},"up":{"uv":[10.0,8.4375,9.875,8.3125],"texture":"#layer0","tintindex":0},"down":{"uv":[9.875,8.4375,10.0,8.5625],"texture":"#layer0","tintindex":0}}},{"name":"guns_17","from":[8.0,10.751511,6.402524],"to":[12.147201,16.281109,10.549725],"rotation":{"angle":0.0,"axis":"z","origin":[8.0,8.0,8.0]},"faces":{"east":{"uv":[4.375,2.6875,4.9375,3.4375],"texture":"#layer0","tintindex":0},"south":{"uv":[1.0,4.4375,1.5625,5.1875],"texture":"#layer0","tintindex":0},"north":{"uv":[2.4375,4.375,3.0,5.125],"texture":"#layer0","tintindex":0},"west":{"uv":[3.0,4.5625,3.5625,5.3125],"texture":"#layer0","tintindex":0},"up":{"uv":[3.4375,5.875,2.875,5.3125],"texture":"#layer0","tintindex":0},"down":{"uv":[3.4375,5.375,4.0,5.9375],"texture":"#layer0","tintindex":0}}},{"name":"guns_18","from":[8.4608,10.751511,11.010525],"to":[8.921599,16.281109,11.471324],"rotation":{"angle":0.0,"axis":"z","origin":[8.0,8.0,8.0]},"faces":{"east":{"uv":[6.0,9.0625,6.0625,9.8125],"texture":"#layer0","tintindex":0},"south":{"uv":[3.1875,9.125,3.25,9.875],"texture":"#layer0","tintindex":0},"north":{"uv":[2.0,6.5,2.0625,7.25],"texture":"#layer0","tintindex":0},"west":{"uv":[0.375,9.1875,0.4375,9.9375],"texture":"#layer0","tintindex":0},"up":{"uv":[10.0625,9.0625,10.0,9.0],"texture":"#layer0","tintindex":0},"down":{"uv":[10.0,9.0625,10.0625,9.125],"texture":"#layer0","tintindex":0}}},{"name":"guns_19","from":[8.4608,15.359509,10.549725],"to":[8.921599,15.820309,11.010525],"rotation":{"angle":0.0,"axis":"z","origin":[8.0,8.0,8.0]},"faces":{"east":{"uv":[10.0,9.3125,10.0625,9.375],"texture":"#layer0","tintindex":0},"south":{"uv":[10.0,9.375,10.0625,9.4375],"texture":"#layer0","tintindex":0},"north":{"uv":[10.0,9.25,10.0625,9.3125],"texture":"#layer0","tintindex":0},"west":{"uv":[10.0,9.4375,10.0625,9.5],"texture":"#layer0","tintindex":0},"up":{"uv":[10.0625,9.5625,10.0,9.5],"texture":"#layer0","tintindex":0},"down":{"uv":[10.0,9.5625,10.0625,9.625],"texture":"#layer0","tintindex":0}}},{"name":"guns_20","from":[8.4608,11.21231,10.549725],"to":[8.921599,11.67311,11.010525],"rotation":{"angle":0.0,"axis":"z","origin":[8.0,8.0,8.0]},"faces":{"east":{"uv":[0.125,10.0625,0.1875,10.125],"texture":"#layer0","tintindex":0},"south":{"uv":[10.0625,0.125,10.125,0.1875],"texture":"#layer0","tintindex":0},"north":{"uv":[10.0625,0.0625,10.125,0.125],"texture":"#layer0","tintindex":0},"west":{"uv":[0.1875,10.0625,0.25,10.125],"texture":"#layer0","tintindex":0},"up":{"uv":[10.125,0.25,10.0625,0.1875],"texture":"#layer0","tintindex":0},"down":{"uv":[0.25,10.0625,0.3125,10.125],"texture":"#layer0","tintindex":0}}},{"name":"guns_21","from":[11.225601,10.751511,11.010525],"to":[11.6864,16.281109,11.471324],"rotation":{"angle":0.0,"axis":"z","origin":[8.0,8.0,8.0]},"faces":{"east":{"uv":[4.375,9.1875,4.4375,9.9375],"texture":"#layer0","tintindex":0},"south":{"uv":[9.125,9.1875,9.1875,9.9375],"texture":"#layer0","tintindex":0},"north":{"uv":[3.875,9.1875,3.9375,9.9375],"texture":"#layer0","tintindex":0},"west":{"uv":[9.1875,9.1875,9.25,9.9375],"texture":"#layer0","tintindex":0},"up":{"uv":[10.0625,9.1875,10.0,9.125],"texture":"#layer0","tintindex":0},"down":{"uv":[10.0,9.1875,10.0625,9.25],"texture":"#layer0","tintindex":0}}},{"name":"guns_22","from":[11.225601,15.359509,10.549725],"to":[11.6864,15.820309,11.010525],"rotation":{"angle":0.0,"axis":"z","origin":[8.0,8.0,8.0]},"faces":{"east":{"uv":[10.0,9.625,10.0625,9.6875],"texture":"#layer0","tintindex":0},"south":{"uv":[9.6875,10.0,9.75,10.0625],"texture":"#layer0","tintindex":0},"north":{"uv":[9.625,10.0,9.6875,10.0625],"texture":"#layer0","tintindex":0},"west":{"uv":[10.0,9.6875,10.0625,9.75],"texture":"#layer0","tintindex":0},"up":{"uv":[9.8125,10.0625,9.75,10.0],"texture":"#layer0","tintindex":0},"down":{"uv":[10.0,9.75,10.0625,9.8125],"texture":"#layer0","tintindex":0}}},{"name":"guns_23","from":[11.225601,11.21231,10.549725],"to":[11.6864,11.67311,11.010525],"rotation":{"angle":0.0,"axis":"z","origin":[8.0,8.0,8.0]},"faces":{"east":{"uv":[10.0,9.8125,10.0625,9.875],"texture":"#layer0","tintindex":0},"south":{"uv":[10.0,9.875,10.0625,9.9375],"texture":"#layer0","tintindex":0},"north":{"uv":[9.8125,10.0,9.875,10.0625],"texture":"#layer0","tintindex":0},"west":{"uv":[10.0,9.9375,10.0625,10.0],"texture":"#layer0","tintindex":0},"up":{"uv":[10.0625,10.0625,10.0,10.0],"texture":"#layer0","tintindex":0},"down":{"uv":[10.0625,0.0,10.125,0.0625],"texture":"#layer0","tintindex":0}}},{"name":"guns_24","from":[3.392,13.055509,6.402524],"to":[5.2352,13.977109,9.628124],"rotation":{"angle":0.0,"axis":"z","origin":[8.0,8.0,8.0]},"faces":{"east":{"uv":[0.0,9.0625,0.4375,9.1875],"texture":"#layer0","tintindex":0},"south":{"uv":[9.5625,3.6875,9.8125,3.8125],"texture":"#layer0","tintindex":0},"north":{"uv":[9.5625,2.6875,9.8125,2.8125],"texture":"#layer0","tintindex":0},"west":{"uv":[9.0625,3.0,9.5,3.125],"texture":"#layer0","tintindex":0},"up":{"uv":[0.25,8.5,0.0,8.0625],"texture":"#layer0","tintindex":0},"down":{"uv":[0.25,8.0625,0.5,8.5],"texture":"#layer0","tintindex":0}}},{"name":"guns_25","from":[3.6224,11.67311,7.324124],"to":[5.2352,13.0555105,8.706524],"rotation":{"angle":0.0,"axis":"z","origin":[8.0,8.0,8.0]},"faces":{"east":{"uv":[9.4375,1.375,9.625,1.5625],"texture":"#layer0","tintindex":0},"south":{"uv":[2.5,9.25,2.75,9.4375],"texture":"#layer0","tintindex":0},"north":{"uv":[2.25,9.25,2.5,9.4375],"texture":"#layer0","tintindex":0},"west":{"uv":[2.25,9.4375,2.4375,9.625],"texture":"#layer0","tintindex":0},"up":{"uv":[3.0,9.4375,2.75,9.25],"texture":"#layer0","tintindex":0},"down":{"uv":[4.4375,9.25,4.6875,9.4375],"texture":"#layer0","tintindex":0}}},{"name":"guns_26","from":[3.392,11.67311,8.706524],"to":[5.2352,13.0555105,9.628124],"rotation":{"angle":0.0,"axis":"z","origin":[8.0,8.0,8.0]},"faces":{"east":{"uv":[9.25,9.75,9.375,9.9375],"texture":"#layer0","tintindex":0},"south":{"uv":[1.3125,9.25,1.5625,9.4375],"texture":"#layer0","tintindex":0},"north":{"uv":[9.1875,4.9375,9.4375,5.125],"texture":"#layer0","tintindex":0},"west":{"uv":[9.375,9.75,9.5,9.9375],"texture":"#layer0","tintindex":0},"up":{"uv":[9.8125,4.6875,9.5625,4.5625],"texture":"#layer0","tintindex":0},"down":{"uv":[9.5625,4.6875,9.8125,4.8125],"texture":"#layer0","tintindex":0}}},{"name":"guns_27","from":[3.392,10.751511,6.402524],"to":[5.2352,11.67311,9.628124],"rotation":{"angle":0.0,"axis":"z","origin":[8.0,8.0,8.0]},"faces":{"east":{"uv":[9.0625,3.125,9.5,3.25],"texture":"#layer0","tintindex":0},"south":{"uv":[9.5625,4.4375,9.8125,4.5625],"texture":"#layer0","tintindex":0},"north":{"uv":[4.125,9.5625,4.375,9.6875],"texture":"#layer0","tintindex":0},"west":{"uv":[9.0625,3.25,9.5,3.375],"texture":"#layer0","tintindex":0},"up":{"uv":[0.75,8.5,0.5,8.0625],"texture":"#layer0","tintindex":0},"down":{"uv":[8.0625,0.9375,8.3125,1.375],"texture":"#layer0","tintindex":0}}},{"name":"guns_28","from":[3.392,11.67311,6.402524],"to":[5.2352,13.0555105,7.324124],"rotation":{"angle":0.0,"axis":"z","origin":[8.0,8.0,8.0]},"faces":{"east":{"uv":[8.9375,9.75,9.0625,9.9375],"texture":"#layer0","tintindex":0},"south":{"uv":[9.1875,4.4375,9.4375,4.625],"texture":"#layer0","tintindex":0},"north":{"uv":[9.1875,2.6875,9.4375,2.875],"texture":"#layer0","tintindex":0},"west":{"uv":[9.75,9.0625,9.875,9.25],"texture":"#layer0","tintindex":0},"up":{"uv":[9.8125,3.9375,9.5625,3.8125],"texture":"#layer0","tintindex":0},"down":{"uv":[9.5625,3.9375,9.8125,4.0625],"texture":"#layer0","tintindex":0}}},{"name":"guns_29","from":[8.0,16.741909,6.402524],"to":[12.147201,17.66351,10.549725],"rotation":{"angle":0.0,"axis":"z","origin":[8.0,8.0,8.0]},"faces":{"east":{"uv":[8.625,0.25,9.1875,0.375],"texture":"#layer0","tintindex":0},"south":{"uv":[8.6875,1.0,9.25,1.125],"texture":"#layer0","tintindex":0},"north":{"uv":[8.5625,7.125,9.125,7.25],"texture":"#layer0","tintindex":0},"west":{"uv":[8.6875,2.125,9.25,2.25],"texture":"#layer0","tintindex":0},"up":{"uv":[4.5625,5.9375,4.0,5.375],"texture":"#layer0","tintindex":0},"down":{"uv":[4.8125,5.375,5.375,5.9375],"texture":"#layer0","tintindex":0}}},{"name":"guns_30","from":[8.460801,16.28111,6.863324],"to":[11.6864,16.74191,10.088924],"rotation":{"angle":0.0,"axis":"z","origin":[8.0,8.0,8.0]},"faces":{"east":{"uv":[5.3125,1.6875,5.75,1.75],"texture":"#layer0","tintindex":0},"south":{"uv":[4.0,5.9375,4.4375,6.0],"texture":"#layer0","tintindex":0},"north":{"uv":[5.25,4.5,5.6875,4.5625],"texture":"#layer0","tintindex":0},"west":{"uv":[6.375,1.5,6.8125,1.5625],"texture":"#layer0","tintindex":0},"up":{"uv":[2.75,7.5,2.3125,7.0625],"texture":"#layer0","tintindex":0},"down":{"uv":[3.375,7.0625,3.8125,7.5],"texture":"#layer0","tintindex":0}}}],"display":{"head":{"translation":[0.0,-6.4,0.0],"rotation":[0.0,0.0,0.0],"scale":[3.8095,3.8095,3.8095]},"gui":{"translation":[0.0,0.0,0.0],"rotation":[35.0,225.0,0.0],"scale":[0.625,0.625,0.625]}}}