{"file_name":"rightleg","texture_size":[256,256],"textures":{"layer0":"manamodels/mechadinopet"},"elements":[{"name":"rightleg_0","from":[6.9056005,4.977194,5.5945396],"to":[9.670401,10.045994,8.82014],"rotation":{"angle":0.0,"axis":"z","origin":[8.0,8.0,8.0]},"faces":{"east":{"uv":[6.3125,0.0,5.875,0.6875],"texture":"#layer0","tintindex":0},"south":{"uv":[5.625,6.0,5.25,6.6875],"texture":"#layer0","tintindex":0},"north":{"uv":[5.25,5.9375,4.875,6.625],"texture":"#layer0","tintindex":0},"west":{"uv":[0.4375,5.875,0.0,6.5625],"texture":"#layer0","tintindex":0},"up":{"uv":[7.3125,3.4375,7.6875,3.0],"texture":"#layer0","tintindex":0},"down":{"uv":[7.6875,3.4375,7.3125,3.875],"texture":"#layer0","tintindex":0}}},{"name":"rightleg_1","from":[6.6752005,6.3595943,5.3641396],"to":[9.900801,7.281194,9.05054],"rotation":{"angle":0.0,"axis":"z","origin":[8.0,8.0,8.0]},"faces":{"east":{"uv":[6.4375,4.75,5.9375,4.875],"texture":"#layer0","tintindex":0},"south":{"uv":[9.4375,3.8125,9.0,3.9375],"texture":"#layer0","tintindex":0},"north":{"uv":[9.4375,2.875,9.0,3.0],"texture":"#layer0","tintindex":0},"west":{"uv":[5.75,2.1875,5.25,2.3125],"texture":"#layer0","tintindex":0},"up":{"uv":[6.875,3.3125,7.3125,2.8125],"texture":"#layer0","tintindex":0},"down":{"uv":[7.3125,3.3125,6.875,3.8125],"texture":"#layer0","tintindex":0}}},{"name":"rightleg_2","from":[6.6752005,8.202794,5.3641396],"to":[9.900801,9.124393,9.05054],"rotation":{"angle":0.0,"axis":"z","origin":[8.0,8.0,8.0]},"faces":{"east":{"uv":[9.25,3.6875,8.75,3.8125],"texture":"#layer0","tintindex":0},"south":{"uv":[9.4375,5.25,9.0,5.375],"texture":"#layer0","tintindex":0},"north":{"uv":[9.4375,3.9375,9.0,4.0625],"texture":"#layer0","tintindex":0},"west":{"uv":[2.75,7.5,2.25,7.625],"texture":"#layer0","tintindex":0},"up":{"uv":[6.875,4.3125,7.3125,3.8125],"texture":"#layer0","tintindex":0},"down":{"uv":[0.4375,6.9375,0.0,7.4375],"texture":"#layer0","tintindex":0}}},{"name":"rightleg_3","from":[7.8272,5.0232735,4.94942],"to":[8.7488,10.092073,5.8710203],"rotation":{"angle":0.0,"axis":"z","origin":[8.0,8.0,8.0]},"faces":{"east":{"uv":[6.25,8.25,6.125,8.9375],"texture":"#layer0","tintindex":0},"south":{"uv":[4.5,8.25,4.375,8.9375],"texture":"#layer0","tintindex":0},"north":{"uv":[2.375,5.1875,2.25,5.875],"texture":"#layer0","tintindex":0},"west":{"uv":[3.75,8.1875,3.625,8.875],"texture":"#layer0","tintindex":0},"up":{"uv":[1.875,3.375,2.0,3.25],"texture":"#layer0","tintindex":0},"down":{"uv":[2.875,8.4375,2.75,8.5625],"texture":"#layer0","tintindex":0}}}],"display":{"head":{"translation":[0.0,-6.4,0.0],"rotation":[0.0,0.0,0.0],"scale":[3.8095,3.8095,3.8095]},"gui":{"translation":[0.0,0.0,0.0],"rotation":[35.0,225.0,0.0],"scale":[0.625,0.625,0.625]}}}