{"file_name":"shovel","texture_size":[128,128],"textures":{"layer0":"manamodels/npc_miner"},"elements":[{"name":"shovel_0","from":[7.3370304,7.635674,3.0531077],"to":[8.003031,8.301674,13.709108],"rotation":{"angle":0.0,"axis":"z","origin":[8.0,8.0,8.0]},"faces":{"east":{"uv":[8.375,1.875,10.375,2.0],"texture":"#layer0","tintindex":0},"south":{"uv":[11.375,1.0,11.5,1.125],"texture":"#layer0","tintindex":0},"north":{"uv":[11.125,11.25,11.25,11.375],"texture":"#layer0","tintindex":0},"west":{"uv":[8.625,4.875,10.625,5.0],"texture":"#layer0","tintindex":0},"up":{"uv":[3.625,10.125,3.5,8.125],"texture":"#layer0","tintindex":0},"down":{"uv":[0.625,8.5,0.75,10.5],"texture":"#layer0","tintindex":0}}},{"name":"shovel_1","from":[7.00403,7.302674,13.709108],"to":[8.336031,8.634674,15.041108],"rotation":{"angle":0.0,"axis":"z","origin":[8.0,8.0,8.0]},"faces":{"east":{"uv":[10.875,8.0,11.125,8.25],"texture":"#layer0","tintindex":0},"south":{"uv":[8.25,10.875,8.5,11.125],"texture":"#layer0","tintindex":0},"north":{"uv":[10.875,7.625,11.125,7.875],"texture":"#layer0","tintindex":0},"west":{"uv":[8.625,10.875,8.875,11.125],"texture":"#layer0","tintindex":0},"up":{"uv":[11.125,9.0,10.875,8.75],"texture":"#layer0","tintindex":0},"down":{"uv":[9.0,10.875,9.25,11.125],"texture":"#layer0","tintindex":0}}},{"name":"shovel_2","from":[7.1705303,6.303674,1.7211078],"to":[7.83653,9.633675,3.7191079],"rotation":{"angle":0.0,"axis":"z","origin":[8.0,8.0,8.0]},"faces":{"east":{"uv":[4.75,8.75,5.125,9.375],"texture":"#layer0","tintindex":0},"south":{"uv":[2.125,6.0,2.25,6.625],"texture":"#layer0","tintindex":0},"north":{"uv":[5.5,5.875,5.625,6.5],"texture":"#layer0","tintindex":0},"west":{"uv":[8.875,2.875,9.25,3.5],"texture":"#layer0","tintindex":0},"up":{"uv":[4.375,11.375,4.25,11.0],"texture":"#layer0","tintindex":0},"down":{"uv":[4.5,11.0,4.625,11.375],"texture":"#layer0","tintindex":0}}},{"name":"shovel_3","from":[7.1705303,6.6366744,0.38910794],"to":[7.83653,9.300674,1.721108],"rotation":{"angle":0.0,"axis":"z","origin":[8.0,8.0,8.0]},"faces":{"east":{"uv":[4.25,10.375,4.5,10.875],"texture":"#layer0","tintindex":0},"south":{"uv":[3.0,9.125,3.125,9.625],"texture":"#layer0","tintindex":0},"north":{"uv":[0.375,9.125,0.5,9.625],"texture":"#layer0","tintindex":0},"west":{"uv":[4.625,10.375,4.875,10.875],"texture":"#layer0","tintindex":0},"up":{"uv":[11.25,10.125,11.125,9.875],"texture":"#layer0","tintindex":0},"down":{"uv":[11.125,10.25,11.25,10.5],"texture":"#layer0","tintindex":0}}},{"name":"shovel_4","from":[7.1705303,6.9696746,-0.2768922],"to":[7.83653,8.967674,0.38910794],"rotation":{"angle":0.0,"axis":"z","origin":[8.0,8.0,8.0]},"faces":{"east":{"uv":[11.0,5.0,11.125,5.375],"texture":"#layer0","tintindex":0},"south":{"uv":[5.75,11.0,5.875,11.375],"texture":"#layer0","tintindex":0},"north":{"uv":[4.75,11.0,4.875,11.375],"texture":"#layer0","tintindex":0},"west":{"uv":[7.75,11.0,7.875,11.375],"texture":"#layer0","tintindex":0},"up":{"uv":[11.5,1.375,11.375,1.25],"texture":"#layer0","tintindex":0},"down":{"uv":[11.375,1.5,11.5,1.625],"texture":"#layer0","tintindex":0}}},{"name":"shovel_5","from":[7.1705303,7.635674,-0.94289255],"to":[7.83653,8.301674,-0.2768922],"rotation":{"angle":0.0,"axis":"z","origin":[8.0,8.0,8.0]},"faces":{"east":{"uv":[11.375,4.5,11.5,4.625],"texture":"#layer0","tintindex":0},"south":{"uv":[11.375,4.75,11.5,4.875],"texture":"#layer0","tintindex":0},"north":{"uv":[11.375,4.25,11.5,4.375],"texture":"#layer0","tintindex":0},"west":{"uv":[6.5,11.375,6.625,11.5],"texture":"#layer0","tintindex":0},"up":{"uv":[11.5,6.625,11.375,6.5],"texture":"#layer0","tintindex":0},"down":{"uv":[8.0,11.375,8.125,11.5],"texture":"#layer0","tintindex":0}}}],"display":{"head":{"translation":[0.0,-6.4,0.0],"rotation":[0.0,0.0,0.0],"scale":[3.8095,3.8095,3.8095]},"gui":{"translation":[0.0,0.0,0.0],"rotation":[35.0,225.0,0.0],"scale":[0.625,0.625,0.625]}}}