{"file_name":"foot2_right","texture_size":[128,128],"textures":{"layer0":"manamodels/sahuagin"},"elements":[{"name":"foot2_right_0","from":[4.9399996,6.9392,3.1999998],"to":[13.58,7.8992,8.0],"rotation":{"angle":0.0,"axis":"z","origin":[8.0,8.0,8.0]},"faces":{"east":{"uv":[10.75,1.625,11.375,1.75],"texture":"#layer0","tintindex":0},"south":{"uv":[11.625,9.0,12.75,9.125],"texture":"#layer0","tintindex":0},"north":{"uv":[11.625,5.25,12.75,5.375],"texture":"#layer0","tintindex":0},"west":{"uv":[11.0,10.875,11.625,11.0],"texture":"#layer0","tintindex":0},"up":{"uv":[11.625,5.375,10.5,4.75],"texture":"#layer0","tintindex":0},"down":{"uv":[4.375,10.75,5.5,11.375],"texture":"#layer0","tintindex":0}}}],"display":{"head":{"translation":[0.0,-6.4,0.0],"rotation":[0.0,0.0,0.0],"scale":[3.8095,3.8095,3.8095]},"gui":{"translation":[0.0,0.0,0.0],"rotation":[35.0,225.0,0.0],"scale":[0.625,0.625,0.625]}}}