{"file_name":"tail3","texture_size":[128,128],"textures":{"layer0":"manamodels/sahuagin"},"elements":[{"name":"tail3_0","from":[8.0,-5.9007998,8.0],"to":[8.0,20.979202,27.2],"rotation":{"angle":0.0,"axis":"z","origin":[8.0,8.0,8.0]},"faces":{"east":{"uv":[0.0,0.0,2.5,3.5],"texture":"#layer0","tintindex":0},"south":{"uv":[0.0,0.0,0.0,3.5],"texture":"#layer0","tintindex":0},"north":{"uv":[0.0,0.0,0.0,3.5],"texture":"#layer0","tintindex":0},"west":{"uv":[2.5,2.5,5.0,6.0],"texture":"#layer0","tintindex":0},"up":{"uv":[0.0,2.5,0.0,0.0],"texture":"#layer0","tintindex":0},"down":{"uv":[0.0,0.0,0.0,2.5],"texture":"#layer0","tintindex":0}}}],"display":{"head":{"translation":[0.0,-6.4,0.0],"rotation":[0.0,0.0,0.0],"scale":[3.8095,3.8095,3.8095]},"gui":{"translation":[0.0,0.0,0.0],"rotation":[35.0,225.0,0.0],"scale":[0.625,0.625,0.625]}}}