{"textures":{"0":"modelengine:custom/fairy","particle":"modelengine:custom/fairy"},"elements":[{"from":[-5.2928905,8.042889,6.525],"to":[-2.2928905,9.042889,9.475],"faces":{"east":{"uv":[10.875,0.5,11.25,0.625],"tintindex":0,"rotation":0,"texture":"#0"},"south":{"uv":[10.875,0.75,11.25,0.875],"tintindex":0,"rotation":0,"texture":"#0"},"north":{"uv":[10.875,0.25,11.25,0.375],"tintindex":0,"rotation":0,"texture":"#0"},"west":{"uv":[10.875,1.0,11.25,1.125],"tintindex":0,"rotation":0,"texture":"#0"},"up":{"uv":[10.375,1.375,10.0,1.0],"tintindex":0,"rotation":0,"texture":"#0"},"down":{"uv":[10.375,1.5,10.0,1.875],"tintindex":0,"rotation":0,"texture":"#0"}},"rotation":{"origin":[-2.2928905,8.042889,8.5],"angle":45.0,"axis":"z"}},{"from":[-12.0,1.25,10.475],"to":[-8.0,10.25,10.5],"faces":{"south":{"uv":[7.25,1.875,7.75,3.0],"tintindex":0,"rotation":0,"texture":"#0"},"north":{"uv":[1.25,7.125,1.75,8.25],"tintindex":0,"rotation":0,"texture":"#0"}}},{"from":[0.0,7.0,7.0],"to":[8.0,9.0,9.0],"faces":{"east":{"uv":[4.75,10.625,5.0,10.875],"tintindex":0,"rotation":0,"texture":"#0"},"south":{"uv":[8.25,9.25,9.25,9.5],"tintindex":0,"rotation":0,"texture":"#0"},"north":{"uv":[7.125,9.25,8.125,9.5],"tintindex":0,"rotation":0,"texture":"#0"},"west":{"uv":[5.125,10.625,5.375,10.875],"tintindex":0,"rotation":0,"texture":"#0"},"up":{"uv":[10.25,8.75,9.25,8.5],"tintindex":0,"rotation":0,"texture":"#0"},"down":{"uv":[10.25,8.875,9.25,9.125],"tintindex":0,"rotation":0,"texture":"#0"}}},{"from":[-3.7653694,6.75,6.59776],"to":[-0.7653694,7.75,7.59776],"faces":{"east":{"uv":[10.875,8.625,11.0,8.75],"tintindex":0,"rotation":0,"texture":"#0"},"south":{"uv":[10.875,1.5,11.25,1.625],"tintindex":0,"rotation":0,"texture":"#0"},"north":{"uv":[10.875,1.25,11.25,1.375],"tintindex":0,"rotation":0,"texture":"#0"},"west":{"uv":[10.875,8.875,11.0,9.0],"tintindex":0,"rotation":0,"texture":"#0"},"up":{"uv":[11.25,1.875,10.875,1.75],"tintindex":0,"rotation":0,"texture":"#0"},"down":{"uv":[11.25,4.125,10.875,4.25],"tintindex":0,"rotation":0,"texture":"#0"}},"rotation":{"origin":[-0.7653694,6.75,8.59776],"angle":-22.5,"axis":"y"}},{"from":[-8.0,10.224998,5.5],"to":[8.0,10.25,10.5],"faces":{"up":{"uv":[6.0,5.125,4.0,4.5],"tintindex":0,"rotation":0,"texture":"#0"},"down":{"uv":[2.0,5.0,0.0,5.625],"tintindex":0,"rotation":0,"texture":"#0"}}},{"from":[-8.0,5.25,5.5],"to":[8.0,10.25,5.575],"faces":{"south":{"uv":[4.5,3.0,6.5,3.625],"tintindex":0,"rotation":0,"texture":"#0"},"north":{"uv":[4.5,2.25,6.5,2.875],"tintindex":0,"rotation":0,"texture":"#0"}}},{"from":[-8.0,1.25,10.475],"to":[8.0,10.25,10.5],"faces":{"south":{"uv":[2.125,1.25,4.125,2.375],"tintindex":0,"rotation":0,"texture":"#0"},"north":{"uv":[2.125,0.0,4.125,1.125],"tintindex":0,"rotation":0,"texture":"#0"}}},{"from":[-3.0,7.75,6.5],"to":[0.0,8.75,9.5],"faces":{"east":{"uv":[9.375,10.75,9.75,10.875],"tintindex":0,"rotation":0,"texture":"#0"},"south":{"uv":[10.375,10.75,10.75,10.875],"tintindex":0,"rotation":0,"texture":"#0"},"north":{"uv":[8.875,10.75,9.25,10.875],"tintindex":0,"rotation":0,"texture":"#0"},"west":{"uv":[10.875,0.0,11.25,0.125],"tintindex":0,"rotation":0,"texture":"#0"},"up":{"uv":[10.375,0.375,10.0,0.0],"tintindex":0,"rotation":0,"texture":"#0"},"down":{"uv":[10.375,0.5,10.0,0.875],"tintindex":0,"rotation":0,"texture":"#0"}}}],"display":{"gui":{"rotation":[30,225,0]}}}