{"credit":"ManaLabs","texture_size":[64,64],"textures":{"0":"manalabs:furniture/mayan/13_statue_texture","particle":"manalabs:furniture/mayan/13_statue_texture"},"elements":[{"from":[6.5,7,6.25],"to":[9.5,12,8.75],"rotation":{"angle":0,"axis":"y","origin":[-0.75,1,0]},"faces":{"north":{"uv":[4,4,4.75,5.25],"texture":"#0"},"east":{"uv":[0.75,4.75,1.375,6],"texture":"#0"},"south":{"uv":[4,4,4.75,5.25],"texture":"#0"},"west":{"uv":[1.375,4.75,0.75,6],"texture":"#0"},"up":{"uv":[5.5,5.375,4.75,4.75],"texture":"#0"},"down":{"uv":[5.75,0,5,0.625],"texture":"#0"}}},{"from":[7.25,12,6.5],"to":[8.75,12.75,8],"rotation":{"angle":0,"axis":"y","origin":[-0.75,1,0.25]},"faces":{"north":{"uv":[4.5,2.75,4.875,3],"texture":"#0"},"east":{"uv":[7.125,6.75,6.75,7],"texture":"#0"},"south":{"uv":[6.75,6.5,7.125,6.75],"texture":"#0"},"west":{"uv":[6.75,6.75,7.125,7],"texture":"#0"},"up":{"uv":[7.125,4.625,6.75,4.25],"texture":"#0"},"down":{"uv":[7.125,4.75,6.75,5.125],"texture":"#0"}}},{"from":[7,12.5,6.35],"to":[9,15,8.85],"rotation":{"angle":22.5,"axis":"x","origin":[8,13.61657,7.0816]},"faces":{"north":{"uv":[3.25,5.5,3.75,6.125],"texture":"#0"},"east":{"uv":[4,5.25,4.625,5.875],"texture":"#0"},"south":{"uv":[5.5,4,6,4.625],"texture":"#0"},"west":{"uv":[4.625,5.25,4,5.875],"texture":"#0"},"up":{"uv":[5.25,6.125,4.75,5.5],"texture":"#0"},"down":{"uv":[6,4.75,5.5,5.375],"texture":"#0"}}},{"from":[6.35,13.29146,6.9616],"to":[7.1,14.79146,7.2116],"rotation":{"angle":22.5,"axis":"y","origin":[6.625,14.04146,6.9866]},"faces":{"north":{"uv":[1,7,1.25,7.375],"texture":"#0"},"east":{"uv":[7,7.25,7.125,7.625],"texture":"#0"},"south":{"uv":[1.25,7,1,7.375],"texture":"#0"},"west":{"uv":[7.25,7.25,7.375,7.625],"texture":"#0"},"up":{"uv":[8,3.625,7.75,3.5],"texture":"#0"},"down":{"uv":[4,7.75,3.75,7.875],"texture":"#0"}}},{"from":[6.63066,12.04146,6.66572],"to":[6.88066,13.54146,7.41572],"rotation":{"angle":0,"axis":"y","origin":[6.75566,14.04146,7.04072]},"faces":{"north":{"uv":[0.5,7.5,0.625,7.875],"texture":"#0"},"east":{"uv":[3,7,2.75,7.375],"texture":"#0"},"south":{"uv":[0.75,7.5,0.875,7.875],"texture":"#0"},"west":{"uv":[2.75,7,3,7.375],"texture":"#0"},"up":{"uv":[7.875,4,7.75,3.75],"texture":"#0"},"down":{"uv":[4.125,7.75,4,8],"texture":"#0"}}},{"from":[8.9,13.29146,6.9616],"to":[9.65,14.79146,7.2116],"rotation":{"angle":-22.5,"axis":"y","origin":[9.375,14.04146,6.9866]},"faces":{"north":{"uv":[1.25,7,1,7.375],"texture":"#0"},"east":{"uv":[7.375,7.25,7.25,7.625],"texture":"#0"},"south":{"uv":[1,7,1.25,7.375],"texture":"#0"},"west":{"uv":[7.125,7.25,7,7.625],"texture":"#0"},"up":{"uv":[7.75,3.625,8,3.5],"texture":"#0"},"down":{"uv":[3.75,7.75,4,7.875],"texture":"#0"}}},{"from":[9.11934,12.04146,6.66572],"to":[9.36934,13.54146,7.41572],"rotation":{"angle":0,"axis":"y","origin":[9.24434,14.04146,7.04072]},"faces":{"north":{"uv":[0.625,7.5,0.5,7.875],"texture":"#0"},"east":{"uv":[3,7,2.75,7.375],"texture":"#0"},"south":{"uv":[0.875,7.5,0.75,7.875],"texture":"#0"},"west":{"uv":[2.75,7,3,7.375],"texture":"#0"},"up":{"uv":[7.75,4,7.875,3.75],"texture":"#0"},"down":{"uv":[4,7.75,4.125,8],"texture":"#0"}}},{"from":[6.75,15,6.1],"to":[9.25,15.5,9.1],"rotation":{"angle":22.5,"axis":"x","origin":[8,13.61657,7.0816]},"faces":{"north":{"uv":[6.75,7,7.375,7.125],"texture":"#0"},"east":{"uv":[6.75,7,7.375,7.125],"texture":"#0"},"south":{"uv":[6.75,7,7.375,7.125],"texture":"#0"},"west":{"uv":[6.75,7,7.375,7.125],"texture":"#0"},"up":{"uv":[5.625,1.5,5,0.75],"texture":"#0"},"down":{"uv":[5.625,1.5,5,0.75],"texture":"#0"}}},{"from":[7.75,15.5,6.35],"to":[8.25,16.5,6.6],"rotation":{"angle":22.5,"axis":"x","origin":[8,13.61657,7.0816]},"faces":{"north":{"uv":[5,7.5,5.125,7.75],"texture":"#0"},"east":{"uv":[7.5,5,7.625,5.25],"texture":"#0"},"south":{"uv":[5.25,7.5,5.375,7.75],"texture":"#0"},"west":{"uv":[7.5,6.5,7.625,6.75],"texture":"#0"},"up":{"uv":[1.625,8.125,1.5,8],"texture":"#0"},"down":{"uv":[8.125,1.5,8,1.625],"texture":"#0"}}},{"from":[7.5,15.5,7.25],"to":[8.5,20.5,7.75],"rotation":{"angle":22.5,"axis":"x","origin":[8,13.61657,7.0816]},"faces":{"north":{"uv":[3.75,5.5,4,6.75],"texture":"#0"},"east":{"uv":[6.5,4.75,6.625,6],"texture":"#0"},"south":{"uv":[4,5.5,3.75,6.75],"texture":"#0"},"west":{"uv":[6,6.5,6.125,7.75],"texture":"#0"},"up":{"uv":[8,1.875,7.75,1.75],"texture":"#0"},"down":{"uv":[2.25,7.75,2,7.875],"texture":"#0"}}},{"from":[6.25,14.96795,8.18801],"to":[7.25,19.96795,8.68801],"rotation":{"angle":22.5,"axis":"z","origin":[6.75,17.46795,9.23801]},"faces":{"north":{"uv":[5.5,5.5,5.75,6.75],"texture":"#0"},"east":{"uv":[6.25,6.5,6.375,7.75],"texture":"#0"},"south":{"uv":[5.75,5.5,5.5,6.75],"texture":"#0"},"west":{"uv":[6.5,6.5,6.625,7.75],"texture":"#0"},"up":{"uv":[8,2.125,7.75,2],"texture":"#0"},"down":{"uv":[2.5,7.75,2.25,7.875],"texture":"#0"}}},{"from":[4.25,15.46795,8.28801],"to":[9.25,16.46795,8.78801],"rotation":{"angle":-45,"axis":"z","origin":[6.75,17.46795,8.43801]},"faces":{"north":{"uv":[5.75,1.25,7,1.5],"texture":"#0"},"east":{"uv":[7.75,2.5,7.875,2.75],"texture":"#0"},"south":{"uv":[7,1.25,5.75,1.5],"texture":"#0"},"west":{"uv":[2.75,7.75,2.875,8],"texture":"#0"},"up":{"uv":[7.75,4.125,6.5,4],"texture":"#0"},"down":{"uv":[7.75,6,6.5,6.125],"texture":"#0"}}},{"from":[4.18934,14.50729,7.98801],"to":[8.18934,15.50729,8.48801],"rotation":{"angle":-22.5,"axis":"z","origin":[5.68934,16.40729,8.53801]},"faces":{"north":{"uv":[6,1,7,1.25],"texture":"#0"},"east":{"uv":[7.75,3,7.875,3.25],"texture":"#0"},"south":{"uv":[7,1,6,1.25],"texture":"#0"},"west":{"uv":[3.25,7.75,3.375,8],"texture":"#0"},"up":{"uv":[7.75,5.375,6.75,5.25],"texture":"#0"},"down":{"uv":[7.75,5.5,6.75,5.625],"texture":"#0"}}},{"from":[7.81066,14.50729,7.98801],"to":[11.81066,15.50729,8.48801],"rotation":{"angle":22.5,"axis":"z","origin":[10.31066,16.40729,8.53801]},"faces":{"north":{"uv":[7,1,6,1.25],"texture":"#0"},"east":{"uv":[3.375,7.75,3.25,8],"texture":"#0"},"south":{"uv":[6,1,7,1.25],"texture":"#0"},"west":{"uv":[7.875,3,7.75,3.25],"texture":"#0"},"up":{"uv":[6.75,5.375,7.75,5.25],"texture":"#0"},"down":{"uv":[6.75,5.5,7.75,5.625],"texture":"#0"}}},{"from":[6.75,15.46795,8.28801],"to":[11.75,16.46795,8.78801],"rotation":{"angle":45,"axis":"z","origin":[9.25,17.46795,8.43801]},"faces":{"north":{"uv":[7,1.25,5.75,1.5],"texture":"#0"},"east":{"uv":[2.875,7.75,2.75,8],"texture":"#0"},"south":{"uv":[5.75,1.25,7,1.5],"texture":"#0"},"west":{"uv":[7.875,2.5,7.75,2.75],"texture":"#0"},"up":{"uv":[6.5,4.125,7.75,4],"texture":"#0"},"down":{"uv":[6.5,6,7.75,6.125],"texture":"#0"}}},{"from":[8.75,14.96795,8.19],"to":[9.75,19.96795,8.69],"rotation":{"angle":-22.5,"axis":"z","origin":[9.25,17.46795,9.23801]},"faces":{"north":{"uv":[5.75,5.5,5.5,6.75],"texture":"#0"},"east":{"uv":[6.625,6.5,6.5,7.75],"texture":"#0"},"south":{"uv":[5.5,5.5,5.75,6.75],"texture":"#0"},"west":{"uv":[6.375,6.5,6.25,7.75],"texture":"#0"},"up":{"uv":[7.75,2.125,8,2],"texture":"#0"},"down":{"uv":[2.25,7.75,2.5,7.875],"texture":"#0"}}},{"from":[7,15.5,6.35],"to":[7.5,16.5,6.6],"rotation":{"angle":22.5,"axis":"x","origin":[8,13.61657,7.0816]},"faces":{"north":{"uv":[7.5,6.75,7.625,7],"texture":"#0"},"east":{"uv":[7.5,7,7.625,7.25],"texture":"#0"},"south":{"uv":[7.5,7.25,7.625,7.5],"texture":"#0"},"west":{"uv":[7.5,7.5,7.625,7.75],"texture":"#0"},"up":{"uv":[1.875,8.125,1.75,8],"texture":"#0"},"down":{"uv":[8.125,1.75,8,1.875],"texture":"#0"}}},{"from":[8.5,15.5,6.35],"to":[9,16.5,6.6],"rotation":{"angle":22.5,"axis":"x","origin":[8,13.61657,7.0816]},"faces":{"north":{"uv":[7.75,0.25,7.875,0.5],"texture":"#0"},"east":{"uv":[7.75,1,7.875,1.25],"texture":"#0"},"south":{"uv":[7.75,1.25,7.875,1.5],"texture":"#0"},"west":{"uv":[7.75,1.5,7.875,1.75],"texture":"#0"},"up":{"uv":[2.125,8.125,2,8],"texture":"#0"},"down":{"uv":[8.125,2,8,2.125],"texture":"#0"}}},{"from":[7.1,13.8,6.15],"to":[7.7,14.8,6.35],"rotation":{"angle":22.5,"axis":"x","origin":[8,13.61657,7.0816]},"faces":{"north":{"uv":[3.25,7.5,3.375,7.75],"texture":"#0"},"east":{"uv":[7.5,3.25,7.625,3.5],"texture":"#0"},"south":{"uv":[3.5,7.5,3.625,7.75],"texture":"#0"},"west":{"uv":[3.75,7.5,3.875,7.75],"texture":"#0"},"up":{"uv":[7.875,7.375,7.75,7.25],"texture":"#0"},"down":{"uv":[7.625,7.75,7.5,7.875],"texture":"#0"}}},{"from":[7.2,14,6.05],"to":[7.6,14.6,6.15],"rotation":{"angle":22.5,"axis":"x","origin":[8,13.61657,7.0816]},"faces":{"north":{"uv":[0,8,0.125,8.125],"texture":"#0"},"east":{"uv":[8,0,8.125,0.125],"texture":"#0"},"south":{"uv":[0.25,8,0.375,8.125],"texture":"#0"},"west":{"uv":[8,0.25,8.125,0.375],"texture":"#0"},"up":{"uv":[0.625,8.125,0.5,8],"texture":"#0"},"down":{"uv":[8.125,0.5,8,0.625],"texture":"#0"}}},{"from":[8.4,14,6.05],"to":[8.8,14.6,6.15],"rotation":{"angle":22.5,"axis":"x","origin":[8,13.61657,7.0816]},"faces":{"north":{"uv":[0.75,8,0.875,8.125],"texture":"#0"},"east":{"uv":[8,0.75,8.125,0.875],"texture":"#0"},"south":{"uv":[1,8,1.125,8.125],"texture":"#0"},"west":{"uv":[8,1,8.125,1.125],"texture":"#0"},"up":{"uv":[1.375,8.125,1.25,8],"texture":"#0"},"down":{"uv":[8.125,1.25,8,1.375],"texture":"#0"}}},{"from":[8.3,13.8,6.15],"to":[8.9,14.8,6.35],"rotation":{"angle":22.5,"axis":"x","origin":[8,13.61657,7.0816]},"faces":{"north":{"uv":[4,7.5,4.125,7.75],"texture":"#0"},"east":{"uv":[4.25,7.5,4.375,7.75],"texture":"#0"},"south":{"uv":[4.5,7.5,4.625,7.75],"texture":"#0"},"west":{"uv":[4.75,7.5,4.875,7.75],"texture":"#0"},"up":{"uv":[7.875,7.625,7.75,7.5],"texture":"#0"},"down":{"uv":[7.875,7.75,7.75,7.875],"texture":"#0"}}},{"from":[7.75,13.82716,5.96843],"to":[8.25,15.17716,6.51843],"rotation":{"angle":45,"axis":"x","origin":[8,13.95216,6.29343]},"faces":{"north":{"uv":[5.5,7.25,5.625,7.625],"texture":"#0"},"east":{"uv":[5.75,7.25,5.875,7.625],"texture":"#0"},"south":{"uv":[7.25,6.5,7.375,6.875],"texture":"#0"},"west":{"uv":[6.75,7.25,6.875,7.625],"texture":"#0"},"up":{"uv":[7.875,7.125,7.75,7],"texture":"#0"},"down":{"uv":[7.375,7.75,7.25,7.875],"texture":"#0"}}},{"from":[7,12.75,6.1],"to":[9,13.1,6.35],"rotation":{"angle":22.5,"axis":"x","origin":[8,13.61657,7.0816]},"faces":{"north":{"uv":[7.25,3.5,7.75,3.625],"texture":"#0"},"east":{"uv":[7.75,4.5,7.875,4.625],"texture":"#0"},"south":{"uv":[3.75,7.25,4.25,7.375],"texture":"#0"},"west":{"uv":[4.75,7.75,4.875,7.875],"texture":"#0"},"up":{"uv":[7.75,3.875,7.25,3.75],"texture":"#0"},"down":{"uv":[4.75,7.25,4.25,7.375],"texture":"#0"}}},{"from":[7.5,12.25,5.85],"to":[7.75,13.45,6.2],"rotation":{"angle":22.5,"axis":"x","origin":[8,13.61657,7.0816]},"faces":{"north":{"uv":[2.25,7.5,2.375,7.75],"texture":"#0"},"east":{"uv":[7.5,2.25,7.625,2.5],"texture":"#0"},"south":{"uv":[2.5,7.5,2.625,7.75],"texture":"#0"},"west":{"uv":[7.5,2.5,7.625,2.75],"texture":"#0"},"up":{"uv":[7.875,6.625,7.75,6.5],"texture":"#0"},"down":{"uv":[6.875,7.75,6.75,7.875],"texture":"#0"}}},{"from":[8.25,12.25,5.85],"to":[8.5,13.45,6.2],"rotation":{"angle":22.5,"axis":"x","origin":[8,13.61657,7.0816]},"faces":{"north":{"uv":[2.75,7.5,2.875,7.75],"texture":"#0"},"east":{"uv":[7.5,2.75,7.625,3],"texture":"#0"},"south":{"uv":[3,7.5,3.125,7.75],"texture":"#0"},"west":{"uv":[7.5,3,7.625,3.25],"texture":"#0"},"up":{"uv":[7.875,6.875,7.75,6.75],"texture":"#0"},"down":{"uv":[7.125,7.75,7,7.875],"texture":"#0"}}},{"from":[8.65,13.1,6.1],"to":[9,13.4,6.35],"rotation":{"angle":22.5,"axis":"x","origin":[8,13.61657,7.0816]},"faces":{"north":{"uv":[7.75,5,7.875,5.125],"texture":"#0"},"east":{"uv":[5.25,7.75,5.375,7.875],"texture":"#0"},"south":{"uv":[7.75,5.25,7.875,5.375],"texture":"#0"},"west":{"uv":[5.5,7.75,5.625,7.875],"texture":"#0"},"up":{"uv":[7.875,5.625,7.75,5.5],"texture":"#0"},"down":{"uv":[5.875,7.75,5.75,7.875],"texture":"#0"}}},{"from":[7,13.1,6.1],"to":[7.35,13.4,6.35],"rotation":{"angle":22.5,"axis":"x","origin":[8,13.61657,7.0816]},"faces":{"north":{"uv":[7.75,5.75,7.875,5.875],"texture":"#0"},"east":{"uv":[6,7.75,6.125,7.875],"texture":"#0"},"south":{"uv":[7.75,6,7.875,6.125],"texture":"#0"},"west":{"uv":[6.25,7.75,6.375,7.875],"texture":"#0"},"up":{"uv":[7.875,6.375,7.75,6.25],"texture":"#0"},"down":{"uv":[6.625,7.75,6.5,7.875],"texture":"#0"}}},{"from":[7,13.4,6.1],"to":[9,13.75,6.35],"rotation":{"angle":22.5,"axis":"x","origin":[8,13.61657,7.0816]},"faces":{"north":{"uv":[7.25,4.25,7.75,4.375],"texture":"#0"},"east":{"uv":[7.75,4.75,7.875,4.875],"texture":"#0"},"south":{"uv":[7.25,4.5,7.75,4.625],"texture":"#0"},"west":{"uv":[5,7.75,5.125,7.875],"texture":"#0"},"up":{"uv":[7.75,4.875,7.25,4.75],"texture":"#0"},"down":{"uv":[5.5,7.25,5,7.375],"texture":"#0"}}},{"from":[6.74515,6.15219,3.93769],"to":[7.74515,8.90219,4.93769],"rotation":{"angle":-45,"axis":"z","origin":[7.24515,6.33969,4.06269]},"faces":{"north":{"uv":[2,6,2.25,6.75],"texture":"#0"},"east":{"uv":[2,6,2.25,6.75],"texture":"#0"},"south":{"uv":[2,6,2.25,6.75],"texture":"#0"},"west":{"uv":[2,6,2.25,6.75],"texture":"#0"},"up":{"uv":[5.25,7.25,5,7],"texture":"#0"},"down":{"uv":[5.75,7,5.5,7.25],"texture":"#0"}}},{"from":[6.6213,5.73248,2.53769],"to":[7.6013,6.23248,4.53769],"rotation":{"angle":-45,"axis":"z","origin":[7.3113,6.16998,3.31269]},"faces":{"north":{"uv":[7.25,5,7.5,5.125],"texture":"#0"},"east":{"uv":[7.25,0.25,7.75,0.375],"texture":"#0"},"south":{"uv":[7.5,1.5,7.75,1.625],"texture":"#0"},"west":{"uv":[0.5,7.25,1,7.375],"texture":"#0"},"up":{"uv":[0.75,7.25,0.5,6.75],"texture":"#0"},"down":{"uv":[2.25,6.75,2,7.25],"texture":"#0"}}},{"from":[5.51,8.75277,4.4861],"to":[6.49,9.75277,6.9861],"rotation":{"angle":0,"axis":"y","origin":[6,11.3,7.5]},"faces":{"north":{"uv":[5.75,7,6,7.25],"texture":"#0"},"east":{"uv":[0.625,6.5,0,6.75],"texture":"#0"},"south":{"uv":[1.25,7.25,1.5,7.5],"texture":"#0"},"west":{"uv":[0,6.5,0.625,6.75],"texture":"#0"},"up":{"uv":[3.75,6.875,3.5,6.25],"texture":"#0"},"down":{"uv":[3.75,6.25,3.5,6.875],"texture":"#0"}}},{"from":[5.5,8.75,7],"to":[6.5,11.25,8],"rotation":{"angle":22.5,"axis":"x","origin":[6,11.3,7.5]},"faces":{"north":{"uv":[5,6.25,5.25,6.875],"texture":"#0"},"east":{"uv":[0.75,6.5,1,7.125],"texture":"#0"},"south":{"uv":[5,6.25,5.25,6.875],"texture":"#0"},"west":{"uv":[5,6.25,5.25,6.875],"texture":"#0"},"up":{"uv":[1.75,7.5,1.5,7.25],"texture":"#0"},"down":{"uv":[7.5,1.5,7.25,1.75],"texture":"#0"}}},{"from":[9.5,8.75,7],"to":[10.5,11.25,8],"rotation":{"angle":22.5,"axis":"x","origin":[10,11.3,7.5]},"faces":{"north":{"uv":[5.25,6.25,5,6.875],"texture":"#0"},"east":{"uv":[5.25,6.25,5,6.875],"texture":"#0"},"south":{"uv":[5.25,6.25,5,6.875],"texture":"#0"},"west":{"uv":[1,6.5,0.75,7.125],"texture":"#0"},"up":{"uv":[1.5,7.5,1.75,7.25],"texture":"#0"},"down":{"uv":[7.25,1.5,7.5,1.75],"texture":"#0"}}},{"from":[9.51,8.75277,4.4861],"to":[10.49,9.75277,6.9861],"rotation":{"angle":0,"axis":"y","origin":[10,11.3,7.5]},"faces":{"north":{"uv":[6,7,5.75,7.25],"texture":"#0"},"east":{"uv":[0.625,6.5,0,6.75],"texture":"#0"},"south":{"uv":[1.5,7.25,1.25,7.5],"texture":"#0"},"west":{"uv":[0,6.5,0.625,6.75],"texture":"#0"},"up":{"uv":[3.5,6.875,3.75,6.25],"texture":"#0"},"down":{"uv":[3.5,6.25,3.75,6.875],"texture":"#0"}}},{"from":[5.9,4.75,3.15],"to":[7.4,6.25,6.15],"rotation":{"angle":45,"axis":"x","origin":[6.65,5.5,7.65]},"faces":{"north":{"uv":[6.75,3,7.125,3.375],"texture":"#0"},"east":{"uv":[6.75,4.25,6,4.625],"texture":"#0"},"south":{"uv":[6.75,3.5,7.125,3.875],"texture":"#0"},"west":{"uv":[6,4.25,6.75,4.625],"texture":"#0"},"up":{"uv":[6.375,5.5,6,4.75],"texture":"#0"},"down":{"uv":[6.375,4.75,6,5.5],"texture":"#0"}}},{"from":[8.6,4.75,3.15],"to":[10.1,6.25,6.15],"rotation":{"angle":45,"axis":"x","origin":[9.35,5.5,7.65]},"faces":{"north":{"uv":[7.125,3,6.75,3.375],"texture":"#0"},"east":{"uv":[6.75,4.25,6,4.625],"texture":"#0"},"south":{"uv":[7.125,3.5,6.75,3.875],"texture":"#0"},"west":{"uv":[6,4.25,6.75,4.625],"texture":"#0"},"up":{"uv":[6,5.5,6.375,4.75],"texture":"#0"},"down":{"uv":[6,4.75,6.375,5.5],"texture":"#0"}}},{"from":[8.1987,5.53248,2.78769],"to":[9.1787,6.03248,4.78769],"rotation":{"angle":45,"axis":"z","origin":[8.6887,6.16998,3.31269]},"faces":{"north":{"uv":[2,7.5,2.25,7.625],"texture":"#0"},"east":{"uv":[1.75,7.25,2.25,7.375],"texture":"#0"},"south":{"uv":[7.5,2,7.75,2.125],"texture":"#0"},"west":{"uv":[7.25,1.75,7.75,1.875],"texture":"#0"},"up":{"uv":[4,7.25,3.75,6.75],"texture":"#0"},"down":{"uv":[5.5,6.75,5.25,7.25],"texture":"#0"}}},{"from":[8.00485,5.95219,4.18769],"to":[9.00485,8.70219,5.18769],"rotation":{"angle":45,"axis":"z","origin":[8.50485,6.33969,4.06269]},"faces":{"north":{"uv":[2.5,6.25,2.75,7],"texture":"#0"},"east":{"uv":[2.5,6.25,2.75,7],"texture":"#0"},"south":{"uv":[2.5,6.25,2.75,7],"texture":"#0"},"west":{"uv":[2.5,6.25,2.75,7],"texture":"#0"},"up":{"uv":[7.5,2.25,7.25,2],"texture":"#0"},"down":{"uv":[7.5,2.25,7.25,2.5],"texture":"#0"}}},{"from":[3,3,5],"to":[13,7,11],"rotation":{"angle":0,"axis":"y","origin":[0,1,0]},"faces":{"north":{"uv":[2.5,0,5,1],"texture":"#0"},"east":{"uv":[2,3,3.5,4],"texture":"#0"},"south":{"uv":[2.5,0,5,1],"texture":"#0"},"west":{"uv":[3.5,3,2,4],"texture":"#0"},"up":{"uv":[2.5,1.5,0,3],"texture":"#0"},"down":{"uv":[2.5,1.5,0,3],"texture":"#0"}}},{"from":[4,0,6],"to":[12,3,10],"faces":{"north":{"uv":[0,4,2,4.75],"texture":"#0"},"east":{"uv":[4.5,2,5.5,2.75],"texture":"#0"},"south":{"uv":[0,4,2,4.75],"texture":"#0"},"west":{"uv":[4.5,2,5.5,2.75],"texture":"#0"},"up":{"uv":[4.5,3,2.5,2],"texture":"#0"},"down":{"uv":[2,3,0,4],"texture":"#0"}}},{"from":[6.5,1.5,4],"to":[9.5,4.5,6],"rotation":{"angle":-45,"axis":"z","origin":[8,3,5]},"faces":{"north":{"uv":[3.25,4.75,4,5.5],"texture":"#0"},"east":{"uv":[3.25,5.5,2.75,6.25],"texture":"#0"},"south":{"uv":[4.75,4,5.5,4.75],"texture":"#0"},"west":{"uv":[2.75,5.5,3.25,6.25],"texture":"#0"},"up":{"uv":[5.75,4,5,3.5],"texture":"#0"},"down":{"uv":[5,3.5,5.75,4],"texture":"#0"}}},{"from":[6.5,1.5,10],"to":[9.5,4.5,12],"rotation":{"angle":-45,"axis":"z","origin":[8,3,11]},"faces":{"north":{"uv":[5.5,4,4.75,4.75],"texture":"#0"},"east":{"uv":[2.75,5.5,3.25,6.25],"texture":"#0"},"south":{"uv":[4,4.75,3.25,5.5],"texture":"#0"},"west":{"uv":[3.25,5.5,2.75,6.25],"texture":"#0"},"up":{"uv":[5.75,3.5,5,4],"texture":"#0"},"down":{"uv":[5,4,5.75,3.5],"texture":"#0"}}}],"gui_light":"front","display":{"thirdperson_righthand":{"rotation":[67.5,0,0],"translation":[0,2,1],"scale":[0.36633,0.36633,0.36633]},"thirdperson_lefthand":{"rotation":[67.5,0,0],"translation":[0,2,1],"scale":[0.36633,0.36633,0.36633]},"firstperson_righthand":{"rotation":[0,180,0],"translation":[2.75,3.25,0],"scale":[0.40563,0.40563,0.40563]},"firstperson_lefthand":{"rotation":[0,180,0],"translation":[2.75,3.25,0],"scale":[0.40563,0.40563,0.40563]},"ground":{"translation":[0,6,0],"scale":[0.6,0.6,0.6]},"gui":{"rotation":[30,135,0],"translation":[0,-0.75,0],"scale":[0.73961,0.73961,0.73961]},"head":{"translation":[0,-30.4,0],"scale":[1.6,1.6,1.6]},"fixed":{"rotation":[-90,0,0],"translation":[0,0,-16],"scale":[2,2,2]}},"groups":[{"name":"group","origin":[10,5.3,7.5],"color":0,"children":[0,1,2,3,4,5,6,7,8,9,10,11,12,13,14,15,16,17,18,19,20,21,22,23,24,25,26,27,28,29,30,31,32,33,34,35,36,37,38]},39,40,41,42]}