{"file_name":"bone","texture_size":[64,64],"textures":{"layer0":"manamodels/kite"},"elements":[{"name":"bone_0","from":[7.7,8.611946,7.772048],"to":[8.3,8.611946,15.572048],"rotation":{"angle":0.0,"axis":"x","origin":[8.0,7.411946,10.772048]},"faces":{"east":{"uv":[0.75,3.25,4.0,3.25],"texture":"#layer0","tintindex":0},"south":{"uv":[7.5,3.25,7.75,3.25],"texture":"#layer0","tintindex":0},"north":{"uv":[4.0,3.25,4.25,3.25],"texture":"#layer0","tintindex":0},"west":{"uv":[4.25,3.25,7.5,3.25],"texture":"#layer0","tintindex":0},"up":{"uv":[4.25,3.25,4.0,0.0],"texture":"#layer0","tintindex":0},"down":{"uv":[4.25,0.0,4.5,3.25],"texture":"#layer0","tintindex":0}}}],"display":{"head":{"translation":[0.0,-6.4,0.0],"rotation":[0.0,0.0,0.0],"scale":[3.8095,3.8095,3.8095]},"gui":{"translation":[0.0,0.0,0.0],"rotation":[35.0,225.0,0.0],"scale":[0.625,0.625,0.625]}}}