{"textures":{"0":"modelengine:custom/boar_large","particle":"modelengine:custom/boar_large"},"elements":[{"from":[5.8,0.3000002,8.0],"to":[10.2,8.0,12.400001],"faces":{"east":{"uv":[8.125,5.75,8.625,6.75],"tintindex":0,"rotation":0,"texture":"#0"},"south":{"uv":[6.25,8.125,6.75,9.125],"tintindex":0,"rotation":0,"texture":"#0"},"north":{"uv":[5.75,8.125,6.25,9.125],"tintindex":0,"rotation":0,"texture":"#0"},"west":{"uv":[6.75,8.125,7.25,9.125],"tintindex":0,"rotation":0,"texture":"#0"},"up":{"uv":[9.125,3.75,8.625,3.25],"tintindex":0,"rotation":0,"texture":"#0"},"down":{"uv":[9.125,4.75,8.625,5.25],"tintindex":0,"rotation":0,"texture":"#0"}}}],"display":{"gui":{"rotation":[30,225,0]}}}