{"display":{"thirdperson_righthand":{"rotation":[35,0,0],"translation":[0,-3,-2.75],"scale":[0.3,0.3,0.3]},"thirdperson_lefthand":{"rotation":[35,0,0],"translation":[0,-3,-2.75],"scale":[0.3,0.3,0.3]},"firstperson_righthand":{"rotation":[0,35,0],"translation":[0,-1,0],"scale":[0.3,0.3,0.3]},"firstperson_lefthand":{"rotation":[0,35,0],"translation":[0,-1,0],"scale":[0.3,0.3,0.3]},"ground":{"translation":[0,1,-1.75],"scale":[0.5,0.5,0.5]},"gui":{"rotation":[25,129,0],"translation":[-1.5,-4.5,0.25],"scale":[0.5,0.5,0.5]},"head":{"translation":[0,-55.5,1.25],"scale":[1.61,1.61,1.61]},"fixed":{"rotation":[-4,0,0],"translation":[0,-5.25,-5.5],"scale":[0.55,0.55,0.55]}},"texture_size":[128,128],"textures":{"0":"crates/toystory21_crate/zurg_cloak","particle":"crates/toystory21_crate/zurg_cloak"},"elements":[{"from":[3,22.5,5],"to":[13,24.5,11],"faces":{"north":{"uv":[6.5,2.5,7.75,2.75],"texture":"#0"},"east":{"uv":[1.375,4,2.125,4.25],"texture":"#0"},"south":{"uv":[6.5,2.875,7.75,3.125],"texture":"#0"},"west":{"uv":[6.5,3.25,7.25,3.5],"texture":"#0"},"up":{"uv":[4,6.5,2.75,5.75],"texture":"#0"},"down":{"uv":[5.375,5.75,4.125,6.5],"texture":"#0"}}},{"from":[1,22.5,7],"to":[15,22.525,16],"rotation":{"angle":-45,"axis":"x","origin":[8,23.5,10]},"faces":{"north":{"uv":[6.5,4.375,8.25,4.375],"texture":"#0"},"east":{"uv":[6.5,4.5,7.625,4.5],"texture":"#0"},"south":{"uv":[6.5,4.625,8.25,4.625],"texture":"#0"},"west":{"uv":[6.5,4.75,7.625,4.75],"texture":"#0"},"up":{"uv":[4.5,5.625,2.75,4.5],"texture":"#0"},"down":{"uv":[6.375,4.5,4.625,5.625],"texture":"#0"}}},{"from":[-3,28.08246,14.3387],"to":[19,28.10746,19.3387],"rotation":{"angle":-22.5,"axis":"x","origin":[8,29.10746,17.3387]},"faces":{"north":{"uv":[6.5,4.875,9.25,4.875],"texture":"#0"},"east":{"uv":[1.375,4.375,2,4.375],"texture":"#0"},"south":{"uv":[6.5,5,9.25,5],"texture":"#0"},"west":{"uv":[6.5,5.125,7.125,5.125],"texture":"#0"},"up":{"uv":[7.5,0.625,4.75,0],"texture":"#0"},"down":{"uv":[7.5,0.75,4.75,1.375],"texture":"#0"}}},{"from":[-1,15.075,11.975],"to":[17,24.075,12],"rotation":{"angle":0,"axis":"y","origin":[8,23.5,10]},"faces":{"north":{"uv":[2.375,0,4.625,1.125],"texture":"#0"},"east":{"uv":[2.375,6.5,2.375,7.625],"texture":"#0"},"south":{"uv":[2.375,1.25,4.625,2.375],"texture":"#0"},"west":{"uv":[2.5,6.5,2.5,7.625],"texture":"#0"},"up":{"uv":[8.75,5.25,6.5,5.25],"texture":"#0"},"down":{"uv":[8.75,5.375,6.5,5.375],"texture":"#0"}}},{"from":[-0.975,13.075,9],"to":[-0.95,24.075,12],"rotation":{"angle":0,"axis":"y","origin":[8,23.5,10]},"faces":{"north":{"uv":[2.75,6.625,2.75,8],"texture":"#0"},"east":{"uv":[0.5,6,0.875,7.375],"texture":"#0"},"south":{"uv":[2.875,6.625,2.875,8],"texture":"#0"},"west":{"uv":[6,5.75,6.375,7.125],"texture":"#0"},"up":{"uv":[4.75,2.375,4.75,2],"texture":"#0"},"down":{"uv":[4.875,1.5,4.875,1.875],"texture":"#0"}}},{"from":[16.95,13.075,9],"to":[16.975,24.075,12],"rotation":{"angle":0,"axis":"y","origin":[8,23.5,10]},"faces":{"north":{"uv":[2.75,6.625,2.75,8],"texture":"#0"},"east":{"uv":[6.375,5.75,6,7.125],"texture":"#0"},"south":{"uv":[2.875,6.625,2.875,8],"texture":"#0"},"west":{"uv":[0.875,6,0.5,7.375],"texture":"#0"},"up":{"uv":[4.75,2.375,4.75,2],"texture":"#0"},"down":{"uv":[4.875,1.5,4.875,1.875],"texture":"#0"}}},{"from":[-1,-0.6466,12.34728],"to":[17,14.3534,12.37228],"rotation":{"angle":-22.5,"axis":"x","origin":[8,13.7784,10.37228]},"faces":{"north":{"uv":[0,0,2.25,1.875],"texture":"#0"},"east":{"uv":[3,6.625,3,8.5],"texture":"#0"},"south":{"uv":[0,2,2.25,3.875],"texture":"#0"},"west":{"uv":[3.125,6.625,3.125,8.5],"texture":"#0"},"up":{"uv":[8.875,5.5,6.625,5.5],"texture":"#0"},"down":{"uv":[8.875,5.625,6.625,5.625],"texture":"#0"}}},{"from":[-1,-0.6466,2.37228],"to":[-0.975,14.3534,12.37228],"rotation":{"angle":-22.5,"axis":"x","origin":[8,13.7784,10.37228]},"faces":{"north":{"uv":[3.75,6.625,3.75,8.5],"texture":"#0"},"east":{"uv":[0,4,1.25,5.875],"texture":"#0"},"south":{"uv":[3.875,6.625,3.875,8.5],"texture":"#0"},"west":{"uv":[1.375,4.5,2.625,6.375],"texture":"#0"},"up":{"uv":[4,7.875,4,6.625],"texture":"#0"},"down":{"uv":[4.125,6.625,4.125,7.875],"texture":"#0"}}},{"from":[16.975,-0.6466,2.37228],"to":[17,14.3534,12.37228],"rotation":{"angle":-22.5,"axis":"x","origin":[8,13.7784,10.37228]},"faces":{"north":{"uv":[3.75,6.625,3.75,8.5],"texture":"#0"},"east":{"uv":[2.625,4.5,1.375,6.375],"texture":"#0"},"south":{"uv":[3.875,6.625,3.875,8.5],"texture":"#0"},"west":{"uv":[1.25,4,0,5.875],"texture":"#0"},"up":{"uv":[4,7.875,4,6.625],"texture":"#0"},"down":{"uv":[4.125,6.625,4.125,7.875],"texture":"#0"}}},{"from":[1,22.5,7],"to":[1.025,25.5,17],"rotation":{"angle":-45,"axis":"x","origin":[8,23.5,10]},"faces":{"north":{"uv":[4.875,2,4.875,2.375],"texture":"#0"},"east":{"uv":[5.125,3.75,6.375,4.125],"texture":"#0"},"south":{"uv":[5,1.5,5,1.875],"texture":"#0"},"west":{"uv":[1,6.5,2.25,6.875],"texture":"#0"},"up":{"uv":[4.25,7.875,4.25,6.625],"texture":"#0"},"down":{"uv":[4.375,6.625,4.375,7.875],"texture":"#0"}}},{"from":[14.975,22.5,7],"to":[15,25.5,17],"rotation":{"angle":-45,"axis":"x","origin":[8,23.5,10]},"faces":{"north":{"uv":[4.875,2,4.875,2.375],"texture":"#0"},"east":{"uv":[2.25,6.5,1,6.875],"texture":"#0"},"south":{"uv":[5,1.5,5,1.875],"texture":"#0"},"west":{"uv":[6.375,3.75,5.125,4.125],"texture":"#0"},"up":{"uv":[4.25,7.875,4.25,6.625],"texture":"#0"},"down":{"uv":[4.375,6.625,4.375,7.875],"texture":"#0"}}},{"from":[3,21.475,7],"to":[13,22.475,15],"rotation":{"angle":-45,"axis":"x","origin":[9,23.5,10]},"faces":{"north":{"uv":[5.125,4.25,6.375,4.375],"texture":"#0"},"east":{"uv":[6.5,3.875,7.5,4],"texture":"#0"},"south":{"uv":[6.5,3.625,7.75,3.75],"texture":"#0"},"west":{"uv":[6.5,4.125,7.5,4.25],"texture":"#0"},"up":{"uv":[6.375,2.5,5.125,1.5],"texture":"#0"},"down":{"uv":[6.375,2.625,5.125,3.625],"texture":"#0"}}}],"gui_light":"front"}