{"credit":"Copyright ManaLabs Inc","textures":{"0":"manalabs:emoji/fire_preview","particle":"manalabs:emoji/fire_preview"},"elements":[{"from":[0,0,0],"to":[16,16,0],"faces":{"north":{"uv":[0,0,16,16],"texture":"#0","tintindex":0},"east":{"uv":[0,0,16,16],"texture":"#0","tintindex":0},"south":{"uv":[0,0,16,16],"texture":"#0","tintindex":0},"west":{"uv":[0,0,16,16],"texture":"#0","tintindex":0},"up":{"uv":[0,0,16,16],"texture":"#0","tintindex":0},"down":{"uv":[0,0,16,16],"texture":"#0","tintindex":0}}}],"gui_light":"front","display":{"gui":{"translation":[0,-2.25,0],"scale":[1.3,1.3,1.3]}}}