{"credit":"Copyright ManaLabs Inc","textures":{"1":"manalabs:emoji/prefixes/patron","particle":"manalabs:emoji/prefixes/patron"},"elements":[{"from":[0.5,0,0],"to":[15.5,15,0],"faces":{"north":{"uv":[0,0,16,16],"texture":"#1","tintindex":0},"east":{"uv":[0,0,0,16],"texture":"#1","tintindex":0},"south":{"uv":[0,0,16,16],"texture":"#1","tintindex":0},"west":{"uv":[0,0,0,16],"texture":"#1","tintindex":0},"up":{"uv":[0,0,16,0],"texture":"#1","tintindex":0},"down":{"uv":[0,0,16,0],"texture":"#1","tintindex":0}}}],"gui_light":"front","display":{"gui":{"translation":[0,0.25,0],"scale":[0.9,0.9,0.9]}}}