{"credit":"Copyright ManaLabs Inc","texture_size":[32,32],"textures":{"0":"manalabs:gear/sets/obsidian/sword","particle":"minecraft:block/dirt"},"elements":[{"from":[7.5,8.5,6.5],"to":[8.5,22.5,9.5],"rotation":{"angle":0,"axis":"y","origin":[8,15.5,8]},"faces":{"north":{"uv":[1.5,5.5,2,12.5],"texture":"#0"},"east":{"uv":[0,5.5,1.5,12.5],"texture":"#0"},"south":{"uv":[3.5,5.5,4,12.5],"texture":"#0"},"west":{"uv":[2,5.5,3.5,12.5],"texture":"#0"},"up":{"uv":[2,5.5,1.5,4],"texture":"#0"},"down":{"uv":[2.5,4,2,5.5],"texture":"#0"}}},{"from":[7.51,21.53028,7.01],"to":[8.49,23.51028,8.99],"rotation":{"angle":-45,"axis":"x","origin":[8,22.52028,8]},"faces":{"north":{"uv":[1,1,1.5,2],"texture":"#0"},"east":{"uv":[0,1,1,2],"texture":"#0"},"south":{"uv":[2.5,1,3,2],"texture":"#0"},"west":{"uv":[1.5,1,2.5,2],"texture":"#0"},"up":{"uv":[1.5,1,1,0],"texture":"#0"},"down":{"uv":[2,0,1.5,1],"texture":"#0"}}},{"from":[7.1,1.35,7.1],"to":[8.9,7.15,8.9],"rotation":{"angle":0,"axis":"y","origin":[8,4.25,8]},"faces":{"north":{"uv":[13,7.5,14,10.5],"texture":"#0"},"east":{"uv":[12,7.5,13,10.5],"texture":"#0"},"south":{"uv":[15,7.5,16,10.5],"texture":"#0"},"west":{"uv":[14,7.5,15,10.5],"texture":"#0"},"up":{"uv":[14,7.5,13,6.5],"texture":"#0"},"down":{"uv":[15,6.5,14,7.5],"texture":"#0"}}},{"from":[6.9,6.65,4.9],"to":[9.1,8.85,11.1],"rotation":{"angle":0,"axis":"y","origin":[8,7.75,8]},"faces":{"north":{"uv":[3,3,4,4],"texture":"#0"},"east":{"uv":[0,3,3,4],"texture":"#0"},"south":{"uv":[7,3,8,4],"texture":"#0"},"west":{"uv":[4,3,7,4],"texture":"#0"},"up":{"uv":[4,3,3,0],"texture":"#0"},"down":{"uv":[5,0,4,3],"texture":"#0"}}},{"from":[7.2,7.58241,9.97678],"to":[8.8,9.18241,12.57678],"rotation":{"angle":-45,"axis":"x","origin":[8,8.38241,11.27678]},"faces":{"north":{"uv":[10,2.5,11,3.5],"texture":"#0"},"east":{"uv":[8.5,2.5,10,3.5],"texture":"#0"},"south":{"uv":[12.5,2.5,13.5,3.5],"texture":"#0"},"west":{"uv":[11,2.5,12.5,3.5],"texture":"#0"},"up":{"uv":[11,2.5,10,1],"texture":"#0"},"down":{"uv":[12,1,11,2.5],"texture":"#0"}}},{"from":[8,7.44307,9.33744],"to":[8,11.44307,15.33744],"rotation":{"angle":-45,"axis":"x","origin":[8,9.44307,12.33744]},"faces":{"north":{"uv":[7,6,7,8],"texture":"#0"},"east":{"uv":[4,6,7,8],"texture":"#0"},"south":{"uv":[10,6,10,8],"texture":"#0"},"west":{"uv":[7,6,10,8],"texture":"#0"},"up":{"uv":[7,6,7,3],"texture":"#0"},"down":{"uv":[7,3,7,6],"texture":"#0"}}},{"from":[8,7.44307,0.66256],"to":[8,11.44307,6.66256],"rotation":{"angle":45,"axis":"x","origin":[8,9.44307,3.66256]},"faces":{"north":{"uv":[7,4,7,6],"texture":"#0"},"east":{"uv":[4,4,7,6],"texture":"#0"},"south":{"uv":[10,4,10,6],"texture":"#0"},"west":{"uv":[7,4,10,6],"texture":"#0"},"up":{"uv":[7,4,7,1],"texture":"#0"},"down":{"uv":[7,1,7,4],"texture":"#0"}}},{"from":[7.2,7.58241,3.42322],"to":[8.8,9.18241,6.02322],"rotation":{"angle":45,"axis":"x","origin":[8,8.38241,4.72322]},"faces":{"north":{"uv":[6.5,1.5,7.5,2.5],"texture":"#0"},"east":{"uv":[5,1.5,6.5,2.5],"texture":"#0"},"south":{"uv":[9,1.5,10,2.5],"texture":"#0"},"west":{"uv":[7.5,1.5,9,2.5],"texture":"#0"},"up":{"uv":[7.5,1.5,6.5,0],"texture":"#0"},"down":{"uv":[8.5,0,7.5,1.5],"texture":"#0"}}},{"from":[6.8,-0.03579,6.8],"to":[9.2,2.36421,9.2],"rotation":{"angle":-45,"axis":"x","origin":[8,1.16421,8]},"faces":{"north":{"uv":[10,11.5,11,12.5],"texture":"#0"},"east":{"uv":[9,11.5,10,12.5],"texture":"#0"},"south":{"uv":[12,11.5,13,12.5],"texture":"#0"},"west":{"uv":[11,11.5,12,12.5],"texture":"#0"},"up":{"uv":[11,11.5,10,10.5],"texture":"#0"},"down":{"uv":[12,10.5,11,11.5],"texture":"#0"}}},{"from":[6.7,6.52107,6.7],"to":[9.3,9.12107,9.3],"rotation":{"angle":-45,"axis":"x","origin":[8,7.82107,8]},"faces":{"north":{"uv":[11,4.5,12,5.5],"texture":"#0"},"east":{"uv":[10,4.5,11,5.5],"texture":"#0"},"south":{"uv":[13,4.5,14,5.5],"texture":"#0"},"west":{"uv":[12,4.5,13,5.5],"texture":"#0"},"up":{"uv":[12,4.5,11,3.5],"texture":"#0"},"down":{"uv":[13,3.5,12,4.5],"texture":"#0"}}}],"display":{"thirdperson_righthand":{"translation":[0,1.25,1]},"thirdperson_lefthand":{"translation":[0,1.25,1]},"firstperson_righthand":{"rotation":[-5,-7,0],"translation":[1.5,4.25,0],"scale":[0.7,0.7,0.7]},"firstperson_lefthand":{"rotation":[-5,-7,0],"translation":[1.5,4.25,0],"scale":[0.7,0.7,0.7]},"ground":{"translation":[0,3,0],"scale":[0.4,0.4,0.4]},"gui":{"rotation":[-125,-37,-123],"translation":[-2,-2,0],"scale":[0.7,0.7,0.7]},"head":{"scale":[1.6,1.6,1.6]},"fixed":{"rotation":[0,90,0],"translation":[0,-2.5,0.5],"scale":[0.7,0.7,0.7]}},"groups":[{"name":"obsidian_sword","origin":[0,0,0],"color":0,"children":[0,1,2,3,4,5,6,7,8,9]}]}