{"display":{"thirdperson_righthand":{"rotation":[75,45,0],"translation":[0,2.5,0],"scale":[0.375,0.375,0.375]},"thirdperson_lefthand":{"rotation":[75,45,0],"translation":[0,2.5,0],"scale":[0.375,0.375,0.375]},"firstperson_righthand":{"rotation":[-180,53.25,-180],"translation":[3,2,0],"scale":[0.4,0.4,0.4]},"firstperson_lefthand":{"rotation":[-180,53.25,-180],"translation":[3,2,0],"scale":[0.4,0.4,0.4]},"ground":{"translation":[0,3,0],"scale":[0.25,0.25,0.25]},"gui":{"rotation":[22,165,0],"translation":[0,1.5,0],"scale":[0.78,0.78,0.78]},"head":{"translation":[0,5.5,-0.25],"scale":[1.7,1.7,1.7]},"fixed":{"translation":[0,1,0]}},"texture_size":[64,64],"textures":{"0":"crates/skyrim_crate/crown_of_barenziah","particle":"crates/skyrim_crate/crown_of_barenziah"},"elements":[{"from":[3.5,2.5,5.5],"to":[4.5,10.5,7.5],"faces":{"north":{"uv":[6.25,7.75,6.5,9.75],"texture":"#0"},"east":{"uv":[4.25,7.25,4.75,9.25],"texture":"#0"},"south":{"uv":[6.5,7.75,6.75,9.75],"texture":"#0"},"west":{"uv":[4.75,7.25,5.25,9.25],"texture":"#0"},"up":{"uv":[6,6.5,5.75,6],"texture":"#0"},"down":{"uv":[9,2,8.75,2.5],"texture":"#0"}}},{"from":[3.75,1.5,4.5],"to":[3.75,12.5,7.5],"faces":{"north":{"uv":[0,0,0,2.75],"texture":"#0"},"east":{"uv":[2,5.25,2.75,8],"texture":"#0"},"south":{"uv":[0,0,0,2.75],"texture":"#0"},"west":{"uv":[2.75,5.25,3.5,8],"texture":"#0"},"up":{"uv":[0,0.75,0,0],"texture":"#0"},"down":{"uv":[0,0,0,0.75],"texture":"#0"}}},{"from":[11.5,2.5,5.5],"to":[12.5,10.5,7.5],"rotation":{"angle":0,"axis":"y","origin":[16,0,0]},"faces":{"north":{"uv":[6.75,7.75,7,9.75],"texture":"#0"},"east":{"uv":[5.25,7.25,5.75,9.25],"texture":"#0"},"south":{"uv":[2,8,2.25,10],"texture":"#0"},"west":{"uv":[5.75,7.75,6.25,9.75],"texture":"#0"},"up":{"uv":[1.75,9.5,1.5,9],"texture":"#0"},"down":{"uv":[9.25,1.5,9,2],"texture":"#0"}}},{"from":[12.25,1.5,4.5],"to":[12.25,12.5,7.5],"rotation":{"angle":0,"axis":"y","origin":[16,0,0]},"faces":{"north":{"uv":[0,0,0,2.75],"texture":"#0"},"east":{"uv":[6,2.5,6.75,5.25],"texture":"#0"},"south":{"uv":[0,0,0,2.75],"texture":"#0"},"west":{"uv":[3.5,6,4.25,8.75],"texture":"#0"},"up":{"uv":[0,0.75,0,0],"texture":"#0"},"down":{"uv":[0,0,0,0.75],"texture":"#0"}}},{"from":[3.5,6.5,3.5],"to":[12.5,8.5,4.5],"faces":{"north":{"uv":[6.75,4.75,9,5.25],"texture":"#0"},"east":{"uv":[9,2,9.25,2.5],"texture":"#0"},"south":{"uv":[7.5,5.25,9.75,5.75],"texture":"#0"},"west":{"uv":[2.25,9,2.5,9.5],"texture":"#0"},"up":{"uv":[9.75,6.5,7.5,6.25],"texture":"#0"},"down":{"uv":[10.25,2.5,8,2.75],"texture":"#0"}}},{"from":[6.5,7.5,4.25],"to":[9.5,9.5,6.25],"rotation":{"angle":22.5,"axis":"x","origin":[8,9.5,5.5]},"faces":{"north":{"uv":[8.25,0,9,0.5],"texture":"#0"},"east":{"uv":[8.25,2,8.75,2.5],"texture":"#0"},"south":{"uv":[8.25,0.5,9,1],"texture":"#0"},"west":{"uv":[1.25,8.5,1.75,9],"texture":"#0"},"up":{"uv":[9,1.5,8.25,1],"texture":"#0"},"down":{"uv":[9,1.5,8.25,2],"texture":"#0"}}},{"from":[7.5,5.75,3.25],"to":[8.5,8.75,4.25],"rotation":{"angle":0,"axis":"y","origin":[7,9.5,5.5]},"faces":{"north":{"uv":[8.75,3.75,9,4.5],"texture":"#0"},"east":{"uv":[4,8.75,4.25,9.5],"texture":"#0"},"south":{"uv":[8.25,8.75,8.5,9.5],"texture":"#0"},"west":{"uv":[8.5,8.75,8.75,9.5],"texture":"#0"},"up":{"uv":[9.25,4.5,9,4.25],"texture":"#0"},"down":{"uv":[9.5,0.5,9.25,0.75],"texture":"#0"}}},{"from":[9.5,7.5,4.25],"to":[10.5,10.5,6.25],"rotation":{"angle":22.5,"axis":"x","origin":[8,9.5,5.5]},"faces":{"north":{"uv":[8.75,8.75,9,9.5],"texture":"#0"},"east":{"uv":[3.5,5.25,4,6],"texture":"#0"},"south":{"uv":[9,0,9.25,0.75],"texture":"#0"},"west":{"uv":[8.25,3.75,8.75,4.5],"texture":"#0"},"up":{"uv":[2.75,9.5,2.5,9],"texture":"#0"},"down":{"uv":[3,9,2.75,9.5],"texture":"#0"}}},{"from":[5.5,7.5,4.25],"to":[6.5,10.5,6.25],"rotation":{"angle":22.5,"axis":"x","origin":[8,9.5,5.5]},"faces":{"north":{"uv":[9,0.75,9.25,1.5],"texture":"#0"},"east":{"uv":[0,8.5,0.5,9.25],"texture":"#0"},"south":{"uv":[1.25,9,1.5,9.75],"texture":"#0"},"west":{"uv":[0.5,8.5,1,9.25],"texture":"#0"},"up":{"uv":[3.25,9.5,3,9],"texture":"#0"},"down":{"uv":[9.25,3.25,9,3.75],"texture":"#0"}}},{"from":[7,9.5,4.25],"to":[9,11.5,6.25],"rotation":{"angle":22.5,"axis":"x","origin":[8.5,9.5,5.5]},"faces":{"north":{"uv":[2.25,8.5,2.75,9],"texture":"#0"},"east":{"uv":[2.75,8.5,3.25,9],"texture":"#0"},"south":{"uv":[8.5,6.5,9,7],"texture":"#0"},"west":{"uv":[7,8.5,7.5,9],"texture":"#0"},"up":{"uv":[9,7.5,8.5,7],"texture":"#0"},"down":{"uv":[8,8.5,7.5,9],"texture":"#0"}}},{"from":[5,9.5,4.5],"to":[11,13.5,4.5],"rotation":{"angle":22.5,"axis":"x","origin":[8.5,9.5,5.5]},"faces":{"north":{"uv":[6.75,3.75,8.25,4.75],"texture":"#0"},"east":{"uv":[0,0,0,1],"texture":"#0"},"south":{"uv":[7,6.5,8.5,7.5],"texture":"#0"},"west":{"uv":[0,0,0,1],"texture":"#0"},"up":{"uv":[1.5,0,0,0],"texture":"#0"},"down":{"uv":[1.5,0,0,0],"texture":"#0"}}},{"from":[12.5,1.5,7.5],"to":[12.5,6.5,12.5],"rotation":{"angle":0,"axis":"y","origin":[16,0,0]},"faces":{"north":{"uv":[0,0,0,1.25],"texture":"#0"},"east":{"uv":[5.75,6.5,7,7.75],"texture":"#0"},"south":{"uv":[0,0,0,1.25],"texture":"#0"},"west":{"uv":[6.75,2.5,8,3.75],"texture":"#0"},"up":{"uv":[0,1.25,0,0],"texture":"#0"},"down":{"uv":[0,0,0,1.25],"texture":"#0"}}},{"from":[3.5,1.5,7.5],"to":[3.5,6.5,12.5],"faces":{"north":{"uv":[0,0,0,1.25],"texture":"#0"},"east":{"uv":[8,2.5,6.75,3.75],"texture":"#0"},"south":{"uv":[0,0,0,1.25],"texture":"#0"},"west":{"uv":[7,6.5,5.75,7.75],"texture":"#0"},"up":{"uv":[0,1.25,0,0],"texture":"#0"},"down":{"uv":[0,0,0,1.25],"texture":"#0"}}},{"from":[3.5,1.5,12.5],"to":[12.5,6.5,12.5],"rotation":{"angle":0,"axis":"y","origin":[16,0,0]},"faces":{"north":{"uv":[6,0,8.25,1.25],"texture":"#0"},"east":{"uv":[0,0,0,1.25],"texture":"#0"},"south":{"uv":[6,1.25,8.25,2.5],"texture":"#0"},"west":{"uv":[0,0,0,1.25],"texture":"#0"},"up":{"uv":[2.25,0,0,0],"texture":"#0"},"down":{"uv":[2.25,0,0,0],"texture":"#0"}}},{"from":[3.5,6.5,4.5],"to":[4.5,8.5,5.5],"faces":{"north":{"uv":[9,6.5,9.25,7],"texture":"#0"},"east":{"uv":[7,9,7.25,9.5],"texture":"#0"},"south":{"uv":[9,7,9.25,7.5],"texture":"#0"},"west":{"uv":[7.25,9,7.5,9.5],"texture":"#0"},"up":{"uv":[1,9.5,0.75,9.25],"texture":"#0"},"down":{"uv":[9.5,0.75,9.25,1],"texture":"#0"}}},{"from":[1,3.25,7],"to":[5,8.25,8],"rotation":{"angle":0,"axis":"y","origin":[0,6,8]},"faces":{"north":{"uv":[0,7.25,1,8.5],"texture":"#0"},"east":{"uv":[3.25,8,3.5,9.25],"texture":"#0"},"south":{"uv":[1,7.25,0,8.5],"texture":"#0"},"west":{"uv":[1,8.5,1.25,9.75],"texture":"#0"},"up":{"uv":[9.25,4.75,8.25,4.5],"texture":"#0"},"down":{"uv":[9.25,8.5,8.25,8.75],"texture":"#0"}}},{"from":[-1,0.25,7.5],"to":[7,13.25,7.5],"rotation":{"angle":0,"axis":"y","origin":[0,6,8]},"faces":{"north":{"uv":[0,0,2,3.25],"texture":"#0"},"east":{"uv":[0,0,0,3.25],"texture":"#0"},"south":{"uv":[2,0,0,3.25],"texture":"#0"},"west":{"uv":[0,0,0,3.25],"texture":"#0"},"up":{"uv":[2,0,0,0],"texture":"#0"},"down":{"uv":[2,0,0,0],"texture":"#0"}}},{"from":[9,0.25,7.5],"to":[17,13.25,7.5],"rotation":{"angle":0,"axis":"y","origin":[16,6,8]},"faces":{"north":{"uv":[2,0,0,3.25],"texture":"#0"},"east":{"uv":[0,0,0,3.25],"texture":"#0"},"south":{"uv":[0,0,2,3.25],"texture":"#0"},"west":{"uv":[0,0,0,3.25],"texture":"#0"},"up":{"uv":[0,0,2,0],"texture":"#0"},"down":{"uv":[0,0,2,0],"texture":"#0"}}},{"from":[11,3.25,7],"to":[15,8.25,8],"rotation":{"angle":0,"axis":"y","origin":[16,6,8]},"faces":{"north":{"uv":[1,7.25,0,8.5],"texture":"#0"},"east":{"uv":[1.25,8.5,1,9.75],"texture":"#0"},"south":{"uv":[0,7.25,1,8.5],"texture":"#0"},"west":{"uv":[3.5,8,3.25,9.25],"texture":"#0"},"up":{"uv":[8.25,4.75,9.25,4.5],"texture":"#0"},"down":{"uv":[8.25,8.5,9.25,8.75],"texture":"#0"}}},{"from":[11.5,6.5,4.5],"to":[12.5,8.5,5.5],"rotation":{"angle":0,"axis":"y","origin":[16,0,0]},"faces":{"north":{"uv":[0,9.25,0.25,9.75],"texture":"#0"},"east":{"uv":[9.25,0,9.5,0.5],"texture":"#0"},"south":{"uv":[0.25,9.25,0.5,9.75],"texture":"#0"},"west":{"uv":[0.5,9.25,0.75,9.75],"texture":"#0"},"up":{"uv":[9.5,1.25,9.25,1],"texture":"#0"},"down":{"uv":[9.5,1.25,9.25,1.5],"texture":"#0"}}}]}