{"display":{"thirdperson_righthand":{"rotation":[47,-23,0],"translation":[2.25,-0.75,-2]},"thirdperson_lefthand":{"rotation":[47,-23,0],"translation":[2.25,-0.75,-2]},"firstperson_righthand":{"rotation":[0,0,23],"translation":[-2,-4.25,0]},"firstperson_lefthand":{"rotation":[0,0,23],"translation":[-2,-4.25,0]},"ground":{"translation":[0,3,0],"scale":[0.25,0.25,0.25]},"gui":{"rotation":[30,225,0],"translation":[1,-4.25,0],"scale":[0.825,0.825,0.825]},"fixed":{"translation":[0,-4,-2.5]}},"texture_size":[64,64],"textures":{"0":"crates/skyrim_crate/stalhrim_shield","particle":"crates/skyrim_crate/stalhrim_shield"},"elements":[{"from":[4,6,9],"to":[12,20,11],"faces":{"north":{"uv":[0,0,2,3.5],"texture":"#0"},"east":{"uv":[0,3.5,0.5,7],"texture":"#0"},"south":{"uv":[2,0,4,3.5],"texture":"#0"},"west":{"uv":[0.5,3.5,1,7],"texture":"#0"},"up":{"uv":[6,0.5,4,0],"texture":"#0"},"down":{"uv":[6,0.5,4,1],"texture":"#0"}}},{"from":[5.5,13,11],"to":[10.5,14,15],"rotation":{"angle":0,"axis":"y","origin":[0.5,0,0]},"faces":{"north":{"uv":[7.25,1,8.25,1.25],"texture":"#0"},"east":{"uv":[5,4.75,5.5,5],"texture":"#0"},"south":{"uv":[7.25,1.25,8.25,1.5],"texture":"#0"},"west":{"uv":[5.75,4.25,6.25,4.5],"texture":"#0"},"up":{"uv":[7,0.5,6,0],"texture":"#0"},"down":{"uv":[7,0.5,6,1],"texture":"#0"}}},{"from":[6.5,19,8.5],"to":[9.5,21,9.5],"rotation":{"angle":0,"axis":"y","origin":[-0.5,0,0]},"faces":{"north":{"uv":[6.5,1,7.25,1.5],"texture":"#0"},"east":{"uv":[7.25,4.25,7.5,4.75],"texture":"#0"},"south":{"uv":[6.25,6.5,7,7],"texture":"#0"},"west":{"uv":[7.25,4.75,7.5,5.25],"texture":"#0"},"up":{"uv":[2.25,7.5,1.5,7.25],"texture":"#0"},"down":{"uv":[8,2.5,7.25,2.75],"texture":"#0"}}},{"from":[6.5,5,8.5],"to":[9.5,7,9.5],"rotation":{"angle":0,"axis":"y","origin":[-0.5,16,0]},"faces":{"north":{"uv":[6.5,1.5,7.25,1],"texture":"#0"},"east":{"uv":[7.25,4.75,7.5,4.25],"texture":"#0"},"south":{"uv":[6.25,7,7,6.5],"texture":"#0"},"west":{"uv":[7.25,5.25,7.5,4.75],"texture":"#0"},"up":{"uv":[8,2.75,7.25,2.5],"texture":"#0"},"down":{"uv":[2.25,7.25,1.5,7.5],"texture":"#0"}}},{"from":[12,9,9],"to":[15,17,11],"faces":{"north":{"uv":[1,3.5,1.75,5.5],"texture":"#0"},"east":{"uv":[4,1,4.5,3],"texture":"#0"},"south":{"uv":[1.75,3.5,2.5,5.5],"texture":"#0"},"west":{"uv":[4,3,4.5,5],"texture":"#0"},"up":{"uv":[1.75,7.25,1,6.75],"texture":"#0"},"down":{"uv":[7.5,1.5,6.75,2],"texture":"#0"}}},{"from":[1,9,9],"to":[4,17,11],"rotation":{"angle":0,"axis":"y","origin":[16,0,0]},"faces":{"north":{"uv":[2.5,3.5,3.25,5.5],"texture":"#0"},"east":{"uv":[4.5,1,5,3],"texture":"#0"},"south":{"uv":[3.25,3.5,4,5.5],"texture":"#0"},"west":{"uv":[4.5,3,5,5],"texture":"#0"},"up":{"uv":[2.5,7.25,1.75,6.75],"texture":"#0"},"down":{"uv":[7.5,2,6.75,2.5],"texture":"#0"}}},{"from":[14,11.5,8.5],"to":[16,14.5,9.5],"faces":{"north":{"uv":[2.5,6.75,3,7.5],"texture":"#0"},"east":{"uv":[3,6.75,3.25,7.5],"texture":"#0"},"south":{"uv":[6.75,2.5,7.25,3.25],"texture":"#0"},"west":{"uv":[2.25,7.25,2.5,8],"texture":"#0"},"up":{"uv":[6.25,4.75,5.75,4.5],"texture":"#0"},"down":{"uv":[5.75,7.25,5.25,7.5],"texture":"#0"}}},{"from":[0,11.5,8.5],"to":[2,14.5,9.5],"rotation":{"angle":0,"axis":"y","origin":[16,0,0]},"faces":{"north":{"uv":[6.75,3.25,7.25,4],"texture":"#0"},"east":{"uv":[7.25,2.75,7.5,3.5],"texture":"#0"},"south":{"uv":[6.75,4,7.25,4.75],"texture":"#0"},"west":{"uv":[7.25,3.5,7.5,4.25],"texture":"#0"},"up":{"uv":[7.75,5.5,7.25,5.25],"texture":"#0"},"down":{"uv":[0.5,7.5,0,7.75],"texture":"#0"}}},{"from":[6.5,11.5,8],"to":[9.5,14.5,10],"rotation":{"angle":45,"axis":"z","origin":[8,13,10]},"faces":{"north":{"uv":[5.5,5.5,6.25,6.25],"texture":"#0"},"east":{"uv":[4.75,6.75,5.25,7.5],"texture":"#0"},"south":{"uv":[5.75,1,6.5,1.75],"texture":"#0"},"west":{"uv":[6.75,4.75,7.25,5.5],"texture":"#0"},"up":{"uv":[6,7.25,5.25,6.75],"texture":"#0"},"down":{"uv":[0.75,7,0,7.5],"texture":"#0"}}},{"from":[11.20711,5.37132,9.1],"to":[14.00711,9.67132,10.9],"rotation":{"angle":-45,"axis":"z","origin":[13.70711,8.12132,10]},"faces":{"north":{"uv":[5,1,5.75,2.125],"texture":"#0"},"east":{"uv":[5.75,1.75,6.25,2.875],"texture":"#0"},"south":{"uv":[5,2.25,5.75,3.375],"texture":"#0"},"west":{"uv":[5.75,3,6.25,4.125],"texture":"#0"},"up":{"uv":[7.75,0.5,7,0],"texture":"#0"},"down":{"uv":[7.75,0.5,7,1],"texture":"#0"}}},{"from":[1.99289,5.37132,9.1],"to":[4.79289,9.67132,10.9],"rotation":{"angle":45,"axis":"z","origin":[2.29289,8.12132,10]},"faces":{"north":{"uv":[5,3.5,5.75,4.625],"texture":"#0"},"east":{"uv":[6.25,1.75,6.75,2.875],"texture":"#0"},"south":{"uv":[4,5,4.75,6.125],"texture":"#0"},"west":{"uv":[6.25,3,6.75,4.125],"texture":"#0"},"up":{"uv":[7.75,6,7,5.5],"texture":"#0"},"down":{"uv":[6.75,7,6,7.5],"texture":"#0"}}},{"from":[1.99289,16.32868,9.1],"to":[4.79289,20.62868,10.9],"rotation":{"angle":-45,"axis":"z","origin":[2.29289,17.87868,10]},"faces":{"north":{"uv":[4.75,5,5.5,6.125],"texture":"#0"},"east":{"uv":[3.25,6.25,3.75,7.375],"texture":"#0"},"south":{"uv":[1,5.5,1.75,6.625],"texture":"#0"},"west":{"uv":[3.75,6.25,4.25,7.375],"texture":"#0"},"up":{"uv":[7.75,6.5,7,6],"texture":"#0"},"down":{"uv":[7.75,6.5,7,7],"texture":"#0"}}},{"from":[11.20711,16.32868,9.1],"to":[14.00711,20.62868,10.9],"rotation":{"angle":45,"axis":"z","origin":[13.70711,17.87868,10]},"faces":{"north":{"uv":[1.75,5.5,2.5,6.625],"texture":"#0"},"east":{"uv":[4.25,6.25,4.75,7.375],"texture":"#0"},"south":{"uv":[2.5,5.5,3.25,6.625],"texture":"#0"},"west":{"uv":[6.25,4.25,6.75,5.375],"texture":"#0"},"up":{"uv":[7.5,7.5,6.75,7],"texture":"#0"},"down":{"uv":[1.5,7.25,0.75,7.75],"texture":"#0"}}}],"gui_light":"front"}