{"file_name":"arm2","texture_size":[64,64],"textures":{"layer0":"manamodels/berryminion5"},"elements":[{"name":"arm2_0","from":[9.05,8.0,7.7],"to":[9.65,8.6,8.3],"rotation":{"angle":0.0,"axis":"z","origin":[8.0,8.0,8.0]},"faces":{"east":{"uv":[2.75,10.0,3.0,10.25],"texture":"#layer0","tintindex":0},"south":{"uv":[3.25,10.0,3.5,10.25],"texture":"#layer0","tintindex":0},"north":{"uv":[2.25,10.0,2.5,10.25],"texture":"#layer0","tintindex":0},"west":{"uv":[3.75,10.0,4.0,10.25],"texture":"#layer0","tintindex":0},"up":{"uv":[10.25,7.5,10.0,7.25],"texture":"#layer0","tintindex":0},"down":{"uv":[10.0,7.75,10.25,8.0],"texture":"#layer0","tintindex":0}}},{"name":"arm2_1","from":[7.85,7.4,7.4],"to":[9.05,8.6,8.6],"rotation":{"angle":0.0,"axis":"z","origin":[8.0,8.0,8.0]},"faces":{"east":{"uv":[9.0,9.5,9.5,10.0],"texture":"#layer0","tintindex":0},"south":{"uv":[9.75,5.75,10.25,6.25],"texture":"#layer0","tintindex":0},"north":{"uv":[9.5,8.75,10.0,9.25],"texture":"#layer0","tintindex":0},"west":{"uv":[9.75,6.5,10.25,7.0],"texture":"#layer0","tintindex":0},"up":{"uv":[10.25,10.0,9.75,9.5],"texture":"#layer0","tintindex":0},"down":{"uv":[0.0,10.0,0.5,10.5],"texture":"#layer0","tintindex":0}}}],"display":{"head":{"translation":[0.0,-6.4,0.0],"rotation":[0.0,0.0,0.0],"scale":[3.8095,3.8095,3.8095]},"gui":{"translation":[0.0,0.0,0.0],"rotation":[35.0,225.0,0.0],"scale":[0.625,0.625,0.625]}}}