{"credit":"Copyright ManaLabs Inc","texture_size":[32,32],"textures":{"0":"manalabs:crates/food/banana_boomerang","particle":"manalabs:crates/food/banana_boomerang"},"elements":[{"from":[5,1,2],"to":[11,7,14],"rotation":{"angle":0,"axis":"y","origin":[7,0,7]},"faces":{"north":{"uv":[3,6,6,9],"texture":"#0"},"east":{"uv":[0,0,6,3],"texture":"#0"},"south":{"uv":[6,6,9,9],"texture":"#0"},"west":{"uv":[0,3,6,6],"texture":"#0"},"up":{"uv":[3,12,0,6],"texture":"#0"},"down":{"uv":[9,0,6,6],"texture":"#0"}}},{"from":[5.5,1.25,-2.75],"to":[10.5,7.25,3.25],"rotation":{"angle":22.5,"axis":"x","origin":[8,4,2]},"faces":{"north":{"uv":[9,6,11.5,9],"texture":"#0"},"east":{"uv":[9,0,12,3],"texture":"#0"},"south":{"uv":[9,9,11.5,12],"texture":"#0"},"west":{"uv":[3,9,6,12],"texture":"#0"},"up":{"uv":[14,9,11.5,6],"texture":"#0"},"down":{"uv":[14,9,11.5,12],"texture":"#0"}}},{"from":[6.5,10.75,-4.75],"to":[9.5,14.75,-0.75],"rotation":{"angle":-22.5,"axis":"x","origin":[8,4,2]},"faces":{"north":{"uv":[14,9,11.5,12],"rotation":180,"texture":"#0"},"east":{"uv":[9,0,12,3],"rotation":270,"texture":"#0"},"south":{"uv":[14,9,11.5,6],"texture":"#0"},"west":{"uv":[3,9,6,12],"rotation":90,"texture":"#0"},"up":{"uv":[9,6,11.5,9],"rotation":180,"texture":"#0"},"down":{"uv":[9,9,11.5,12],"texture":"#0"}}},{"from":[6,0.25,-6.75],"to":[10,5.25,-0.75],"rotation":{"angle":45,"axis":"x","origin":[8,4,2]},"faces":{"north":{"uv":[9,6,11.5,9],"texture":"#0"},"east":{"uv":[9,0,12,3],"texture":"#0"},"south":{"uv":[9,9,11.5,12],"texture":"#0"},"west":{"uv":[3,9,6,12],"texture":"#0"},"up":{"uv":[14,9,11.5,6],"texture":"#0"},"down":{"uv":[14,9,11.5,12],"texture":"#0"}}},{"from":[6,-8.25,13.5],"to":[10,-3.25,19.5],"rotation":{"angle":-45,"axis":"x","origin":[8,4,2]},"faces":{"north":{"uv":[9,9,11.5,12],"texture":"#0"},"east":{"uv":[12,0,9,3],"texture":"#0"},"south":{"uv":[9,6,11.5,9],"texture":"#0"},"west":{"uv":[6,9,3,12],"texture":"#0"},"up":{"uv":[14,6,11.5,9],"texture":"#0"},"down":{"uv":[14,12,11.5,9],"texture":"#0"}}},{"from":[5.5,1.25,12.75],"to":[10.5,7.25,18.75],"rotation":{"angle":-22.5,"axis":"x","origin":[8,4,14]},"faces":{"north":{"uv":[9,12,11.5,15],"texture":"#0"},"east":{"uv":[9,3,12,6],"texture":"#0"},"south":{"uv":[12,0,14.5,3],"texture":"#0"},"west":{"uv":[9,3,12,6],"texture":"#0"},"up":{"uv":[14,15,11.5,12],"texture":"#0"},"down":{"uv":[14.5,3,12,6],"texture":"#0"}}},{"from":[7,0.75,20.75],"to":[9,4.75,26.75],"rotation":{"angle":-45,"axis":"x","origin":[8,4,14]},"faces":{"north":{"uv":[8,12,9,14],"texture":"#0"},"east":{"uv":[0,12,3,14],"texture":"#0"},"south":{"uv":[0,14,1,16],"texture":"#0"},"west":{"uv":[3,12,6,14],"texture":"#0"},"up":{"uv":[7,15,6,12],"texture":"#0"},"down":{"uv":[8,12,7,15],"texture":"#0"}}}],"display":{"thirdperson_righthand":{"rotation":[0,50,17],"translation":[0,1.5,1],"scale":[0.3,0.3,0.3]},"thirdperson_lefthand":{"rotation":[0,50,17],"translation":[0,1.5,1],"scale":[0.3,0.3,0.3]},"firstperson_righthand":{"rotation":[-149,-2,180],"translation":[5.75,1.25,0],"scale":[0.5,0.4,0.4]},"firstperson_lefthand":{"rotation":[-149,-2,180],"translation":[5.75,1.25,0],"scale":[0.5,0.4,0.4]},"ground":{"translation":[0,2,0],"scale":[0.6,0.6,0.6]},"gui":{"rotation":[-90,-51,-114],"translation":[-0.5,-0.5,0],"scale":[0.55,0.55,0.55]},"fixed":{"rotation":[-90,54,90],"translation":[0.75,-0.75,0],"scale":[0.7,0.7,0.7]}},"groups":[{"name":"root","origin":[8,8,8],"color":0,"children":[0,1,2,3,4,5,6]}]}