{"credit":"Made with Blockbench","texture_size":[64,64],"textures":{"0":"manalabs:furniture/collectibles/trophies/emerald_trophy","particle":"manalabs:furniture/collectibles/trophies/emerald_trophy"},"elements":[{"from":[6,2,5.70711],"to":[11,3,10.70711],"rotation":{"angle":45,"axis":"y","origin":[8,3,8.70711]},"faces":{"north":{"uv":[7.75,4.25,9,4.5],"texture":"#0"},"east":{"uv":[6.5,4.25,7.75,4.5],"texture":"#0"},"south":{"uv":[7.75,4.25,9,4.5],"texture":"#0"},"west":{"uv":[6.5,4.25,7.75,4.5],"texture":"#0"},"up":{"uv":[9,4.25,7.75,3],"texture":"#0"},"down":{"uv":[10.25,3,9,4.25],"texture":"#0"}}},{"from":[4,6,5],"to":[5,12,11],"rotation":{"angle":0,"axis":"y","origin":[9,3,9]},"faces":{"north":{"uv":[1.5,7.25,1.75,8.75],"texture":"#0"},"east":{"uv":[0,7.25,1.5,8.75],"texture":"#0"},"south":{"uv":[3.25,7.25,3.5,8.75],"texture":"#0"},"west":{"uv":[9.5,0.25,8,1.75],"texture":"#0"},"up":{"uv":[1.75,7.25,1.5,5.75],"texture":"#0"},"down":{"uv":[2,5.75,1.75,7.25],"texture":"#0"}}},{"from":[11,6,5],"to":[12,12,11],"rotation":{"angle":0,"axis":"y","origin":[7,3,9]},"faces":{"north":{"uv":[6,5.75,6.25,7.25],"texture":"#0"},"east":{"uv":[9.5,0.25,8,1.75],"texture":"#0"},"south":{"uv":[7.75,5.75,8,7.25],"texture":"#0"},"west":{"uv":[6.25,5.75,7.75,7.25],"texture":"#0"},"up":{"uv":[6.25,5.75,6,4.25],"texture":"#0"},"down":{"uv":[6.5,4.25,6.25,5.75],"texture":"#0"}}},{"from":[4,6,4],"to":[12,12,5],"rotation":{"angle":0,"axis":"y","origin":[9,3,9]},"faces":{"north":{"uv":[7.75,0.25,9.75,1.75],"texture":"#0"},"east":{"uv":[8,0.25,7.75,1.75],"texture":"#0"},"south":{"uv":[10,0.25,12,1.75],"texture":"#0"},"west":{"uv":[9.75,0.25,9.5,1.75],"texture":"#0"},"up":{"uv":[9.75,0.25,7.75,0],"texture":"#0"},"down":{"uv":[11.75,0,9.75,0.25],"texture":"#0"}}},{"from":[5,6,5],"to":[11,11,11],"rotation":{"angle":0,"axis":"y","origin":[9,3,9]},"faces":{"north":{"uv":[1.5,4.5,3,5.75],"texture":"#0"},"east":{"uv":[0,4.5,1.5,5.75],"texture":"#0"},"south":{"uv":[4.5,4.5,6,5.75],"texture":"#0"},"west":{"uv":[3,4.5,4.5,5.75],"texture":"#0"},"up":{"uv":[3,4.5,1.5,3],"texture":"#0"},"down":{"uv":[4.5,3,3,4.5],"texture":"#0"}}},{"from":[4,6,11],"to":[12,12,12],"rotation":{"angle":0,"axis":"y","origin":[9,3,9]},"faces":{"north":{"uv":[3.75,7.5,5.75,9],"texture":"#0"},"east":{"uv":[8,7.5,7.75,9],"texture":"#0"},"south":{"uv":[7.75,0.25,9.75,1.75],"texture":"#0"},"west":{"uv":[8,0.25,7.75,1.75],"texture":"#0"},"up":{"uv":[5.75,7.5,3.75,7.25],"texture":"#0"},"down":{"uv":[7.75,7.25,5.75,7.5],"texture":"#0"}}},{"from":[6.5,11,7.5],"to":[9.5,12,10.5],"rotation":{"angle":0,"axis":"y","origin":[8,11.5,9]},"faces":{"north":{"uv":[5.25,3.75,6,4],"texture":"#0"},"east":{"uv":[4.5,3.75,5.25,4],"texture":"#0"},"south":{"uv":[6.75,3.75,7.5,4],"texture":"#0"},"west":{"uv":[6,3.75,6.75,4],"texture":"#0"},"up":{"uv":[6,3.75,5.25,3],"texture":"#0"},"down":{"uv":[6.75,3,6,3.75],"texture":"#0"}}},{"from":[7.97843,10.9,6.82157],"to":[10.17843,12.1,9.02157],"rotation":{"angle":-45,"axis":"y","origin":[8,11.5,9]},"faces":{"north":{"uv":[2.5,6.25,3,6.5],"texture":"#0"},"east":{"uv":[2,6.25,2.5,6.5],"texture":"#0"},"south":{"uv":[3.5,6.25,4,6.5],"texture":"#0"},"west":{"uv":[3,6.25,3.5,6.5],"texture":"#0"},"up":{"uv":[3,6.25,2.5,5.75],"texture":"#0"},"down":{"uv":[3.5,5.75,3,6.25],"texture":"#0"}}},{"from":[5.82157,10.9,6.82157],"to":[8.02157,12.1,9.02157],"rotation":{"angle":45,"axis":"y","origin":[8,11.5,9]},"faces":{"north":{"uv":[0.5,2.25,1,2.5],"texture":"#0"},"east":{"uv":[0,2.25,0.5,2.5],"texture":"#0"},"south":{"uv":[1.5,2.25,2,2.5],"texture":"#0"},"west":{"uv":[1,2.25,1.5,2.5],"texture":"#0"},"up":{"uv":[1,2.25,0.5,1.75],"texture":"#0"},"down":{"uv":[1.5,1.75,1,2.25],"texture":"#0"}}},{"from":[4.5,12,5.5],"to":[7.5,13,8.5],"rotation":{"angle":45,"axis":"y","origin":[6,12.5,7]},"faces":{"north":{"uv":[5.25,3.75,6,4],"texture":"#0"},"east":{"uv":[4.5,3.75,5.25,4],"texture":"#0"},"south":{"uv":[6.75,3.75,7.5,4],"texture":"#0"},"west":{"uv":[6,3.75,6.75,4],"texture":"#0"},"up":{"uv":[6,3.75,5.25,3],"texture":"#0"},"down":{"uv":[6.75,3,6,3.75],"texture":"#0"}}},{"from":[5.97843,11.9,4.82157],"to":[8.17843,13.1,7.02157],"rotation":{"angle":0,"axis":"y","origin":[6,12.5,7]},"faces":{"north":{"uv":[2.5,6.25,3,6.5],"texture":"#0"},"east":{"uv":[2,6.25,2.5,6.5],"texture":"#0"},"south":{"uv":[3.5,6.25,4,6.5],"texture":"#0"},"west":{"uv":[3,6.25,3.5,6.5],"texture":"#0"},"up":{"uv":[3,6.25,2.5,5.75],"texture":"#0"},"down":{"uv":[3.5,5.75,3,6.25],"texture":"#0"}}},{"from":[3.82157,11.9,6.97843],"to":[6.02157,13.1,9.17843],"rotation":{"angle":0,"axis":"y","origin":[6,12.5,7]},"faces":{"north":{"uv":[0,2.25,0.5,2.5],"texture":"#0"},"east":{"uv":[1.5,2.25,2,2.5],"texture":"#0"},"south":{"uv":[1,2.25,1.5,2.5],"texture":"#0"},"west":{"uv":[0.5,2.25,1,2.5],"texture":"#0"},"up":{"uv":[1,2.25,0.5,1.75],"rotation":270,"texture":"#0"},"down":{"uv":[1.5,1.75,1,2.25],"rotation":90,"texture":"#0"}}},{"from":[8.5,12,7.5],"to":[11.5,13,10.5],"rotation":{"angle":-45,"axis":"y","origin":[10,12.5,9]},"faces":{"north":{"uv":[6,3.75,5.25,4],"texture":"#0"},"east":{"uv":[6.75,3.75,6,4],"texture":"#0"},"south":{"uv":[7.5,3.75,6.75,4],"texture":"#0"},"west":{"uv":[5.25,3.75,4.5,4],"texture":"#0"},"up":{"uv":[5.25,3.75,6,3],"texture":"#0"},"down":{"uv":[6,3,6.75,3.75],"texture":"#0"}}},{"from":[7.82157,11.9,6.82157],"to":[10.02157,13.1,9.02157],"rotation":{"angle":0,"axis":"y","origin":[10,12.5,9]},"faces":{"north":{"uv":[3,6.25,2.5,6.5],"texture":"#0"},"east":{"uv":[3.5,6.25,3,6.5],"texture":"#0"},"south":{"uv":[4,6.25,3.5,6.5],"texture":"#0"},"west":{"uv":[2.5,6.25,2,6.5],"texture":"#0"},"up":{"uv":[2.5,6.25,3,5.75],"texture":"#0"},"down":{"uv":[3,5.75,3.5,6.25],"texture":"#0"}}},{"from":[8.82157,11.4,4.82157],"to":[11.02157,12.6,7.02157],"rotation":{"angle":22.5,"axis":"y","origin":[8.92157,12.5,5.92157]},"faces":{"north":{"uv":[3,6.25,2.5,6.5],"texture":"#0"},"east":{"uv":[3.5,6.25,3,6.5],"texture":"#0"},"south":{"uv":[4,6.25,3.5,6.5],"texture":"#0"},"west":{"uv":[2.5,6.25,2,6.5],"texture":"#0"},"up":{"uv":[2.5,6.25,3,5.75],"texture":"#0"},"down":{"uv":[3,5.75,3.5,6.25],"texture":"#0"}}},{"from":[3.82157,11.9,7.82157],"to":[6.02157,13.1,10.02157],"rotation":{"angle":22.5,"axis":"y","origin":[8.92157,12.5,5.92157]},"faces":{"north":{"uv":[3,6.25,2.5,6.5],"texture":"#0"},"east":{"uv":[3.5,6.25,3,6.5],"texture":"#0"},"south":{"uv":[4,6.25,3.5,6.5],"texture":"#0"},"west":{"uv":[2.5,6.25,2,6.5],"texture":"#0"},"up":{"uv":[2.5,6.25,3,5.75],"texture":"#0"},"down":{"uv":[3,5.75,3.5,6.25],"texture":"#0"}}},{"from":[9.97843,11.9,8.97843],"to":[12.17843,13.1,11.17843],"rotation":{"angle":0,"axis":"y","origin":[10,12.5,9]},"faces":{"north":{"uv":[0.5,2.25,0,2.5],"texture":"#0"},"east":{"uv":[1,2.25,0.5,2.5],"texture":"#0"},"south":{"uv":[1.5,2.25,1,2.5],"texture":"#0"},"west":{"uv":[2,2.25,1.5,2.5],"texture":"#0"},"up":{"uv":[1,1.75,0.5,2.25],"rotation":270,"texture":"#0"},"down":{"uv":[1.5,2.25,1,1.75],"rotation":90,"texture":"#0"}}},{"from":[-3,5,8],"to":[5,12,8],"rotation":{"angle":0,"axis":"y","origin":[7,3,9]},"faces":{"north":{"uv":[12,4.5,10,6.25],"texture":"#0"},"east":{"uv":[8,4.5,8,6.25],"texture":"#0"},"south":{"uv":[10,4.5,12,6.25],"texture":"#0"},"west":{"uv":[10,4.5,10,6.25],"texture":"#0"},"up":{"uv":[10,4.5,8,4.5],"texture":"#0"},"down":{"uv":[12,4.5,10,4.5],"texture":"#0"}}},{"from":[11,5,8],"to":[19,12,8],"rotation":{"angle":0,"axis":"y","origin":[9,3,9]},"faces":{"north":{"uv":[10,4.5,12,6.25],"texture":"#0"},"east":{"uv":[10,4.5,10,6.25],"texture":"#0"},"south":{"uv":[12,4.5,10,6.25],"texture":"#0"},"west":{"uv":[8,4.5,8,6.25],"texture":"#0"},"up":{"uv":[8,4.5,10,4.5],"texture":"#0"},"down":{"uv":[10,4.5,12,4.5],"texture":"#0"}}},{"from":[7,3,7],"to":[9,8,9],"rotation":{"angle":0,"axis":"y","origin":[9,3,9]},"faces":{"north":{"uv":[0.5,0.5,1,1.75],"texture":"#0"},"east":{"uv":[0.5,0.5,1,1.75],"texture":"#0"},"south":{"uv":[0.5,0.5,1,1.75],"texture":"#0"},"west":{"uv":[0.5,0.5,1,1.75],"texture":"#0"},"up":{"uv":[1,0.5,0.5,0],"texture":"#0"},"down":{"uv":[1.5,0,1,0.5],"texture":"#0"}}},{"from":[3,0,3],"to":[13,2,13],"rotation":{"angle":0,"axis":"y","origin":[8,0,8]},"faces":{"north":{"uv":[2.5,2.5,5,3],"texture":"#0"},"east":{"uv":[2.5,2.5,5,3],"texture":"#0"},"south":{"uv":[7.5,2.5,10,3],"texture":"#0"},"west":{"uv":[2.5,2.5,5,3],"texture":"#0"},"up":{"uv":[5,2.5,2.5,0],"texture":"#0"},"down":{"uv":[5,0,2.5,2.5],"texture":"#0"}}}],"gui_light":"front","display":{"thirdperson_righthand":{"rotation":[75,45,0],"translation":[0,2.5,2],"scale":[0.375,0.375,0.375]},"thirdperson_lefthand":{"rotation":[75,45,0],"translation":[0,2.5,2],"scale":[0.375,0.375,0.375]},"firstperson_righthand":{"rotation":[0,135,0],"translation":[1.75,2.5,0],"scale":[0.4,0.4,0.4]},"firstperson_lefthand":{"rotation":[0,135,0],"translation":[1.75,2.5,0],"scale":[0.4,0.4,0.4]},"ground":{"translation":[0,3,0],"scale":[0.5,0.5,0.5]},"gui":{"rotation":[13,-151,0],"translation":[0,1.5,0],"scale":[0.9,0.9,0.9]},"head":{"translation":[0,-30.25,0],"scale":[1.6,1.6,1.6]},"fixed":{"translation":[0,1.75,-2.5],"scale":[1.6,1.6,1.6]}},"groups":[{"name":"root","origin":[8,0,8],"color":0,"children":[0,1,2,3,4,5,6,7,8,9,10,11,12,13,14,15,16,17,18,19,20]}],"file_name":"head"}