{"file_name":"arm2","texture_size":[64,64],"textures":{"layer0":"manamodels/penguin"},"elements":[{"name":"arm2_0","from":[8.3,2.6,6.8],"to":[8.9,8.0,9.2],"rotation":{"angle":0.0,"axis":"z","origin":[8.9,5.6,8.0]},"faces":{"east":{"uv":[8.75,1.0,7.75,3.25],"texture":"#layer0","tintindex":0},"south":{"uv":[9.0,1.0,8.75,3.25],"texture":"#layer0","tintindex":0},"north":{"uv":[7.75,1.0,7.5,3.25],"texture":"#layer0","tintindex":0},"west":{"uv":[7.5,1.0,6.5,3.25],"texture":"#layer0","tintindex":0},"up":{"uv":[7.5,1.0,7.75,0.0],"texture":"#layer0","tintindex":0},"down":{"uv":[8.0,0.0,7.75,1.0],"texture":"#layer0","tintindex":0}}}],"display":{"head":{"translation":[0.0,-6.4,0.0],"rotation":[0.0,0.0,0.0],"scale":[3.8095,3.8095,3.8095]},"gui":{"translation":[0.0,0.0,0.0],"rotation":[35.0,225.0,0.0],"scale":[0.625,0.625,0.625]}}}