{"file_name":"leg1","texture_size":[64,64],"textures":{"layer0":"manamodels/penguin"},"elements":[{"name":"leg1_0","from":[6.5,7.7,5.0],"to":[8.3,8.3,8.0],"rotation":{"angle":0.0,"axis":"y","origin":[8.0,8.0,6.2]},"faces":{"east":{"uv":[4.75,8.0,6.0,8.25],"texture":"#layer0","tintindex":0},"south":{"uv":[8.0,8.0,8.75,8.25],"texture":"#layer0","tintindex":0},"north":{"uv":[6.0,8.0,6.75,8.25],"texture":"#layer0","tintindex":0},"west":{"uv":[6.75,8.0,8.0,8.25],"texture":"#layer0","tintindex":0},"up":{"uv":[6.75,8.0,6.0,6.75],"texture":"#layer0","tintindex":0},"down":{"uv":[6.75,6.75,7.5,8.0],"texture":"#layer0","tintindex":0}}}],"display":{"head":{"translation":[0.0,-6.4,0.0],"rotation":[0.0,0.0,0.0],"scale":[3.8095,3.8095,3.8095]},"gui":{"translation":[0.0,0.0,0.0],"rotation":[35.0,225.0,0.0],"scale":[0.625,0.625,0.625]}}}