{"textures":{"0":"modelengine:custom/iceologer","particle":"modelengine:custom/iceologer"},"elements":[{"from":[14.0,15.0,6.0],"to":[14.0,29.0,12.0],"faces":{"east":{"uv":[0.0,4.0,0.75,5.75],"tintindex":0,"rotation":0,"texture":"#0"},"west":{"uv":[0.75,4.0,1.5,5.75],"tintindex":0,"rotation":0,"texture":"#0"}}},{"from":[4.0,15.0,6.0],"to":[14.0,29.0,6.0],"faces":{"south":{"uv":[8.75,11.25,10.0,13.0],"tintindex":0,"rotation":0,"texture":"#0"},"north":{"uv":[7.5,11.25,8.75,13.0],"tintindex":0,"rotation":0,"texture":"#0"}}},{"from":[4.0,15.0,12.0],"to":[14.0,29.0,12.0],"faces":{"south":{"uv":[6.25,11.0,7.5,12.75],"tintindex":0,"rotation":0,"texture":"#0"},"north":{"uv":[5.0,11.0,6.25,12.75],"tintindex":0,"rotation":0,"texture":"#0"}}},{"from":[14.0,29.0,6.0],"to":[4.0,15.0,6.0],"faces":{"south":{"uv":[7.5,13.0,8.75,11.25],"tintindex":0,"rotation":0,"texture":"#0"},"north":{"uv":[8.75,13.0,10.0,11.25],"tintindex":0,"rotation":0,"texture":"#0"}}},{"from":[4.0,29.0,6.0],"to":[14.0,29.0,12.0],"faces":{"up":{"uv":[7.25,2.0,6.0,1.25],"tintindex":0,"rotation":0,"texture":"#0"},"down":{"uv":[8.5,1.25,7.25,2.0],"tintindex":0,"rotation":0,"texture":"#0"}}},{"from":[4.0,15.0,6.0],"to":[4.0,29.0,12.0],"faces":{"east":{"uv":[0.0,8.0,0.75,9.75],"tintindex":0,"rotation":0,"texture":"#0"},"west":{"uv":[0.75,8.0,1.5,9.75],"tintindex":0,"rotation":0,"texture":"#0"}}}],"display":{"gui":{"rotation":[30,225,0]}}}