{"credit":"MadewithBlockbench","texture_size":[32,32],"textures":{"0":"manalabs:furniture/pirate/pirate_decor","particle":"manalabs:furniture/pirate/pirate_decor"},"elements":[{"from":[13,0,1.5],"to":[15,2,13.5],"rotation":{"angle":0,"axis":"y","origin":[6,1,9]},"faces":{"north":{"uv":[2.5,10,3.5,11],"texture":"#0"},"east":{"uv":[2.5,0,8.5,1],"texture":"#0"},"south":{"uv":[2.5,10,3.5,11],"texture":"#0"},"west":{"uv":[8.5,0,2.5,1],"texture":"#0"},"up":{"uv":[3.5,8,2.5,2],"texture":"#0"},"down":{"uv":[3.5,2,2.5,8],"texture":"#0"}}},{"from":[6.5,1,7.5],"to":[8.5,3,11.5],"rotation":{"angle":45,"axis":"y","origin":[9,2,6.375]},"faces":{"north":{"uv":[8,10,9,11],"texture":"#0"},"east":{"uv":[10.5,5.5,8.5,6.5],"texture":"#0"},"south":{"uv":[9,10,10,11],"texture":"#0"},"west":{"uv":[8.5,5.5,10.5,6.5],"texture":"#0"},"up":{"uv":[6.5,10.5,5.5,8.5],"texture":"#0"},"down":{"uv":[6.5,8.5,5.5,10.5],"texture":"#0"}}},{"from":[6,0.5,3.5],"to":[9,3.5,7.5],"rotation":{"angle":45,"axis":"y","origin":[9,2,6.375]},"faces":{"north":{"uv":[8,8,9.5,9.5],"texture":"#0"},"east":{"uv":[2,7.5,0,9],"texture":"#0"},"south":{"uv":[8.5,0,10,1.5],"texture":"#0"},"west":{"uv":[0,7.5,2,9],"texture":"#0"},"up":{"uv":[3.5,10,2,8],"texture":"#0"},"down":{"uv":[3.5,8,2,10],"texture":"#0"}}},{"from":[5.5,0,-1.5],"to":[9.5,4,3.5],"rotation":{"angle":45,"axis":"y","origin":[9,2,6.375]},"faces":{"north":{"uv":[6.5,6,8.5,8],"texture":"#0"},"east":{"uv":[7,4,4.5,6],"texture":"#0"},"south":{"uv":[7,2,9,4],"texture":"#0"},"west":{"uv":[4.5,4,7,6],"texture":"#0"},"up":{"uv":[2,7.5,0,5],"texture":"#0"},"down":{"uv":[2,7.5,0,5],"texture":"#0"}}},{"from":[6,0.5,-2],"to":[9,3.5,-1.5],"rotation":{"angle":45,"axis":"y","origin":[9,2,6.375]},"faces":{"north":{"uv":[4.5,2,6,3.5],"texture":"#0"},"east":{"uv":[6,2,6.25,3.5],"texture":"#0"},"south":{"uv":[4.5,6,6,7.5],"texture":"#0"},"west":{"uv":[6,6,6.25,7.5],"texture":"#0"},"up":{"uv":[6,3.75,4.5,3.5],"texture":"#0"},"down":{"uv":[6,7.5,4.5,7.75],"texture":"#0"}}},{"from":[3.25,0.75,14],"to":[4.25,1.75,15],"rotation":{"angle":-22.5,"axis":"y","origin":[3.75,1.125,12]},"faces":{"north":{"uv":[7,5.5,7.5,6],"texture":"#0"},"east":{"uv":[7.5,5.5,8,6],"texture":"#0"},"south":{"uv":[3.5,8,4,8.5],"texture":"#0"},"west":{"uv":[4,8,4.5,8.5],"texture":"#0"},"up":{"uv":[8.5,6,8,5.5],"texture":"#0"},"down":{"uv":[9,1.5,8.5,2],"texture":"#0"}}},{"from":[1.25,1,13],"to":[6.25,2.5,14],"rotation":{"angle":-22.5,"axis":"y","origin":[3.75,1.125,12]},"faces":{"north":{"uv":[9,2.5,11.5,3.25],"texture":"#0"},"east":{"uv":[6,10.5,5.5,11.25],"texture":"#0"},"south":{"uv":[8.5,6.5,11,7.25],"texture":"#0"},"west":{"uv":[5.5,10.5,6,11.25],"texture":"#0"},"up":{"uv":[12,9.5,9.5,9],"texture":"#0"},"down":{"uv":[12.5,0,10,0.5],"texture":"#0"}}},{"from":[1.25,1,10],"to":[2.25,2.5,13],"rotation":{"angle":-22.5,"axis":"y","origin":[3.75,1.125,12]},"faces":{"north":{"uv":[10.5,5.5,11,6.25],"texture":"#0"},"east":{"uv":[3.5,9.5,5,10.25],"texture":"#0"},"south":{"uv":[6,10.5,6.5,11.25],"texture":"#0"},"west":{"uv":[10,0.5,11.5,1.25],"texture":"#0"},"up":{"uv":[2.5,6.5,2,5],"texture":"#0"},"down":{"uv":[2.5,6.5,2,8],"texture":"#0"}}},{"from":[5.25,1,10],"to":[6.25,2.5,13],"rotation":{"angle":-22.5,"axis":"y","origin":[3.75,1.125,12]},"faces":{"north":{"uv":[10.5,9.5,11,10.25],"texture":"#0"},"east":{"uv":[11.5,0.5,10,1.25],"texture":"#0"},"south":{"uv":[10.5,10.5,11,11.25],"texture":"#0"},"west":{"uv":[3.5,9.5,5,10.25],"texture":"#0"},"up":{"uv":[5.5,11,5,9.5],"texture":"#0"},"down":{"uv":[10.5,10,10,11.5],"texture":"#0"}}},{"from":[1.25,0,9],"to":[6.25,1,14],"rotation":{"angle":-22.5,"axis":"y","origin":[3.75,1.125,12]},"faces":{"north":{"uv":[8.5,7.5,11,8],"texture":"#0"},"east":{"uv":[10.5,9.5,8,10],"texture":"#0"},"south":{"uv":[8.5,7.5,11,8],"texture":"#0"},"west":{"uv":[8,9.5,10.5,10],"texture":"#0"},"up":{"uv":[2.5,2.5,0,0],"texture":"#0"},"down":{"uv":[2.5,2.5,0,5],"texture":"#0"}}},{"from":[1.25,1,9],"to":[6.25,2.5,10],"rotation":{"angle":-22.5,"axis":"y","origin":[3.75,1.125,12]},"faces":{"north":{"uv":[8.5,6.5,11,7.25],"texture":"#0"},"east":{"uv":[4.5,10.5,4,11.25],"texture":"#0"},"south":{"uv":[9,2.5,11.5,3.25],"texture":"#0"},"west":{"uv":[4,10.5,4.5,11.25],"texture":"#0"},"up":{"uv":[12,8.5,9.5,8],"texture":"#0"},"down":{"uv":[12,8.5,9.5,9],"texture":"#0"}}}],"gui_light":"front","display":{"thirdperson_righthand":{"rotation":[67.5,0,0],"translation":[0,2.25,1],"scale":[0.27344,0.27344,0.27344]},"thirdperson_lefthand":{"rotation":[67.5,0,0],"translation":[0,2.25,1],"scale":[0.27344,0.27344,0.27344]},"firstperson_righthand":{"translation":[1.25,4.5,0],"scale":[0.45258,0.45258,0.45258]},"firstperson_lefthand":{"translation":[1.25,4.5,0],"scale":[0.45258,0.45258,0.45258]},"ground":{"translation":[0,6,0],"scale":[0.6,0.6,0.6]},"gui":{"rotation":[30,135,0],"translation":[0.25,4,0],"scale":[0.75211,0.75211,0.75211]},"head":{"rotation":[0,180,0],"translation":[0,-30.4,0],"scale":[1.6,1.6,1.6]},"fixed":{"rotation":[-90,0,0],"translation":[0,0,-16],"scale":[2,2,2]}},"groups":[0,{"name":"group","origin":[0,0,0],"color":0,"children":[1,2,3,4]},{"name":"group","origin":[0,0,0],"color":0,"children":[5,6,7,8,9,10]}]}