{"credit":"MadewithBlockbench","texture_size":[64,64],"textures":{"0":"manalabs:furniture/pirate/ship_wheel","particle":"manalabs:furniture/pirate/ship_wheel"},"elements":[{"from":[6,9,4],"to":[10,13,6],"rotation":{"angle":0,"axis":"y","origin":[0,5,-3]},"faces":{"north":{"uv":[3.75,3.25,4.75,4.25],"texture":"#0"},"east":{"uv":[6.5,7.25,6,8.25],"texture":"#0"},"south":{"uv":[3.75,3.25,4.75,4.25],"texture":"#0"},"west":{"uv":[6,7.25,6.5,8.25],"texture":"#0"},"up":{"uv":[8.25,5.75,7.25,5.25],"texture":"#0"},"down":{"uv":[8.25,5.25,7.25,5.75],"texture":"#0"}}},{"from":[7,10,3],"to":[9,12,7],"rotation":{"angle":-45,"axis":"z","origin":[8,11,5]},"faces":{"north":{"uv":[8,8,8.5,8.5],"texture":"#0"},"east":{"uv":[7.5,0.75,8.5,1.25],"texture":"#0"},"south":{"uv":[0,8.25,0.5,8.75],"texture":"#0"},"west":{"uv":[7.5,0.75,8.5,1.25],"texture":"#0"},"up":{"uv":[1.75,8.5,1.25,7.5],"texture":"#0"},"down":{"uv":[1.75,8.5,1.25,7.5],"texture":"#0"}}},{"from":[5,1,7],"to":[11,14,10],"rotation":{"angle":0,"axis":"y","origin":[0,5,-2]},"faces":{"north":{"uv":[1.5,0,3,3.25],"texture":"#0"},"east":{"uv":[1.75,3.25,2.5,6.5],"texture":"#0"},"south":{"uv":[3.5,4.5,5,7.75],"texture":"#0"},"west":{"uv":[0.5,6.5,1.25,9.75],"texture":"#0"},"up":{"uv":[3.25,7.75,1.75,7],"texture":"#0"},"down":{"uv":[9.75,1.5,8.25,2.25],"texture":"#0"}}},{"from":[4,0,6],"to":[12,1,11],"rotation":{"angle":0,"axis":"y","origin":[0,5,-2]},"faces":{"north":{"uv":[7.5,0,9.5,0.25],"texture":"#0"},"east":{"uv":[7.5,1.25,8.75,1.5],"texture":"#0"},"south":{"uv":[7.5,0,9.5,0.25],"texture":"#0"},"west":{"uv":[7.5,1.25,8.75,1.5],"texture":"#0"},"up":{"uv":[5,1.25,3,0],"texture":"#0"},"down":{"uv":[5,1.25,3,2.5],"texture":"#0"}}},{"from":[0.5,15.08,4.001],"to":[5.5,17.08,5.991],"rotation":{"angle":45,"axis":"z","origin":[5.5,17.1,5]},"faces":{"north":{"uv":[6.25,0.5,7.5,1],"texture":"#0"},"east":{"uv":[6.5,7.75,7,8.25],"texture":"#0"},"south":{"uv":[7.5,0.5,6.25,1],"texture":"#0"},"west":{"uv":[7,7.75,7.5,8.25],"texture":"#0"},"up":{"uv":[7.5,6.25,6.25,5.75],"texture":"#0"},"down":{"uv":[7.5,6.25,6.25,6.75],"texture":"#0"}}},{"from":[5.5,15.08,4],"to":[10.5,17.08,6],"rotation":{"angle":0,"axis":"y","origin":[0,21.1,2]},"faces":{"north":{"uv":[6,4.75,7.25,5.25],"texture":"#0"},"east":{"uv":[7.75,4.25,8.25,4.75],"texture":"#0"},"south":{"uv":[7.25,4.75,6,5.25],"texture":"#0"},"west":{"uv":[5,7.75,5.5,8.25],"texture":"#0"},"up":{"uv":[7.25,5.75,6,5.25],"texture":"#0"},"down":{"uv":[7.5,0,6.25,0.5],"texture":"#0"}}},{"from":[10.5,15.08,4.001],"to":[15.5,17.08,5.991],"rotation":{"angle":-45,"axis":"z","origin":[10.5,17.1,5]},"faces":{"north":{"uv":[5.25,2.75,6.5,3.25],"texture":"#0"},"east":{"uv":[2.75,7.75,3.25,8.25],"texture":"#0"},"south":{"uv":[6.5,2.75,5.25,3.25],"texture":"#0"},"west":{"uv":[3.25,7.75,3.75,8.25],"texture":"#0"},"up":{"uv":[7,2.5,5.75,2],"texture":"#0"},"down":{"uv":[7.25,3.75,6,4.25],"texture":"#0"}}},{"from":[12.03553,8.53553,4],"to":[14.03553,13.53553,6],"rotation":{"angle":0,"axis":"y","origin":[10.5,5,5]},"faces":{"north":{"uv":[1.25,5,1.75,6.25],"texture":"#0"},"east":{"uv":[5,4.75,5.5,6],"texture":"#0"},"south":{"uv":[1.75,5,1.25,6.25],"texture":"#0"},"west":{"uv":[5.5,4.75,6,6],"texture":"#0"},"up":{"uv":[2.75,8.25,2.25,7.75],"texture":"#0"},"down":{"uv":[8.25,2.5,7.75,3],"texture":"#0"}}},{"from":[10.5,5,4.001],"to":[15.5,7,5.991],"rotation":{"angle":45,"axis":"z","origin":[10.5,5,5]},"faces":{"north":{"uv":[4.75,3.75,6,4.25],"texture":"#0"},"east":{"uv":[7.5,7.5,8,8],"texture":"#0"},"south":{"uv":[6,3.75,4.75,4.25],"texture":"#0"},"west":{"uv":[0,7.75,0.5,8.25],"texture":"#0"},"up":{"uv":[6.25,1,5,0.5],"texture":"#0"},"down":{"uv":[6.25,1,5,1.5],"texture":"#0"}}},{"from":[5.5,5,4],"to":[10.5,7,6],"rotation":{"angle":0,"axis":"y","origin":[0,1,2]},"faces":{"north":{"uv":[7,2,8.25,2.5],"texture":"#0"},"east":{"uv":[7.5,8,8,8.5],"texture":"#0"},"south":{"uv":[8.25,2,7,2.5],"texture":"#0"},"west":{"uv":[8,7.5,8.5,8],"texture":"#0"},"up":{"uv":[8.5,4.25,7.25,3.75],"texture":"#0"},"down":{"uv":[8.5,4.75,7.25,5.25],"texture":"#0"}}},{"from":[0.5,5,4.001],"to":[5.5,7,5.991],"rotation":{"angle":-45,"axis":"z","origin":[5.5,5,5]},"faces":{"north":{"uv":[6.5,2.5,7.75,3],"texture":"#0"},"east":{"uv":[8,6.25,8.5,6.75],"texture":"#0"},"south":{"uv":[6.5,2.5,7.75,3],"texture":"#0"},"west":{"uv":[8,6.75,8.5,7.25],"texture":"#0"},"up":{"uv":[8,7.25,6.75,6.75],"texture":"#0"},"down":{"uv":[8.25,1.5,7,2],"texture":"#0"}}},{"from":[1.96447,8.53553,4],"to":[3.96447,13.53553,6],"rotation":{"angle":0,"axis":"y","origin":[5.5,5,5]},"faces":{"north":{"uv":[3,5.75,3.5,7],"texture":"#0"},"east":{"uv":[1.25,6.25,1.75,7.5],"texture":"#0"},"south":{"uv":[3.5,5.75,3,7],"texture":"#0"},"west":{"uv":[5,6.5,5.5,7.75],"texture":"#0"},"up":{"uv":[2.25,8.5,1.75,8],"texture":"#0"},"down":{"uv":[8.5,5.75,8,6.25],"texture":"#0"}}},{"from":[0,10.5,4.5],"to":[16,11.5,5.5],"rotation":{"angle":-45,"axis":"z","origin":[8,11,5]},"faces":{"north":{"uv":[3.75,4.25,7.75,4.5],"rotation":180,"texture":"#0"},"east":{"uv":[5,1.75,5.25,2],"rotation":180,"texture":"#0"},"south":{"uv":[3.75,4.25,7.75,4.5],"rotation":180,"texture":"#0"},"west":{"uv":[5,1.75,5.25,2],"rotation":180,"texture":"#0"},"up":{"uv":[3.75,4.25,7.75,4.5],"rotation":180,"texture":"#0"},"down":{"uv":[3.75,4.25,7.75,4.5],"rotation":180,"texture":"#0"}}},{"from":[7.5,3,4.5],"to":[8.5,19,5.5],"rotation":{"angle":0,"axis":"y","origin":[8,11,5]},"faces":{"north":{"uv":[3.75,4.25,7.75,4.5],"rotation":90,"texture":"#0"},"east":{"uv":[3.75,4.25,7.75,4.5],"rotation":270,"texture":"#0"},"south":{"uv":[3.75,4.25,7.75,4.5],"rotation":270,"texture":"#0"},"west":{"uv":[3.75,4.25,7.75,4.5],"rotation":270,"texture":"#0"},"up":{"uv":[5,1.75,5.25,2],"rotation":270,"texture":"#0"},"down":{"uv":[5,1.75,5.25,2],"rotation":270,"texture":"#0"}}},{"from":[0,10.5,4.5],"to":[16,11.5,5.5],"rotation":{"angle":0,"axis":"y","origin":[0,5,-3]},"faces":{"north":{"uv":[3.75,4.25,7.75,4.5],"texture":"#0"},"east":{"uv":[5,1.75,5.25,2],"texture":"#0"},"south":{"uv":[3.75,4.25,7.75,4.5],"texture":"#0"},"west":{"uv":[5,1.75,5.25,2],"texture":"#0"},"up":{"uv":[3.75,4.25,7.75,4.5],"texture":"#0"},"down":{"uv":[3.75,4.25,7.75,4.5],"texture":"#0"}}},{"from":[7.5,3,4.5],"to":[8.5,19,5.5],"rotation":{"angle":-45,"axis":"z","origin":[8,11,5]},"faces":{"north":{"uv":[3.75,4.25,7.75,4.5],"rotation":90,"texture":"#0"},"east":{"uv":[3.75,4.25,7.75,4.5],"rotation":270,"texture":"#0"},"south":{"uv":[3.75,4.25,7.75,4.5],"rotation":270,"texture":"#0"},"west":{"uv":[3.75,4.25,7.75,4.5],"rotation":270,"texture":"#0"},"up":{"uv":[5,1.75,5.25,2],"rotation":270,"texture":"#0"},"down":{"uv":[5,1.75,5.25,2],"rotation":270,"texture":"#0"}}},{"from":[6,14.85,6.75],"to":[10,18.85,10.75],"rotation":{"angle":22.5,"axis":"x","origin":[8,15.54317,8.3359]},"faces":{"north":{"uv":[0,0,1,1],"texture":"#0"},"east":{"uv":[1,3,0,4],"texture":"#0"},"south":{"uv":[0,2,1,3],"texture":"#0"},"west":{"uv":[0,3,1,4],"texture":"#0"},"up":{"uv":[0,2,1,3],"texture":"#0"},"down":{"uv":[0,2,1,3],"texture":"#0"}}},{"from":[6.75,13.99429,6.45321],"to":[9.25,14.99429,8.45321],"rotation":{"angle":0,"axis":"y","origin":[8,15.54317,8.3359]},"faces":{"north":{"uv":[3,3,3.625,3.25],"texture":"#0"},"east":{"uv":[1.5,0.25,1,0.5],"texture":"#0"},"south":{"uv":[1,3.75,1.625,4],"texture":"#0"},"west":{"uv":[1,0.25,1.5,0.5],"texture":"#0"},"up":{"uv":[3.625,3,3,2.5],"texture":"#0"},"down":{"uv":[1.625,3.25,1,3.75],"texture":"#0"}}}],"gui_light":"front","display":{"thirdperson_righthand":{"rotation":[67.5,0,0],"translation":[0,1,0.75],"scale":[0.30977,0.31172,0.30977]},"thirdperson_lefthand":{"rotation":[67.5,0,0],"translation":[0,1,0.75],"scale":[0.30977,0.31172,0.30977]},"firstperson_righthand":{"translation":[3.5,3,0],"scale":[0.39961,0.39961,0.39961]},"firstperson_lefthand":{"translation":[3.5,3,0],"scale":[0.39961,0.39961,0.39961]},"ground":{"translation":[0,6,0],"scale":[0.6,0.6,0.6]},"gui":{"rotation":[30,135,0],"translation":[0,-0.75,0],"scale":[0.70719,0.70719,0.70719]},"head":{"translation":[0,-27.4,0],"scale":[2,2,2]},"fixed":{"rotation":[-90,0,0],"translation":[0,0,-16],"scale":[2,2,2]}},"groups":[0,1,2,3,{"name":"group","origin":[8,11,5],"color":0,"children":[4,5,6,7,8,9,10,11,12,13,14,15]},16,17]}