{"file_name":"bottomleg6","texture_size":[64,64],"textures":{"layer0":"manamodels/kryknaboss"},"elements":[{"name":"bottomleg6_0","from":[-13.120002,6.6799994,6.68],"to":[8.0,9.32,9.32],"rotation":{"angle":0.0,"axis":"z","origin":[8.0,8.0,8.0]},"faces":{"east":{"uv":[7.5,12.0,8.0,12.5],"texture":"#layer0","tintindex":0},"south":{"uv":[8.0,7.0,12.0,7.5],"texture":"#layer0","tintindex":0},"north":{"uv":[8.0,7.5,12.0,8.0],"texture":"#layer0","tintindex":0},"west":{"uv":[7.0,12.0,7.5,12.5],"texture":"#layer0","tintindex":0},"up":{"uv":[0.0,10.0,4.0,10.5],"texture":"#layer0","tintindex":0},"down":{"uv":[4.0,11.0,0.0,10.5],"texture":"#layer0","tintindex":0}}}],"display":{"head":{"translation":[0.0,-6.4,0.0],"rotation":[0.0,0.0,0.0],"scale":[3.8095,3.8095,3.8095]},"gui":{"translation":[0.0,0.0,0.0],"rotation":[35.0,225.0,0.0],"scale":[0.625,0.625,0.625]}}}