{"file_name":"jaw","texture_size":[64,64],"textures":{"layer0":"manamodels/tiger"},"elements":[{"name":"jaw_0","from":[6.2060003,6.8059998,5.726001],"to":[9.794001,7.994,8.114],"rotation":{"angle":0.0,"axis":"z","origin":[8.0,8.0,8.0]},"faces":{"east":{"uv":[10.0,9.5,11.0,10.0],"texture":"#layer0","tintindex":0},"south":{"uv":[14.25,4.75,15.75,5.25],"texture":"#layer0","tintindex":0},"north":{"uv":[14.0,10.75,15.5,11.25],"texture":"#layer0","tintindex":0},"west":{"uv":[11.0,10.5,12.0,11.0],"texture":"#layer0","tintindex":0},"up":{"uv":[10.5,13.5,9.0,12.5],"texture":"#layer0","tintindex":0},"down":{"uv":[12.5,0.0,14.0,1.0],"texture":"#layer0","tintindex":0}}}],"display":{"head":{"translation":[0.0,-6.4,0.0],"rotation":[0.0,0.0,0.0],"scale":[3.8095,3.8095,3.8095]},"gui":{"translation":[0.0,0.0,0.0],"rotation":[35.0,225.0,0.0],"scale":[0.625,0.625,0.625]}}}