{"file_name":"mid_frontleg_left","texture_size":[64,64],"textures":{"layer0":"manamodels/tiger"},"elements":[{"name":"mid_frontleg_left_0","from":[6.7939997,3.1939998,5.594],"to":[9.206,8.0060005,8.0060005],"rotation":{"angle":0.0,"axis":"z","origin":[8.0,8.0,8.0]},"faces":{"east":{"uv":[9.0,12.5,8.0,14.5],"texture":"#layer0","tintindex":0},"south":{"uv":[13.0,6.5,12.0,8.5],"texture":"#layer0","tintindex":0},"north":{"uv":[13.0,12.0,12.0,14.0],"texture":"#layer0","tintindex":0},"west":{"uv":[13.0,4.5,12.0,6.5],"texture":"#layer0","tintindex":0},"up":{"uv":[14.0,15.0,15.0,14.0],"texture":"#layer0","tintindex":0},"down":{"uv":[15.0,0.0,14.0,1.0],"texture":"#layer0","tintindex":0}}},{"name":"mid_frontleg_left_1","from":[6.8,1.3999997,4.3999996],"to":[9.2,3.1999998,8.0],"rotation":{"angle":0.0,"axis":"z","origin":[8.0,8.0,8.0]},"faces":{"east":{"uv":[15.0,2.5,13.5,3.25],"texture":"#layer0","tintindex":0},"south":{"uv":[7.0,14.5,6.0,15.25],"texture":"#layer0","tintindex":0},"north":{"uv":[6.0,14.5,5.0,15.25],"texture":"#layer0","tintindex":0},"west":{"uv":[15.0,1.75,13.5,2.5],"texture":"#layer0","tintindex":0},"up":{"uv":[6.0,14.5,7.0,13.0],"texture":"#layer0","tintindex":0},"down":{"uv":[8.0,13.0,7.0,14.5],"texture":"#layer0","tintindex":0}}}],"display":{"head":{"translation":[0.0,-6.4,0.0],"rotation":[0.0,0.0,0.0],"scale":[3.8095,3.8095,3.8095]},"gui":{"translation":[0.0,0.0,0.0],"rotation":[35.0,225.0,0.0],"scale":[0.625,0.625,0.625]}}}