{"file_name":"leg_bottom","texture_size":[128,128],"textures":{"layer0":"manamodels/manawizard"},"elements":[{"name":"leg_bottom_0","from":[7.4,6.2,7.85],"to":[8.6,8.0,9.05],"rotation":{"angle":0.0,"axis":"z","origin":[8.0,8.0,8.0]},"faces":{"east":{"uv":[4.875,8.25,5.125,8.625],"texture":"#layer0","tintindex":0},"south":{"uv":[8.25,5.125,8.5,5.5],"texture":"#layer0","tintindex":0},"north":{"uv":[8.25,1.875,8.5,2.25],"texture":"#layer0","tintindex":0},"west":{"uv":[5.25,8.25,5.5,8.625],"texture":"#layer0","tintindex":0},"up":{"uv":[9.0,4.5,8.75,4.25],"texture":"#layer0","tintindex":0},"down":{"uv":[5.25,8.75,5.5,9.0],"texture":"#layer0","tintindex":0}}},{"name":"leg_bottom_1","from":[7.7,4.3999996,7.85],"to":[8.3,6.2,9.05],"rotation":{"angle":0.0,"axis":"z","origin":[8.0,8.0,8.0]},"faces":{"east":{"uv":[8.25,5.625,8.5,6.0],"texture":"#layer0","tintindex":0},"south":{"uv":[3.625,9.25,3.75,9.625],"texture":"#layer0","tintindex":0},"north":{"uv":[9.25,2.875,9.375,3.25],"texture":"#layer0","tintindex":0},"west":{"uv":[8.375,0.0,8.625,0.375],"texture":"#layer0","tintindex":0},"up":{"uv":[8.5,2.625,8.375,2.375],"texture":"#layer0","tintindex":0},"down":{"uv":[9.5,1.5,9.625,1.75],"texture":"#layer0","tintindex":0}}},{"name":"leg_bottom_2","from":[7.4,4.3999996,6.8],"to":[8.6,5.0,9.2],"rotation":{"angle":0.0,"axis":"z","origin":[8.0,8.0,8.0]},"faces":{"east":{"uv":[5.5,2.125,6.0,2.25],"texture":"#layer0","tintindex":0},"south":{"uv":[9.5,2.125,9.75,2.25],"texture":"#layer0","tintindex":0},"north":{"uv":[9.5,1.875,9.75,2.0],"texture":"#layer0","tintindex":0},"west":{"uv":[8.75,7.0,9.25,7.125],"texture":"#layer0","tintindex":0},"up":{"uv":[8.25,7.625,8.0,7.125],"texture":"#layer0","tintindex":0},"down":{"uv":[8.0,7.75,8.25,8.25],"texture":"#layer0","tintindex":0}}}],"display":{"head":{"translation":[0.0,-6.4,0.0],"rotation":[0.0,0.0,0.0],"scale":[3.8095,3.8095,3.8095]},"gui":{"translation":[0.0,0.0,0.0],"rotation":[35.0,225.0,0.0],"scale":[0.625,0.625,0.625]}}}