{"file_name":"torso","texture_size":[128,128],"textures":{"layer0":"manamodels/manawizard"},"elements":[{"name":"torso_0","from":[3.35,0.19249916,5.3],"to":[8.75,6.7924995,10.1],"rotation":{"angle":0.0,"axis":"z","origin":[8.0,8.0,8.0]},"faces":{"east":{"uv":[0.0,2.75,1.0,4.125],"texture":"#layer0","tintindex":0},"south":{"uv":[1.5,1.5,2.625,2.875],"texture":"#layer0","tintindex":0},"north":{"uv":[1.5,0.0,2.625,1.375],"texture":"#layer0","tintindex":0},"west":{"uv":[2.75,0.0,3.75,1.375],"texture":"#layer0","tintindex":0},"up":{"uv":[3.875,2.5,2.75,1.5],"texture":"#layer0","tintindex":0},"down":{"uv":[2.75,2.625,3.875,3.625],"texture":"#layer0","tintindex":0}}},{"name":"torso_1","from":[2.7499998,-2.8075008,4.7],"to":[9.35,0.19249916,10.700001],"rotation":{"angle":0.0,"axis":"z","origin":[8.0,8.0,8.0]},"faces":{"east":{"uv":[4.0,2.375,5.25,3.0],"texture":"#layer0","tintindex":0},"south":{"uv":[4.0,1.625,5.375,2.25],"texture":"#layer0","tintindex":0},"north":{"uv":[4.0,0.875,5.375,1.5],"texture":"#layer0","tintindex":0},"west":{"uv":[4.375,3.125,5.625,3.75],"texture":"#layer0","tintindex":0},"up":{"uv":[1.375,1.25,0.0,0.0],"texture":"#layer0","tintindex":0},"down":{"uv":[0.0,1.375,1.375,2.625],"texture":"#layer0","tintindex":0}}},{"name":"torso_2","from":[2.7499998,-3.4075007,4.7],"to":[9.35,-2.8075008,4.715],"rotation":{"angle":0.0,"axis":"z","origin":[8.0,8.0,8.0]},"faces":{"east":{"uv":[3.875,0.875,3.875,1.0],"texture":"#layer0","tintindex":0},"south":{"uv":[7.125,2.75,8.5,2.875],"texture":"#layer0","tintindex":0},"north":{"uv":[7.0,4.875,8.375,5.0],"texture":"#layer0","tintindex":0},"west":{"uv":[3.875,1.125,3.875,1.25],"texture":"#layer0","tintindex":0},"up":{"uv":[10.875,4.375,9.5,4.375],"texture":"#layer0","tintindex":0},"down":{"uv":[9.5,6.25,10.875,6.25],"texture":"#layer0","tintindex":0}}},{"name":"torso_3","from":[9.335001,-3.4075007,4.7],"to":[9.35,-2.8075008,10.700001],"rotation":{"angle":0.0,"axis":"z","origin":[8.0,8.0,8.0]},"faces":{"east":{"uv":[7.125,3.5,8.375,3.625],"texture":"#layer0","tintindex":0},"south":{"uv":[2.625,5.75,2.625,5.875],"texture":"#layer0","tintindex":0},"north":{"uv":[4.25,5.625,4.25,5.75],"texture":"#layer0","tintindex":0},"west":{"uv":[7.125,3.75,8.375,3.875],"texture":"#layer0","tintindex":0},"up":{"uv":[2.5,10.5,2.5,9.25],"texture":"#layer0","tintindex":0},"down":{"uv":[8.75,9.25,8.75,10.5],"texture":"#layer0","tintindex":0}}},{"name":"torso_4","from":[2.7499995,-3.4075007,4.7],"to":[2.7649996,-2.8075008,10.700001],"rotation":{"angle":0.0,"axis":"z","origin":[8.0,8.0,8.0]},"faces":{"east":{"uv":[7.125,4.0,8.375,4.125],"texture":"#layer0","tintindex":0},"south":{"uv":[5.375,6.125,5.375,6.25],"texture":"#layer0","tintindex":0},"north":{"uv":[4.25,6.125,4.25,6.25],"texture":"#layer0","tintindex":0},"west":{"uv":[5.25,7.125,6.5,7.25],"texture":"#layer0","tintindex":0},"up":{"uv":[5.125,10.625,5.125,9.375],"texture":"#layer0","tintindex":0},"down":{"uv":[7.875,9.375,7.875,10.625],"texture":"#layer0","tintindex":0}}},{"name":"torso_5","from":[2.7499998,-3.4075007,10.685],"to":[9.35,-2.8075008,10.700001],"rotation":{"angle":0.0,"axis":"z","origin":[8.0,8.0,8.0]},"faces":{"east":{"uv":[4.25,5.875,4.25,6.0],"texture":"#layer0","tintindex":0},"south":{"uv":[7.125,3.25,8.5,3.375],"texture":"#layer0","tintindex":0},"north":{"uv":[7.125,3.0,8.5,3.125],"texture":"#layer0","tintindex":0},"west":{"uv":[5.375,5.875,5.375,6.0],"texture":"#layer0","tintindex":0},"up":{"uv":[11.0,7.375,9.625,7.375],"texture":"#layer0","tintindex":0},"down":{"uv":[9.625,7.5,11.0,7.5],"texture":"#layer0","tintindex":0}}},{"name":"torso_6","from":[3.9499998,6.7924995,8.6],"to":[8.15,9.2074995,9.8],"rotation":{"angle":0.0,"axis":"z","origin":[8.0,8.0,8.0]},"faces":{"east":{"uv":[4.0,3.125,4.25,3.625],"texture":"#layer0","tintindex":0},"south":{"uv":[4.75,4.5,5.625,5.0],"texture":"#layer0","tintindex":0},"north":{"uv":[4.75,3.875,5.625,4.375],"texture":"#layer0","tintindex":0},"west":{"uv":[2.5,7.75,2.75,8.25],"texture":"#layer0","tintindex":0},"up":{"uv":[7.25,5.375,6.375,5.125],"texture":"#layer0","tintindex":0},"down":{"uv":[6.75,2.0,7.625,2.25],"texture":"#layer0","tintindex":0}}},{"name":"torso_7","from":[4.5499997,9.192499,8.6],"to":[7.55,10.9925,9.2],"rotation":{"angle":0.0,"axis":"z","origin":[8.0,8.0,8.0]},"faces":{"east":{"uv":[1.625,6.75,1.75,7.125],"texture":"#layer0","tintindex":0},"south":{"uv":[6.125,5.75,6.75,6.125],"texture":"#layer0","tintindex":0},"north":{"uv":[5.75,4.625,6.375,5.0],"texture":"#layer0","tintindex":0},"west":{"uv":[6.125,8.875,6.25,9.25],"texture":"#layer0","tintindex":0},"up":{"uv":[8.25,2.625,7.625,2.5],"texture":"#layer0","tintindex":0},"down":{"uv":[8.25,6.125,8.875,6.25],"texture":"#layer0","tintindex":0}}},{"name":"torso_8","from":[5.195,10.9925,8.0],"to":[6.92,12.7925,8.6],"rotation":{"angle":0.0,"axis":"z","origin":[8.0,8.0,8.0]},"faces":{"east":{"uv":[7.75,8.875,7.875,9.25],"texture":"#layer0","tintindex":0},"south":{"uv":[7.375,7.125,7.75,7.5],"texture":"#layer0","tintindex":0},"north":{"uv":[6.0,7.375,6.375,7.75],"texture":"#layer0","tintindex":0},"west":{"uv":[9.0,2.875,9.125,3.25],"texture":"#layer0","tintindex":0},"up":{"uv":[6.75,5.625,6.375,5.5],"texture":"#layer0","tintindex":0},"down":{"uv":[3.625,9.0,4.0,9.125],"texture":"#layer0","tintindex":0}}},{"name":"torso_9","from":[7.8650002,5.824621,6.2494335],"to":[8.435,8.824621,9.2494335],"rotation":{"angle":22.5,"axis":"x","origin":[6.35,7.6246223,7.449434]},"faces":{"east":{"uv":[4.75,5.125,5.375,5.75],"texture":"#layer0","tintindex":0},"south":{"uv":[8.125,8.375,8.25,9.0],"texture":"#layer0","tintindex":0},"north":{"uv":[2.625,8.375,2.75,9.0],"texture":"#layer0","tintindex":0},"west":{"uv":[5.375,2.375,6.0,3.0],"texture":"#layer0","tintindex":0},"up":{"uv":[8.5,9.125,8.375,8.5],"texture":"#layer0","tintindex":0},"down":{"uv":[8.625,1.5,8.75,2.125],"texture":"#layer0","tintindex":0}}},{"name":"torso_10","from":[3.665,5.824621,6.2494335],"to":[4.235,8.824621,9.2494335],"rotation":{"angle":22.5,"axis":"x","origin":[5.75,7.6246223,7.449434]},"faces":{"east":{"uv":[5.5,0.0,6.125,0.625],"texture":"#layer0","tintindex":0},"south":{"uv":[2.875,8.625,3.0,9.25],"texture":"#layer0","tintindex":0},"north":{"uv":[8.625,2.25,8.75,2.875],"texture":"#layer0","tintindex":0},"west":{"uv":[5.5,0.75,6.125,1.375],"texture":"#layer0","tintindex":0},"up":{"uv":[8.75,5.375,8.625,4.75],"texture":"#layer0","tintindex":0},"down":{"uv":[6.375,8.625,6.5,9.25],"texture":"#layer0","tintindex":0}}},{"name":"torso_11","from":[3.4942577,10.97864,6.8],"to":[4.094258,12.793639,8.585],"rotation":{"angle":-22.5,"axis":"z","origin":[4.094258,7.986141,8.0]},"faces":{"east":{"uv":[7.5,0.0,7.875,0.375],"texture":"#layer0","tintindex":0},"south":{"uv":[4.375,9.0,4.5,9.375],"texture":"#layer0","tintindex":0},"north":{"uv":[4.125,9.0,4.25,9.375],"texture":"#layer0","tintindex":0},"west":{"uv":[7.5,0.5,7.875,0.875],"texture":"#layer0","tintindex":0},"up":{"uv":[2.75,9.5,2.625,9.125],"texture":"#layer0","tintindex":0},"down":{"uv":[5.25,9.125,5.375,9.5],"texture":"#layer0","tintindex":0}}},{"name":"torso_12","from":[3.4999998,7.9924994,6.8],"to":[4.1,10.9775,9.185],"rotation":{"angle":-22.5,"axis":"z","origin":[4.1,8.0,8.0]},"faces":{"east":{"uv":[3.625,5.625,4.125,6.25],"texture":"#layer0","tintindex":0},"south":{"uv":[0.0,8.75,0.125,9.375],"texture":"#layer0","tintindex":0},"north":{"uv":[8.625,8.5,8.75,9.125],"texture":"#layer0","tintindex":0},"west":{"uv":[2.0,5.75,2.5,6.375],"texture":"#layer0","tintindex":0},"up":{"uv":[4.625,7.125,4.5,6.625],"texture":"#layer0","tintindex":0},"down":{"uv":[8.625,5.5,8.75,6.0],"texture":"#layer0","tintindex":0}}},{"name":"torso_13","from":[5.3,12.1925,6.815],"to":[5.8999996,14.5925,8.0],"rotation":{"angle":0.0,"axis":"z","origin":[8.0,8.0,8.0]},"faces":{"east":{"uv":[8.0,0.0,8.25,0.5],"texture":"#layer0","tintindex":0},"south":{"uv":[1.0,8.75,1.125,9.25],"texture":"#layer0","tintindex":0},"north":{"uv":[0.75,8.75,0.875,9.25],"texture":"#layer0","tintindex":0},"west":{"uv":[2.875,8.0,3.125,8.5],"texture":"#layer0","tintindex":0},"up":{"uv":[6.25,3.0,6.125,2.75],"texture":"#layer0","tintindex":0},"down":{"uv":[5.875,6.375,6.0,6.625],"texture":"#layer0","tintindex":0}}},{"name":"torso_14","from":[6.2,12.1925,6.815],"to":[6.8,14.5925,8.0],"rotation":{"angle":0.0,"axis":"z","origin":[8.0,8.0,8.0]},"faces":{"east":{"uv":[8.0,4.25,8.25,4.75],"texture":"#layer0","tintindex":0},"south":{"uv":[1.5,8.75,1.625,9.25],"texture":"#layer0","tintindex":0},"north":{"uv":[1.25,8.75,1.375,9.25],"texture":"#layer0","tintindex":0},"west":{"uv":[6.375,8.0,6.625,8.5],"texture":"#layer0","tintindex":0},"up":{"uv":[3.875,7.125,3.75,6.875],"texture":"#layer0","tintindex":0},"down":{"uv":[0.875,7.0,1.0,7.25],"texture":"#layer0","tintindex":0}}},{"name":"torso_15","from":[5.45,14.5925,6.8],"to":[6.6499996,15.1925,8.0],"rotation":{"angle":0.0,"axis":"z","origin":[8.0,8.0,8.0]},"faces":{"east":{"uv":[3.25,6.125,3.5,6.25],"texture":"#layer0","tintindex":0},"south":{"uv":[4.0,6.375,4.25,6.5],"texture":"#layer0","tintindex":0},"north":{"uv":[1.125,2.75,1.375,2.875],"texture":"#layer0","tintindex":0},"west":{"uv":[9.5,0.75,9.75,0.875],"texture":"#layer0","tintindex":0},"up":{"uv":[3.125,7.375,2.875,7.125],"texture":"#layer0","tintindex":0},"down":{"uv":[8.5,6.625,8.75,6.875],"texture":"#layer0","tintindex":0}}},{"name":"torso_16","from":[5.6,12.1925,7.3849998],"to":[6.2,14.5925,7.985],"rotation":{"angle":0.0,"axis":"z","origin":[8.0,8.0,8.0]},"faces":{"east":{"uv":[2.0,8.75,2.125,9.25],"texture":"#layer0","tintindex":0},"south":{"uv":[3.125,8.75,3.25,9.25],"texture":"#layer0","tintindex":0},"north":{"uv":[1.75,8.75,1.875,9.25],"texture":"#layer0","tintindex":0},"west":{"uv":[3.375,8.75,3.5,9.25],"texture":"#layer0","tintindex":0},"up":{"uv":[2.5,6.625,2.375,6.5],"texture":"#layer0","tintindex":0},"down":{"uv":[7.75,8.125,7.875,8.25],"texture":"#layer0","tintindex":0}}},{"name":"torso_17","from":[4.565,9.024188,8.878424],"to":[7.5350003,10.704187,9.478424],"rotation":{"angle":-22.5,"axis":"x","origin":[6.05,9.924189,9.178424]},"faces":{"east":{"uv":[6.625,9.125,6.75,9.5],"texture":"#layer0","tintindex":0},"south":{"uv":[6.25,0.5,6.875,0.875],"texture":"#layer0","tintindex":0},"north":{"uv":[6.25,0.0,6.875,0.375],"texture":"#layer0","tintindex":0},"west":{"uv":[9.125,7.25,9.25,7.625],"texture":"#layer0","tintindex":0},"up":{"uv":[9.125,4.125,8.5,4.0],"texture":"#layer0","tintindex":0},"down":{"uv":[8.5,6.375,9.125,6.5],"texture":"#layer0","tintindex":0}}},{"name":"torso_18","from":[5.209999,10.809189,8.278423],"to":[6.9049997,12.609188,8.878424],"rotation":{"angle":-22.5,"axis":"x","origin":[6.05,11.709188,8.578424]},"faces":{"east":{"uv":[9.125,7.75,9.25,8.125],"texture":"#layer0","tintindex":0},"south":{"uv":[7.5,4.25,7.875,4.625],"texture":"#layer0","tintindex":0},"north":{"uv":[2.875,7.5,3.25,7.875],"texture":"#layer0","tintindex":0},"west":{"uv":[8.0,9.125,8.125,9.5],"texture":"#layer0","tintindex":0},"up":{"uv":[9.375,6.25,9.0,6.125],"texture":"#layer0","tintindex":0},"down":{"uv":[9.125,0.0,9.5,0.125],"texture":"#layer0","tintindex":0}}},{"name":"torso_19","from":[5.45,12.609188,7.678424],"to":[6.6499996,14.409188,8.278423],"rotation":{"angle":-22.5,"axis":"x","origin":[5.75,13.509189,7.978424]},"faces":{"east":{"uv":[8.875,9.125,9.0,9.5],"texture":"#layer0","tintindex":0},"south":{"uv":[0.0,8.25,0.25,8.625],"texture":"#layer0","tintindex":0},"north":{"uv":[8.125,6.5,8.375,6.875],"texture":"#layer0","tintindex":0},"west":{"uv":[9.125,9.125,9.25,9.5],"texture":"#layer0","tintindex":0},"up":{"uv":[9.75,1.125,9.5,1.0],"texture":"#layer0","tintindex":0},"down":{"uv":[9.5,1.25,9.75,1.375],"texture":"#layer0","tintindex":0}}},{"name":"torso_20","from":[8.005743,10.97864,6.8],"to":[8.605742,12.793639,8.585],"rotation":{"angle":22.5,"axis":"z","origin":[8.005742,7.986141,8.0]},"faces":{"east":{"uv":[6.5,7.5,6.875,7.875],"texture":"#layer0","tintindex":0},"south":{"uv":[9.25,1.25,9.375,1.625],"texture":"#layer0","tintindex":0},"north":{"uv":[9.25,0.25,9.375,0.625],"texture":"#layer0","tintindex":0},"west":{"uv":[7.625,1.0,8.0,1.375],"texture":"#layer0","tintindex":0},"up":{"uv":[9.375,2.125,9.25,1.75],"texture":"#layer0","tintindex":0},"down":{"uv":[2.25,9.25,2.375,9.625],"texture":"#layer0","tintindex":0}}},{"name":"torso_21","from":[8.0,7.9924994,6.8],"to":[8.6,10.9775,9.185],"rotation":{"angle":22.5,"axis":"z","origin":[8.0,8.0,8.0]},"faces":{"east":{"uv":[5.75,3.125,6.25,3.75],"texture":"#layer0","tintindex":0},"south":{"uv":[0.5,8.75,0.625,9.375],"texture":"#layer0","tintindex":0},"north":{"uv":[0.25,8.75,0.375,9.375],"texture":"#layer0","tintindex":0},"west":{"uv":[5.75,3.875,6.25,4.5],"texture":"#layer0","tintindex":0},"up":{"uv":[4.875,9.25,4.75,8.75],"texture":"#layer0","tintindex":0},"down":{"uv":[5.0,8.75,5.125,9.25],"texture":"#layer0","tintindex":0}}}],"display":{"head":{"translation":[0.0,-6.4,0.0],"rotation":[0.0,0.0,0.0],"scale":[3.8095,3.8095,3.8095]},"gui":{"translation":[0.0,0.0,0.0],"rotation":[35.0,225.0,0.0],"scale":[0.625,0.625,0.625]}}}