{"file_name":"arm2","texture_size":[256,256],"textures":{"layer0":"manamodels/chocolate_monster"},"elements":[{"name":"arm2_0","from":[6.8,6.8,4.3999996],"to":[9.2,9.2,8.6],"rotation":{"angle":0.0,"axis":"z","origin":[8.0,8.0,8.0]},"faces":{"east":{"uv":[6.3125,1.9375,5.875,2.1875],"texture":"#layer0","tintindex":0},"south":{"uv":[1.4375,4.9375,1.1875,5.1875],"texture":"#layer0","tintindex":0},"north":{"uv":[0.5625,6.3125,0.3125,6.5625],"texture":"#layer0","tintindex":0},"west":{"uv":[6.375,5.6875,5.9375,5.9375],"texture":"#layer0","tintindex":0},"up":{"uv":[2.5625,5.875,2.3125,6.3125],"texture":"#layer0","tintindex":0},"down":{"uv":[5.9375,6.4375,6.1875,6.0],"texture":"#layer0","tintindex":0}}},{"name":"arm2_1","from":[9.2,5.6,4.3999996],"to":[9.2,6.8,8.6],"rotation":{"angle":0.0,"axis":"z","origin":[8.0,8.0,8.0]},"faces":{"east":{"uv":[6.8125,4.875,6.375,5.0],"texture":"#layer0","tintindex":0},"south":{"uv":[1.625,3.375,1.625,3.5],"texture":"#layer0","tintindex":0},"north":{"uv":[1.625,3.5625,1.625,3.6875],"texture":"#layer0","tintindex":0},"west":{"uv":[6.8125,5.0625,6.375,5.1875],"texture":"#layer0","tintindex":0},"up":{"uv":[2.4375,4.1875,2.4375,4.625],"texture":"#layer0","tintindex":0},"down":{"uv":[3.4375,6.8125,3.4375,6.375],"texture":"#layer0","tintindex":0}}},{"name":"arm2_2","from":[6.8,5.6,4.3999996],"to":[6.8,6.8,8.6],"rotation":{"angle":0.0,"axis":"z","origin":[8.0,8.0,8.0]},"faces":{"east":{"uv":[6.875,0.25,6.4375,0.375],"texture":"#layer0","tintindex":0},"south":{"uv":[2.4375,4.6875,2.4375,4.8125],"texture":"#layer0","tintindex":0},"north":{"uv":[4.0625,4.875,4.0625,5.0],"texture":"#layer0","tintindex":0},"west":{"uv":[6.875,1.625,6.4375,1.75],"texture":"#layer0","tintindex":0},"up":{"uv":[4.625,6.875,4.625,7.3125],"texture":"#layer0","tintindex":0},"down":{"uv":[4.6875,7.3125,4.6875,6.875],"texture":"#layer0","tintindex":0}}}],"display":{"head":{"translation":[0.0,-6.4,0.0],"rotation":[0.0,0.0,0.0],"scale":[3.8095,3.8095,3.8095]},"gui":{"translation":[0.0,0.0,0.0],"rotation":[35.0,225.0,0.0],"scale":[0.625,0.625,0.625]}}}