{"textures":{"0":"modelengine:custom/tepig","particle":"modelengine:custom/tepig"},"elements":[{"from":[6.5863676,6.921754,7.296947],"to":[9.586368,12.921753,8.2969475],"faces":{"east":{"uv":[2.0,9.0,2.25,10.5],"tintindex":0,"rotation":0,"texture":"#0"},"south":{"uv":[2.25,9.0,3.0,10.5],"tintindex":0,"rotation":0,"texture":"#0"},"north":{"uv":[2.25,9.0,3.0,10.5],"tintindex":0,"rotation":0,"texture":"#0"},"west":{"uv":[3.0,9.0,3.25,10.5],"tintindex":0,"rotation":0,"texture":"#0"},"up":{"uv":[3.0,9.0,2.25,8.75],"tintindex":0,"rotation":0,"texture":"#0"},"down":{"uv":[3.75,8.75,3.0,9.0],"tintindex":0,"rotation":0,"texture":"#0"}}},{"from":[7.096368,11.874647,7.306947],"to":[9.076367,13.854647,8.286947],"faces":{"east":{"uv":[8.0,9.5,8.25,10.0],"tintindex":0,"rotation":0,"texture":"#0"},"south":{"uv":[8.75,9.5,8.25,10.0],"tintindex":0,"rotation":0,"texture":"#0"},"north":{"uv":[8.25,9.5,8.75,10.0],"tintindex":0,"rotation":0,"texture":"#0"},"west":{"uv":[8.75,9.5,9.0,10.0],"tintindex":0,"rotation":0,"texture":"#0"},"up":{"uv":[8.75,9.5,8.25,9.25],"tintindex":0,"rotation":0,"texture":"#0"},"down":{"uv":[9.25,9.25,8.75,9.5],"tintindex":0,"rotation":0,"texture":"#0"}},"rotation":{"origin":[8.086368,12.864647,7.796947],"angle":45.0,"axis":"z"}}],"display":{"gui":{"rotation":[30,225,0]}}}