{"file_name":"arm","texture_size":[128,128],"textures":{"layer0":"manamodels/npc_banker"},"elements":[{"name":"arm_0","from":[5.3719997,0.39199948,6.6679997],"to":[8.035999,8.384,9.332],"rotation":{"angle":0.0,"axis":"z","origin":[8.0,8.0,8.0]},"faces":{"east":{"uv":[6.5,1.625,7.0,3.125],"texture":"#layer0","tintindex":0},"south":{"uv":[0.875,6.625,1.375,8.125],"texture":"#layer0","tintindex":0},"north":{"uv":[6.25,6.375,6.75,7.875],"texture":"#layer0","tintindex":0},"west":{"uv":[2.375,6.625,2.875,8.125],"texture":"#layer0","tintindex":0},"up":{"uv":[7.0,9.875,6.5,9.375],"texture":"#layer0","tintindex":0},"down":{"uv":[0.625,9.5,1.125,10.0],"texture":"#layer0","tintindex":0}}},{"name":"arm_1","from":[4.7059994,8.384,6.335],"to":[8.035999,9.049999,9.665],"rotation":{"angle":0.0,"axis":"z","origin":[8.0,8.0,8.0]},"faces":{"east":{"uv":[9.875,1.25,10.5,1.375],"texture":"#layer0","tintindex":0},"south":{"uv":[9.875,3.875,10.5,4.0],"texture":"#layer0","tintindex":0},"north":{"uv":[9.5,9.125,10.125,9.25],"texture":"#layer0","tintindex":0},"west":{"uv":[3.125,10.0,3.75,10.125],"texture":"#layer0","tintindex":0},"up":{"uv":[9.125,6.875,8.5,6.25],"texture":"#layer0","tintindex":0},"down":{"uv":[8.0,8.625,8.625,9.25],"texture":"#layer0","tintindex":0}}},{"name":"arm_2","from":[4.7059994,5.054,6.335],"to":[8.035999,8.384001,6.335],"rotation":{"angle":0.0,"axis":"z","origin":[8.0,8.0,8.0]},"faces":{"east":{"uv":[6.75,5.25,6.75,5.875],"texture":"#layer0","tintindex":0},"south":{"uv":[9.375,8.625,8.75,9.25],"texture":"#layer0","tintindex":0},"north":{"uv":[8.75,8.625,9.375,9.25],"texture":"#layer0","tintindex":0},"west":{"uv":[1.375,8.25,1.375,8.875],"texture":"#layer0","tintindex":0},"up":{"uv":[2.875,8.25,2.25,8.25],"texture":"#layer0","tintindex":0},"down":{"uv":[10.0,5.875,10.625,5.875],"texture":"#layer0","tintindex":0}}},{"name":"arm_3","from":[4.7059994,5.054,9.665],"to":[8.035999,8.384001,9.665],"rotation":{"angle":0.0,"axis":"z","origin":[8.0,8.0,8.0]},"faces":{"east":{"uv":[4.25,8.875,4.25,9.5],"texture":"#layer0","tintindex":0},"south":{"uv":[3.5,8.875,4.125,9.5],"texture":"#layer0","tintindex":0},"north":{"uv":[4.125,8.875,3.5,9.5],"texture":"#layer0","tintindex":0},"west":{"uv":[4.375,8.875,4.375,9.5],"texture":"#layer0","tintindex":0},"up":{"uv":[10.625,6.0,10.0,6.0],"texture":"#layer0","tintindex":0},"down":{"uv":[10.0,6.125,10.625,6.125],"texture":"#layer0","tintindex":0}}},{"name":"arm_4","from":[8.035999,5.054,6.335],"to":[8.035999,8.384001,9.665],"rotation":{"angle":0.0,"axis":"z","origin":[8.0,8.0,8.0]},"faces":{"east":{"uv":[8.875,7.0,9.5,7.625],"texture":"#layer0","tintindex":0},"south":{"uv":[6.375,9.625,6.375,10.25],"texture":"#layer0","tintindex":0},"north":{"uv":[6.25,9.625,6.25,10.25],"texture":"#layer0","tintindex":0},"west":{"uv":[9.0,0.0,9.625,0.625],"texture":"#layer0","tintindex":0},"up":{"uv":[5.375,10.625,5.375,10.0],"texture":"#layer0","tintindex":0},"down":{"uv":[5.5,10.0,5.5,10.625],"texture":"#layer0","tintindex":0}}}],"display":{"head":{"translation":[0.0,-6.4,0.0],"rotation":[0.0,0.0,0.0],"scale":[3.8095,3.8095,3.8095]},"gui":{"translation":[0.0,0.0,0.0],"rotation":[35.0,225.0,0.0],"scale":[0.625,0.625,0.625]}}}