{"file_name":"emergencybutton","texture_size":[32,32],"textures":{"layer0":"manamodels/button"},"elements":[{"name":"emergencybutton_0","from":[2.6,-2.2000003,2.6],"to":[13.400001,0.19999981,13.400001],"rotation":{"angle":0.0,"axis":"z","origin":[8.0,8.0,8.0]},"faces":{"east":{"uv":[6.5,1.0,10.5,1.5],"texture":"#layer0","tintindex":0},"south":{"uv":[6.5,1.5,10.5,2.0],"texture":"#layer0","tintindex":0},"north":{"uv":[4.0,3.5,8.0,4.0],"texture":"#layer0","tintindex":0},"west":{"uv":[6.5,2.0,10.5,2.5],"texture":"#layer0","tintindex":0},"up":{"uv":[4.0,4.0,0.0,0.0],"texture":"#layer0","tintindex":0},"down":{"uv":[0.0,4.0,4.0,8.0],"texture":"#layer0","tintindex":0}}}],"display":{"head":{"translation":[0.0,-6.4,0.0],"rotation":[0.0,0.0,0.0],"scale":[3.8095,3.8095,3.8095]},"gui":{"translation":[0.0,0.0,0.0],"rotation":[35.0,225.0,0.0],"scale":[0.625,0.625,0.625]}}}