{"textures":{"0":"modelengine:custom/king_dazza","particle":"modelengine:custom/king_dazza"},"elements":[{"from":[8.5,3.0,2.5],"to":[8.5,8.0,4.5],"faces":{"east":{"uv":[4.0625,1.9375,4.1875,2.25],"tintindex":0,"rotation":0,"texture":"#0"},"west":{"uv":[4.1875,1.9375,4.3125,2.25],"tintindex":0,"rotation":0,"texture":"#0"}},"rotation":{"origin":[8.0,8.0,5.0],"angle":22.5,"axis":"x"}},{"from":[7.5,7.0,2.0],"to":[9.5,9.0,6.0],"faces":{"east":{"uv":[7.875,8.4375,8.125,8.5625],"tintindex":0,"rotation":0,"texture":"#0"},"south":{"uv":[8.5,8.4375,8.625,8.5625],"tintindex":0,"rotation":0,"texture":"#0"},"north":{"uv":[8.125,8.4375,8.25,8.5625],"tintindex":0,"rotation":0,"texture":"#0"},"west":{"uv":[8.25,8.4375,8.5,8.5625],"tintindex":0,"rotation":0,"texture":"#0"},"up":{"uv":[8.25,8.4375,8.125,8.1875],"tintindex":0,"rotation":0,"texture":"#0"},"down":{"uv":[8.375,8.1875,8.25,8.4375],"tintindex":0,"rotation":0,"texture":"#0"}},"rotation":{"origin":[8.5,8.0,5.0],"angle":22.5,"axis":"x"}},{"from":[7.5,7.0,7.0],"to":[9.5,9.0,11.0],"faces":{"east":{"uv":[5.5,6.8125,5.75,6.9375],"tintindex":0,"rotation":0,"texture":"#0"},"south":{"uv":[6.125,6.8125,6.25,6.9375],"tintindex":0,"rotation":0,"texture":"#0"},"north":{"uv":[5.75,6.8125,5.875,6.9375],"tintindex":0,"rotation":0,"texture":"#0"},"west":{"uv":[5.875,6.8125,6.125,6.9375],"tintindex":0,"rotation":0,"texture":"#0"},"up":{"uv":[5.875,6.8125,5.75,6.5625],"tintindex":0,"rotation":0,"texture":"#0"},"down":{"uv":[6.0,6.5625,5.875,6.8125],"tintindex":0,"rotation":0,"texture":"#0"}},"rotation":{"origin":[8.5,8.0,8.0],"angle":-22.5,"axis":"x"}},{"from":[3.0,5.6000004,6.0],"to":[5.0,8.6,7.0],"faces":{"east":{"uv":[2.375,3.5,2.4375,3.6875],"tintindex":0,"rotation":0,"texture":"#0"},"south":{"uv":[2.625,3.5,2.75,3.6875],"tintindex":0,"rotation":0,"texture":"#0"},"north":{"uv":[2.4375,3.5,2.5625,3.6875],"tintindex":0,"rotation":0,"texture":"#0"},"west":{"uv":[2.5625,3.5,2.625,3.6875],"tintindex":0,"rotation":0,"texture":"#0"},"up":{"uv":[2.5625,3.5,2.4375,3.4375],"tintindex":0,"rotation":0,"texture":"#0"},"down":{"uv":[2.6875,3.4375,2.5625,3.5],"tintindex":0,"rotation":0,"texture":"#0"}},"rotation":{"origin":[5.5,8.0,6.5],"angle":-22.5,"axis":"z"}},{"from":[4.0,3.6000004,6.5],"to":[6.0,8.6,6.5],"faces":{"south":{"uv":[3.125,0.0,3.25,0.3125],"tintindex":0,"rotation":0,"texture":"#0"},"north":{"uv":[3.0,0.0,3.125,0.3125],"tintindex":0,"rotation":0,"texture":"#0"}},"rotation":{"origin":[5.5,8.0,6.5],"angle":-22.5,"axis":"z"}},{"from":[12.0,5.6000004,6.0],"to":[14.0,8.6,7.0],"faces":{"east":{"uv":[4.0625,5.0625,4.125,5.25],"tintindex":0,"rotation":0,"texture":"#0"},"south":{"uv":[4.3125,5.0625,4.4375,5.25],"tintindex":0,"rotation":0,"texture":"#0"},"north":{"uv":[4.125,5.0625,4.25,5.25],"tintindex":0,"rotation":0,"texture":"#0"},"west":{"uv":[4.25,5.0625,4.3125,5.25],"tintindex":0,"rotation":0,"texture":"#0"},"up":{"uv":[4.25,5.0625,4.125,5.0],"tintindex":0,"rotation":0,"texture":"#0"},"down":{"uv":[4.375,5.0,4.25,5.0625],"tintindex":0,"rotation":0,"texture":"#0"}},"rotation":{"origin":[11.5,8.0,6.5],"angle":22.5,"axis":"z"}},{"from":[8.0,5.0,1.5],"to":[9.0,8.0,3.5],"faces":{"east":{"uv":[4.25,0.4375,4.375,0.625],"tintindex":0,"rotation":0,"texture":"#0"},"south":{"uv":[4.5625,0.4375,4.625,0.625],"tintindex":0,"rotation":0,"texture":"#0"},"north":{"uv":[4.375,0.4375,4.4375,0.625],"tintindex":0,"rotation":0,"texture":"#0"},"west":{"uv":[4.4375,0.4375,4.5625,0.625],"tintindex":0,"rotation":0,"texture":"#0"},"up":{"uv":[4.4375,0.4375,4.375,0.3125],"tintindex":0,"rotation":0,"texture":"#0"},"down":{"uv":[4.5,0.3125,4.4375,0.4375],"tintindex":0,"rotation":0,"texture":"#0"}},"rotation":{"origin":[8.0,8.0,5.0],"angle":22.5,"axis":"x"}},{"from":[11.0,3.6000004,6.5],"to":[13.0,8.6,6.5],"faces":{"south":{"uv":[2.625,4.4375,2.75,4.75],"tintindex":0,"rotation":0,"texture":"#0"},"north":{"uv":[2.5,4.4375,2.625,4.75],"tintindex":0,"rotation":0,"texture":"#0"}},"rotation":{"origin":[11.5,8.0,6.5],"angle":22.5,"axis":"z"}},{"from":[8.0,5.0,9.5],"to":[9.0,8.0,11.5],"faces":{"east":{"uv":[3.9375,2.375,4.0625,2.5625],"tintindex":0,"rotation":0,"texture":"#0"},"south":{"uv":[4.25,2.375,4.3125,2.5625],"tintindex":0,"rotation":0,"texture":"#0"},"north":{"uv":[4.0625,2.375,4.125,2.5625],"tintindex":0,"rotation":0,"texture":"#0"},"west":{"uv":[4.125,2.375,4.25,2.5625],"tintindex":0,"rotation":0,"texture":"#0"},"up":{"uv":[4.125,2.375,4.0625,2.25],"tintindex":0,"rotation":0,"texture":"#0"},"down":{"uv":[4.1875,2.25,4.125,2.375],"tintindex":0,"rotation":0,"texture":"#0"}},"rotation":{"origin":[8.0,8.0,8.0],"angle":-22.5,"axis":"x"}},{"from":[8.5,3.0,8.5],"to":[8.5,8.0,10.5],"faces":{"east":{"uv":[2.5,4.125,2.625,4.4375],"tintindex":0,"rotation":0,"texture":"#0"},"west":{"uv":[2.625,4.125,2.75,4.4375],"tintindex":0,"rotation":0,"texture":"#0"}},"rotation":{"origin":[8.0,8.0,8.0],"angle":-22.5,"axis":"x"}},{"from":[4.0,7.6000004,5.5],"to":[8.0,9.6,7.5],"faces":{"east":{"uv":[2.8125,2.6875,2.9375,2.8125],"tintindex":0,"rotation":0,"texture":"#0"},"south":{"uv":[3.3125,2.6875,3.5625,2.8125],"tintindex":0,"rotation":0,"texture":"#0"},"north":{"uv":[2.9375,2.6875,3.1875,2.8125],"tintindex":0,"rotation":0,"texture":"#0"},"west":{"uv":[3.1875,2.6875,3.3125,2.8125],"tintindex":0,"rotation":0,"texture":"#0"},"up":{"uv":[3.1875,2.6875,2.9375,2.5625],"tintindex":0,"rotation":0,"texture":"#0"},"down":{"uv":[3.4375,2.5625,3.1875,2.6875],"tintindex":0,"rotation":0,"texture":"#0"}},"rotation":{"origin":[5.5,8.0,6.5],"angle":-22.5,"axis":"z"}},{"from":[9.0,7.6000004,5.5],"to":[13.0,9.6,7.5],"faces":{"east":{"uv":[8.0625,1.9375,8.1875,2.0625],"tintindex":0,"rotation":0,"texture":"#0"},"south":{"uv":[8.5625,1.9375,8.8125,2.0625],"tintindex":0,"rotation":0,"texture":"#0"},"north":{"uv":[8.1875,1.9375,8.4375,2.0625],"tintindex":0,"rotation":0,"texture":"#0"},"west":{"uv":[8.4375,1.9375,8.5625,2.0625],"tintindex":0,"rotation":0,"texture":"#0"},"up":{"uv":[8.4375,1.9375,8.1875,1.8125],"tintindex":0,"rotation":0,"texture":"#0"},"down":{"uv":[8.6875,1.8125,8.4375,1.9375],"tintindex":0,"rotation":0,"texture":"#0"}},"rotation":{"origin":[11.5,8.0,6.5],"angle":22.5,"axis":"z"}}],"display":{"gui":{"rotation":[30,225,0]}}}