{"textures":{"0":"modelengine:custom/king_dazza","particle":"modelengine:custom/king_dazza"},"elements":[{"from":[6.875,-4.5,4.75],"to":[9.375,8.0,10.75],"faces":{"east":{"uv":[1.75,5.875,2.5,7.4375],"tintindex":0,"rotation":0,"texture":"#0"},"south":{"uv":[3.5625,5.875,3.875,7.4375],"tintindex":0,"rotation":0,"texture":"#0"},"north":{"uv":[2.5,5.875,2.8125,7.4375],"tintindex":0,"rotation":0,"texture":"#0"},"west":{"uv":[2.8125,5.875,3.5625,7.4375],"tintindex":0,"rotation":0,"texture":"#0"},"up":{"uv":[2.8125,5.875,2.5,5.125],"tintindex":0,"rotation":0,"texture":"#0"},"down":{"uv":[3.125,5.125,2.8125,5.875],"tintindex":0,"rotation":0,"texture":"#0"}},"rotation":{"origin":[7.5,4.5,8.0],"angle":0.0,"axis":"z"}},{"from":[6.5,-3.0,4.5],"to":[9.5,9.5,11.5],"faces":{"east":{"uv":[0.0,4.3125,0.875,5.875],"tintindex":0,"rotation":0,"texture":"#0"},"south":{"uv":[2.125,4.3125,2.5,5.875],"tintindex":0,"rotation":0,"texture":"#0"},"north":{"uv":[0.875,4.3125,1.25,5.875],"tintindex":0,"rotation":0,"texture":"#0"},"west":{"uv":[1.25,4.3125,2.125,5.875],"tintindex":0,"rotation":0,"texture":"#0"},"up":{"uv":[1.25,4.3125,0.875,3.4375],"tintindex":0,"rotation":0,"texture":"#0"},"down":{"uv":[1.625,3.4375,1.25,4.3125],"tintindex":0,"rotation":0,"texture":"#0"}},"rotation":{"origin":[7.5,4.5,8.0],"angle":0.0,"axis":"z"}}],"display":{"gui":{"rotation":[30,225,0]}}}