{"display":{"thirdperson_righthand":{"rotation":[65,7,0],"translation":[0,-2.75,2.25]},"thirdperson_lefthand":{"rotation":[65,7,0],"translation":[0,-2.75,2.25]},"firstperson_righthand":{"rotation":[0,108,0],"translation":[2.25,5.75,0.5],"scale":[0.6,0.6,0.6]},"firstperson_lefthand":{"rotation":[0,108,0],"translation":[2.25,5.75,0.5],"scale":[0.6,0.6,0.6]},"ground":{"translation":[0,5.5,0]},"gui":{"rotation":[19,151,0],"translation":[0.5,5.75,0],"scale":[1.2,1.2,1.2]},"head":{"translation":[0,6.75,0],"scale":[1.65,1.65,1.65]},"fixed":{"translation":[0,5.75,6.75],"scale":[1.5,1.5,1.5]}},"texture_size":[32,32],"textures":{"0":"crates/mystery_crate/anonymousmask","particle":"crates/mystery_crate/anonymousmask"},"elements":[{"from":[3.5,-0.5,3],"to":[12.5,8.5,5],"rotation":{"angle":0,"axis":"y","origin":[4.5,0,4]},"faces":{"north":{"uv":[0,0,4.5,4.5],"texture":"#0"},"east":{"uv":[4.5,8,5.5,12.5],"texture":"#0"},"south":{"uv":[0,4.5,4.5,9],"texture":"#0"},"west":{"uv":[5.5,8,6.5,12.5],"texture":"#0"},"up":{"uv":[11,9,6.5,8],"texture":"#0"},"down":{"uv":[4.5,9,0,10],"texture":"#0"}}},{"from":[3.5,3.5,5],"to":[4,4.5,12.5],"faces":{"north":{"uv":[4.25,4.25,4.5,4.75],"texture":"#0"},"east":{"uv":[12.75,1.5,9,2],"texture":"#0"},"south":{"uv":[9,0.5,9.25,1],"texture":"#0"},"west":{"uv":[9,1.5,12.75,2],"texture":"#0"},"up":{"uv":[8.75,3.75,9,0],"texture":"#0"},"down":{"uv":[8.75,4,9,7.75],"texture":"#0"}}},{"from":[12,3.5,5],"to":[12.5,4.5,12.5],"faces":{"north":{"uv":[4.25,4.25,4.5,4.75],"texture":"#0"},"east":{"uv":[12.75,1.5,9,2],"texture":"#0"},"south":{"uv":[9,0.5,9.25,1],"texture":"#0"},"west":{"uv":[9,1.5,12.75,2],"texture":"#0"},"up":{"uv":[8.75,3.75,9,0],"texture":"#0"},"down":{"uv":[8.75,4,9,7.75],"texture":"#0"}}},{"from":[4,3.5,12],"to":[12,4.5,12.5],"faces":{"north":{"uv":[9.25,0,13.25,0.5],"texture":"#0"},"east":{"uv":[9,1,9.25,1.5],"texture":"#0"},"south":{"uv":[9.25,0.5,13.25,1],"texture":"#0"},"west":{"uv":[12.5,1.5,12.75,2],"texture":"#0"},"up":{"uv":[4.75,0,8.75,0.25],"texture":"#0"},"down":{"uv":[4.75,4,8.75,4.25],"texture":"#0"}}}]}