{"display":{"thirdperson_righthand":{"rotation":[75,45,0],"translation":[0,1.5,0.75],"scale":[0.6,0.6,0.6]},"thirdperson_lefthand":{"rotation":[75,45,0],"translation":[0.25,1.5,0.75],"scale":[0.6,0.6,0.6]},"firstperson_righthand":{"rotation":[0,45,0],"translation":[2.25,5,0],"scale":[0.6,0.6,0.6]},"firstperson_lefthand":{"rotation":[0,225,0],"translation":[2.25,5,0],"scale":[0.6,0.6,0.6]},"ground":{"translation":[0,3,0],"scale":[0.8,0.8,0.8]},"gui":{"rotation":[30,225,0],"translation":[0,2.5,0],"scale":[0.9,0.9,0.9]},"head":{"translation":[0,7.5,0],"scale":[1.85,1.85,1.85]},"fixed":{"translation":[0,5,1.75],"scale":[1.4,1.4,1.4]}},"texture_size":[64,64],"textures":{"0":"crates/mystery_crate/mysterio_helmet","particle":"crates/mystery_crate/mysterio_helmet"},"elements":[{"from":[3,0,3],"to":[13,2,13],"rotation":{"angle":0,"axis":"y","origin":[8,1,5.5]},"faces":{"north":{"uv":[7,0,9.5,0.5],"texture":"#0"},"east":{"uv":[7,0.5,9.5,1],"texture":"#0"},"south":{"uv":[7,0.5,9.5,1],"texture":"#0"},"west":{"uv":[7,0.5,9.5,1],"texture":"#0"},"up":{"uv":[2.5,2.5,0,0],"texture":"#0"},"down":{"uv":[2.5,2.5,0,5],"texture":"#0"}}},{"from":[5.5,0.1,2],"to":[10.5,3.1,4],"rotation":{"angle":0,"axis":"y","origin":[8.5,1,5.5]},"faces":{"north":{"uv":[4.75,3.5,6,4.25],"texture":"#0"},"east":{"uv":[6,3.5,6.5,4.25],"texture":"#0"},"south":{"uv":[7,2,8.25,2.75],"texture":"#0"},"west":{"uv":[6.5,7.5,7,8.25],"texture":"#0"},"up":{"uv":[8.25,3.25,7,2.75],"texture":"#0"},"down":{"uv":[7.75,7,6.5,7.5],"texture":"#0"}}},{"from":[3.5,2,3.5],"to":[12.5,9,12.5],"rotation":{"angle":0,"axis":"y","origin":[7.5,1,5.5]},"faces":{"north":{"uv":[4.75,0,7,1.75],"texture":"#0"},"east":{"uv":[4.75,1.75,7,3.5],"texture":"#0"},"south":{"uv":[0,5,2.25,6.75],"texture":"#0"},"west":{"uv":[2.25,6.5,4.5,8.25],"texture":"#0"},"up":{"uv":[4.75,2.25,2.5,0],"texture":"#0"},"down":{"uv":[4.75,2.25,2.5,4.5],"texture":"#0"}}},{"from":[4,1.75,4],"to":[12,8.75,12],"rotation":{"angle":0,"axis":"y","origin":[8,1,5.5]},"faces":{"north":{"uv":[6.5,3.5,8.5,5.25],"texture":"#0"},"east":{"uv":[6.5,3.5,8.5,5.25],"texture":"#0"},"south":{"uv":[8.5,3.5,6.5,5.25],"texture":"#0"},"west":{"uv":[6.5,3.5,8.5,5.25],"texture":"#0"},"up":{"uv":[4.5,6.5,2.5,4.5],"texture":"#0"},"down":{"uv":[6.5,4.5,4.5,6.5],"texture":"#0"}}}]}