{"display":{"thirdperson_righthand":{"rotation":[75,-180,0],"translation":[0,2.5,0],"scale":[0.375,0.375,0.375]},"gui":{"rotation":[30,45,0],"scale":[0.625,0.625,0.625]},"head":{"translation":[0,-30.25,0],"scale":[1.6,1.6,1.6]}},"textures":{"0":"crates/mystery_crate/spongebob","particle":"crates/mystery_crate/spongebob"},"elements":[{"from":[1,0,1],"to":[15,10,15],"faces":{"north":{"uv":[7,10.75,3.5,8.25],"texture":"#0"},"east":{"uv":[7,8.25,10.5,10.75],"texture":"#0"},"south":{"uv":[10.5,10.75,14,8.25],"texture":"#0"},"west":{"uv":[0,8.25,3.5,10.75],"texture":"#0"},"up":{"uv":[7,4.75,10.5,8.25],"texture":"#0"},"down":{"uv":[3.5,4.75,7,8.25],"texture":"#0"}}},{"from":[1,10,1],"to":[15,14,15],"faces":{"north":{"uv":[3.5,4.75,7,3.75],"texture":"#0"},"east":{"uv":[10.5,4.75,7,3.75],"texture":"#0"},"south":{"uv":[10.5,4.75,14,3.75],"texture":"#0"},"west":{"uv":[0,4.75,3.5,3.75],"texture":"#0"},"up":{"uv":[7,0,10.5,3.5],"texture":"#0"},"down":{"uv":[3.5,0,7,3.5],"texture":"#0"}}},{"from":[7,7,15],"to":[9,11,16],"faces":{"north":{"uv":[1.5,1.25,1,0.25],"texture":"#0"},"east":{"uv":[0.75,1.25,1,0.25],"texture":"#0"},"south":{"uv":[0.75,1.25,0.25,0.25],"texture":"#0"},"west":{"uv":[0,0.25,0.25,1.25],"texture":"#0"},"up":{"uv":[1.25,0,0.75,0.25],"texture":"#0"},"down":{"uv":[0.75,0,0.25,0.25],"texture":"#0"}}}]}