{"file_name":"back_upperarm_right","texture_size":[256,256],"textures":{"layer0":"manamodels/dragon"},"elements":[{"name":"back_upperarm_right_0","from":[6.8,1.3999997,5.6],"to":[10.4,11.0,10.4],"rotation":{"angle":0.0,"axis":"z","origin":[8.0,8.0,8.0]},"faces":{"east":{"uv":[5.5,8.8125,6.0,9.8125],"texture":"#layer0","tintindex":0},"south":{"uv":[2.0,9.5,2.375,10.5],"texture":"#layer0","tintindex":0},"north":{"uv":[9.125,9.125,9.5,10.125],"texture":"#layer0","tintindex":0},"west":{"uv":[1.5,8.875,2.0,9.875],"texture":"#layer0","tintindex":0},"up":{"uv":[4.625,10.6875,4.25,10.1875],"texture":"#layer0","tintindex":0},"down":{"uv":[4.625,10.1875,5.0,10.6875],"texture":"#layer0","tintindex":0}}}],"display":{"head":{"translation":[0.0,-6.4,0.0],"rotation":[0.0,0.0,0.0],"scale":[3.8095,3.8095,3.8095]},"gui":{"translation":[0.0,0.0,0.0],"rotation":[35.0,225.0,0.0],"scale":[0.625,0.625,0.625]}}}