{"file_name":"foot_right","texture_size":[256,256],"textures":{"layer0":"manamodels/dragon"},"elements":[{"name":"foot_right_0","from":[6.194,5.594,6.7939997],"to":[9.806,8.0060005,10.406],"rotation":{"angle":0.0,"axis":"z","origin":[8.0,8.0,8.0]},"faces":{"east":{"uv":[2.75,11.0,3.125,11.25],"texture":"#layer0","tintindex":0},"south":{"uv":[8.0625,11.0,8.4375,11.25],"texture":"#layer0","tintindex":0},"north":{"uv":[10.125,6.5625,10.5,6.8125],"texture":"#layer0","tintindex":0},"west":{"uv":[8.4375,11.0,8.8125,11.25],"texture":"#layer0","tintindex":0},"up":{"uv":[11.0,3.75,10.625,3.375],"texture":"#layer0","tintindex":0},"down":{"uv":[10.625,3.75,11.0,4.125],"texture":"#layer0","tintindex":0}}},{"name":"foot_right_1","from":[8.457974,5.6,2.0976195],"to":[10.257975,8.0,6.29762],"rotation":{"angle":-22.5,"axis":"y","origin":[7.257974,5.6,5.0976195]},"faces":{"east":{"uv":[9.5,2.25,9.9375,2.5],"texture":"#layer0","tintindex":0},"south":{"uv":[11.0,0.75,11.1875,1.0],"texture":"#layer0","tintindex":0},"north":{"uv":[3.25,8.25,3.4375,8.5],"texture":"#layer0","tintindex":0},"west":{"uv":[9.5,7.8125,9.9375,8.0625],"texture":"#layer0","tintindex":0},"up":{"uv":[10.625,11.3125,10.4375,10.875],"texture":"#layer0","tintindex":0},"down":{"uv":[3.125,11.0,3.3125,11.4375],"texture":"#layer0","tintindex":0}}},{"name":"foot_right_2","from":[7.094,5.594,2.5939999],"to":[8.906,8.0060005,6.8059998],"rotation":{"angle":0.0,"axis":"z","origin":[10.5420265,5.6,5.6976194]},"faces":{"east":{"uv":[9.9375,2.25,10.375,2.5],"texture":"#layer0","tintindex":0},"south":{"uv":[11.0,1.25,11.1875,1.5],"texture":"#layer0","tintindex":0},"north":{"uv":[11.0,1.0,11.1875,1.25],"texture":"#layer0","tintindex":0},"west":{"uv":[9.9375,7.8125,10.375,8.0625],"texture":"#layer0","tintindex":0},"up":{"uv":[9.0,11.4375,8.8125,11.0],"texture":"#layer0","tintindex":0},"down":{"uv":[9.0,11.0,9.1875,11.4375],"texture":"#layer0","tintindex":0}}},{"name":"foot_right_3","from":[5.7420254,5.6,2.0976195],"to":[7.5420256,8.0,6.29762],"rotation":{"angle":22.5,"axis":"y","origin":[8.742025,5.6,5.0976195]},"faces":{"east":{"uv":[10.0,10.875,10.4375,11.125],"texture":"#layer0","tintindex":0},"south":{"uv":[11.0,1.75,11.1875,2.0],"texture":"#layer0","tintindex":0},"north":{"uv":[11.0,1.5,11.1875,1.75],"texture":"#layer0","tintindex":0},"west":{"uv":[10.875,6.375,11.3125,6.625],"texture":"#layer0","tintindex":0},"up":{"uv":[10.8125,11.4375,10.625,11.0],"texture":"#layer0","tintindex":0},"down":{"uv":[10.8125,11.0,11.0,11.4375],"texture":"#layer0","tintindex":0}}}],"display":{"head":{"translation":[0.0,-6.4,0.0],"rotation":[0.0,0.0,0.0],"scale":[3.8095,3.8095,3.8095]},"gui":{"translation":[0.0,0.0,0.0],"rotation":[35.0,225.0,0.0],"scale":[0.625,0.625,0.625]}}}