{"file_name":"head","texture_size":[256,256],"textures":{"layer0":"manamodels/dragon"},"elements":[{"name":"head_0","from":[4.394,4.394,0.7939997],"to":[11.606,12.806001,8.0060005],"rotation":{"angle":0.0,"axis":"z","origin":[8.0,8.0,8.0]},"faces":{"east":{"uv":[7.625,5.25,8.375,6.125],"texture":"#layer0","tintindex":0},"south":{"uv":[4.1875,7.8125,4.9375,8.6875],"texture":"#layer0","tintindex":0},"north":{"uv":[2.0,7.25,2.75,8.125],"texture":"#layer0","tintindex":0},"west":{"uv":[4.9375,7.8125,5.6875,8.6875],"texture":"#layer0","tintindex":0},"up":{"uv":[1.5,8.75,0.75,8.0],"texture":"#layer0","tintindex":0},"down":{"uv":[5.6875,8.0625,6.4375,8.8125],"texture":"#layer0","tintindex":0}}},{"name":"head_1","from":[4.3999996,12.799999,0.7999997],"to":[11.6,20.0,8.0],"rotation":{"angle":0.0,"axis":"z","origin":[8.0,8.0,8.0]},"faces":{"east":{"uv":[6.4375,8.125,7.1875,8.875],"texture":"#layer0","tintindex":0},"south":{"uv":[7.1875,8.125,7.9375,8.875],"texture":"#layer0","tintindex":0},"north":{"uv":[1.5,8.125,2.25,8.875],"texture":"#layer0","tintindex":0},"west":{"uv":[7.9375,8.125,8.6875,8.875],"texture":"#layer0","tintindex":0},"up":{"uv":[8.875,2.0,8.125,1.25],"texture":"#layer0","tintindex":0},"down":{"uv":[8.125,2.0,8.875,2.75],"texture":"#layer0","tintindex":0}}},{"name":"head_2","from":[5.6,-5.200001,3.7999997],"to":[10.4,4.3999996,6.2],"rotation":{"angle":0.0,"axis":"z","origin":[8.0,8.0,8.0]},"faces":{"east":{"uv":[8.75,9.625,9.0,10.625],"texture":"#layer0","tintindex":0},"south":{"uv":[4.5,8.6875,5.0,9.6875],"texture":"#layer0","tintindex":0},"north":{"uv":[4.0,8.6875,4.5,9.6875],"texture":"#layer0","tintindex":0},"west":{"uv":[7.875,9.875,8.125,10.875],"texture":"#layer0","tintindex":0},"up":{"uv":[6.1875,8.0625,5.6875,7.8125],"texture":"#layer0","tintindex":0},"down":{"uv":[2.75,8.25,3.25,8.5],"texture":"#layer0","tintindex":0}}},{"name":"head_3","from":[5.606,-5.1940002,6.2060003],"to":[10.394,4.394,8.594],"rotation":{"angle":0.0,"axis":"z","origin":[8.0,8.0,8.0]},"faces":{"east":{"uv":[0.0,11.25,0.25,12.25],"texture":"#layer0","tintindex":0},"south":{"uv":[0.5,13.3125,0.0,13.0625],"texture":"#layer0","tintindex":0},"north":{"uv":[0.5,13.3125,0.0,13.0625],"texture":"#layer0","tintindex":0},"west":{"uv":[0.25,11.25,0.0,12.25],"texture":"#layer0","tintindex":0},"up":{"uv":[0.5,13.3125,0.0,13.0625],"texture":"#layer0","tintindex":0},"down":{"uv":[0.25,11.3125,0.75,11.5625],"texture":"#layer0","tintindex":0}}}],"display":{"head":{"translation":[0.0,-6.4,0.0],"rotation":[0.0,0.0,0.0],"scale":[3.8095,3.8095,3.8095]},"gui":{"translation":[0.0,0.0,0.0],"rotation":[35.0,225.0,0.0],"scale":[0.625,0.625,0.625]}}}