{"file_name":"wingbase_left","texture_size":[256,256],"textures":{"layer0":"manamodels/dragon"},"elements":[{"name":"wingbase_left_0","from":[0.7939997,6.194,6.194],"to":[8.0060005,9.806,9.806],"rotation":{"angle":0.0,"axis":"z","origin":[8.0,8.0,8.0]},"faces":{"east":{"uv":[2.25,10.875,1.875,11.25],"texture":"#layer0","tintindex":0},"south":{"uv":[7.5,9.5,6.75,9.875],"texture":"#layer0","tintindex":0},"north":{"uv":[6.75,9.5,6.0,9.875],"texture":"#layer0","tintindex":0},"west":{"uv":[11.1875,8.4375,10.8125,8.8125],"texture":"#layer0","tintindex":0},"up":{"uv":[7.5,9.875,8.25,9.5],"texture":"#layer0","tintindex":0},"down":{"uv":[10.25,9.5,9.5,9.875],"texture":"#layer0","tintindex":0}}}],"display":{"head":{"translation":[0.0,-6.4,0.0],"rotation":[0.0,0.0,0.0],"scale":[3.8095,3.8095,3.8095]},"gui":{"translation":[0.0,0.0,0.0],"rotation":[35.0,225.0,0.0],"scale":[0.625,0.625,0.625]}}}