{"file_name":"wingtop1_right","texture_size":[256,256],"textures":{"layer0":"manamodels/dragon"},"elements":[{"name":"wingtop1_right_0","from":[7.994,4.994,6.4939995],"to":[24.805996,8.0060005,9.5060005],"rotation":{"angle":0.0,"axis":"z","origin":[8.0,8.0,8.0]},"faces":{"east":{"uv":[10.875,6.625,11.1875,6.9375],"texture":"#layer0","tintindex":0},"south":{"uv":[8.125,3.0625,9.875,3.375],"texture":"#layer0","tintindex":0},"north":{"uv":[8.125,2.75,9.875,3.0625],"texture":"#layer0","tintindex":0},"west":{"uv":[10.875,6.9375,11.1875,7.25],"texture":"#layer0","tintindex":0},"up":{"uv":[9.875,3.6875,8.125,3.375],"texture":"#layer0","tintindex":0},"down":{"uv":[8.375,3.6875,10.125,4.0],"texture":"#layer0","tintindex":0}}}],"display":{"head":{"translation":[0.0,-6.4,0.0],"rotation":[0.0,0.0,0.0],"scale":[3.8095,3.8095,3.8095]},"gui":{"translation":[0.0,0.0,0.0],"rotation":[35.0,225.0,0.0],"scale":[0.625,0.625,0.625]}}}