{"file_name":"wingtop8_right","texture_size":[256,256],"textures":{"layer0":"manamodels/dragon"},"elements":[{"name":"wingtop8_right_0","from":[8.0,6.2,7.1],"to":[22.400002,8.0,8.9],"rotation":{"angle":0.0,"axis":"z","origin":[8.0,8.0,8.0]},"faces":{"east":{"uv":[11.0,4.6875,11.1875,4.875],"texture":"#layer0","tintindex":0},"south":{"uv":[9.5,1.6875,11.0,1.875],"texture":"#layer0","tintindex":0},"north":{"uv":[9.5,1.5,11.0,1.6875],"texture":"#layer0","tintindex":0},"west":{"uv":[11.0,4.875,11.1875,5.0625],"texture":"#layer0","tintindex":0},"up":{"uv":[11.0,2.0625,9.5,1.875],"texture":"#layer0","tintindex":0},"down":{"uv":[9.5,2.0625,11.0,2.25],"texture":"#layer0","tintindex":0}}},{"name":"wingtop8_right_1","from":[-10.6,-13.000001,8.0],"to":[22.400002,6.2,8.0],"rotation":{"angle":0.0,"axis":"z","origin":[8.0,8.0,8.0]},"faces":{"east":{"uv":[0.0,0.0,0.0,2.0],"texture":"#layer0","tintindex":0},"south":{"uv":[0.0,2.0,3.4375,4.0],"texture":"#layer0","tintindex":0},"north":{"uv":[0.0,0.0,3.4375,2.0],"texture":"#layer0","tintindex":0},"west":{"uv":[0.0,0.0,0.0,2.0],"texture":"#layer0","tintindex":0},"up":{"uv":[3.4375,0.0,0.0,0.0],"texture":"#layer0","tintindex":0},"down":{"uv":[0.0,0.0,3.4375,0.0],"texture":"#layer0","tintindex":0}}}],"display":{"head":{"translation":[0.0,-6.4,0.0],"rotation":[0.0,0.0,0.0],"scale":[3.8095,3.8095,3.8095]},"gui":{"translation":[0.0,0.0,0.0],"rotation":[35.0,225.0,0.0],"scale":[0.625,0.625,0.625]}}}