{"file_name":"wingtop2_left","texture_size":[256,256],"textures":{"layer0":"manamodels/dragon"},"elements":[{"name":"wingtop2_left_0","from":[-6.4000006,6.2,7.1],"to":[8.0,8.0,8.9],"rotation":{"angle":0.0,"axis":"z","origin":[8.0,8.0,8.0]},"faces":{"east":{"uv":[11.1875,3.75,11.0,3.9375],"texture":"#layer0","tintindex":0},"south":{"uv":[6.4375,3.25,4.9375,3.4375],"texture":"#layer0","tintindex":0},"north":{"uv":[4.9375,3.25,3.4375,3.4375],"texture":"#layer0","tintindex":0},"west":{"uv":[11.1875,3.5625,11.0,3.75],"texture":"#layer0","tintindex":0},"up":{"uv":[8.6875,8.625,10.1875,8.4375],"texture":"#layer0","tintindex":0},"down":{"uv":[10.375,2.5,8.875,2.6875],"texture":"#layer0","tintindex":0}}},{"name":"wingtop2_left_1","from":[-8.200001,-7.6000004,8.0],"to":[24.8,6.2,8.0],"rotation":{"angle":0.0,"axis":"z","origin":[8.0,8.0,8.0]},"faces":{"east":{"uv":[0.0,0.0,0.0,1.4375],"texture":"#layer0","tintindex":0},"south":{"uv":[3.4375,5.8125,0.0,7.25],"texture":"#layer0","tintindex":0},"north":{"uv":[6.875,1.8125,3.4375,3.25],"texture":"#layer0","tintindex":0},"west":{"uv":[0.0,0.0,0.0,1.4375],"texture":"#layer0","tintindex":0},"up":{"uv":[0.0,0.0,3.4375,0.0],"texture":"#layer0","tintindex":0},"down":{"uv":[3.4375,0.0,0.0,0.0],"texture":"#layer0","tintindex":0}}}],"display":{"head":{"translation":[0.0,-6.4,0.0],"rotation":[0.0,0.0,0.0],"scale":[3.8095,3.8095,3.8095]},"gui":{"translation":[0.0,0.0,0.0],"rotation":[35.0,225.0,0.0],"scale":[0.625,0.625,0.625]}}}