{"file_name":"head","texture_size":[128,128],"textures":{"layer0":"manamodels/npc_shopkeeper"},"elements":[{"name":"head_0","from":[4.85648,8.275591,4.8564796],"to":[11.14352,14.562631,11.14352],"rotation":{"angle":0.0,"axis":"z","origin":[8.0,8.0,8.0]},"faces":{"east":{"uv":[3.125,6.0,4.125,7.0],"texture":"#layer0","tintindex":0},"south":{"uv":[4.25,6.0,5.25,7.0],"texture":"#layer0","tintindex":0},"north":{"uv":[2.0,6.0,3.0,7.0],"texture":"#layer0","tintindex":0},"west":{"uv":[5.375,6.125,6.375,7.125],"texture":"#layer0","tintindex":0},"up":{"uv":[7.25,3.5,6.25,2.5],"texture":"#layer0","tintindex":0},"down":{"uv":[6.5,6.125,7.5,7.125],"texture":"#layer0","tintindex":0}}},{"name":"head_1","from":[7.6070604,7.4897113,4.66001],"to":[10.750581,12.204991,4.66001],"rotation":{"angle":0.0,"axis":"z","origin":[8.0,8.0,8.0]},"faces":{"east":{"uv":[7.0,9.375,7.0,10.125],"texture":"#layer0","tintindex":0},"south":{"uv":[8.625,8.625,9.125,9.375],"texture":"#layer0","tintindex":0},"north":{"uv":[8.0,8.625,8.5,9.375],"texture":"#layer0","tintindex":0},"west":{"uv":[7.125,9.375,7.125,10.125],"texture":"#layer0","tintindex":0},"up":{"uv":[9.875,6.0,9.375,6.0],"texture":"#layer0","tintindex":0},"down":{"uv":[9.375,6.125,9.875,6.125],"texture":"#layer0","tintindex":0}}}],"display":{"head":{"translation":[0.0,-6.4,0.0],"rotation":[0.0,0.0,0.0],"scale":[3.8095,3.8095,3.8095]},"gui":{"translation":[0.0,0.0,0.0],"rotation":[35.0,225.0,0.0],"scale":[0.625,0.625,0.625]}}}