{"display":{"thirdperson_righthand":{"rotation":[75,45,0],"translation":[0,2.5,0],"scale":[0.375,0.375,0.375]},"thirdperson_lefthand":{"rotation":[75,45,0],"translation":[0,2.5,0],"scale":[0.375,0.375,0.375]},"firstperson_righthand":{"rotation":[0,45,0],"scale":[0.4,0.4,0.4]},"firstperson_lefthand":{"rotation":[0,225,0],"scale":[0.4,0.4,0.4]},"ground":{"translation":[0,3,0],"scale":[0.25,0.25,0.25]},"gui":{"rotation":[30,225,0],"translation":[0,-0.25,0],"scale":[0.625,0.625,0.625]},"head":{"translation":[0,-4.5,1],"scale":[1.6,1.6,1.6]},"fixed":{"translation":[0,0,-12],"scale":[2,2,2]}},"texture_size":[128,128],"textures":{"0":"crates/medieval_crate/dragon_wall_mount","particle":"crates/medieval_crate/dragon_wall_mount"},"elements":[{"from":[3,0,13],"to":[13,16,15],"rotation":{"angle":0,"axis":"y","origin":[1,0,0]},"faces":{"north":{"uv":[3.125,0,4.375,2],"texture":"#0"},"east":{"uv":[5.75,6.125,6,8.125],"texture":"#0"},"south":{"uv":[3.125,2,4.375,4],"texture":"#0"},"west":{"uv":[6,6.125,6.25,8.125],"texture":"#0"},"up":{"uv":[8,3.75,6.75,3.5],"texture":"#0"},"down":{"uv":[8,3.75,6.75,4],"texture":"#0"}}},{"from":[5.5,4.5,6.5],"to":[10.5,11.5,16.5],"rotation":{"angle":45,"axis":"x","origin":[8,7.5,10]},"faces":{"north":{"uv":[5.75,5.25,6.375,6.125],"texture":"#0"},"east":{"uv":[3.125,4,4.375,4.875],"texture":"#0"},"south":{"uv":[3.125,5.875,3.75,6.75],"texture":"#0"},"west":{"uv":[4.375,0,5.625,0.875],"texture":"#0"},"up":{"uv":[5,4.125,4.375,2.875],"texture":"#0"},"down":{"uv":[5,4.125,4.375,5.375],"texture":"#0"}}},{"from":[5,6,-3],"to":[11,10,5],"rotation":{"angle":0,"axis":"y","origin":[1,-1,0]},"faces":{"north":{"uv":[3.75,6.375,4.5,6.875],"texture":"#0"},"east":{"uv":[0,6.25,1,6.75],"texture":"#0"},"south":{"uv":[6.625,0,7.375,0.5],"texture":"#0"},"west":{"uv":[6.25,0.625,7.25,1.125],"texture":"#0"},"up":{"uv":[3.875,5.875,3.125,4.875],"texture":"#0"},"down":{"uv":[5.75,2.875,5,3.875],"texture":"#0"}}},{"from":[5.5,3,-2.75],"to":[10.5,6,4.25],"rotation":{"angle":0,"axis":"y","origin":[0.5,-1,0]},"faces":{"north":{"uv":[5,7.125,5.625,7.5],"texture":"#0"},"east":{"uv":[2.875,6.75,3.75,7.125],"texture":"#0"},"south":{"uv":[7.125,6,7.75,6.375],"texture":"#0"},"west":{"uv":[6.75,3.125,7.625,3.5],"texture":"#0"},"up":{"uv":[5.125,6.75,4.5,5.875],"texture":"#0"},"down":{"uv":[5.75,5.875,5.125,6.75],"texture":"#0"}}},{"from":[6.5,7,-4],"to":[9.5,11,-1],"rotation":{"angle":22.5,"axis":"x","origin":[8.5,9,-3]},"faces":{"north":{"uv":[5.375,2.375,5.75,2.875],"texture":"#0"},"east":{"uv":[3.375,7.125,3.75,7.625],"texture":"#0"},"south":{"uv":[2.125,7.25,2.5,7.75],"texture":"#0"},"west":{"uv":[2.5,7.25,2.875,7.75],"texture":"#0"},"up":{"uv":[2.125,7.875,1.75,7.5],"texture":"#0"},"down":{"uv":[0.375,7.625,0,8],"texture":"#0"}}},{"from":[5.01,2.01,-2.49],"to":[10.99,4.99,5.49],"rotation":{"angle":-22.5,"axis":"x","origin":[8,5.5,1]},"faces":{"north":{"uv":[5,6.75,5.75,7.125],"texture":"#0"},"east":{"uv":[6.625,1.125,7.625,1.5],"texture":"#0"},"south":{"uv":[3.75,6.875,4.5,7.25],"texture":"#0"},"west":{"uv":[6.625,1.5,7.625,1.875],"texture":"#0"},"up":{"uv":[5.75,4.875,5,3.875],"texture":"#0"},"down":{"uv":[5.75,4.875,5,5.875],"texture":"#0"}}},{"from":[5.51,4.01,-2.24],"to":[10.49,6.99,5.74],"rotation":{"angle":-22.5,"axis":"x","origin":[7.5,5.5,1]},"faces":{"north":{"uv":[0,7.25,0.625,7.625],"texture":"#0"},"east":{"uv":[6.625,1.875,7.625,2.25],"texture":"#0"},"south":{"uv":[7.25,0.5,7.875,0.875],"texture":"#0"},"west":{"uv":[6.25,6.625,7.25,7],"texture":"#0"},"up":{"uv":[4.5,6.375,3.875,5.375],"texture":"#0"},"down":{"uv":[6.375,2.375,5.75,3.375],"texture":"#0"}}},{"from":[4,7,3],"to":[12,12,11],"faces":{"north":{"uv":[5.625,0,6.625,0.625],"texture":"#0"},"east":{"uv":[5.75,3.375,6.75,4],"texture":"#0"},"south":{"uv":[5.75,4,6.75,4.625],"texture":"#0"},"west":{"uv":[5.75,4.625,6.75,5.25],"texture":"#0"},"up":{"uv":[5.375,1.875,4.375,0.875],"texture":"#0"},"down":{"uv":[5.375,1.875,4.375,2.875],"texture":"#0"}}},{"from":[8.8,9.5,3],"to":[11.8,13.5,7],"rotation":{"angle":-45,"axis":"x","origin":[8,13.5,6.5]},"faces":{"north":{"uv":[3.75,7.25,4.125,7.75],"texture":"#0"},"east":{"uv":[3.875,4.875,4.375,5.375],"texture":"#0"},"south":{"uv":[7.25,4,7.625,4.5],"texture":"#0"},"west":{"uv":[4.5,5.375,5,5.875],"texture":"#0"},"up":{"uv":[4.5,7.75,4.125,7.25],"texture":"#0"},"down":{"uv":[7.625,4.5,7.25,5],"texture":"#0"}}},{"from":[4.2,9.5,3],"to":[7.2,13.5,7],"rotation":{"angle":-45,"axis":"x","origin":[8,13.5,6.5]},"faces":{"north":{"uv":[7.25,6.375,7.625,6.875],"texture":"#0"},"east":{"uv":[7,7,7.5,7.5],"texture":"#0"},"south":{"uv":[7.375,0,7.75,0.5],"texture":"#0"},"west":{"uv":[2.875,7.125,3.375,7.625],"texture":"#0"},"up":{"uv":[1.375,8,1,7.5],"texture":"#0"},"down":{"uv":[1.75,7.5,1.375,8],"texture":"#0"}}},{"from":[4.7,10,3],"to":[6.7,13,12],"rotation":{"angle":-45,"axis":"x","origin":[5,13.5,6.5]},"faces":{"north":{"uv":[7.75,0,8,0.375],"texture":"#0"},"east":{"uv":[7.5,5.625,6.375,6],"texture":"#0"},"south":{"uv":[2.125,7.75,2.375,8.125],"texture":"#0"},"west":{"uv":[6.375,5.625,7.5,6],"texture":"#0"},"up":{"uv":[6.75,8.125,6.5,7],"texture":"#0"},"down":{"uv":[6.75,7,6.5,8.125],"texture":"#0"}}},{"from":[9.3,10,3],"to":[11.3,13,12],"rotation":{"angle":-45,"axis":"x","origin":[11,13.5,6.5]},"faces":{"north":{"uv":[8,0,7.75,0.375],"texture":"#0"},"east":{"uv":[7.5,5.625,6.375,6],"texture":"#0"},"south":{"uv":[2.375,7.75,2.125,8.125],"texture":"#0"},"west":{"uv":[6.375,5.625,7.5,6],"texture":"#0"},"up":{"uv":[6.5,8.125,6.75,7],"texture":"#0"},"down":{"uv":[6.5,7,6.75,8.125],"texture":"#0"}}},{"from":[4.5,4,4],"to":[11.5,8,10],"rotation":{"angle":0,"axis":"y","origin":[-0.5,0,0]},"faces":{"north":{"uv":[2.125,6.25,3,6.75],"texture":"#0"},"east":{"uv":[0,6.75,0.75,7.25],"texture":"#0"},"south":{"uv":[6.25,6.125,7.125,6.625],"texture":"#0"},"west":{"uv":[2.125,6.75,2.875,7.25],"texture":"#0"},"up":{"uv":[6.25,1.625,5.375,0.875],"texture":"#0"},"down":{"uv":[6.25,1.625,5.375,2.375],"texture":"#0"}}},{"from":[-4.5,-4,14],"to":[20.5,21,14],"rotation":{"angle":45,"axis":"z","origin":[8,8.5,14]},"faces":{"north":{"uv":[0,0,3.125,3.125],"texture":"#0"},"east":{"uv":[0,0,0,3.125],"texture":"#0"},"south":{"uv":[0,3.125,3.125,6.25],"texture":"#0"},"west":{"uv":[0,0,0,3.125],"texture":"#0"},"up":{"uv":[3.125,0,0,0],"texture":"#0"},"down":{"uv":[3.125,0,0,0],"texture":"#0"}}},{"from":[13,3,13],"to":[16,13,15],"rotation":{"angle":0,"axis":"y","origin":[1,0,0]},"faces":{"north":{"uv":[1,6.25,1.375,7.5],"texture":"#0"},"east":{"uv":[0.75,6.75,1,8],"texture":"#0"},"south":{"uv":[6.25,1.125,6.625,2.375],"texture":"#0"},"west":{"uv":[6.75,4,7,5.25],"texture":"#0"},"up":{"uv":[6.75,3.375,6.375,3.125],"texture":"#0"},"down":{"uv":[8.125,0.875,7.75,1.125],"texture":"#0"}}},{"from":[7.91,9.66,13.01],"to":[11.89,12.64,14.99],"rotation":{"angle":-45,"axis":"z","origin":[14.5,8,14]},"faces":{"north":{"uv":[7.5,2.25,8,2.625],"texture":"#0"},"east":{"uv":[2.375,7.75,2.625,8.125],"texture":"#0"},"south":{"uv":[7.5,2.625,8,3],"texture":"#0"},"west":{"uv":[2.625,7.75,2.875,8.125],"texture":"#0"},"up":{"uv":[8.125,2.125,7.625,1.875],"texture":"#0"},"down":{"uv":[8.125,3,7.625,3.25],"texture":"#0"}}},{"from":[4.11,9.66,13.01],"to":[8.09,12.64,14.99],"rotation":{"angle":45,"axis":"z","origin":[1.5,8,14]},"faces":{"north":{"uv":[5,7.5,5.5,7.875],"texture":"#0"},"east":{"uv":[3.625,7.75,3.875,8.125],"texture":"#0"},"south":{"uv":[7.5,5,8,5.375],"texture":"#0"},"west":{"uv":[3.875,7.75,4.125,8.125],"texture":"#0"},"up":{"uv":[3.625,7.875,3.125,7.625],"texture":"#0"},"down":{"uv":[8.125,3.25,7.625,3.5],"texture":"#0"}}},{"from":[7.91,3.36,13.01],"to":[11.89,6.34,14.99],"rotation":{"angle":45,"axis":"z","origin":[14.5,8,14]},"faces":{"north":{"uv":[7.5,5.375,8,5.75],"texture":"#0"},"east":{"uv":[4.125,7.75,4.375,8.125],"texture":"#0"},"south":{"uv":[7.5,6.875,8,7.25],"texture":"#0"},"west":{"uv":[7.75,6,8,6.375],"texture":"#0"},"up":{"uv":[8.125,4.25,7.625,4],"texture":"#0"},"down":{"uv":[8.125,4.25,7.625,4.5],"texture":"#0"}}},{"from":[4.11,3.36,13.01],"to":[8.09,6.34,14.99],"rotation":{"angle":-45,"axis":"z","origin":[1.5,8,14]},"faces":{"north":{"uv":[7,7.5,7.5,7.875],"texture":"#0"},"east":{"uv":[7.75,7.625,8,8],"texture":"#0"},"south":{"uv":[7.5,7.25,8,7.625],"texture":"#0"},"west":{"uv":[7.875,0.375,8.125,0.75],"texture":"#0"},"up":{"uv":[8.125,4.75,7.625,4.5],"texture":"#0"},"down":{"uv":[8.125,4.75,7.625,5],"texture":"#0"}}},{"from":[0,3,13],"to":[3,13,15],"rotation":{"angle":0,"axis":"y","origin":[15,0,0]},"faces":{"north":{"uv":[1.375,6.25,1.75,7.5],"texture":"#0"},"east":{"uv":[4.5,6.75,4.75,8],"texture":"#0"},"south":{"uv":[1.75,6.25,2.125,7.5],"texture":"#0"},"west":{"uv":[4.75,6.75,5,8],"texture":"#0"},"up":{"uv":[8.25,1.625,7.875,1.375],"texture":"#0"},"down":{"uv":[8.25,1.625,7.875,1.875],"texture":"#0"}}}]}