{"display":{"thirdperson_righthand":{"translation":[0,-0.25,0],"scale":[0.4,0.4,0.4]},"thirdperson_lefthand":{"translation":[0,-0.25,0],"scale":[0.4,0.4,0.4]},"firstperson_righthand":{"rotation":[0,45,0],"translation":[1,2.25,0],"scale":[0.4,0.4,0.4]},"firstperson_lefthand":{"rotation":[0,45,0],"translation":[1,2.25,0],"scale":[0.4,0.4,0.4]},"ground":{"translation":[0,3,0],"scale":[0.25,0.25,0.25]},"gui":{"rotation":[30,225,0],"scale":[0.625,0.625,0.625]},"head":{"translation":[0,-31,0],"scale":[1.6,1.6,1.6]},"fixed":{"translation":[0,0,-1.25],"scale":[0.8,0.8,0.8]}},"texture_size":[64,64],"textures":{"0":"crates/medieval_crate/holy_grail","particle":"crates/medieval_crate/holy_grail"},"elements":[{"from":[4,0,4],"to":[12,3,12],"rotation":{"angle":0,"axis":"y","origin":[7,0,1]},"faces":{"north":{"uv":[2,5.75,4,6.5],"texture":"#0"},"east":{"uv":[4,5,6,5.75],"texture":"#0"},"south":{"uv":[2,5.75,4,6.5],"texture":"#0"},"west":{"uv":[2,5.75,4,6.5],"texture":"#0"},"up":{"uv":[2,2,0,0],"texture":"#0"},"down":{"uv":[2,2,0,4],"texture":"#0"}}},{"from":[3,10,4],"to":[4,14,12],"rotation":{"angle":0,"axis":"y","origin":[7,0,1]},"faces":{"north":{"uv":[5.5,6.5,5.75,7.5],"texture":"#0"},"east":{"uv":[2.5,4,4.5,5],"texture":"#0"},"south":{"uv":[5.75,6.5,6,7.5],"texture":"#0"},"west":{"uv":[4,3,6,4],"texture":"#0"},"up":{"uv":[6.5,9.75,6.25,7.75],"texture":"#0"},"down":{"uv":[6.75,7.75,6.5,9.75],"texture":"#0"}}},{"from":[4,10,4],"to":[12,11,12],"rotation":{"angle":0,"axis":"y","origin":[7,0,1]},"faces":{"north":{"uv":[7.75,7.75,9.75,8],"texture":"#0"},"east":{"uv":[6.75,8,8.75,8.25],"texture":"#0"},"south":{"uv":[8.25,0,10.25,0.25],"texture":"#0"},"west":{"uv":[8.25,0.25,10.25,0.5],"texture":"#0"},"up":{"uv":[4,2,2,0],"texture":"#0"},"down":{"uv":[4,2,2,4],"texture":"#0"}}},{"from":[12,10,4],"to":[13,14,12],"rotation":{"angle":0,"axis":"y","origin":[9,0,1]},"faces":{"north":{"uv":[8.5,1.75,8.75,2.75],"texture":"#0"},"east":{"uv":[4.5,4,6.5,5],"texture":"#0"},"south":{"uv":[3.5,8.5,3.75,9.5],"texture":"#0"},"west":{"uv":[0,5,2,6],"texture":"#0"},"up":{"uv":[2.25,10.25,2,8.25],"texture":"#0"},"down":{"uv":[2.5,8.25,2.25,10.25],"texture":"#0"}}},{"from":[3,10,3],"to":[13,14,4],"rotation":{"angle":0,"axis":"y","origin":[7,0,1]},"faces":{"north":{"uv":[0,4,2.5,5],"texture":"#0"},"east":{"uv":[3.75,8.5,4,9.5],"texture":"#0"},"south":{"uv":[4,0,6.5,1],"texture":"#0"},"west":{"uv":[4,8.5,4.25,9.5],"texture":"#0"},"up":{"uv":[9,3,6.5,2.75],"texture":"#0"},"down":{"uv":[9.75,1,7.25,1.25],"texture":"#0"}}},{"from":[3,10,12],"to":[13,14,13],"rotation":{"angle":0,"axis":"y","origin":[7,0,1]},"faces":{"north":{"uv":[4,1,6.5,2],"texture":"#0"},"east":{"uv":[8.5,4,8.75,5],"texture":"#0"},"south":{"uv":[4,2,6.5,3],"texture":"#0"},"west":{"uv":[4.25,8.5,4.5,9.5],"texture":"#0"},"up":{"uv":[9.75,1.5,7.25,1.25],"texture":"#0"},"down":{"uv":[9.75,1.5,7.25,1.75],"texture":"#0"}}},{"from":[2,14,2],"to":[4,16,14],"rotation":{"angle":0,"axis":"y","origin":[7,0,1]},"faces":{"north":{"uv":[8.5,5,9,5.5],"texture":"#0"},"east":{"uv":[6,3,9,3.5],"texture":"#0"},"south":{"uv":[6,5,6.5,5.5],"texture":"#0"},"west":{"uv":[6,3.5,9,4],"texture":"#0"},"up":{"uv":[0.5,9,0,6],"texture":"#0"},"down":{"uv":[1,6,0.5,9],"texture":"#0"}}},{"from":[12,14,2],"to":[14,16,14],"rotation":{"angle":0,"axis":"y","origin":[9,0,1]},"faces":{"north":{"uv":[6,5,6.5,5.5],"texture":"#0"},"east":{"uv":[6,5,9,5.5],"texture":"#0"},"south":{"uv":[8.5,5,9,5.5],"texture":"#0"},"west":{"uv":[6,5.5,9,6],"texture":"#0"},"up":{"uv":[1.5,9,1,6],"texture":"#0"},"down":{"uv":[2,6,1.5,9],"texture":"#0"}}},{"from":[4,14,2],"to":[12,16,4],"rotation":{"angle":0,"axis":"y","origin":[9,0,1]},"faces":{"north":{"uv":[6.5,3.5,8.5,4],"texture":"#0"},"east":{"uv":[8.75,1.75,9.25,2.25],"texture":"#0"},"south":{"uv":[6.5,2.25,8.5,2.75],"texture":"#0"},"west":{"uv":[8.75,2.25,9.25,2.75],"texture":"#0"},"up":{"uv":[5.5,7,3.5,6.5],"texture":"#0"},"down":{"uv":[8.5,4,6.5,4.5],"texture":"#0"}}},{"from":[4,14,12],"to":[12,16,14],"rotation":{"angle":0,"axis":"y","origin":[9,0,1]},"faces":{"north":{"uv":[6.5,4.5,8.5,5],"texture":"#0"},"east":{"uv":[2.5,8.75,3,9.25],"texture":"#0"},"south":{"uv":[6.5,5,8.5,5.5],"texture":"#0"},"west":{"uv":[3,8.75,3.5,9.25],"texture":"#0"},"up":{"uv":[8.75,7,6.75,6.5],"texture":"#0"},"down":{"uv":[5.5,7,3.5,7.5],"texture":"#0"}}},{"from":[6.5,3,6.5],"to":[9.5,10,9.5],"rotation":{"angle":45,"axis":"y","origin":[8,4.5,8]},"faces":{"north":{"uv":[6.5,0,7.25,1.75],"texture":"#0"},"east":{"uv":[6.5,0,7.25,1.75],"texture":"#0"},"south":{"uv":[6.5,0,7.25,1.75],"texture":"#0"},"west":{"uv":[6.5,0,7.25,1.75],"texture":"#0"},"up":{"uv":[6.25,8.5,5.5,7.75],"texture":"#0"},"down":{"uv":[8.5,7,7.75,7.75],"texture":"#0"}}},{"from":[6,5,6],"to":[10,7,10],"rotation":{"angle":45,"axis":"y","origin":[8,4.5,8]},"faces":{"north":{"uv":[6.75,8.25,7.75,8.75],"texture":"#0"},"east":{"uv":[6.75,8.25,7.75,8.75],"texture":"#0"},"south":{"uv":[6.75,8.25,7.75,8.75],"texture":"#0"},"west":{"uv":[6.75,8.25,7.75,8.75],"texture":"#0"},"up":{"uv":[7.75,8,6.75,7],"texture":"#0"},"down":{"uv":[8.25,0,7.25,1],"texture":"#0"}}},{"from":[6,8,6],"to":[10,9,10],"rotation":{"angle":45,"axis":"y","origin":[8,4.5,8]},"faces":{"north":{"uv":[8.75,4.25,9.75,4.5],"texture":"#0"},"east":{"uv":[8.75,4.25,9.75,4.5],"texture":"#0"},"south":{"uv":[8.75,4.25,9.75,4.5],"texture":"#0"},"west":{"uv":[8.75,4.25,9.75,4.5],"texture":"#0"},"up":{"uv":[4.5,8.5,3.5,7.5],"texture":"#0"},"down":{"uv":[5.5,7.5,4.5,8.5],"texture":"#0"}}}]}