{"display":{"thirdperson_righthand":{"rotation":[75,45,0],"translation":[0,2.5,0],"scale":[0.375,0.375,0.375]},"thirdperson_lefthand":{"rotation":[75,45,0],"translation":[0,2.5,0],"scale":[0.375,0.375,0.375]},"firstperson_righthand":{"rotation":[0,98,0],"translation":[2.5,2,0],"scale":[0.4,0.4,0.4]},"firstperson_lefthand":{"rotation":[0,98,0],"translation":[2.5,2,0],"scale":[0.4,0.4,0.4]},"ground":{"translation":[0,3,0],"scale":[0.25,0.25,0.25]},"gui":{"rotation":[30,225,0],"translation":[0,-1,0],"scale":[0.725,0.725,0.725]},"head":{"translation":[0,7.75,0],"scale":[1.8,1.8,1.8]}},"texture_size":[64,64],"textures":{"0":"crates/medieval_crate/jester_hat","particle":"crates/medieval_crate/jester_hat"},"elements":[{"from":[5,5.5,3],"to":[11,8.5,13],"rotation":{"angle":0,"axis":"y","origin":[4,0,5]},"faces":{"north":{"uv":[0,4,1.5,4.75],"texture":"#0"},"east":{"uv":[3,3,5.5,3.75],"texture":"#0"},"south":{"uv":[1.5,4,3,4.75],"texture":"#0"},"west":{"uv":[3,3.75,5.5,4.5],"texture":"#0"},"up":{"uv":[1.5,2.5,0,0],"texture":"#0"},"down":{"uv":[3,0,1.5,2.5],"texture":"#0"}}},{"from":[7,5.5,5],"to":[13,8.5,11],"rotation":{"angle":0,"axis":"y","origin":[4,0,5]},"faces":{"north":{"uv":[4.5,0,6,0.75],"texture":"#0"},"east":{"uv":[4.5,0.75,6,1.5],"texture":"#0"},"south":{"uv":[4.5,1.5,6,2.25],"texture":"#0"},"west":{"uv":[4.5,2.25,6,3],"texture":"#0"},"up":{"uv":[1.5,4,0,2.5],"texture":"#0"},"down":{"uv":[3,2.5,1.5,4],"texture":"#0"}}},{"from":[3,5.5,5],"to":[9,8.5,11],"rotation":{"angle":0,"axis":"y","origin":[12,0,5]},"faces":{"north":{"uv":[3,4.5,4.5,5.25],"texture":"#0"},"east":{"uv":[4.5,4.5,6,5.25],"texture":"#0"},"south":{"uv":[0,4.75,1.5,5.5],"texture":"#0"},"west":{"uv":[1.5,4.75,3,5.5],"texture":"#0"},"up":{"uv":[4.5,1.5,3,0],"texture":"#0"},"down":{"uv":[4.5,1.5,3,3],"texture":"#0"}}},{"from":[10,5.5,2.5],"to":[12,8.5,5.5],"rotation":{"angle":45,"axis":"y","origin":[12,7,4]},"faces":{"north":{"uv":[0,8.25,0.5,9],"texture":"#0"},"east":{"uv":[8,4,8.75,4.75],"texture":"#0"},"south":{"uv":[0.5,8.25,1,9],"texture":"#0"},"west":{"uv":[4.5,8,5.25,8.75],"texture":"#0"},"up":{"uv":[1.5,9,1,8.25],"texture":"#0"},"down":{"uv":[2,8.25,1.5,9],"texture":"#0"}}},{"from":[4,5.5,2.5],"to":[6,8.5,5.5],"rotation":{"angle":-45,"axis":"y","origin":[4,7,4]},"faces":{"north":{"uv":[2,8.25,2.5,9],"texture":"#0"},"east":{"uv":[8,4.75,8.75,5.5],"texture":"#0"},"south":{"uv":[2.5,8.25,3,9],"texture":"#0"},"west":{"uv":[5.25,8,6,8.75],"texture":"#0"},"up":{"uv":[9,0.75,8.5,0],"texture":"#0"},"down":{"uv":[3.5,8.5,3,9.25],"texture":"#0"}}},{"from":[4,5.5,10.5],"to":[6,8.5,13.5],"rotation":{"angle":45,"axis":"y","origin":[4,7,12]},"faces":{"north":{"uv":[3.5,8.5,4,9.25],"texture":"#0"},"east":{"uv":[8,5.5,8.75,6.25],"texture":"#0"},"south":{"uv":[4,8.5,4.5,9.25],"texture":"#0"},"west":{"uv":[8,6.25,8.75,7],"texture":"#0"},"up":{"uv":[6.5,9.25,6,8.5],"texture":"#0"},"down":{"uv":[7,8.5,6.5,9.25],"texture":"#0"}}},{"from":[10,5.5,10.5],"to":[12,8.5,13.5],"rotation":{"angle":-45,"axis":"y","origin":[12,7,12]},"faces":{"north":{"uv":[8.5,7,9,7.75],"texture":"#0"},"east":{"uv":[7,8,7.75,8.75],"texture":"#0"},"south":{"uv":[8.5,7.75,9,8.5],"texture":"#0"},"west":{"uv":[7.75,8,8.5,8.75],"texture":"#0"},"up":{"uv":[9,9.25,8.5,8.5],"texture":"#0"},"down":{"uv":[9.25,4,8.75,4.75],"texture":"#0"}}},{"from":[8.15,7.5,4.05],"to":[12.15,11.5,8.05],"rotation":{"angle":-45,"axis":"y","origin":[10.15,9,6.05]},"faces":{"north":{"uv":[6,1.5,7,2.5],"texture":"#0"},"east":{"uv":[3,6,4,7],"texture":"#0"},"south":{"uv":[4,6,5,7],"texture":"#0"},"west":{"uv":[6,4.5,7,5.5],"texture":"#0"},"up":{"uv":[6,7,5,6],"texture":"#0"},"down":{"uv":[7,5.5,6,6.5],"texture":"#0"}}},{"from":[9.65,10.5,5.05],"to":[15.65,13.5,7.05],"rotation":{"angle":22.5,"axis":"y","origin":[10.15,9,6.05]},"faces":{"north":{"uv":[3,5.25,4.5,6],"texture":"#0"},"east":{"uv":[4.5,8.75,5,9.5],"texture":"#0"},"south":{"uv":[4.5,5.25,6,6],"texture":"#0"},"west":{"uv":[8.75,4.75,9.25,5.5],"texture":"#0"},"up":{"uv":[9,1.5,7.5,1],"texture":"#0"},"down":{"uv":[8.5,7.5,7,8],"texture":"#0"}}},{"from":[14.65,9.5,5.55],"to":[16.65,11.5,6.55],"rotation":{"angle":22.5,"axis":"y","origin":[10.15,9,6.05]},"faces":{"north":{"uv":[6,2.5,6.5,3],"texture":"#0"},"east":{"uv":[1,9,1.25,9.5],"texture":"#0"},"south":{"uv":[6.5,2.5,7,3],"texture":"#0"},"west":{"uv":[9,1,9.25,1.5],"texture":"#0"},"up":{"uv":[9,1,8.5,0.75],"texture":"#0"},"down":{"uv":[1.75,9,1.25,9.25],"texture":"#0"}}},{"from":[3.84,7.49,4.04],"to":[7.86,11.51,8.06],"rotation":{"angle":45,"axis":"y","origin":[5.85,9,6.05]},"faces":{"north":{"uv":[0,6.25,1,7.25],"texture":"#0"},"east":{"uv":[1,6.25,2,7.25],"texture":"#0"},"south":{"uv":[2,6.25,3,7.25],"texture":"#0"},"west":{"uv":[6,6.5,7,7.5],"texture":"#0"},"up":{"uv":[8,2.5,7,1.5],"texture":"#0"},"down":{"uv":[8,2.5,7,3.5],"texture":"#0"}}},{"from":[0.35,10.5,5.05],"to":[6.35,13.5,7.05],"rotation":{"angle":-22.5,"axis":"y","origin":[5.85,9,6.05]},"faces":{"north":{"uv":[0,5.5,1.5,6.25],"texture":"#0"},"east":{"uv":[5,8.75,5.5,9.5],"texture":"#0"},"south":{"uv":[1.5,5.5,3,6.25],"texture":"#0"},"west":{"uv":[5.5,8.75,6,9.5],"texture":"#0"},"up":{"uv":[9.5,2,8,1.5],"texture":"#0"},"down":{"uv":[9.5,2,8,2.5],"texture":"#0"}}},{"from":[-0.65,9.5,5.55],"to":[1.35,11.5,6.55],"rotation":{"angle":-22.5,"axis":"y","origin":[5.85,9,6.05]},"faces":{"north":{"uv":[8,7,8.5,7.5],"texture":"#0"},"east":{"uv":[1.75,9,2,9.5],"texture":"#0"},"south":{"uv":[8,8.75,8.5,9.25],"texture":"#0"},"west":{"uv":[2,9,2.25,9.5],"texture":"#0"},"up":{"uv":[2.75,9.25,2.25,9],"texture":"#0"},"down":{"uv":[9.5,7,9,7.25],"texture":"#0"}}},{"from":[3.85,7.5,7.95],"to":[7.85,11.5,11.95],"rotation":{"angle":-45,"axis":"y","origin":[5.85,9,9.95]},"faces":{"north":{"uv":[3,7,4,8],"texture":"#0"},"east":{"uv":[7,3.5,8,4.5],"texture":"#0"},"south":{"uv":[4,7,5,8],"texture":"#0"},"west":{"uv":[7,4.5,8,5.5],"texture":"#0"},"up":{"uv":[6,8,5,7],"texture":"#0"},"down":{"uv":[8,5.5,7,6.5],"texture":"#0"}}},{"from":[0.35,10.5,8.95],"to":[6.35,13.5,10.95],"rotation":{"angle":22.5,"axis":"y","origin":[5.85,9,9.95]},"faces":{"north":{"uv":[5.5,3,7,3.75],"texture":"#0"},"east":{"uv":[8.75,5.5,9.25,6.25],"texture":"#0"},"south":{"uv":[5.5,3.75,7,4.5],"texture":"#0"},"west":{"uv":[8.75,6.25,9.25,7],"texture":"#0"},"up":{"uv":[9.5,3,8,2.5],"texture":"#0"},"down":{"uv":[4.5,8,3,8.5],"texture":"#0"}}},{"from":[-0.65,9.5,9.45],"to":[1.35,11.5,10.45],"rotation":{"angle":22.5,"axis":"y","origin":[5.85,9,9.95]},"faces":{"north":{"uv":[0,9,0.5,9.5],"texture":"#0"},"east":{"uv":[2.75,9,3,9.5],"texture":"#0"},"south":{"uv":[9,0,9.5,0.5],"texture":"#0"},"west":{"uv":[9,7.25,9.25,7.75],"texture":"#0"},"up":{"uv":[9.5,8,9,7.75],"texture":"#0"},"down":{"uv":[9.5,8,9,8.25],"texture":"#0"}}},{"from":[8.14,7.49,7.94],"to":[12.16,11.51,11.96],"rotation":{"angle":45,"axis":"y","origin":[10.15,9,9.95]},"faces":{"north":{"uv":[7,6.5,8,7.5],"texture":"#0"},"east":{"uv":[0,7.25,1,8.25],"texture":"#0"},"south":{"uv":[1,7.25,2,8.25],"texture":"#0"},"west":{"uv":[2,7.25,3,8.25],"texture":"#0"},"up":{"uv":[8.5,1,7.5,0],"texture":"#0"},"down":{"uv":[7,7.5,6,8.5],"texture":"#0"}}},{"from":[9.65,10.5,8.95],"to":[15.65,13.5,10.95],"rotation":{"angle":-22.5,"axis":"y","origin":[10.15,9,9.95]},"faces":{"north":{"uv":[6,0,7.5,0.75],"texture":"#0"},"east":{"uv":[7,8.75,7.5,9.5],"texture":"#0"},"south":{"uv":[6,0.75,7.5,1.5],"texture":"#0"},"west":{"uv":[7.5,8.75,8,9.5],"texture":"#0"},"up":{"uv":[9.5,3.5,8,3],"texture":"#0"},"down":{"uv":[9.5,3.5,8,4],"texture":"#0"}}},{"from":[14.65,9.5,9.45],"to":[16.65,11.5,10.45],"rotation":{"angle":-22.5,"axis":"y","origin":[10.15,9,9.95]},"faces":{"north":{"uv":[0.5,9,1,9.5],"texture":"#0"},"east":{"uv":[9,8.25,9.25,8.75],"texture":"#0"},"south":{"uv":[9,0.5,9.5,1],"texture":"#0"},"west":{"uv":[9,8.75,9.25,9.25],"texture":"#0"},"up":{"uv":[9.75,1.25,9.25,1],"texture":"#0"},"down":{"uv":[1.75,9.25,1.25,9.5],"texture":"#0"}}}]}