{"display":{"thirdperson_righthand":{"translation":[0,-8,2.5]},"thirdperson_lefthand":{"translation":[0,-8,2.5]},"firstperson_righthand":{"rotation":[22,0,0],"translation":[2.75,-2,0],"scale":[0.7,0.7,0.7]},"firstperson_lefthand":{"translation":[2.75,-3.5,0],"scale":[0.7,0.7,0.7]},"ground":{"rotation":[-57.05,-5.4,9.86],"translation":[0,0,3],"scale":[0.5,0.5,0.5]},"gui":{"rotation":[-90,44.5,90],"translation":[2.75,-4,0],"scale":[0.7,0.7,0.7]},"fixed":{"rotation":[-90,49,90],"translation":[3.75,-5.5,0]}},"texture_size":[32,32],"textures":{"0":"crates/medieval_crate/robin_hood_bow","particle":"crates/medieval_crate/robin_hood_bow"},"elements":[{"from":[7,11,5],"to":[9,18,7],"rotation":{"angle":0,"axis":"y","origin":[8,14,6]},"faces":{"north":{"uv":[2,0,3,3.5],"texture":"#0"},"east":{"uv":[3,0,4,3.5],"texture":"#0"},"south":{"uv":[2,3.5,3,7],"texture":"#0"},"west":{"uv":[3,3.5,4,7],"texture":"#0"},"up":{"uv":[10,7,9,6],"texture":"#0"},"down":{"uv":[10,7,9,8],"texture":"#0"}}},{"from":[7.5,7.75,6],"to":[8.5,11.75,8],"rotation":{"angle":22.5,"axis":"x","origin":[8,14,6]},"faces":{"north":{"uv":[8,9,8.5,11],"texture":"#0"},"east":{"uv":[8,5,9,7],"texture":"#0"},"south":{"uv":[9,8,9.5,10],"texture":"#0"},"west":{"uv":[8,7,9,9],"texture":"#0"},"up":{"uv":[2.5,11.5,2,10.5],"texture":"#0"},"down":{"uv":[11,2,10.5,3],"texture":"#0"}}},{"from":[7.5,1.17809,6.40935],"to":[8.5,3.17809,9.40935],"rotation":{"angle":22.5,"axis":"x","origin":[8,2.17809,8.40935]},"faces":{"north":{"uv":[2.5,10.5,3,11.5],"texture":"#0"},"east":{"uv":[9,2,10.5,3],"texture":"#0"},"south":{"uv":[3,10.5,3.5,11.5],"texture":"#0"},"west":{"uv":[9,3,10.5,4],"texture":"#0"},"up":{"uv":[10.5,9.5,10,8],"texture":"#0"},"down":{"uv":[9.5,10,9,11.5],"texture":"#0"}}},{"from":[7,2.75,1.5],"to":[9,9.75,3.5],"rotation":{"angle":-22.5,"axis":"x","origin":[7.5,14,6]},"faces":{"north":{"uv":[4,0,5,3.5],"texture":"#0"},"east":{"uv":[4,3.5,5,7],"texture":"#0"},"south":{"uv":[5,0,6,3.5],"texture":"#0"},"west":{"uv":[5,3.5,6,7],"texture":"#0"},"up":{"uv":[4,10.5,3,9.5],"texture":"#0"},"down":{"uv":[5,9.5,4,10.5],"texture":"#0"}}},{"from":[7,-2.3013,8.06943],"to":[9,2.6987,10.06943],"rotation":{"angle":0,"axis":"y","origin":[8,-0.8013,9.06943]},"faces":{"north":{"uv":[3,7,4,9.5],"texture":"#0"},"east":{"uv":[7,3.5,8,6],"texture":"#0"},"south":{"uv":[4,7,5,9.5],"texture":"#0"},"west":{"uv":[5,7,6,9.5],"texture":"#0"},"up":{"uv":[6,10.5,5,9.5],"texture":"#0"},"down":{"uv":[7,9.5,6,10.5],"texture":"#0"}}},{"from":[7,19.25,1.5],"to":[9,26.25,3.5],"rotation":{"angle":22.5,"axis":"x","origin":[7.5,15,6]},"faces":{"north":{"uv":[4,3.5,5,0],"texture":"#0"},"east":{"uv":[4,7,5,3.5],"texture":"#0"},"south":{"uv":[5,3.5,6,0],"texture":"#0"},"west":{"uv":[5,7,6,3.5],"texture":"#0"},"up":{"uv":[5,10.5,4,9.5],"texture":"#0"},"down":{"uv":[4,9.5,3,10.5],"texture":"#0"}}},{"from":[7.5,25.82191,6.40935],"to":[8.5,27.82191,9.40935],"rotation":{"angle":-22.5,"axis":"x","origin":[8,26.82191,8.40935]},"faces":{"north":{"uv":[2.5,11.5,3,10.5],"texture":"#0"},"east":{"uv":[9,3,10.5,2],"texture":"#0"},"south":{"uv":[3,11.5,3.5,10.5],"texture":"#0"},"west":{"uv":[9,4,10.5,3],"texture":"#0"},"up":{"uv":[9.5,11.5,9,10],"texture":"#0"},"down":{"uv":[10.5,8,10,9.5],"texture":"#0"}}},{"from":[7,26.3013,8.06943],"to":[9,31.3013,10.06943],"rotation":{"angle":0,"axis":"y","origin":[8,29.8013,9.06943]},"faces":{"north":{"uv":[3,9.5,4,7],"texture":"#0"},"east":{"uv":[7,6,8,3.5],"texture":"#0"},"south":{"uv":[4,9.5,5,7],"texture":"#0"},"west":{"uv":[5,9.5,6,7],"texture":"#0"},"up":{"uv":[7,10.5,6,9.5],"texture":"#0"},"down":{"uv":[6,9.5,5,10.5],"texture":"#0"}}},{"from":[7.5,17.25,6],"to":[8.5,21.25,8],"rotation":{"angle":-22.5,"axis":"x","origin":[8,15,6]},"faces":{"north":{"uv":[8,11,8.5,9],"texture":"#0"},"east":{"uv":[8,7,9,5],"texture":"#0"},"south":{"uv":[9,10,9.5,8],"texture":"#0"},"west":{"uv":[8,9,9,7],"texture":"#0"},"up":{"uv":[11,3,10.5,2],"texture":"#0"},"down":{"uv":[2.5,10.5,2,11.5],"texture":"#0"}}},{"from":[8,2.6987,8.06943],"to":[8,26.6987,10.06943],"rotation":{"angle":0,"axis":"y","origin":[8,-0.8013,9.06943]},"faces":{"north":{"uv":[0,0,0,12],"texture":"#0"},"east":{"uv":[0,0,1,12],"texture":"#0"},"south":{"uv":[0,0,0,12],"texture":"#0"},"west":{"uv":[1,0,2,12],"texture":"#0"},"up":{"uv":[0,1,0,0],"texture":"#0"},"down":{"uv":[0,0,0,1],"texture":"#0"}}}]}