{"credit":"Copyright ManaLabs Inc","texture_size":[32,32],"textures":{"2":"manalabs:emoji/flags/oceaniaafrica","particle":"manalabs:emoji/flags/oceaniaafrica"},"elements":[{"from":[-8,0,0],"to":[24,32,0],"rotation":{"angle":0,"axis":"y","origin":[0,6,0]},"faces":{"north":{"uv":[8,0,12,4],"texture":"#2","tintindex":0},"east":{"uv":[8,0,12,4],"texture":"#2","tintindex":0},"south":{"uv":[8,0,12,4],"texture":"#2","tintindex":0},"west":{"uv":[8,0,12,4],"texture":"#2","tintindex":0},"up":{"uv":[8,0,12,4],"texture":"#2","tintindex":0},"down":{"uv":[8,0,12,4],"texture":"#2","tintindex":0}}}],"gui_light":"front","display":{"gui":{"translation":[5.5,-6.5,0],"scale":[0.8,0.8,0.8]}}}