{"textures":{"0":"modelengine:custom/goblin","particle":"modelengine:custom/goblin"},"elements":[{"from":[5.8124413,6.909712,7.0100007],"to":[9.542441,8.389711,8.99],"faces":{"east":{"uv":[5.75,10.0,5.25,10.5],"tintindex":0,"rotation":0,"texture":"#0"},"south":{"uv":[10.0,4.0,9.0,4.5],"tintindex":0,"rotation":0,"texture":"#0"},"north":{"uv":[8.0,5.75,7.0,6.25],"tintindex":0,"rotation":0,"texture":"#0"},"west":{"uv":[5.25,10.0,4.75,10.5],"tintindex":0,"rotation":0,"texture":"#0"},"up":{"uv":[2.25,10.0,3.25,9.5],"tintindex":0,"rotation":0,"texture":"#0"},"down":{"uv":[9.5,4.5,10.5,5.0],"tintindex":0,"rotation":0,"texture":"#0"}},"rotation":{"origin":[8.0,10.629869,7.8177986],"angle":-22.5,"axis":"z"}},{"from":[6.447559,6.8997116,7.0000005],"to":[10.197559,8.399712,9.0],"faces":{"east":{"uv":[4.75,10.0,5.25,10.5],"tintindex":0,"rotation":0,"texture":"#0"},"south":{"uv":[9.0,4.0,10.0,4.5],"tintindex":0,"rotation":0,"texture":"#0"},"north":{"uv":[7.0,5.75,8.0,6.25],"tintindex":0,"rotation":0,"texture":"#0"},"west":{"uv":[5.25,10.0,5.75,10.5],"tintindex":0,"rotation":0,"texture":"#0"},"up":{"uv":[3.25,10.0,2.25,9.5],"tintindex":0,"rotation":0,"texture":"#0"},"down":{"uv":[10.5,4.5,9.5,5.0],"tintindex":0,"rotation":0,"texture":"#0"}},"rotation":{"origin":[8.0,10.629869,7.8177986],"angle":22.5,"axis":"z"}}],"display":{"gui":{"rotation":[30,225,0]}}}