{"textures":{"0":"modelengine:custom/goblin","particle":"modelengine:custom/goblin"},"elements":[{"from":[4.5,5.126831,4.6239557],"to":[9.5,7.126831,9.623956],"faces":{"east":{"uv":[8.5,8.0,9.75,8.5],"tintindex":0,"rotation":0,"texture":"#0"},"south":{"uv":[8.25,8.5,9.5,9.0],"tintindex":0,"rotation":0,"texture":"#0"},"north":{"uv":[8.5,1.25,9.75,1.75],"tintindex":0,"rotation":0,"texture":"#0"},"west":{"uv":[0.0,8.75,1.25,9.25],"tintindex":0,"rotation":0,"texture":"#0"},"up":{"uv":[7.0,1.25,5.75,0.0],"tintindex":0,"rotation":0,"texture":"#0"},"down":{"uv":[1.25,6.0,0.0,7.25],"tintindex":0,"rotation":0,"texture":"#0"}}},{"from":[5.5,4.876831,3.6239557],"to":[8.5,6.876831,5.1239557],"faces":{"east":{"uv":[3.25,9.5,3.5,10.0],"tintindex":0,"rotation":0,"texture":"#0"},"south":{"uv":[9.75,3.0,10.5,3.5],"tintindex":0,"rotation":0,"texture":"#0"},"north":{"uv":[9.75,2.5,10.5,3.0],"tintindex":0,"rotation":0,"texture":"#0"},"west":{"uv":[0.5,10.0,0.75,10.5],"tintindex":0,"rotation":0,"texture":"#0"},"up":{"uv":[10.5,6.75,9.75,6.5],"tintindex":0,"rotation":0,"texture":"#0"},"down":{"uv":[10.75,2.25,10.0,2.5],"tintindex":0,"rotation":0,"texture":"#0"}},"rotation":{"origin":[7.0,6.126831,4.6239557],"angle":-22.5,"axis":"x"}},{"from":[8.0,5.7768307,4.1239557],"to":[10.0,7.2768307,6.1239557],"faces":{"east":{"uv":[4.25,10.0,3.75,10.5],"tintindex":0,"rotation":0,"texture":"#0"},"south":{"uv":[3.75,10.0,3.25,10.5],"tintindex":0,"rotation":0,"texture":"#0"},"north":{"uv":[2.75,10.0,2.25,10.5],"tintindex":0,"rotation":0,"texture":"#0"},"west":{"uv":[3.25,10.0,2.75,10.5],"tintindex":0,"rotation":0,"texture":"#0"},"up":{"uv":[10.0,4.5,10.5,4.0],"tintindex":0,"rotation":0,"texture":"#0"},"down":{"uv":[4.25,10.0,4.75,10.5],"tintindex":0,"rotation":0,"texture":"#0"}},"rotation":{"origin":[9.0,6.376831,5.1239557],"angle":-22.5,"axis":"y"}},{"from":[4.0,5.7768307,4.1239557],"to":[6.0,7.2768307,6.1239557],"faces":{"east":{"uv":[2.75,10.0,3.25,10.5],"tintindex":0,"rotation":0,"texture":"#0"},"south":{"uv":[3.25,10.0,3.75,10.5],"tintindex":0,"rotation":0,"texture":"#0"},"north":{"uv":[2.25,10.0,2.75,10.5],"tintindex":0,"rotation":0,"texture":"#0"},"west":{"uv":[3.75,10.0,4.25,10.5],"tintindex":0,"rotation":0,"texture":"#0"},"up":{"uv":[10.5,4.5,10.0,4.0],"tintindex":0,"rotation":0,"texture":"#0"},"down":{"uv":[4.75,10.0,4.25,10.5],"tintindex":0,"rotation":0,"texture":"#0"}},"rotation":{"origin":[5.0,6.376831,5.1239557],"angle":22.5,"axis":"y"}}],"display":{"gui":{"rotation":[30,225,0]}}}