{"credit":"Copyright ManaLabs Inc","texture_size":[64,64],"textures":{"0":"manalabs:furniture/festivals/winter22/advent_calendar","particle":"manalabs:furniture/festivals/winter22/advent_calendar"},"elements":[{"from":[0,16,13],"to":[16,18,16],"faces":{"north":{"uv":[4,1.5,8,2],"texture":"#0"},"east":{"uv":[4.5,3,5.25,3.5],"texture":"#0"},"south":{"uv":[4,1.5,8,2],"texture":"#0"},"west":{"uv":[4.5,3.5,5.25,4],"texture":"#0"},"up":{"uv":[8,0.75,4,0],"texture":"#0"},"down":{"uv":[8,0.75,4,1.5],"texture":"#0"}}},{"from":[0,0,14],"to":[16,16,15],"faces":{"north":{"uv":[0,0,4,4],"texture":"#0"},"east":{"uv":[4,2.5,4.25,6.5],"texture":"#0"},"south":{"uv":[0,4,4,8],"texture":"#0"},"west":{"uv":[4.25,2.5,4.5,6.5],"texture":"#0"},"up":{"uv":[8.5,2.75,4.5,2.5],"texture":"#0"},"down":{"uv":[8.5,2.75,4.5,3],"texture":"#0"}}}],"display":{"thirdperson_righthand":{"rotation":[75,45,0],"translation":[0,2.5,0],"scale":[0.375,0.375,0.375]},"thirdperson_lefthand":{"rotation":[75,45,0],"translation":[0,2.5,0],"scale":[0.375,0.375,0.375]},"firstperson_righthand":{"rotation":[0,131,0],"translation":[1.75,1,0],"scale":[0.2,0.2,0.2]},"firstperson_lefthand":{"rotation":[0,131,0],"translation":[1.75,1,0],"scale":[0.2,0.2,0.2]},"ground":{"translation":[0,3,0],"scale":[0.25,0.25,0.25]},"gui":{"rotation":[30,225,0],"translation":[2.5,-2.25,0],"scale":[0.625,0.625,0.625]},"head":{"translation":[0,-9.5,0],"scale":[1.6,1.6,1.6]},"fixed":{"translation":[0,0,-3.25],"scale":[0.5,0.5,0.5]}},"groups":[{"name":"root","origin":[8,8,8],"color":0,"children":[0,1]}]}