{"file_name":"lower_arm_left","texture_size":[128,128],"textures":{"layer0":"manamodels/yetipet"},"elements":[{"name":"lower_arm_left_0","from":[6.8451195,3.3891199,6.8451195],"to":[9.154881,8.00288,9.154881],"rotation":{"angle":0.0,"axis":"z","origin":[8.0,8.0,8.0]},"faces":{"east":{"uv":[10.0,0.0,9.0,2.0],"texture":"#layer0","tintindex":0},"south":{"uv":[10.0,9.0,9.0,11.0],"texture":"#layer0","tintindex":0},"north":{"uv":[10.0,6.875,9.0,8.875],"texture":"#layer0","tintindex":0},"west":{"uv":[10.25,2.0,9.25,4.0],"texture":"#layer0","tintindex":0},"up":{"uv":[12.75,11.75,11.75,12.75],"texture":"#layer0","tintindex":0},"down":{"uv":[11.75,2.0,12.75,1.0],"texture":"#layer0","tintindex":0}}},{"name":"lower_arm_left_1","from":[6.5571203,5.69312,6.5571194],"to":[9.442881,10.306881,9.442881],"rotation":{"angle":0.0,"axis":"z","origin":[8.0,8.0,8.0]},"faces":{"east":{"uv":[6.0,6.0,4.75,8.0],"texture":"#layer0","tintindex":0},"south":{"uv":[4.75,6.0,3.5,8.0],"texture":"#layer0","tintindex":0},"north":{"uv":[7.25,6.0,6.0,8.0],"texture":"#layer0","tintindex":0},"west":{"uv":[7.5,1.5,6.25,3.5],"texture":"#layer0","tintindex":0},"up":{"uv":[11.25,6.75,10.0,8.0],"texture":"#layer0","tintindex":0},"down":{"uv":[10.0,9.25,11.25,8.0],"texture":"#layer0","tintindex":0}}}],"display":{"head":{"translation":[0.0,-6.4,0.0],"rotation":[0.0,0.0,0.0],"scale":[3.8095,3.8095,3.8095]},"gui":{"translation":[0.0,0.0,0.0],"rotation":[35.0,225.0,0.0],"scale":[0.625,0.625,0.625]}}}