{"file_name":"upper_leg_left","texture_size":[128,128],"textures":{"layer0":"manamodels/yetipet"},"elements":[{"name":"upper_leg_left_0","from":[6.8479996,5.9839993,6.8479996],"to":[9.152,8.864,9.152],"rotation":{"angle":0.0,"axis":"z","origin":[8.0,8.0,8.0]},"faces":{"east":{"uv":[1.0,10.625,0.0,11.875],"texture":"#layer0","tintindex":0},"south":{"uv":[2.5,10.5,1.5,11.75],"texture":"#layer0","tintindex":0},"north":{"uv":[3.5,10.625,2.5,11.875],"texture":"#layer0","tintindex":0},"west":{"uv":[4.5,10.625,3.5,11.875],"texture":"#layer0","tintindex":0},"up":{"uv":[6.5,11.5,5.5,12.5],"texture":"#layer0","tintindex":0},"down":{"uv":[11.5,1.0,12.5,0.0],"texture":"#layer0","tintindex":0}}}],"display":{"head":{"translation":[0.0,-6.4,0.0],"rotation":[0.0,0.0,0.0],"scale":[3.8095,3.8095,3.8095]},"gui":{"translation":[0.0,0.0,0.0],"rotation":[35.0,225.0,0.0],"scale":[0.625,0.625,0.625]}}}