{"display":{"thirdperson_righthand":{"translation":[0,3,1],"scale":[0.55,0.55,0.55]},"firstperson_righthand":{"rotation":[0,-90,25],"translation":[1.13,3.2,1.13],"scale":[0.68,0.68,0.68]},"ground":{"translation":[0,2,0],"scale":[0.5,0.5,0.5]},"gui":{"rotation":[0,-158,0],"translation":[0,-1,0],"scale":[0.5,0.5,0.5]},"head":{"translation":[0,1.75,1.5],"scale":[0.91,0.91,0.91]}},"textures":{"0":"wardrobe/head/groot","particle":"wardrobe/head/groot"},"elements":[{"from":[-1,-1,-2],"to":[17,16,17],"faces":{"north":{"uv":[1.1875,1.1875,2.3125,2.375],"texture":"#0"},"east":{"uv":[0,1.1875,1.1875,2.375],"texture":"#0"},"south":{"uv":[3.5,1.1875,4.625,2.375],"texture":"#0"},"west":{"uv":[2.3125,1.1875,3.5,2.375],"texture":"#0"},"up":{"uv":[2.3125,1.1875,1.1875,0],"texture":"#0"},"down":{"uv":[3.4375,0,2.3125,1.1875],"texture":"#0"}}},{"from":[0,1,17],"to":[16,18,18],"faces":{"north":{"uv":[4.5625,3.125,5.5625,4.1875],"texture":"#0"},"east":{"uv":[4.5,3.125,4.5625,4.1875],"texture":"#0"},"south":{"uv":[5.625,3.125,6.625,4.1875],"texture":"#0"},"west":{"uv":[5.5625,3.125,5.625,4.1875],"texture":"#0"},"up":{"uv":[5.5625,3.125,4.5625,3.0625],"texture":"#0"},"down":{"uv":[6.5625,3.0625,5.5625,3.125],"texture":"#0"}}},{"from":[-2,7,-1],"to":[18,18,16],"faces":{"north":{"uv":[4.625,2.375,5.875,3.0625],"texture":"#0"},"east":{"uv":[3.5625,2.375,4.625,3.0625],"texture":"#0"},"south":{"uv":[6.9375,2.375,8.1875,3.0625],"texture":"#0"},"west":{"uv":[5.875,2.375,6.9375,3.0625],"texture":"#0"},"up":{"uv":[5.875,2.375,4.625,1.3125],"texture":"#0"},"down":{"uv":[7.125,1.3125,5.875,2.375],"texture":"#0"}}},{"from":[-2,2,1],"to":[18,7,14],"faces":{"north":{"uv":[4.25,0.8125,5.5,1.125],"texture":"#0"},"east":{"uv":[3.4375,0.8125,4.25,1.125],"texture":"#0"},"south":{"uv":[6.3125,0.8125,7.5625,1.125],"texture":"#0"},"west":{"uv":[5.5,0.8125,6.3125,1.125],"texture":"#0"},"up":{"uv":[5.5,0.8125,4.25,0],"texture":"#0"},"down":{"uv":[6.75,0,5.5,0.8125],"texture":"#0"}}},{"from":[-1,15.5,-3.5],"to":[3,21.5,-0.5],"faces":{"north":{"uv":[5.3125,6.4375,5.5625,6.8125],"texture":"#0"},"east":{"uv":[5.125,6.4375,5.3125,6.8125],"texture":"#0"},"south":{"uv":[5.75,6.4375,6,6.8125],"texture":"#0"},"west":{"uv":[5.5625,6.4375,5.75,6.8125],"texture":"#0"},"up":{"uv":[5.5625,6.4375,5.3125,6.25],"texture":"#0"},"down":{"uv":[5.8125,6.25,5.5625,6.4375],"texture":"#0"}}},{"from":[12.5,14.5,15.75],"to":[16.5,20.5,18.75],"faces":{"north":{"uv":[4.4375,6.4375,4.6875,6.8125],"texture":"#0"},"east":{"uv":[4.25,6.4375,4.4375,6.8125],"texture":"#0"},"south":{"uv":[4.875,6.4375,5.125,6.8125],"texture":"#0"},"west":{"uv":[4.6875,6.4375,4.875,6.8125],"texture":"#0"},"up":{"uv":[4.6875,6.4375,4.4375,6.25],"texture":"#0"},"down":{"uv":[4.9375,6.25,4.6875,6.4375],"texture":"#0"}}},{"from":[-2.5,14.5,12.75],"to":[0.5,20.5,16.75],"faces":{"north":{"uv":[3.625,6.25,3.8125,6.625],"texture":"#0"},"east":{"uv":[3.375,6.25,3.625,6.625],"texture":"#0"},"south":{"uv":[4.0625,6.25,4.25,6.625],"texture":"#0"},"west":{"uv":[3.8125,6.25,4.0625,6.625],"texture":"#0"},"up":{"uv":[3.8125,6.25,3.625,6],"texture":"#0"},"down":{"uv":[4,6,3.8125,6.25],"texture":"#0"}}},{"from":[15.5,14.5,7.25],"to":[18.5,20.5,11.25],"faces":{"north":{"uv":[1.375,6.25,1.5625,6.625],"texture":"#0"},"east":{"uv":[1.125,6.25,1.375,6.625],"texture":"#0"},"south":{"uv":[1.8125,6.25,2,6.625],"texture":"#0"},"west":{"uv":[1.5625,6.25,1.8125,6.625],"texture":"#0"},"up":{"uv":[1.5625,6.25,1.375,6],"texture":"#0"},"down":{"uv":[1.75,6,1.5625,6.25],"texture":"#0"}}},{"from":[-2.5,14.5,-1.5],"to":[1,22.5,3.5],"faces":{"north":{"uv":[0.3125,2.6875,0.5,3.1875],"texture":"#0"},"east":{"uv":[0,2.6875,0.3125,3.1875],"texture":"#0"},"south":{"uv":[0.8125,2.6875,1,3.1875],"texture":"#0"},"west":{"uv":[0.5,2.6875,0.8125,3.1875],"texture":"#0"},"up":{"uv":[0.5,2.6875,0.3125,2.375],"texture":"#0"},"down":{"uv":[0.6875,2.375,0.5,2.6875],"texture":"#0"}}},{"from":[14.5,13.5,11.75],"to":[18.5,21.5,16.75],"faces":{"north":{"uv":[0.3125,0.3125,0.5625,0.8125],"texture":"#0"},"east":{"uv":[0,0.3125,0.3125,0.8125],"texture":"#0"},"south":{"uv":[0.875,0.3125,1.125,0.8125],"texture":"#0"},"west":{"uv":[0.5625,0.3125,0.875,0.8125],"texture":"#0"},"up":{"uv":[0.5625,0.3125,0.3125,0],"texture":"#0"},"down":{"uv":[0.8125,0,0.5625,0.3125],"texture":"#0"}}},{"from":[-0.5,13.5,14.75],"to":[4.5,21.5,18.25],"faces":{"north":{"uv":[0.1875,5.4375,0.5,5.9375],"texture":"#0"},"east":{"uv":[0,5.4375,0.1875,5.9375],"texture":"#0"},"south":{"uv":[0.6875,5.4375,1,5.9375],"texture":"#0"},"west":{"uv":[0.5,5.4375,0.6875,5.9375],"texture":"#0"},"up":{"uv":[0.5,5.4375,0.1875,5.25],"texture":"#0"},"down":{"uv":[0.8125,5.25,0.5,5.4375],"texture":"#0"}}},{"from":[11.5,13.5,5.75],"to":[16.5,21.5,9.25],"faces":{"north":{"uv":[3.1875,4.9375,3.5,5.4375],"texture":"#0"},"east":{"uv":[3,4.9375,3.1875,5.4375],"texture":"#0"},"south":{"uv":[3.6875,4.9375,4,5.4375],"texture":"#0"},"west":{"uv":[3.5,4.9375,3.6875,5.4375],"texture":"#0"},"up":{"uv":[3.5,4.9375,3.1875,4.75],"texture":"#0"},"down":{"uv":[3.8125,4.75,3.5,4.9375],"texture":"#0"}}},{"from":[8.9,16.5,-4.75],"to":[13,21.5,0],"faces":{"north":{"uv":[5.875,5.9375,6.125,6.25],"texture":"#0"},"east":{"uv":[5.625,5.9375,5.875,6.25],"texture":"#0"},"south":{"uv":[6.375,5.9375,6.625,6.25],"texture":"#0"},"west":{"uv":[6.125,5.9375,6.375,6.25],"texture":"#0"},"up":{"uv":[6.125,5.9375,5.875,5.6875],"texture":"#0"},"down":{"uv":[6.375,5.6875,6.125,5.9375],"texture":"#0"}}},{"from":[2.5,15.5,15.25],"to":[6.6,20.5,20],"faces":{"north":{"uv":[4.875,5.9375,5.125,6.25],"texture":"#0"},"east":{"uv":[4.625,5.9375,4.875,6.25],"texture":"#0"},"south":{"uv":[5.375,5.9375,5.625,6.25],"texture":"#0"},"west":{"uv":[5.125,5.9375,5.375,6.25],"texture":"#0"},"up":{"uv":[5.125,5.9375,4.875,5.6875],"texture":"#0"},"down":{"uv":[5.375,5.6875,5.125,5.9375],"texture":"#0"}}},{"from":[-3.75,15.5,2.75],"to":[1,20.5,6.85],"faces":{"north":{"uv":[3.875,5.6875,4.125,6],"texture":"#0"},"east":{"uv":[3.625,5.6875,3.875,6],"texture":"#0"},"south":{"uv":[4.375,5.6875,4.625,6],"texture":"#0"},"west":{"uv":[4.125,5.6875,4.375,6],"texture":"#0"},"up":{"uv":[4.125,5.6875,3.875,5.4375],"texture":"#0"},"down":{"uv":[4.375,5.4375,4.125,5.6875],"texture":"#0"}}},{"from":[13.9,12.5,-3.25],"to":[17.25,20.5,1],"faces":{"north":{"uv":[2.125,5.625,2.3125,6.125],"texture":"#0"},"east":{"uv":[1.875,5.625,2.125,6.125],"texture":"#0"},"south":{"uv":[2.5625,5.625,2.75,6.125],"texture":"#0"},"west":{"uv":[2.3125,5.625,2.5625,6.125],"texture":"#0"},"up":{"uv":[2.3125,5.625,2.125,5.375],"texture":"#0"},"down":{"uv":[2.5,5.375,2.3125,5.625],"texture":"#0"}}},{"from":[14.9,12.5,0.75],"to":[18.25,19.5,4],"faces":{"north":{"uv":[3.625,0.1875,3.8125,0.625],"texture":"#0"},"east":{"uv":[3.4375,0.1875,3.625,0.625],"texture":"#0"},"south":{"uv":[4,0.1875,4.1875,0.625],"texture":"#0"},"west":{"uv":[3.8125,0.1875,4,0.625],"texture":"#0"},"up":{"uv":[3.8125,0.1875,3.625,0],"texture":"#0"},"down":{"uv":[4,0,3.8125,0.1875],"texture":"#0"}}},{"from":[-1.75,11.5,14.25],"to":[1.6,19.5,18.5],"faces":{"north":{"uv":[1.25,5.5,1.4375,6],"texture":"#0"},"east":{"uv":[1,5.5,1.25,6],"texture":"#0"},"south":{"uv":[1.6875,5.5,1.875,6],"texture":"#0"},"west":{"uv":[1.4375,5.5,1.6875,6],"texture":"#0"},"up":{"uv":[1.4375,5.5,1.25,5.25],"texture":"#0"},"down":{"uv":[1.625,5.25,1.4375,5.5],"texture":"#0"}}},{"from":[-2.25,11.5,-1.5],"to":[2,19.5,1.85],"faces":{"north":{"uv":[2.9375,5.625,3.1875,6.125],"texture":"#0"},"east":{"uv":[2.75,5.625,2.9375,6.125],"texture":"#0"},"south":{"uv":[3.375,5.625,3.625,6.125],"texture":"#0"},"west":{"uv":[3.1875,5.625,3.375,6.125],"texture":"#0"},"up":{"uv":[3.1875,5.625,2.9375,5.4375],"texture":"#0"},"down":{"uv":[3.4375,5.4375,3.1875,5.625],"texture":"#0"}}},{"from":[14.9,20.5,-3.25],"to":[17,21.5,0],"faces":{"north":{"uv":[6.5625,5.875,6.6875,5.9375],"texture":"#0"},"east":{"uv":[6.375,5.875,6.5625,5.9375],"texture":"#0"},"south":{"uv":[6.875,5.875,7,5.9375],"texture":"#0"},"west":{"uv":[6.6875,5.875,6.875,5.9375],"texture":"#0"},"up":{"uv":[6.6875,5.875,6.5625,5.6875],"texture":"#0"},"down":{"uv":[6.8125,5.6875,6.6875,5.875],"texture":"#0"}}},{"from":[-1.5,19.5,15.25],"to":[0.6,20.5,18.5],"faces":{"north":{"uv":[6.375,4.4375,6.5,4.5],"texture":"#0"},"east":{"uv":[6.1875,4.4375,6.375,4.5],"texture":"#0"},"south":{"uv":[6.6875,4.4375,6.8125,4.5],"texture":"#0"},"west":{"uv":[6.5,4.4375,6.6875,4.5],"texture":"#0"},"up":{"uv":[6.5,4.4375,6.375,4.25],"texture":"#0"},"down":{"uv":[6.625,4.25,6.5,4.4375],"texture":"#0"}}},{"from":[10,21.5,-4],"to":[13,22.5,-2],"faces":{"north":{"uv":[3.9375,4.875,4.125,4.9375],"texture":"#0"},"east":{"uv":[3.8125,4.875,3.9375,4.9375],"texture":"#0"},"south":{"uv":[4.25,4.875,4.4375,4.9375],"texture":"#0"},"west":{"uv":[4.125,4.875,4.25,4.9375],"texture":"#0"},"up":{"uv":[4.125,4.875,3.9375,4.75],"texture":"#0"},"down":{"uv":[4.3125,4.75,4.125,4.875],"texture":"#0"}}},{"from":[2.5,20.5,17.25],"to":[5.5,21.5,19.25],"faces":{"north":{"uv":[3.5625,0.75,3.75,0.8125],"texture":"#0"},"east":{"uv":[3.4375,0.75,3.5625,0.8125],"texture":"#0"},"south":{"uv":[3.875,0.75,4.0625,0.8125],"texture":"#0"},"west":{"uv":[3.75,0.75,3.875,0.8125],"texture":"#0"},"up":{"uv":[3.75,0.75,3.5625,0.625],"texture":"#0"},"down":{"uv":[3.9375,0.625,3.75,0.75],"texture":"#0"}}},{"from":[-3,20.5,2.75],"to":[-1,21.5,5.75],"faces":{"north":{"uv":[4.1875,6.1875,4.3125,6.25],"texture":"#0"},"east":{"uv":[4,6.1875,4.1875,6.25],"texture":"#0"},"south":{"uv":[4.5,6.1875,4.625,6.25],"texture":"#0"},"west":{"uv":[4.3125,6.1875,4.5,6.25],"texture":"#0"},"up":{"uv":[4.3125,6.1875,4.1875,6],"texture":"#0"},"down":{"uv":[4.4375,6,4.3125,6.1875],"texture":"#0"}}},{"from":[0,21.5,-3.5],"to":[3,23.5,-1.5],"faces":{"north":{"uv":[0.625,6.625,0.8125,6.75],"texture":"#0"},"east":{"uv":[0.5,6.625,0.625,6.75],"texture":"#0"},"south":{"uv":[0.9375,6.625,1.125,6.75],"texture":"#0"},"west":{"uv":[0.8125,6.625,0.9375,6.75],"texture":"#0"},"up":{"uv":[0.8125,6.625,0.625,6.5],"texture":"#0"},"down":{"uv":[1,6.5,0.8125,6.625],"texture":"#0"}}},{"from":[12.5,20.5,16.75],"to":[15.5,22.5,18.75],"faces":{"north":{"uv":[0.125,6.5,0.3125,6.625],"texture":"#0"},"east":{"uv":[0,6.5,0.125,6.625],"texture":"#0"},"south":{"uv":[0.4375,6.5,0.625,6.625],"texture":"#0"},"west":{"uv":[0.3125,6.5,0.4375,6.625],"texture":"#0"},"up":{"uv":[0.3125,6.5,0.125,6.375],"texture":"#0"},"down":{"uv":[0.5,6.375,0.3125,6.5],"texture":"#0"}}},{"from":[-2.5,20.5,12.75],"to":[-0.5,22.5,15.75],"faces":{"north":{"uv":[6.1875,6.4375,6.3125,6.5625],"texture":"#0"},"east":{"uv":[6,6.4375,6.1875,6.5625],"texture":"#0"},"south":{"uv":[6.5,6.4375,6.625,6.5625],"texture":"#0"},"west":{"uv":[6.3125,6.4375,6.5,6.5625],"texture":"#0"},"up":{"uv":[6.3125,6.4375,6.1875,6.25],"texture":"#0"},"down":{"uv":[6.4375,6.25,6.3125,6.4375],"texture":"#0"}}},{"from":[16.5,20.5,8.25],"to":[18.5,22.5,11.25],"faces":{"north":{"uv":[0.1875,3.375,0.3125,3.5],"texture":"#0"},"east":{"uv":[0,3.375,0.1875,3.5],"texture":"#0"},"south":{"uv":[0.5,3.375,0.625,3.5],"texture":"#0"},"west":{"uv":[0.3125,3.375,0.5,3.5],"texture":"#0"},"up":{"uv":[0.3125,3.375,0.1875,3.1875],"texture":"#0"},"down":{"uv":[0.4375,3.1875,0.3125,3.375],"texture":"#0"}}},{"from":[3.5,17,-4.75],"to":[8.5,25,-2],"faces":{"north":{"uv":[2.125,6.25,2.4375,6.75],"texture":"#0"},"east":{"uv":[2,6.25,2.125,6.75],"texture":"#0"},"south":{"uv":[2.5625,6.25,2.875,6.75],"texture":"#0"},"west":{"uv":[2.4375,6.25,2.5625,6.75],"texture":"#0"},"up":{"uv":[2.4375,6.25,2.125,6.125],"texture":"#0"},"down":{"uv":[2.75,6.125,2.4375,6.25],"texture":"#0"}}},{"from":[3.5,25,-4],"to":[7.5,26,-2],"faces":{"north":{"uv":[0.5625,3.3125,0.8125,3.375],"texture":"#0"},"east":{"uv":[0.4375,3.3125,0.5625,3.375],"texture":"#0"},"south":{"uv":[0.9375,3.3125,1.1875,3.375],"texture":"#0"},"west":{"uv":[0.8125,3.3125,0.9375,3.375],"texture":"#0"},"up":{"uv":[0.8125,3.3125,0.5625,3.1875],"texture":"#0"},"down":{"uv":[1.0625,3.1875,0.8125,3.3125],"texture":"#0"}}},{"from":[4,18,-2],"to":[10,22,1],"faces":{"north":{"uv":[0.1875,6.125,0.5625,6.375],"texture":"#0"},"east":{"uv":[0,6.125,0.1875,6.375],"texture":"#0"},"south":{"uv":[0.75,6.125,1.125,6.375],"texture":"#0"},"west":{"uv":[0.5625,6.125,0.75,6.375],"texture":"#0"},"up":{"uv":[0.5625,6.125,0.1875,5.9375],"texture":"#0"},"down":{"uv":[0.9375,5.9375,0.5625,6.125],"texture":"#0"}}},{"from":[5.5,17,14.25],"to":[11.5,21,17.25],"faces":{"north":{"uv":[3.5,3.25,3.875,3.5],"texture":"#0"},"east":{"uv":[3.3125,3.25,3.5,3.5],"texture":"#0"},"south":{"uv":[4.0625,3.25,4.4375,3.5],"texture":"#0"},"west":{"uv":[3.875,3.25,4.0625,3.5],"texture":"#0"},"up":{"uv":[3.875,3.25,3.5,3.0625],"texture":"#0"},"down":{"uv":[4.25,3.0625,3.875,3.25],"texture":"#0"}}},{"from":[-1,17,5.75],"to":[2,21,11.75],"faces":{"north":{"uv":[2.25,5.125,2.4375,5.375],"texture":"#0"},"east":{"uv":[1.875,5.125,2.25,5.375],"texture":"#0"},"south":{"uv":[2.8125,5.125,3,5.375],"texture":"#0"},"west":{"uv":[2.4375,5.125,2.8125,5.375],"texture":"#0"},"up":{"uv":[2.4375,5.125,2.25,4.75],"texture":"#0"},"down":{"uv":[2.625,4.75,2.4375,5.125],"texture":"#0"}}},{"from":[-0.6,-2,-3],"to":[16.5,17,16],"faces":{"north":{"uv":[1.1875,3.5625,2.25,4.75],"texture":"#0"},"east":{"uv":[0,3.5625,1.1875,4.75],"texture":"#0"},"south":{"uv":[3.4375,3.5625,4.5,4.75],"texture":"#0"},"west":{"uv":[2.25,3.5625,3.4375,4.75],"texture":"#0"},"up":{"uv":[2.25,3.5625,1.1875,2.375],"texture":"#0"},"down":{"uv":[3.3125,2.375,2.25,3.5625],"texture":"#0"}}},{"from":[-0.1,-1,-4],"to":[16,17,-3],"faces":{"north":{"uv":[4.5625,4.5625,5.5625,5.6875],"texture":"#0"},"east":{"uv":[4.5,4.5625,4.5625,5.6875],"texture":"#0"},"south":{"uv":[5.625,4.5625,6.625,5.6875],"texture":"#0"},"west":{"uv":[5.5625,4.5625,5.625,5.6875],"texture":"#0"},"up":{"uv":[5.5625,4.5625,4.5625,4.5],"texture":"#0"},"down":{"uv":[6.5625,4.5,5.5625,4.5625],"texture":"#0"}}},{"from":[0.9,10,-5],"to":[15,17,-4],"faces":{"north":{"uv":[0.0625,4.8125,0.9375,5.25],"texture":"#0"},"east":{"uv":[0,4.8125,0.0625,5.25],"texture":"#0"},"south":{"uv":[1,4.8125,1.875,5.25],"texture":"#0"},"west":{"uv":[0.9375,4.8125,1,5.25],"texture":"#0"},"up":{"uv":[0.9375,4.8125,0.0625,4.75],"texture":"#0"},"down":{"uv":[1.8125,4.75,0.9375,4.8125],"texture":"#0"}}},{"from":[5.9,5,-5],"to":[10,10,-4],"faces":{"north":{"uv":[0.0625,0.875,0.3125,1.1875],"texture":"#0"},"east":{"uv":[0,0.875,0.0625,1.1875],"texture":"#0"},"south":{"uv":[0.375,0.875,0.625,1.1875],"texture":"#0"},"west":{"uv":[0.3125,0.875,0.375,1.1875],"texture":"#0"},"up":{"uv":[0.3125,0.875,0.0625,0.8125],"texture":"#0"},"down":{"uv":[0.5625,0.8125,0.3125,0.875],"texture":"#0"}}},{"from":[0.9,2,-5],"to":[15,5,-4],"faces":{"north":{"uv":[4.5625,4.25,5.4375,4.4375],"texture":"#0"},"east":{"uv":[4.5,4.25,4.5625,4.4375],"texture":"#0"},"south":{"uv":[5.5,4.25,6.375,4.4375],"texture":"#0"},"west":{"uv":[5.4375,4.25,5.5,4.4375],"texture":"#0"},"up":{"uv":[5.4375,4.25,4.5625,4.1875],"texture":"#0"},"down":{"uv":[6.3125,4.1875,5.4375,4.25],"texture":"#0"}}},{"from":[1.9,0,-5],"to":[14,2,-4],"faces":{"north":{"uv":[4.6875,1.1875,5.4375,1.3125],"texture":"#0"},"east":{"uv":[4.625,1.1875,4.6875,1.3125],"texture":"#0"},"south":{"uv":[5.5,1.1875,6.25,1.3125],"texture":"#0"},"west":{"uv":[5.4375,1.1875,5.5,1.3125],"texture":"#0"},"up":{"uv":[5.4375,1.1875,4.6875,1.125],"texture":"#0"},"down":{"uv":[6.1875,1.125,5.4375,1.1875],"texture":"#0"}}}]}