{"display":{"thirdperson_righthand":{"translation":[0,3,1],"scale":[0.55,0.55,0.55]},"firstperson_righthand":{"rotation":[0,-90,25],"translation":[1.13,3.2,1.13],"scale":[0.68,0.68,0.68]},"ground":{"translation":[0,3.75,0],"scale":[0.5,0.5,0.5]},"gui":{"rotation":[0,-143,-15],"translation":[0.5,-0.75,0],"scale":[0.5,0.5,0.5]},"head":{"rotation":[9,0,0],"translation":[0,0,-0.5],"scale":[0.85,0.91,0.91]}},"textures":{"0":"wardrobe/head/shrek","particle":"wardrobe/head/shrek"},"elements":[{"from":[-2,9,0],"to":[18,16,18],"faces":{"north":{"uv":[2.25,2.25,4.75,3.125],"texture":"#0"},"east":{"uv":[0,2.25,2.25,3.125],"texture":"#0"},"south":{"uv":[7,2.25,9.5,3.125],"texture":"#0"},"west":{"uv":[4.75,2.25,7,3.125],"texture":"#0"},"up":{"uv":[4.75,2.25,2.25,0],"texture":"#0"},"down":{"uv":[7.25,0,4.75,2.25],"texture":"#0"}}},{"from":[-1,9,-1],"to":[17,16,0],"faces":{"north":{"uv":[6.875,4.25,9.125,5.125],"texture":"#0"},"east":{"uv":[6.75,4.25,6.875,5.125],"texture":"#0"},"south":{"uv":[9.25,4.25,11.5,5.125],"texture":"#0"},"west":{"uv":[9.125,4.25,9.25,5.125],"texture":"#0"},"up":{"uv":[9.125,4.25,6.875,4.125],"texture":"#0"},"down":{"uv":[11.375,4.125,9.125,4.25],"texture":"#0"}}},{"from":[5,7.75,-4],"to":[11,12,1.75],"faces":{"north":{"uv":[5.5,7.375,6,7.75],"texture":"#0"},"east":{"uv":[5.25,7.375,5.5,7.75],"texture":"#0"},"south":{"uv":[6.25,7.375,6.75,7.75],"texture":"#0"},"west":{"uv":[6,7.375,6.25,7.75],"texture":"#0"},"up":{"uv":[6,7.375,5.5,7.125],"texture":"#0"},"down":{"uv":[6.5,7.125,6,7.375],"texture":"#0"}}},{"from":[4,8,-3],"to":[12,11,0],"faces":{"north":{"uv":[6.5,5.625,7.25,5.875],"texture":"#0"},"east":{"uv":[6.375,5.625,6.5,5.875],"texture":"#0"},"south":{"uv":[7.375,5.625,8.125,5.875],"texture":"#0"},"west":{"uv":[7.25,5.625,7.375,5.875],"texture":"#0"},"up":{"uv":[7.25,5.625,6.5,5.5],"texture":"#0"},"down":{"uv":[8,5.5,7.25,5.625],"texture":"#0"}}},{"from":[-1,9,18],"to":[17,16,19],"faces":{"north":{"uv":[6.875,3.25,9.125,4.125],"texture":"#0"},"east":{"uv":[6.75,3.25,6.875,4.125],"texture":"#0"},"south":{"uv":[9.25,3.25,11.5,4.125],"texture":"#0"},"west":{"uv":[9.125,3.25,9.25,4.125],"texture":"#0"},"up":{"uv":[9.125,3.25,6.875,3.125],"texture":"#0"},"down":{"uv":[11.375,3.125,9.125,3.25],"texture":"#0"}}},{"from":[-2,7,7],"to":[18,9,18],"faces":{"north":{"uv":[1.375,6.875,3.875,7.125],"texture":"#0"},"east":{"uv":[0,6.875,1.375,7.125],"texture":"#0"},"south":{"uv":[5.25,6.875,7.75,7.125],"texture":"#0"},"west":{"uv":[3.875,6.875,5.25,7.125],"texture":"#0"},"up":{"uv":[3.875,6.875,1.375,5.5],"texture":"#0"},"down":{"uv":[6.375,5.5,3.875,6.875],"texture":"#0"}}},{"from":[-1,16,0],"to":[17,17,18],"faces":{"north":{"uv":[2.25,5.375,4.5,5.5],"texture":"#0"},"east":{"uv":[0,5.375,2.25,5.5],"texture":"#0"},"south":{"uv":[6.75,5.375,9,5.5],"texture":"#0"},"west":{"uv":[4.5,5.375,6.75,5.5],"texture":"#0"},"up":{"uv":[4.5,5.375,2.25,3.125],"texture":"#0"},"down":{"uv":[6.75,3.125,4.5,5.375],"texture":"#0"}}},{"from":[1,17,2],"to":[15,18,17],"faces":{"north":{"uv":[7.75,7.75,9.5,7.875],"texture":"#0"},"east":{"uv":[5.875,7.75,7.75,7.875],"texture":"#0"},"south":{"uv":[11.375,7.75,13.125,7.875],"texture":"#0"},"west":{"uv":[9.5,7.75,11.375,7.875],"texture":"#0"},"up":{"uv":[9.5,7.75,7.75,5.875],"texture":"#0"},"down":{"uv":[11.25,5.875,9.5,7.75],"texture":"#0"}}},{"from":[15,0,5.75],"to":[19,4,10.25],"faces":{"north":{"uv":[0.5,4.625,1,5.125],"texture":"#0"},"east":{"uv":[0,4.625,0.5,5.125],"texture":"#0"},"south":{"uv":[1.5,4.625,2,5.125],"texture":"#0"},"west":{"uv":[1,4.625,1.5,5.125],"texture":"#0"},"up":{"uv":[1,4.625,0.5,4.125],"texture":"#0"},"down":{"uv":[1.5,4.125,1,4.625],"texture":"#0"}}},{"from":[12.89484,17.63703,5.75],"to":[14.89484,21.63703,10.25],"rotation":{"angle":45,"axis":"z","origin":[17.12891,28.76593,7.988]},"faces":{"north":{"uv":[7.75,0.5,8,1],"texture":"#0"},"east":{"uv":[7.25,0.5,7.75,1],"texture":"#0"},"south":{"uv":[8.5,0.5,8.75,1],"texture":"#0"},"west":{"uv":[8,0.5,8.5,1],"texture":"#0"},"up":{"uv":[8,0.5,7.75,0],"texture":"#0"},"down":{"uv":[8.25,0,8,0.5],"texture":"#0"}}},{"from":[1.10516,17.63703,5.75],"to":[3.10516,21.63703,10.25],"rotation":{"angle":-45,"axis":"z","origin":[-1.12891,28.76593,7.988]},"faces":{"north":{"uv":[2.5,7.625,2.75,8.125],"texture":"#0"},"east":{"uv":[2,7.625,2.5,8.125],"texture":"#0"},"south":{"uv":[3.25,7.625,3.5,8.125],"texture":"#0"},"west":{"uv":[2.75,7.625,3.25,8.125],"texture":"#0"},"up":{"uv":[2.75,7.625,2.5,7.125],"texture":"#0"},"down":{"uv":[3,7.125,2.75,7.625],"texture":"#0"}}},{"from":[-3,0,5.75],"to":[1,4,10.25],"faces":{"north":{"uv":[0.5,3.625,1,4.125],"texture":"#0"},"east":{"uv":[0,3.625,0.5,4.125],"texture":"#0"},"south":{"uv":[1.5,3.625,2,4.125],"texture":"#0"},"west":{"uv":[1,3.625,1.5,4.125],"texture":"#0"},"up":{"uv":[1,3.625,0.5,3.125],"texture":"#0"},"down":{"uv":[1.5,3.125,1,3.625],"texture":"#0"}}},{"from":[16,10,3],"to":[19,16,13],"faces":{"north":{"uv":[4.5,8.375,4.875,9.125],"texture":"#0"},"east":{"uv":[3.25,8.375,4.5,9.125],"texture":"#0"},"south":{"uv":[6.125,8.375,6.5,9.125],"texture":"#0"},"west":{"uv":[4.875,8.375,6.125,9.125],"texture":"#0"},"up":{"uv":[4.875,8.375,4.5,7.125],"texture":"#0"},"down":{"uv":[5.25,7.125,4.875,8.375],"texture":"#0"}}},{"from":[-3,10,3],"to":[0,16,13],"faces":{"north":{"uv":[1.25,8.375,1.625,9.125],"texture":"#0"},"east":{"uv":[0,8.375,1.25,9.125],"texture":"#0"},"south":{"uv":[2.875,8.375,3.25,9.125],"texture":"#0"},"west":{"uv":[1.625,8.375,2.875,9.125],"texture":"#0"},"up":{"uv":[1.625,8.375,1.25,7.125],"texture":"#0"},"down":{"uv":[2,7.125,1.625,8.375],"texture":"#0"}}},{"from":[16,6,6],"to":[19,10,11],"faces":{"north":{"uv":[0.625,1.75,1,2.25],"texture":"#0"},"east":{"uv":[0,1.75,0.625,2.25],"texture":"#0"},"south":{"uv":[1.625,1.75,2,2.25],"texture":"#0"},"west":{"uv":[1,1.75,1.625,2.25],"texture":"#0"},"up":{"uv":[1,1.75,0.625,1.125],"texture":"#0"},"down":{"uv":[1.375,1.125,1,1.75],"texture":"#0"}}},{"from":[5.89484,18.63703,7],"to":[9.89484,20.63703,9],"rotation":{"angle":45,"axis":"z","origin":[17.12891,28.76593,7.988]},"faces":{"north":{"uv":[7.5,2,8,2.25],"texture":"#0"},"east":{"uv":[7.25,2,7.5,2.25],"texture":"#0"},"south":{"uv":[8.25,2,8.75,2.25],"texture":"#0"},"west":{"uv":[8,2,8.25,2.25],"texture":"#0"},"up":{"uv":[8,2,7.5,1.75],"texture":"#0"},"down":{"uv":[8.5,1.75,8,2],"texture":"#0"}}},{"from":[6.10516,18.63703,7],"to":[10.10516,20.63703,9],"rotation":{"angle":-45,"axis":"z","origin":[-1.12891,28.76593,7.988]},"faces":{"north":{"uv":[3.25,7.375,3.75,7.625],"texture":"#0"},"east":{"uv":[3,7.375,3.25,7.625],"texture":"#0"},"south":{"uv":[4,7.375,4.5,7.625],"texture":"#0"},"west":{"uv":[3.75,7.375,4,7.625],"texture":"#0"},"up":{"uv":[3.75,7.375,3.25,7.125],"texture":"#0"},"down":{"uv":[4.25,7.125,3.75,7.375],"texture":"#0"}}},{"from":[-3,6,6],"to":[0,10,11],"faces":{"north":{"uv":[0.625,0.625,1,1.125],"texture":"#0"},"east":{"uv":[0,0.625,0.625,1.125],"texture":"#0"},"south":{"uv":[1.625,0.625,2,1.125],"texture":"#0"},"west":{"uv":[1,0.625,1.625,1.125],"texture":"#0"},"up":{"uv":[1,0.625,0.625,0],"texture":"#0"},"down":{"uv":[1.375,0,1,0.625],"texture":"#0"}}},{"from":[16,3,7],"to":[18,6,9],"faces":{"north":{"uv":[0.25,6.375,0.5,6.75],"texture":"#0"},"east":{"uv":[0,6.375,0.25,6.75],"texture":"#0"},"south":{"uv":[0.75,6.375,1,6.75],"texture":"#0"},"west":{"uv":[0.5,6.375,0.75,6.75],"texture":"#0"},"up":{"uv":[0.5,6.375,0.25,6.125],"texture":"#0"},"down":{"uv":[0.75,6.125,0.5,6.375],"texture":"#0"}}},{"from":[9.89484,18.13703,6.5],"to":[12.89484,21.13703,9.5],"rotation":{"angle":45,"axis":"z","origin":[17.12891,28.76593,7.988]},"faces":{"north":{"uv":[6.875,8.25,7.25,8.625],"texture":"#0"},"east":{"uv":[6.5,8.25,6.875,8.625],"texture":"#0"},"south":{"uv":[7.625,8.25,8,8.625],"texture":"#0"},"west":{"uv":[7.25,8.25,7.625,8.625],"texture":"#0"},"up":{"uv":[7.25,8.25,6.875,7.875],"texture":"#0"},"down":{"uv":[7.625,7.875,7.25,8.25],"texture":"#0"}}},{"from":[3.10516,18.13703,6.5],"to":[6.10516,21.13703,9.5],"rotation":{"angle":-45,"axis":"z","origin":[-1.12891,28.76593,7.988]},"faces":{"north":{"uv":[7.625,1.375,8,1.75],"texture":"#0"},"east":{"uv":[7.25,1.375,7.625,1.75],"texture":"#0"},"south":{"uv":[8.375,1.375,8.75,1.75],"texture":"#0"},"west":{"uv":[8,1.375,8.375,1.75],"texture":"#0"},"up":{"uv":[8,1.375,7.625,1],"texture":"#0"},"down":{"uv":[8.375,1,8,1.375],"texture":"#0"}}},{"from":[-2,3,7],"to":[0,6,9],"faces":{"north":{"uv":[0.25,5.75,0.5,6.125],"texture":"#0"},"east":{"uv":[0,5.75,0.25,6.125],"texture":"#0"},"south":{"uv":[0.75,5.75,1,6.125],"texture":"#0"},"west":{"uv":[0.5,5.75,0.75,6.125],"texture":"#0"},"up":{"uv":[0.5,5.75,0.25,5.5],"texture":"#0"},"down":{"uv":[0.75,5.5,0.5,5.75],"texture":"#0"}}}]}