{"file_name":"leg1","texture_size":[32,32],"textures":{"layer0":"manamodels/goomba_pet"},"elements":[{"name":"leg1_0","from":[6.685196,7.4,6.222836],"to":[8.485196,8.6,8.622836],"rotation":{"angle":22.5,"axis":"y","origin":[7.585196,8.0,7.122836]},"faces":{"east":{"uv":[8.0,10.0,10.0,11.0],"texture":"#layer0","tintindex":0},"south":{"uv":[10.5,5.0,12.0,6.0],"texture":"#layer0","tintindex":0},"north":{"uv":[4.5,10.5,6.0,11.5],"texture":"#layer0","tintindex":0},"west":{"uv":[10.0,8.5,12.0,9.5],"texture":"#layer0","tintindex":0},"up":{"uv":[11.5,2.0,10.0,0.0],"texture":"#layer0","tintindex":0},"down":{"uv":[10.0,2.0,11.5,4.0],"texture":"#layer0","tintindex":0}}}],"display":{"head":{"translation":[0.0,-6.4,0.0],"rotation":[0.0,0.0,0.0],"scale":[3.8095,3.8095,3.8095]},"gui":{"translation":[0.0,0.0,0.0],"rotation":[35.0,225.0,0.0],"scale":[0.625,0.625,0.625]}}}