{"file_name":"bone3","texture_size":[256,256],"textures":{"layer0":"manamodels/enchanter"},"elements":[{"name":"bone3_0","from":[5.6,8.0,7.4],"to":[8.6,14.0,10.4],"rotation":{"angle":0.0,"axis":"z","origin":[8.0,8.0,8.0]},"faces":{"east":{"uv":[1.5,5.0625,1.8125,5.6875],"texture":"#layer0","tintindex":0},"south":{"uv":[0.0,5.125,0.3125,5.75],"texture":"#layer0","tintindex":0},"north":{"uv":[5.0,4.75,5.3125,5.375],"texture":"#layer0","tintindex":0},"west":{"uv":[0.375,5.125,0.6875,5.75],"texture":"#layer0","tintindex":0},"up":{"uv":[6.9375,0.3125,6.625,0.0],"texture":"#layer0","tintindex":0},"down":{"uv":[6.625,0.375,6.9375,0.6875],"texture":"#layer0","tintindex":0}}}],"display":{"head":{"translation":[0.0,-6.4,0.0],"rotation":[0.0,0.0,0.0],"scale":[3.8095,3.8095,3.8095]},"gui":{"translation":[0.0,0.0,0.0],"rotation":[35.0,225.0,0.0],"scale":[0.625,0.625,0.625]}}}