{"file_name":"leg2","texture_size":[256,256],"textures":{"layer0":"manamodels/enchanter"},"elements":[{"name":"leg2_0","from":[5.6,0.19999981,5.8999996],"to":[9.8,8.0,10.1],"rotation":{"angle":0.0,"axis":"z","origin":[8.0,8.0,8.0]},"faces":{"east":{"uv":[3.5625,0.875,4.0,1.6875],"texture":"#layer0","tintindex":0},"south":{"uv":[3.5625,1.75,4.0,2.5625],"texture":"#layer0","tintindex":0},"north":{"uv":[3.5625,0.0,4.0,0.8125],"texture":"#layer0","tintindex":0},"west":{"uv":[1.625,3.625,2.0625,4.4375],"texture":"#layer0","tintindex":0},"up":{"uv":[6.125,1.6875,5.6875,1.25],"texture":"#layer0","tintindex":0},"down":{"uv":[3.375,5.6875,3.8125,6.125],"texture":"#layer0","tintindex":0}}},{"name":"leg2_1","from":[5.0,-2.8000002,5.63],"to":[10.4,0.19999981,10.43],"rotation":{"angle":0.0,"axis":"z","origin":[8.0,8.0,8.0]},"faces":{"east":{"uv":[6.0625,2.75,6.5625,3.0625],"texture":"#layer0","tintindex":0},"south":{"uv":[5.75,3.625,6.3125,3.9375],"texture":"#layer0","tintindex":0},"north":{"uv":[5.75,3.25,6.3125,3.5625],"texture":"#layer0","tintindex":0},"west":{"uv":[3.875,6.0625,4.375,6.375],"texture":"#layer0","tintindex":0},"up":{"uv":[4.625,1.25,4.0625,0.75],"texture":"#layer0","tintindex":0},"down":{"uv":[4.0625,1.3125,4.625,1.8125],"texture":"#layer0","tintindex":0}}}],"display":{"head":{"translation":[0.0,-6.4,0.0],"rotation":[0.0,0.0,0.0],"scale":[3.8095,3.8095,3.8095]},"gui":{"translation":[0.0,0.0,0.0],"rotation":[35.0,225.0,0.0],"scale":[0.625,0.625,0.625]}}}