{"file_name":"arm_bottom2","texture_size":[256,256],"textures":{"layer0":"manamodels/girlmage"},"elements":[{"name":"arm_bottom2_0","from":[1.9999998,8.0,6.8],"to":[8.0,10.4,9.2],"rotation":{"angle":0.0,"axis":"z","origin":[8.0,8.0,8.0]},"faces":{"east":{"uv":[4.375,7.375,4.625,7.625],"texture":"#layer0","tintindex":0},"south":{"uv":[6.0,5.8125,6.625,6.0625],"texture":"#layer0","tintindex":0},"north":{"uv":[5.9375,2.25,6.5625,2.5],"texture":"#layer0","tintindex":0},"west":{"uv":[7.375,4.9375,7.625,5.1875],"texture":"#layer0","tintindex":0},"up":{"uv":[6.6875,4.3125,6.0625,4.0625],"texture":"#layer0","tintindex":0},"down":{"uv":[6.0625,4.375,6.6875,4.625],"texture":"#layer0","tintindex":0}}},{"name":"arm_bottom2_1","from":[5.775734,7.078682,6.815],"to":[9.375734,7.0936823,9.185],"rotation":{"angle":45.0,"axis":"z","origin":[7.5757337,5.878682,9.2]},"faces":{"east":{"uv":[1.0,8.25,1.25,8.25],"texture":"#layer0","tintindex":0},"south":{"uv":[1.3125,8.25,1.6875,8.25],"texture":"#layer0","tintindex":0},"north":{"uv":[8.1875,7.375,8.5625,7.375],"texture":"#layer0","tintindex":0},"west":{"uv":[1.75,8.25,2.0,8.25],"texture":"#layer0","tintindex":0},"up":{"uv":[7.3125,5.25,6.9375,5.0],"texture":"#layer0","tintindex":0},"down":{"uv":[6.9375,5.3125,7.3125,5.5625],"texture":"#layer0","tintindex":0}}},{"name":"arm_bottom2_2","from":[5.775734,7.078682,6.815],"to":[9.375734,10.678682,6.83],"rotation":{"angle":45.0,"axis":"z","origin":[7.5757337,5.878682,9.215]},"faces":{"east":{"uv":[0.125,8.25,0.125,8.625],"texture":"#layer0","tintindex":0},"south":{"uv":[6.3125,1.375,6.6875,1.75],"texture":"#layer0","tintindex":0},"north":{"uv":[5.3125,6.1875,5.6875,6.5625],"texture":"#layer0","tintindex":0},"west":{"uv":[0.1875,8.25,0.1875,8.625],"texture":"#layer0","tintindex":0},"up":{"uv":[8.625,2.1875,8.25,2.1875],"texture":"#layer0","tintindex":0},"down":{"uv":[8.25,2.25,8.625,2.25],"texture":"#layer0","tintindex":0}}},{"name":"arm_bottom2_3","from":[5.775734,7.078682,9.17],"to":[9.375734,10.678682,9.184999],"rotation":{"angle":45.0,"axis":"z","origin":[7.5757337,5.878682,6.785]},"faces":{"east":{"uv":[0.25,8.25,0.25,8.625],"texture":"#layer0","tintindex":0},"south":{"uv":[1.4375,6.375,1.8125,6.75],"texture":"#layer0","tintindex":0},"north":{"uv":[6.3125,1.8125,6.6875,2.1875],"texture":"#layer0","tintindex":0},"west":{"uv":[0.3125,8.25,0.3125,8.625],"texture":"#layer0","tintindex":0},"up":{"uv":[8.625,2.3125,8.25,2.3125],"texture":"#layer0","tintindex":0},"down":{"uv":[8.25,2.375,8.625,2.375],"texture":"#layer0","tintindex":0}}}],"display":{"head":{"translation":[0.0,-6.4,0.0],"rotation":[0.0,0.0,0.0],"scale":[3.8095,3.8095,3.8095]},"gui":{"translation":[0.0,0.0,0.0],"rotation":[35.0,225.0,0.0],"scale":[0.625,0.625,0.625]}}}