{"file_name":"foot2","texture_size":[256,256],"textures":{"layer0":"manamodels/girlmage"},"elements":[{"name":"foot2_0","from":[6.8,7.4,6.2],"to":[9.2,8.0,8.6],"rotation":{"angle":0.0,"axis":"z","origin":[8.0,8.0,8.0]},"faces":{"east":{"uv":[8.0,0.625,8.25,0.6875],"texture":"#layer0","tintindex":0},"south":{"uv":[8.0,0.75,8.25,0.8125],"texture":"#layer0","tintindex":0},"north":{"uv":[0.4375,8.0,0.6875,8.0625],"texture":"#layer0","tintindex":0},"west":{"uv":[8.0,1.125,8.25,1.1875],"texture":"#layer0","tintindex":0},"up":{"uv":[7.625,2.1875,7.375,1.9375],"texture":"#layer0","tintindex":0},"down":{"uv":[7.375,2.25,7.625,2.5],"texture":"#layer0","tintindex":0}}},{"name":"foot2_1","from":[6.8,6.8,6.2],"to":[9.2,7.4,8.0],"rotation":{"angle":0.0,"axis":"z","origin":[8.0,8.0,8.0]},"faces":{"east":{"uv":[1.0,8.125,1.1875,8.1875],"texture":"#layer0","tintindex":0},"south":{"uv":[8.0,1.375,8.25,1.4375],"texture":"#layer0","tintindex":0},"north":{"uv":[8.0,1.25,8.25,1.3125],"texture":"#layer0","tintindex":0},"west":{"uv":[1.25,8.125,1.4375,8.1875],"texture":"#layer0","tintindex":0},"up":{"uv":[7.9375,0.8125,7.6875,0.625],"texture":"#layer0","tintindex":0},"down":{"uv":[7.6875,1.9375,7.9375,2.125],"texture":"#layer0","tintindex":0}}},{"name":"foot2_2","from":[6.8,6.8,8.6],"to":[9.2,8.0,9.8],"rotation":{"angle":0.0,"axis":"z","origin":[8.0,8.0,8.0]},"faces":{"east":{"uv":[8.0,1.5,8.125,1.625],"texture":"#layer0","tintindex":0},"south":{"uv":[2.0625,7.9375,2.3125,8.0625],"texture":"#layer0","tintindex":0},"north":{"uv":[1.75,7.9375,2.0,8.0625],"texture":"#layer0","tintindex":0},"west":{"uv":[8.0,1.9375,8.125,2.0625],"texture":"#layer0","tintindex":0},"up":{"uv":[8.1875,2.3125,7.9375,2.1875],"texture":"#layer0","tintindex":0},"down":{"uv":[7.9375,2.375,8.1875,2.5],"texture":"#layer0","tintindex":0}}},{"name":"foot2_3","from":[8.0,6.8,4.7],"to":[8.0,8.6,7.7],"rotation":{"angle":0.0,"axis":"z","origin":[8.0,8.0,8.0]},"faces":{"east":{"uv":[7.4375,6.5,7.75,6.6875],"texture":"#layer0","tintindex":0},"south":{"uv":[2.6875,7.5625,2.6875,7.75],"texture":"#layer0","tintindex":0},"north":{"uv":[2.625,7.5625,2.625,7.75],"texture":"#layer0","tintindex":0},"west":{"uv":[7.5,0.9375,7.8125,1.125],"texture":"#layer0","tintindex":0},"up":{"uv":[3.375,8.4375,3.375,8.125],"texture":"#layer0","tintindex":0},"down":{"uv":[3.4375,8.125,3.4375,8.4375],"texture":"#layer0","tintindex":0}}},{"name":"foot2_4","from":[7.4,6.8,5.0],"to":[8.6,7.4,6.2],"rotation":{"angle":0.0,"axis":"z","origin":[8.0,8.0,8.0]},"faces":{"east":{"uv":[2.125,8.125,2.25,8.1875],"texture":"#layer0","tintindex":0},"south":{"uv":[2.5625,8.125,2.6875,8.1875],"texture":"#layer0","tintindex":0},"north":{"uv":[1.9375,8.125,2.0625,8.1875],"texture":"#layer0","tintindex":0},"west":{"uv":[3.0625,8.125,3.1875,8.1875],"texture":"#layer0","tintindex":0},"up":{"uv":[4.125,8.125,4.0,8.0],"texture":"#layer0","tintindex":0},"down":{"uv":[8.0,4.3125,8.125,4.4375],"texture":"#layer0","tintindex":0}}}],"display":{"head":{"translation":[0.0,-6.4,0.0],"rotation":[0.0,0.0,0.0],"scale":[3.8095,3.8095,3.8095]},"gui":{"translation":[0.0,0.0,0.0],"rotation":[35.0,225.0,0.0],"scale":[0.625,0.625,0.625]}}}