{"file_name":"leg","texture_size":[256,256],"textures":{"layer0":"manamodels/girlmage"},"elements":[{"name":"leg_0","from":[6.5,1.9999998,6.8],"to":[9.5,6.8,9.8],"rotation":{"angle":0.0,"axis":"z","origin":[8.0,8.0,8.0]},"faces":{"east":{"uv":[5.625,5.625,5.9375,6.125],"texture":"#layer0","tintindex":0},"south":{"uv":[5.75,1.125,6.0625,1.625],"texture":"#layer0","tintindex":0},"north":{"uv":[5.625,5.0625,5.9375,5.5625],"texture":"#layer0","tintindex":0},"west":{"uv":[5.75,2.5625,6.0625,3.0625],"texture":"#layer0","tintindex":0},"up":{"uv":[3.25,5.5625,2.9375,5.25],"texture":"#layer0","tintindex":0},"down":{"uv":[1.0625,6.5,1.375,6.8125],"texture":"#layer0","tintindex":0}}},{"name":"leg_1","from":[6.2,6.8,6.5],"to":[9.8,8.6,10.700001],"rotation":{"angle":0.0,"axis":"z","origin":[8.0,8.0,8.0]},"faces":{"east":{"uv":[5.25,2.5625,5.6875,2.75],"texture":"#layer0","tintindex":0},"south":{"uv":[7.0625,4.6875,7.4375,4.875],"texture":"#layer0","tintindex":0},"north":{"uv":[7.0,6.5,7.375,6.6875],"texture":"#layer0","tintindex":0},"west":{"uv":[6.9375,2.75,7.375,2.9375],"texture":"#layer0","tintindex":0},"up":{"uv":[1.0625,4.375,0.6875,3.9375],"texture":"#layer0","tintindex":0},"down":{"uv":[1.5625,5.5,1.9375,5.9375],"texture":"#layer0","tintindex":0}}},{"name":"leg_2","from":[9.935,-0.40000033,5.3],"to":[9.950001,8.6,10.700001],"rotation":{"angle":-22.5,"axis":"x","origin":[6.05,8.0,6.8]},"faces":{"east":{"uv":[1.8125,0.0,2.375,0.9375],"texture":"#layer0","tintindex":0},"south":{"uv":[2.125,8.25,2.125,9.1875],"texture":"#layer0","tintindex":0},"north":{"uv":[2.0625,8.25,2.0625,9.1875],"texture":"#layer0","tintindex":0},"west":{"uv":[1.8125,1.0,2.375,1.9375],"texture":"#layer0","tintindex":0},"up":{"uv":[2.1875,8.8125,2.1875,8.25],"texture":"#layer0","tintindex":0},"down":{"uv":[2.25,8.25,2.25,8.8125],"texture":"#layer0","tintindex":0}}},{"name":"leg_3","from":[5.75,-0.40000033,10.685],"to":[9.950001,8.6,10.700001],"rotation":{"angle":-22.5,"axis":"x","origin":[6.05,8.0,6.8]},"faces":{"east":{"uv":[2.375,8.25,2.375,9.1875],"texture":"#layer0","tintindex":0},"south":{"uv":[2.5625,3.0,3.0,3.9375],"texture":"#layer0","tintindex":0},"north":{"uv":[2.0625,3.0,2.5,3.9375],"texture":"#layer0","tintindex":0},"west":{"uv":[2.4375,8.25,2.4375,9.1875],"texture":"#layer0","tintindex":0},"up":{"uv":[8.6875,2.4375,8.25,2.4375],"texture":"#layer0","tintindex":0},"down":{"uv":[8.25,2.5,8.6875,2.5],"texture":"#layer0","tintindex":0}}},{"name":"leg_4","from":[8.878682,0.7999997,8.921318],"to":[8.878682,1.9999998,10.721318],"rotation":{"angle":45.0,"axis":"y","origin":[5.878682,6.8,8.921318]},"faces":{"east":{"uv":[7.9375,2.5625,8.125,2.6875],"texture":"#layer0","tintindex":0},"south":{"uv":[3.5625,0.8125,3.5625,0.9375],"texture":"#layer0","tintindex":0},"north":{"uv":[3.5625,0.625,3.5625,0.75],"texture":"#layer0","tintindex":0},"west":{"uv":[3.0625,7.9375,3.25,8.0625],"texture":"#layer0","tintindex":0},"up":{"uv":[4.1875,2.75,4.1875,2.5625],"texture":"#layer0","tintindex":0},"down":{"uv":[4.375,1.6875,4.375,1.875],"texture":"#layer0","tintindex":0}}},{"name":"leg_5","from":[7.078682,0.7999997,8.921318],"to":[8.878682,1.9999998,8.921318],"rotation":{"angle":45.0,"axis":"y","origin":[5.878682,6.8,8.921318]},"faces":{"east":{"uv":[4.1875,2.8125,4.1875,2.9375],"texture":"#layer0","tintindex":0},"south":{"uv":[7.9375,3.375,8.125,3.5],"texture":"#layer0","tintindex":0},"north":{"uv":[3.3125,7.9375,3.5,8.0625],"texture":"#layer0","tintindex":0},"west":{"uv":[4.6875,3.3125,4.6875,3.4375],"texture":"#layer0","tintindex":0},"up":{"uv":[1.6875,3.9375,1.5,3.9375],"texture":"#layer0","tintindex":0},"down":{"uv":[1.75,3.9375,1.9375,3.9375],"texture":"#layer0","tintindex":0}}},{"name":"leg_6","from":[7.078682,1.9999998,8.321318],"to":[8.878682,5.6,10.121319],"rotation":{"angle":45.0,"axis":"y","origin":[5.878682,8.3,8.321318]},"faces":{"east":{"uv":[3.75,7.125,3.9375,7.5],"texture":"#layer0","tintindex":0},"south":{"uv":[7.125,3.75,7.3125,4.125],"texture":"#layer0","tintindex":0},"north":{"uv":[2.5,7.125,2.6875,7.5],"texture":"#layer0","tintindex":0},"west":{"uv":[7.125,4.1875,7.3125,4.5625],"texture":"#layer0","tintindex":0},"up":{"uv":[7.75,7.875,7.5625,7.6875],"texture":"#layer0","tintindex":0},"down":{"uv":[7.75,1.1875,7.9375,1.375],"texture":"#layer0","tintindex":0}}}],"display":{"head":{"translation":[0.0,-6.4,0.0],"rotation":[0.0,0.0,0.0],"scale":[3.8095,3.8095,3.8095]},"gui":{"translation":[0.0,0.0,0.0],"rotation":[35.0,225.0,0.0],"scale":[0.625,0.625,0.625]}}}