{"file_name":"chest","texture_size":[128,128],"textures":{"layer0":"manamodels/dwarf"},"elements":[{"name":"chest_0","from":[3.8420002,11.78978,10.079],"to":[12.158,12.62138,15.9002],"rotation":{"angle":0.0,"axis":"z","origin":[8.0,8.0,8.0]},"faces":{"east":{"uv":[0.0,3.875,0.875,4.0],"texture":"#layer0","tintindex":0},"south":{"uv":[3.0,3.875,4.25,4.0],"texture":"#layer0","tintindex":0},"north":{"uv":[0.875,3.875,2.125,4.0],"texture":"#layer0","tintindex":0},"west":{"uv":[2.125,3.875,3.0,4.0],"texture":"#layer0","tintindex":0},"up":{"uv":[2.125,3.875,0.875,3.0],"texture":"#layer0","tintindex":0},"down":{"uv":[2.125,3.0,3.375,3.875],"texture":"#layer0","tintindex":0}}},{"name":"chest_1","from":[3.8420002,8.46338,10.079],"to":[12.158,9.294979,15.9002],"rotation":{"angle":0.0,"axis":"z","origin":[8.0,8.0,8.0]},"faces":{"east":{"uv":[0.0,2.875,0.875,3.0],"texture":"#layer0","tintindex":0},"south":{"uv":[3.0,2.875,4.25,3.0],"texture":"#layer0","tintindex":0},"north":{"uv":[0.875,2.875,2.125,3.0],"texture":"#layer0","tintindex":0},"west":{"uv":[2.125,2.875,3.0,3.0],"texture":"#layer0","tintindex":0},"up":{"uv":[2.125,2.875,0.875,2.0],"texture":"#layer0","tintindex":0},"down":{"uv":[2.125,2.0,3.375,2.875],"texture":"#layer0","tintindex":0}}},{"name":"chest_2","from":[4.2577996,9.294979,10.494801],"to":[11.7422,11.78978,15.4844],"rotation":{"angle":0.0,"axis":"z","origin":[8.0,8.0,8.0]},"faces":{"east":{"uv":[3.375,2.0,4.125,2.375],"texture":"#layer0","tintindex":0},"south":{"uv":[6.0,2.0,7.125,2.375],"texture":"#layer0","tintindex":0},"north":{"uv":[4.125,2.0,5.25,2.375],"texture":"#layer0","tintindex":0},"west":{"uv":[5.25,2.0,6.0,2.375],"texture":"#layer0","tintindex":0},"up":{"uv":[5.25,2.0,4.125,1.25],"texture":"#layer0","tintindex":0},"down":{"uv":[5.25,1.25,6.375,2.0],"texture":"#layer0","tintindex":0}}},{"name":"chest_3","from":[4.27859,11.37398,11.3264],"to":[11.721411,14.61722,14.6528],"rotation":{"angle":0.0,"axis":"z","origin":[8.0,8.0,8.0]},"faces":{"east":{"uv":[3.75,3.0,4.25,3.375],"texture":"#layer0","tintindex":0},"south":{"uv":[5.75,3.0,6.75,3.375],"texture":"#layer0","tintindex":0},"north":{"uv":[4.25,3.0,5.25,3.375],"texture":"#layer0","tintindex":0},"west":{"uv":[5.25,3.0,5.75,3.375],"texture":"#layer0","tintindex":0},"up":{"uv":[5.25,3.0,4.25,2.5],"texture":"#layer0","tintindex":0},"down":{"uv":[5.25,2.5,6.25,3.0],"texture":"#layer0","tintindex":0}}},{"name":"chest_4","from":[4.29938,12.62138,10.41164],"to":[11.70062,15.11618,12.90644],"rotation":{"angle":22.5,"axis":"x","origin":[8.4158,12.62138,9.58004]},"faces":{"east":{"uv":[6.25,3.75,6.625,4.125],"texture":"#layer0","tintindex":0},"south":{"uv":[8.0,3.75,9.0,4.125],"texture":"#layer0","tintindex":0},"north":{"uv":[6.625,3.75,7.625,4.125],"texture":"#layer0","tintindex":0},"west":{"uv":[7.625,3.75,8.0,4.125],"texture":"#layer0","tintindex":0},"up":{"uv":[7.625,3.75,6.625,3.375],"texture":"#layer0","tintindex":0},"down":{"uv":[7.625,3.375,8.625,3.75],"texture":"#layer0","tintindex":0}}},{"name":"chest_5","from":[4.29938,12.62138,13.07276],"to":[11.70062,15.11618,15.567559],"rotation":{"angle":-22.5,"axis":"x","origin":[8.4158,12.62138,16.39916]},"faces":{"east":{"uv":[5.375,6.625,5.75,7.0],"texture":"#layer0","tintindex":0},"south":{"uv":[7.125,6.625,8.125,7.0],"texture":"#layer0","tintindex":0},"north":{"uv":[5.75,6.625,6.75,7.0],"texture":"#layer0","tintindex":0},"west":{"uv":[6.75,6.625,7.125,7.0],"texture":"#layer0","tintindex":0},"up":{"uv":[6.75,6.625,5.75,6.25],"texture":"#layer0","tintindex":0},"down":{"uv":[6.75,6.25,7.75,6.625],"texture":"#layer0","tintindex":0}}},{"name":"chest_6","from":[5.5467796,14.64788,14.908424],"to":[7.1268196,18.805882,14.908424],"rotation":{"angle":-45.0,"axis":"x","origin":[8.0,14.3261595,14.83991]},"faces":{"east":{"uv":[3.25,0.0,3.25,0.625],"texture":"#layer0","tintindex":0},"south":{"uv":[3.375,0.0,3.5,0.625],"texture":"#layer0","tintindex":0},"north":{"uv":[3.25,0.0,3.375,0.625],"texture":"#layer0","tintindex":0},"west":{"uv":[3.375,0.0,3.375,0.625],"texture":"#layer0","tintindex":0},"up":{"uv":[3.375,0.0,3.25,0.0],"texture":"#layer0","tintindex":0},"down":{"uv":[3.375,0.0,3.5,0.0],"texture":"#layer0","tintindex":0}}},{"name":"chest_7","from":[8.873179,14.64788,14.908424],"to":[10.45322,18.805882,14.908424],"rotation":{"angle":-45.0,"axis":"x","origin":[7.1684,14.3261595,14.83991]},"faces":{"east":{"uv":[3.0,0.0,3.0,0.625],"texture":"#layer0","tintindex":0},"south":{"uv":[3.125,0.0,3.25,0.625],"texture":"#layer0","tintindex":0},"north":{"uv":[3.0,0.0,3.125,0.625],"texture":"#layer0","tintindex":0},"west":{"uv":[3.125,0.0,3.125,0.625],"texture":"#layer0","tintindex":0},"up":{"uv":[3.125,0.0,3.0,0.0],"texture":"#layer0","tintindex":0},"down":{"uv":[3.125,0.0,3.25,0.0],"texture":"#layer0","tintindex":0}}}],"display":{"head":{"translation":[0.0,-6.4,0.0],"rotation":[0.0,0.0,0.0],"scale":[3.8095,3.8095,3.8095]},"gui":{"translation":[0.0,0.0,0.0],"rotation":[35.0,225.0,0.0],"scale":[0.625,0.625,0.625]}}}