{"credit":"Copyright ManaLabs Inc","texture_size":[64,64],"textures":{"0":"manalabs:crates/starwars/chewbacca_crossbow_3","particle":"manalabs:crates/starwars/chewbacca_crossbow_3"},"elements":[{"from":[7,3,-2],"to":[9,7,12],"rotation":{"angle":0,"axis":"y","origin":[7,5,9]},"faces":{"north":{"uv":[7.5,9.5,8,10.5],"texture":"#0"},"east":{"uv":[6.5,0,10,1],"texture":"#0"},"south":{"uv":[4.5,9.75,5,10.75],"texture":"#0"},"west":{"uv":[6.5,1,10,2],"texture":"#0"},"up":{"uv":[7,5.5,6.5,2],"texture":"#0"},"down":{"uv":[7.5,2,7,5.5],"texture":"#0"}}},{"from":[1,5,-2],"to":[7,7,-1],"rotation":{"angle":0,"axis":"y","origin":[5,6,-1.5]},"faces":{"north":{"uv":[8,2.5,9.5,3],"texture":"#0"},"east":{"uv":[5.75,8.5,6,9],"texture":"#0"},"south":{"uv":[8,3,9.5,3.5],"texture":"#0"},"west":{"uv":[9.25,5,9.5,5.5],"texture":"#0"},"up":{"uv":[11,5.75,9.5,5.5],"texture":"#0"},"down":{"uv":[11,5.75,9.5,6],"texture":"#0"}}},{"from":[-3.35355,5,-1.43934],"to":[1.64645,7,-0.43934],"rotation":{"angle":45,"axis":"y","origin":[0.64645,6,-0.93934]},"faces":{"north":{"uv":[8,5,9.25,5.5],"texture":"#0"},"east":{"uv":[1,10.25,1.25,10.75],"texture":"#0"},"south":{"uv":[8,7.5,9.25,8],"texture":"#0"},"west":{"uv":[1.25,10.25,1.5,10.75],"texture":"#0"},"up":{"uv":[10.5,10,9.25,9.75],"texture":"#0"},"down":{"uv":[11.25,0,10,0.25],"texture":"#0"}}},{"from":[9,5,-2],"to":[15,7,-1],"rotation":{"angle":0,"axis":"y","origin":[11,6,-1.5]},"faces":{"north":{"uv":[8,3.5,9.5,4],"texture":"#0"},"east":{"uv":[1.5,10.25,1.75,10.75],"texture":"#0"},"south":{"uv":[8,4,9.5,4.5],"texture":"#0"},"west":{"uv":[2.5,10.25,2.75,10.75],"texture":"#0"},"up":{"uv":[11,7.25,9.5,7],"texture":"#0"},"down":{"uv":[11,7.25,9.5,7.5],"texture":"#0"}}},{"from":[14.35355,5,-1.43934],"to":[19.35355,7,-0.43934],"rotation":{"angle":-45,"axis":"y","origin":[15.35355,6,-0.93934]},"faces":{"north":{"uv":[8,8,9.25,8.5],"texture":"#0"},"east":{"uv":[10.25,2.5,10.5,3],"texture":"#0"},"south":{"uv":[4.5,8.5,5.75,9],"texture":"#0"},"west":{"uv":[2.75,10.25,3,10.75],"texture":"#0"},"up":{"uv":[11.25,0.5,10,0.25],"texture":"#0"},"down":{"uv":[1.75,10,0.5,10.25],"texture":"#0"}}},{"from":[-3.60355,4.5,0.06066],"to":[-0.60355,7.5,3.06066],"rotation":{"angle":22.5,"axis":"y","origin":[-1.10355,5.5,3.06066]},"faces":{"north":{"uv":[8.5,8.5,9.25,9.25],"texture":"#0"},"east":{"uv":[4.5,9,5.25,9.75],"texture":"#0"},"south":{"uv":[5.25,9,6,9.75],"texture":"#0"},"west":{"uv":[0.5,9.25,1.25,10],"texture":"#0"},"up":{"uv":[2,10,1.25,9.25],"texture":"#0"},"down":{"uv":[10,7.5,9.25,8.25],"texture":"#0"}}},{"from":[-5,6,-0.93934],"to":[21,6,11.06066],"rotation":{"angle":0,"axis":"y","origin":[-1.5,5.5,4.06066]},"faces":{"north":{"uv":[0,0,6.5,0],"texture":"#0"},"east":{"uv":[0,0,3,0],"texture":"#0"},"south":{"uv":[0,0,6.5,0],"texture":"#0"},"west":{"uv":[0,0,3,0],"texture":"#0"},"up":{"uv":[6.5,3,0,0],"texture":"#0"},"down":{"uv":[6.5,3,0,6],"texture":"#0"}}},{"from":[16.60355,4.5,0.06066],"to":[19.60355,7.5,3.06066],"rotation":{"angle":-22.5,"axis":"y","origin":[17.10355,5.5,3.06066]},"faces":{"north":{"uv":[9.25,8.25,10,9],"texture":"#0"},"east":{"uv":[8.5,9.25,9.25,10],"texture":"#0"},"south":{"uv":[9.25,9,10,9.75],"texture":"#0"},"west":{"uv":[2.5,9.5,3.25,10.25],"texture":"#0"},"up":{"uv":[10.25,3.25,9.5,2.5],"texture":"#0"},"down":{"uv":[10.25,3.25,9.5,4],"texture":"#0"}}},{"from":[7.5,6.5,-3],"to":[8.5,7.5,18],"rotation":{"angle":45,"axis":"z","origin":[8,7,4]},"faces":{"north":{"uv":[6,9.25,6.25,9.5],"texture":"#0"},"east":{"uv":[7.5,6.5,12.75,6.75],"texture":"#0"},"south":{"uv":[6.25,9.25,6.5,9.5],"texture":"#0"},"west":{"uv":[7.5,6.75,12.75,7],"texture":"#0"},"up":{"uv":[4.25,12.75,4,7.5],"texture":"#0"},"down":{"uv":[4.5,7.5,4.25,12.75],"texture":"#0"}}},{"from":[9.5,7,10],"to":[11.5,9,22],"rotation":{"angle":45,"axis":"z","origin":[10,7.5,12]},"faces":{"north":{"uv":[10,0.5,10.5,1],"texture":"#0"},"east":{"uv":[6.5,5.5,9.5,6],"texture":"#0"},"south":{"uv":[10,1,10.5,1.5],"texture":"#0"},"west":{"uv":[7,6,10,6.5],"texture":"#0"},"up":{"uv":[7.5,9.5,7,6.5],"texture":"#0"},"down":{"uv":[0.5,7.5,0,10.5],"texture":"#0"}}},{"from":[4.5,7,10],"to":[6.5,9,22],"rotation":{"angle":-45,"axis":"z","origin":[6,7.5,12]},"faces":{"north":{"uv":[10,1.5,10.5,2],"texture":"#0"},"east":{"uv":[0.5,7.5,3.5,8],"texture":"#0"},"south":{"uv":[10,6,10.5,6.5],"texture":"#0"},"west":{"uv":[7.5,2,10.5,2.5],"texture":"#0"},"up":{"uv":[8,5.5,7.5,2.5],"texture":"#0"},"down":{"uv":[4,7.5,3.5,10.5],"texture":"#0"}}},{"from":[3.5,6.25,14.5],"to":[6.5,9.25,15.5],"rotation":{"angle":-45,"axis":"z","origin":[6,6.75,11.5]},"faces":{"north":{"uv":[9.5,4,10.25,4.75],"texture":"#0"},"east":{"uv":[1.75,10,2,10.75],"texture":"#0"},"south":{"uv":[9.5,4.75,10.25,5.5],"texture":"#0"},"west":{"uv":[8.75,10,9,10.75],"texture":"#0"},"up":{"uv":[9.75,10.25,9,10],"texture":"#0"},"down":{"uv":[10.75,9,10,9.25],"texture":"#0"}}},{"from":[9.5,6.25,14.5],"to":[12.5,9.25,15.5],"rotation":{"angle":45,"axis":"z","origin":[10,6.75,11.5]},"faces":{"north":{"uv":[10.25,4,9.5,4.75],"texture":"#0"},"east":{"uv":[9,10,8.75,10.75],"texture":"#0"},"south":{"uv":[10.25,4.75,9.5,5.5],"texture":"#0"},"west":{"uv":[2,10,1.75,10.75],"texture":"#0"},"up":{"uv":[9,10.25,9.75,10],"texture":"#0"},"down":{"uv":[10,9,10.75,9.25],"texture":"#0"}}},{"from":[3.5,6.25,18],"to":[6.5,9.25,19],"rotation":{"angle":-45,"axis":"z","origin":[6,6.75,15]},"faces":{"north":{"uv":[9.5,4,10.25,4.75],"texture":"#0"},"east":{"uv":[1.75,10,2,10.75],"texture":"#0"},"south":{"uv":[9.5,4.75,10.25,5.5],"texture":"#0"},"west":{"uv":[8.75,10,9,10.75],"texture":"#0"},"up":{"uv":[9.75,10.25,9,10],"texture":"#0"},"down":{"uv":[10.75,9,10,9.25],"texture":"#0"}}},{"from":[9.5,6.25,18],"to":[12.5,9.25,19],"rotation":{"angle":45,"axis":"z","origin":[10,6.75,15]},"faces":{"north":{"uv":[10.25,4,9.5,4.75],"texture":"#0"},"east":{"uv":[9,10,8.75,10.75],"texture":"#0"},"south":{"uv":[10.25,4.75,9.5,5.5],"texture":"#0"},"west":{"uv":[2,10,1.75,10.75],"texture":"#0"},"up":{"uv":[9,10.25,9.75,10],"texture":"#0"},"down":{"uv":[10,9,10.75,9.25],"texture":"#0"}}},{"from":[7,7,12],"to":[9,9,20],"rotation":{"angle":0,"axis":"y","origin":[8.5,7.5,12]},"faces":{"north":{"uv":[10,7.5,10.5,8],"texture":"#0"},"east":{"uv":[4.5,7.5,6.5,8],"texture":"#0"},"south":{"uv":[10,8,10.5,8.5],"texture":"#0"},"west":{"uv":[7.5,7,9.5,7.5],"texture":"#0"},"up":{"uv":[7,9.5,6.5,7.5],"texture":"#0"},"down":{"uv":[8,7.5,7.5,9.5],"texture":"#0"}}},{"from":[7.01,1.58822,15.88955],"to":[8.99,6.56822,18.86955],"rotation":{"angle":-22.5,"axis":"x","origin":[8,4.57822,17.37955]},"faces":{"north":{"uv":[6,8,6.5,9.25],"texture":"#0"},"east":{"uv":[0.5,8,1.25,9.25],"texture":"#0"},"south":{"uv":[8,8.5,8.5,9.75],"texture":"#0"},"west":{"uv":[1.25,8,2,9.25],"texture":"#0"},"up":{"uv":[5.5,10.5,5,9.75],"texture":"#0"},"down":{"uv":[6,9.75,5.5,10.5],"texture":"#0"}}},{"from":[7.5,1.57822,17.87955],"to":[8.5,7.57822,32],"rotation":{"angle":0,"axis":"y","origin":[8.5,4.57822,17.37955]},"faces":{"north":{"uv":[3.25,9.5,3.5,11],"texture":"#0"},"east":{"uv":[0,6,3.5,7.5],"texture":"#0"},"south":{"uv":[8,9.75,8.25,11.25],"texture":"#0"},"west":{"uv":[3.5,6,7,7.5],"texture":"#0"},"up":{"uv":[2.25,11.5,2,8],"texture":"#0"},"down":{"uv":[2.5,8,2.25,11.5],"texture":"#0"}}},{"from":[8,3.07822,13.62955],"to":[8,6.07822,14.62955],"rotation":{"angle":-22.5,"axis":"x","origin":[8,4.57822,14.12955]},"faces":{"north":{"uv":[0,0,0,0.75],"texture":"#0"},"east":{"uv":[0.5,10.25,0.75,11],"texture":"#0"},"south":{"uv":[0,0,0,0.75],"texture":"#0"},"west":{"uv":[0.75,10.25,1,11],"texture":"#0"},"up":{"uv":[0,0.25,0,0],"texture":"#0"},"down":{"uv":[0,0,0,0.25],"texture":"#0"}}},{"from":[7,5,12],"to":[9,7,18],"rotation":{"angle":0,"axis":"y","origin":[7,5,23]},"faces":{"north":{"uv":[8.25,10,8.75,10.5],"texture":"#0"},"east":{"uv":[4.5,8,6,8.5],"texture":"#0"},"south":{"uv":[10,8.5,10.5,9],"texture":"#0"},"west":{"uv":[8,4.5,9.5,5],"texture":"#0"},"up":{"uv":[3,9.5,2.5,8],"texture":"#0"},"down":{"uv":[3.5,8,3,9.5],"texture":"#0"}}},{"name":"cube inverted","from":[8.5,7.57822,32],"to":[7.5,1.57822,17.87955],"rotation":{"angle":0,"axis":"y","origin":[8.5,4.57822,17.37955]},"faces":{"north":{"uv":[8,11.25,8.25,9.75],"texture":"#0"},"east":{"uv":[3.5,7.5,7,6],"texture":"#0"},"south":{"uv":[3.25,11,3.5,9.5],"texture":"#0"},"west":{"uv":[0,7.5,3.5,6],"texture":"#0"},"up":{"uv":[2.25,8,2.5,11.5],"texture":"#0"},"down":{"uv":[2,11.5,2.25,8],"texture":"#0"}}},{"name":"cube inverted","from":[21,6,11.06066],"to":[-5,6,-0.93934],"rotation":{"angle":0,"axis":"y","origin":[-1.5,5.5,4.06066]},"faces":{"north":{"uv":[0,0,6.5,0],"texture":"#0"},"east":{"uv":[0,0,3,0],"texture":"#0"},"south":{"uv":[0,0,6.5,0],"texture":"#0"},"west":{"uv":[0,0,3,0],"texture":"#0"},"up":{"uv":[0,3,6.5,6],"texture":"#0"},"down":{"uv":[0,3,6.5,0],"texture":"#0"}}},{"name":"cube inverted","from":[9,7,12],"to":[7,3,-2],"rotation":{"angle":0,"axis":"y","origin":[7,5,9]},"faces":{"north":{"uv":[4.5,10.75,5,9.75],"texture":"#0"},"east":{"uv":[6.5,2,10,1],"texture":"#0"},"south":{"uv":[7.5,10.5,8,9.5],"texture":"#0"},"west":{"uv":[6.5,1,10,0],"texture":"#0"},"up":{"uv":[7,2,7.5,5.5],"texture":"#0"},"down":{"uv":[6.5,5.5,7,2],"texture":"#0"}}},{"name":"cube inverted","from":[12.5,9.25,19],"to":[9.5,6.25,18],"rotation":{"angle":45,"axis":"z","origin":[10,6.75,15]},"faces":{"north":{"uv":[10.25,5.5,9.5,4.75],"texture":"#0"},"east":{"uv":[2,10.75,1.75,10],"texture":"#0"},"south":{"uv":[10.25,4.75,9.5,4],"texture":"#0"},"west":{"uv":[9,10.75,8.75,10],"texture":"#0"},"up":{"uv":[10.75,9,10,9.25],"texture":"#0"},"down":{"uv":[9.75,10.25,9,10],"texture":"#0"}}},{"name":"cube inverted","from":[12.5,9.25,15.5],"to":[9.5,6.25,14.5],"rotation":{"angle":45,"axis":"z","origin":[10,6.75,11.5]},"faces":{"north":{"uv":[10.25,5.5,9.5,4.75],"texture":"#0"},"east":{"uv":[2,10.75,1.75,10],"texture":"#0"},"south":{"uv":[10.25,4.75,9.5,4],"texture":"#0"},"west":{"uv":[9,10.75,8.75,10],"texture":"#0"},"up":{"uv":[10.75,9,10,9.25],"texture":"#0"},"down":{"uv":[9.75,10.25,9,10],"texture":"#0"}}},{"name":"cube inverted","from":[6.5,9.25,15.5],"to":[3.5,6.25,14.5],"rotation":{"angle":-45,"axis":"z","origin":[6,6.75,11.5]},"faces":{"north":{"uv":[9.5,5.5,10.25,4.75],"texture":"#0"},"east":{"uv":[8.75,10.75,9,10],"texture":"#0"},"south":{"uv":[9.5,4.75,10.25,4],"texture":"#0"},"west":{"uv":[1.75,10.75,2,10],"texture":"#0"},"up":{"uv":[10,9,10.75,9.25],"texture":"#0"},"down":{"uv":[9,10.25,9.75,10],"texture":"#0"}}},{"name":"cube inverted","from":[6.5,9.25,19],"to":[3.5,6.25,18],"rotation":{"angle":-45,"axis":"z","origin":[6,6.75,15]},"faces":{"north":{"uv":[9.5,5.5,10.25,4.75],"texture":"#0"},"east":{"uv":[8.75,10.75,9,10],"texture":"#0"},"south":{"uv":[9.5,4.75,10.25,4],"texture":"#0"},"west":{"uv":[1.75,10.75,2,10],"texture":"#0"},"up":{"uv":[10,9,10.75,9.25],"texture":"#0"},"down":{"uv":[9,10.25,9.75,10],"texture":"#0"}}}],"gui_light":"front","display":{"thirdperson_righthand":{"rotation":[-9,0,0],"translation":[0,2,-4.25],"scale":[0.5,0.5,0.5]},"thirdperson_lefthand":{"rotation":[-9,0,0],"translation":[0,2,-4.25],"scale":[0.5,0.5,0.5]},"firstperson_righthand":{"rotation":[2,-11,0],"translation":[2,1.5,-4.25],"scale":[0.5,0.5,0.5]},"firstperson_lefthand":{"rotation":[-9,0,0],"translation":[0,2,-4.25],"scale":[0.5,0.5,0.5]},"ground":{"rotation":[-9,0,0],"translation":[0,4,-4.25],"scale":[0.5,0.5,0.5]},"gui":{"rotation":[36,-151,0],"translation":[-0.75,-0.5,-4.25],"scale":[0.55,0.55,0.55]},"head":{"rotation":[91.36,42.75,-0.94],"translation":[-3,-8.75,8.25]},"fixed":{"rotation":[90,36.75,-180],"translation":[-2,1,-5.5]}},"groups":[{"name":"root","origin":[8,8,8],"color":0,"children":[0,1,2,3,4,5,6,7,8,9,10,11,12,13,14,15,16,17,18,19,20,21,22,23,24,25,26]}]}