{"credit":"Copyright ManaLabs Inc","texture_size":[64,64],"textures":{"0":"manalabs:crates/starwars/general_grevious_blades","particle":"manalabs:crates/starwars/general_grevious_blades"},"elements":[{"name":"body","from":[-8,8.875,16.125],"to":[-10,6.875,-5.375],"rotation":{"angle":-22.5,"axis":"x","origin":[-9,7.875,12]},"faces":{"north":{"uv":[10,0,10.5,0.5],"texture":"#0"},"east":{"uv":[3.5,2,8.875,2.5],"texture":"#0"},"south":{"uv":[0.75,10,1.25,10.5],"texture":"#0"},"west":{"uv":[3.5,2.5,8.875,3],"texture":"#0"},"up":{"uv":[2.5,9.875,2,4.5],"texture":"#0"},"down":{"uv":[3,4.5,2.5,9.875],"texture":"#0"}}},{"name":"body","from":[-9.7,7.175,-5.075],"to":[-8.3,8.575,16.325],"rotation":{"angle":-22.5,"axis":"x","origin":[-9,7.875,12]},"faces":{"north":{"uv":[10,9.25,10.5,9.75],"texture":"#0"},"east":{"uv":[9,2,3.5,1.5],"texture":"#0"},"south":{"uv":[9.75,10,10.25,10.5],"texture":"#0"},"west":{"uv":[3.5,1.5,9,2],"texture":"#0"},"up":{"uv":[1.5,10,1,4.5],"texture":"#0"},"down":{"uv":[1,4.5,1.5,10],"texture":"#0"}}},{"name":"body","from":[-10,6.875,16.125],"to":[-8,8.875,21.125],"rotation":{"angle":-22.5,"axis":"x","origin":[-9,7.875,12]},"faces":{"north":{"uv":[10.25,0.5,10.75,1],"texture":"#0"},"east":{"uv":[9.75,2,11,2.5],"texture":"#0"},"south":{"uv":[10.25,1,10.75,1.5],"texture":"#0"},"west":{"uv":[9.75,2.5,11,3],"texture":"#0"},"up":{"uv":[6.75,11,6.25,9.75],"texture":"#0"},"down":{"uv":[8.5,9.75,8,11],"texture":"#0"}}},{"name":"body","from":[-4.5,8.5,19.75],"to":[-3.5,12.5,22.75],"rotation":{"angle":45,"axis":"y","origin":[2,10.5,20.25]},"faces":{"north":{"uv":[5.5,10,5.75,11],"texture":"#0"},"east":{"uv":[9.25,3.75,10,4.75],"texture":"#0"},"south":{"uv":[5.5,10,5.75,11],"texture":"#0"},"west":{"uv":[9.25,3.75,10,4.75],"texture":"#0"},"up":{"uv":[1.5,10.5,1.25,11.25],"texture":"#0"},"down":{"uv":[1.5,10.5,1.25,11.25],"texture":"#0"}}},{"from":[-2.30389,9.5,22.37327],"to":[9.69611,11.5,24.34738],"rotation":{"angle":45,"axis":"y","origin":[3.69611,10.5,23.36033]},"faces":{"north":{"uv":[7,5.5,10,6],"texture":"#0"},"east":{"uv":[11.5,2.375,14.4779,2.875],"texture":"#0"},"south":{"uv":[7,5.5,10,6],"texture":"#0"},"west":{"uv":[10.25,10.25,10.75,10.75],"texture":"#0"},"up":{"uv":[10,7,7,6.5],"texture":"#0"},"down":{"uv":[10,7,7,6.5],"texture":"#0"}}},{"from":[-5.88801,9.5,16.08839],"to":[-3.88801,11.5,28],"rotation":{"angle":45,"axis":"y","origin":[-4.88801,10.5,21.84727]},"faces":{"north":{"uv":[0,0,0.5,0.5],"texture":"#0"},"east":{"uv":[11.5,2.375,14.4779,2.875],"texture":"#0"},"south":{"uv":[13,5.625,13.5,6.125],"texture":"#0"},"west":{"uv":[6,3.5,8.9779,4],"texture":"#0"},"up":{"uv":[7,5.5,6.5,8.5],"texture":"#0"},"down":{"uv":[7,8.5,6.5,5.5],"texture":"#0"}}},{"from":[-10.46016,9.2294,16.38551],"to":[-7.46016,12.2294,20.38551],"rotation":{"angle":-22.5,"axis":"x","origin":[-8.46016,10.2294,18.88551]},"faces":{"north":{"uv":[11.125,9.25,11.875,10],"texture":"#0"},"east":{"uv":[11.875,10.25,12.875,11],"texture":"#0"},"south":{"uv":[11.875,8.75,12.625,9.5],"texture":"#0"},"west":{"uv":[11.875,9.5,12.875,10.25],"texture":"#0"},"up":{"uv":[11.125,8.25,11.875,9.25],"texture":"#0"},"down":{"uv":[11.125,10,11.875,11],"texture":"#0"}}},{"from":[-2.70603,11.5,19.18458],"to":[-2.70603,15.5,29.18458],"rotation":{"angle":45,"axis":"y","origin":[-2.70603,13.5,24.02925]},"faces":{"north":{"uv":[0,0,0,1],"texture":"#0"},"east":{"uv":[5.5,3,3,4],"texture":"#0"},"south":{"uv":[0,0,0,1],"texture":"#0"},"west":{"uv":[3,3,5.5,4],"texture":"#0"},"up":{"uv":[0,0,0,2.5],"texture":"#0"},"down":{"uv":[0,0,0,2.5],"texture":"#0"}}},{"name":"body","from":[0.04051,21.13717,21.76368],"to":[1.04051,25.13717,24.76368],"rotation":{"angle":45,"axis":"x","origin":[-0.22975,20.65885,11.56231]},"faces":{"north":{"uv":[5.5,10,5.75,11],"texture":"#0"},"east":{"uv":[9.25,3.75,10,4.75],"texture":"#0"},"south":{"uv":[5.5,10,5.75,11],"texture":"#0"},"west":{"uv":[9.25,3.75,10,4.75],"texture":"#0"},"up":{"uv":[1.5,10.5,1.25,11.25],"texture":"#0"},"down":{"uv":[1.5,10.5,1.25,11.25],"texture":"#0"}}},{"from":[-0.30389,11.5,20.62327],"to":[9.69611,13.5,22.59738],"rotation":{"angle":22.5,"axis":"y","origin":[3.69611,12.5,21.61033]},"faces":{"north":{"uv":[7,5.5,9.5,6],"texture":"#0"},"east":{"uv":[11.5,2.375,11.99353,2.875],"texture":"#0"},"south":{"uv":[7,5.5,9.5,6],"texture":"#0"},"west":{"uv":[10.25,10.25,10.74353,10.75],"texture":"#0"},"up":{"uv":[9.5,6.99353,7,6.5],"texture":"#0"},"down":{"uv":[9.5,6.99353,7,6.5],"texture":"#0"}}},{"from":[-0.45949,22.13717,12.76368],"to":[1.54051,24.13717,24.67529],"rotation":{"angle":45,"axis":"x","origin":[-0.22975,20.65885,11.56231]},"faces":{"north":{"uv":[0,0,0.5,0.5],"texture":"#0"},"east":{"uv":[11.5,2.375,14.4779,2.875],"texture":"#0"},"south":{"uv":[13,5.625,13.5,6.125],"texture":"#0"},"west":{"uv":[6,3.5,8.9779,4],"texture":"#0"},"up":{"uv":[7,5.5,6.5,8.5],"texture":"#0"},"down":{"uv":[7,8.5,6.5,5.5],"texture":"#0"}}},{"from":[-2.46016,21.2351,11.40464],"to":[0.53984,24.2351,15.40464],"rotation":{"angle":22.5,"axis":"x","origin":[-0.22975,20.65885,11.56231]},"faces":{"north":{"uv":[11.125,9.25,11.875,10],"texture":"#0"},"east":{"uv":[11.875,10.25,12.875,11],"texture":"#0"},"south":{"uv":[11.875,8.75,12.625,9.5],"texture":"#0"},"west":{"uv":[11.875,9.5,12.875,10.25],"texture":"#0"},"up":{"uv":[11.125,8.25,11.875,9.25],"texture":"#0"},"down":{"uv":[11.125,10,11.875,11],"texture":"#0"}}},{"from":[0.54051,24.13717,16.76368],"to":[0.54051,28.13717,26.76368],"rotation":{"angle":45,"axis":"x","origin":[-0.22975,20.65885,11.56231]},"faces":{"north":{"uv":[0,0,0,1],"texture":"#0"},"east":{"uv":[5.5,3,3,4],"texture":"#0"},"south":{"uv":[0,0,0,1],"texture":"#0"},"west":{"uv":[3,3,5.5,4],"texture":"#0"},"up":{"uv":[0,0,0,2.5],"texture":"#0"},"down":{"uv":[0,0,0,2.5],"texture":"#0"}}},{"name":"body","from":[26,8.875,16.125],"to":[24,6.875,-5.375],"rotation":{"angle":-22.5,"axis":"x","origin":[25,7.875,12]},"faces":{"north":{"uv":[16,5.5,15.5,6],"texture":"#0"},"east":{"uv":[12.375,13.125,7,13.625],"texture":"#0"},"south":{"uv":[11.75,15.5,11.25,16],"texture":"#0"},"west":{"uv":[12.375,12.625,7,13.125],"texture":"#0"},"up":{"uv":[14.625,15.875,15.125,10.5],"texture":"#0"},"down":{"uv":[15.125,10.5,15.625,15.875],"texture":"#0"}}},{"name":"body","from":[24.3,7.175,-5.075],"to":[25.7,8.575,16.325],"rotation":{"angle":-22.5,"axis":"x","origin":[25,7.875,12]},"faces":{"north":{"uv":[13.875,15.5,13.375,16],"texture":"#0"},"east":{"uv":[12.125,12.125,6.625,12.625],"texture":"#0"},"south":{"uv":[12.875,15.5,12.375,16],"texture":"#0"},"west":{"uv":[6.625,12.625,12.125,12.125],"texture":"#0"},"up":{"uv":[14,16,14.5,10.5],"texture":"#0"},"down":{"uv":[14.5,10.5,14,16],"texture":"#0"}}},{"name":"body","from":[24,6.875,16.125],"to":[26,8.875,21.125],"rotation":{"angle":-22.5,"axis":"x","origin":[25,7.875,12]},"faces":{"north":{"uv":[10.75,0.5,10.25,1],"texture":"#0"},"east":{"uv":[11,2.5,9.75,3],"texture":"#0"},"south":{"uv":[10.75,1,10.25,1.5],"texture":"#0"},"west":{"uv":[11,2,9.75,2.5],"texture":"#0"},"up":{"uv":[6.25,11,6.75,9.75],"texture":"#0"},"down":{"uv":[8,9.75,8.5,11],"texture":"#0"}}},{"name":"body","from":[0,25.375,12.125],"to":[-2,23.375,-9.375],"rotation":{"angle":22.5,"axis":"x","origin":[-1,24.375,8]},"faces":{"north":{"uv":[16,5.5,15.5,6],"texture":"#0"},"east":{"uv":[12.375,13.125,7,13.625],"texture":"#0"},"south":{"uv":[11.75,15.5,11.25,16],"texture":"#0"},"west":{"uv":[12.375,12.625,7,13.125],"texture":"#0"},"up":{"uv":[14.625,15.875,15.125,10.5],"texture":"#0"},"down":{"uv":[15.125,10.5,15.625,15.875],"texture":"#0"}}},{"name":"body","from":[-1.7,23.675,-9.075],"to":[-0.3,25.075,12.325],"rotation":{"angle":22.5,"axis":"x","origin":[-1,24.375,8]},"faces":{"north":{"uv":[13.875,15.5,13.375,16],"texture":"#0"},"east":{"uv":[12.125,12.125,6.625,12.625],"texture":"#0"},"south":{"uv":[12.875,15.5,12.375,16],"texture":"#0"},"west":{"uv":[6.625,12.625,12.125,12.125],"texture":"#0"},"up":{"uv":[14,16,14.5,10.5],"texture":"#0"},"down":{"uv":[14.5,10.5,14,16],"texture":"#0"}}},{"name":"body","from":[-2,23.375,12.125],"to":[0,25.375,17.125],"rotation":{"angle":22.5,"axis":"x","origin":[-1,24.375,8]},"faces":{"north":{"uv":[10.75,0.5,10.25,1],"texture":"#0"},"east":{"uv":[11,2.5,9.75,3],"texture":"#0"},"south":{"uv":[10.75,1,10.25,1.5],"texture":"#0"},"west":{"uv":[11,2,9.75,2.5],"texture":"#0"},"up":{"uv":[6.25,11,6.75,9.75],"texture":"#0"},"down":{"uv":[8,9.75,8.5,11],"texture":"#0"}}},{"name":"body","from":[19.5,8.5,19.75],"to":[20.5,12.5,22.75],"rotation":{"angle":-45,"axis":"y","origin":[14,10.5,20.25]},"faces":{"north":{"uv":[5.75,10,5.5,11],"texture":"#0"},"east":{"uv":[10,3.75,9.25,4.75],"texture":"#0"},"south":{"uv":[5.75,10,5.5,11],"texture":"#0"},"west":{"uv":[10,3.75,9.25,4.75],"texture":"#0"},"up":{"uv":[1.25,10.5,1.5,11.25],"texture":"#0"},"down":{"uv":[1.25,10.5,1.5,11.25],"texture":"#0"}}},{"from":[6.30389,9.5,22.37327],"to":[18.30389,11.5,24.34738],"rotation":{"angle":-45,"axis":"y","origin":[12.30389,10.5,23.36033]},"faces":{"north":{"uv":[10,5.5,7,6],"texture":"#0"},"east":{"uv":[10.75,10.25,10.25,10.75],"texture":"#0"},"south":{"uv":[10,5.5,7,6],"texture":"#0"},"west":{"uv":[14.4779,2.375,11.5,2.875],"texture":"#0"},"up":{"uv":[7,7,10,6.5],"texture":"#0"},"down":{"uv":[7,7,10,6.5],"texture":"#0"}}},{"from":[19.88801,9.5,16.08839],"to":[21.88801,11.5,28],"rotation":{"angle":-45,"axis":"y","origin":[20.88801,10.5,21.84727]},"faces":{"north":{"uv":[0.5,0,0,0.5],"texture":"#0"},"east":{"uv":[8.9779,3.5,6,4],"texture":"#0"},"south":{"uv":[13.5,5.625,13,6.125],"texture":"#0"},"west":{"uv":[14.4779,2.375,11.5,2.875],"texture":"#0"},"up":{"uv":[6.5,5.5,7,8.5],"texture":"#0"},"down":{"uv":[6.5,8.5,7,5.5],"texture":"#0"}}},{"from":[23.46016,9.2294,16.38551],"to":[26.46016,12.2294,20.38551],"rotation":{"angle":-22.5,"axis":"x","origin":[24.46016,10.2294,18.88551]},"faces":{"north":{"uv":[11.875,9.25,11.125,10],"texture":"#0"},"east":{"uv":[12.875,9.5,11.875,10.25],"texture":"#0"},"south":{"uv":[12.625,8.75,11.875,9.5],"texture":"#0"},"west":{"uv":[12.875,10.25,11.875,11],"texture":"#0"},"up":{"uv":[11.875,8.25,11.125,9.25],"texture":"#0"},"down":{"uv":[11.875,10,11.125,11],"texture":"#0"}}},{"from":[18.70603,11.5,19.18458],"to":[18.70603,15.5,29.18458],"rotation":{"angle":-45,"axis":"y","origin":[18.70603,13.5,24.02925]},"faces":{"north":{"uv":[0,0,0,1],"texture":"#0"},"east":{"uv":[5.5,3,3,4],"texture":"#0"},"south":{"uv":[0,0,0,1],"texture":"#0"},"west":{"uv":[3,3,5.5,4],"texture":"#0"},"up":{"uv":[0,0,0,2.5],"texture":"#0"},"down":{"uv":[0,0,0,2.5],"texture":"#0"}}},{"name":"body","from":[18,23.84711,10.55324],"to":[16,21.84711,-10.94676],"rotation":{"angle":22.5,"axis":"x","origin":[16.22975,20.65885,11.56231]},"faces":{"north":{"uv":[10.5,0,10,0.5],"texture":"#0"},"east":{"uv":[8.875,2.5,3.5,3],"texture":"#0"},"south":{"uv":[1.25,10,0.75,10.5],"texture":"#0"},"west":{"uv":[8.875,2,3.5,2.5],"texture":"#0"},"up":{"uv":[2,9.875,2.5,4.5],"texture":"#0"},"down":{"uv":[2.5,4.5,3,9.875],"texture":"#0"}}},{"name":"body","from":[16.3,22.14711,-10.64676],"to":[17.7,23.54711,10.75324],"rotation":{"angle":22.5,"axis":"x","origin":[16.22975,20.65885,11.56231]},"faces":{"north":{"uv":[10.5,9.25,10,9.75],"texture":"#0"},"east":{"uv":[9,1.5,3.5,2],"texture":"#0"},"south":{"uv":[10.25,10,9.75,10.5],"texture":"#0"},"west":{"uv":[3.5,2,9,1.5],"texture":"#0"},"up":{"uv":[1,10,1.5,4.5],"texture":"#0"},"down":{"uv":[1.5,4.5,1,10],"texture":"#0"}}},{"name":"body","from":[16,21.84711,10.55324],"to":[18,23.84711,15.55324],"rotation":{"angle":22.5,"axis":"x","origin":[16.22975,20.65885,11.56231]},"faces":{"north":{"uv":[10.75,0.5,10.25,1],"texture":"#0"},"east":{"uv":[11,2.5,9.75,3],"texture":"#0"},"south":{"uv":[10.75,1,10.25,1.5],"texture":"#0"},"west":{"uv":[9.75,2.5,11,3],"texture":"#0"},"up":{"uv":[6.25,11,6.75,9.75],"texture":"#0"},"down":{"uv":[8,9.75,8.5,11],"texture":"#0"}}},{"name":"body","from":[14.95949,21.13717,21.76368],"to":[15.95949,25.13717,24.76368],"rotation":{"angle":45,"axis":"x","origin":[16.22975,20.65885,11.56231]},"faces":{"north":{"uv":[5.75,10,5.5,11],"texture":"#0"},"east":{"uv":[10,3.75,9.25,4.75],"texture":"#0"},"south":{"uv":[5.75,10,5.5,11],"texture":"#0"},"west":{"uv":[10,3.75,9.25,4.75],"texture":"#0"},"up":{"uv":[1.25,10.5,1.5,11.25],"texture":"#0"},"down":{"uv":[1.25,10.5,1.5,11.25],"texture":"#0"}}},{"from":[6.30389,11.5,20.62327],"to":[16.30389,13.5,22.59738],"rotation":{"angle":-22.5,"axis":"y","origin":[12.30389,12.5,21.61033]},"faces":{"north":{"uv":[9.5,5.5,7,6],"texture":"#0"},"east":{"uv":[10.74353,10.25,10.25,10.75],"texture":"#0"},"south":{"uv":[9.5,5.5,7,6],"texture":"#0"},"west":{"uv":[11.99353,2.375,11.5,2.875],"texture":"#0"},"up":{"uv":[7,6.99353,9.5,6.5],"texture":"#0"},"down":{"uv":[7,6.99353,9.5,6.5],"texture":"#0"}}},{"from":[14.45949,22.13717,12.76368],"to":[16.45949,24.13717,24.67529],"rotation":{"angle":45,"axis":"x","origin":[16.22975,20.65885,11.56231]},"faces":{"north":{"uv":[0.5,0,0,0.5],"texture":"#0"},"east":{"uv":[8.9779,3.5,6,4],"texture":"#0"},"south":{"uv":[13.5,5.625,13,6.125],"texture":"#0"},"west":{"uv":[14.4779,2.375,11.5,2.875],"texture":"#0"},"up":{"uv":[6.5,5.5,7,8.5],"texture":"#0"},"down":{"uv":[6.5,8.5,7,5.5],"texture":"#0"}}},{"from":[15.46016,21.2351,11.40464],"to":[18.46016,24.2351,15.40464],"rotation":{"angle":22.5,"axis":"x","origin":[16.22975,20.65885,11.56231]},"faces":{"north":{"uv":[11.875,9.25,11.125,10],"texture":"#0"},"east":{"uv":[12.875,9.5,11.875,10.25],"texture":"#0"},"south":{"uv":[12.625,8.75,11.875,9.5],"texture":"#0"},"west":{"uv":[12.875,10.25,11.875,11],"texture":"#0"},"up":{"uv":[11.875,8.25,11.125,9.25],"texture":"#0"},"down":{"uv":[11.875,10,11.125,11],"texture":"#0"}}},{"from":[15.45949,24.13717,16.76368],"to":[15.45949,28.13717,26.76368],"rotation":{"angle":45,"axis":"x","origin":[16.22975,20.65885,11.56231]},"faces":{"north":{"uv":[0,0,0,1],"texture":"#0"},"east":{"uv":[5.5,3,3,4],"texture":"#0"},"south":{"uv":[0,0,0,1],"texture":"#0"},"west":{"uv":[3,3,5.5,4],"texture":"#0"},"up":{"uv":[0,0,0,2.5],"texture":"#0"},"down":{"uv":[0,0,0,2.5],"texture":"#0"}}}],"gui_light":"front","display":{"thirdperson_righthand":{"rotation":[58,0,0],"translation":[0,5.5,-1.25],"scale":[0.3,0.3,0.3]},"thirdperson_lefthand":{"rotation":[58,0,0],"translation":[0,5.5,-1.25],"scale":[0.3,0.3,0.3]},"firstperson_righthand":{"rotation":[1,8,0],"translation":[4.25,0.5,-1.75],"scale":[0.3,0.3,0.3]},"firstperson_lefthand":{"rotation":[1,8,0],"translation":[4.25,0.5,-1.75],"scale":[0.3,0.3,0.3]},"ground":{"translation":[0,3.25,0],"scale":[0.3,0.3,0.3]},"gui":{"rotation":[11,150,1],"translation":[-0.25,-2.75,0],"scale":[0.35,0.35,0.35]},"head":{"translation":[0,-74.25,-17],"scale":[2,2,2]},"fixed":{"translation":[0,-4.25,-9.5],"scale":[0.6,0.6,0.6]}},"groups":[{"name":"root","origin":[8,8,8],"color":0,"children":[{"name":"side1","origin":[-1,27.5,11],"color":0,"children":[{"name":"group","origin":[3,16.5,19.25],"color":0,"children":[{"name":"group","origin":[24,22.5,18],"color":0,"children":[0,1,2]},3,4,5,6,7]},{"name":"group","origin":[3,16.5,19.25],"color":0,"children":[8,9,10,11,12]}]},{"name":"side1","origin":[-1,27.5,11],"color":0,"children":[{"name":"group","origin":[3,16.5,19.25],"color":0,"children":[{"name":"group","origin":[24,22.5,18],"color":0,"children":[13,14,15]},{"name":"group","origin":[24,22.5,18],"color":0,"children":[16,17,18]},19,20,21,22,23]},{"name":"group","origin":[3,16.5,19.25],"color":0,"children":[{"name":"group","origin":[24,22.5,18],"color":0,"children":[24,25,26]},27,28,29,30,31]}]}]},{"name":"steve","origin":[8,8,8],"color":0,"children":[]}]}