{"display":{"thirdperson_righthand":{"rotation":[75,45,0],"translation":[-1.25,2.25,0],"scale":[0.375,0.375,0.375]},"thirdperson_lefthand":{"rotation":[75,45,0],"translation":[-1.5,2.25,0],"scale":[0.375,0.375,0.375]},"firstperson_righthand":{"rotation":[0,-54,0],"translation":[2.75,0,0],"scale":[0.4,0.4,0.4]},"firstperson_lefthand":{"rotation":[0,-72,0],"translation":[3.75,0,0],"scale":[0.4,0.4,0.4]},"ground":{"translation":[0,3,0],"scale":[0.25,0.25,0.25]},"gui":{"rotation":[32,36,0],"translation":[-2.25,-6,0],"scale":[0.825,0.825,0.825]},"head":{"rotation":[7.5,0,0],"translation":[0,-61,1],"scale":[2.5,2.5,2.5]},"fixed":{"rotation":[0,180,0],"translation":[0,-10.75,1.75]}},"texture_size":[32,32],"textures":{"0":"crates/space_crate/rocket_backpack","particle":"crates/space_crate/rocket_backpack"},"elements":[{"from":[5.5,10,11],"to":[10.5,25,16],"rotation":{"angle":0,"axis":"y","origin":[1.5,2,1]},"faces":{"north":{"uv":[0,0,2.5,7.5],"texture":"#0"},"east":{"uv":[2.5,0,5,7.5],"texture":"#0"},"south":{"uv":[5,0,7.5,7.5],"texture":"#0"},"west":{"uv":[0,7.5,2.5,15],"texture":"#0"},"up":{"uv":[12.5,2.5,10,0],"texture":"#0"},"down":{"uv":[12.5,2.5,10,5],"texture":"#0"}}},{"from":[7.5,12,13],"to":[8.5,19,16],"rotation":{"angle":-22.5,"axis":"x","origin":[8,17,17]},"faces":{"north":{"uv":[4,11,4.5,14.5],"texture":"#0"},"east":{"uv":[10,5,11.5,8.5],"texture":"#0"},"south":{"uv":[4.5,11,5,14.5],"texture":"#0"},"west":{"uv":[10,8.5,11.5,12],"texture":"#0"},"up":{"uv":[7,12,6.5,10.5],"texture":"#0"},"down":{"uv":[7.5,10.5,7,12],"texture":"#0"}}},{"from":[6.5,13,9],"to":[9.5,20,14],"rotation":{"angle":0,"axis":"y","origin":[1.5,2,1]},"faces":{"north":{"uv":[5,10.5,6.5,14],"texture":"#0"},"east":{"uv":[7.5,0,10,3.5],"texture":"#0"},"south":{"uv":[2.5,11,4,14.5],"texture":"#0"},"west":{"uv":[2.5,7.5,5,11],"texture":"#0"},"up":{"uv":[14,2.5,12.5,0],"texture":"#0"},"down":{"uv":[14,2.5,12.5,5],"texture":"#0"}}},{"from":[6.5,22,12],"to":[9.5,28,15],"rotation":{"angle":45,"axis":"y","origin":[8,24.5,13.5]},"faces":{"north":{"uv":[11.5,5,13,8],"texture":"#0"},"east":{"uv":[11.5,8,13,11],"texture":"#0"},"south":{"uv":[11.5,11,13,14],"texture":"#0"},"west":{"uv":[10,12,11.5,15],"texture":"#0"},"up":{"uv":[8,14,6.5,12.5],"texture":"#0"},"down":{"uv":[9.5,12.5,8,14],"texture":"#0"}}},{"from":[4.25,12.75,13],"to":[9.25,18.75,14],"rotation":{"angle":-45,"axis":"z","origin":[4,16.5,13.5]},"faces":{"north":{"uv":[7.5,3.5,10,6.5],"texture":"#0"},"east":{"uv":[9.5,12.5,10,15.5],"texture":"#0"},"south":{"uv":[5,7.5,7.5,10.5],"texture":"#0"},"west":{"uv":[13,5,13.5,8],"texture":"#0"},"up":{"uv":[16,5.5,13.5,5],"texture":"#0"},"down":{"uv":[16,5.5,13.5,6],"texture":"#0"}}},{"from":[6.75,12.75,13],"to":[11.75,18.75,14],"rotation":{"angle":45,"axis":"z","origin":[12,16.5,13.5]},"faces":{"north":{"uv":[7.5,6.5,10,9.5],"texture":"#0"},"east":{"uv":[13,8,13.5,11],"texture":"#0"},"south":{"uv":[7.5,9.5,10,12.5],"texture":"#0"},"west":{"uv":[13,11,13.5,14],"texture":"#0"},"up":{"uv":[16,6.5,13.5,6],"texture":"#0"},"down":{"uv":[16,6.5,13.5,7],"texture":"#0"}}}]}