{"display":{"thirdperson_righthand":{"rotation":[-90,0,0],"translation":[0,-1.75,1.25],"scale":[0.6,0.6,0.6]},"thirdperson_lefthand":{"rotation":[-90,0,0],"translation":[0,-1.75,1.25],"scale":[0.6,0.6,0.6]},"firstperson_righthand":{"rotation":[-60,7,0],"translation":[0.75,2.75,2.5],"scale":[0.4,0.4,0.4]},"firstperson_lefthand":{"rotation":[-60,7,0],"translation":[0.75,2.75,2.5],"scale":[0.4,0.4,0.4]},"ground":{"translation":[0,3,0],"scale":[0.25,0.25,0.25]},"gui":{"rotation":[87.31,41.94,-88.23],"translation":[-0.75,-0.75,0],"scale":[0.47,0.47,0.47]},"fixed":{"rotation":[0,90,0],"translation":[0,-1,-1.5],"scale":[0.6,0.6,0.6]}},"texture_size":[64,64],"textures":{"0":"crates/space_crate/shooting_star_bow","particle":"crates/space_crate/shooting_star_bow"},"elements":[{"from":[6.9,9.9,3.9],"to":[9.1,12.1,12.1],"rotation":{"angle":0,"axis":"y","origin":[7.5,5,7]},"faces":{"north":{"uv":[9,2,9.5,2.5],"texture":"#0"},"east":{"uv":[7,2,9,2.5],"texture":"#0"},"south":{"uv":[11.5,2,12,2.5],"texture":"#0"},"west":{"uv":[9.5,2,11.5,2.5],"texture":"#0"},"up":{"uv":[9.5,2,9,0],"texture":"#0"},"down":{"uv":[10,0,9.5,2],"texture":"#0"}}},{"from":[7,9.39942,-1.92599],"to":[9,11.39942,5.07401],"rotation":{"angle":22.5,"axis":"x","origin":[7.5,11,4]},"faces":{"north":{"uv":[13,4.5,12.5,4],"rotation":180,"texture":"#0"},"east":{"uv":[12,4.5,12.5,6.25],"rotation":90,"texture":"#0"},"south":{"uv":[13.5,4,13,4.5],"texture":"#0"},"west":{"uv":[13,4.5,13.5,6.25],"rotation":270,"texture":"#0"},"up":{"uv":[13.5,4.5,14,6.25],"texture":"#0"},"down":{"uv":[12.5,4.5,13,6.25],"rotation":180,"texture":"#0"}}},{"from":[8.5,-5.14855,-9.04985],"to":[8.5,5.98016,-3.04985],"rotation":{"angle":22.5,"axis":"x","origin":[7.5,11,4]},"faces":{"north":{"uv":[1.75,8.53218,1.75,5.75],"rotation":180,"texture":"#0"},"east":{"uv":[4.53218,8.5,1.75,7],"rotation":90,"texture":"#0"},"south":{"uv":[1.25,5.75,1.25,8.53218],"texture":"#0"},"west":{"uv":[2.78218,8.5,0,7],"rotation":270,"texture":"#0"},"up":{"uv":[3,8.5,3,7],"texture":"#0"},"down":{"uv":[1.25,8.5,1.25,7],"rotation":180,"texture":"#0"}}},{"from":[6.5,13.83579,-2.92893],"to":[9.5,15.83579,0.07107],"rotation":{"angle":0,"axis":"x","origin":[7.5,11,4]},"faces":{"north":{"uv":[1.25,4.5,0.5,4],"rotation":180,"texture":"#0"},"east":{"uv":[0,4.5,0.5,5.25],"rotation":90,"texture":"#0"},"south":{"uv":[2,4,1.25,4.5],"texture":"#0"},"west":{"uv":[1.25,4.5,1.75,5.25],"rotation":270,"texture":"#0"},"up":{"uv":[1.75,4.5,2.5,5.25],"texture":"#0"},"down":{"uv":[0.5,4.5,1.25,5.25],"rotation":180,"texture":"#0"}}},{"from":[6.5,10.83579,-4.92893],"to":[9.5,13.83579,0.07107],"rotation":{"angle":0,"axis":"x","origin":[7.5,11,4]},"faces":{"north":{"uv":[12,12,11.25,11.25],"rotation":180,"texture":"#0"},"east":{"uv":[10.5,12,11.25,13.25],"rotation":90,"texture":"#0"},"south":{"uv":[12.75,11.25,12,12],"texture":"#0"},"west":{"uv":[12,12,12.75,13.25],"rotation":270,"texture":"#0"},"up":{"uv":[12.75,12,13.5,13.25],"texture":"#0"},"down":{"uv":[11.25,12,12,13.25],"rotation":180,"texture":"#0"}}},{"from":[6.9,5.54942,-4.02599],"to":[9.1,10.74942,-1.82599],"rotation":{"angle":22.5,"axis":"x","origin":[7.5,11,4]},"faces":{"north":{"uv":[12.25,8.75,11.75,7.5],"rotation":180,"texture":"#0"},"east":{"uv":[10.5,8.75,11.75,9.25],"rotation":90,"texture":"#0"},"south":{"uv":[12.75,7.5,12.25,8.75],"texture":"#0"},"west":{"uv":[12.25,8.75,13.5,9.25],"rotation":270,"texture":"#0"},"up":{"uv":[13.5,8.75,14,9.25],"texture":"#0"},"down":{"uv":[11.75,8.75,12.25,9.25],"rotation":180,"texture":"#0"}}},{"from":[7,11.40687,-8.97374],"to":[9,13.40687,-3.97374],"rotation":{"angle":-22.5,"axis":"x","origin":[7.5,11,4]},"faces":{"north":{"uv":[11.25,1.25,11.75,1.75],"texture":"#0"},"east":{"uv":[10,1.25,11.25,1.75],"texture":"#0"},"south":{"uv":[13,1.25,13.5,1.75],"texture":"#0"},"west":{"uv":[11.75,1.25,13,1.75],"texture":"#0"},"up":{"uv":[11.75,1.25,11.25,0],"texture":"#0"},"down":{"uv":[12.25,0,11.75,1.25],"texture":"#0"}}},{"from":[7.5,-5.14855,-9.04985],"to":[7.5,5.98016,-3.04985],"rotation":{"angle":22.5,"axis":"x","origin":[7.5,11,4]},"faces":{"north":{"uv":[1.75,8.53218,1.75,5.75],"rotation":180,"texture":"#0"},"east":{"uv":[0,8.5,2.78218,7],"rotation":90,"texture":"#0"},"south":{"uv":[1.25,5.75,1.25,8.53218],"texture":"#0"},"west":{"uv":[1.75,8.5,4.53218,7],"rotation":270,"texture":"#0"},"up":{"uv":[3,8.5,3,7],"texture":"#0"},"down":{"uv":[1.25,8.5,1.25,7],"rotation":180,"texture":"#0"}}},{"from":[8,-8.60058,-7.92599],"to":[8,12.39942,6.07401],"rotation":{"angle":22.5,"axis":"x","origin":[7.5,11,4]},"faces":{"north":{"uv":[5.25,8.75,5.25,3.5],"rotation":180,"texture":"#0"},"east":{"uv":[0,8.75,5.25,12.25],"rotation":90,"texture":"#0"},"south":{"uv":[5.25,3.5,5.25,8.75],"texture":"#0"},"west":{"uv":[5.25,8.75,10.5,12.25],"rotation":270,"texture":"#0"},"up":{"uv":[10.5,8.75,10.5,12.25],"texture":"#0"},"down":{"uv":[5.25,8.75,5.25,12.25],"rotation":180,"texture":"#0"}}},{"from":[7,9.39942,10.92599],"to":[9,11.39942,17.92599],"rotation":{"angle":-22.5,"axis":"x","origin":[7.5,11,12]},"faces":{"north":{"uv":[13.5,4.5,13,4],"rotation":180,"texture":"#0"},"east":{"uv":[12.5,4.5,12,6.25],"rotation":270,"texture":"#0"},"south":{"uv":[13,4,12.5,4.5],"texture":"#0"},"west":{"uv":[13.5,4.5,13,6.25],"rotation":90,"texture":"#0"},"up":{"uv":[14,4.5,13.5,6.25],"rotation":180,"texture":"#0"},"down":{"uv":[13,4.5,12.5,6.25],"texture":"#0"}}},{"from":[8.5,-5.14855,19.04985],"to":[8.5,5.98016,25.04985],"rotation":{"angle":-22.5,"axis":"x","origin":[7.5,11,12]},"faces":{"north":{"uv":[1.25,8.53218,1.25,5.75],"rotation":180,"texture":"#0"},"east":{"uv":[1.75,8.5,4.53218,7],"rotation":270,"texture":"#0"},"south":{"uv":[1.75,5.75,1.75,8.53218],"texture":"#0"},"west":{"uv":[0,8.5,2.78218,7],"rotation":90,"texture":"#0"},"up":{"uv":[3,8.5,3,7],"rotation":180,"texture":"#0"},"down":{"uv":[1.25,8.5,1.25,7],"texture":"#0"}}},{"from":[6.5,10.83579,15.92893],"to":[9.5,13.83579,20.92893],"rotation":{"angle":0,"axis":"x","origin":[7.5,11,12]},"faces":{"north":{"uv":[12.75,12,12,11.25],"rotation":180,"texture":"#0"},"east":{"uv":[11.25,12,10.5,13.25],"rotation":270,"texture":"#0"},"south":{"uv":[12,11.25,11.25,12],"texture":"#0"},"west":{"uv":[12.75,12,12,13.25],"rotation":90,"texture":"#0"},"up":{"uv":[13.5,12,12.75,13.25],"rotation":180,"texture":"#0"},"down":{"uv":[12,12,11.25,13.25],"texture":"#0"}}},{"from":[6.5,13.83579,15.92893],"to":[9.5,15.83579,18.92893],"rotation":{"angle":0,"axis":"x","origin":[7.5,11,12]},"faces":{"north":{"uv":[2,4.5,1.25,4],"rotation":180,"texture":"#0"},"east":{"uv":[0.5,4.5,0,5.25],"rotation":270,"texture":"#0"},"south":{"uv":[1.25,4,0.5,4.5],"texture":"#0"},"west":{"uv":[1.75,4.5,1.25,5.25],"rotation":90,"texture":"#0"},"up":{"uv":[2.5,4.5,1.75,5.25],"rotation":180,"texture":"#0"},"down":{"uv":[1.25,4.5,0.5,5.25],"texture":"#0"}}},{"from":[6.9,5.54942,17.82599],"to":[9.1,10.74942,20.02599],"rotation":{"angle":-22.5,"axis":"x","origin":[7.5,11,12]},"faces":{"north":{"uv":[12.75,8.75,12.25,7.5],"rotation":180,"texture":"#0"},"east":{"uv":[11.75,8.75,10.5,9.25],"rotation":270,"texture":"#0"},"south":{"uv":[12.25,7.5,11.75,8.75],"texture":"#0"},"west":{"uv":[13.5,8.75,12.25,9.25],"rotation":90,"texture":"#0"},"up":{"uv":[14,8.75,13.5,9.25],"rotation":180,"texture":"#0"},"down":{"uv":[12.25,8.75,11.75,9.25],"texture":"#0"}}},{"from":[7,11.40687,19.97374],"to":[9,13.40687,24.97374],"rotation":{"angle":22.5,"axis":"x","origin":[7.5,11,12]},"faces":{"north":{"uv":[13.5,1.25,13,1.75],"texture":"#0"},"east":{"uv":[11.25,1.25,10,1.75],"texture":"#0"},"south":{"uv":[11.75,1.25,11.25,1.75],"texture":"#0"},"west":{"uv":[13,1.25,11.75,1.75],"texture":"#0"},"up":{"uv":[11.75,0,11.25,1.25],"texture":"#0"},"down":{"uv":[12.25,1.25,11.75,0],"texture":"#0"}}},{"from":[7.5,-5.14855,19.04985],"to":[7.5,5.98016,25.04985],"rotation":{"angle":-22.5,"axis":"x","origin":[7.5,11,12]},"faces":{"north":{"uv":[1.25,8.53218,1.25,5.75],"rotation":180,"texture":"#0"},"east":{"uv":[2.78218,8.5,0,7],"rotation":270,"texture":"#0"},"south":{"uv":[1.75,5.75,1.75,8.53218],"texture":"#0"},"west":{"uv":[4.53218,8.5,1.75,7],"rotation":90,"texture":"#0"},"up":{"uv":[3,8.5,3,7],"rotation":180,"texture":"#0"},"down":{"uv":[1.25,8.5,1.25,7],"texture":"#0"}}},{"from":[8,-8.60058,9.92599],"to":[8,12.39942,23.92599],"rotation":{"angle":-22.5,"axis":"x","origin":[7.5,11,12]},"faces":{"north":{"uv":[5.25,8.75,5.25,3.5],"rotation":180,"texture":"#0"},"east":{"uv":[5.25,8.75,0,12.25],"rotation":270,"texture":"#0"},"south":{"uv":[5.25,3.5,5.25,8.75],"texture":"#0"},"west":{"uv":[10.5,8.75,5.25,12.25],"rotation":90,"texture":"#0"},"up":{"uv":[10.5,8.75,10.5,12.25],"rotation":180,"texture":"#0"},"down":{"uv":[5.25,8.75,5.25,12.25],"texture":"#0"}}},{"from":[7.5,-1,7],"to":[8.5,17,9],"rotation":{"angle":0,"axis":"y","origin":[8,3.89009,8]},"faces":{"north":{"uv":[11,3,11.25,7.5],"texture":"#0"},"east":{"uv":[10.5,3,11,7.5],"texture":"#0"},"south":{"uv":[11.75,3,12,7.5],"texture":"#0"},"west":{"uv":[11.25,3,11.75,7.5],"texture":"#0"},"up":{"uv":[11.25,3,11,2.5],"texture":"#0"},"down":{"uv":[11.5,2.5,11.25,3],"texture":"#0"}}},{"from":[6.5,-0.42128,9.31137],"to":[9.5,2.57872,12.31137],"rotation":{"angle":45,"axis":"x","origin":[8,3.89009,8]},"faces":{"north":{"uv":[3.25,13.25,4,14],"texture":"#0"},"east":{"uv":[2.5,13.25,3.25,14],"texture":"#0"},"south":{"uv":[4.75,13.25,5.5,14],"texture":"#0"},"west":{"uv":[4,13.25,4.75,14],"texture":"#0"},"up":{"uv":[4,13.25,3.25,12.5],"texture":"#0"},"down":{"uv":[4.75,12.5,4,13.25],"texture":"#0"}}},{"from":[8,-0.81807,1.58535],"to":[8,4.18193,9.58535],"rotation":{"angle":-22.5,"axis":"x","origin":[8,3.89009,8]},"faces":{"north":{"uv":[12,13.5,12,14.75],"texture":"#0"},"east":{"uv":[10,13.5,12,14.75],"texture":"#0"},"south":{"uv":[14,13.5,14,14.75],"texture":"#0"},"west":{"uv":[12,13.5,14,14.75],"texture":"#0"},"up":{"uv":[12,13.5,12,11.5],"texture":"#0"},"down":{"uv":[12,11.5,12,13.5],"texture":"#0"}}},{"from":[8,-3.29996,8.19005],"to":[8,4.70004,13.19005],"rotation":{"angle":45,"axis":"x","origin":[8,3.89009,8]},"faces":{"north":{"uv":[8.25,12.5,8.25,14.5],"texture":"#0"},"east":{"uv":[7,12.5,8.25,14.5],"texture":"#0"},"south":{"uv":[9.5,12.5,9.5,14.5],"texture":"#0"},"west":{"uv":[8.25,12.5,9.5,14.5],"texture":"#0"},"up":{"uv":[8.25,12.5,8.25,11.25],"texture":"#0"},"down":{"uv":[8.25,11.25,8.25,12.5],"texture":"#0"}}},{"from":[8,-3.29996,2.80995],"to":[8,4.70004,7.80995],"rotation":{"angle":-45,"axis":"x","origin":[8,3.89009,8]},"faces":{"north":{"uv":[9.5,12.5,9.5,14.5],"texture":"#0"},"east":{"uv":[8.25,12.5,7,14.5],"texture":"#0"},"south":{"uv":[8.25,12.5,8.25,14.5],"texture":"#0"},"west":{"uv":[9.5,12.5,8.25,14.5],"texture":"#0"},"up":{"uv":[8.25,11.25,8.25,12.5],"texture":"#0"},"down":{"uv":[8.25,12.5,8.25,11.25],"texture":"#0"}}},{"from":[8,-0.81807,6.41465],"to":[8,4.18193,14.41465],"rotation":{"angle":22.5,"axis":"x","origin":[8,3.89009,8]},"faces":{"north":{"uv":[14,13.5,14,14.75],"texture":"#0"},"east":{"uv":[12,13.5,10,14.75],"texture":"#0"},"south":{"uv":[12,13.5,12,14.75],"texture":"#0"},"west":{"uv":[14,13.5,12,14.75],"texture":"#0"},"up":{"uv":[12,11.5,12,13.5],"texture":"#0"},"down":{"uv":[12,13.5,12,11.5],"texture":"#0"}}},{"from":[8,14,4],"to":[8,22,12],"rotation":{"angle":0,"axis":"y","origin":[8,3.89009,8]},"faces":{"north":{"uv":[2,2,2,4],"texture":"#0"},"east":{"uv":[0,2,2,4],"texture":"#0"},"south":{"uv":[4,2,4,4],"texture":"#0"},"west":{"uv":[2,2,4,4],"texture":"#0"},"up":{"uv":[2,2,2,0],"texture":"#0"},"down":{"uv":[2,0,2,2],"texture":"#0"}}},{"from":[6.5,10.5,6.5],"to":[7.5,11.5,9.5],"rotation":{"angle":0,"axis":"y","origin":[7,5,7]},"faces":{"north":{"uv":[7,5,7.25,5.25],"texture":"#0"},"east":{"uv":[6.25,5,7,5.25],"texture":"#0"},"south":{"uv":[8,5,8.25,5.25],"texture":"#0"},"west":{"uv":[7.25,5,8,5.25],"texture":"#0"},"up":{"uv":[7.25,5,7,4.25],"texture":"#0"},"down":{"uv":[7.5,4.25,7.25,5],"texture":"#0"}}},{"from":[6.4,10.15,6.15],"to":[7.6,11.35,7.35],"rotation":{"angle":45,"axis":"x","origin":[7,11,7]},"faces":{"north":{"uv":[4.75,1.25,5,1.5],"texture":"#0"},"east":{"uv":[4.5,1.25,4.75,1.5],"texture":"#0"},"south":{"uv":[5.25,1.25,5.5,1.5],"texture":"#0"},"west":{"uv":[5,1.25,5.25,1.5],"texture":"#0"},"up":{"uv":[5,1.25,4.75,1],"texture":"#0"},"down":{"uv":[5.25,1,5,1.25],"texture":"#0"}}},{"from":[6.4,10.15,8.65],"to":[7.6,11.35,9.85],"rotation":{"angle":-45,"axis":"x","origin":[7,11,9]},"faces":{"north":{"uv":[2.25,4.25,2.5,4.5],"texture":"#0"},"east":{"uv":[2,4.25,2.25,4.5],"texture":"#0"},"south":{"uv":[2.75,4.25,3,4.5],"texture":"#0"},"west":{"uv":[2.5,4.25,2.75,4.5],"texture":"#0"},"up":{"uv":[2.5,4.25,2.25,4],"texture":"#0"},"down":{"uv":[2.75,4,2.5,4.25],"texture":"#0"}}},{"from":[8.4,10.15,6.15],"to":[9.6,11.35,7.35],"rotation":{"angle":45,"axis":"x","origin":[9,11,7]},"faces":{"north":{"uv":[0.25,0.75,0.5,1],"texture":"#0"},"east":{"uv":[0,0.75,0.25,1],"texture":"#0"},"south":{"uv":[0.75,0.75,1,1],"texture":"#0"},"west":{"uv":[0.5,0.75,0.75,1],"texture":"#0"},"up":{"uv":[0.5,0.75,0.25,0.5],"texture":"#0"},"down":{"uv":[0.75,0.5,0.5,0.75],"texture":"#0"}}},{"from":[8.5,10.5,6.5],"to":[9.5,11.5,9.5],"rotation":{"angle":0,"axis":"y","origin":[9,5,7]},"faces":{"north":{"uv":[3.25,5,3.5,5.25],"texture":"#0"},"east":{"uv":[2.5,5,3.25,5.25],"texture":"#0"},"south":{"uv":[4.25,5,4.5,5.25],"texture":"#0"},"west":{"uv":[3.5,5,4.25,5.25],"texture":"#0"},"up":{"uv":[3.5,5,3.25,4.25],"texture":"#0"},"down":{"uv":[3.75,4.25,3.5,5],"texture":"#0"}}},{"from":[8.4,10.15,8.65],"to":[9.6,11.35,9.85],"rotation":{"angle":-45,"axis":"x","origin":[9,11,9]},"faces":{"north":{"uv":[0.25,0.25,0.5,0.5],"texture":"#0"},"east":{"uv":[0,0.25,0.25,0.5],"texture":"#0"},"south":{"uv":[0.75,0.25,1,0.5],"texture":"#0"},"west":{"uv":[0.5,0.25,0.75,0.5],"texture":"#0"},"up":{"uv":[0.5,0.25,0.25,0],"texture":"#0"},"down":{"uv":[0.75,0,0.5,0.25],"texture":"#0"}}},{"from":[6.5,9.5,4],"to":[9.5,12.5,5],"rotation":{"angle":0,"axis":"y","origin":[7,5,7]},"faces":{"north":{"uv":[7,0.25,7.75,1],"texture":"#0"},"east":{"uv":[6.75,0.25,7,1],"texture":"#0"},"south":{"uv":[8,0.25,8.75,1],"texture":"#0"},"west":{"uv":[7.75,0.25,8,1],"texture":"#0"},"up":{"uv":[7.75,0.25,7,0],"texture":"#0"},"down":{"uv":[8.5,0,7.75,0.25],"texture":"#0"}}},{"from":[6.5,9.5,11],"to":[9.5,12.5,12],"rotation":{"angle":0,"axis":"y","origin":[7,5,9]},"faces":{"north":{"uv":[8.75,0.25,8,1],"texture":"#0"},"east":{"uv":[7,0.25,6.75,1],"texture":"#0"},"south":{"uv":[7.75,0.25,7,1],"texture":"#0"},"west":{"uv":[8,0.25,7.75,1],"texture":"#0"},"up":{"uv":[7.75,0,7,0.25],"texture":"#0"},"down":{"uv":[8.5,0.25,7.75,0],"texture":"#0"}}}]}