{"display":{"thirdperson_righthand":{"rotation":[75,45,0],"translation":[0,2.5,2.5],"scale":[0.375,0.375,0.375]},"thirdperson_lefthand":{"rotation":[75,45,0],"translation":[0,2.5,2.5],"scale":[0.375,0.375,0.375]},"firstperson_righthand":{"rotation":[0,124,0],"translation":[1.75,5.25,0],"scale":[0.4,0.4,0.4]},"firstperson_lefthand":{"rotation":[0,124,0],"translation":[1.75,5.25,0],"scale":[0.4,0.4,0.4]},"ground":{"translation":[0,3,0],"scale":[0.65,0.65,0.65]},"gui":{"rotation":[30,225,0],"translation":[0,2.75,0],"scale":[0.925,0.925,0.925]},"head":{"translation":[0,7.5,0],"scale":[1.75,1.75,1.75]},"fixed":{"translation":[0,4.25,-2.75]}},"texture_size":[64,64],"textures":{"0":"crates/space_crate/spacex_helmet","particle":"crates/space_crate/spacex_helmet"},"elements":[{"from":[3,1,8.5],"to":[13,9,12.5],"rotation":{"angle":0,"axis":"y","origin":[4,-1,0]},"faces":{"north":{"uv":[0,0,2.5,2],"texture":"#0"},"east":{"uv":[2.5,6.25,3.5,8.25],"texture":"#0"},"south":{"uv":[0,2,2.5,4],"texture":"#0"},"west":{"uv":[3.5,6.25,4.5,8.25],"texture":"#0"},"up":{"uv":[4.75,6.25,2.25,5.25],"texture":"#0"},"down":{"uv":[2.5,6.25,0,7.25],"texture":"#0"}}},{"from":[3.5,1.5,3.5],"to":[12.5,8.5,9.5],"rotation":{"angle":0,"axis":"y","origin":[3.5,-1,0]},"faces":{"north":{"uv":[2.5,3.5,4.75,5.25],"texture":"#0"},"east":{"uv":[5,1.5,6.5,3.25],"texture":"#0"},"south":{"uv":[0,4,2.25,5.75],"texture":"#0"},"west":{"uv":[4.75,5,6.25,6.75],"texture":"#0"},"up":{"uv":[7,5,4.75,3.5],"texture":"#0"},"down":{"uv":[7.25,0,5,1.5],"texture":"#0"}}},{"from":[3.1,0.35,3.35],"to":[12.9,3.15,10.15],"rotation":{"angle":-22.5,"axis":"x","origin":[8.5,1.5,7.5]},"faces":{"north":{"uv":[6.25,5,8.75,5.75],"texture":"#0"},"east":{"uv":[6.5,1.5,8.25,2.25],"texture":"#0"},"south":{"uv":[6.25,5.75,8.75,6.5],"texture":"#0"},"west":{"uv":[6.5,2.25,8.25,3],"texture":"#0"},"up":{"uv":[5,1.75,2.5,0],"texture":"#0"},"down":{"uv":[5,1.75,2.5,3.5],"texture":"#0"}}}]}