{"display":{"thirdperson_righthand":{"rotation":[75,45,0],"translation":[0,2.5,0],"scale":[0.375,0.375,0.375]},"thirdperson_lefthand":{"rotation":[75,45,0],"translation":[0,2.5,0],"scale":[0.375,0.375,0.375]},"firstperson_righthand":{"rotation":[0,104,0],"translation":[1.25,5.25,0],"scale":[0.4,0.4,0.4]},"firstperson_lefthand":{"rotation":[0,104,0],"translation":[1.25,5.25,0],"scale":[0.4,0.4,0.4]},"ground":{"translation":[0,3,0],"scale":[0.45,0.45,0.45]},"gui":{"rotation":[30,225,0],"translation":[-0.75,2.25,0],"scale":[0.825,0.825,0.825]},"head":{"translation":[0,-30.25,-1.75],"scale":[1.6,1.6,1.6]},"fixed":{"translation":[0,2.75,0]}},"texture_size":[64,64],"textures":{"0":"festivals/spring/bird_house","particle":"festivals/spring/bird_house"},"elements":[{"from":[3.5,0,3],"to":[12.5,7,15],"rotation":{"angle":0,"axis":"y","origin":[8.5,0,-1]},"faces":{"north":{"uv":[0,7,2.25,8.75],"texture":"#0"},"east":{"uv":[4.5,4,7.5,5.75],"texture":"#0"},"south":{"uv":[7,0,9.25,1.75],"texture":"#0"},"west":{"uv":[4.5,5.75,7.5,7.5],"texture":"#0"},"up":{"uv":[2.25,7,0,4],"texture":"#0"},"down":{"uv":[4.5,4,2.25,7],"texture":"#0"}}},{"from":[7.71967,1,-3],"to":[8.71967,2,3],"rotation":{"angle":-45,"axis":"z","origin":[7.46967,1.5,-3]},"faces":{"north":{"uv":[7,3.75,7.25,4],"texture":"#0"},"east":{"uv":[7.5,6.75,9,7],"texture":"#0"},"south":{"uv":[4.25,7,4.5,7.25],"texture":"#0"},"west":{"uv":[7.5,7,9,7.25],"texture":"#0"},"up":{"uv":[8.25,5.25,8,3.75],"texture":"#0"},"down":{"uv":[7,8,6.75,9.5],"texture":"#0"}}},{"from":[6,7,3],"to":[10,9,15],"rotation":{"angle":0,"axis":"y","origin":[9,0,-1]},"faces":{"north":{"uv":[7.5,5.75,8.5,6.25],"texture":"#0"},"east":{"uv":[7.5,5.25,10.5,5.75],"texture":"#0"},"south":{"uv":[7.5,6.25,8.5,6.75],"texture":"#0"},"west":{"uv":[5.75,7.5,8.75,8],"texture":"#0"},"up":{"uv":[3.25,10,2.25,7],"texture":"#0"},"down":{"uv":[4.25,7,3.25,10],"texture":"#0"}}},{"from":[2.88645,4.49,1.99],"to":[4.90645,12.51,16.01],"rotation":{"angle":-45,"axis":"z","origin":[4.64645,6,8]},"faces":{"north":{"uv":[7,1.75,7.5,3.75],"texture":"#0"},"east":{"uv":[0,0,3.5,2],"texture":"#0"},"south":{"uv":[7.5,1.75,7,3.75],"texture":"#0"},"west":{"uv":[0,2,3.5,4],"texture":"#0"},"up":{"uv":[8,5.25,7.5,1.75],"texture":"#0"},"down":{"uv":[4.75,7.5,4.25,11],"texture":"#0"}}},{"from":[10.89645,4,2],"to":[12.89645,12,16],"rotation":{"angle":45,"axis":"z","origin":[10.64645,6,8]},"faces":{"north":{"uv":[5.75,8,6.25,10],"texture":"#0"},"east":{"uv":[3.5,0,7,2],"texture":"#0"},"south":{"uv":[6.25,8,5.75,10],"texture":"#0"},"west":{"uv":[3.5,2,7,4],"texture":"#0"},"up":{"uv":[5.25,11,4.75,7.5],"texture":"#0"},"down":{"uv":[5.75,7.5,5.25,11],"texture":"#0"}}},{"from":[7.5,10,7.5],"to":[8.5,19,10.5],"rotation":{"angle":0,"axis":"y","origin":[0.5,0,0]},"faces":{"north":{"uv":[10,10.25,10.25,12.5],"texture":"#0"},"east":{"uv":[8.5,10.25,9.25,12.5],"texture":"#0"},"south":{"uv":[10.25,10.25,10.5,12.5],"texture":"#0"},"west":{"uv":[9.25,10.25,10,12.5],"texture":"#0"},"up":{"uv":[10.5,10.25,10.75,11],"texture":"#0"},"down":{"uv":[10.5,11,10.75,11.75],"texture":"#0"}}}],"gui_light":"front"}