{"display":{"thirdperson_righthand":{"rotation":[75,45,0],"translation":[0,2.5,0],"scale":[0.375,0.375,0.375]},"thirdperson_lefthand":{"rotation":[75,45,0],"translation":[0,2.5,0],"scale":[0.375,0.375,0.375]},"firstperson_righthand":{"rotation":[0,45,0],"scale":[0.4,0.4,0.4]},"firstperson_lefthand":{"rotation":[0,225,0],"scale":[0.4,0.4,0.4]},"ground":{"translation":[0,3,0],"scale":[0.25,0.25,0.25]},"gui":{"rotation":[30,225,0],"scale":[0.625,0.625,0.625]},"head":{"translation":[0,-31,0],"scale":[1.6,1.6,1.6]},"fixed":{"scale":[0.5,0.5,0.5]}},"texture_size":[64,64],"textures":{"0":"festivals/spring/easter_egg_yellow","particle":"festivals/spring/easter_egg_yellow"},"elements":[{"from":[2.5,0,2],"to":[13.5,3,13],"rotation":{"angle":0,"axis":"y","origin":[8.5,0,3]},"faces":{"north":{"uv":[0,9,2.75,9.75],"texture":"#0"},"east":{"uv":[0,9,2.75,9.75],"texture":"#0"},"south":{"uv":[0,9,2.75,9.75],"texture":"#0"},"west":{"uv":[0,9,2.75,9.75],"texture":"#0"},"up":{"uv":[9.25,2.75,6.5,0],"texture":"#0"},"down":{"uv":[9.25,2.75,6.5,5.5],"texture":"#0"}}},{"from":[2.5,13,2],"to":[13.5,16,13],"rotation":{"angle":0,"axis":"y","origin":[8.5,16,3]},"faces":{"north":{"uv":[0,9.75,2.75,9],"texture":"#0"},"east":{"uv":[0,9.75,2.75,9],"texture":"#0"},"south":{"uv":[0,9.75,2.75,9],"texture":"#0"},"west":{"uv":[0,9.75,2.75,9],"texture":"#0"},"up":{"uv":[9.25,5.5,6.5,2.75],"texture":"#0"},"down":{"uv":[9.25,0,6.5,2.75],"texture":"#0"}}},{"from":[1.5,3,1],"to":[14.5,13,14],"rotation":{"angle":0,"axis":"y","origin":[8.5,0,3]},"faces":{"north":{"uv":[3.25,0,6.5,2.5],"texture":"#0"},"east":{"uv":[3.25,0,6.5,2.5],"texture":"#0"},"south":{"uv":[3.25,0,6.5,2.5],"texture":"#0"},"west":{"uv":[3.25,0,6.5,2.5],"texture":"#0"},"up":{"uv":[3.25,3.25,0,0],"texture":"#0"},"down":{"uv":[3.25,3.25,0,6.5],"texture":"#0"}}}]}