{"display":{"thirdperson_righthand":{"rotation":[75,45,0],"translation":[0,2.5,0],"scale":[0.375,0.375,0.375]},"thirdperson_lefthand":{"rotation":[75,45,0],"translation":[0,2.5,0],"scale":[0.375,0.375,0.375]},"firstperson_righthand":{"rotation":[0,45,0],"scale":[0.4,0.4,0.4]},"firstperson_lefthand":{"rotation":[0,225,0],"scale":[0.4,0.4,0.4]},"ground":{"translation":[0,3,0],"scale":[0.25,0.25,0.25]},"gui":{"rotation":[24,225,0],"translation":[0,-1.75,0],"scale":[0.625,0.625,0.625]},"head":{"translation":[0,-38.75,0],"scale":[0.5,0.5,0.5]},"fixed":{"translation":[0,-1.75,0],"scale":[0.8,0.8,0.8]}},"texture_size":[64,64],"textures":{"0":"festivals/spring/egg_lamp","particle":"festivals/spring/egg_lamp"},"elements":[{"from":[2,0,2],"to":[14,2,14],"rotation":{"angle":0,"axis":"y","origin":[7,0,0]},"faces":{"north":{"uv":[3,9.5,6,10],"texture":"#0","tintindex":0},"east":{"uv":[3,9.5,6,10],"texture":"#0","tintindex":0},"south":{"uv":[3,9.5,6,10],"texture":"#0","tintindex":0},"west":{"uv":[3,9.5,6,10],"texture":"#0","tintindex":0},"up":{"uv":[10,10,7,7],"texture":"#0","tintindex":0},"down":{"uv":[3,9.5,0,12.5],"texture":"#0","tintindex":0}}},{"from":[1,2,1],"to":[15,21,15],"rotation":{"angle":0,"axis":"y","origin":[7,0,0]},"faces":{"north":{"uv":[0,0,3.5,4.75],"texture":"#0","tintindex":0},"east":{"uv":[0,0,3.5,4.75],"texture":"#0","tintindex":0},"south":{"uv":[0,0,3.5,4.75],"texture":"#0","tintindex":0},"west":{"uv":[0,0,3.5,4.75],"texture":"#0","tintindex":0},"up":{"uv":[10.5,3.5,7,0],"texture":"#0","tintindex":0},"down":{"uv":[10.5,3.5,7,7],"texture":"#0","tintindex":0}}}]}