{"display":{"thirdperson_righthand":{"rotation":[75,45,0],"translation":[1.25,5.75,2],"scale":[0.375,0.375,0.375]},"thirdperson_lefthand":{"rotation":[75,45,0],"translation":[1.25,5.75,2],"scale":[0.375,0.375,0.375]},"firstperson_righthand":{"rotation":[0,122,0],"translation":[3,3.5,0],"scale":[0.4,0.4,0.4]},"firstperson_lefthand":{"rotation":[0,122,0],"translation":[3,3.5,0],"scale":[0.4,0.4,0.4]},"ground":{"translation":[0,3,0],"scale":[0.7,0.7,0.7]},"gui":{"rotation":[30,225,0],"translation":[0.25,0,0],"scale":[0.45,0.45,0.45]},"head":{"translation":[0,-30.5,0],"scale":[1.6,1.6,1.6]},"fixed":{"scale":[0.5,0.5,0.5]}},"texture_size":[128,128],"textures":{"0":"crates/retro/mario_kart","particle":"crates/retro/mario_kart"},"elements":[{"from":[4,2.5,3],"to":[12,5.5,11],"rotation":{"angle":0,"axis":"y","origin":[-2,-0.5,0]},"faces":{"north":{"uv":[5.75,1.5,6.75,1.875],"texture":"#0"},"east":{"uv":[5.75,1.875,6.75,2.25],"texture":"#0"},"south":{"uv":[5.75,5.75,6.75,6.125],"texture":"#0"},"west":{"uv":[1.625,5.875,2.625,6.25],"texture":"#0"},"up":{"uv":[1,4.625,0,3.625],"texture":"#0"},"down":{"uv":[4.625,2.25,3.625,3.25],"texture":"#0"}}},{"from":[2.5,1.5,0],"to":[13.5,3.5,10],"rotation":{"angle":0,"axis":"y","origin":[-2.5,-0.5,0]},"faces":{"north":{"uv":[6,5.25,7.375,5.5],"texture":"#0"},"east":{"uv":[6.75,5.75,8,6],"texture":"#0"},"south":{"uv":[6,5.5,7.375,5.75],"texture":"#0"},"west":{"uv":[6.75,6,8,6.25],"texture":"#0"},"up":{"uv":[1.375,1.25,0,0],"texture":"#0"},"down":{"uv":[1.375,1.25,0,2.5],"texture":"#0"}}},{"from":[0.5,1.5,-5],"to":[6.5,4.5,1],"rotation":{"angle":45,"axis":"y","origin":[1,3.5,-2.5]},"faces":{"north":{"uv":[6.75,6.25,7.5,6.625],"texture":"#0"},"east":{"uv":[6.75,6.625,7.5,7],"texture":"#0"},"south":{"uv":[0,6.875,0.75,7.25],"texture":"#0"},"west":{"uv":[6.875,0.75,7.625,1.125],"texture":"#0"},"up":{"uv":[1.875,5.375,1.125,4.625],"texture":"#0"},"down":{"uv":[5.5,3.25,4.75,4],"texture":"#0"}}},{"from":[9.5,1.5,-5],"to":[15.5,4.5,1],"rotation":{"angle":-45,"axis":"y","origin":[15,3.5,-2.5]},"faces":{"north":{"uv":[7.5,6.25,6.75,6.625],"texture":"#0"},"east":{"uv":[7.625,0.75,6.875,1.125],"texture":"#0"},"south":{"uv":[0.75,6.875,0,7.25],"texture":"#0"},"west":{"uv":[7.5,6.625,6.75,7],"texture":"#0"},"up":{"uv":[1.125,5.375,1.875,4.625],"texture":"#0"},"down":{"uv":[4.75,3.25,5.5,4],"texture":"#0"}}},{"from":[2.99,1.49,-9.01],"to":[13.01,5.51,0.01],"rotation":{"angle":0,"axis":"y","origin":[1.5,3.5,-2.5]},"faces":{"north":{"uv":[4.625,2.25,5.875,2.75],"texture":"#0"},"east":{"uv":[4.75,4,5.875,4.5],"texture":"#0"},"south":{"uv":[4.625,2.75,5.875,3.25],"texture":"#0"},"west":{"uv":[3.375,5.125,4.5,5.625],"texture":"#0"},"up":{"uv":[2.625,3.375,1.375,2.25],"texture":"#0"},"down":{"uv":[1.25,2.5,0,3.625],"texture":"#0"}}},{"from":[3,2,-8],"to":[13,5,1],"rotation":{"angle":-45,"axis":"x","origin":[8,4,-7.5]},"faces":{"north":{"uv":[5.75,0,7,0.375],"texture":"#0"},"east":{"uv":[5.75,0.75,6.875,1.125],"texture":"#0"},"south":{"uv":[5.75,0.375,7,0.75],"texture":"#0"},"west":{"uv":[5.75,1.125,6.875,1.5],"texture":"#0"},"up":{"uv":[2.625,1.125,1.375,0],"texture":"#0"},"down":{"uv":[2.625,1.125,1.375,2.25],"texture":"#0"}}},{"from":[7.5,8,-2],"to":[8.5,10,1],"rotation":{"angle":0,"axis":"y","origin":[7.5,4,-7.5]},"faces":{"north":{"uv":[4.625,3.25,4.75,3.5],"texture":"#0"},"east":{"uv":[7.375,8.25,7.75,8.5],"texture":"#0"},"south":{"uv":[6.5,3,6.625,3.25],"texture":"#0"},"west":{"uv":[7.75,8.25,8.125,8.5],"texture":"#0"},"up":{"uv":[1.375,3.375,1.25,3],"texture":"#0"},"down":{"uv":[1.125,6.875,1,7.25],"texture":"#0"}}},{"from":[6,7,1],"to":[10,11,2],"rotation":{"angle":45,"axis":"z","origin":[8,9,1.5]},"faces":{"north":{"uv":[7,0,7.5,0.5],"texture":"#0"},"east":{"uv":[1.25,2.5,1.375,3],"texture":"#0"},"south":{"uv":[1.625,7,2.125,7.5],"texture":"#0"},"west":{"uv":[4.5,7.5,4.625,8],"texture":"#0"},"up":{"uv":[7.875,5.75,7.375,5.625],"texture":"#0"},"down":{"uv":[8.5,6.125,8,6.25],"texture":"#0"}}},{"from":[-0.5,1.5,3],"to":[2.5,6.5,12],"rotation":{"angle":0,"axis":"y","origin":[18,-0.5,0]},"faces":{"north":{"uv":[4.125,6.125,4.5,6.75],"texture":"#0"},"east":{"uv":[2.25,4.5,3.375,5.125],"texture":"#0"},"south":{"uv":[2.125,7,2.5,7.625],"texture":"#0"},"west":{"uv":[3.375,4.5,4.5,5.125],"texture":"#0"},"up":{"uv":[0.375,6.875,0,5.75],"texture":"#0"},"down":{"uv":[0.75,5.75,0.375,6.875],"texture":"#0"}}},{"from":[13.5,1.5,3],"to":[16.5,6.5,12],"rotation":{"angle":0,"axis":"y","origin":[-2,-0.5,0]},"faces":{"north":{"uv":[7,4.25,7.375,4.875],"texture":"#0"},"east":{"uv":[4.5,4.5,5.625,5.125],"texture":"#0"},"south":{"uv":[6.625,7,7,7.625],"texture":"#0"},"west":{"uv":[0,4.625,1.125,5.25],"texture":"#0"},"up":{"uv":[1.125,6.875,0.75,5.75],"texture":"#0"},"down":{"uv":[5.75,5.75,5.375,6.875],"texture":"#0"}}},{"from":[5,1.5,12],"to":[11,9.5,22],"rotation":{"angle":0,"axis":"y","origin":[26,-0.5,0]},"faces":{"north":{"uv":[3.75,1.25,4.5,2.25],"texture":"#0"},"east":{"uv":[2.25,3.5,3.5,4.5],"texture":"#0"},"south":{"uv":[4.5,1.25,5.25,2.25],"texture":"#0"},"west":{"uv":[3.5,3.5,4.75,4.5],"texture":"#0"},"up":{"uv":[4.5,1.25,3.75,0],"texture":"#0"},"down":{"uv":[5.25,0,4.5,1.25],"texture":"#0"}}},{"from":[7,1.5,14],"to":[9,10.5,23],"rotation":{"angle":0,"axis":"y","origin":[26,-0.5,0]},"faces":{"north":{"uv":[4.625,6.75,4.875,7.875],"texture":"#0"},"east":{"uv":[2.625,0,3.75,1.125],"texture":"#0"},"south":{"uv":[0.75,6.875,1,8],"texture":"#0"},"west":{"uv":[2.625,1.125,3.75,2.25],"texture":"#0"},"up":{"uv":[4.125,8,3.875,6.875],"texture":"#0"},"down":{"uv":[5.125,6.875,4.875,8],"texture":"#0"}}},{"from":[1.5,6.5,18.75],"to":[5.5,10.5,27.75],"rotation":{"angle":-22.5,"axis":"x","origin":[6.5,4,19]},"faces":{"north":{"uv":[6.875,3.75,7.375,4.25],"texture":"#0"},"east":{"uv":[1.125,5.25,0,5.75],"texture":"#0"},"south":{"uv":[5.125,6.875,5.625,7.375],"texture":"#0"},"west":{"uv":[0,5.25,1.125,5.75],"texture":"#0"},"up":{"uv":[0,5.75,1.125,5.25],"rotation":90,"texture":"#0"},"down":{"uv":[1.125,5.75,0,5.25],"rotation":90,"texture":"#0"}}},{"from":[2.55,7,16],"to":[4.55,9,21],"rotation":{"angle":-45,"axis":"x","origin":[6.5,4,19]},"faces":{"north":{"uv":[1,4.25,1.25,4.5],"texture":"#0"},"east":{"uv":[3.625,3.25,4.25,3.5],"texture":"#0"},"south":{"uv":[1.625,5.375,1.875,5.625],"texture":"#0"},"west":{"uv":[5.875,3,6.5,3.25],"texture":"#0"},"up":{"uv":[1.25,4.25,1,3.625],"texture":"#0"},"down":{"uv":[3.125,7.375,2.875,8],"texture":"#0"}}},{"from":[4.55,7,16],"to":[6.55,9,18],"rotation":{"angle":-45,"axis":"x","origin":[6.5,4,19]},"faces":{"north":{"uv":[1.625,5.625,1.875,5.875],"texture":"#0"},"east":{"uv":[3.125,5.875,3.375,6.125],"texture":"#0"},"south":{"uv":[1.375,7.25,1.625,7.5],"texture":"#0"},"west":{"uv":[6,8.125,6.25,8.375],"texture":"#0"},"up":{"uv":[5.125,8.5,4.875,8.25],"texture":"#0"},"down":{"uv":[8.375,8.25,8.125,8.5],"texture":"#0"}}},{"from":[9.45,7,16],"to":[11.45,9,18],"rotation":{"angle":-45,"axis":"x","origin":[9.5,4,19]},"faces":{"north":{"uv":[1.875,5.625,1.625,5.875],"texture":"#0"},"east":{"uv":[6.25,8.125,6,8.375],"texture":"#0"},"south":{"uv":[1.625,7.25,1.375,7.5],"texture":"#0"},"west":{"uv":[3.375,5.875,3.125,6.125],"texture":"#0"},"up":{"uv":[4.875,8.5,5.125,8.25],"texture":"#0"},"down":{"uv":[8.125,8.25,8.375,8.5],"texture":"#0"}}},{"from":[11.45,7,16],"to":[13.45,9,21],"rotation":{"angle":-45,"axis":"x","origin":[9.5,4,19]},"faces":{"north":{"uv":[1.25,4.25,1,4.5],"texture":"#0"},"east":{"uv":[6.5,3,5.875,3.25],"texture":"#0"},"south":{"uv":[1.875,5.375,1.625,5.625],"texture":"#0"},"west":{"uv":[4.25,3.25,3.625,3.5],"texture":"#0"},"up":{"uv":[1,4.25,1.25,3.625],"texture":"#0"},"down":{"uv":[1,3.625,1.25,4.25],"texture":"#0"}}},{"from":[10.5,6.5,18.75],"to":[14.5,10.5,27.75],"rotation":{"angle":-22.5,"axis":"x","origin":[9.5,4,19]},"faces":{"north":{"uv":[7.375,3.75,6.875,4.25],"texture":"#0"},"east":{"uv":[1.125,5.25,0,5.75],"texture":"#0"},"south":{"uv":[5.625,6.875,5.125,7.375],"texture":"#0"},"west":{"uv":[0,5.25,1.125,5.75],"texture":"#0"},"up":{"uv":[0,5.25,1.125,5.75],"rotation":90,"texture":"#0"},"down":{"uv":[1.125,5.25,0,5.75],"rotation":90,"texture":"#0"}}},{"from":[4,2.75,10],"to":[12,12.75,13],"rotation":{"angle":22.5,"axis":"x","origin":[7.5,7.5,11.5]},"faces":{"north":{"uv":[2.625,2.25,3.625,3.5],"texture":"#0"},"east":{"uv":[5.625,4.5,6,5.75],"texture":"#0"},"south":{"uv":[1.25,3.375,2.25,4.625],"texture":"#0"},"west":{"uv":[5,5.625,5.375,6.875],"texture":"#0"},"up":{"uv":[6.875,2.625,5.875,2.25],"texture":"#0"},"down":{"uv":[6.875,2.625,5.875,3],"texture":"#0"}}},{"name":"octagon","from":[-2.01,1.45447,-2.26],"to":[1.01,3.54553,2.76],"rotation":{"angle":45,"axis":"x","origin":[0,2.5,0.25]},"faces":{"north":{"uv":[4.25,3.25,4.625,3.5],"texture":"#0"},"east":{"uv":[7.625,2.75,8.25,3],"texture":"#0"},"south":{"uv":[1.875,4.625,2.25,4.875],"texture":"#0"},"west":{"uv":[7.625,2.75,8.25,3],"texture":"#0"},"up":{"uv":[7.375,7.625,7,7],"texture":"#0"},"down":{"uv":[7.5,3,7.125,3.625],"texture":"#0"}}},{"name":"octagon","from":[-2,1.46447,-2.25],"to":[1,3.53553,2.75],"rotation":{"angle":0,"axis":"y","origin":[0,2.5,0.25]},"faces":{"north":{"uv":[1.875,4.875,2.25,5.125],"texture":"#0"},"east":{"uv":[7.375,7.625,8,7.875],"texture":"#0"},"south":{"uv":[5.5,3.75,5.875,4],"texture":"#0"},"west":{"uv":[7.75,4.75,8.375,5],"texture":"#0"},"up":{"uv":[0.375,7.875,0,7.25],"texture":"#0"},"down":{"uv":[0.75,7.25,0.375,7.875],"texture":"#0"}}},{"name":"octagon","from":[-2.02,-0.02,-0.80553],"to":[1.02,5.02,1.30553],"rotation":{"angle":45,"axis":"x","origin":[0,2.5,0.25]},"faces":{"north":{"uv":[1,7.25,1.375,7.875],"texture":"#0"},"east":{"uv":[0,7.875,0.25,8.5],"texture":"#0"},"south":{"uv":[7.25,1.5,7.625,2.125],"texture":"#0"},"west":{"uv":[0,7.875,0.25,8.5],"texture":"#0"},"up":{"uv":[7.375,0.75,7,0.5],"texture":"#0"},"down":{"uv":[8.5,0.375,8.125,0.625],"texture":"#0"}}},{"name":"octagon","from":[-2,0,-0.78553],"to":[1,5,1.28553],"rotation":{"angle":0,"axis":"y","origin":[0,2.5,0.25]},"faces":{"north":{"uv":[3.125,7.25,3.5,7.875],"texture":"#0"},"east":{"uv":[0.25,7.875,0.5,8.5],"texture":"#0"},"south":{"uv":[3.5,7.25,3.875,7.875],"texture":"#0"},"west":{"uv":[0.25,7.875,0.5,8.5],"texture":"#0"},"up":{"uv":[2.125,8.375,1.75,8.125],"texture":"#0"},"down":{"uv":[2.875,8.125,2.5,8.375],"texture":"#0"}}},{"name":"octagon","from":[-2.01,1.74736,12.99],"to":[2.01,4.25264,19.01],"rotation":{"angle":45,"axis":"x","origin":[0,3,16]},"faces":{"north":{"uv":[7.875,3,8.375,3.3125],"texture":"#0"},"east":{"uv":[7,4.875,7.75,5.1875],"texture":"#0"},"south":{"uv":[3.125,7.875,3.625,8.1875],"texture":"#0"},"west":{"uv":[7.375,3.625,8.125,3.9375],"texture":"#0"},"up":{"uv":[3.125,6.625,2.625,5.875],"texture":"#0"},"down":{"uv":[6.375,3.75,5.875,4.5],"texture":"#0"}}},{"name":"octagon","from":[-2,1.75736,13],"to":[2,4.24264,19],"rotation":{"angle":0,"axis":"y","origin":[0,3,16]},"faces":{"north":{"uv":[7.875,6.25,8.375,6.5625],"texture":"#0"},"east":{"uv":[7.375,4,8.125,4.3125],"texture":"#0"},"south":{"uv":[7.375,7.875,7.875,8.1875],"texture":"#0"},"west":{"uv":[7.375,4.375,8.125,4.6875],"texture":"#0"},"up":{"uv":[6.5,5.25,6,4.5],"texture":"#0"},"down":{"uv":[3.625,6.125,3.125,6.875],"texture":"#0"}}},{"name":"octagon","from":[-2.02,-0.02,14.73736],"to":[2.02,6.02,17.26264],"rotation":{"angle":45,"axis":"x","origin":[0,3,16]},"faces":{"north":{"uv":[3.625,6.125,4.125,6.875],"texture":"#0"},"east":{"uv":[2.5,7.375,2.8125,8.125],"texture":"#0"},"south":{"uv":[5.75,6.125,6.25,6.875],"texture":"#0"},"west":{"uv":[5.125,7.375,5.4375,8.125],"texture":"#0"},"up":{"uv":[8.375,8.1875,7.875,7.875],"texture":"#0"},"down":{"uv":[1,8,0.5,8.3125],"texture":"#0"}}},{"name":"octagon","from":[-2,0,14.75736],"to":[2,6,17.24264],"rotation":{"angle":0,"axis":"y","origin":[0,3,16]},"faces":{"north":{"uv":[1.625,6.25,2.125,7],"texture":"#0"},"east":{"uv":[5.5,7.375,5.8125,8.125],"texture":"#0"},"south":{"uv":[2.125,6.25,2.625,7],"texture":"#0"},"west":{"uv":[5.875,7.375,6.1875,8.125],"texture":"#0"},"up":{"uv":[8.5,2.0625,8,1.75],"texture":"#0"},"down":{"uv":[8.5,2.125,8,2.4375],"texture":"#0"}}},{"name":"octagon","from":[14.99,1.45447,-2.26],"to":[18.01,3.54553,2.76],"rotation":{"angle":45,"axis":"x","origin":[16,2.5,0.25]},"faces":{"north":{"uv":[4.625,3.25,4.25,3.5],"texture":"#0"},"east":{"uv":[8.25,2.75,7.625,3],"texture":"#0"},"south":{"uv":[2.25,4.625,1.875,4.875],"texture":"#0"},"west":{"uv":[8.25,2.5,7.625,2.75],"texture":"#0"},"up":{"uv":[7,7.625,7.375,7],"texture":"#0"},"down":{"uv":[7.125,3,7.5,3.625],"texture":"#0"}}},{"name":"octagon","from":[15,1.46447,-2.25],"to":[18,3.53553,2.75],"rotation":{"angle":0,"axis":"y","origin":[16,2.5,0.25]},"faces":{"north":{"uv":[2.25,4.875,1.875,5.125],"texture":"#0"},"east":{"uv":[8.375,4.75,7.75,5],"texture":"#0"},"south":{"uv":[5.875,3.75,5.5,4],"texture":"#0"},"west":{"uv":[8,7.625,7.375,7.875],"texture":"#0"},"up":{"uv":[0,7.875,0.375,7.25],"texture":"#0"},"down":{"uv":[0.375,7.25,0.75,7.875],"texture":"#0"}}},{"name":"octagon","from":[14.98,-0.02,-0.80553],"to":[18.02,5.02,1.30553],"rotation":{"angle":45,"axis":"x","origin":[16,2.5,0.25]},"faces":{"north":{"uv":[1.375,7.25,1,7.875],"texture":"#0"},"east":{"uv":[0.25,7.875,0,8.5],"texture":"#0"},"south":{"uv":[7.625,1.5,7.25,2.125],"texture":"#0"},"west":{"uv":[8,6.875,7.75,7.5],"texture":"#0"},"up":{"uv":[7,0.75,7.375,0.5],"texture":"#0"},"down":{"uv":[8.125,0.375,8.5,0.625],"texture":"#0"}}},{"name":"octagon","from":[15,0,-0.78553],"to":[18,5,1.28553],"rotation":{"angle":0,"axis":"y","origin":[16,2.5,0.25]},"faces":{"north":{"uv":[3.5,7.25,3.125,7.875],"texture":"#0"},"east":{"uv":[0.5,7.875,0.25,8.5],"texture":"#0"},"south":{"uv":[3.875,7.25,3.5,7.875],"texture":"#0"},"west":{"uv":[8.125,0,7.875,0.625],"texture":"#0"},"up":{"uv":[1.75,8.375,2.125,8.125],"texture":"#0"},"down":{"uv":[2.5,8.125,2.875,8.375],"texture":"#0"}}},{"name":"octagon","from":[13.99,1.74736,12.99],"to":[18.01,4.25264,19.01],"rotation":{"angle":45,"axis":"x","origin":[16,3,16]},"faces":{"north":{"uv":[8.375,3,7.875,3.3125],"texture":"#0"},"east":{"uv":[8.125,3.625,7.375,3.9375],"texture":"#0"},"south":{"uv":[3.625,7.875,3.125,8.1875],"texture":"#0"},"west":{"uv":[7.75,4.875,7,5.1875],"texture":"#0"},"up":{"uv":[2.625,6.625,3.125,5.875],"texture":"#0"},"down":{"uv":[5.875,3.75,6.375,4.5],"texture":"#0"}}},{"name":"octagon","from":[14,1.75736,13],"to":[18,4.24264,19],"rotation":{"angle":0,"axis":"y","origin":[16,3,16]},"faces":{"north":{"uv":[8.375,6.25,7.875,6.5625],"texture":"#0"},"east":{"uv":[8.125,4.375,7.375,4.6875],"texture":"#0"},"south":{"uv":[7.875,7.875,7.375,8.1875],"texture":"#0"},"west":{"uv":[8.125,4,7.375,4.3125],"texture":"#0"},"up":{"uv":[6,5.25,6.5,4.5],"texture":"#0"},"down":{"uv":[3.125,6.125,3.625,6.875],"texture":"#0"}}},{"name":"octagon","from":[10,1.50736,15.75],"to":[14,3.50736,17.75],"rotation":{"angle":45,"axis":"x","origin":[12,3.75736,17]},"faces":{"north":{"uv":[10.875,11.625,10.375,11.875],"texture":"#0"},"east":{"uv":[10.125,9.75,9.875,10],"texture":"#0"},"south":{"uv":[10.375,13.25,9.875,13.5],"texture":"#0"},"west":{"uv":[10.125,9.375,9.875,9.625],"texture":"#0"},"up":{"uv":[8.5,10.125,9,9.875],"texture":"#0"},"down":{"uv":[5.625,11.5,6.125,11.75],"texture":"#0"}}},{"name":"octagon","from":[13.98,-0.02,14.73736],"to":[18.02,6.02,17.26264],"rotation":{"angle":45,"axis":"x","origin":[16,3,16]},"faces":{"north":{"uv":[4.125,6.125,3.625,6.875],"texture":"#0"},"east":{"uv":[5.4375,7.375,5.125,8.125],"texture":"#0"},"south":{"uv":[6.25,6.125,5.75,6.875],"texture":"#0"},"west":{"uv":[2.8125,7.375,2.5,8.125],"texture":"#0"},"up":{"uv":[7.875,8.1875,8.375,7.875],"texture":"#0"},"down":{"uv":[0.5,8,1,8.3125],"texture":"#0"}}},{"name":"octagon","from":[14,0,14.75736],"to":[18,6,17.24264],"rotation":{"angle":0,"axis":"y","origin":[16,3,16]},"faces":{"north":{"uv":[2.125,6.25,1.625,7],"texture":"#0"},"east":{"uv":[6.1875,7.375,5.875,8.125],"texture":"#0"},"south":{"uv":[2.625,6.25,2.125,7],"texture":"#0"},"west":{"uv":[5.8125,7.375,5.5,8.125],"texture":"#0"},"up":{"uv":[8,2.0625,8.5,1.75],"texture":"#0"},"down":{"uv":[8,2.125,8.5,2.4375],"texture":"#0"}}}]}