{"display":{"thirdperson_righthand":{"rotation":[54,23,0],"translation":[0.5,-0.5,2.25],"scale":[0.6,0.6,0.6]},"thirdperson_lefthand":{"rotation":[54,23,0],"translation":[0.5,-0.5,2.25],"scale":[0.6,0.6,0.6]},"firstperson_righthand":{"rotation":[0,180,0],"translation":[-9,4.75,0],"scale":[0.6,0.6,0.6]},"firstperson_lefthand":{"rotation":[0,125,0],"translation":[0,4.75,2.25],"scale":[0.4,0.4,0.4]},"ground":{"rotation":[0,0,23],"translation":[0,3,0],"scale":[0.6,0.6,0.6]},"gui":{"rotation":[30,225,0],"translation":[-3.5,4.25,0],"scale":[1.3,1.3,1.3]},"fixed":{"rotation":[-22.5,0,0],"translation":[0,7.25,5.25],"scale":[2,2,2]}},"texture_size":[64,64],"textures":{"0":"crates/retro/mario_steering_wheel","particle":"crates/retro/mario_steering_wheel"},"elements":[{"from":[5.5,2,4],"to":[10.5,6,6],"rotation":{"angle":22.5,"axis":"x","origin":[8.5,6.5,9.5]},"faces":{"north":{"uv":[6.75,2.5,8,3.5],"texture":"#0"},"east":{"uv":[6,7.5,6.5,8.5],"texture":"#0"},"south":{"uv":[6.75,3.5,8,4.5],"texture":"#0"},"west":{"uv":[6.5,7.5,7,8.5],"texture":"#0"},"up":{"uv":[8.25,5.75,7,5.25],"texture":"#0"},"down":{"uv":[8.25,5.75,7,6.25],"texture":"#0"}}},{"from":[3.5,3,4],"to":[5.5,5,5],"rotation":{"angle":22.5,"axis":"x","origin":[8.5,6.5,9.5]},"faces":{"north":{"uv":[1,8,1.5,8.5],"texture":"#0"},"east":{"uv":[3,8,3.25,8.5],"texture":"#0"},"south":{"uv":[1.5,8,2,8.5],"texture":"#0"},"west":{"uv":[8,3,8.25,3.5],"texture":"#0"},"up":{"uv":[3.75,8.25,3.25,8],"texture":"#0"},"down":{"uv":[8.5,3.5,8,3.75],"texture":"#0"}}},{"from":[6.5,0,4],"to":[9.5,2,5],"rotation":{"angle":22.5,"axis":"x","origin":[8.5,6.5,9.5]},"faces":{"north":{"uv":[7,7.5,7.75,8],"texture":"#0"},"east":{"uv":[3.75,8,4,8.5],"texture":"#0"},"south":{"uv":[7.75,7.5,8.5,8],"texture":"#0"},"west":{"uv":[8,3.75,8.25,4.25],"texture":"#0"},"up":{"uv":[8.75,2.75,8,2.5],"texture":"#0"},"down":{"uv":[8.75,2.75,8,3],"texture":"#0"}}},{"from":[10.5,3,4],"to":[12.5,5,5],"rotation":{"angle":22.5,"axis":"x","origin":[7.5,6.5,9.5]},"faces":{"north":{"uv":[2,8,2.5,8.5],"texture":"#0"},"east":{"uv":[4,8,4.25,8.5],"texture":"#0"},"south":{"uv":[2.5,8,3,8.5],"texture":"#0"},"west":{"uv":[4.25,8,4.5,8.5],"texture":"#0"},"up":{"uv":[8.5,4.5,8,4.25],"texture":"#0"},"down":{"uv":[5,8,4.5,8.25],"texture":"#0"}}},{"from":[0,-3.5,5],"to":[16,12.5,5],"rotation":{"angle":22.5,"axis":"x","origin":[8,6.5,9.5]},"faces":{"north":{"uv":[0,0,4,4],"texture":"#0"},"east":{"uv":[0,0,0,4],"texture":"#0"},"south":{"uv":[0,0,4,4],"texture":"#0"},"west":{"uv":[0,0,0,4],"texture":"#0"},"up":{"uv":[4,0,0,0],"texture":"#0"},"down":{"uv":[4,0,0,0],"texture":"#0"}}},{"from":[6,-1.5,4.25],"to":[10,-1,4.75],"rotation":{"angle":22.5,"axis":"x","origin":[8,6.5,9.5]},"faces":{"north":{"uv":[1.5,3.375,2.5,3.5],"texture":"#0"},"east":{"uv":[1.5,3.375,2.5,3.5],"texture":"#0"},"south":{"uv":[1.5,3.375,2.5,3.5],"texture":"#0"},"west":{"uv":[1.5,3.375,2.5,3.5],"texture":"#0"},"up":{"uv":[2.5,3.375,1.5,3.5],"texture":"#0"},"down":{"uv":[2.5,3.375,1.5,3.5],"texture":"#0"}}},{"from":[5,-1,4.25],"to":[11,-0.5,4.75],"rotation":{"angle":22.5,"axis":"x","origin":[8,6.5,9.5]},"faces":{"north":{"uv":[1.5,3.375,2.5,3.5],"texture":"#0"},"east":{"uv":[1.5,3.375,2.5,3.5],"texture":"#0"},"south":{"uv":[1.5,3.375,2.5,3.5],"texture":"#0"},"west":{"uv":[1.5,3.375,2.5,3.5],"texture":"#0"},"up":{"uv":[2.5,3.375,1.5,3.5],"texture":"#0"},"down":{"uv":[2.5,3.375,1.5,3.5],"texture":"#0"}}},{"from":[7.5,-0.5,4.25],"to":[8.5,0,4.75],"rotation":{"angle":22.5,"axis":"x","origin":[8,6.5,9.5]},"faces":{"north":{"uv":[1.5,3.375,2.5,3.5],"texture":"#0"},"east":{"uv":[1.5,3.375,2.5,3.5],"texture":"#0"},"south":{"uv":[1.5,3.375,2.5,3.5],"texture":"#0"},"west":{"uv":[1.5,3.375,2.5,3.5],"texture":"#0"},"up":{"uv":[2.5,3.375,1.5,3.5],"texture":"#0"},"down":{"uv":[2.5,3.375,1.5,3.5],"texture":"#0"}}},{"from":[9.5,-0.5,4.25],"to":[11.5,0,4.75],"rotation":{"angle":22.5,"axis":"x","origin":[8,6.5,9.5]},"faces":{"north":{"uv":[1.5,3.375,2.5,3.5],"texture":"#0"},"east":{"uv":[1.5,3.375,2.5,3.5],"texture":"#0"},"south":{"uv":[1.5,3.375,2.5,3.5],"texture":"#0"},"west":{"uv":[1.5,3.375,2.5,3.5],"texture":"#0"},"up":{"uv":[2.5,3.375,1.5,3.5],"texture":"#0"},"down":{"uv":[2.5,3.375,1.5,3.5],"texture":"#0"}}},{"from":[10.5,0,4.25],"to":[12,0.5,4.75],"rotation":{"angle":22.5,"axis":"x","origin":[8,6.5,9.5]},"faces":{"north":{"uv":[1.5,3.375,2.5,3.5],"texture":"#0"},"east":{"uv":[1.5,3.375,2.5,3.5],"texture":"#0"},"south":{"uv":[1.5,3.375,2.5,3.5],"texture":"#0"},"west":{"uv":[1.5,3.375,2.5,3.5],"texture":"#0"},"up":{"uv":[2.5,3.375,1.5,3.5],"texture":"#0"},"down":{"uv":[2.5,3.375,1.5,3.5],"texture":"#0"}}},{"from":[11,0.5,4.25],"to":[12.5,1,4.75],"rotation":{"angle":22.5,"axis":"x","origin":[8,6.5,9.5]},"faces":{"north":{"uv":[1.5,3.375,2.5,3.5],"texture":"#0"},"east":{"uv":[1.5,3.375,2.5,3.5],"texture":"#0"},"south":{"uv":[1.5,3.375,2.5,3.5],"texture":"#0"},"west":{"uv":[1.5,3.375,2.5,3.5],"texture":"#0"},"up":{"uv":[2.5,3.375,1.5,3.5],"texture":"#0"},"down":{"uv":[2.5,3.375,1.5,3.5],"texture":"#0"}}},{"from":[11.5,1,4.25],"to":[13,1.5,4.75],"rotation":{"angle":22.5,"axis":"x","origin":[8,6.5,9.5]},"faces":{"north":{"uv":[1.5,3.375,2.5,3.5],"texture":"#0"},"east":{"uv":[1.5,3.375,2.5,3.5],"texture":"#0"},"south":{"uv":[1.5,3.375,2.5,3.5],"texture":"#0"},"west":{"uv":[1.5,3.375,2.5,3.5],"texture":"#0"},"up":{"uv":[2.5,3.375,1.5,3.5],"texture":"#0"},"down":{"uv":[2.5,3.375,1.5,3.5],"texture":"#0"}}},{"from":[12,1.5,4.25],"to":[13,2,4.75],"rotation":{"angle":22.5,"axis":"x","origin":[8,6.5,9.5]},"faces":{"north":{"uv":[1.5,3.375,2.5,3.5],"texture":"#0"},"east":{"uv":[1.5,3.375,2.5,3.5],"texture":"#0"},"south":{"uv":[1.5,3.375,2.5,3.5],"texture":"#0"},"west":{"uv":[1.5,3.375,2.5,3.5],"texture":"#0"},"up":{"uv":[2.5,3.375,1.5,3.5],"texture":"#0"},"down":{"uv":[2.5,3.375,1.5,3.5],"texture":"#0"}}},{"from":[12.5,2,4.25],"to":[13.5,5.5,4.75],"rotation":{"angle":22.5,"axis":"x","origin":[8,6.5,9.5]},"faces":{"north":{"uv":[0.625,1.75,0.875,2.625],"texture":"#0"},"east":{"uv":[0.625,1.75,0.75,2.625],"texture":"#0"},"south":{"uv":[0.625,1.75,0.875,2.625],"texture":"#0"},"west":{"uv":[0.75,1.75,0.875,2.625],"texture":"#0"},"up":{"uv":[0.875,1.75,0.625,2.625],"texture":"#0"},"down":{"uv":[0.875,1.75,0.625,2.625],"texture":"#0"}}},{"from":[2.5,2,4.25],"to":[3.5,5.5,4.75],"rotation":{"angle":22.5,"axis":"x","origin":[8,6.5,9.5]},"faces":{"north":{"uv":[3.125,1.75,3.375,2.625],"texture":"#0"},"east":{"uv":[3.125,1.75,3.25,2.625],"texture":"#0"},"south":{"uv":[3.125,1.75,3.375,2.625],"texture":"#0"},"west":{"uv":[3.25,1.75,3.375,2.625],"texture":"#0"},"up":{"uv":[3.375,1.75,3.125,2.625],"texture":"#0"},"down":{"uv":[3.375,1.75,3.125,2.625],"texture":"#0"}}},{"from":[3,1.5,4.25],"to":[4,2,4.75],"rotation":{"angle":22.5,"axis":"x","origin":[8,6.5,9.5]},"faces":{"north":{"uv":[1.5,3.375,2.5,3.5],"texture":"#0"},"east":{"uv":[1.5,3.375,2.5,3.5],"texture":"#0"},"south":{"uv":[1.5,3.375,2.5,3.5],"texture":"#0"},"west":{"uv":[1.5,3.375,2.5,3.5],"texture":"#0"},"up":{"uv":[2.5,3.375,1.5,3.5],"texture":"#0"},"down":{"uv":[2.5,3.375,1.5,3.5],"texture":"#0"}}},{"from":[3,1,4.25],"to":[4.5,1.5,4.75],"rotation":{"angle":22.5,"axis":"x","origin":[8,6.5,9.5]},"faces":{"north":{"uv":[1.5,3.375,2.5,3.5],"texture":"#0"},"east":{"uv":[1.5,3.375,2.5,3.5],"texture":"#0"},"south":{"uv":[1.5,3.375,2.5,3.5],"texture":"#0"},"west":{"uv":[1.5,3.375,2.5,3.5],"texture":"#0"},"up":{"uv":[2.5,3.375,1.5,3.5],"texture":"#0"},"down":{"uv":[2.5,3.375,1.5,3.5],"texture":"#0"}}},{"from":[3.5,0.5,4.25],"to":[5,1,4.75],"rotation":{"angle":22.5,"axis":"x","origin":[8,6.5,9.5]},"faces":{"north":{"uv":[1.5,3.375,2.5,3.5],"texture":"#0"},"east":{"uv":[1.5,3.375,2.5,3.5],"texture":"#0"},"south":{"uv":[1.5,3.375,2.5,3.5],"texture":"#0"},"west":{"uv":[1.5,3.375,2.5,3.5],"texture":"#0"},"up":{"uv":[2.5,3.375,1.5,3.5],"texture":"#0"},"down":{"uv":[2.5,3.375,1.5,3.5],"texture":"#0"}}},{"from":[4,0,4.25],"to":[5.5,0.5,4.75],"rotation":{"angle":22.5,"axis":"x","origin":[8,6.5,9.5]},"faces":{"north":{"uv":[1.5,3.375,2.5,3.5],"texture":"#0"},"east":{"uv":[1.5,3.375,2.5,3.5],"texture":"#0"},"south":{"uv":[1.5,3.375,2.5,3.5],"texture":"#0"},"west":{"uv":[1.5,3.375,2.5,3.5],"texture":"#0"},"up":{"uv":[2.5,3.375,1.5,3.5],"texture":"#0"},"down":{"uv":[2.5,3.375,1.5,3.5],"texture":"#0"}}},{"from":[4.5,-0.5,4.25],"to":[6.5,0,4.75],"rotation":{"angle":22.5,"axis":"x","origin":[8,6.5,9.5]},"faces":{"north":{"uv":[1.5,3.375,2.5,3.5],"texture":"#0"},"east":{"uv":[1.5,3.375,2.5,3.5],"texture":"#0"},"south":{"uv":[1.5,3.375,2.5,3.5],"texture":"#0"},"west":{"uv":[1.5,3.375,2.5,3.5],"texture":"#0"},"up":{"uv":[2.5,3.375,1.5,3.5],"texture":"#0"},"down":{"uv":[2.5,3.375,1.5,3.5],"texture":"#0"}}},{"from":[12,5.5,4.25],"to":[13,6,4.75],"rotation":{"angle":22.5,"axis":"x","origin":[8,6.5,9.5]},"faces":{"north":{"uv":[1.25,1,1.75,1.125],"texture":"#0"},"east":{"uv":[1.25,1,1.75,1.125],"texture":"#0"},"south":{"uv":[1.25,1,1.75,1.125],"texture":"#0"},"west":{"uv":[1.25,1,1.75,1.125],"texture":"#0"},"up":{"uv":[1.75,1,1.25,1.125],"texture":"#0"},"down":{"uv":[1.75,1,1.25,1.125],"texture":"#0"}}},{"from":[11.5,6,4.25],"to":[13,6.5,4.75],"rotation":{"angle":22.5,"axis":"x","origin":[8,6.5,9.5]},"faces":{"north":{"uv":[1.25,1,1.75,1.125],"texture":"#0"},"east":{"uv":[1.25,1,1.75,1.125],"texture":"#0"},"south":{"uv":[1.25,1,1.75,1.125],"texture":"#0"},"west":{"uv":[1.25,1,1.75,1.125],"texture":"#0"},"up":{"uv":[1.75,1,1.25,1.125],"texture":"#0"},"down":{"uv":[1.75,1,1.25,1.125],"texture":"#0"}}},{"from":[11,6.5,4.25],"to":[12.5,7,4.75],"rotation":{"angle":22.5,"axis":"x","origin":[8,6.5,9.5]},"faces":{"north":{"uv":[1.25,1,1.75,1.125],"texture":"#0"},"east":{"uv":[1.25,1,1.75,1.125],"texture":"#0"},"south":{"uv":[1.25,1,1.75,1.125],"texture":"#0"},"west":{"uv":[1.25,1,1.75,1.125],"texture":"#0"},"up":{"uv":[1.75,1,1.25,1.125],"texture":"#0"},"down":{"uv":[1.75,1,1.25,1.125],"texture":"#0"}}},{"from":[10.5,7,4.25],"to":[12,7.5,4.75],"rotation":{"angle":22.5,"axis":"x","origin":[8,6.5,9.5]},"faces":{"north":{"uv":[1.25,1,1.75,1.125],"texture":"#0"},"east":{"uv":[1.25,1,1.75,1.125],"texture":"#0"},"south":{"uv":[1.25,1,1.75,1.125],"texture":"#0"},"west":{"uv":[1.25,1,1.75,1.125],"texture":"#0"},"up":{"uv":[1.75,1,1.25,1.125],"texture":"#0"},"down":{"uv":[1.75,1,1.25,1.125],"texture":"#0"}}},{"from":[9.5,7.5,4.25],"to":[11.5,8,4.75],"rotation":{"angle":22.5,"axis":"x","origin":[8,6.5,9.5]},"faces":{"north":{"uv":[1.25,1,1.75,1.125],"texture":"#0"},"east":{"uv":[1.25,1,1.75,1.125],"texture":"#0"},"south":{"uv":[1.25,1,1.75,1.125],"texture":"#0"},"west":{"uv":[1.25,1,1.75,1.125],"texture":"#0"},"up":{"uv":[1.75,1,1.25,1.125],"texture":"#0"},"down":{"uv":[1.75,1,1.25,1.125],"texture":"#0"}}},{"from":[5,8,4.25],"to":[11,8.5,4.75],"rotation":{"angle":22.5,"axis":"x","origin":[8,6.5,9.5]},"faces":{"north":{"uv":[1.25,1,2.75,1.125],"texture":"#0"},"east":{"uv":[1.25,1,1.375,1.125],"texture":"#0"},"south":{"uv":[1.25,1,2.75,1.125],"texture":"#0"},"west":{"uv":[2.625,1,2.75,1.125],"texture":"#0"},"up":{"uv":[2.75,1,1.25,1.125],"texture":"#0"},"down":{"uv":[2.75,1,1.25,1.125],"texture":"#0"}}},{"from":[6,8.5,4.25],"to":[10,9,4.75],"rotation":{"angle":22.5,"axis":"x","origin":[8,6.5,9.5]},"faces":{"north":{"uv":[1.5,0.875,2.5,1],"texture":"#0"},"east":{"uv":[1.5,0.875,1.625,1],"texture":"#0"},"south":{"uv":[1.5,0.875,2.5,1],"texture":"#0"},"west":{"uv":[2.375,0.875,2.5,1],"texture":"#0"},"up":{"uv":[2.5,0.875,1.5,1],"texture":"#0"},"down":{"uv":[2.5,0.875,1.5,1],"texture":"#0"}}},{"from":[4.5,7.5,4.25],"to":[6.5,8,4.75],"rotation":{"angle":22.5,"axis":"x","origin":[8,6.5,9.5]},"faces":{"north":{"uv":[1.25,1,1.75,1.125],"texture":"#0"},"east":{"uv":[1.25,1,1.75,1.125],"texture":"#0"},"south":{"uv":[1.25,1,1.75,1.125],"texture":"#0"},"west":{"uv":[1.25,1,1.75,1.125],"texture":"#0"},"up":{"uv":[1.75,1,1.25,1.125],"texture":"#0"},"down":{"uv":[1.75,1,1.25,1.125],"texture":"#0"}}},{"from":[4,7,4.25],"to":[5.5,7.5,4.75],"rotation":{"angle":22.5,"axis":"x","origin":[8,6.5,9.5]},"faces":{"north":{"uv":[1.25,1,1.75,1.125],"texture":"#0"},"east":{"uv":[1.25,1,1.75,1.125],"texture":"#0"},"south":{"uv":[1.25,1,1.75,1.125],"texture":"#0"},"west":{"uv":[1.25,1,1.75,1.125],"texture":"#0"},"up":{"uv":[1.75,1,1.25,1.125],"texture":"#0"},"down":{"uv":[1.75,1,1.25,1.125],"texture":"#0"}}},{"from":[3.5,6.5,4.25],"to":[5,7,4.75],"rotation":{"angle":22.5,"axis":"x","origin":[8,6.5,9.5]},"faces":{"north":{"uv":[1.25,1,1.75,1.125],"texture":"#0"},"east":{"uv":[1.25,1,1.75,1.125],"texture":"#0"},"south":{"uv":[1.25,1,1.75,1.125],"texture":"#0"},"west":{"uv":[1.25,1,1.75,1.125],"texture":"#0"},"up":{"uv":[1.75,1,1.25,1.125],"texture":"#0"},"down":{"uv":[1.75,1,1.25,1.125],"texture":"#0"}}},{"from":[3,6,4.25],"to":[4.5,6.5,4.75],"rotation":{"angle":22.5,"axis":"x","origin":[8,6.5,9.5]},"faces":{"north":{"uv":[1.25,1,1.75,1.125],"texture":"#0"},"east":{"uv":[1.25,1,1.75,1.125],"texture":"#0"},"south":{"uv":[1.25,1,1.75,1.125],"texture":"#0"},"west":{"uv":[1.25,1,1.75,1.125],"texture":"#0"},"up":{"uv":[1.75,1,1.25,1.125],"texture":"#0"},"down":{"uv":[1.75,1,1.25,1.125],"texture":"#0"}}},{"from":[3,5.5,4.25],"to":[4,6,4.75],"rotation":{"angle":22.5,"axis":"x","origin":[8,6.5,9.5]},"faces":{"north":{"uv":[1.25,1,1.75,1.125],"texture":"#0"},"east":{"uv":[1.25,1,1.75,1.125],"texture":"#0"},"south":{"uv":[1.25,1,1.75,1.125],"texture":"#0"},"west":{"uv":[1.25,1,1.75,1.125],"texture":"#0"},"up":{"uv":[1.75,1,1.25,1.125],"texture":"#0"},"down":{"uv":[1.75,1,1.25,1.125],"texture":"#0"}}}],"gui_light":"front"}