{"display":{"thirdperson_righthand":{"rotation":[74,42,0],"translation":[0,4.25,3.75],"scale":[0.7,0.7,0.7]},"thirdperson_lefthand":{"rotation":[74,42,0],"translation":[0,4.25,3.75],"scale":[0.7,0.7,0.7]},"firstperson_righthand":{"rotation":[0,115,0],"translation":[0,7,0],"scale":[0.7,0.7,0.7]},"firstperson_lefthand":{"rotation":[0,115,0],"translation":[0,7,1.75],"scale":[0.7,0.7,0.7]},"ground":{"translation":[0,4.75,0],"scale":[0.7,0.7,0.7]},"gui":{"rotation":[30,-125,0],"translation":[-3.25,3.25,0],"scale":[0.65,0.65,0.65]},"head":{"translation":[0,-35,0]},"fixed":{"rotation":[-90,0,0],"translation":[0,4.5,-7.25]}},"texture_size":[32,32],"textures":{"0":"crates/retro/nes","particle":"crates/retro/nes"},"elements":[{"from":[3.5,0,5],"to":[12.5,3,13],"rotation":{"angle":0,"axis":"y","origin":[1.5,0,0]},"faces":{"north":{"uv":[5,8,9.5,9.5],"texture":"#0"},"east":{"uv":[9.5,1.5,13.5,3],"texture":"#0"},"south":{"uv":[9.5,0,14,1.5],"texture":"#0"},"west":{"uv":[9.5,3,13.5,4.5],"texture":"#0"},"up":{"uv":[9.5,4,5,0],"texture":"#0"},"down":{"uv":[9.5,4,5,8],"texture":"#0"}}},{"from":[2.5,0,-8],"to":[9.5,1,-5],"rotation":{"angle":0,"axis":"y","origin":[1.5,0,0]},"faces":{"north":{"uv":[9.5,6,13,6.5],"texture":"#0"},"east":{"uv":[8.5,9.5,10,10],"texture":"#0"},"south":{"uv":[9.5,6.5,13,7],"texture":"#0"},"west":{"uv":[9.5,9,11,9.5],"texture":"#0"},"up":{"uv":[13,6,9.5,4.5],"texture":"#0"},"down":{"uv":[8.5,9.5,5,11],"texture":"#0"}}},{"from":[3,0.5,-7.75],"to":[4,1.5,-6.75],"rotation":{"angle":0,"axis":"y","origin":[1.5,0,0]},"faces":{"north":{"uv":[0,10.5,0.5,11],"texture":"#0"},"east":{"uv":[0.5,10.5,1,11],"texture":"#0"},"south":{"uv":[1,10.5,1.5,11],"texture":"#0"},"west":{"uv":[1.5,10.5,2,11],"texture":"#0"},"up":{"uv":[2.5,11,2,10.5],"texture":"#0"},"down":{"uv":[3,10.5,2.5,11],"texture":"#0"}}},{"from":[4.3,0.5,-7.75],"to":[5.3,1.5,-6.75],"rotation":{"angle":0,"axis":"y","origin":[1.5,0,0]},"faces":{"north":{"uv":[3,10.5,3.5,11],"texture":"#0"},"east":{"uv":[3.5,10.5,4,11],"texture":"#0"},"south":{"uv":[4,10.5,4.5,11],"texture":"#0"},"west":{"uv":[4.5,10.5,5,11],"texture":"#0"},"up":{"uv":[11,7.5,10.5,7],"texture":"#0"},"down":{"uv":[11,7.5,10.5,8],"texture":"#0"}}},{"from":[7.05,0.5,-7.75],"to":[9.05,1.5,-5.75],"rotation":{"angle":0,"axis":"y","origin":[1.5,0,0]},"faces":{"north":{"uv":[0,10,1,10.5],"texture":"#0"},"east":{"uv":[1,10,2,10.5],"texture":"#0"},"south":{"uv":[2,10,3,10.5],"texture":"#0"},"west":{"uv":[3,10,4,10.5],"texture":"#0"},"up":{"uv":[10.5,8,9.5,7],"texture":"#0"},"down":{"uv":[10.5,8,9.5,9],"texture":"#0"}}},{"from":[10.5,0.5,4.5],"to":[11.5,1,5.5],"rotation":{"angle":0,"axis":"y","origin":[1.5,0,0]},"faces":{"north":{"uv":[10.5,10,11,10.25],"texture":"#0"},"east":{"uv":[10.5,10.5,11,10.75],"texture":"#0"},"south":{"uv":[0,11,0.5,11.25],"texture":"#0"},"west":{"uv":[0.5,11,1,11.25],"texture":"#0"},"up":{"uv":[11,8.5,10.5,8],"texture":"#0"},"down":{"uv":[9,10.5,8.5,11],"texture":"#0"}}},{"from":[9,0.5,4.5],"to":[10,1,5.5],"rotation":{"angle":0,"axis":"y","origin":[1.5,0,0]},"faces":{"north":{"uv":[1,11,1.5,11.25],"texture":"#0"},"east":{"uv":[1.5,11,2,11.25],"texture":"#0"},"south":{"uv":[2,11,2.5,11.25],"texture":"#0"},"west":{"uv":[2.5,11,3,11.25],"texture":"#0"},"up":{"uv":[11,9,10.5,8.5],"texture":"#0"},"down":{"uv":[9.5,10.5,9,11],"texture":"#0"}}},{"from":[0.5,0.5,-5.5],"to":[10.5,0.5,4.5],"rotation":{"angle":0,"axis":"y","origin":[1.5,0,0]},"faces":{"north":{"uv":[0,0,5,0],"texture":"#0"},"east":{"uv":[0,0,5,0],"texture":"#0"},"south":{"uv":[0,0,5,0],"texture":"#0"},"west":{"uv":[0,0,5,0],"texture":"#0"},"up":{"uv":[5,5,0,0],"texture":"#0"},"down":{"uv":[5,5,0,10],"texture":"#0"}}},{"from":[5.5,0.5,3.5],"to":[6.5,1.5,5.5],"rotation":{"angle":0,"axis":"y","origin":[1.5,0,0]},"faces":{"north":{"uv":[10.5,9.5,11,10],"texture":"#0"},"east":{"uv":[4,10,5,10.5],"texture":"#0"},"south":{"uv":[10,10.5,10.5,11],"texture":"#0"},"west":{"uv":[8.5,10,9.5,10.5],"texture":"#0"},"up":{"uv":[10,11,9.5,10],"texture":"#0"},"down":{"uv":[10.5,9.5,10,10.5],"texture":"#0"}}},{"name":"cube inverted","from":[10.5,0.5,4.5],"to":[0.5,0.5,-5.5],"rotation":{"angle":0,"axis":"y","origin":[1.5,0,0]},"faces":{"north":{"uv":[0,0,5,0],"texture":"#0"},"east":{"uv":[0,0,5,0],"texture":"#0"},"south":{"uv":[0,0,5,0],"texture":"#0"},"west":{"uv":[0,0,5,0],"texture":"#0"},"up":{"uv":[0,5,5,10],"texture":"#0"},"down":{"uv":[0,5,5,0],"texture":"#0"}}}]}