{"file_name":"root","texture_size":[64,64],"textures":{"1":"crates/retro/pacman_axe_anim","particle":"crates/retro/pacman_axe_anim"},"elements":[{"from":[7.5,-14,7],"to":[8.5,12,9],"rotation":{"angle":0,"axis":"y","origin":[6.5,-9,7]},"faces":{"north":{"uv":[8,0,8.25,6.5],"texture":"#1"},"east":{"uv":[4,5.75,4.5,12.25],"texture":"#1"},"south":{"uv":[8,6.5,8.25,13],"texture":"#1"},"west":{"uv":[4,5.75,4.5,12.25],"texture":"#1"},"up":{"uv":[9.5,3,9.25,2.5],"texture":"#1"},"down":{"uv":[3,9.25,2.75,9.75],"texture":"#1"}}},{"from":[7,-2,6.5],"to":[9,-1,9.5],"rotation":{"angle":0,"axis":"y","origin":[7,-9,7]},"faces":{"north":{"uv":[9.25,3.25,9.75,3.5],"texture":"#1"},"east":{"uv":[9.25,2,10,2.25],"texture":"#1"},"south":{"uv":[9.25,3.5,9.75,3.75],"texture":"#1"},"west":{"uv":[9.25,2.25,10,2.5],"texture":"#1"},"up":{"uv":[9.75,1.75,9.25,1],"texture":"#1"},"down":{"uv":[2,9.25,1.5,10],"texture":"#1"}}},{"from":[7,4,6.5],"to":[9,5,9.5],"rotation":{"angle":0,"axis":"y","origin":[7,25,7]},"faces":{"north":{"uv":[9.25,3.5,9.75,3.25],"texture":"#1"},"east":{"uv":[9.25,2.25,10,2],"texture":"#1"},"south":{"uv":[9.25,3.75,9.75,3.5],"texture":"#1"},"west":{"uv":[9.25,2.5,10,2.25],"texture":"#1"},"up":{"uv":[2,10,1.5,9.25],"texture":"#1"},"down":{"uv":[9.75,1,9.25,1.75],"texture":"#1"}}},{"from":[7,-8,5.03553],"to":[9,-4,9.03553],"rotation":{"angle":-45,"axis":"x","origin":[7.5,-6.5,11.53553]},"faces":{"north":{"uv":[8.25,9,8.75,10],"texture":"#1"},"east":{"uv":[8.25,0,9.25,1],"texture":"#1"},"south":{"uv":[8.75,9,9.25,10],"texture":"#1"},"west":{"uv":[8.25,1,9.25,2],"texture":"#1"},"up":{"uv":[0.5,10.25,0,9.25],"texture":"#1"},"down":{"uv":[9.75,0,9.25,1],"texture":"#1"}}},{"name":"octagon","from":[6.99,15.67629,-1.01],"to":[9.01,22.32371,15.01],"rotation":{"angle":45,"axis":"x","origin":[8,19,7]},"faces":{"north":{"uv":[8.25,2,8.75,3.625],"texture":"#1"},"east":{"uv":[4,1.75,0,3.375],"texture":"#1"},"south":{"uv":[8.25,3.75,8.75,5.375],"texture":"#1"},"west":{"uv":[0,1.75,4,3.375],"texture":"#1"},"up":{"uv":[5,9.75,4.5,5.75],"texture":"#1"},"down":{"uv":[5.5,5.75,5,9.75],"texture":"#1"}}},{"name":"octagon","from":[6.98,15.66629,-1.02],"to":[9.02,22.33371,15.02],"rotation":{"angle":0,"axis":"y","origin":[8,19,7]},"faces":{"north":{"uv":[8.25,5.5,8.75,7.125],"texture":"#1"},"east":{"uv":[8,0,4,1.625],"texture":"#1"},"south":{"uv":[8.25,7.25,8.75,8.875],"texture":"#1"},"west":{"uv":[4,0,8,1.625],"texture":"#1"},"up":{"uv":[6,9.75,5.5,5.75],"texture":"#1"},"down":{"uv":[6.5,5.75,6,9.75],"texture":"#1"}}},{"name":"octagon","from":[7.01,11.01,3.69629],"to":[8.99,26.99,10.30371],"rotation":{"angle":45,"axis":"x","origin":[8,19,7]},"faces":{"north":{"uv":[6.5,5.75,7,9.75],"texture":"#1"},"east":{"uv":[1.625,5.25,0,9.25],"texture":"#1"},"south":{"uv":[7,5.75,7.5,9.75],"texture":"#1"},"west":{"uv":[0,5.25,1.625,9.25],"texture":"#1"},"up":{"uv":[9.25,3.625,8.75,2],"texture":"#1"},"down":{"uv":[9.25,3.75,8.75,5.375],"texture":"#1"}}},{"name":"octagon","from":[7,18.68629,-1],"to":[9,18.68629,15],"rotation":{"angle":-22.5,"axis":"x","origin":[8,19,7]},"faces":{"north":{"uv":[14.375,10,13.875,10],"rotation":180,"texture":"#1"},"east":{"uv":[9.125,8,9.125,12],"rotation":270,"texture":"#1"},"south":{"uv":[14.375,8.25,13.875,8.25],"texture":"#1"},"west":{"uv":[5.125,11.5,5.125,15.5],"rotation":90,"texture":"#1"},"up":{"uv":[11.625,12,12.125,16],"rotation":180,"texture":"#1"},"down":{"uv":[11.625,12,12.125,16],"texture":"#1"}}},{"name":"octagon","from":[7,18.68629,-1],"to":[9,18.68629,15],"rotation":{"angle":-45,"axis":"x","origin":[8,19,7]},"faces":{"north":{"uv":[15.25,10,14.75,10],"rotation":180,"texture":"#1"},"east":{"uv":[10,8,10,12],"rotation":270,"texture":"#1"},"south":{"uv":[15.25,8.25,14.75,8.25],"texture":"#1"},"west":{"uv":[6,11.5,6,15.5],"rotation":90,"texture":"#1"},"up":{"uv":[12.5,12,13,16],"rotation":180,"texture":"#1"},"down":{"uv":[13,12,13.5,16],"texture":"#1"}}},{"name":"octagon","from":[7,18.84889,-1.15111],"to":[9,18.84889,14.84889],"rotation":{"angle":22.5,"axis":"x","origin":[8,18.84889,6.84889]},"faces":{"north":{"uv":[14.375,10,13.875,10],"rotation":180,"texture":"#1"},"east":{"uv":[9.125,8,9.125,12],"rotation":270,"texture":"#1"},"south":{"uv":[14.375,8.25,13.875,8.25],"texture":"#1"},"west":{"uv":[5.125,11.5,5.125,15.5],"rotation":90,"texture":"#1"},"up":{"uv":[11.625,12,12.125,16],"rotation":180,"texture":"#1"},"down":{"uv":[11.625,12,12.125,16],"texture":"#1"}}},{"name":"octagon","from":[7,18.84889,-1.15111],"to":[9,18.84889,14.84889],"rotation":{"angle":45,"axis":"x","origin":[8,18.84889,6.84889]},"faces":{"north":{"uv":[15.25,10,14.75,10],"rotation":180,"texture":"#1"},"east":{"uv":[10,8,10,12],"rotation":270,"texture":"#1"},"south":{"uv":[15.25,8.25,14.75,8.25],"texture":"#1"},"west":{"uv":[6,11.5,6,15.5],"rotation":90,"texture":"#1"},"up":{"uv":[12.5,12,13,16],"rotation":180,"texture":"#1"},"down":{"uv":[12.5,12,13,16],"texture":"#1"}}},{"name":"octagon","from":[7,11,3.68629],"to":[9,27,10.31371],"rotation":{"angle":0,"axis":"y","origin":[8,19,7]},"faces":{"north":{"uv":[7.5,1.75,8,5.75],"texture":"#1"},"east":{"uv":[1.75,5.25,3.375,9.25],"texture":"#1"},"south":{"uv":[7.5,5.75,8,9.75],"texture":"#1"},"west":{"uv":[5.75,1.75,7.375,5.75],"texture":"#1"},"up":{"uv":[9.25,7.125,8.75,5.5],"texture":"#1"},"down":{"uv":[9.25,7.25,8.75,8.875],"texture":"#1"}}},{"name":"octagon inverted","from":[9.02,22.33371,15.02],"to":[6.98,15.66629,-1.02],"rotation":{"angle":0,"axis":"y","origin":[8,19,7]},"faces":{"north":{"uv":[8.25,8.875,8.75,7.25],"texture":"#1"},"east":{"uv":[4,1.625,8,0],"texture":"#1"},"south":{"uv":[8.25,7.125,8.75,5.5],"texture":"#1"},"west":{"uv":[8,1.625,4,0],"texture":"#1"},"up":{"uv":[6,5.75,6.5,9.75],"texture":"#1"},"down":{"uv":[5.5,9.75,6,5.75],"texture":"#1"}}},{"name":"octagon inverted","from":[9.01,22.32371,15.01],"to":[6.99,15.67629,-1.01],"rotation":{"angle":45,"axis":"x","origin":[8,19,7]},"faces":{"north":{"uv":[8.25,5.375,8.75,3.75],"texture":"#1"},"east":{"uv":[0,3.375,4,1.75],"texture":"#1"},"south":{"uv":[8.25,3.625,8.75,2],"texture":"#1"},"west":{"uv":[4,3.375,0,1.75],"texture":"#1"},"up":{"uv":[5,5.75,5.5,9.75],"texture":"#1"},"down":{"uv":[4.5,9.75,5,5.75],"texture":"#1"}}}],"gui_light":"front","display":{"thirdperson_righthand":{"translation":[0,3.25,1],"scale":[0.8,0.8,0.8]},"thirdperson_lefthand":{"translation":[0,3.25,1],"scale":[0.8,0.8,0.8]},"firstperson_righthand":{"rotation":[-14,15,0],"translation":[0.5,4.5,1.25],"scale":[0.5,0.5,0.5]},"firstperson_lefthand":{"rotation":[-14,15,0],"translation":[0.5,4.5,1.25],"scale":[0.5,0.5,0.5]},"ground":{"rotation":[50,0,0],"translation":[0,8.25,0],"scale":[0.6,0.6,0.6]},"gui":{"rotation":[87.31,134,-88.23],"translation":[0.25,0.25,0],"scale":[0.47,0.47,0.47]},"head":{"rotation":[-87.7,28.9,88.89],"translation":[-3.25,-15.5,4]},"fixed":{"rotation":[90,40.25,-90],"translation":[0,0,-0.25],"scale":[0.6,0.6,0.6]}}}