{"display":{"gui":{"rotation":[0,180,0],"translation":[0,1,0]},"head":{"rotation":[0,-90,0]}},"textures":{"0":"crates/retro/pinkghost"},"elements":[{"from":[1,2,7],"to":[15,8,9],"faces":{"north":{"uv":[1,7,15,13],"texture":"#0"},"east":{"uv":[14,7,15,13],"texture":"#0"},"south":{"uv":[15,7,1,13],"texture":"#0"},"west":{"uv":[1,7,2,13],"texture":"#0"},"up":{"uv":[1,7,15,9],"texture":"#0"},"down":{"uv":[1,11,15,13],"texture":"#0"}}},{"from":[2,8,7],"to":[14,11,9],"faces":{"north":{"uv":[2,5,14,7],"texture":"#0"},"east":{"uv":[2,5,3,7],"texture":"#0"},"south":{"uv":[14,5,2,7],"texture":"#0"},"west":{"uv":[13,5,14,7],"texture":"#0"},"up":{"uv":[14,5,2,6],"texture":"#0"},"down":{"uv":[2,6,14,7],"texture":"#0"}}},{"from":[3,11,7],"to":[13,12,9],"faces":{"north":{"uv":[3,3,13,4],"texture":"#0"},"east":{"uv":[3,3,4,4],"texture":"#0"},"south":{"uv":[3,3,13,4],"texture":"#0"},"west":{"uv":[12,3,13,4],"texture":"#0"},"up":{"uv":[3,3,13,4],"texture":"#0"},"down":{"uv":[3,3,13,4],"texture":"#0"}}},{"from":[4,12,7],"to":[12,13,9],"faces":{"north":{"uv":[4,2,12,3],"texture":"#0"},"east":{"uv":[4,2,5,3],"texture":"#0"},"south":{"uv":[4,2,12,3],"texture":"#0"},"west":{"uv":[11,2,12,3],"texture":"#0"},"up":{"uv":[4,2,12,3],"texture":"#0"},"down":{"uv":[4,2,12,3],"texture":"#0"}}},{"from":[5,13,7],"to":[11,14,9],"faces":{"north":{"uv":[6,1,10,2],"texture":"#0"},"east":{"uv":[6,1,7,2],"texture":"#0"},"south":{"uv":[6,1,10,2],"texture":"#0"},"west":{"uv":[9,1,10,2],"texture":"#0"},"up":{"uv":[6,1,10,2],"texture":"#0"},"down":{"uv":[6,1,10,2],"texture":"#0"}}},{"from":[1,0,7],"to":[15,2,9],"faces":{"north":{"uv":[1,13,15,15],"texture":"#0"},"east":{"uv":[1,13,2,15],"texture":"#0"},"south":{"uv":[1,13,15,15],"texture":"#0"},"west":{"uv":[14,13,15,15],"texture":"#0"},"up":{"uv":[1,13,15,15],"texture":"#0"},"down":{"uv":[1,15,15,15],"texture":"#0"}}}],"gui_light":"front"}