{"display":{"thirdperson_righthand":{"rotation":[94,0,0],"translation":[0,-1.25,-4.5]},"thirdperson_lefthand":{"rotation":[94,0,0],"translation":[0,-1.25,-4.5]},"firstperson_righthand":{"rotation":[28,5,0],"translation":[4.5,-3.5,1.25]},"firstperson_lefthand":{"rotation":[28,5,0],"translation":[4.5,-3.5,1.25]},"ground":{"scale":[0.8,0.8,0.8]},"gui":{"rotation":[-133.98,48.23,172.63],"translation":[3.75,-3,0]},"fixed":{"rotation":[0,94,0],"translation":[10.75,-7.75,-2],"scale":[1.55,1.55,1.55]}},"texture_size":[32,32],"textures":{"0":"crates/retro/scorpion_spear","particle":"crates/retro/scorpion_spear"},"elements":[{"from":[7.39915,11.24,4.38],"to":[8.93915,12.78,7.46],"rotation":{"angle":45,"axis":"z","origin":[7.59165,12.01,5.92]},"faces":{"north":{"uv":[12.5,2,13.5,3],"texture":"#0"},"east":{"uv":[9,14,10,12],"rotation":90,"texture":"#0"},"south":{"uv":[12.5,3,13.5,4],"texture":"#0"},"west":{"uv":[10,12,9,14],"rotation":90,"texture":"#0"},"up":{"uv":[10,14,9,12],"texture":"#0"},"down":{"uv":[9,12,10,14],"texture":"#0"}}},{"from":[7.615,11.24,1.3],"to":[8.385,13.55,5.15],"rotation":{"angle":0,"axis":"y","origin":[5.305,2,5.92]},"faces":{"north":{"uv":[7.5,4,8,5.5],"texture":"#0"},"east":{"uv":[0,11.5,2.5,13],"texture":"#0"},"south":{"uv":[5.5,12.5,6,14],"texture":"#0"},"west":{"uv":[2.5,11.5,5,13],"texture":"#0"},"up":{"uv":[10.5,14.5,10,12],"texture":"#0"},"down":{"uv":[5.5,12.5,5,15],"texture":"#0"}}},{"from":[8,10.085,-6.4],"to":[8,14.705,5.15],"rotation":{"angle":0,"axis":"y","origin":[4.92,2,5.92]},"faces":{"north":{"uv":[0,0,0,3],"texture":"#0"},"east":{"uv":[0,0,7.5,3],"texture":"#0"},"south":{"uv":[0,0,0,3],"texture":"#0"},"west":{"uv":[0,3,7.5,6],"texture":"#0"},"up":{"uv":[0,7.5,0,0],"texture":"#0"},"down":{"uv":[0,0,0,7.5],"texture":"#0"}}},{"from":[8.25,17.25,6],"to":[8.75,17.75,10],"rotation":{"angle":-22.5,"axis":"z","origin":[8,13.25,6]},"faces":{"north":{"uv":[13.25,13.75,13.5,14],"texture":"#0"},"east":{"uv":[13.25,13.5,15.25,13.75],"texture":"#0"},"south":{"uv":[15,14,15.25,14.25],"texture":"#0"},"west":{"uv":[13.25,14.25,15.25,14.5],"texture":"#0"},"up":{"uv":[15.25,11,15.5,13],"texture":"#0"},"down":{"uv":[12.75,13.75,13,15.75],"texture":"#0"}}},{"from":[3.75,17.25,6],"to":[4.25,17.75,10],"rotation":{"angle":-22.5,"axis":"z","origin":[8,13.25,6]},"faces":{"north":{"uv":[15.25,13.75,15.5,14],"texture":"#0"},"east":{"uv":[13.25,13.5,15.25,13.75],"texture":"#0"},"south":{"uv":[13,14,13.25,14.25],"texture":"#0"},"west":{"uv":[13.25,14.25,15.25,14.5],"texture":"#0"},"up":{"uv":[13,11,13.25,13],"texture":"#0"},"down":{"uv":[10.5,13.75,10.75,15.75],"texture":"#0"}}},{"from":[3.75,17.25,10],"to":[8.75,17.75,10.5],"rotation":{"angle":-22.5,"axis":"z","origin":[8,13.25,6]},"faces":{"north":{"uv":[13,13.75,15.5,14],"texture":"#0"},"east":{"uv":[13,13.5,13.25,13.75],"texture":"#0"},"south":{"uv":[13,14,15.5,14.25],"texture":"#0"},"west":{"uv":[15.25,14.25,15.5,14.5],"texture":"#0"},"up":{"uv":[13,13,15.5,13.25],"texture":"#0"},"down":{"uv":[10.5,15.75,13,16],"texture":"#0"}}},{"from":[3.75,17.25,5.5],"to":[8.75,17.75,6],"rotation":{"angle":-22.5,"axis":"z","origin":[8,13.25,6]},"faces":{"north":{"uv":[13,13.75,15.5,14],"texture":"#0"},"east":{"uv":[15.25,13.5,15.5,13.75],"texture":"#0"},"south":{"uv":[13,14,15.5,14.25],"texture":"#0"},"west":{"uv":[13,14.25,13.25,14.5],"texture":"#0"},"up":{"uv":[13,10.75,15.5,11],"texture":"#0"},"down":{"uv":[10.5,13.5,13,13.75],"texture":"#0"}}},{"from":[9.75,13.5,6],"to":[10.25,14,10],"rotation":{"angle":-22.5,"axis":"z","origin":[8,13.25,6]},"faces":{"north":{"uv":[13.25,13.75,13.5,14],"texture":"#0"},"east":{"uv":[13.25,13.5,15.25,13.75],"texture":"#0"},"south":{"uv":[15,14,15.25,14.25],"texture":"#0"},"west":{"uv":[13.25,14.25,15.25,14.5],"texture":"#0"},"up":{"uv":[15.25,11,15.5,13],"texture":"#0"},"down":{"uv":[12.75,13.75,13,15.75],"texture":"#0"}}},{"from":[5.25,13.5,6],"to":[5.75,14,10],"rotation":{"angle":-22.5,"axis":"z","origin":[8,13.25,6]},"faces":{"north":{"uv":[15.25,13.75,15.5,14],"texture":"#0"},"east":{"uv":[13.25,13.5,15.25,13.75],"texture":"#0"},"south":{"uv":[13,14,13.25,14.25],"texture":"#0"},"west":{"uv":[13.25,14.25,15.25,14.5],"texture":"#0"},"up":{"uv":[13,11,13.25,13],"texture":"#0"},"down":{"uv":[10.5,13.75,10.75,15.75],"texture":"#0"}}},{"from":[5.25,13.5,10],"to":[10.25,14,10.5],"rotation":{"angle":-22.5,"axis":"z","origin":[8,13.25,6]},"faces":{"north":{"uv":[13,13.75,15.5,14],"texture":"#0"},"east":{"uv":[13,13.5,13.25,13.75],"texture":"#0"},"south":{"uv":[13,14,15.5,14.25],"texture":"#0"},"west":{"uv":[15.25,14.25,15.5,14.5],"texture":"#0"},"up":{"uv":[13,13,15.5,13.25],"texture":"#0"},"down":{"uv":[10.5,15.75,13,16],"texture":"#0"}}},{"from":[5.25,13.5,5.5],"to":[10.25,14,6],"rotation":{"angle":-22.5,"axis":"z","origin":[8,13.25,6]},"faces":{"north":{"uv":[13,13.75,15.5,14],"texture":"#0"},"east":{"uv":[15.25,13.5,15.5,13.75],"texture":"#0"},"south":{"uv":[13,14,15.5,14.25],"texture":"#0"},"west":{"uv":[13,14.25,13.25,14.5],"texture":"#0"},"up":{"uv":[13,10.75,15.5,11],"texture":"#0"},"down":{"uv":[10.5,13.5,13,13.75],"texture":"#0"}}},{"from":[11,15.25,6],"to":[11.5,15.75,10],"rotation":{"angle":22.5,"axis":"z","origin":[8,13.25,6]},"faces":{"north":{"uv":[13.25,13.75,13.5,14],"texture":"#0"},"east":{"uv":[13.25,13.5,15.25,13.75],"texture":"#0"},"south":{"uv":[15,14,15.25,14.25],"texture":"#0"},"west":{"uv":[13.25,14.25,15.25,14.5],"texture":"#0"},"up":{"uv":[15.25,11,15.5,13],"texture":"#0"},"down":{"uv":[12.75,13.75,13,15.75],"texture":"#0"}}},{"from":[6.5,15.25,6],"to":[7,15.75,10],"rotation":{"angle":22.5,"axis":"z","origin":[8,13.25,6]},"faces":{"north":{"uv":[15.25,13.75,15.5,14],"texture":"#0"},"east":{"uv":[13.25,13.5,15.25,13.75],"texture":"#0"},"south":{"uv":[13,14,13.25,14.25],"texture":"#0"},"west":{"uv":[13.25,14.25,15.25,14.5],"texture":"#0"},"up":{"uv":[13,11,13.25,13],"texture":"#0"},"down":{"uv":[10.5,13.75,10.75,15.75],"texture":"#0"}}},{"from":[6.5,15.25,10],"to":[11.5,15.75,10.5],"rotation":{"angle":22.5,"axis":"z","origin":[8,13.25,6]},"faces":{"north":{"uv":[13,13.75,15.5,14],"texture":"#0"},"east":{"uv":[13,13.5,13.25,13.75],"texture":"#0"},"south":{"uv":[13,14,15.5,14.25],"texture":"#0"},"west":{"uv":[15.25,14.25,15.5,14.5],"texture":"#0"},"up":{"uv":[13,13,15.5,13.25],"texture":"#0"},"down":{"uv":[10.5,15.75,13,16],"texture":"#0"}}},{"from":[6.5,15.25,5.5],"to":[11.5,15.75,6],"rotation":{"angle":22.5,"axis":"z","origin":[8,13.25,6]},"faces":{"north":{"uv":[13,13.75,15.5,14],"texture":"#0"},"east":{"uv":[15.25,13.5,15.5,13.75],"texture":"#0"},"south":{"uv":[13,14,15.5,14.25],"texture":"#0"},"west":{"uv":[13,14.25,13.25,14.5],"texture":"#0"},"up":{"uv":[13,10.75,15.5,11],"texture":"#0"},"down":{"uv":[10.5,13.5,13,13.75],"texture":"#0"}}}],"gui_light":"front"}