{"textures":{"0":"modelengine:custom/yeti","particle":"modelengine:custom/yeti"},"elements":[{"from":[14.0,16.0,8.0],"to":[2.0,8.0,8.0],"faces":{"south":{"uv":[11.75,3.25,10.25,2.25],"tintindex":0,"rotation":0,"texture":"#0"},"north":{"uv":[11.75,2.25,10.25,1.25],"tintindex":0,"rotation":0,"texture":"#0"}}},{"from":[2.0,8.0,8.0],"to":[14.0,16.0,8.0],"faces":{"south":{"uv":[11.75,1.25,10.25,2.25],"tintindex":0,"rotation":0,"texture":"#0"},"north":{"uv":[11.75,2.25,10.25,3.25],"tintindex":0,"rotation":0,"texture":"#0"}}}],"display":{"gui":{"rotation":[30,225,0]}}}