{"file_name":"bone2","texture_size":[128,128],"textures":{"layer0":"manamodels/rudolph"},"elements":[{"name":"bone2_0","from":[7.1,3.1999998,7.175],"to":[8.9,11.0,8.975],"rotation":{"angle":0.0,"axis":"z","origin":[8.0,8.0,8.0]},"faces":{"east":{"uv":[1.0,6.75,0.625,8.375],"texture":"#layer0","tintindex":0},"south":{"uv":[1.0,6.75,0.625,8.375],"texture":"#layer0","tintindex":0},"north":{"uv":[1.0,6.75,0.625,8.375],"texture":"#layer0","tintindex":0},"west":{"uv":[1.0,6.75,0.625,8.375],"texture":"#layer0","tintindex":0},"up":{"uv":[2.875,8.875,3.25,8.5],"texture":"#layer0","tintindex":0},"down":{"uv":[8.875,3.0,8.5,3.375],"texture":"#layer0","tintindex":0}}},{"name":"bone2_1","from":[6.8,3.1999998,6.725],"to":[9.2,5.0,9.125],"rotation":{"angle":0.0,"axis":"z","origin":[8.0,8.0,8.0]},"faces":{"east":{"uv":[2.5,8.375,2.0,8.75],"texture":"#layer0","tintindex":0},"south":{"uv":[2.0,8.375,1.5,8.75],"texture":"#layer0","tintindex":0},"north":{"uv":[1.0,8.375,0.5,8.75],"texture":"#layer0","tintindex":0},"west":{"uv":[2.0,8.375,2.5,8.75],"texture":"#layer0","tintindex":0},"up":{"uv":[8.0,4.875,8.5,4.375],"texture":"#layer0","tintindex":0},"down":{"uv":[8.5,4.875,8.0,5.375],"texture":"#layer0","tintindex":0}}}],"display":{"head":{"translation":[0.0,-6.4,0.0],"rotation":[0.0,0.0,0.0],"scale":[3.8095,3.8095,3.8095]},"gui":{"translation":[0.0,0.0,0.0],"rotation":[35.0,225.0,0.0],"scale":[0.625,0.625,0.625]}}}