{"file_name":"leg_2","texture_size":[128,128],"textures":{"layer0":"manamodels/rudolph"},"elements":[{"name":"leg_2_0","from":[6.95,5.100002,6.849998],"to":[9.35,9.300002,9.249998],"rotation":{"angle":0.0,"axis":"z","origin":[8.0,8.0,8.0]},"faces":{"east":{"uv":[7.625,0.0,7.125,0.875],"texture":"#layer0","tintindex":0},"south":{"uv":[7.125,0.0,7.625,0.875],"texture":"#layer0","tintindex":0},"north":{"uv":[7.125,0.0,7.625,0.875],"texture":"#layer0","tintindex":0},"west":{"uv":[7.625,0.0,7.125,0.875],"texture":"#layer0","tintindex":0},"up":{"uv":[8.0,0.5,8.5,0.0],"texture":"#layer0","tintindex":0},"down":{"uv":[8.5,0.5,8.0,1.0],"texture":"#layer0","tintindex":0}}}],"display":{"head":{"translation":[0.0,-6.4,0.0],"rotation":[0.0,0.0,0.0],"scale":[3.8095,3.8095,3.8095]},"gui":{"translation":[0.0,0.0,0.0],"rotation":[35.0,225.0,0.0],"scale":[0.625,0.625,0.625]}}}