{"file_name":"leg_right","texture_size":[32,32],"textures":{"layer0":"manamodels/gingerbread_minion"},"elements":[{"name":"leg_right_0","from":[6.6499996,6.2,7.1],"to":[7.85,9.2,8.3],"rotation":{"angle":0.0,"axis":"z","origin":[8.0,8.0,8.0]},"faces":{"east":{"uv":[6.0,9.0,7.0,11.5],"texture":"#layer0","tintindex":0},"south":{"uv":[9.5,6.0,10.5,8.5],"texture":"#layer0","tintindex":0},"north":{"uv":[9.0,0.0,10.0,2.5],"texture":"#layer0","tintindex":0},"west":{"uv":[7.0,9.5,8.0,12.0],"texture":"#layer0","tintindex":0},"up":{"uv":[11.5,8.0,10.5,7.0],"texture":"#layer0","tintindex":0},"down":{"uv":[10.5,8.0,11.5,9.0],"texture":"#layer0","tintindex":0}}}],"display":{"head":{"translation":[0.0,-6.4,0.0],"rotation":[0.0,0.0,0.0],"scale":[3.8095,3.8095,3.8095]},"gui":{"translation":[0.0,0.0,0.0],"rotation":[35.0,225.0,0.0],"scale":[0.625,0.625,0.625]}}}