{"textures":{"0":"modelengine:custom/miner_minion","particle":"modelengine:custom/miner_minion"},"elements":[{"from":[7.5,4.0,5.5],"to":[11.5,11.0,13.5],"faces":{"east":{"uv":[8.25,9.875,9.25,10.75],"tintindex":0,"rotation":0,"texture":"#0"},"south":{"uv":[10.75,9.875,11.25,10.75],"tintindex":0,"rotation":0,"texture":"#0"},"north":{"uv":[9.25,9.875,9.75,10.75],"tintindex":0,"rotation":0,"texture":"#0"},"west":{"uv":[9.75,9.875,10.75,10.75],"tintindex":0,"rotation":0,"texture":"#0"},"up":{"uv":[9.75,9.875,9.25,8.875],"tintindex":0,"rotation":0,"texture":"#0"},"down":{"uv":[10.25,8.875,9.75,9.875],"tintindex":0,"rotation":0,"texture":"#0"}}}],"display":{"gui":{"rotation":[30,225,0]}}}