{"credit":"Copyright ManaLabs Inc","textures":{"0":"manalabs:crates/pride24/pride_flags","particle":"manalabs:crates/pride24/pride_flags"},"elements":[{"from":[2,0,8],"to":[14,20,9],"rotation":{"angle":0,"axis":"y","origin":[2,0,8]},"faces":{"north":{"uv":[11,4.75,16,7.75],"rotation":90,"texture":"#0"},"east":{"uv":[11,7.5,16,7.75],"rotation":90,"texture":"#0"},"south":{"uv":[11,7.75,16,4.75],"rotation":90,"texture":"#0"},"west":{"uv":[11,4.75,16,5],"rotation":90,"texture":"#0"},"up":{"uv":[11,7.75,11.25,4.75],"rotation":90,"texture":"#0"},"down":{"uv":[15.75,7.75,16,4.75],"rotation":90,"texture":"#0"}}}],"gui_light":"front","display":{"thirdperson_righthand":{"rotation":[80,18,0],"translation":[0,0.75,0],"scale":[0.4,0.4,0.4]},"thirdperson_lefthand":{"rotation":[80,18,0],"translation":[0,0.75,0],"scale":[0.4,0.4,0.4]},"firstperson_righthand":{"rotation":[4,16,0],"translation":[3.5,0.75,0],"scale":[0.4,0.4,0.4]},"firstperson_lefthand":{"rotation":[4,16,0],"translation":[3.5,0.75,0],"scale":[0.4,0.4,0.4]},"ground":{"rotation":[19,0,0],"translation":[0,2,0],"scale":[0.7,0.7,0.7]},"gui":{"rotation":[-20,49,15],"translation":[0,-1.25,0],"scale":[0.7,0.7,0.7]},"head":{"rotation":[-9,0,0],"translation":[0,-69.25,8],"scale":[1.8,1.8,1.8]},"fixed":{"rotation":[0,0,-90],"translation":[-1.75,0,0.25],"scale":[0.9,0.9,0.9]}}}