{"textures":{"0":"modelengine:custom/desert_worm","particle":"modelengine:custom/desert_worm"},"elements":[{"from":[-2.125,10.25,-1.375],"to":[18.125,24.5,18.875],"faces":{"east":{"uv":[3.692308,11.538462,5.769231,13.000001],"tintindex":0,"rotation":0,"texture":"#0"},"south":{"uv":[5.769231,11.538462,7.846154,13.000001],"tintindex":0,"rotation":0,"texture":"#0"},"north":{"uv":[11.076923,0.0,13.153847,1.4615386],"tintindex":0,"rotation":0,"texture":"#0"},"west":{"uv":[11.538462,6.1538463,13.615385,7.615385],"tintindex":0,"rotation":0,"texture":"#0"},"up":{"uv":[7.615385,9.692308,5.5384617,7.615385],"tintindex":0,"rotation":0,"texture":"#0"},"down":{"uv":[9.692308,7.615385,7.615385,9.692308],"tintindex":0,"rotation":0,"texture":"#0"}}},{"from":[-0.9774997,6.5225005,-0.6024997],"to":[16.977499,19.227499,17.352499],"faces":{"east":{"uv":[11.538462,7.615385,13.384616,8.923078],"tintindex":0,"rotation":0,"texture":"#0"},"south":{"uv":[7.846154,11.692308,9.692308,13.000001],"tintindex":0,"rotation":0,"texture":"#0"},"north":{"uv":[0.0,11.23077,1.846154,12.538462],"tintindex":0,"rotation":0,"texture":"#0"},"west":{"uv":[1.846154,11.846154,3.692308,13.153847],"tintindex":0,"rotation":0,"texture":"#0"},"up":{"uv":[7.0769234,11.538462,5.2307696,9.692308],"tintindex":0,"rotation":0,"texture":"#0"},"down":{"uv":[11.538462,6.1538463,9.692308,8.0],"tintindex":0,"rotation":0,"texture":"#0"}}}],"display":{"gui":{"rotation":[30,225,0]}}}