{"textures":{"0":"modelengine:custom/npc_classes","particle":"modelengine:custom/npc_classes"},"elements":[{"from":[5.7799997,19.654999,6.335],"to":[8.0,20.765,6.89],"faces":{"east":{"uv":[4.25,7.875,4.375,8.125],"tintindex":0,"rotation":0,"texture":"#0"},"south":{"uv":[3.75,7.5,4.25,7.75],"tintindex":0,"rotation":0,"texture":"#0"},"north":{"uv":[3.125,7.5,3.625,7.75],"tintindex":0,"rotation":0,"texture":"#0"},"west":{"uv":[4.5,7.875,4.625,8.125],"tintindex":0,"rotation":0,"texture":"#0"},"up":{"uv":[4.875,7.75,4.375,7.625],"tintindex":0,"rotation":0,"texture":"#0"},"down":{"uv":[6.125,7.625,5.625,7.75],"tintindex":0,"rotation":0,"texture":"#0"}},"rotation":{"origin":[6.89,19.932499,6.6125],"angle":22.5,"axis":"z"}},{"from":[8.0,19.654999,6.335],"to":[10.22,20.765,6.89],"faces":{"east":{"uv":[3.75,7.875,3.875,8.125],"tintindex":0,"rotation":0,"texture":"#0"},"south":{"uv":[2.5,7.25,3.0,7.5],"tintindex":0,"rotation":0,"texture":"#0"},"north":{"uv":[0.0,7.25,0.5,7.5],"tintindex":0,"rotation":0,"texture":"#0"},"west":{"uv":[4.0,7.875,4.125,8.125],"tintindex":0,"rotation":0,"texture":"#0"},"up":{"uv":[8.125,1.875,7.625,1.75],"tintindex":0,"rotation":0,"texture":"#0"},"down":{"uv":[3.0,7.625,2.5,7.75],"tintindex":0,"rotation":0,"texture":"#0"}},"rotation":{"origin":[9.110001,19.932499,6.6125],"angle":-22.5,"axis":"z"}},{"from":[5.7799997,14.66,6.89],"to":[10.22,21.32,9.110001],"faces":{"east":{"uv":[3.875,1.125,4.375,2.625],"tintindex":0,"rotation":0,"texture":"#0"},"south":{"uv":[1.625,1.625,2.625,3.125],"tintindex":0,"rotation":0,"texture":"#0"},"north":{"uv":[1.625,0.0,2.625,1.5],"tintindex":0,"rotation":0,"texture":"#0"},"west":{"uv":[3.875,2.75,4.375,4.25],"tintindex":0,"rotation":0,"texture":"#0"},"up":{"uv":[4.625,6.5,3.625,6.0],"tintindex":0,"rotation":0,"texture":"#0"},"down":{"uv":[2.375,6.125,1.375,6.625],"tintindex":0,"rotation":0,"texture":"#0"}}},{"from":[7.4449997,19.654999,6.0575],"to":[8.555,20.765,7.1675],"faces":{"east":{"uv":[0.625,5.125,0.875,5.375],"tintindex":0,"rotation":0,"texture":"#0"},"south":{"uv":[0.625,5.5,0.875,5.75],"tintindex":0,"rotation":0,"texture":"#0"},"north":{"uv":[0.625,4.75,0.875,5.0],"tintindex":0,"rotation":0,"texture":"#0"},"west":{"uv":[4.75,6.0,5.0,6.25],"tintindex":0,"rotation":0,"texture":"#0"},"up":{"uv":[3.375,6.375,3.125,6.125],"tintindex":0,"rotation":0,"texture":"#0"},"down":{"uv":[5.25,7.625,5.0,7.875],"tintindex":0,"rotation":0,"texture":"#0"}}}],"display":{"gui":{"rotation":[30,225,0]}}}