{"display":{"firstperson_righthand":{"rotation":[0,114,0],"translation":[1.25,5.25,0],"scale":[0.7,0.7,0.7]},"firstperson_lefthand":{"rotation":[0,114,0],"translation":[1.25,5.25,0],"scale":[0.7,0.7,0.7]},"ground":{"translation":[0,2.25,0]},"gui":{"rotation":[19,-149,0],"translation":[0,0.75,0]},"head":{"translation":[0,3,0],"scale":[1.9,1.9,1.9]}},"texture_size":[64,64],"textures":{"0":"crates/marvel/ant_man_helmet","particle":"crates/marvel/ant_man_helmet"},"elements":[{"from":[4,3.75,7.5],"to":[12,11.75,12.5],"rotation":{"angle":0,"axis":"y","origin":[7,0,-0.5]},"faces":{"north":{"uv":[2.25,0,4.25,2],"texture":"#0"},"east":{"uv":[3.5,5.5,4.75,7.5],"texture":"#0"},"south":{"uv":[2.25,2,4.25,4],"texture":"#0"},"west":{"uv":[6,5.25,7.25,7.25],"texture":"#0"},"up":{"uv":[2,8,0,6.75],"texture":"#0"},"down":{"uv":[8.75,0,6.75,1.25],"texture":"#0"}}},{"from":[4.5,5,9.5],"to":[6.5,12,13],"rotation":{"angle":0,"axis":"y","origin":[7,0,-0.5]},"faces":{"north":{"uv":[1.25,8,1.75,9.75],"texture":"#0"},"east":{"uv":[4.75,6.25,5.625,8],"texture":"#0"},"south":{"uv":[5.25,8,5.75,9.75],"texture":"#0"},"west":{"uv":[6.75,1.25,7.625,3],"texture":"#0"},"up":{"uv":[1.5,10.625,1,9.75],"texture":"#0"},"down":{"uv":[3,9.75,2.5,10.625],"texture":"#0"}}},{"from":[9.5,5,9.5],"to":[11.5,12,13],"rotation":{"angle":0,"axis":"y","origin":[9,0,-0.5]},"faces":{"north":{"uv":[8.25,4,8.75,5.75],"texture":"#0"},"east":{"uv":[2,6.75,2.875,8.5],"texture":"#0"},"south":{"uv":[8.25,5.75,8.75,7.5],"texture":"#0"},"west":{"uv":[7.25,5.25,8.125,7],"texture":"#0"},"up":{"uv":[3.5,10.625,3,9.75],"texture":"#0"},"down":{"uv":[5.75,9.75,5.25,10.625],"texture":"#0"}}},{"from":[3.5,3,3.5],"to":[12.5,12,8.5],"rotation":{"angle":0,"axis":"y","origin":[7.5,0,-0.5]},"faces":{"north":{"uv":[0,0,2.25,2.25],"texture":"#0"},"east":{"uv":[0,4.5,1.25,6.75],"texture":"#0"},"south":{"uv":[0,2.25,2.25,4.5],"texture":"#0"},"west":{"uv":[4.75,4,6,6.25],"texture":"#0"},"up":{"uv":[3.5,6.75,1.25,5.5],"texture":"#0"},"down":{"uv":[8.25,4,6,5.25],"texture":"#0"}}},{"from":[7,11,5.5],"to":[9,13,10.5],"rotation":{"angle":-22.5,"axis":"x","origin":[7.5,12,9]},"faces":{"north":{"uv":[4,7.5,4.5,8],"texture":"#0"},"east":{"uv":[8.75,0.75,10,1.25],"texture":"#0"},"south":{"uv":[9.75,9.75,10.25,10.25],"texture":"#0"},"west":{"uv":[8.75,2.5,10,3],"texture":"#0"},"up":{"uv":[1,10,0.5,8.75],"texture":"#0"},"down":{"uv":[9.25,4.75,8.75,6],"texture":"#0"}}},{"from":[5.29289,2.5,2],"to":[8.29289,5.5,6],"rotation":{"angle":45,"axis":"z","origin":[7.29289,5.5,3.5]},"faces":{"north":{"uv":[5.75,8.75,6.5,9.5],"texture":"#0"},"east":{"uv":[1.75,8.5,2.75,9.25],"texture":"#0"},"south":{"uv":[8.75,7,9.5,7.75],"texture":"#0"},"west":{"uv":[2.75,8.5,3.75,9.25],"texture":"#0"},"up":{"uv":[7.5,9.5,6.75,8.5],"texture":"#0"},"down":{"uv":[8.25,8.5,7.5,9.5],"texture":"#0"}}},{"from":[5.5,2.5,2.5],"to":[10.5,5.5,5.5],"rotation":{"angle":0,"axis":"y","origin":[7.5,5.5,3.5]},"faces":{"north":{"uv":[6.75,7.75,8,8.5],"texture":"#0"},"east":{"uv":[8.75,8.5,9.5,9.25],"texture":"#0"},"south":{"uv":[0,8,1.25,8.75],"texture":"#0"},"west":{"uv":[1.75,9.25,2.5,10],"texture":"#0"},"up":{"uv":[5.25,8.75,4,8],"texture":"#0"},"down":{"uv":[9.25,7.75,8,8.5],"texture":"#0"}}},{"from":[3.25,7.25,3],"to":[7.75,9.75,5],"rotation":{"angle":0,"axis":"y","origin":[8,5,3.5]},"faces":{"north":{"uv":[8.75,0,9.875,0.625],"texture":"#0"},"east":{"uv":[3,6.75,3.5,7.375],"texture":"#0"},"south":{"uv":[8.75,1.75,9.875,2.375],"texture":"#0"},"west":{"uv":[9.25,5.25,9.75,5.875],"texture":"#0"},"up":{"uv":[3.625,9.75,2.5,9.25],"texture":"#0"},"down":{"uv":[10.375,3,9.25,3.5],"texture":"#0"}}},{"from":[8.25,7.25,3],"to":[12.75,9.75,5],"rotation":{"angle":0,"axis":"y","origin":[8,5,3.5]},"faces":{"north":{"uv":[3.75,8.75,4.875,9.375],"texture":"#0"},"east":{"uv":[9.75,5.25,10.25,5.875],"texture":"#0"},"south":{"uv":[8.75,4,9.875,4.625],"texture":"#0"},"west":{"uv":[9.75,9,10.25,9.625],"texture":"#0"},"up":{"uv":[10.375,4,9.25,3.5],"texture":"#0"},"down":{"uv":[10.375,4.75,9.25,5.25],"texture":"#0"}}},{"from":[3,3.5,3],"to":[13,5.5,8],"rotation":{"angle":-22.5,"axis":"x","origin":[7.5,4.5,5.5]},"faces":{"north":{"uv":[6.75,3,9.25,3.5],"texture":"#0"},"east":{"uv":[8.75,6,10,6.5],"texture":"#0"},"south":{"uv":[6.75,3.5,9.25,4],"texture":"#0"},"west":{"uv":[8.75,6.5,10,7],"texture":"#0"},"up":{"uv":[6.75,2.75,4.25,1.5],"texture":"#0"},"down":{"uv":[6.75,2.75,4.25,4],"texture":"#0"}}},{"from":[2.99,3.99,5.99],"to":[13.01,10.01,8.01],"rotation":{"angle":22.5,"axis":"x","origin":[7.5,4,5.5]},"faces":{"north":{"uv":[2.25,4,4.75,5.5],"texture":"#0"},"east":{"uv":[8.25,8.5,8.75,10],"texture":"#0"},"south":{"uv":[4.25,0,6.75,1.5],"texture":"#0"},"west":{"uv":[0,8.75,0.5,10.25],"texture":"#0"},"up":{"uv":[8.25,7.75,5.75,7.25],"texture":"#0"},"down":{"uv":[10.25,1.25,7.75,1.75],"texture":"#0"}}},{"from":[2.5,10,6],"to":[3.5,12,8],"rotation":{"angle":22.5,"axis":"x","origin":[7.5,4,5.5]},"faces":{"north":{"uv":[5.75,6.25,6,6.75],"texture":"#0"},"east":{"uv":[10,0,10.5,0.5],"texture":"#0"},"south":{"uv":[5.75,6.75,6,7.25],"texture":"#0"},"west":{"uv":[0.5,10,1,10.5],"texture":"#0"},"up":{"uv":[4.75,8,4.5,7.5],"texture":"#0"},"down":{"uv":[2,8,1.75,8.5],"texture":"#0"}}},{"from":[12.5,10,6],"to":[13.5,12,8],"rotation":{"angle":22.5,"axis":"x","origin":[8.5,4,5.5]},"faces":{"north":{"uv":[1,8.75,1.25,9.25],"texture":"#0"},"east":{"uv":[10,0.5,10.5,1],"texture":"#0"},"south":{"uv":[5,8.75,5.25,9.25],"texture":"#0"},"west":{"uv":[1.5,10,2,10.5],"texture":"#0"},"up":{"uv":[6.75,9.25,6.5,8.75],"texture":"#0"},"down":{"uv":[1.25,9.25,1,9.75],"texture":"#0"}}},{"from":[13,12,6],"to":[13,16,8],"rotation":{"angle":22.5,"axis":"x","origin":[8.5,4,5.5]},"faces":{"north":{"uv":[0,0,0,1],"texture":"#0"},"east":{"uv":[3.75,9.5,4.25,10.5],"texture":"#0"},"south":{"uv":[0,0,0,1],"texture":"#0"},"west":{"uv":[4.25,9.5,3.75,10.5],"texture":"#0"},"up":{"uv":[0,0.5,0,0],"texture":"#0"},"down":{"uv":[0,0,0,0.5],"texture":"#0"}}},{"from":[3,12,6],"to":[3,16,8],"rotation":{"angle":22.5,"axis":"x","origin":[7.5,4,5.5]},"faces":{"north":{"uv":[0,0,0,1],"texture":"#0"},"east":{"uv":[3.75,9.5,4.25,10.5],"texture":"#0"},"south":{"uv":[0,0,0,1],"texture":"#0"},"west":{"uv":[4.25,9.5,3.75,10.5],"texture":"#0"},"up":{"uv":[0,0.5,0,0],"texture":"#0"},"down":{"uv":[0,0,0,0.5],"texture":"#0"}}},{"from":[2.25,6.25,5.75],"to":[4.25,10.25,9.75],"rotation":{"angle":-45,"axis":"x","origin":[3,8.5,8.5]},"faces":{"north":{"uv":[4.75,9.5,5.25,10.5],"texture":"#0"},"east":{"uv":[1.25,4.5,2.25,5.5],"texture":"#0"},"south":{"uv":[5.75,9.5,6.25,10.5],"texture":"#0"},"west":{"uv":[3,7.5,4,8.5],"texture":"#0"},"up":{"uv":[6.75,10.5,6.25,9.5],"texture":"#0"},"down":{"uv":[7.25,9.5,6.75,10.5],"texture":"#0"}}},{"from":[11.75,6.25,5.75],"to":[13.75,10.25,9.75],"rotation":{"angle":-45,"axis":"x","origin":[13,8.5,8.5]},"faces":{"north":{"uv":[9.5,7,10,8],"texture":"#0"},"east":{"uv":[7.75,1.75,8.75,2.75],"texture":"#0"},"south":{"uv":[7.25,9.5,7.75,10.5],"texture":"#0"},"west":{"uv":[5.75,7.75,6.75,8.75],"texture":"#0"},"up":{"uv":[8.25,10.5,7.75,9.5],"texture":"#0"},"down":{"uv":[10,8,9.5,9],"texture":"#0"}}}]}