{"file_name":"head","texture_size":[64,64],"textures":{"0":"crates/marvel/captain_america_shield","particle":"crates/marvel/captain_america_shield"},"elements":[{"from":[12.5,9,6],"to":[16.5,18,8],"rotation":{"angle":-45,"axis":"z","origin":[8,13.5,7]},"faces":{"north":{"uv":[0,4.25,1,6.5],"texture":"#0"},"east":{"uv":[0,6.5,0.5,8.75],"texture":"#0"},"south":{"uv":[1,4.25,2,6.5],"texture":"#0"},"west":{"uv":[6.5,0,7,2.25],"texture":"#0"},"up":{"uv":[8,2,7,1.5],"texture":"#0"},"down":{"uv":[8,3.5,7,4],"texture":"#0"}}},{"from":[13.20239,10.68157,6.01],"to":[17.18239,16.46157,7.99],"rotation":{"angle":0,"axis":"y","origin":[8,13.5,7]},"faces":{"north":{"uv":[4.5,4.25,5.5,5.75],"texture":"#0"},"east":{"uv":[6,0,6.5,1.5],"texture":"#0"},"south":{"uv":[5,0,6,1.5],"texture":"#0"},"west":{"uv":[6.5,6.25,7,7.75],"texture":"#0"},"up":{"uv":[8,4.5,7,4],"texture":"#0"},"down":{"uv":[8,4.5,7,5],"texture":"#0"}}},{"from":[5.18157,18.70239,6.01],"to":[10.96157,22.68239,7.99],"rotation":{"angle":0,"axis":"y","origin":[8,13.5,7]},"faces":{"north":{"uv":[5,1.5,6.5,2.5],"texture":"#0"},"east":{"uv":[5.5,7,6,8],"texture":"#0"},"south":{"uv":[5,2.5,6.5,3.5],"texture":"#0"},"west":{"uv":[6,7,6.5,8],"texture":"#0"},"up":{"uv":[8.5,0.5,7,0],"texture":"#0"},"down":{"uv":[8.5,0.5,7,1],"texture":"#0"}}},{"from":[5.03843,4.31761,6.01],"to":[10.81843,8.29761,7.99],"rotation":{"angle":0,"axis":"y","origin":[8,13.5,7]},"faces":{"north":{"uv":[5.5,3.5,7,4.5],"texture":"#0"},"east":{"uv":[7,6.25,7.5,7.25],"texture":"#0"},"south":{"uv":[5.5,4.5,7,5.5],"texture":"#0"},"west":{"uv":[4.5,7.25,5,8.25],"texture":"#0"},"up":{"uv":[8.5,1.5,7,1],"texture":"#0"},"down":{"uv":[3,7,1.5,7.5],"texture":"#0"}}},{"from":[-1.18239,10.53843,6.01],"to":[2.79761,16.31843,7.99],"rotation":{"angle":0,"axis":"y","origin":[8,13.5,7]},"faces":{"north":{"uv":[5.5,5.5,6.5,7],"texture":"#0"},"east":{"uv":[3,7,3.5,8.5],"texture":"#0"},"south":{"uv":[4.5,5.75,5.5,7.25],"texture":"#0"},"west":{"uv":[3.5,7,4,8.5],"texture":"#0"},"up":{"uv":[8,5.5,7,5],"texture":"#0"},"down":{"uv":[8,7.25,7,7.75],"texture":"#0"}}},{"from":[-0.5,9,6],"to":[3.5,18,8],"rotation":{"angle":-45,"axis":"z","origin":[8,13.5,7]},"faces":{"north":{"uv":[2,4.25,3,6.5],"texture":"#0"},"east":{"uv":[0.5,6.5,1,8.75],"texture":"#0"},"south":{"uv":[3,4.25,4,6.5],"texture":"#0"},"west":{"uv":[1,6.5,1.5,8.75],"texture":"#0"},"up":{"uv":[2.5,8,1.5,7.5],"texture":"#0"},"down":{"uv":[8.5,6.25,7.5,6.75],"texture":"#0"}}},{"from":[3.5,5,6],"to":[12.5,22,8],"rotation":{"angle":-45,"axis":"z","origin":[8,13.5,7]},"faces":{"north":{"uv":[0,0,2.25,4.25],"texture":"#0"},"east":{"uv":[4,4.25,4.5,8.5],"texture":"#0"},"south":{"uv":[2.25,0,4.5,4.25],"texture":"#0"},"west":{"uv":[4.5,0,5,4.25],"texture":"#0"},"up":{"uv":[3.75,7,1.5,6.5],"texture":"#0"},"down":{"uv":[8.75,2.25,6.5,2.75],"texture":"#0"}}},{"from":[5.5,12,8],"to":[10.5,13,11],"rotation":{"angle":0,"axis":"y","origin":[9.5,0,0]},"faces":{"north":{"uv":[7,2,8.25,2.25],"texture":"#0"},"east":{"uv":[7.5,7,8.25,7.25],"texture":"#0"},"south":{"uv":[7.5,6.75,8.75,7],"texture":"#0"},"west":{"uv":[7.75,2.75,8.5,3],"texture":"#0"},"up":{"uv":[7.75,3.5,6.5,2.75],"texture":"#0"},"down":{"uv":[7.75,5.5,6.5,6.25],"texture":"#0"}}}],"display":{"thirdperson_righthand":{"rotation":[70,0,0],"translation":[0,-1,-3],"scale":[0.8,0.8,0.8]},"thirdperson_lefthand":{"rotation":[70,0,0],"translation":[0,-0.75,-3],"scale":[0.8,0.8,0.8]},"firstperson_righthand":{"rotation":[0,6,0],"translation":[3,-1.75,0],"scale":[0.6,0.6,0.6]},"firstperson_lefthand":{"rotation":[0,6,0],"translation":[2.5,-1.75,0],"scale":[0.6,0.6,0.6]},"ground":{"rotation":[49,0,0],"scale":[0.8,0.8,0.8]},"gui":{"rotation":[19,151,0],"translation":[0.5,-4,0],"scale":[0.8,0.8,0.8]},"head":{"rotation":[90,0,0],"translation":[0,-14,-9.75],"scale":[2.2,2.2,2.2]},"fixed":{"translation":[0,-5.25,0]}}}