{"display":{"thirdperson_righthand":{"translation":[0,-4,0.5],"scale":[0.8,0.8,0.8]},"thirdperson_lefthand":{"translation":[0,-4,0.5],"scale":[0.8,0.8,0.8]},"firstperson_righthand":{"translation":[2.25,0,0],"scale":[0.5,0.5,0.5]},"firstperson_lefthand":{"translation":[2.25,0,0],"scale":[0.5,0.5,0.5]},"ground":{"rotation":[58,0,0],"translation":[0,7.25,0],"scale":[0.7,0.7,0.7]},"gui":{"rotation":[90,43,-90],"translation":[-3,-0.5,0],"scale":[0.5,0.5,0.5]},"fixed":{"rotation":[0,90,0],"translation":[1.5,-5,0]}},"texture_size":[64,64],"textures":{"0":"crates/marvel/hawkeyes_bow","particle":"crates/marvel/hawkeyes_bow"},"elements":[{"from":[6.5,4,2],"to":[9.5,7,8],"rotation":{"angle":-45,"axis":"x","origin":[8.5,7,7]},"faces":{"north":{"uv":[7.5,4.25,8.25,5],"texture":"#0"},"east":{"uv":[3,4,4.5,4.75],"texture":"#0"},"south":{"uv":[1.75,7.75,2.5,8.5],"texture":"#0"},"west":{"uv":[4.25,0.5,5.75,1.25],"texture":"#0"},"up":{"uv":[5,2.75,4.25,1.25],"texture":"#0"},"down":{"uv":[5.25,2.75,4.5,4.25],"texture":"#0"}}},{"from":[7,0.5,5.5],"to":[9,2.5,14.5],"rotation":{"angle":22.5,"axis":"x","origin":[9,7,7]},"faces":{"north":{"uv":[5.25,4.75,5.75,5.25],"texture":"#0"},"east":{"uv":[4.5,4.25,6.75,4.75],"texture":"#0"},"south":{"uv":[3.5,8.25,4,8.75],"texture":"#0"},"west":{"uv":[3,4.75,5.25,5.25],"texture":"#0"},"up":{"uv":[5.75,3.5,5.25,1.25],"texture":"#0"},"down":{"uv":[3.5,5.25,3,7.5],"texture":"#0"}}},{"from":[7.5,-4.5,14.5],"to":[8.5,2.5,17.5],"rotation":{"angle":22.5,"axis":"x","origin":[9.5,7,7]},"faces":{"north":{"uv":[5.75,7.75,6,9.5],"texture":"#0"},"east":{"uv":[3.5,0.5,4.25,2.25],"texture":"#0"},"south":{"uv":[6,7.75,6.25,9.5],"texture":"#0"},"west":{"uv":[3.5,2.25,4.25,4],"texture":"#0"},"up":{"uv":[7.5,2,7.25,1.25],"texture":"#0"},"down":{"uv":[0.75,8.5,0.5,9.25],"texture":"#0"}}},{"from":[6.5,-4,9],"to":[9.5,0,13],"rotation":{"angle":-45,"axis":"x","origin":[8,-0.5,10.5]},"faces":{"north":{"uv":[6.75,4,7.5,5],"texture":"#0"},"east":{"uv":[4.25,5.75,5.25,6.75],"texture":"#0"},"south":{"uv":[4.25,6.75,5,7.75],"texture":"#0"},"west":{"uv":[5.75,4.75,6.75,5.75],"texture":"#0"},"up":{"uv":[5.75,7.75,5,6.75],"texture":"#0"},"down":{"uv":[6.5,6.75,5.75,7.75],"texture":"#0"}}},{"from":[6.5,27,9],"to":[9.5,31,13],"rotation":{"angle":45,"axis":"x","origin":[8,27.5,10.5]},"faces":{"north":{"uv":[6.75,5,7.5,4],"texture":"#0"},"east":{"uv":[4.25,6.75,5.25,5.75],"texture":"#0"},"south":{"uv":[4.25,7.75,5,6.75],"texture":"#0"},"west":{"uv":[5.75,5.75,6.75,4.75],"texture":"#0"},"up":{"uv":[6.5,7.75,5.75,6.75],"texture":"#0"},"down":{"uv":[5.75,6.75,5,7.75],"texture":"#0"}}},{"from":[7.5,24.5,14.5],"to":[8.5,31.5,17.5],"rotation":{"angle":-22.5,"axis":"x","origin":[9.5,20,7]},"faces":{"north":{"uv":[5.75,9.5,6,7.75],"texture":"#0"},"east":{"uv":[3.5,2.25,4.25,0.5],"texture":"#0"},"south":{"uv":[6,9.5,6.25,7.75],"texture":"#0"},"west":{"uv":[3.5,4,4.25,2.25],"texture":"#0"},"up":{"uv":[0.75,9.25,0.5,8.5],"texture":"#0"},"down":{"uv":[7.5,1.25,7.25,2],"texture":"#0"}}},{"from":[7,24.5,5.5],"to":[9,26.5,14.5],"rotation":{"angle":-22.5,"axis":"x","origin":[9,20,7]},"faces":{"north":{"uv":[5.25,5.25,5.75,4.75],"texture":"#0"},"east":{"uv":[4.5,4.75,6.75,4.25],"texture":"#0"},"south":{"uv":[3.5,8.75,4,8.25],"texture":"#0"},"west":{"uv":[3,5.25,5.25,4.75],"texture":"#0"},"up":{"uv":[3.5,7.5,3,5.25],"texture":"#0"},"down":{"uv":[5.75,1.25,5.25,3.5],"texture":"#0"}}},{"from":[6.5,20,2],"to":[9.5,23,8],"rotation":{"angle":45,"axis":"x","origin":[8.5,20,7]},"faces":{"north":{"uv":[7.5,5,8.25,4.25],"texture":"#0"},"east":{"uv":[3,4.75,4.5,4],"texture":"#0"},"south":{"uv":[1.75,8.5,2.5,7.75],"texture":"#0"},"west":{"uv":[4.25,1.25,5.75,0.5],"texture":"#0"},"up":{"uv":[5.25,4.25,4.5,2.75],"texture":"#0"},"down":{"uv":[5,1.25,4.25,2.75],"texture":"#0"}}},{"from":[6.5,1,12],"to":[9.5,26,12],"rotation":{"angle":0,"axis":"y","origin":[8,-0.5,10.5]},"faces":{"north":{"uv":[0,0,0.75,6.25],"texture":"#0"},"east":{"uv":[0,0,0,6.25],"texture":"#0"},"south":{"uv":[0.75,0,1.5,6.25],"texture":"#0"},"west":{"uv":[0,0,0,6.25],"texture":"#0"},"up":{"uv":[0.75,0,0,0],"texture":"#0"},"down":{"uv":[0.75,0,0,0],"texture":"#0"}}},{"from":[7.25,1,12],"to":[8.25,26,12],"rotation":{"angle":0,"axis":"y","origin":[8,-0.5,10.5]},"faces":{"north":{"uv":[10,2.625,10.25,8.875],"texture":"#0"},"east":{"uv":[10,2.625,10,8.875],"texture":"#0"},"south":{"uv":[10.75,2.625,11,8.875],"texture":"#0"},"west":{"uv":[10,2.625,10,8.875],"texture":"#0"},"up":{"uv":[10.25,2.625,10,2.625],"texture":"#0"},"down":{"uv":[10.25,2.625,10,2.625],"texture":"#0"}}},{"from":[8,14.25,-6],"to":[8,15.25,16],"rotation":{"angle":0,"axis":"y","origin":[7.5,-0.5,10.5]},"faces":{"north":{"uv":[0,0,0,0.25],"texture":"#0"},"east":{"uv":[3.5,0,9,0.25],"texture":"#0"},"south":{"uv":[0,0,0,0.25],"texture":"#0"},"west":{"uv":[3.5,0.25,9,0.5],"texture":"#0"},"up":{"uv":[0,5.5,0,0],"texture":"#0"},"down":{"uv":[0,0,0,5.5],"texture":"#0"}}},{"from":[8,13.25,16],"to":[8,16.25,20],"rotation":{"angle":45,"axis":"z","origin":[8,14.75,18]},"faces":{"north":{"uv":[0,0,0,0.75],"texture":"#0"},"east":{"uv":[6.75,5,7.75,5.75],"texture":"#0"},"south":{"uv":[0,0,0,0.75],"texture":"#0"},"west":{"uv":[7.75,5,6.75,5.75],"texture":"#0"},"up":{"uv":[0,1,0,0],"texture":"#0"},"down":{"uv":[0,0,0,1],"texture":"#0"}}},{"from":[8,13.25,16],"to":[8,16.25,20],"rotation":{"angle":-45,"axis":"z","origin":[8,14.75,18]},"faces":{"north":{"uv":[0,0,0,0.75],"texture":"#0"},"east":{"uv":[6.75,5,7.75,5.75],"texture":"#0"},"south":{"uv":[0,0,0,0.75],"texture":"#0"},"west":{"uv":[7.75,5,6.75,5.75],"texture":"#0"},"up":{"uv":[0,1,0,0],"texture":"#0"},"down":{"uv":[0,0,0,1],"texture":"#0"}}},{"from":[7,13.75,-5],"to":[9,15.75,-2],"rotation":{"angle":45,"axis":"z","origin":[8,14.75,-3.5]},"faces":{"north":{"uv":[8.25,3.75,8.75,4.25],"texture":"#0"},"east":{"uv":[8,5.5,8.75,6],"texture":"#0"},"south":{"uv":[8.25,4.25,8.75,4.75],"texture":"#0"},"west":{"uv":[8,6,8.75,6.5],"texture":"#0"},"up":{"uv":[8.75,3,8.25,2.25],"texture":"#0"},"down":{"uv":[8.75,3,8.25,3.75],"texture":"#0"}}},{"from":[7,6,7],"to":[9,21,9],"rotation":{"angle":0,"axis":"y","origin":[7,-1,7]},"faces":{"north":{"uv":[1.5,0,2,3.75],"texture":"#0"},"east":{"uv":[2,0,2.5,3.75],"texture":"#0"},"south":{"uv":[2.5,0,3,3.75],"texture":"#0"},"west":{"uv":[3,0,3.5,3.75],"texture":"#0"},"up":{"uv":[7.75,8.75,7.25,8.25],"texture":"#0"},"down":{"uv":[8.75,7.5,8.25,8],"texture":"#0"}}},{"from":[7.5,8,4.25],"to":[8.5,10,8.25],"rotation":{"angle":22.5,"axis":"x","origin":[8,8.5,5]},"faces":{"north":{"uv":[5,2.25,5.25,2.75],"texture":"#0"},"east":{"uv":[6.5,3,7.5,3.5],"texture":"#0"},"south":{"uv":[8.5,1.25,8.75,1.75],"texture":"#0"},"west":{"uv":[7.75,5,8.75,5.5],"texture":"#0"},"up":{"uv":[4.5,3.75,4.25,2.75],"texture":"#0"},"down":{"uv":[5.25,1.25,5,2.25],"texture":"#0"}}},{"from":[7.5,12,6.25],"to":[8.5,14,10.25],"rotation":{"angle":-22.5,"axis":"x","origin":[8,8.5,5]},"faces":{"north":{"uv":[1.75,8.5,2,9],"texture":"#0"},"east":{"uv":[7.25,7.75,8.25,8.25],"texture":"#0"},"south":{"uv":[8.5,1.75,8.75,2.25],"texture":"#0"},"west":{"uv":[0,8,1,8.5],"texture":"#0"},"up":{"uv":[4.25,9.25,4,8.25],"texture":"#0"},"down":{"uv":[8,8.25,7.75,9.25],"texture":"#0"}}},{"from":[7,8.25,4],"to":[9,14.25,6],"rotation":{"angle":45,"axis":"y","origin":[8,10.75,5]},"faces":{"north":{"uv":[2.5,5.5,3,7],"texture":"#0"},"east":{"uv":[1,6.25,1.5,7.75],"texture":"#0"},"south":{"uv":[2.5,7,3,8.5],"texture":"#0"},"west":{"uv":[3,7.5,3.5,9],"texture":"#0"},"up":{"uv":[8.5,8.75,8,8.25],"texture":"#0"},"down":{"uv":[0.5,8.5,0,9],"texture":"#0"}}},{"from":[6.5,15,6],"to":[9.5,19,10],"rotation":{"angle":-45,"axis":"x","origin":[8,17,8]},"faces":{"north":{"uv":[7.5,3.25,8.25,4.25],"texture":"#0"},"east":{"uv":[7.5,2,6.5,3],"texture":"#0"},"south":{"uv":[6.5,7.5,7.25,8.5],"texture":"#0"},"west":{"uv":[6.5,2,7.5,3],"texture":"#0"},"up":{"uv":[8.25,7.75,7.5,6.75],"texture":"#0"},"down":{"uv":[1.75,7.75,1,8.75],"texture":"#0"}}}]}