{"display":{"thirdperson_righthand":{"rotation":[75,45,0],"translation":[0,1.75,2.25],"scale":[0.375,0.375,0.375]},"thirdperson_lefthand":{"rotation":[75,45,0],"translation":[0,1.75,2.25],"scale":[0.375,0.375,0.375]},"firstperson_righthand":{"rotation":[0,143,0],"translation":[3.75,2,0],"scale":[0.6,0.6,0.6]},"firstperson_lefthand":{"rotation":[0,143,0],"translation":[5.25,1.5,0],"scale":[0.6,0.6,0.6]},"ground":{"translation":[0,3,-2.75]},"gui":{"rotation":[0,0,33],"translation":[0,-1,0],"scale":[2.3,2.3,2.3]},"head":{"translation":[0,-31,0],"scale":[1.6,1.6,1.6]},"fixed":{"translation":[0,-1,3.5],"scale":[2,2,2]}},"textures":{"0":"crates/marvel/stone_red","particle":"crates/marvel/stone_red"},"elements":[{"from":[7.91421,9,5],"to":[10.91421,12,8],"rotation":{"angle":45,"axis":"z","origin":[9.41421,8.5,6]},"faces":{"north":{"uv":[2,5,5,8],"texture":"#0"},"east":{"uv":[5,5,8,8],"texture":"#0"},"south":{"uv":[5,5,2,8],"texture":"#0"},"west":{"uv":[2,8,5,11],"texture":"#0"},"up":{"uv":[11,6,8,3],"texture":"#0"},"down":{"uv":[8,8,5,11],"texture":"#0"}}},{"from":[7.5,5,5.5],"to":[9.5,10,7.5],"rotation":{"angle":0,"axis":"y","origin":[8,8.5,6]},"faces":{"north":{"uv":[0,0,2,5],"texture":"#0"},"east":{"uv":[2,0,4,5],"texture":"#0"},"south":{"uv":[2,0,0,5],"texture":"#0"},"west":{"uv":[0,5,2,10],"texture":"#0"},"up":{"uv":[8,5,6,3],"texture":"#0"},"down":{"uv":[11,0,9,2],"texture":"#0"}}},{"from":[6.5,6,6],"to":[8.5,10,7],"rotation":{"angle":0,"axis":"y","origin":[8,8.5,6]},"faces":{"north":{"uv":[8,6,10,10],"texture":"#0"},"east":{"uv":[10,6,11,10],"texture":"#0"},"south":{"uv":[10,6,8,10],"texture":"#0"},"west":{"uv":[8,10,9,14],"texture":"#0"},"up":{"uv":[11,3,9,2],"texture":"#0"},"down":{"uv":[11,10,9,11],"texture":"#0"}}}],"gui_light":"front"}