{"file_name":"wing","texture_size":[64,64],"textures":{"layer0":"manamodels/baby_dragon"},"elements":[{"name":"wing_0","from":[5.75,8.0,5.0],"to":[5.75,15.2,11.0],"rotation":{"angle":22.5,"axis":"z","origin":[9.35,14.0,10.700001]},"faces":{"east":{"uv":[0.0,2.5,2.5,5.5],"texture":"#layer0","tintindex":0},"south":{"uv":[5.0,2.5,5.0,5.5],"texture":"#layer0","tintindex":0},"north":{"uv":[2.5,2.5,2.5,5.5],"texture":"#layer0","tintindex":0},"west":{"uv":[2.5,2.5,5.0,5.5],"texture":"#layer0","tintindex":0},"up":{"uv":[2.5,2.5,2.5,0.0],"texture":"#layer0","tintindex":0},"down":{"uv":[2.5,0.0,2.5,2.5],"texture":"#layer0","tintindex":0}}}],"display":{"head":{"translation":[0.0,-6.4,0.0],"rotation":[0.0,0.0,0.0],"scale":[3.8095,3.8095,3.8095]},"gui":{"translation":[0.0,0.0,0.0],"rotation":[35.0,225.0,0.0],"scale":[0.625,0.625,0.625]}}}