{"file_name":"haunchright","texture_size":[64,64],"textures":{"layer0":"manamodels/killer_bunny"},"elements":[{"name":"haunchright_0","from":[7.4,6.522422,7.025762],"to":[8.6,8.922422,10.025763],"rotation":{"angle":0.0,"axis":"z","origin":[8.0,8.0,8.0]},"faces":{"east":{"uv":[5.5,1.25,6.75,2.25],"texture":"#layer0","tintindex":0},"south":{"uv":[8.5,1.25,9.0,2.25],"texture":"#layer0","tintindex":0},"north":{"uv":[6.75,1.25,7.25,2.25],"texture":"#layer0","tintindex":0},"west":{"uv":[7.25,1.25,8.5,2.25],"texture":"#layer0","tintindex":0},"up":{"uv":[7.25,1.25,6.75,0.0],"texture":"#layer0","tintindex":0},"down":{"uv":[7.25,0.0,7.75,1.25],"texture":"#layer0","tintindex":0}}}],"display":{"head":{"translation":[0.0,-6.4,0.0],"rotation":[0.0,0.0,0.0],"scale":[3.8095,3.8095,3.8095]},"gui":{"translation":[0.0,0.0,0.0],"rotation":[35.0,225.0,0.0],"scale":[0.625,0.625,0.625]}}}