{"file_name":"nose","texture_size":[64,64],"textures":{"layer0":"manamodels/killer_bunny"},"elements":[{"name":"nose_0","from":[7.7,8.9,4.7],"to":[8.3,9.5,5.3],"rotation":{"angle":0.0,"axis":"z","origin":[8.0,8.0,8.0]},"faces":{"east":{"uv":[1.5,0.25,1.75,0.5],"texture":"#layer0","tintindex":0},"south":{"uv":[2.25,0.25,2.5,0.5],"texture":"#layer0","tintindex":0},"north":{"uv":[1.75,0.25,2.0,0.5],"texture":"#layer0","tintindex":0},"west":{"uv":[2.0,0.25,2.25,0.5],"texture":"#layer0","tintindex":0},"up":{"uv":[2.0,0.25,1.75,0.0],"texture":"#layer0","tintindex":0},"down":{"uv":[2.0,0.0,2.25,0.25],"texture":"#layer0","tintindex":0}}}],"display":{"head":{"translation":[0.0,-6.4,0.0],"rotation":[0.0,0.0,0.0],"scale":[3.8095,3.8095,3.8095]},"gui":{"translation":[0.0,0.0,0.0],"rotation":[35.0,225.0,0.0],"scale":[0.625,0.625,0.625]}}}