{"file_name":"bone","texture_size":[128,128],"textures":{"layer0":"manamodels/kiltonboss"},"elements":[{"name":"bone_0","from":[-4.0000005,15.5,8.0],"to":[-1.0000005,18.5,12.5],"rotation":{"angle":0.0,"axis":"z","origin":[8.0,8.0,8.0]},"faces":{"east":{"uv":[9.0,13.125,9.375,13.375],"texture":"#layer0","tintindex":0},"south":{"uv":[9.375,13.5,9.625,13.75],"texture":"#layer0","tintindex":0},"north":{"uv":[9.0,13.5,9.25,13.75],"texture":"#layer0","tintindex":0},"west":{"uv":[9.5,13.125,9.875,13.375],"texture":"#layer0","tintindex":0},"up":{"uv":[10.25,13.5,10.0,13.125],"texture":"#layer0","tintindex":0},"down":{"uv":[10.375,13.125,10.625,13.5],"texture":"#layer0","tintindex":0}}},{"name":"bone_1","from":[-4.0000005,-0.9999981,11.0],"to":[-1.0000005,15.500003,14.0],"rotation":{"angle":0.0,"axis":"z","origin":[8.0,8.0,8.0]},"faces":{"east":{"uv":[0.0,10.5,0.25,11.875],"texture":"#layer0","tintindex":0},"south":{"uv":[9.125,10.5,9.375,11.875],"texture":"#layer0","tintindex":0},"north":{"uv":[8.75,9.875,9.0,11.25],"texture":"#layer0","tintindex":0},"west":{"uv":[1.375,10.625,1.625,12.0],"texture":"#layer0","tintindex":0},"up":{"uv":[11.0,13.75,10.75,13.5],"texture":"#layer0","tintindex":0},"down":{"uv":[11.125,13.5,11.375,13.75],"texture":"#layer0","tintindex":0}}}],"display":{"head":{"translation":[0.0,-6.4,0.0],"rotation":[0.0,0.0,0.0],"scale":[3.8095,3.8095,3.8095]},"gui":{"translation":[0.0,0.0,0.0],"rotation":[35.0,225.0,0.0],"scale":[0.625,0.625,0.625]}}}