{"file_name":"bone4","texture_size":[128,128],"textures":{"layer0":"manamodels/kiltonboss"},"elements":[{"name":"bone4_0","from":[-6.625001,0.49999404,9.5],"to":[-3.6250005,3.499994,11.0],"rotation":{"angle":0.0,"axis":"z","origin":[8.0,8.0,8.0]},"faces":{"east":{"uv":[2.375,13.625,2.5,13.875],"texture":"#layer0","tintindex":0},"south":{"uv":[13.5,8.875,13.75,9.125],"texture":"#layer0","tintindex":0},"north":{"uv":[13.5,8.5,13.75,8.75],"texture":"#layer0","tintindex":0},"west":{"uv":[2.625,13.625,2.75,13.875],"texture":"#layer0","tintindex":0},"up":{"uv":[3.125,13.75,2.875,13.625],"texture":"#layer0","tintindex":0},"down":{"uv":[4.25,13.625,4.5,13.75],"texture":"#layer0","tintindex":0}}},{"name":"bone4_1","from":[-9.250001,8.0,4.25],"to":[-4.7500005,12.5,8.75],"rotation":{"angle":0.0,"axis":"z","origin":[8.0,8.0,8.0]},"faces":{"east":{"uv":[10.625,12.625,11.0,13.0],"texture":"#layer0","tintindex":0},"south":{"uv":[11.125,12.625,11.5,13.0],"texture":"#layer0","tintindex":0},"north":{"uv":[10.125,12.625,10.5,13.0],"texture":"#layer0","tintindex":0},"west":{"uv":[11.625,12.625,12.0,13.0],"texture":"#layer0","tintindex":0},"up":{"uv":[13.0,1.25,12.625,0.875],"texture":"#layer0","tintindex":0},"down":{"uv":[12.625,1.375,13.0,1.75],"texture":"#layer0","tintindex":0}}},{"name":"bone4_2","from":[-10.750001,8.0,10.25],"to":[-3.2500005,11.0,10.25],"rotation":{"angle":0.0,"axis":"z","origin":[8.0,8.0,8.0]},"faces":{"east":{"uv":[6.875,13.875,6.875,14.125],"texture":"#layer0","tintindex":0},"south":{"uv":[7.875,12.25,8.5,12.5],"texture":"#layer0","tintindex":0},"north":{"uv":[12.125,5.25,12.75,5.5],"texture":"#layer0","tintindex":0},"west":{"uv":[7.0,13.875,7.0,14.125],"texture":"#layer0","tintindex":0},"up":{"uv":[7.75,13.875,7.125,13.875],"texture":"#layer0","tintindex":0},"down":{"uv":[8.625,13.875,9.25,13.875],"texture":"#layer0","tintindex":0}}},{"name":"bone4_3","from":[-10.750001,8.0,2.7499998],"to":[-3.2500005,11.0,2.7499998],"rotation":{"angle":0.0,"axis":"z","origin":[8.0,8.0,8.0]},"faces":{"east":{"uv":[7.875,13.875,7.875,14.125],"texture":"#layer0","tintindex":0},"south":{"uv":[10.125,12.25,10.75,12.5],"texture":"#layer0","tintindex":0},"north":{"uv":[9.375,12.25,10.0,12.5],"texture":"#layer0","tintindex":0},"west":{"uv":[8.0,13.875,8.0,14.125],"texture":"#layer0","tintindex":0},"up":{"uv":[10.625,13.875,10.0,13.875],"texture":"#layer0","tintindex":0},"down":{"uv":[10.75,13.875,11.375,13.875],"texture":"#layer0","tintindex":0}}},{"name":"bone4_4","from":[-10.750001,8.0,2.7499998],"to":[-10.750001,11.0,10.25],"rotation":{"angle":0.0,"axis":"z","origin":[8.0,8.0,8.0]},"faces":{"east":{"uv":[10.875,12.25,11.5,12.5],"texture":"#layer0","tintindex":0},"south":{"uv":[9.375,13.875,9.375,14.125],"texture":"#layer0","tintindex":0},"north":{"uv":[8.125,13.875,8.125,14.125],"texture":"#layer0","tintindex":0},"west":{"uv":[11.625,12.25,12.25,12.5],"texture":"#layer0","tintindex":0},"up":{"uv":[9.5,14.5,9.5,13.875],"texture":"#layer0","tintindex":0},"down":{"uv":[9.625,13.875,9.625,14.5],"texture":"#layer0","tintindex":0}}},{"name":"bone4_5","from":[-3.2500005,8.0,2.7499998],"to":[-3.2500005,11.0,10.25],"rotation":{"angle":0.0,"axis":"z","origin":[8.0,8.0,8.0]},"faces":{"east":{"uv":[12.25,5.625,12.875,5.875],"texture":"#layer0","tintindex":0},"south":{"uv":[11.875,13.875,11.875,14.125],"texture":"#layer0","tintindex":0},"north":{"uv":[11.75,13.875,11.75,14.125],"texture":"#layer0","tintindex":0},"west":{"uv":[12.25,6.0,12.875,6.25],"texture":"#layer0","tintindex":0},"up":{"uv":[12.0,14.5,12.0,13.875],"texture":"#layer0","tintindex":0},"down":{"uv":[12.5,13.875,12.5,14.5],"texture":"#layer0","tintindex":0}}},{"name":"bone4_6","from":[-10.750001,6.5,2.7499998],"to":[-3.2500005,8.0,10.25],"rotation":{"angle":0.0,"axis":"z","origin":[8.0,8.0,8.0]},"faces":{"east":{"uv":[13.25,2.75,13.875,2.875],"texture":"#layer0","tintindex":0},"south":{"uv":[13.25,3.0,13.875,3.125],"texture":"#layer0","tintindex":0},"north":{"uv":[13.25,2.5,13.875,2.625],"texture":"#layer0","tintindex":0},"west":{"uv":[13.25,3.25,13.875,3.375],"texture":"#layer0","tintindex":0},"up":{"uv":[10.5,2.125,9.875,1.5],"texture":"#layer0","tintindex":0},"down":{"uv":[9.875,2.25,10.5,2.875],"texture":"#layer0","tintindex":0}}},{"name":"bone4_7","from":[-8.875001,3.4999998,4.25],"to":[-4.3750005,6.5,8.75],"rotation":{"angle":0.0,"axis":"z","origin":[8.0,8.0,8.0]},"faces":{"east":{"uv":[2.5,13.25,2.875,13.5],"texture":"#layer0","tintindex":0},"south":{"uv":[3.0,13.25,3.375,13.5],"texture":"#layer0","tintindex":0},"north":{"uv":[2.0,13.25,2.375,13.5],"texture":"#layer0","tintindex":0},"west":{"uv":[4.25,13.25,4.625,13.5],"texture":"#layer0","tintindex":0},"up":{"uv":[0.375,13.125,0.0,12.75],"texture":"#layer0","tintindex":0},"down":{"uv":[12.75,2.625,13.125,3.0],"texture":"#layer0","tintindex":0}}},{"name":"bone4_8","from":[-8.125001,-1.0000067,3.4999998],"to":[-5.125001,3.4999936,9.5],"rotation":{"angle":0.0,"axis":"z","origin":[8.0,8.0,8.0]},"faces":{"east":{"uv":[3.875,11.75,4.375,12.125],"texture":"#layer0","tintindex":0},"south":{"uv":[12.125,13.25,12.375,13.625],"texture":"#layer0","tintindex":0},"north":{"uv":[8.25,13.25,8.5,13.625],"texture":"#layer0","tintindex":0},"west":{"uv":[11.75,11.75,12.25,12.125],"texture":"#layer0","tintindex":0},"up":{"uv":[13.25,6.0,13.0,5.5],"texture":"#layer0","tintindex":0},"down":{"uv":[13.0,7.125,13.25,7.625],"texture":"#layer0","tintindex":0}}}],"display":{"head":{"translation":[0.0,-6.4,0.0],"rotation":[0.0,0.0,0.0],"scale":[3.8095,3.8095,3.8095]},"gui":{"translation":[0.0,0.0,0.0],"rotation":[35.0,225.0,0.0],"scale":[0.625,0.625,0.625]}}}