{"file_name":"torso","texture_size":[128,128],"textures":{"layer0":"manamodels/kiltonboss"},"elements":[{"name":"torso_0","from":[1.8480257,-7.750002,15.013412],"to":[16.848026,2.75,19.513412],"rotation":{"angle":0.0,"axis":"z","origin":[8.0,-10.975002,8.0]},"faces":{"east":{"uv":[7.0,9.375,7.375,10.25],"texture":"#layer0","tintindex":0},"south":{"uv":[7.625,0.0,8.875,0.875],"texture":"#layer0","tintindex":0},"north":{"uv":[0.0,7.625,1.25,8.5],"texture":"#layer0","tintindex":0},"west":{"uv":[10.5,5.375,10.875,6.25],"texture":"#layer0","tintindex":0},"up":{"uv":[9.875,4.0,8.625,3.625],"texture":"#layer0","tintindex":0},"down":{"uv":[9.0,4.125,10.25,4.5],"texture":"#layer0","tintindex":0}}},{"name":"torso_1","from":[0.34802675,-7.000002,6.013412],"to":[18.348026,15.5,18.013412],"rotation":{"angle":0.0,"axis":"z","origin":[8.0,-10.975002,8.0]},"faces":{"east":{"uv":[0.0,4.0,1.0,5.875],"texture":"#layer0","tintindex":0},"south":{"uv":[1.625,1.625,3.125,3.5],"texture":"#layer0","tintindex":0},"north":{"uv":[0.0,0.0,1.5,1.875],"texture":"#layer0","tintindex":0},"west":{"uv":[4.875,4.875,5.875,6.75],"texture":"#layer0","tintindex":0},"up":{"uv":[6.375,3.75,4.875,2.75],"texture":"#layer0","tintindex":0},"down":{"uv":[1.125,5.25,2.625,6.25],"texture":"#layer0","tintindex":0}}},{"name":"torso_2","from":[3.3480258,29.0,1.5134119],"to":[15.348026,32.0,4.513412],"rotation":{"angle":0.0,"axis":"z","origin":[8.0,-10.975002,8.0]},"faces":{"east":{"uv":[13.375,12.875,13.625,13.125],"texture":"#layer0","tintindex":0},"south":{"uv":[11.25,7.375,12.25,7.625],"texture":"#layer0","tintindex":0},"north":{"uv":[2.375,11.25,3.375,11.5],"texture":"#layer0","tintindex":0},"west":{"uv":[4.75,13.5,5.0,13.75],"texture":"#layer0","tintindex":0},"up":{"uv":[12.25,10.5,11.25,10.25],"texture":"#layer0","tintindex":0},"down":{"uv":[3.5,11.375,4.5,11.625],"texture":"#layer0","tintindex":0}}},{"name":"torso_3","from":[3.3480258,15.5,-1.4865885],"to":[15.348026,30.5,7.513412],"rotation":{"angle":22.5,"axis":"x","origin":[9.348026,20.0,-2.9865885]},"faces":{"east":{"uv":[1.375,7.625,2.125,8.875],"texture":"#layer0","tintindex":0},"south":{"uv":[2.75,6.125,3.75,7.375],"texture":"#layer0","tintindex":0},"north":{"uv":[0.0,6.0,1.0,7.25],"texture":"#layer0","tintindex":0},"west":{"uv":[6.625,8.0,7.375,9.25],"texture":"#layer0","tintindex":0},"up":{"uv":[1.0,9.375,0.0,8.625],"texture":"#layer0","tintindex":0},"down":{"uv":[3.875,8.75,4.875,9.5],"texture":"#layer0","tintindex":0}}},{"name":"torso_4","from":[-1.9394746,18.875,-1.5240884],"to":[5.560526,26.375,-1.5240884],"rotation":{"angle":45.0,"axis":"y","origin":[2.5980258,23.0,-2.9865885]},"faces":{"east":{"uv":[12.625,13.875,12.625,14.5],"texture":"#layer0","tintindex":0},"south":{"uv":[0.625,10.0,1.25,10.625],"texture":"#layer0","tintindex":0},"north":{"uv":[9.875,4.625,10.5,5.25],"texture":"#layer0","tintindex":0},"west":{"uv":[12.75,13.875,12.75,14.5],"texture":"#layer0","tintindex":0},"up":{"uv":[13.5,13.875,12.875,13.875],"texture":"#layer0","tintindex":0},"down":{"uv":[13.625,13.875,14.25,13.875],"texture":"#layer0","tintindex":0}}},{"name":"torso_5","from":[1.0605257,21.875,-1.4865885],"to":[2.5605257,23.375,1.5134119],"rotation":{"angle":45.0,"axis":"y","origin":[2.5980258,23.0,-2.9865885]},"faces":{"east":{"uv":[11.75,13.625,12.0,13.75],"texture":"#layer0","tintindex":0},"south":{"uv":[8.0,11.25,8.125,11.375],"texture":"#layer0","tintindex":0},"north":{"uv":[0.375,10.5,0.5,10.625],"texture":"#layer0","tintindex":0},"west":{"uv":[13.625,13.625,13.875,13.75],"texture":"#layer0","tintindex":0},"up":{"uv":[3.375,13.875,3.25,13.625],"texture":"#layer0","tintindex":0},"down":{"uv":[13.625,1.25,13.75,1.5],"texture":"#layer0","tintindex":0}}},{"name":"torso_6","from":[6.348026,12.5,0.01341176],"to":[12.348026,15.5,6.013412],"rotation":{"angle":22.5,"axis":"x","origin":[9.348026,20.0,-2.9865885]},"faces":{"east":{"uv":[12.875,2.125,13.375,2.375],"texture":"#layer0","tintindex":0},"south":{"uv":[12.875,4.375,13.375,4.625],"texture":"#layer0","tintindex":0},"north":{"uv":[12.875,0.0,13.375,0.25],"texture":"#layer0","tintindex":0},"west":{"uv":[12.875,4.75,13.375,5.0],"texture":"#layer0","tintindex":0},"up":{"uv":[7.875,11.75,7.375,11.25],"texture":"#layer0","tintindex":0},"down":{"uv":[1.75,11.375,2.25,11.875],"texture":"#layer0","tintindex":0}}},{"name":"torso_7","from":[4.848026,-10.000002,6.8384123],"to":[13.848026,-7.000002,17.225912],"rotation":{"angle":0.0,"axis":"z","origin":[8.0,-10.975002,8.0]},"faces":{"east":{"uv":[11.375,10.625,12.25,10.875],"texture":"#layer0","tintindex":0},"south":{"uv":[6.25,11.625,7.0,11.875],"texture":"#layer0","tintindex":0},"north":{"uv":[5.0,10.0,5.75,10.25],"texture":"#layer0","tintindex":0},"west":{"uv":[11.375,11.0,12.25,11.25],"texture":"#layer0","tintindex":0},"up":{"uv":[9.5,7.875,8.75,7.0],"texture":"#layer0","tintindex":0},"down":{"uv":[1.125,9.0,1.875,9.875],"texture":"#layer0","tintindex":0}}},{"name":"torso_8","from":[0.34802675,-5.500002,19.625912],"to":[18.348026,12.5,19.625912],"rotation":{"angle":0.0,"axis":"z","origin":[8.0,-10.975002,8.0]},"faces":{"east":{"uv":[5.125,13.5,5.125,15.0],"texture":"#layer0","tintindex":0},"south":{"uv":[1.625,3.625,3.125,5.125],"texture":"#layer0","tintindex":0},"north":{"uv":[3.25,1.625,4.75,3.125],"texture":"#layer0","tintindex":0},"west":{"uv":[4.625,13.625,4.625,15.125],"texture":"#layer0","tintindex":0},"up":{"uv":[15.0,5.375,13.5,5.375],"texture":"#layer0","tintindex":0},"down":{"uv":[13.5,11.375,15.0,11.375],"texture":"#layer0","tintindex":0}}},{"name":"torso_9","from":[0.34802675,-5.500002,4.4384117],"to":[18.348026,17.0,4.4384117],"rotation":{"angle":0.0,"axis":"z","origin":[8.0,-10.975002,8.0]},"faces":{"east":{"uv":[1.25,13.875,1.25,15.75],"texture":"#layer0","tintindex":0},"south":{"uv":[3.25,3.25,4.75,5.125],"texture":"#layer0","tintindex":0},"north":{"uv":[0.0,2.0,1.5,3.875],"texture":"#layer0","tintindex":0},"west":{"uv":[1.375,13.875,1.375,15.75],"texture":"#layer0","tintindex":0},"up":{"uv":[15.25,3.625,13.75,3.625],"texture":"#layer0","tintindex":0},"down":{"uv":[13.75,3.75,15.25,3.75],"texture":"#layer0","tintindex":0}}},{"name":"torso_10","from":[-2.6519732,-9.282462,4.29134],"to":[21.348026,-0.28246307,4.29134],"rotation":{"angle":22.5,"axis":"x","origin":[9.348026,-4.782462,4.29134]},"faces":{"east":{"uv":[1.5,13.875,1.5,14.625],"texture":"#layer0","tintindex":0},"south":{"uv":[2.75,5.25,4.75,6.0],"texture":"#layer0","tintindex":0},"north":{"uv":[4.875,3.875,6.875,4.625],"texture":"#layer0","tintindex":0},"west":{"uv":[1.625,13.875,1.625,14.625],"texture":"#layer0","tintindex":0},"up":{"uv":[15.75,7.25,13.75,7.25],"texture":"#layer0","tintindex":0},"down":{"uv":[13.75,7.375,15.75,7.375],"texture":"#layer0","tintindex":0}}},{"name":"torso_11","from":[10.098026,3.5,4.513412],"to":[14.598026,15.5,19.513412],"rotation":{"angle":22.5,"axis":"z","origin":[8.598026,-22.000004,4.513412]},"faces":{"east":{"uv":[6.0,6.0,7.25,7.0],"texture":"#layer0","tintindex":0},"south":{"uv":[2.25,6.375,2.625,7.375],"texture":"#layer0","tintindex":0},"north":{"uv":[1.125,4.0,1.5,5.0],"texture":"#layer0","tintindex":0},"west":{"uv":[6.0,4.75,7.25,5.75],"texture":"#layer0","tintindex":0},"up":{"uv":[6.25,10.25,5.875,9.0],"texture":"#layer0","tintindex":0},"down":{"uv":[9.0,5.375,9.375,6.625],"texture":"#layer0","tintindex":0}}},{"name":"torso_12","from":[4.098026,3.5,4.513412],"to":[8.598026,15.5,19.513412],"rotation":{"angle":-22.5,"axis":"z","origin":[10.098026,-22.000004,4.513412]},"faces":{"east":{"uv":[7.25,4.75,6.0,5.75],"texture":"#layer0","tintindex":0},"south":{"uv":[2.625,6.375,2.25,7.375],"texture":"#layer0","tintindex":0},"north":{"uv":[1.5,4.0,1.125,5.0],"texture":"#layer0","tintindex":0},"west":{"uv":[7.25,6.0,6.0,7.0],"texture":"#layer0","tintindex":0},"up":{"uv":[5.875,10.25,6.25,9.0],"texture":"#layer0","tintindex":0},"down":{"uv":[9.375,5.375,9.0,6.625],"texture":"#layer0","tintindex":0}}},{"name":"torso_13","from":[-7.3364143,-15.257322,3.013412],"to":[-7.3364143,-6.2573223,21.013412],"rotation":{"angle":-22.5,"axis":"z","origin":[10.663586,-22.757322,4.513412]},"faces":{"east":{"uv":[7.375,4.375,8.875,5.125],"texture":"#layer0","tintindex":0},"south":{"uv":[2.875,13.875,2.875,14.625],"texture":"#layer0","tintindex":0},"north":{"uv":[2.25,13.875,2.25,14.625],"texture":"#layer0","tintindex":0},"west":{"uv":[7.375,5.25,8.875,6.0],"texture":"#layer0","tintindex":0},"up":{"uv":[3.0,15.375,3.0,13.875],"texture":"#layer0","tintindex":0},"down":{"uv":[3.125,13.875,3.125,15.375],"texture":"#layer0","tintindex":0}}},{"name":"torso_14","from":[26.032467,-15.257322,3.013412],"to":[26.032467,-6.2573223,21.013412],"rotation":{"angle":22.5,"axis":"z","origin":[8.032466,-22.757322,4.513412]},"faces":{"east":{"uv":[8.875,5.25,7.375,6.0],"texture":"#layer0","tintindex":0},"south":{"uv":[2.875,13.875,2.875,14.625],"texture":"#layer0","tintindex":0},"north":{"uv":[2.25,13.875,2.25,14.625],"texture":"#layer0","tintindex":0},"west":{"uv":[8.875,4.375,7.375,5.125],"texture":"#layer0","tintindex":0},"up":{"uv":[3.0,15.375,3.0,13.875],"texture":"#layer0","tintindex":0},"down":{"uv":[3.125,13.875,3.125,15.375],"texture":"#layer0","tintindex":0}}},{"name":"torso_15","from":[-3.4019747,-15.257322,25.697853],"to":[1.0980256,-6.2573223,25.697853],"rotation":{"angle":-22.5,"axis":"x","origin":[17.598026,-22.757322,7.697852]},"faces":{"east":{"uv":[4.25,13.875,4.25,14.625],"texture":"#layer0","tintindex":0},"south":{"uv":[10.625,2.125,11.0,2.875],"texture":"#layer0","tintindex":0},"north":{"uv":[8.25,10.625,8.625,11.375],"texture":"#layer0","tintindex":0},"west":{"uv":[4.375,13.875,4.375,14.625],"texture":"#layer0","tintindex":0},"up":{"uv":[1.5,5.125,1.125,5.125],"texture":"#layer0","tintindex":0},"down":{"uv":[6.75,5.875,7.125,5.875],"texture":"#layer0","tintindex":0}}},{"name":"torso_16","from":[17.598026,-15.257322,25.697853],"to":[22.098026,-6.2573223,25.697853],"rotation":{"angle":-22.5,"axis":"x","origin":[40.09803,-22.757322,7.697852]},"faces":{"east":{"uv":[4.5,13.875,4.5,14.625],"texture":"#layer0","tintindex":0},"south":{"uv":[0.375,10.75,0.75,11.5],"texture":"#layer0","tintindex":0},"north":{"uv":[10.625,4.375,11.0,5.125],"texture":"#layer0","tintindex":0},"west":{"uv":[4.75,13.875,4.75,14.625],"texture":"#layer0","tintindex":0},"up":{"uv":[8.5,7.0,8.125,7.0],"texture":"#layer0","tintindex":0},"down":{"uv":[11.0,6.5,11.375,6.5],"texture":"#layer0","tintindex":0}}}],"display":{"head":{"translation":[0.0,65.88527,0.0],"rotation":[0.0,0.0,0.0],"scale":[3.8095,3.8095,3.8095]},"gui":{"translation":[0.0,0.0,0.0],"rotation":[35.0,225.0,0.0],"scale":[0.625,0.625,0.625]}}}