{"model":{"type":"minecraft:range_dispatch","property":"custom_model_data","fallback":{"type":"minecraft:condition","property":"minecraft:using_item","on_false":{"type":"minecraft:model","model":"minecraft:item/bow"},"on_true":{"type":"minecraft:range_dispatch","property":"minecraft:use_duration","fallback":{"type":"minecraft:model","model":"minecraft:item/bow_pulling_0"},"entries":[{"threshold":0.65,"model":{"type":"minecraft:model","model":"minecraft:item/bow_pulling_1"}},{"threshold":0.9,"model":{"type":"minecraft:model","model":"minecraft:item/bow_pulling_2"}}],"scale":0.05}},"entries":[{"threshold":100001,"model":{"type":"minecraft:condition","property":"minecraft:using_item","on_false":{"type":"minecraft:model","model":"manalabs:crates/thanksgiving20_crate/nativebow"},"on_true":{"type":"minecraft:range_dispatch","property":"minecraft:use_duration","fallback":{"type":"minecraft:model","model":"manalabs:crates/thanksgiving20_crate/nativebowdraw1"},"entries":[{"threshold":0.65,"model":{"type":"minecraft:model","model":"manalabs:crates/thanksgiving20_crate/nativebowdraw2"}},{"threshold":0.9,"model":{"type":"minecraft:model","model":"manalabs:crates/thanksgiving20_crate/nativebowdraw3"}}],"scale":0.05}}},{"threshold":100002,"model":{"type":"minecraft:condition","property":"minecraft:using_item","on_false":{"type":"minecraft:model","model":"manalabs:crates/christmas20_crate/frostbow"},"on_true":{"type":"minecraft:range_dispatch","property":"minecraft:use_duration","fallback":{"type":"minecraft:model","model":"manalabs:crates/christmas20_crate/frostbow_0"},"entries":[{"threshold":0.65,"model":{"type":"minecraft:model","model":"manalabs:crates/christmas20_crate/frostbow_1"}},{"threshold":0.9,"model":{"type":"minecraft:model","model":"manalabs:crates/christmas20_crate/frostbow_2"}}],"scale":0.05}}},{"threshold":100003,"model":{"type":"minecraft:condition","property":"minecraft:using_item","on_false":{"type":"minecraft:model","model":"manalabs:crates/valentine20_crate/bow"},"on_true":{"type":"minecraft:range_dispatch","property":"minecraft:use_duration","fallback":{"type":"minecraft:model","model":"manalabs:crates/valentine20_crate/bow_draw1"},"entries":[{"threshold":0.65,"model":{"type":"minecraft:model","model":"manalabs:crates/valentine20_crate/bow_draw2"}},{"threshold":0.9,"model":{"type":"minecraft:model","model":"manalabs:crates/valentine20_crate/bow_draw3"}}],"scale":0.05}}},{"threshold":100004,"model":{"type":"minecraft:condition","property":"minecraft:using_item","on_false":{"type":"minecraft:model","model":"manalabs:gear/bow/olympus_bow"},"on_true":{"type":"minecraft:range_dispatch","property":"minecraft:use_duration","fallback":{"type":"minecraft:model","model":"manalabs:gear/bow/olympus_bow"},"entries":[{"threshold":0.65,"model":{"type":"minecraft:model","model":"manalabs:gear/bow/olympus_bow"}},{"threshold":0.9,"model":{"type":"minecraft:model","model":"manalabs:gear/bow/olympus_bow"}}],"scale":0.05}}},{"threshold":100005,"model":{"type":"minecraft:condition","property":"minecraft:using_item","on_false":{"type":"minecraft:model","model":"manalabs:gear/bow/candycanebow"},"on_true":{"type":"minecraft:range_dispatch","property":"minecraft:use_duration","fallback":{"type":"minecraft:model","model":"manalabs:gear/bow/candycanebow_pulling_0"},"entries":[{"threshold":0.65,"model":{"type":"minecraft:model","model":"manalabs:gear/bow/candycanebow_pulling_1"}},{"threshold":0.9,"model":{"type":"minecraft:model","model":"manalabs:gear/bow/candycanebow_pulling_2"}}],"scale":0.05}}},{"threshold":100006,"model":{"type":"minecraft:condition","property":"minecraft:using_item","on_false":{"type":"minecraft:model","model":"manalabs:gear/bow/forestbow"},"on_true":{"type":"minecraft:range_dispatch","property":"minecraft:use_duration","fallback":{"type":"minecraft:model","model":"manalabs:gear/bow/forestbow_pulling_0"},"entries":[{"threshold":0.65,"model":{"type":"minecraft:model","model":"manalabs:gear/bow/forestbow_pulling_1"}},{"threshold":0.9,"model":{"type":"minecraft:model","model":"manalabs:gear/bow/forestbow_pulling_2"}}],"scale":0.05}}},{"threshold":100007,"model":{"type":"minecraft:condition","property":"minecraft:using_item","on_false":{"type":"minecraft:model","model":"manalabs:gear/bow/cupidbow_regular"},"on_true":{"type":"minecraft:range_dispatch","property":"minecraft:use_duration","fallback":{"type":"minecraft:model","model":"manalabs:gear/bow/cupidbow_pulling_0"},"entries":[{"threshold":0.65,"model":{"type":"minecraft:model","model":"manalabs:gear/bow/cupidbow_pulling_1"}},{"threshold":0.9,"model":{"type":"minecraft:model","model":"manalabs:gear/bow/cupidbow_pulling_2"}}],"scale":0.05}}},{"threshold":100008,"model":{"type":"minecraft:condition","property":"minecraft:using_item","on_false":{"type":"minecraft:model","model":"manalabs:gear/bow/heroic_bow"},"on_true":{"type":"minecraft:range_dispatch","property":"minecraft:use_duration","fallback":{"type":"minecraft:model","model":"manalabs:gear/bow/heroic_bow1"},"entries":[{"threshold":0.65,"model":{"type":"minecraft:model","model":"manalabs:gear/bow/heroic_bow2"}},{"threshold":0.9,"model":{"type":"minecraft:model","model":"manalabs:gear/bow/heroic_bow3"}}],"scale":0.05}}},{"threshold":100009,"model":{"type":"minecraft:condition","property":"minecraft:using_item","on_false":{"type":"minecraft:model","model":"manalabs:gear/bow/crystal_bow"},"on_true":{"type":"minecraft:range_dispatch","property":"minecraft:use_duration","fallback":{"type":"minecraft:model","model":"manalabs:gear/bow/crystal_bow1"},"entries":[{"threshold":0.65,"model":{"type":"minecraft:model","model":"manalabs:gear/bow/crystal_bow2"}},{"threshold":0.9,"model":{"type":"minecraft:model","model":"manalabs:gear/bow/crystal_bow3"}}],"scale":0.05}}},{"threshold":100010,"model":{"type":"minecraft:condition","property":"minecraft:using_item","on_false":{"type":"minecraft:model","model":"manalabs:crates/pokemon21_crate/charizard_bow"},"on_true":{"type":"minecraft:range_dispatch","property":"minecraft:use_duration","fallback":{"type":"minecraft:model","model":"manalabs:crates/pokemon21_crate/charizard_bow1"},"entries":[{"threshold":0.65,"model":{"type":"minecraft:model","model":"manalabs:crates/pokemon21_crate/charizard_bow2"}},{"threshold":0.9,"model":{"type":"minecraft:model","model":"manalabs:crates/pokemon21_crate/charizard_bow3"}}],"scale":0.05}}},{"threshold":100011,"model":{"type":"minecraft:condition","property":"minecraft:using_item","on_false":{"type":"minecraft:model","model":"manalabs:gear/bow/kryknabow"},"on_true":{"type":"minecraft:range_dispatch","property":"minecraft:use_duration","fallback":{"type":"minecraft:model","model":"manalabs:gear/bow/kryknabow_draw1"},"entries":[{"threshold":0.65,"model":{"type":"minecraft:model","model":"manalabs:gear/bow/kryknabow_draw2"}},{"threshold":0.9,"model":{"type":"minecraft:model","model":"manalabs:gear/bow/kryknabow_draw3"}}],"scale":0.05}}},{"threshold":100012,"model":{"type":"minecraft:condition","property":"minecraft:using_item","on_false":{"type":"minecraft:model","model":"manalabs:crates/mythical/mythical_bow"},"on_true":{"type":"minecraft:range_dispatch","property":"minecraft:use_duration","fallback":{"type":"minecraft:model","model":"manalabs:crates/mythical/mythical_bow1"},"entries":[{"threshold":0.65,"model":{"type":"minecraft:model","model":"manalabs:crates/mythical/mythical_bow2"}},{"threshold":0.9,"model":{"type":"minecraft:model","model":"manalabs:crates/mythical/mythical_bow3"}}],"scale":0.05}}},{"threshold":100013,"model":{"type":"minecraft:condition","property":"minecraft:using_item","on_false":{"type":"minecraft:model","model":"manalabs:crates/anime21_crate/fate_bow_0"},"on_true":{"type":"minecraft:range_dispatch","property":"minecraft:use_duration","fallback":{"type":"minecraft:model","model":"manalabs:crates/anime21_crate/fate_bow_1"},"entries":[{"threshold":0.65,"model":{"type":"minecraft:model","model":"manalabs:crates/anime21_crate/fate_bow_2"}},{"threshold":0.9,"model":{"type":"minecraft:model","model":"manalabs:crates/anime21_crate/fate_bow_3"}}],"scale":0.05}}},{"threshold":100014,"model":{"type":"minecraft:condition","property":"minecraft:using_item","on_false":{"type":"minecraft:model","model":"manalabs:crates/christmas21_crate/xmas_bow"},"on_true":{"type":"minecraft:range_dispatch","property":"minecraft:use_duration","fallback":{"type":"minecraft:model","model":"manalabs:crates/christmas21_crate/xmas_bow_pull1"},"entries":[{"threshold":0.65,"model":{"type":"minecraft:model","model":"manalabs:crates/christmas21_crate/xmas_bow_pull1"}},{"threshold":0.9,"model":{"type":"minecraft:model","model":"manalabs:crates/christmas21_crate/xmas_bow_pull2"}}],"scale":0.05}}},{"threshold":100015,"model":{"type":"minecraft:condition","property":"minecraft:using_item","on_false":{"type":"minecraft:model","model":"manalabs:crates/valentines22_crate/valentines_bow"},"on_true":{"type":"minecraft:range_dispatch","property":"minecraft:use_duration","fallback":{"type":"minecraft:model","model":"manalabs:crates/valentines22_crate/valentines_bow_1"},"entries":[{"threshold":0.65,"model":{"type":"minecraft:model","model":"manalabs:crates/valentines22_crate/valentines_bow_2"}},{"threshold":0.9,"model":{"type":"minecraft:model","model":"manalabs:crates/valentines22_crate/valentines_bow_3"}}],"scale":0.05}}},{"threshold":100016,"model":{"type":"minecraft:condition","property":"minecraft:using_item","on_false":{"type":"minecraft:model","model":"manalabs:crates/skyrim_crate/auriels_bow"},"on_true":{"type":"minecraft:range_dispatch","property":"minecraft:use_duration","fallback":{"type":"minecraft:model","model":"manalabs:crates/skyrim_crate/auriels_bow"},"entries":[{"threshold":0.65,"model":{"type":"minecraft:model","model":"manalabs:crates/skyrim_crate/auriels_bow"}},{"threshold":0.9,"model":{"type":"minecraft:model","model":"manalabs:crates/skyrim_crate/auriels_bow"}}],"scale":0.05}}},{"threshold":100017,"model":{"type":"minecraft:condition","property":"minecraft:using_item","on_false":{"type":"minecraft:model","model":"manalabs:crates/space_crate/shooting_star_bow"},"on_true":{"type":"minecraft:range_dispatch","property":"minecraft:use_duration","fallback":{"type":"minecraft:model","model":"manalabs:crates/space_crate/shooting_star_bow"},"entries":[{"threshold":0.65,"model":{"type":"minecraft:model","model":"manalabs:crates/space_crate/shooting_star_bow"}},{"threshold":0.9,"model":{"type":"minecraft:model","model":"manalabs:crates/space_crate/shooting_star_bow"}}],"scale":0.05}}},{"threshold":100018,"model":{"type":"minecraft:condition","property":"minecraft:using_item","on_false":{"type":"minecraft:model","model":"manalabs:crates/medieval_crate/robin_hood_bow"},"on_true":{"type":"minecraft:range_dispatch","property":"minecraft:use_duration","fallback":{"type":"minecraft:model","model":"manalabs:crates/medieval_crate/robin_hood_bow"},"entries":[{"threshold":0.65,"model":{"type":"minecraft:model","model":"manalabs:crates/medieval_crate/robin_hood_bow"}},{"threshold":0.9,"model":{"type":"minecraft:model","model":"manalabs:crates/medieval_crate/robin_hood_bow"}}],"scale":0.05}}},{"threshold":100019,"model":{"type":"minecraft:condition","property":"minecraft:using_item","on_false":{"type":"minecraft:model","model":"manalabs:crates/christmas22_crate/merry_bow"},"on_true":{"type":"minecraft:range_dispatch","property":"minecraft:use_duration","fallback":{"type":"minecraft:model","model":"manalabs:crates/christmas22_crate/merry_bow"},"entries":[{"threshold":0.65,"model":{"type":"minecraft:model","model":"manalabs:crates/christmas22_crate/merry_bow"}},{"threshold":0.9,"model":{"type":"minecraft:model","model":"manalabs:crates/christmas22_crate/merry_bow"}}],"scale":0.05}}},{"threshold":100020,"model":{"type":"minecraft:condition","property":"minecraft:using_item","on_false":{"type":"minecraft:model","model":"manalabs:crates/marvel/hawkeyes_bow"},"on_true":{"type":"minecraft:range_dispatch","property":"minecraft:use_duration","fallback":{"type":"minecraft:model","model":"manalabs:crates/marvel/hawkeyes_bow_1"},"entries":[{"threshold":0.65,"model":{"type":"minecraft:model","model":"manalabs:crates/marvel/hawkeyes_bow_2"}},{"threshold":0.9,"model":{"type":"minecraft:model","model":"manalabs:crates/marvel/hawkeyes_bow_3"}}],"scale":0.05}}},{"threshold":100021,"model":{"type":"minecraft:condition","property":"minecraft:using_item","on_false":{"type":"minecraft:model","model":"manalabs:crates/mythology/gandiva_bow"},"on_true":{"type":"minecraft:range_dispatch","property":"minecraft:use_duration","fallback":{"type":"minecraft:model","model":"manalabs:crates/mythology/gandiva_bow_1"},"entries":[{"threshold":0.65,"model":{"type":"minecraft:model","model":"manalabs:crates/mythology/gandiva_bow_2"}},{"threshold":0.9,"model":{"type":"minecraft:model","model":"manalabs:crates/mythology/gandiva_bow_3"}}],"scale":0.05}}},{"threshold":100022,"model":{"type":"minecraft:condition","property":"minecraft:using_item","on_false":{"type":"minecraft:model","model":"manalabs:crates/wild/tranquilizer_crossbow"},"on_true":{"type":"minecraft:range_dispatch","property":"minecraft:use_duration","fallback":{"type":"minecraft:model","model":"manalabs:crates/wild/tranquilizer_crossbow"},"entries":[{"threshold":0.65,"model":{"type":"minecraft:model","model":"manalabs:crates/wild/tranquilizer_crossbow"}},{"threshold":0.9,"model":{"type":"minecraft:model","model":"manalabs:crates/wild/tranquilizer_crossbow"}}],"scale":0.05}}},{"threshold":100023,"model":{"type":"minecraft:condition","property":"minecraft:using_item","on_false":{"type":"minecraft:model","model":"manalabs:crates/drseuss21_crate/plain_gold_bow"},"on_true":{"type":"minecraft:range_dispatch","property":"minecraft:use_duration","fallback":{"type":"minecraft:model","model":"manalabs:crates/drseuss21_crate/plain_gold_bow_0"},"entries":[{"threshold":0.65,"model":{"type":"minecraft:model","model":"manalabs:crates/drseuss21_crate/plain_gold_bow_1"}},{"threshold":0.9,"model":{"type":"minecraft:model","model":"manalabs:crates/drseuss21_crate/plain_gold_bow_2"}}],"scale":0.05}}},{"threshold":100024,"model":{"type":"minecraft:condition","property":"minecraft:using_item","on_false":{"type":"minecraft:model","model":"manalabs:crates/pixar/meridas_bow"},"on_true":{"type":"minecraft:range_dispatch","property":"minecraft:use_duration","fallback":{"type":"minecraft:model","model":"manalabs:crates/pixar/meridas_bow_1"},"entries":[{"threshold":0.65,"model":{"type":"minecraft:model","model":"manalabs:crates/pixar/meridas_bow_2"}},{"threshold":0.9,"model":{"type":"minecraft:model","model":"manalabs:crates/pixar/meridas_bow_3"}}],"scale":0.05}}},{"threshold":100025,"model":{"type":"minecraft:condition","property":"minecraft:using_item","on_false":{"type":"minecraft:model","model":"manalabs:crates/mystery24/mysterious_bow"},"on_true":{"type":"minecraft:range_dispatch","property":"minecraft:use_duration","fallback":{"type":"minecraft:model","model":"manalabs:crates/mystery24/mysterious_bow_1"},"entries":[{"threshold":0.65,"model":{"type":"minecraft:model","model":"manalabs:crates/mystery24/mysterious_bow_2"}},{"threshold":0.9,"model":{"type":"minecraft:model","model":"manalabs:crates/mystery24/mysterious_bow_3"}}],"scale":0.05}}},{"threshold":100026,"model":{"type":"minecraft:condition","property":"minecraft:using_item","on_false":{"type":"minecraft:model","model":"manalabs:crates/valentines24/valentines_bow_pink"},"on_true":{"type":"minecraft:range_dispatch","property":"minecraft:use_duration","fallback":{"type":"minecraft:model","model":"manalabs:crates/valentines24/valentines_bow_pink_pulling_0"},"entries":[{"threshold":0.65,"model":{"type":"minecraft:model","model":"manalabs:crates/valentines24/valentines_bow_pink_pulling_1"}},{"threshold":0.9,"model":{"type":"minecraft:model","model":"manalabs:crates/valentines24/valentines_bow_pink_pulling_2"}}],"scale":0.05}}},{"threshold":100027,"model":{"type":"minecraft:condition","property":"minecraft:using_item","on_false":{"type":"minecraft:model","model":"manalabs:crates/bee/the_bees_knees"},"on_true":{"type":"minecraft:range_dispatch","property":"minecraft:use_duration","fallback":{"type":"minecraft:model","model":"manalabs:crates/bee/the_bees_knees_1"},"entries":[{"threshold":0.65,"model":{"type":"minecraft:model","model":"manalabs:crates/bee/the_bees_knees_2"}},{"threshold":0.9,"model":{"type":"minecraft:model","model":"manalabs:crates/bee/the_bees_knees_3"}}],"scale":0.05}}},{"threshold":100028,"model":{"type":"minecraft:condition","property":"minecraft:using_item","on_false":{"type":"minecraft:model","model":"manalabs:crates/anime/spirit_bow"},"on_true":{"type":"minecraft:range_dispatch","property":"minecraft:use_duration","fallback":{"type":"minecraft:model","model":"manalabs:crates/anime/spirit_bow_1"},"entries":[{"threshold":0.65,"model":{"type":"minecraft:model","model":"manalabs:crates/anime/spirit_bow_2"}},{"threshold":0.9,"model":{"type":"minecraft:model","model":"manalabs:crates/anime/spirit_bow_3"}}],"scale":0.05}}},{"threshold":100029,"model":{"type":"minecraft:condition","property":"minecraft:using_item","on_false":{"type":"minecraft:model","model":"manalabs:crates/anime/spirit_bow_1"},"on_true":{"type":"minecraft:range_dispatch","property":"minecraft:use_duration","fallback":{"type":"minecraft:model","model":"manalabs:crates/anime/spirit_bow_1"},"entries":[{"threshold":0.65,"model":{"type":"minecraft:model","model":"manalabs:crates/anime/spirit_bow_2"}},{"threshold":0.9,"model":{"type":"minecraft:model","model":"manalabs:crates/anime/spirit_bow_3"}}],"scale":0.05}}},{"threshold":100030,"model":{"type":"minecraft:condition","property":"minecraft:using_item","on_false":{"type":"minecraft:model","model":"manalabs:crates/zodiac/astral_bow"},"on_true":{"type":"minecraft:range_dispatch","property":"minecraft:use_duration","fallback":{"type":"minecraft:model","model":"manalabs:crates/zodiac/astral_bow"},"entries":[{"threshold":0.65,"model":{"type":"minecraft:model","model":"manalabs:crates/zodiac/astral_bow_1"}},{"threshold":0.9,"model":{"type":"minecraft:model","model":"manalabs:crates/zodiac/astral_bow_2"}}],"scale":0.05}}},{"threshold":100031,"model":{"type":"minecraft:condition","property":"minecraft:using_item","on_false":{"type":"minecraft:model","model":"manalabs:gear/crossbow/troll_crossbow_standby"},"on_true":{"type":"minecraft:range_dispatch","property":"minecraft:use_duration","fallback":{"type":"minecraft:model","model":"manalabs:gear/crossbow/troll_crossbow_pulling_0"},"entries":[{"threshold":0.65,"model":{"type":"minecraft:model","model":"manalabs:gear/crossbow/troll_crossbow_pulling_1"}},{"threshold":0.9,"model":{"type":"minecraft:model","model":"manalabs:gear/crossbow/troll_crossbow_pulling_2"}}],"scale":0.05}}},{"threshold":100032,"model":{"type":"minecraft:condition","property":"minecraft:using_item","on_false":{"type":"minecraft:model","model":"manalabs:crates/winter24/winter_bow"},"on_true":{"type":"minecraft:range_dispatch","property":"minecraft:use_duration","fallback":{"type":"minecraft:model","model":"manalabs:crates/winter24/winter_bow_1"},"entries":[{"threshold":0.65,"model":{"type":"minecraft:model","model":"manalabs:crates/winter24/winter_bow_2"}},{"threshold":0.9,"model":{"type":"minecraft:model","model":"manalabs:crates/winter24/winter_bow_3"}}],"scale":0.05}}},{"threshold":100033,"model":{"type":"minecraft:condition","property":"minecraft:using_item","on_false":{"type":"minecraft:model","model":"manalabs:crates/lotr/legolas_bow"},"on_true":{"type":"minecraft:range_dispatch","property":"minecraft:use_duration","fallback":{"type":"minecraft:model","model":"manalabs:crates/lotr/legolas_bow_1"},"entries":[{"threshold":0.65,"model":{"type":"minecraft:model","model":"manalabs:crates/lotr/legolas_bow_2"}},{"threshold":0.9,"model":{"type":"minecraft:model","model":"manalabs:crates/lotr/legolas_bow_3"}}],"scale":0.05}}},{"threshold":100034,"model":{"type":"minecraft:condition","property":"minecraft:using_item","on_false":{"type":"minecraft:model","model":"manalabs:crates/avatar/longshot_bow"},"on_true":{"type":"minecraft:range_dispatch","property":"minecraft:use_duration","fallback":{"type":"minecraft:model","model":"manalabs:crates/avatar/longshot_bow_1"},"entries":[{"threshold":0.65,"model":{"type":"minecraft:model","model":"manalabs:crates/avatar/longshot_bow_2"}},{"threshold":0.9,"model":{"type":"minecraft:model","model":"manalabs:crates/avatar/longshot_bow_3"}}],"scale":0.05}}},{"threshold":100035,"model":{"type":"minecraft:condition","property":"minecraft:using_item","on_false":{"type":"minecraft:model","model":"manalabs:crates/terraria/eventide_bow"},"on_true":{"type":"minecraft:range_dispatch","property":"minecraft:use_duration","fallback":{"type":"minecraft:model","model":"manalabs:crates/terraria/eventide_bow_1"},"entries":[{"threshold":0.65,"model":{"type":"minecraft:model","model":"manalabs:crates/terraria/eventide_bow_2"}},{"threshold":0.9,"model":{"type":"minecraft:model","model":"manalabs:crates/terraria/eventide_bow_3"}}],"scale":0.05}}},{"threshold":100036,"model":{"type":"minecraft:condition","property":"minecraft:using_item","on_false":{"type":"minecraft:model","model":"manalabs:crates/cartoon/opals_bow"},"on_true":{"type":"minecraft:range_dispatch","property":"minecraft:use_duration","fallback":{"type":"minecraft:model","model":"manalabs:crates/cartoon/opals_bow_1"},"entries":[{"threshold":0.65,"model":{"type":"minecraft:model","model":"manalabs:crates/cartoon/opals_bow_2"}},{"threshold":0.9,"model":{"type":"minecraft:model","model":"manalabs:crates/cartoon/opals_bow_3"}}],"scale":0.05}}},{"threshold":100036,"model":{"type":"minecraft:condition","property":"minecraft:using_item","on_false":{"type":"minecraft:model","model":"manalabs:crates/cartoon/opals_bow"},"on_true":{"type":"minecraft:range_dispatch","property":"minecraft:use_duration","fallback":{"type":"minecraft:model","model":"manalabs:crates/cartoon/opals_bow_1"},"entries":[{"threshold":0.65,"model":{"type":"minecraft:model","model":"manalabs:crates/cartoon/opals_bow_2"}},{"threshold":0.9,"model":{"type":"minecraft:model","model":"manalabs:crates/cartoon/opals_bow_3"}}],"scale":0.05}}},{"threshold":200001,"model":{"type":"minecraft:condition","property":"minecraft:using_item","on_false":{"type":"minecraft:model","model":"manalabs:gear/bow/viper_bow"},"on_true":{"type":"minecraft:range_dispatch","property":"minecraft:use_duration","fallback":{"type":"minecraft:model","model":"manalabs:gear/bow/viper_bow1"},"entries":[{"threshold":0.65,"model":{"type":"minecraft:model","model":"manalabs:gear/bow/viper_bow2"}},{"threshold":0.9,"model":{"type":"minecraft:model","model":"manalabs:gear/bow/viper_bow3"}}],"scale":0.05}}},{"threshold":200002,"model":{"type":"minecraft:condition","property":"minecraft:using_item","on_false":{"type":"minecraft:model","model":"manalabs:gear/bow/leaf_bow"},"on_true":{"type":"minecraft:range_dispatch","property":"minecraft:use_duration","fallback":{"type":"minecraft:model","model":"manalabs:gear/bow/leaf_bow1"},"entries":[{"threshold":0.65,"model":{"type":"minecraft:model","model":"manalabs:gear/bow/leaf_bow2"}},{"threshold":0.9,"model":{"type":"minecraft:model","model":"manalabs:gear/bow/leaf_bow3"}}],"scale":0.05}}},{"threshold":200003,"model":{"type":"minecraft:condition","property":"minecraft:using_item","on_false":{"type":"minecraft:model","model":"manalabs:gear/bow/ice_bow"},"on_true":{"type":"minecraft:range_dispatch","property":"minecraft:use_duration","fallback":{"type":"minecraft:model","model":"manalabs:gear/bow/ice_bow_pulling_0"},"entries":[{"threshold":0.65,"model":{"type":"minecraft:model","model":"manalabs:gear/bow/ice_bow_pulling_1"}},{"threshold":0.9,"model":{"type":"minecraft:model","model":"manalabs:gear/bow/ice_bow_pulling_2"}}],"scale":0.05}}},{"threshold":300005,"model":{"type":"minecraft:condition","property":"minecraft:using_item","on_false":{"type":"minecraft:model","model":"manalabs:gear/sets/enderdragon/bow"},"on_true":{"type":"minecraft:range_dispatch","property":"minecraft:use_duration","fallback":{"type":"minecraft:model","model":"manalabs:gear/sets/enderdragon/bow"},"entries":[{"threshold":0.65,"model":{"type":"minecraft:model","model":"manalabs:gear/sets/enderdragon/bow_pulling_0"}},{"threshold":0.9,"model":{"type":"minecraft:model","model":"manalabs:gear/sets/enderdragon/bow_pulling_1"}}],"scale":0.05}}},{"threshold":300006,"model":{"type":"minecraft:condition","property":"minecraft:using_item","on_false":{"type":"minecraft:model","model":"manalabs:gear/bow/maya_bow"},"on_true":{"type":"minecraft:range_dispatch","property":"minecraft:use_duration","fallback":{"type":"minecraft:model","model":"manalabs:gear/bow/maya_bow"},"entries":[{"threshold":0.65,"model":{"type":"minecraft:model","model":"manalabs:gear/bow/maya_bow"}},{"threshold":0.9,"model":{"type":"minecraft:model","model":"manalabs:gear/bow/maya_bow"}}],"scale":0.05}}},{"threshold":300007,"model":{"type":"minecraft:condition","property":"minecraft:using_item","on_false":{"type":"minecraft:model","model":"manalabs:gear/bow/poison_dart"},"on_true":{"type":"minecraft:range_dispatch","property":"minecraft:use_duration","fallback":{"type":"minecraft:model","model":"manalabs:gear/bow/poison_dart"},"entries":[{"threshold":0.65,"model":{"type":"minecraft:model","model":"manalabs:gear/bow/poison_dart"}},{"threshold":0.9,"model":{"type":"minecraft:model","model":"manalabs:gear/bow/poison_dart"}}],"scale":0.05}}},{"threshold":300007,"model":{"type":"minecraft:condition","property":"minecraft:using_item","on_false":{"type":"minecraft:model","model":"manalabs:gear/sets/arcane_jade/bow"},"on_true":{"type":"minecraft:range_dispatch","property":"minecraft:use_duration","fallback":{"type":"minecraft:model","model":"manalabs:gear/sets/arcane_jade/bow_0"},"entries":[{"threshold":0.65,"model":{"type":"minecraft:model","model":"manalabs:gear/sets/arcane_jade/bow_1"}},{"threshold":0.9,"model":{"type":"minecraft:model","model":"manalabs:gear/sets/arcane_jade/bow_2"}}],"scale":0.05}}},{"threshold":300010,"model":{"type":"minecraft:condition","property":"minecraft:using_item","on_false":{"type":"minecraft:model","model":"manalabs:gear/sets/egypt/bow"},"on_true":{"type":"minecraft:range_dispatch","property":"minecraft:use_duration","fallback":{"type":"minecraft:model","model":"manalabs:gear/sets/egypt/bow_0"},"entries":[{"threshold":0.65,"model":{"type":"minecraft:model","model":"manalabs:gear/sets/egypt/bow_1"}},{"threshold":0.9,"model":{"type":"minecraft:model","model":"manalabs:gear/sets/egypt/bow_2"}}],"scale":0.05}}},{"threshold":300011,"model":{"type":"minecraft:condition","property":"minecraft:using_item","on_false":{"type":"minecraft:model","model":"manalabs:gear/sets/challenge25/bow"},"on_true":{"type":"minecraft:range_dispatch","property":"minecraft:use_duration","fallback":{"type":"minecraft:model","model":"manalabs:gear/sets/challenge25/bow_0"},"entries":[{"threshold":0.65,"model":{"type":"minecraft:model","model":"manalabs:gear/sets/challenge25/bow_1"}},{"threshold":0.9,"model":{"type":"minecraft:model","model":"manalabs:gear/sets/challenge25/bow_2"}}],"scale":0.05}}},{"threshold":300013,"model":{"type":"minecraft:condition","property":"minecraft:using_item","on_false":{"type":"minecraft:model","model":"manalabs:gear/sets/relic/bow"},"on_true":{"type":"minecraft:range_dispatch","property":"minecraft:use_duration","fallback":{"type":"minecraft:model","model":"manalabs:gear/sets/relic/bow_0"},"entries":[{"threshold":0.65,"model":{"type":"minecraft:model","model":"manalabs:gear/sets/relic/bow_1"}},{"threshold":0.9,"model":{"type":"minecraft:model","model":"manalabs:gear/sets/relic/bow_2"}}],"scale":0.05}}},{"threshold":300014,"model":{"type":"minecraft:condition","property":"minecraft:using_item","on_false":{"type":"minecraft:model","model":"manalabs:gear/sets/hunter/bow"},"on_true":{"type":"minecraft:range_dispatch","property":"minecraft:use_duration","fallback":{"type":"minecraft:model","model":"manalabs:gear/sets/hunter/bow_0"},"entries":[{"threshold":0.65,"model":{"type":"minecraft:model","model":"manalabs:gear/sets/hunter/bow_1"}},{"threshold":0.9,"model":{"type":"minecraft:model","model":"manalabs:gear/sets/hunter/bow_2"}}],"scale":0.05}}}]}}