{"file_name":"main","texture_size":[64,64],"textures":{"layer0":"manamodels/aphrodite"},"elements":[{"name":"main_0","from":[5.8999996,3.1999998,5.8999996],"to":[10.1,10.280001,10.1],"rotation":{"angle":0.0,"axis":"z","origin":[8.0,8.0,8.0]},"faces":{"east":{"uv":[1.75,1.75,3.5,4.75],"texture":"#layer0","tintindex":0},"south":{"uv":[0.0,3.0,1.75,6.0],"texture":"#layer0","tintindex":0},"north":{"uv":[0.0,0.0,1.75,3.0],"texture":"#layer0","tintindex":0},"west":{"uv":[3.5,3.5,5.25,6.5],"texture":"#layer0","tintindex":0},"up":{"uv":[3.5,1.75,1.75,0.0],"texture":"#layer0","tintindex":0},"down":{"uv":[5.25,7.5,7.0,9.25],"texture":"#layer0","tintindex":0}}},{"name":"main_1","from":[6.05,10.25,6.05],"to":[9.950001,11.18,9.950001],"rotation":{"angle":0.0,"axis":"z","origin":[8.0,8.0,8.0]},"faces":{"east":{"uv":[0.0,13.25,1.75,13.75],"texture":"#layer0","tintindex":0},"south":{"uv":[4.0,13.25,5.75,13.75],"texture":"#layer0","tintindex":0},"north":{"uv":[12.75,9.75,14.5,10.25],"texture":"#layer0","tintindex":0},"west":{"uv":[8.75,13.25,10.5,13.75],"texture":"#layer0","tintindex":0},"up":{"uv":[1.75,10.0,0.0,8.25],"texture":"#layer0","tintindex":0},"down":{"uv":[8.5,8.5,10.25,10.25],"texture":"#layer0","tintindex":0}}}],"display":{"head":{"translation":[0.0,-6.4,0.0],"rotation":[0.0,0.0,0.0],"scale":[3.8095,3.8095,3.8095]},"gui":{"translation":[0.0,0.0,0.0],"rotation":[35.0,225.0,0.0],"scale":[0.625,0.625,0.625]}}}