{"file_name":"bone2","texture_size":[256,256],"textures":{"layer0":"manamodels/sign_furniture"},"elements":[{"name":"bone2_0","from":[-16.0,3.199997,7.7],"to":[0.8000021,32.0,8.3],"rotation":{"angle":0.0,"axis":"z","origin":[17.600002,3.199997,8.0]},"faces":{"east":{"uv":[0.0,0.0,0.0625,3.0],"texture":"#layer0","tintindex":0},"south":{"uv":[0.0,3.0625,1.75,6.0625],"texture":"#layer0","tintindex":0},"north":{"uv":[5.25,0.0,7.0,3.0],"texture":"#layer0","tintindex":0},"west":{"uv":[0.0,0.0,0.0625,3.0],"texture":"#layer0","tintindex":0},"up":{"uv":[0.0,0.0,1.75,0.0625],"texture":"#layer0","tintindex":0},"down":{"uv":[1.75,0.0,0.0,0.0625],"texture":"#layer0","tintindex":0}}}],"display":{"head":{"translation":[-36.57121,11.8856125,0.0],"rotation":[0.0,0.0,0.0],"scale":[3.8095,3.8095,3.8095]},"gui":{"translation":[0.0,0.0,0.0],"rotation":[35.0,225.0,0.0],"scale":[0.625,0.625,0.625]}}}