{"file_name":"arm_right","texture_size":[64,64],"textures":{"layer0":"manamodels/hepahaetus"},"elements":[{"name":"arm_right_0","from":[7.9411874,6.5571923,6.9917545],"to":[9.806509,8.64872,9.000561],"rotation":{"angle":22.5,"axis":"x","origin":[9.950001,8.0,8.0]},"faces":{"east":{"uv":[10.5,5.0,11.25,5.75],"texture":"#layer0","tintindex":0},"south":{"uv":[0.0,10.75,0.75,11.5],"texture":"#layer0","tintindex":0},"north":{"uv":[10.5,4.25,11.25,5.0],"texture":"#layer0","tintindex":0},"west":{"uv":[0.75,10.75,1.5,11.5],"texture":"#layer0","tintindex":0},"up":{"uv":[2.25,11.5,1.5,10.75],"texture":"#layer0","tintindex":0},"down":{"uv":[2.25,10.75,3.0,11.5],"texture":"#layer0","tintindex":0}}},{"name":"arm_right_1","from":[8.001188,4.157192,7.051754],"to":[9.7465105,8.528721,8.94056],"rotation":{"angle":22.5,"axis":"x","origin":[9.950001,8.0,8.0]},"faces":{"east":{"uv":[7.5,5.75,8.25,7.5],"texture":"#layer0","tintindex":0},"south":{"uv":[0.0,8.0,0.75,9.75],"texture":"#layer0","tintindex":0},"north":{"uv":[7.5,7.5,8.25,9.25],"texture":"#layer0","tintindex":0},"west":{"uv":[0.75,8.0,1.5,9.75],"texture":"#layer0","tintindex":0},"up":{"uv":[8.25,11.25,7.5,10.5],"texture":"#layer0","tintindex":0},"down":{"uv":[9.5,10.5,10.25,11.25],"texture":"#layer0","tintindex":0}}},{"name":"arm_right_2","from":[7.7311873,4.157192,6.781754],"to":[10.01651,4.74872,9.21056],"rotation":{"angle":22.5,"axis":"x","origin":[9.950001,8.0,8.0]},"faces":{"east":{"uv":[11.25,4.5,12.25,4.75],"texture":"#layer0","tintindex":0},"south":{"uv":[11.25,4.75,12.25,5.0],"texture":"#layer0","tintindex":0},"north":{"uv":[11.25,4.25,12.25,4.5],"texture":"#layer0","tintindex":0},"west":{"uv":[11.25,5.0,12.25,5.25],"texture":"#layer0","tintindex":0},"up":{"uv":[5.5,9.5,4.5,8.5],"texture":"#layer0","tintindex":0},"down":{"uv":[5.5,8.5,6.5,9.5],"texture":"#layer0","tintindex":0}}},{"name":"arm_right_3","from":[7.8811874,2.0571923,6.931754],"to":[9.86651,4.1487203,9.06056],"rotation":{"angle":22.5,"axis":"x","origin":[9.950001,8.0,8.0]},"faces":{"east":{"uv":[6.25,9.5,7.25,10.25],"texture":"#layer0","tintindex":0},"south":{"uv":[10.25,1.75,11.0,2.5],"texture":"#layer0","tintindex":0},"north":{"uv":[6.25,10.25,7.0,11.0],"texture":"#layer0","tintindex":0},"west":{"uv":[9.5,4.25,10.5,5.0],"texture":"#layer0","tintindex":0},"up":{"uv":[7.25,4.0,6.5,3.0],"texture":"#layer0","tintindex":0},"down":{"uv":[0.0,9.75,0.75,10.75],"texture":"#layer0","tintindex":0}}}],"display":{"head":{"translation":[0.0,-6.4,0.0],"rotation":[0.0,0.0,0.0],"scale":[3.8095,3.8095,3.8095]},"gui":{"translation":[0.0,0.0,0.0],"rotation":[35.0,225.0,0.0],"scale":[0.625,0.625,0.625]}}}