{"file_name":"bone8","texture_size":[128,128],"textures":{"layer0":"manamodels/kilton"},"elements":[{"name":"bone8_0","from":[10.849998,5.6,8.6],"to":[12.049999,6.2,9.2],"rotation":{"angle":0.0,"axis":"z","origin":[8.0,8.0,8.0]},"faces":{"east":{"uv":[10.5,4.375,10.375,4.5],"texture":"#layer0","tintindex":0},"south":{"uv":[8.125,13.625,7.875,13.75],"texture":"#layer0","tintindex":0},"north":{"uv":[7.75,13.625,7.5,13.75],"texture":"#layer0","tintindex":0},"west":{"uv":[10.25,8.375,10.125,8.5],"texture":"#layer0","tintindex":0},"up":{"uv":[10.0,13.75,10.25,13.625],"texture":"#layer0","tintindex":0},"down":{"uv":[10.625,13.625,10.375,13.75],"texture":"#layer0","tintindex":0}}}],"display":{"head":{"translation":[0.0,-6.4,0.0],"rotation":[0.0,0.0,0.0],"scale":[3.8095,3.8095,3.8095]},"gui":{"translation":[0.0,0.0,0.0],"rotation":[35.0,225.0,0.0],"scale":[0.625,0.625,0.625]}}}