{"file_name":"jaw_head2","texture_size":[128,128],"textures":{"layer0":"manamodels/houndpet"},"elements":[{"name":"jaw_head2_0","from":[6.5756483,7.2370877,6.0608478],"to":[9.424353,8.664992,8.909553],"rotation":{"angle":0.0,"axis":"z","origin":[8.0,8.0,8.0]},"faces":{"east":{"uv":[7.375,5.875,8.375,6.375],"texture":"#layer0","tintindex":0},"south":{"uv":[1.0,7.5,2.0,8.0],"texture":"#layer0","tintindex":0},"north":{"uv":[7.375,5.375,8.375,5.875],"texture":"#layer0","tintindex":0},"west":{"uv":[7.5,0.0,8.5,0.5],"texture":"#layer0","tintindex":0},"up":{"uv":[6.375,2.375,5.375,1.375],"texture":"#layer0","tintindex":0},"down":{"uv":[5.375,4.0,6.375,5.0],"texture":"#layer0","tintindex":0}}},{"name":"jaw_head2_1","from":[6.5792,7.2406397,6.0643997],"to":[9.4208,7.95104,8.906],"rotation":{"angle":0.0,"axis":"z","origin":[8.0,8.0,8.0]},"faces":{"east":{"uv":[7.625,7.375,8.625,7.625],"texture":"#layer0","tintindex":0},"south":{"uv":[7.875,2.0,8.875,2.25],"texture":"#layer0","tintindex":0},"north":{"uv":[7.625,7.125,8.625,7.375],"texture":"#layer0","tintindex":0},"west":{"uv":[8.0,0.75,9.0,1.0],"texture":"#layer0","tintindex":0},"up":{"uv":[5.0,6.5,4.0,5.5],"texture":"#layer0","tintindex":0},"down":{"uv":[1.25,5.625,2.25,6.625],"texture":"#layer0","tintindex":0}}}],"display":{"head":{"translation":[0.0,-6.4,0.0],"rotation":[0.0,0.0,0.0],"scale":[3.8095,3.8095,3.8095]},"gui":{"translation":[0.0,0.0,0.0],"rotation":[35.0,225.0,0.0],"scale":[0.625,0.625,0.625]}}}