{"display":{"gui":{"rotation":[0,-57,0],"translation":[0,-3,0],"scale":[0.6,0.6,0.6]}},"texture_size":[256,256],"textures":{"0":"manamodels/chocolate_monster"},"elements":[{"from":[-7.33764,0,-5],"to":[18.66236,5,21],"rotation":{"angle":0,"axis":"y","origin":[3.66236,0,8]},"faces":{"north":{"uv":[3.5625,2.6875,5.1875,3],"texture":"#0"},"east":{"uv":[3.5625,3.0625,5.1875,3.375],"texture":"#0"},"south":{"uv":[3.5625,3.4375,5.1875,3.75],"texture":"#0"},"west":{"uv":[0.8125,3.8125,2.4375,4.125],"texture":"#0"},"up":{"uv":[1.625,1.625,0,0],"texture":"#0"},"down":{"uv":[1.625,1.6875,0,3.3125],"texture":"#0"}}},{"name":"flats","from":[-12.33764,0,-3],"to":[-7.33764,0.025,19],"rotation":{"angle":0,"axis":"y","origin":[3.66236,0,8]},"faces":{"north":{"uv":[0.8125,3.75,1.125,3.75],"texture":"#0"},"east":{"uv":[6.9375,4.625,8.3125,4.625],"texture":"#0"},"south":{"uv":[1.1875,3.75,1.5,3.75],"texture":"#0"},"west":{"uv":[7,3.4375,8.375,3.4375],"texture":"#0"},"up":{"uv":[4.4375,5.1875,4.125,3.8125],"texture":"#0"},"down":{"uv":[0.3125,4.1875,0,5.5625],"texture":"#0"}}},{"from":[-4.33764,5,-3],"to":[16.66236,8,19],"rotation":{"angle":0,"axis":"y","origin":[3.66236,0,8]},"faces":{"north":{"uv":[5.0625,0.25,6.375,0.4375],"texture":"#0"},"east":{"uv":[4.6875,1.4375,6.0625,1.625],"texture":"#0"},"south":{"uv":[5.0625,1.6875,6.375,1.875],"texture":"#0"},"west":{"uv":[5.0625,0,6.4375,0.1875],"texture":"#0"},"up":{"uv":[3,1.375,1.6875,0],"texture":"#0"},"down":{"uv":[3,1.4375,1.6875,2.8125],"texture":"#0"}}},{"from":[-0.33764,8,2],"to":[11.66236,13,14],"rotation":{"angle":0,"axis":"y","origin":[3.66236,0,8]},"faces":{"north":{"uv":[0.8125,3.375,1.5625,3.6875],"texture":"#0"},"east":{"uv":[3.25,4.875,4,5.1875],"texture":"#0"},"south":{"uv":[0.375,4.9375,1.125,5.25],"texture":"#0"},"west":{"uv":[5.0625,1.9375,5.8125,2.25],"texture":"#0"},"up":{"uv":[3.8125,2.625,3.0625,1.875],"texture":"#0"},"down":{"uv":[0.75,3.375,0,4.125],"texture":"#0"}}},{"from":[-1.33764,-0.075,10],"to":[12.66236,2.925,24],"rotation":{"angle":0,"axis":"y","origin":[5.66236,-0.075,8]},"faces":{"north":{"uv":[0.8125,5.625,1.6875,5.8125],"texture":"#0"},"east":{"uv":[1.75,5.625,2.625,5.8125],"texture":"#0"},"south":{"uv":[5.625,3.1875,6.5,3.375],"texture":"#0"},"west":{"uv":[5.625,3.4375,6.5,3.625],"texture":"#0"},"up":{"uv":[3.9375,0.875,3.0625,0],"texture":"#0"},"down":{"uv":[3.9375,0.9375,3.0625,1.8125],"texture":"#0"}}},{"from":[-1.33764,-0.075,-8],"to":[12.66236,2.925,6],"rotation":{"angle":0,"axis":"y","origin":[5.66236,-0.075,8]},"faces":{"north":{"uv":[6.5,3.1875,5.625,3.375],"texture":"#0"},"east":{"uv":[2.625,5.625,1.75,5.8125],"texture":"#0"},"south":{"uv":[1.6875,5.625,0.8125,5.8125],"texture":"#0"},"west":{"uv":[6.5,3.4375,5.625,3.625],"texture":"#0"},"up":{"uv":[3.9375,0,3.0625,0.875],"texture":"#0"},"down":{"uv":[3.9375,1.8125,3.0625,0.9375],"texture":"#0"}}},{"from":[8.66236,12,3],"to":[13.66236,14,13],"rotation":{"angle":0,"axis":"y","origin":[3.66236,0,8]},"faces":{"north":{"uv":[4.375,6.6875,4.6875,6.8125],"texture":"#0"},"east":{"uv":[6.125,5.375,6.75,5.5],"texture":"#0"},"south":{"uv":[6.6875,5.9375,7,6.0625],"texture":"#0"},"west":{"uv":[6.1875,3.6875,6.8125,3.8125],"texture":"#0"},"up":{"uv":[2.375,4.8125,2.0625,4.1875],"texture":"#0"},"down":{"uv":[5.5625,3.1875,5.25,3.8125],"texture":"#0"}}},{"from":[13.66236,10,3],"to":[13.66236,12,13],"rotation":{"angle":0,"axis":"y","origin":[3.66236,0,8]},"faces":{"north":{"uv":[4.375,6.6875,4.6875,6.8125],"texture":"#0"},"east":{"uv":[6.0625,7.5,6.6875,7.625],"texture":"#0"},"south":{"uv":[6.6875,5.9375,7,6.0625],"texture":"#0"},"west":{"uv":[6.0625,7.875,6.6875,8],"texture":"#0"},"up":{"uv":[2.375,4.8125,2.0625,4.1875],"texture":"#0"},"down":{"uv":[5.5625,3.1875,5.25,3.8125],"texture":"#0"}}},{"from":[0.01236,14,3],"to":[9.01236,25,13],"rotation":{"angle":0,"axis":"y","origin":[3.66236,0,8]},"faces":{"north":{"uv":[0,7.5625,0.5625,8.25],"texture":"#0"},"east":{"uv":[3.875,1.875,4.5,2.5625],"texture":"#0"},"south":{"uv":[0,8.75,0.5625,9.4375],"texture":"#0"},"west":{"uv":[4,1.0625,4.625,1.75],"texture":"#0"},"up":{"uv":[1.375,8.375,0.8125,7.75],"texture":"#0"},"down":{"uv":[0.5,9.6875,0,10.3125],"texture":"#0"}}},{"from":[-1.01264,15,5],"to":[1.01236,23,11],"rotation":{"angle":0,"axis":"y","origin":[3.66236,0,8]},"faces":{"north":{"uv":[4.8125,6.25,4.9375,6.75],"texture":"#0"},"east":{"uv":[5.25,4.875,5.625,5.375],"texture":"#0"},"south":{"uv":[6.25,6.25,6.375,6.75],"texture":"#0"},"west":{"uv":[0.375,5.3125,0.75,5.8125],"texture":"#0"},"up":{"uv":[1.0625,6.6875,0.9375,6.3125],"texture":"#0"},"down":{"uv":[5.375,6.5,5.25,6.875],"texture":"#0"}}},{"from":[1.97394,11.3694,4],"to":[8.99894,27.3694,12],"rotation":{"angle":0,"axis":"y","origin":[3.97394,0.3694,8]},"faces":{"north":{"uv":[3.625,3.8125,4.0625,4.8125],"texture":"#0"},"east":{"uv":[2.5,3.8125,3,4.8125],"texture":"#0"},"south":{"uv":[4,0,4.4375,1],"texture":"#0"},"west":{"uv":[3.0625,3.8125,3.5625,4.8125],"texture":"#0"},"up":{"uv":[5.625,1,5.1875,0.5],"texture":"#0"},"down":{"uv":[5.6875,2.3125,5.25,2.8125],"texture":"#0"}}},{"from":[6.66236,14,5],"to":[12.66236,16,11],"rotation":{"angle":0,"axis":"y","origin":[3.66236,0,8]},"faces":{"north":{"uv":[6.5,1.4375,6.875,1.5625],"texture":"#0"},"east":{"uv":[6.5,4.0625,6.875,4.1875],"texture":"#0"},"south":{"uv":[6.5,4.25,6.875,4.375],"texture":"#0"},"west":{"uv":[4.375,6.5,4.75,6.625],"texture":"#0"},"up":{"uv":[3.0625,6,2.6875,5.625],"texture":"#0"},"down":{"uv":[6.0625,0.5,5.6875,0.875],"texture":"#0"}}},{"from":[9.49894,23.3694,8],"to":[11.49894,26.3694,11],"rotation":{"angle":0,"axis":"y","origin":[3.74894,-3.3806,9]},"faces":{"north":{"uv":[6.9375,5.4375,7.0625,5.625],"texture":"#0"},"east":{"uv":[4.9375,6.8125,5.125,7],"texture":"#0"},"south":{"uv":[5.625,6.9375,5.75,7.125],"texture":"#0"},"west":{"uv":[6.75,6.8125,6.9375,7],"texture":"#0"},"up":{"uv":[7.0625,5.875,6.9375,5.6875],"texture":"#0"},"down":{"uv":[7.0625,6.125,6.9375,6.3125],"texture":"#0"}}},{"from":[9.49894,23.3694,5],"to":[11.49894,26.3694,8],"rotation":{"angle":0,"axis":"y","origin":[3.74894,-3.3806,9]},"faces":{"north":{"uv":[6.9375,6.375,7.0625,6.5625],"texture":"#0"},"east":{"uv":[0,6.875,0.1875,7.0625],"texture":"#0"},"south":{"uv":[7,2.125,7.125,2.3125],"texture":"#0"},"west":{"uv":[0.25,6.875,0.4375,7.0625],"texture":"#0"},"up":{"uv":[7.125,2.5625,7,2.375],"texture":"#0"},"down":{"uv":[7.125,2.625,7,2.8125],"texture":"#0"}}},{"from":[7.66236,17.63604,20.6066],"to":[12.66236,19.63604,26.6066],"rotation":{"angle":-45,"axis":"x","origin":[3.66236,5.63604,23.6066]},"faces":{"north":{"uv":[6.75,3.875,7.0625,4],"texture":"#0"},"east":{"uv":[6.5,0.625,6.875,0.75],"texture":"#0"},"south":{"uv":[6.75,4.6875,7.0625,4.8125],"texture":"#0"},"west":{"uv":[6.5,1.25,6.875,1.375],"texture":"#0"},"up":{"uv":[6.0625,2.6875,5.75,2.3125],"texture":"#0"},"down":{"uv":[3.4375,5.75,3.125,6.125],"texture":"#0"}}},{"from":[7.66236,17.63604,-8],"to":[12.66236,19.63604,-2],"rotation":{"angle":45,"axis":"x","origin":[3.66236,5.63604,-7.6066]},"faces":{"north":{"uv":[7.0625,4.6875,6.75,4.8125],"texture":"#0"},"east":{"uv":[6.875,0.625,6.5,0.75],"texture":"#0"},"south":{"uv":[7.0625,3.875,6.75,4],"texture":"#0"},"west":{"uv":[6.875,1.25,6.5,1.375],"texture":"#0"},"up":{"uv":[6.0625,2.3125,5.75,2.6875],"texture":"#0"},"down":{"uv":[3.4375,6.125,3.125,5.75],"texture":"#0"}}},{"from":[7.16236,22.63604,18.6066],"to":[12.16236,27.63604,24.6066],"rotation":{"angle":-45,"axis":"x","origin":[4.66236,10.63604,21.6066]},"faces":{"north":{"uv":[6.125,0.5,6.4375,0.8125],"texture":"#0"},"east":{"uv":[3.5,5.75,3.875,6.0625],"texture":"#0"},"south":{"uv":[6.125,1.25,6.4375,1.5625],"texture":"#0"},"west":{"uv":[5.75,3.6875,6.125,4],"texture":"#0"},"up":{"uv":[6.0625,4.4375,5.75,4.0625],"texture":"#0"},"down":{"uv":[4.25,5.8125,3.9375,6.1875],"texture":"#0"}}},{"from":[7.16236,22.63604,-8],"to":[12.16236,27.63604,-2],"rotation":{"angle":45,"axis":"x","origin":[4.66236,10.63604,-5.6066]},"faces":{"north":{"uv":[6.125,4.0625,6.4375,4.375],"texture":"#0"},"east":{"uv":[5.75,4.5,6.125,4.8125],"texture":"#0"},"south":{"uv":[5.0625,6.125,5.375,6.4375],"texture":"#0"},"west":{"uv":[1.125,5.875,1.5,6.1875],"texture":"#0"},"up":{"uv":[1.875,6.25,1.5625,5.875],"texture":"#0"},"down":{"uv":[2.25,5.875,1.9375,6.25],"texture":"#0"}}},{"from":[10.16236,21.20536,14.14175],"to":[13.16236,23.20536,18.14175],"rotation":{"angle":-22.5,"axis":"x","origin":[5.66236,11.20536,23.14175]},"faces":{"north":{"uv":[2.8125,7,3,7.125],"texture":"#0"},"east":{"uv":[6.875,1.9375,7.125,2.0625],"texture":"#0"},"south":{"uv":[3.0625,7,3.25,7.125],"texture":"#0"},"west":{"uv":[2.3125,6.875,2.5625,7],"texture":"#0"},"up":{"uv":[2.9375,6.625,2.75,6.375],"texture":"#0"},"down":{"uv":[5.1875,6.5,5,6.75],"texture":"#0"}}},{"from":[10.16236,21.20536,-2.14175],"to":[13.16236,23.20536,1.85825],"rotation":{"angle":22.5,"axis":"x","origin":[5.66236,11.20536,-7.14175]},"faces":{"north":{"uv":[7,7,7.1875,7.125],"texture":"#0"},"east":{"uv":[6.875,3.6875,7.125,3.8125],"texture":"#0"},"south":{"uv":[7.0625,1.75,7.25,1.875],"texture":"#0"},"west":{"uv":[6.9375,0,7.1875,0.125],"texture":"#0"},"up":{"uv":[2.3125,6.8125,2.125,6.5625],"texture":"#0"},"down":{"uv":[2.5625,6.5625,2.375,6.8125],"texture":"#0"}}},{"from":[10.16236,27.82363,19.13055],"to":[12.16236,29.82363,24.13055],"rotation":{"angle":-45,"axis":"x","origin":[3.66236,17.82363,28.13055]},"faces":{"north":{"uv":[0.5625,7.125,0.6875,7.25],"texture":"#0"},"east":{"uv":[6.75,6.625,7.0625,6.75],"texture":"#0"},"south":{"uv":[7.125,0.5625,7.25,0.6875],"texture":"#0"},"west":{"uv":[6.8125,0.8125,7.125,0.9375],"texture":"#0"},"up":{"uv":[4.625,1,4.5,0.6875],"texture":"#0"},"down":{"uv":[5.1875,2.3125,5.0625,2.625],"texture":"#0"}}},{"from":[10.16236,27.82363,-8],"to":[12.16236,29.82363,-3],"rotation":{"angle":45,"axis":"x","origin":[3.66236,17.82363,-12.13055]},"faces":{"north":{"uv":[0.75,7.125,0.875,7.25],"texture":"#0"},"east":{"uv":[6.8125,1,7.125,1.125],"texture":"#0"},"south":{"uv":[1.25,7.125,1.375,7.25],"texture":"#0"},"west":{"uv":[6.8125,2.875,7.125,3],"texture":"#0"},"up":{"uv":[5.5625,7,5.4375,6.6875],"texture":"#0"},"down":{"uv":[4.875,6.8125,4.75,7.125],"texture":"#0"}}},{"from":[8.66236,18.39696,14.46681],"to":[11.66236,20.39696,21.46681],"rotation":{"angle":-45,"axis":"x","origin":[10.16236,19.39696,17.46681]},"faces":{"north":{"uv":[6.9375,4.4375,7.125,4.5625],"texture":"#0"},"east":{"uv":[3.0625,2.6875,3.5,2.8125],"texture":"#0"},"south":{"uv":[5.1875,6.9375,5.375,7.0625],"texture":"#0"},"west":{"uv":[6.3125,3,6.75,3.125],"texture":"#0"},"up":{"uv":[5.875,6.5625,5.6875,6.125],"texture":"#0"},"down":{"uv":[3.3125,6.1875,3.125,6.625],"texture":"#0"}}},{"from":[8.66236,18.39696,-5.46681],"to":[11.66236,20.39696,1.53319],"rotation":{"angle":45,"axis":"x","origin":[10.16236,19.39696,-1.46681]},"faces":{"north":{"uv":[5.375,6.9375,5.1875,7.0625],"texture":"#0"},"east":{"uv":[3.5,2.6875,3.0625,2.8125],"texture":"#0"},"south":{"uv":[7.125,4.4375,6.9375,4.5625],"texture":"#0"},"west":{"uv":[6.75,3,6.3125,3.125],"texture":"#0"},"up":{"uv":[5.875,6.125,5.6875,6.5625],"texture":"#0"},"down":{"uv":[3.3125,6.625,3.125,6.1875],"texture":"#0"}}},{"from":[3.66236,18.39696,8.46681],"to":[10.66236,25.39696,19.46681],"rotation":{"angle":-45,"axis":"x","origin":[10.16236,19.39696,15.46681]},"faces":{"north":{"uv":[3.25,5.25,3.6875,5.6875],"texture":"#0"},"east":{"uv":[4.5,3.8125,5.1875,4.25],"texture":"#0"},"south":{"uv":[3.75,5.25,4.1875,5.6875],"texture":"#0"},"west":{"uv":[4.5,4.3125,5.1875,4.75],"texture":"#0"},"up":{"uv":[5,2.5,4.5625,1.8125],"texture":"#0"},"down":{"uv":[5.125,0.6875,4.6875,1.375],"texture":"#0"}}},{"from":[3.66236,18.39696,-3.46681],"to":[10.66236,25.39696,7.53319],"rotation":{"angle":45,"axis":"x","origin":[10.16236,19.39696,0.53319]},"faces":{"north":{"uv":[4.1875,5.25,3.75,5.6875],"texture":"#0"},"east":{"uv":[5.1875,3.8125,4.5,4.25],"texture":"#0"},"south":{"uv":[3.6875,5.25,3.25,5.6875],"texture":"#0"},"west":{"uv":[5.1875,4.3125,4.5,4.75],"texture":"#0"},"up":{"uv":[5,1.8125,4.5625,2.5],"texture":"#0"},"down":{"uv":[5.125,1.375,4.6875,0.6875],"texture":"#0"}}},{"from":[9.16236,17,5],"to":[14.16236,19,11],"rotation":{"angle":0,"axis":"y","origin":[3.66236,-1,8]},"faces":{"north":{"uv":[0.875,6.75,1.1875,6.875],"texture":"#0"},"east":{"uv":[6.5,0,6.875,0.125],"texture":"#0"},"south":{"uv":[3.6875,6.75,4,6.875],"texture":"#0"},"west":{"uv":[6.5,0.4375,6.875,0.5625],"texture":"#0"},"up":{"uv":[0.3125,6,0,5.625],"texture":"#0"},"down":{"uv":[6,4.875,5.6875,5.25],"texture":"#0"}}},{"from":[7.99894,26.3694,4],"to":[10.99894,28.3694,12],"rotation":{"angle":0,"axis":"y","origin":[11.49894,28.3694,9.5]},"faces":{"north":{"uv":[7,3.0625,7.1875,3.1875],"texture":"#0"},"east":{"uv":[6.1875,3.875,6.6875,4],"texture":"#0"},"south":{"uv":[7,3.25,7.1875,3.375],"texture":"#0"},"west":{"uv":[6.1875,4.6875,6.6875,4.8125],"texture":"#0"},"up":{"uv":[3.875,6.625,3.6875,6.125],"texture":"#0"},"down":{"uv":[5.625,6.125,5.4375,6.625],"texture":"#0"}}},{"from":[7.99894,22.3694,11],"to":[10.99894,26.3694,13],"rotation":{"angle":0,"axis":"y","origin":[11.49894,28.3694,9.5]},"faces":{"north":{"uv":[5.9375,6.5,6.125,6.75],"texture":"#0"},"east":{"uv":[4.0625,6.875,4.1875,7.125],"texture":"#0"},"south":{"uv":[0,6.5625,0.1875,6.8125],"texture":"#0"},"west":{"uv":[4.25,6.875,4.375,7.125],"texture":"#0"},"up":{"uv":[3.5,7.125,3.3125,7],"texture":"#0"},"down":{"uv":[6,7,5.8125,7.125],"texture":"#0"}}},{"from":[7.99894,22.3694,3],"to":[10.99894,26.3694,5],"rotation":{"angle":0,"axis":"y","origin":[11.49894,28.3694,9.5]},"faces":{"north":{"uv":[6.5625,0.8125,6.75,1.0625],"texture":"#0"},"east":{"uv":[4.4375,6.875,4.5625,7.125],"texture":"#0"},"south":{"uv":[1.875,6.5625,2.0625,6.8125],"texture":"#0"},"west":{"uv":[6.875,4.875,7,5.125],"texture":"#0"},"up":{"uv":[6.25,7.125,6.0625,7],"texture":"#0"},"down":{"uv":[7.1875,6.8125,7,6.9375],"texture":"#0"}}},{"from":[11.42499,17.46094,3.5],"to":[13.42499,18.46094,12.5],"rotation":{"angle":0,"axis":"y","origin":[14.42499,-2.53906,8]},"faces":{"north":{"uv":[4.5625,2.5625,4.6875,2.625],"texture":"#0"},"east":{"uv":[6.4375,1.8125,7,1.875],"texture":"#0"},"south":{"uv":[4.6875,1.6875,4.8125,1.75],"texture":"#0"},"west":{"uv":[6.5625,3.5625,7.125,3.625],"texture":"#0"},"up":{"uv":[1.5,6.8125,1.375,6.25],"texture":"#0"},"down":{"uv":[4.3125,6.25,4.1875,6.8125],"texture":"#0"}}},{"from":[11.42499,18.46094,1.5],"to":[13.42499,22.46094,14.5],"rotation":{"angle":0,"axis":"y","origin":[14.42499,-2.53906,8]},"faces":{"north":{"uv":[6.3125,6.875,6.4375,7.125],"texture":"#0"},"east":{"uv":[5.1875,1.0625,6,1.3125],"texture":"#0"},"south":{"uv":[6.5,6.875,6.625,7.125],"texture":"#0"},"west":{"uv":[5.25,2.875,6.0625,3.125],"texture":"#0"},"up":{"uv":[6.25,3.0625,6.125,2.25],"texture":"#0"},"down":{"uv":[3.625,6.125,3.5,6.9375],"texture":"#0"}}},{"from":[13.16236,21,7],"to":[15.16236,23,9],"rotation":{"angle":0,"axis":"y","origin":[13.16236,21,8]},"faces":{"north":{"uv":[7.0625,5.0625,7.1875,5.1875],"texture":"#0"},"east":{"uv":[7.0625,5.9375,7.1875,6.0625],"texture":"#0"},"south":{"uv":[0.1875,7.125,0.3125,7.25],"texture":"#0"},"west":{"uv":[7.125,0.1875,7.25,0.3125],"texture":"#0"},"up":{"uv":[0.5,7.25,0.375,7.125],"texture":"#0"},"down":{"uv":[7.25,0.375,7.125,0.5],"texture":"#0"}}},{"from":[7.66236,21.70353,12.92562],"to":[12.66236,24.70353,18.92562],"rotation":{"angle":22.5,"axis":"x","origin":[7.16236,18.70353,13.92562]},"faces":{"north":{"uv":[1.875,6.3125,2.1875,6.5],"texture":"#0"},"east":{"uv":[1.75,5.375,2.125,5.5625],"texture":"#0"},"south":{"uv":[6.3125,2.25,6.625,2.4375],"texture":"#0"},"west":{"uv":[6.1875,4.4375,6.5625,4.625],"texture":"#0"},"up":{"uv":[5.5,6.0625,5.1875,5.6875],"texture":"#0"},"down":{"uv":[5.875,5.6875,5.5625,6.0625],"texture":"#0"}}},{"from":[7.66236,21.70353,-2.92562],"to":[12.66236,24.70353,3.07438],"rotation":{"angle":-22.5,"axis":"x","origin":[7.16236,18.70353,2.07438]},"faces":{"north":{"uv":[6.625,2.25,6.3125,2.4375],"texture":"#0"},"east":{"uv":[2.125,5.375,1.75,5.5625],"texture":"#0"},"south":{"uv":[2.1875,6.3125,1.875,6.5],"texture":"#0"},"west":{"uv":[6.5625,4.4375,6.1875,4.625],"texture":"#0"},"up":{"uv":[5.5,5.6875,5.1875,6.0625],"texture":"#0"},"down":{"uv":[5.875,6.0625,5.5625,5.6875],"texture":"#0"}}},{"from":[4.66236,12,11],"to":[8.66236,16,18],"rotation":{"angle":0,"axis":"y","origin":[5.66236,6,8]},"faces":{"north":{"uv":[1.1875,4.9375,1.4375,5.1875],"texture":"#0"},"east":{"uv":[5.875,1.9375,6.3125,2.1875],"texture":"#0"},"south":{"uv":[0.3125,6.3125,0.5625,6.5625],"texture":"#0"},"west":{"uv":[5.9375,5.6875,6.375,5.9375],"texture":"#0"},"up":{"uv":[2.5625,6.3125,2.3125,5.875],"texture":"#0"},"down":{"uv":[6.1875,6,5.9375,6.4375],"texture":"#0"}}},{"name":"flats","from":[8.66236,10,11],"to":[8.66236,12,18],"rotation":{"angle":0,"axis":"y","origin":[5.66236,6,8]},"faces":{"north":{"uv":[1.625,3.375,1.625,3.5],"texture":"#0"},"east":{"uv":[6.375,4.875,6.8125,5],"texture":"#0"},"south":{"uv":[1.625,3.5625,1.625,3.6875],"texture":"#0"},"west":{"uv":[6.375,5.0625,6.8125,5.1875],"texture":"#0"},"up":{"uv":[2.4375,4.625,2.4375,4.1875],"texture":"#0"},"down":{"uv":[3.4375,6.375,3.4375,6.8125],"texture":"#0"}}},{"name":"flats","from":[4.66236,10,11],"to":[4.66236,12,18],"rotation":{"angle":0,"axis":"y","origin":[5.66236,6,8]},"faces":{"north":{"uv":[2.4375,4.6875,2.4375,4.8125],"texture":"#0"},"east":{"uv":[6.4375,0.25,6.875,0.375],"texture":"#0"},"south":{"uv":[4.0625,4.875,4.0625,5],"texture":"#0"},"west":{"uv":[6.4375,1.625,6.875,1.75],"texture":"#0"},"up":{"uv":[4.625,7.3125,4.625,6.875],"texture":"#0"},"down":{"uv":[4.6875,6.875,4.6875,7.3125],"texture":"#0"}}},{"from":[5.41236,15.37955,22.42178],"to":[6.41236,16.37955,24.42178],"rotation":{"angle":-22.5,"axis":"x","origin":[6.16236,14.87955,24.42178]},"faces":{"north":{"uv":[4.9375,2.5625,5,2.625],"texture":"#0"},"east":{"uv":[4.75,2.5625,4.875,2.625],"texture":"#0"},"south":{"uv":[1.375,5.25,1.4375,5.3125],"texture":"#0"},"west":{"uv":[4.875,1.6875,5,1.75],"texture":"#0"},"up":{"uv":[5.125,0.625,5.0625,0.5],"texture":"#0"},"down":{"uv":[5.6875,3.6875,5.625,3.8125],"texture":"#0"}}},{"from":[5.16236,12.5,22],"to":[7.16236,15.5,26],"rotation":{"angle":0,"axis":"y","origin":[5.66236,6,8]},"faces":{"north":{"uv":[4.9375,7.0625,5.0625,7.25],"texture":"#0"},"east":{"uv":[6.625,4.4375,6.875,4.625],"texture":"#0"},"south":{"uv":[5.4375,7.0625,5.5625,7.25],"texture":"#0"},"west":{"uv":[6.4375,6.625,6.6875,6.8125],"texture":"#0"},"up":{"uv":[7.0625,0.4375,6.9375,0.1875],"texture":"#0"},"down":{"uv":[7.0625,0.5,6.9375,0.75],"texture":"#0"}}},{"from":[5.16236,12.5,18],"to":[8.16236,15.5,22],"rotation":{"angle":0,"axis":"y","origin":[5.66236,6,8]},"faces":{"north":{"uv":[0.5,6.875,0.6875,7.0625],"texture":"#0"},"east":{"uv":[0.25,6.625,0.5,6.8125],"texture":"#0"},"south":{"uv":[1.25,6.875,1.4375,7.0625],"texture":"#0"},"west":{"uv":[0.5625,6.625,0.8125,6.8125],"texture":"#0"},"up":{"uv":[1.75,6.875,1.5625,6.625],"texture":"#0"},"down":{"uv":[5.875,6.625,5.6875,6.875],"texture":"#0"}}},{"name":"flats","from":[8.16236,10.5,18],"to":[8.16236,12.5,22],"rotation":{"angle":0,"axis":"y","origin":[5.66236,6,8]},"faces":{"north":{"uv":[4.0625,5.0625,4.0625,5.1875],"texture":"#0"},"east":{"uv":[0.75,6.9375,1,7.0625],"texture":"#0"},"south":{"uv":[2.1875,5.375,2.1875,5.5],"texture":"#0"},"west":{"uv":[6.9375,1.1875,7.1875,1.3125],"texture":"#0"},"up":{"uv":[3,6.625,3,6.375],"texture":"#0"},"down":{"uv":[3.0625,6.375,3.0625,6.625],"texture":"#0"}}},{"name":"flats","from":[5.16236,10.5,18],"to":[5.16236,12.5,22],"rotation":{"angle":0,"axis":"y","origin":[5.66236,6,8]},"faces":{"north":{"uv":[2.625,5.875,2.625,6],"texture":"#0"},"east":{"uv":[6.9375,1.375,7.1875,1.5],"texture":"#0"},"south":{"uv":[0.3125,6.0625,0.3125,6.1875],"texture":"#0"},"west":{"uv":[1.5,6.9375,1.75,7.0625],"texture":"#0"},"up":{"uv":[3.375,6.625,3.375,6.375],"texture":"#0"},"down":{"uv":[6.1875,6.5,6.1875,6.75],"texture":"#0"}}},{"from":[4.66236,12,-2],"to":[8.66236,16,5],"rotation":{"angle":0,"axis":"y","origin":[5.66236,6,8]},"faces":{"north":{"uv":[0.5625,6.3125,0.3125,6.5625],"texture":"#0"},"east":{"uv":[6.3125,1.9375,5.875,2.1875],"texture":"#0"},"south":{"uv":[1.4375,4.9375,1.1875,5.1875],"texture":"#0"},"west":{"uv":[6.375,5.6875,5.9375,5.9375],"texture":"#0"},"up":{"uv":[2.5625,5.875,2.3125,6.3125],"texture":"#0"},"down":{"uv":[6.1875,6.4375,5.9375,6],"texture":"#0"}}},{"name":"flats","from":[8.66236,10,-2],"to":[8.66236,12,5],"rotation":{"angle":0,"axis":"y","origin":[5.66236,6,8]},"faces":{"north":{"uv":[1.625,3.5625,1.625,3.6875],"texture":"#0"},"east":{"uv":[6.8125,4.875,6.375,5],"texture":"#0"},"south":{"uv":[1.625,3.375,1.625,3.5],"texture":"#0"},"west":{"uv":[6.8125,5.0625,6.375,5.1875],"texture":"#0"},"up":{"uv":[2.4375,4.1875,2.4375,4.625],"texture":"#0"},"down":{"uv":[3.4375,6.8125,3.4375,6.375],"texture":"#0"}}},{"name":"flats","from":[4.66236,10,-2],"to":[4.66236,12,5],"rotation":{"angle":0,"axis":"y","origin":[5.66236,6,8]},"faces":{"north":{"uv":[4.0625,4.875,4.0625,5],"texture":"#0"},"east":{"uv":[6.875,0.25,6.4375,0.375],"texture":"#0"},"south":{"uv":[2.4375,4.6875,2.4375,4.8125],"texture":"#0"},"west":{"uv":[6.875,1.625,6.4375,1.75],"texture":"#0"},"up":{"uv":[4.625,6.875,4.625,7.3125],"texture":"#0"},"down":{"uv":[4.6875,7.3125,4.6875,6.875],"texture":"#0"}}},{"from":[5.41236,15.37955,-10],"to":[6.41236,16.37955,-8],"rotation":{"angle":22.5,"axis":"x","origin":[6.16236,14.87955,-10.42178]},"faces":{"north":{"uv":[1.4375,5.25,1.375,5.3125],"texture":"#0"},"east":{"uv":[4.875,2.5625,4.75,2.625],"texture":"#0"},"south":{"uv":[5,2.5625,4.9375,2.625],"texture":"#0"},"west":{"uv":[5,1.6875,4.875,1.75],"texture":"#0"},"up":{"uv":[5.125,0.5,5.0625,0.625],"texture":"#0"},"down":{"uv":[5.6875,3.8125,5.625,3.6875],"texture":"#0"}}},{"from":[5.16236,12.5,-10],"to":[7.16236,15.5,-6],"rotation":{"angle":0,"axis":"y","origin":[5.66236,6,6]},"faces":{"north":{"uv":[5.5625,7.0625,5.4375,7.25],"texture":"#0"},"east":{"uv":[6.875,4.4375,6.625,4.625],"texture":"#0"},"south":{"uv":[5.0625,7.0625,4.9375,7.25],"texture":"#0"},"west":{"uv":[6.6875,6.625,6.4375,6.8125],"texture":"#0"},"up":{"uv":[7.0625,0.1875,6.9375,0.4375],"texture":"#0"},"down":{"uv":[7.0625,0.75,6.9375,0.5],"texture":"#0"}}},{"from":[5.16236,12.5,-6],"to":[8.16236,15.5,-2],"rotation":{"angle":0,"axis":"y","origin":[5.66236,6,8]},"faces":{"north":{"uv":[1.4375,6.875,1.25,7.0625],"texture":"#0"},"east":{"uv":[0.5,6.625,0.25,6.8125],"texture":"#0"},"south":{"uv":[0.6875,6.875,0.5,7.0625],"texture":"#0"},"west":{"uv":[0.8125,6.625,0.5625,6.8125],"texture":"#0"},"up":{"uv":[1.75,6.625,1.5625,6.875],"texture":"#0"},"down":{"uv":[5.875,6.875,5.6875,6.625],"texture":"#0"}}},{"name":"flats","from":[8.16236,10.5,-6],"to":[8.16236,12.5,-2],"rotation":{"angle":0,"axis":"y","origin":[5.66236,6,8]},"faces":{"north":{"uv":[2.1875,5.375,2.1875,5.5],"texture":"#0"},"east":{"uv":[1,6.9375,0.75,7.0625],"texture":"#0"},"south":{"uv":[4.0625,5.0625,4.0625,5.1875],"texture":"#0"},"west":{"uv":[7.1875,1.1875,6.9375,1.3125],"texture":"#0"},"up":{"uv":[3,6.375,3,6.625],"texture":"#0"},"down":{"uv":[3.0625,6.625,3.0625,6.375],"texture":"#0"}}},{"name":"flats","from":[5.16236,10.5,-6],"to":[5.16236,12.5,-2],"rotation":{"angle":0,"axis":"y","origin":[5.66236,6,8]},"faces":{"north":{"uv":[0.3125,6.0625,0.3125,6.1875],"texture":"#0"},"east":{"uv":[7.1875,1.375,6.9375,1.5],"texture":"#0"},"south":{"uv":[2.625,5.875,2.625,6],"texture":"#0"},"west":{"uv":[1.75,6.9375,1.5,7.0625],"texture":"#0"},"up":{"uv":[3.375,6.375,3.375,6.625],"texture":"#0"},"down":{"uv":[6.1875,6.75,6.1875,6.5],"texture":"#0"}}}],"gui_light":"front"}