{"file_name":"root","texture_size":[32,32],"textures":{"layer0":"manamodels/navi_pet"},"elements":[{"name":"root_0","from":[6.8,6.2,6.2],"to":[9.2,8.6,8.6],"rotation":{"angle":0.0,"axis":"z","origin":[8.0,8.0,8.0]},"faces":{"east":{"uv":[8.0,0.0,10.0,2.0],"texture":"#layer0","tintindex":0},"south":{"uv":[8.0,0.0,10.0,2.0],"texture":"#layer0","tintindex":0},"north":{"uv":[8.0,0.0,10.0,2.0],"texture":"#layer0","tintindex":0},"west":{"uv":[8.0,0.0,10.0,2.0],"texture":"#layer0","tintindex":0},"up":{"uv":[10.0,2.0,8.0,0.0],"texture":"#layer0","tintindex":0},"down":{"uv":[10.0,0.0,12.0,2.0],"texture":"#layer0","tintindex":0}}}],"display":{"head":{"translation":[0.0,-6.4,0.0],"rotation":[0.0,0.0,0.0],"scale":[3.8095,3.8095,3.8095]},"gui":{"translation":[0.0,0.0,0.0],"rotation":[35.0,225.0,0.0],"scale":[0.625,0.625,0.625]}}}