{"display":{"thirdperson_righthand":{"rotation":[67,0,0],"translation":[0,-3.5,-4],"scale":[0.4,0.4,0.4]},"thirdperson_lefthand":{"rotation":[67,0,0],"translation":[0,-3.5,-4],"scale":[0.4,0.4,0.4]},"ground":{"translation":[0,2.5,0],"scale":[0.6,0.6,0.6]},"gui":{"rotation":[0,-31,0],"translation":[0,1.5,0],"scale":[0.7,0.7,0.7]},"head":{"translation":[0,2.5,0],"scale":[1.3,1.3,1.3]}},"texture_size":[64,64],"textures":{"0":"crates/chinese21_crate/chinese_lantern","particle":"crates/chinese21_crate/chinese_lantern"},"elements":[{"from":[2,0,2],"to":[14,1,14],"rotation":{"angle":0,"axis":"y","origin":[10,8,10]},"faces":{"north":{"uv":[3.5,3.25,6.5,3.5],"texture":"#0"},"east":{"uv":[3.5,3.25,6.5,3.5],"texture":"#0"},"south":{"uv":[3.5,3.25,6.5,3.5],"texture":"#0"},"west":{"uv":[3.5,3.25,6.5,3.5],"texture":"#0"},"up":{"uv":[10,10,7,7],"texture":"#0"},"down":{"uv":[10,0,7,3],"texture":"#0"}}},{"from":[2,12,2],"to":[14,13,14],"rotation":{"angle":0,"axis":"y","origin":[10,20,10]},"faces":{"north":{"uv":[0,12,3,12.25],"texture":"#0"},"east":{"uv":[0,12,3,12.25],"texture":"#0"},"south":{"uv":[0,12,3,12.25],"texture":"#0"},"west":{"uv":[0,12,3,12.25],"texture":"#0"},"up":{"uv":[10,6,7,3],"texture":"#0"},"down":{"uv":[6.5,9,3.5,12],"texture":"#0"}}},{"from":[4,13,4],"to":[12,15,12],"rotation":{"angle":0,"axis":"y","origin":[10,21,10]},"faces":{"north":{"uv":[3.5,2.75,5.5,3.25],"texture":"#0"},"east":{"uv":[10,9,12,9.5],"texture":"#0"},"south":{"uv":[10,9.5,12,10],"texture":"#0"},"west":{"uv":[10.5,10.5,12.5,11],"texture":"#0"},"up":{"uv":[2,11.75,0,9.75],"texture":"#0"},"down":{"uv":[8.5,10,6.5,12],"texture":"#0"}}},{"from":[7.5,15,7.5],"to":[8.5,18,8.5],"rotation":{"angle":0,"axis":"y","origin":[10,23,10]},"faces":{"north":{"uv":[6.5,2.75,6.75,3.5],"texture":"#0"},"east":{"uv":[6.75,2.75,7,3.5],"texture":"#0"},"south":{"uv":[6.5,9,6.75,9.75],"texture":"#0"},"west":{"uv":[6.75,9,7,9.75],"texture":"#0"},"up":{"uv":[5.75,3,5.5,2.75],"texture":"#0"},"down":{"uv":[5.75,3,5.5,3.25],"texture":"#0"}}},{"from":[4,-2,4],"to":[12,0,12],"rotation":{"angle":0,"axis":"y","origin":[10,6,10]},"faces":{"north":{"uv":[10.5,10,12.5,10.5],"texture":"#0"},"east":{"uv":[10.5,11,12.5,11.5],"texture":"#0"},"south":{"uv":[11,6,13,6.5],"texture":"#0"},"west":{"uv":[11,6.5,13,7],"texture":"#0"},"up":{"uv":[10.5,12,8.5,10],"texture":"#0"},"down":{"uv":[12,0,10,2],"texture":"#0"}}},{"from":[12,-6,4],"to":[12,-2,12],"rotation":{"angle":0,"axis":"y","origin":[10,4,10]},"faces":{"north":{"uv":[0,0,0,1],"texture":"#0"},"east":{"uv":[10,3,12,4],"texture":"#0"},"south":{"uv":[0,0,0,1],"texture":"#0"},"west":{"uv":[12,3,10,4],"texture":"#0"},"up":{"uv":[0,2,0,0],"texture":"#0"},"down":{"uv":[0,0,0,2],"texture":"#0"}}},{"from":[4,-6,4],"to":[4,-2,12],"rotation":{"angle":0,"axis":"y","origin":[10,4,10]},"faces":{"north":{"uv":[0,0,0,1],"texture":"#0"},"east":{"uv":[12,3,10,4],"texture":"#0"},"south":{"uv":[0,0,0,1],"texture":"#0"},"west":{"uv":[10,3,12,4],"texture":"#0"},"up":{"uv":[0,2,0,0],"texture":"#0"},"down":{"uv":[0,0,0,2],"texture":"#0"}}},{"from":[4,-6,4],"to":[12,-2,4],"rotation":{"angle":0,"axis":"y","origin":[10,4,10]},"faces":{"north":{"uv":[10,3,12,4],"texture":"#0"},"east":{"uv":[0,0,0,1],"texture":"#0"},"south":{"uv":[12,3,10,4],"texture":"#0"},"west":{"uv":[0,0,0,1],"texture":"#0"},"up":{"uv":[2,0,0,0],"texture":"#0"},"down":{"uv":[2,0,0,0],"texture":"#0"}}},{"from":[4,-6,12],"to":[12,-2,12],"rotation":{"angle":0,"axis":"y","origin":[10,4,10]},"faces":{"north":{"uv":[12,3,10,4],"texture":"#0"},"east":{"uv":[0,0,0,1],"texture":"#0"},"south":{"uv":[10,3,12,4],"texture":"#0"},"west":{"uv":[0,0,0,1],"texture":"#0"},"up":{"uv":[2,0,0,0],"texture":"#0"},"down":{"uv":[2,0,0,0],"texture":"#0"}}},{"from":[1,1,1],"to":[15,12,15],"rotation":{"angle":0,"axis":"y","origin":[10,9,10]},"faces":{"north":{"uv":[3.5,3.5,7,6.25],"texture":"#0"},"east":{"uv":[3.5,3.5,7,6.25],"texture":"#0"},"south":{"uv":[3.5,3.5,7,6.25],"texture":"#0"},"west":{"uv":[3.5,3.5,7,6.25],"texture":"#0"},"up":{"uv":[3.5,3.5,0,0],"texture":"#0"},"down":{"uv":[3.5,3.5,0,7],"texture":"#0"}}}],"gui_light":"front"}