{"file_name":"leg1","texture_size":[64,64],"textures":{"layer0":"manamodels/moobloom_dandelion"},"elements":[{"name":"leg1_0","from":[6.8,0.7999997,6.8],"to":[9.2,8.0,9.2],"rotation":{"angle":0.0,"axis":"z","origin":[8.0,8.0,8.0]},"faces":{"east":{"uv":[11.75,0.0,12.75,3.0],"texture":"#layer0","tintindex":0},"south":{"uv":[4.5,11.75,5.5,14.75],"texture":"#layer0","tintindex":0},"north":{"uv":[9.5,11.0,10.5,14.0],"texture":"#layer0","tintindex":0},"west":{"uv":[5.5,11.75,6.5,14.75],"texture":"#layer0","tintindex":0},"up":{"uv":[13.75,1.0,12.75,0.0],"texture":"#layer0","tintindex":0},"down":{"uv":[12.75,1.0,13.75,2.0],"texture":"#layer0","tintindex":0}}}],"display":{"head":{"translation":[0.0,-6.4,0.0],"rotation":[0.0,0.0,0.0],"scale":[3.8095,3.8095,3.8095]},"gui":{"translation":[0.0,0.0,0.0],"rotation":[35.0,225.0,0.0],"scale":[0.625,0.625,0.625]}}}