{"display":{"thirdperson_righthand":{"rotation":[22,0,0],"translation":[0,7.25,-2.5]},"thirdperson_lefthand":{"rotation":[22,0,0],"translation":[0,7.25,-2.5]},"firstperson_righthand":{"rotation":[-2,7,0],"translation":[1.5,5.25,0]},"firstperson_lefthand":{"rotation":[-2,7,0],"translation":[1.5,5.25,0]},"ground":{"translation":[0,9.5,0]},"gui":{"rotation":[28,-129,20],"translation":[1.5,1.25,0],"scale":[0.9,0.9,0.9]}},"texture_size":[64,64],"textures":{"0":"crates/chinese21_crate/dragon_axe","particle":"crates/chinese21_crate/dragon_axe"},"elements":[{"from":[7.25,10.25,6],"to":[8.75,13,8.25],"rotation":{"angle":0,"axis":"y","origin":[16.25,18.25,15]},"faces":{"north":{"uv":[6.25,0.25,6.75,1],"texture":"#0"},"east":{"uv":[6.25,1,6.75,1.75],"texture":"#0"},"south":{"uv":[6.25,4,6.75,4.75],"texture":"#0"},"west":{"uv":[6.25,4.75,6.75,5.5],"texture":"#0"},"up":{"uv":[7,3.25,6.5,2.75],"texture":"#0"},"down":{"uv":[7,3.25,6.5,3.75],"texture":"#0"}}},{"from":[8,7.75,-4.5],"to":[8,22.5,4.75],"rotation":{"angle":-22.5,"axis":"x","origin":[17,21.75,11.5]},"faces":{"north":{"uv":[0,0,0,3.75],"texture":"#0"},"east":{"uv":[0,0,2.25,3.75],"texture":"#0"},"south":{"uv":[0,0,0,3.75],"texture":"#0"},"west":{"uv":[2.25,0,0,3.75],"texture":"#0"},"up":{"uv":[0,2.25,0,0],"texture":"#0"},"down":{"uv":[0,0,0,2.25],"texture":"#0"}}},{"from":[6,8.75,9.5],"to":[10,9.75,13.5],"rotation":{"angle":-22.5,"axis":"x","origin":[10,9.75,13.5]},"faces":{"north":{"uv":[6.5,3.75,7.5,4],"texture":"#0"},"east":{"uv":[6.5,5.5,7.5,5.75],"texture":"#0"},"south":{"uv":[6.5,5.75,7.5,6],"texture":"#0"},"west":{"uv":[6.5,6,7.5,6.25],"texture":"#0"},"up":{"uv":[1,4.75,0,3.75],"texture":"#0"},"down":{"uv":[2,3.75,1,4.75],"texture":"#0"}}},{"from":[6,6.75,9.5],"to":[10,7.75,13.5],"rotation":{"angle":-22.5,"axis":"x","origin":[10,9.75,13.5]},"faces":{"north":{"uv":[1.5,6.75,2.5,7],"texture":"#0"},"east":{"uv":[2.5,6.75,3.5,7],"texture":"#0"},"south":{"uv":[3.5,6.75,4.5,7],"texture":"#0"},"west":{"uv":[6.75,6.75,7.75,7],"texture":"#0"},"up":{"uv":[5.25,1,4.25,0],"texture":"#0"},"down":{"uv":[5.25,1,4.25,2],"texture":"#0"}}},{"from":[7,5.75,10.5],"to":[9,6.75,12.5],"rotation":{"angle":-22.5,"axis":"x","origin":[10,9.75,13.5]},"faces":{"north":{"uv":[1.5,5.75,2,6],"texture":"#0"},"east":{"uv":[7.25,7.5,7.75,7.75],"texture":"#0"},"south":{"uv":[7.5,3,8,3.25],"texture":"#0"},"west":{"uv":[7.5,3.25,8,3.5],"texture":"#0"},"up":{"uv":[7.25,0.75,6.75,0.25],"texture":"#0"},"down":{"uv":[7.25,0.75,6.75,1.25],"texture":"#0"}}},{"from":[7,-5.25,10.5],"to":[9,-3.25,12.5],"rotation":{"angle":-22.5,"axis":"x","origin":[10,9.75,13.5]},"faces":{"north":{"uv":[6.75,1.25,7.25,1.75],"texture":"#0"},"east":{"uv":[6.75,4,7.25,4.5],"texture":"#0"},"south":{"uv":[6.75,4.5,7.25,5],"texture":"#0"},"west":{"uv":[6.75,5,7.25,5.5],"texture":"#0"},"up":{"uv":[1.25,7.5,0.75,7],"texture":"#0"},"down":{"uv":[1.75,7,1.25,7.5],"texture":"#0"}}},{"from":[7.5,-3.25,11],"to":[8.5,5.75,12],"rotation":{"angle":-22.5,"axis":"x","origin":[10,9.75,13.5]},"faces":{"north":{"uv":[2,3.75,2.25,6],"texture":"#0"},"east":{"uv":[2,3.75,2.25,6],"texture":"#0"},"south":{"uv":[2,3.75,2.25,6],"texture":"#0"},"west":{"uv":[2,3.75,2.25,6],"texture":"#0"},"up":{"uv":[4.5,2.25,4.25,2],"texture":"#0"},"down":{"uv":[5.5,1.75,5.25,2],"texture":"#0"}}},{"from":[6.5,7.75,10],"to":[9.5,8.75,13],"rotation":{"angle":-22.5,"axis":"x","origin":[10,9.75,13.5]},"faces":{"north":{"uv":[7.25,2.25,8,2.5],"texture":"#0"},"east":{"uv":[7.25,2.5,8,2.75],"texture":"#0"},"south":{"uv":[7.25,4,8,4.25],"texture":"#0"},"west":{"uv":[7.25,4.25,8,4.5],"texture":"#0"},"up":{"uv":[6.25,4.75,5.5,4],"texture":"#0"},"down":{"uv":[6.25,4.75,5.5,5.5],"texture":"#0"}}},{"from":[6,10.5,3.5],"to":[10,11.5,10.5],"rotation":{"angle":22.5,"axis":"x","origin":[8,9.5,11.5]},"faces":{"north":{"uv":[6.75,6.5,7.75,6.75],"texture":"#0"},"east":{"uv":[5.25,6.25,7,6.5],"texture":"#0"},"south":{"uv":[1.75,7,2.75,7.25],"texture":"#0"},"west":{"uv":[6.25,0,8,0.25],"texture":"#0"},"up":{"uv":[3.25,1.75,2.25,0],"texture":"#0"},"down":{"uv":[4.25,0,3.25,1.75],"texture":"#0"}}},{"from":[6.1,9.5,3.6],"to":[9.9,10.5,7.5],"rotation":{"angle":22.5,"axis":"x","origin":[8,9.5,11.5]},"faces":{"north":{"uv":[2.75,7,3.75,7.25],"texture":"#0"},"east":{"uv":[3.75,7,4.75,7.25],"texture":"#0"},"south":{"uv":[4.75,7,5.75,7.25],"texture":"#0"},"west":{"uv":[5.75,7,6.75,7.25],"texture":"#0"},"up":{"uv":[5.5,5.5,4.5,4.5],"texture":"#0"},"down":{"uv":[5.5,2,4.5,3],"texture":"#0"}}},{"from":[9.25,11,3.25],"to":[10.25,11.75,4.25],"rotation":{"angle":22.5,"axis":"x","origin":[8,9.5,11.5]},"faces":{"north":{"uv":[7.75,7,8,7.25],"texture":"#0"},"east":{"uv":[7.75,7.5,8,7.75],"texture":"#0"},"south":{"uv":[0.5,8,0.75,8.25],"texture":"#0"},"west":{"uv":[1.75,8,2,8.25],"texture":"#0"},"up":{"uv":[2.25,8.25,2,8],"texture":"#0"},"down":{"uv":[2.5,8,2.25,8.25],"texture":"#0"}}},{"from":[5.75,11,3.25],"to":[6.75,11.75,4.25],"rotation":{"angle":22.5,"axis":"x","origin":[8,9.5,11.5]},"faces":{"north":{"uv":[2.5,8,2.75,8.25],"texture":"#0"},"east":{"uv":[2.75,8,3,8.25],"texture":"#0"},"south":{"uv":[3,8,3.25,8.25],"texture":"#0"},"west":{"uv":[3.25,8,3.5,8.25],"texture":"#0"},"up":{"uv":[3.75,8.25,3.5,8],"texture":"#0"},"down":{"uv":[4,8,3.75,8.25],"texture":"#0"}}},{"from":[6,11.5,7.5],"to":[10,12.5,10.5],"rotation":{"angle":22.5,"axis":"x","origin":[8,9.5,11.5]},"faces":{"north":{"uv":[6.75,7,7.75,7.25],"texture":"#0"},"east":{"uv":[7.25,4.5,8,4.75],"texture":"#0"},"south":{"uv":[7,2.75,8,3],"texture":"#0"},"west":{"uv":[7.25,4.75,8,5],"texture":"#0"},"up":{"uv":[6.25,1.75,5.25,1],"texture":"#0"},"down":{"uv":[5.5,5.5,4.5,6.25],"texture":"#0"}}},{"from":[7.75,12.5,10],"to":[8.25,13.25,10.5],"rotation":{"angle":22.5,"axis":"x","origin":[8,9.5,11.5]},"faces":{"north":{"uv":[4,8,4.25,8.25],"texture":"#0"},"east":{"uv":[4.25,8,4.5,8.25],"texture":"#0"},"south":{"uv":[4.5,8,4.75,8.25],"texture":"#0"},"west":{"uv":[4.75,8,5,8.25],"texture":"#0"},"up":{"uv":[5.25,8.25,5,8],"texture":"#0"},"down":{"uv":[5.5,8,5.25,8.25],"texture":"#0"}}},{"from":[7.75,12.5,9],"to":[8.25,13.1,9.5],"rotation":{"angle":22.5,"axis":"x","origin":[8,9.5,11.5]},"faces":{"north":{"uv":[5.5,8,5.75,8.25],"texture":"#0"},"east":{"uv":[5.75,8,6,8.25],"texture":"#0"},"south":{"uv":[6,8,6.25,8.25],"texture":"#0"},"west":{"uv":[6.25,8,6.5,8.25],"texture":"#0"},"up":{"uv":[6.75,8.25,6.5,8],"texture":"#0"},"down":{"uv":[7.25,8,7,8.25],"texture":"#0"}}},{"from":[7.75,12.5,8],"to":[8.25,13,8.5],"rotation":{"angle":22.5,"axis":"x","origin":[8,9.5,11.5]},"faces":{"north":{"uv":[7.25,8,7.5,8.25],"texture":"#0"},"east":{"uv":[7.5,8,7.75,8.25],"texture":"#0"},"south":{"uv":[7.75,8,8,8.25],"texture":"#0"},"west":{"uv":[8,8,8.25,8.25],"texture":"#0"},"up":{"uv":[8.25,0.25,8,0],"texture":"#0"},"down":{"uv":[8.25,1.25,8,1.5],"texture":"#0"}}},{"from":[8.25,14.0612,10.60104],"to":[9.75,14.5612,11.10104],"rotation":{"angle":-22.5,"axis":"x","origin":[8,9.5,11.5]},"faces":{"north":{"uv":[7.5,3.75,8,4],"texture":"#0"},"east":{"uv":[8,1.5,8.25,1.75],"texture":"#0"},"south":{"uv":[7.5,5.5,8,5.75],"texture":"#0"},"west":{"uv":[8,1.75,8.25,2],"texture":"#0"},"up":{"uv":[8,6,7.5,5.75],"texture":"#0"},"down":{"uv":[8,6,7.5,6.25],"texture":"#0"}}},{"from":[6.25,14.0612,10.60104],"to":[7.75,14.5612,11.10104],"rotation":{"angle":-22.5,"axis":"x","origin":[8,9.5,11.5]},"faces":{"north":{"uv":[1.75,7.75,2.25,8],"texture":"#0"},"east":{"uv":[8,2,8.25,2.25],"texture":"#0"},"south":{"uv":[2.25,7.75,2.75,8],"texture":"#0"},"west":{"uv":[8,2.25,8.25,2.5],"texture":"#0"},"up":{"uv":[3.25,8,2.75,7.75],"texture":"#0"},"down":{"uv":[3.75,7.75,3.25,8],"texture":"#0"}}},{"from":[7.75,11.5,6.5],"to":[8.25,12,7],"rotation":{"angle":22.5,"axis":"x","origin":[8,9.5,11.5]},"faces":{"north":{"uv":[8,2.5,8.25,2.75],"texture":"#0"},"east":{"uv":[8,2.75,8.25,3],"texture":"#0"},"south":{"uv":[8,3,8.25,3.25],"texture":"#0"},"west":{"uv":[8,3.25,8.25,3.5],"texture":"#0"},"up":{"uv":[8.25,3.75,8,3.5],"texture":"#0"},"down":{"uv":[8.25,3.75,8,4],"texture":"#0"}}},{"from":[7.75,11.5,5.5],"to":[8.25,11.85,6],"rotation":{"angle":22.5,"axis":"x","origin":[8,9.5,11.5]},"faces":{"north":{"uv":[8,4,8.25,4.25],"texture":"#0"},"east":{"uv":[8,4.25,8.25,4.5],"texture":"#0"},"south":{"uv":[8,4.5,8.25,4.75],"texture":"#0"},"west":{"uv":[8,4.75,8.25,5],"texture":"#0"},"up":{"uv":[8.25,5.25,8,5],"texture":"#0"},"down":{"uv":[8.25,5.25,8,5.5],"texture":"#0"}}},{"from":[10.72815,9.89,8.52643],"to":[13.00815,10.84,9.47643],"rotation":{"angle":-22.5,"axis":"y","origin":[8.716,11.296,7.992]},"faces":{"north":{"uv":[3.75,7.75,4.25,8],"texture":"#0"},"east":{"uv":[8,5.5,8.25,5.75],"texture":"#0"},"south":{"uv":[4.25,7.75,4.75,8],"texture":"#0"},"west":{"uv":[8,5.75,8.25,6],"texture":"#0"},"up":{"uv":[5.25,8,4.75,7.75],"texture":"#0"},"down":{"uv":[5.75,7.75,5.25,8],"texture":"#0"}}},{"from":[2.99185,9.89,8.52643],"to":[5.27185,10.84,9.47643],"rotation":{"angle":22.5,"axis":"y","origin":[7.284,11.296,7.992]},"faces":{"north":{"uv":[4.25,7.75,3.75,8],"texture":"#0"},"east":{"uv":[8.25,5.75,8,6],"texture":"#0"},"south":{"uv":[4.75,7.75,4.25,8],"texture":"#0"},"west":{"uv":[8.25,5.5,8,5.75],"texture":"#0"},"up":{"uv":[4.75,8,5.25,7.75],"texture":"#0"},"down":{"uv":[5.25,7.75,5.75,8],"texture":"#0"}}},{"from":[8.75,11.75,13.4],"to":[10,13,16.4],"rotation":{"angle":45,"axis":"y","origin":[8.5,13.5,11.4]},"faces":{"north":{"uv":[8,6,8.25,6.25],"texture":"#0"},"east":{"uv":[7.25,5,8,5.25],"texture":"#0"},"south":{"uv":[8,6.25,8.25,6.5],"texture":"#0"},"west":{"uv":[7.25,5.25,8,5.5],"texture":"#0"},"up":{"uv":[1,8.25,0.75,7.5],"texture":"#0"},"down":{"uv":[1.25,7.5,1,8.25],"texture":"#0"}}},{"from":[6,11.75,13.4],"to":[7.25,13,16.4],"rotation":{"angle":-45,"axis":"y","origin":[7.5,13.5,11.4]},"faces":{"north":{"uv":[8.25,6,8,6.25],"texture":"#0"},"east":{"uv":[8,5.25,7.25,5.5],"texture":"#0"},"south":{"uv":[8.25,6.25,8,6.5],"texture":"#0"},"west":{"uv":[8,5,7.25,5.25],"texture":"#0"},"up":{"uv":[0.75,8.25,1,7.5],"texture":"#0"},"down":{"uv":[1,7.5,1.25,8.25],"texture":"#0"}}},{"from":[11.86909,10.08,10.24503],"to":[12.43909,10.65,12.52503],"rotation":{"angle":0,"axis":"y","origin":[8.716,11.296,7.992]},"faces":{"north":{"uv":[8,7,8.25,7.25],"texture":"#0"},"east":{"uv":[5.75,7.75,6.25,8],"texture":"#0"},"south":{"uv":[8,7.5,8.25,7.75],"texture":"#0"},"west":{"uv":[6.25,7.75,6.75,8],"texture":"#0"},"up":{"uv":[5.5,4.5,5.25,4],"texture":"#0"},"down":{"uv":[7,7.75,6.75,8.25],"texture":"#0"}}},{"from":[3.56091,10.08,10.24503],"to":[4.13091,10.65,12.52503],"rotation":{"angle":0,"axis":"y","origin":[7.284,11.296,7.992]},"faces":{"north":{"uv":[8.25,7,8,7.25],"texture":"#0"},"east":{"uv":[6.75,7.75,6.25,8],"texture":"#0"},"south":{"uv":[8.25,7.5,8,7.75],"texture":"#0"},"west":{"uv":[6.25,7.75,5.75,8],"texture":"#0"},"up":{"uv":[5.25,4.5,5.5,4],"texture":"#0"},"down":{"uv":[6.75,7.75,7,8.25],"texture":"#0"}}},{"from":[14.25,12,13.9],"to":[15,12.75,16.9],"rotation":{"angle":-22.5,"axis":"y","origin":[13.75,13.5,8.9]},"faces":{"north":{"uv":[8,7.75,8.25,8],"texture":"#0"},"east":{"uv":[4.25,7.5,5,7.75],"texture":"#0"},"south":{"uv":[0.5,8.25,0.75,8.5],"texture":"#0"},"west":{"uv":[5,7.5,5.75,7.75],"texture":"#0"},"up":{"uv":[1.5,8.25,1.25,7.5],"texture":"#0"},"down":{"uv":[1.75,7.5,1.5,8.25],"texture":"#0"}}},{"from":[1,12,13.9],"to":[1.75,12.75,16.9],"rotation":{"angle":22.5,"axis":"y","origin":[2.25,13.5,8.9]},"faces":{"north":{"uv":[8.25,7.75,8,8],"texture":"#0"},"east":{"uv":[5.75,7.5,5,7.75],"texture":"#0"},"south":{"uv":[0.75,8.25,0.5,8.5],"texture":"#0"},"west":{"uv":[5,7.5,4.25,7.75],"texture":"#0"},"up":{"uv":[1.25,8.25,1.5,7.5],"texture":"#0"},"down":{"uv":[1.5,7.5,1.75,8.25],"texture":"#0"}}},{"from":[11.25,12.1,16.3],"to":[11.75,12.6,18.3],"rotation":{"angle":0,"axis":"y","origin":[10.75,13.6,11.3]},"faces":{"north":{"uv":[0.75,8.25,1,8.5],"texture":"#0"},"east":{"uv":[7,7.75,7.5,8],"texture":"#0"},"south":{"uv":[1,8.25,1.25,8.5],"texture":"#0"},"west":{"uv":[7.5,7.75,8,8],"texture":"#0"},"up":{"uv":[8,1.75,7.75,1.25],"texture":"#0"},"down":{"uv":[8,1.75,7.75,2.25],"texture":"#0"}}},{"from":[4.25,12.1,16.3],"to":[4.75,12.6,18.3],"rotation":{"angle":0,"axis":"y","origin":[5.25,13.6,11.3]},"faces":{"north":{"uv":[1,8.25,0.75,8.5],"texture":"#0"},"east":{"uv":[8,7.75,7.5,8],"texture":"#0"},"south":{"uv":[1.25,8.25,1,8.5],"texture":"#0"},"west":{"uv":[7.5,7.75,7,8],"texture":"#0"},"up":{"uv":[7.75,1.75,8,1.25],"texture":"#0"},"down":{"uv":[7.75,1.75,8,2.25],"texture":"#0"}}},{"from":[8.00031,9.7,9.02473],"to":[9.33031,11.03,10.54473],"rotation":{"angle":45,"axis":"y","origin":[8.716,11.296,7.992]},"faces":{"north":{"uv":[1.25,8.25,1.5,8.5],"texture":"#0"},"east":{"uv":[7.75,6.5,8.25,6.75],"texture":"#0"},"south":{"uv":[1.5,8.25,1.75,8.5],"texture":"#0"},"west":{"uv":[7.75,6.75,8.25,7],"texture":"#0"},"up":{"uv":[0.25,8.5,0,8],"texture":"#0"},"down":{"uv":[0.5,8,0.25,8.5],"texture":"#0"}}},{"from":[6.66969,9.7,9.02473],"to":[7.99969,11.03,10.54473],"rotation":{"angle":-45,"axis":"y","origin":[7.284,11.296,7.992]},"faces":{"north":{"uv":[1.5,8.25,1.25,8.5],"texture":"#0"},"east":{"uv":[8.25,6.75,7.75,7],"texture":"#0"},"south":{"uv":[1.75,8.25,1.5,8.5],"texture":"#0"},"west":{"uv":[8.25,6.5,7.75,6.75],"texture":"#0"},"up":{"uv":[0,8.5,0.25,8],"texture":"#0"},"down":{"uv":[0.25,8,0.5,8.5],"texture":"#0"}}},{"from":[9.6,11.6,9.95],"to":[10.6,12.85,10.95],"rotation":{"angle":-22.5,"axis":"y","origin":[9.6,13.6,10.7]},"faces":{"north":{"uv":[1.75,8.25,2,8.5],"texture":"#0"},"east":{"uv":[2,8.25,2.25,8.5],"texture":"#0"},"south":{"uv":[2.25,8.25,2.5,8.5],"texture":"#0"},"west":{"uv":[2.5,8.25,2.75,8.5],"texture":"#0"},"up":{"uv":[3,8.5,2.75,8.25],"texture":"#0"},"down":{"uv":[3.25,8.25,3,8.5],"texture":"#0"}}},{"from":[5.4,11.6,9.95],"to":[6.4,12.85,10.95],"rotation":{"angle":22.5,"axis":"y","origin":[6.4,13.6,10.7]},"faces":{"north":{"uv":[2,8.25,1.75,8.5],"texture":"#0"},"east":{"uv":[2.75,8.25,2.5,8.5],"texture":"#0"},"south":{"uv":[2.5,8.25,2.25,8.5],"texture":"#0"},"west":{"uv":[2.25,8.25,2,8.5],"texture":"#0"},"up":{"uv":[2.75,8.5,3,8.25],"texture":"#0"},"down":{"uv":[3,8.25,3.25,8.5],"texture":"#0"}}},{"from":[9.25,11.5,11],"to":[11,13.25,13],"rotation":{"angle":22.5,"axis":"y","origin":[9.25,13.5,11]},"faces":{"north":{"uv":[7,3,7.5,3.5],"texture":"#0"},"east":{"uv":[1.75,7.25,2.25,7.75],"texture":"#0"},"south":{"uv":[2.25,7.25,2.75,7.75],"texture":"#0"},"west":{"uv":[2.75,7.25,3.25,7.75],"texture":"#0"},"up":{"uv":[3.75,7.75,3.25,7.25],"texture":"#0"},"down":{"uv":[4.25,7.25,3.75,7.75],"texture":"#0"}}},{"from":[5,11.5,11],"to":[6.75,13.25,13],"rotation":{"angle":-22.5,"axis":"y","origin":[6.75,13.5,11]},"faces":{"north":{"uv":[7.5,3,7,3.5],"texture":"#0"},"east":{"uv":[3.25,7.25,2.75,7.75],"texture":"#0"},"south":{"uv":[2.75,7.25,2.25,7.75],"texture":"#0"},"west":{"uv":[2.25,7.25,1.75,7.75],"texture":"#0"},"up":{"uv":[3.25,7.75,3.75,7.25],"texture":"#0"},"down":{"uv":[3.75,7.25,4.25,7.75],"texture":"#0"}}},{"from":[6,8.5,7.5],"to":[10,10.5,10.5],"rotation":{"angle":22.5,"axis":"x","origin":[8,9.5,11.5]},"faces":{"north":{"uv":[2.25,1.75,3.25,2.25],"texture":"#0"},"east":{"uv":[4.5,4,5.25,4.5],"texture":"#0"},"south":{"uv":[3.25,1.75,4.25,2.25],"texture":"#0"},"west":{"uv":[0.75,6.5,1.5,7],"texture":"#0"},"up":{"uv":[6.5,6.25,5.5,5.5],"texture":"#0"},"down":{"uv":[6.5,1.75,5.5,2.5],"texture":"#0"}}},{"from":[6.05,11.41499,6.61365],"to":[9.95,11.91499,9.11365],"rotation":{"angle":-45,"axis":"x","origin":[8,11.75,8.25]},"faces":{"north":{"uv":[7,3.5,8,3.75],"texture":"#0"},"east":{"uv":[5.75,7.5,6.5,7.75],"texture":"#0"},"south":{"uv":[7,6.25,8,6.5],"texture":"#0"},"west":{"uv":[6.5,7.5,7.25,7.75],"texture":"#0"},"up":{"uv":[6.5,3.25,5.5,2.5],"texture":"#0"},"down":{"uv":[6.5,3.25,5.5,4],"texture":"#0"}}},{"from":[6.1,9.99792,4.86201],"to":[9.9,11.39792,8.86201],"rotation":{"angle":-22.5,"axis":"x","origin":[8,11.75,8.25]},"faces":{"north":{"uv":[4.25,7.25,5.25,7.5],"texture":"#0"},"east":{"uv":[5.25,7.25,6.25,7.5],"texture":"#0"},"south":{"uv":[6.25,7.25,7.25,7.5],"texture":"#0"},"west":{"uv":[7.25,7.25,8.25,7.5],"texture":"#0"},"up":{"uv":[5.5,4,4.5,3],"texture":"#0"},"down":{"uv":[1,4.75,0,5.75],"texture":"#0"}}},{"from":[6.2,11.39792,4.96201],"to":[9.8,12.39792,8.86201],"rotation":{"angle":-22.5,"axis":"x","origin":[8,11.75,8.25]},"faces":{"north":{"uv":[7.25,0.25,8.25,0.5],"texture":"#0"},"east":{"uv":[7.25,0.5,8.25,0.75],"texture":"#0"},"south":{"uv":[7.25,0.75,8.25,1],"texture":"#0"},"west":{"uv":[7.25,1,8.25,1.25],"texture":"#0"},"up":{"uv":[2,5.75,1,4.75],"texture":"#0"},"down":{"uv":[6.25,0,5.25,1],"texture":"#0"}}},{"from":[6.525,10,6],"to":[9.475,13,9],"rotation":{"angle":-22.5,"axis":"x","origin":[16.5,20,14]},"faces":{"north":{"uv":[0.75,5.75,1.5,6.5],"texture":"#0"},"east":{"uv":[1.5,6,2.25,6.75],"texture":"#0"},"south":{"uv":[2.25,6,3,6.75],"texture":"#0"},"west":{"uv":[3,6,3.75,6.75],"texture":"#0"},"up":{"uv":[4.5,6.75,3.75,6],"texture":"#0"},"down":{"uv":[5.25,6.25,4.5,7],"texture":"#0"}}},{"from":[6.4,12.6,13.05],"to":[9.6,14.6,15.05],"rotation":{"angle":22.5,"axis":"x","origin":[16.5,20.6,6.05]},"faces":{"north":{"uv":[5.25,6.5,6,7],"texture":"#0"},"east":{"uv":[7.25,1.25,7.75,1.75],"texture":"#0"},"south":{"uv":[6,6.5,6.75,7],"texture":"#0"},"west":{"uv":[7.25,1.75,7.75,2.25],"texture":"#0"},"up":{"uv":[7.25,2.25,6.5,1.75],"texture":"#0"},"down":{"uv":[7.25,2.25,6.5,2.75],"texture":"#0"}}}],"gui_light":"front"}