{"file_name":"lowerarm_left","texture_size":[128,128],"textures":{"layer0":"manamodels/golem"},"elements":[{"name":"lowerarm_left_0","from":[6.7939997,-0.40600038,6.7939997],"to":[9.206,8.0060005,9.206],"rotation":{"angle":0.0,"axis":"z","origin":[8.0,8.0,8.0]},"faces":{"east":{"uv":[2.0,7.5,1.5,9.25],"texture":"#layer0","tintindex":0},"south":{"uv":[1.5,7.5,1.0,9.25],"texture":"#layer0","tintindex":0},"north":{"uv":[0.5,7.5,0.0,9.25],"texture":"#layer0","tintindex":0},"west":{"uv":[1.0,7.5,0.5,9.25],"texture":"#layer0","tintindex":0},"up":{"uv":[4.0,8.5,4.5,8.0],"texture":"#layer0","tintindex":0},"down":{"uv":[5.0,8.0,4.5,8.5],"texture":"#layer0","tintindex":0}}}],"display":{"head":{"translation":[0.0,-6.4,0.0],"rotation":[0.0,0.0,0.0],"scale":[3.8095,3.8095,3.8095]},"gui":{"translation":[0.0,0.0,0.0],"rotation":[35.0,225.0,0.0],"scale":[0.625,0.625,0.625]}}}