{"file_name":"midarmjoint2_right","texture_size":[128,128],"textures":{"layer0":"manamodels/golem"},"elements":[{"name":"midarmjoint2_right_0","from":[6.7939997,6.194,6.7939997],"to":[9.206,8.0060005,9.206],"rotation":{"angle":0.0,"axis":"z","origin":[8.0,8.0,8.0]},"faces":{"east":{"uv":[8.25,5.875,8.75,6.25],"texture":"#layer0","tintindex":0},"south":{"uv":[8.25,6.25,8.75,6.625],"texture":"#layer0","tintindex":0},"north":{"uv":[8.25,5.5,8.75,5.875],"texture":"#layer0","tintindex":0},"west":{"uv":[8.25,6.625,8.75,7.0],"texture":"#layer0","tintindex":0},"up":{"uv":[8.5,3.25,8.0,2.75],"texture":"#layer0","tintindex":0},"down":{"uv":[8.0,7.0,8.5,7.5],"texture":"#layer0","tintindex":0}}}],"display":{"head":{"translation":[0.0,-6.4,0.0],"rotation":[0.0,0.0,0.0],"scale":[3.8095,3.8095,3.8095]},"gui":{"translation":[0.0,0.0,0.0],"rotation":[35.0,225.0,0.0],"scale":[0.625,0.625,0.625]}}}