{"file_name":"shoulder_left","texture_size":[128,128],"textures":{"layer0":"manamodels/golem"},"elements":[{"name":"shoulder_left_0","from":[3.1999998,5.6,5.6],"to":[8.0,10.4,10.4],"rotation":{"angle":0.0,"axis":"z","origin":[8.0,8.0,8.0]},"faces":{"east":{"uv":[7.75,1.0,6.75,2.0],"texture":"#layer0","tintindex":0},"south":{"uv":[7.5,4.5,6.5,5.5],"texture":"#layer0","tintindex":0},"north":{"uv":[7.5,0.0,6.5,1.0],"texture":"#layer0","tintindex":0},"west":{"uv":[7.5,3.5,6.5,4.5],"texture":"#layer0","tintindex":0},"up":{"uv":[6.75,3.0,7.75,2.0],"texture":"#layer0","tintindex":0},"down":{"uv":[8.0,7.0,7.0,8.0],"texture":"#layer0","tintindex":0}}}],"display":{"head":{"translation":[0.0,-6.4,0.0],"rotation":[0.0,0.0,0.0],"scale":[3.8095,3.8095,3.8095]},"gui":{"translation":[0.0,0.0,0.0],"rotation":[35.0,225.0,0.0],"scale":[0.625,0.625,0.625]}}}