{"display":{"thirdperson_righthand":{"translation":[0,3,1],"scale":[0.55,0.55,0.55]},"firstperson_righthand":{"rotation":[0,-90,25],"translation":[1.13,3.2,1.13],"scale":[0.68,0.68,0.68]},"ground":{"translation":[0,2,0],"scale":[0.5,0.5,0.5]},"gui":{"rotation":[21,-136,0],"translation":[0.25,0,0],"scale":[0.5,0.5,0.5]},"head":{"rotation":[-14,0,0],"translation":[0,-1.5,-3.75],"scale":[0.91,0.91,0.91]}},"textures":{"0":"wardrobe/head/trex","particle":"wardrobe/head/trex"},"elements":[{"from":[-1.25,12,-7],"to":[17.25,19,13],"rotation":{"angle":22.5,"axis":"x","origin":[8,8,6]},"faces":{"north":{"uv":[2.5,2.5,4.75,3.375],"texture":"#0"},"east":{"uv":[0,2.5,2.5,3.375],"texture":"#0"},"south":{"uv":[7.25,2.5,9.5,3.375],"texture":"#0"},"west":{"uv":[4.75,2.5,7.25,3.375],"texture":"#0"},"up":{"uv":[4.75,2.5,2.5,0],"texture":"#0"},"down":{"uv":[7,0,4.75,2.5],"texture":"#0"}}},{"from":[-0.25,12,-8],"to":[16.25,18,-7],"rotation":{"angle":22.5,"axis":"x","origin":[8,8,6]},"faces":{"north":{"uv":[0.125,9.375,2.125,10.125],"texture":"#0"},"east":{"uv":[0,9.375,0.125,10.125],"texture":"#0"},"south":{"uv":[2.25,9.375,4.25,10.125],"texture":"#0"},"west":{"uv":[2.125,9.375,2.25,10.125],"texture":"#0"},"up":{"uv":[2.125,9.375,0.125,9.25],"texture":"#0"},"down":{"uv":[4.125,9.25,2.125,9.375],"texture":"#0"}}},{"from":[-0.25,13,-6],"to":[16.25,20,5],"rotation":{"angle":22.5,"axis":"x","origin":[8,8,6]},"faces":{"north":{"uv":[1.375,8.375,3.375,9.25],"texture":"#0"},"east":{"uv":[0,8.375,1.375,9.25],"texture":"#0"},"south":{"uv":[4.75,8.375,6.75,9.25],"texture":"#0"},"west":{"uv":[3.375,8.375,4.75,9.25],"texture":"#0"},"up":{"uv":[3.375,8.375,1.375,7],"texture":"#0"},"down":{"uv":[5.375,7,3.375,8.375],"texture":"#0"}}},{"from":[-1,-2,-4],"to":[17,3,10],"faces":{"north":{"uv":[7.25,7.25,9.5,7.875],"texture":"#0"},"east":{"uv":[5.5,7.25,7.25,7.875],"texture":"#0"},"south":{"uv":[11.25,7.25,13.5,7.875],"texture":"#0"},"west":{"uv":[9.5,7.25,11.25,7.875],"texture":"#0"},"up":{"uv":[9.5,7.25,7.25,5.5],"texture":"#0"},"down":{"uv":[11.75,5.5,9.5,7.25],"texture":"#0"}}},{"from":[0,-2,-5],"to":[16,3,-4],"faces":{"north":{"uv":[9.625,2.625,11.625,3.25],"texture":"#0"},"east":{"uv":[9.5,2.625,9.625,3.25],"texture":"#0"},"south":{"uv":[11.75,2.625,13.75,3.25],"texture":"#0"},"west":{"uv":[11.625,2.625,11.75,3.25],"texture":"#0"},"up":{"uv":[11.625,2.625,9.625,2.5],"texture":"#0"},"down":{"uv":[13.625,2.5,11.625,2.625],"texture":"#0"}}},{"from":[1,-3,-4],"to":[15,-2,-3],"faces":{"north":{"uv":[8.25,10,10,10.125],"texture":"#0"},"east":{"uv":[8.125,10,8.25,10.125],"texture":"#0"},"south":{"uv":[10.125,10,11.875,10.125],"texture":"#0"},"west":{"uv":[10,10,10.125,10.125],"texture":"#0"},"up":{"uv":[10,10,8.25,9.875],"texture":"#0"},"down":{"uv":[11.75,9.875,10,10],"texture":"#0"}}},{"from":[0,-3,-3],"to":[16,-2,8],"faces":{"north":{"uv":[8.375,1.375,10.375,1.5],"texture":"#0"},"east":{"uv":[7,1.375,8.375,1.5],"texture":"#0"},"south":{"uv":[11.75,1.375,13.75,1.5],"texture":"#0"},"west":{"uv":[10.375,1.375,11.75,1.5],"texture":"#0"},"up":{"uv":[10.375,1.375,8.375,0],"texture":"#0"},"down":{"uv":[12.375,0,10.375,1.375],"texture":"#0"}}},{"from":[1,-2,10],"to":[15,-1,19],"faces":{"north":{"uv":[7,4.5,8.75,4.625],"texture":"#0"},"east":{"uv":[5.875,4.5,7,4.625],"texture":"#0"},"south":{"uv":[9.875,4.5,11.625,4.625],"texture":"#0"},"west":{"uv":[8.75,4.5,9.875,4.625],"texture":"#0"},"up":{"uv":[8.75,4.5,7,3.375],"texture":"#0"},"down":{"uv":[10.5,3.375,8.75,4.5],"texture":"#0"}}},{"from":[-1,-1,10],"to":[17,17,21],"faces":{"north":{"uv":[1.375,4.75,3.625,7],"texture":"#0"},"east":{"uv":[0,4.75,1.375,7],"texture":"#0"},"south":{"uv":[5,4.75,7.25,7],"texture":"#0"},"west":{"uv":[3.625,4.75,5,7],"texture":"#0"},"up":{"uv":[3.625,4.75,1.375,3.375],"texture":"#0"},"down":{"uv":[5.875,3.375,3.625,4.75],"texture":"#0"}}},{"from":[12,14,13],"to":[19,17,19],"rotation":{"angle":-22.5,"axis":"x","origin":[8.50523,12.48777,15.50697]},"faces":{"north":{"uv":[6.625,10.75,7.375,11.25],"texture":"#0"},"east":{"uv":[5.75,10.75,6.625,11.25],"texture":"#0"},"south":{"uv":[8.25,10.75,9,11.25],"texture":"#0"},"west":{"uv":[7.375,10.75,8.25,11.25],"texture":"#0"},"up":{"uv":[7.375,10.75,6.625,9.875],"texture":"#0"},"down":{"uv":[8.125,9.875,7.375,10.75],"texture":"#0"}}},{"from":[-3,14,13],"to":[4,17,19],"rotation":{"angle":-22.5,"axis":"x","origin":[7.49477,12.48777,15.50697]},"faces":{"north":{"uv":[4.25,10.125,5,10.625],"texture":"#0"},"east":{"uv":[3.375,10.125,4.25,10.625],"texture":"#0"},"south":{"uv":[5.875,10.125,6.625,10.625],"texture":"#0"},"west":{"uv":[5,10.125,5.875,10.625],"texture":"#0"},"up":{"uv":[5,10.125,4.25,9.25],"texture":"#0"},"down":{"uv":[5.75,9.25,5,10.125],"texture":"#0"}}},{"from":[-2.25,10,18],"to":[18.25,16,21.25],"faces":{"north":{"uv":[7.5,2,10,2.5],"texture":"#0"},"east":{"uv":[7,2,7.5,2.5],"texture":"#0"},"south":{"uv":[10.5,2,13,2.5],"texture":"#0"},"west":{"uv":[10,2,10.5,2.5],"texture":"#0"},"up":{"uv":[10,2,7.5,1.5],"texture":"#0"},"down":{"uv":[12.5,1.5,10,2],"texture":"#0"}}},{"from":[-1.75,10,13],"to":[17.75,14,17],"rotation":{"angle":-22.5,"axis":"x","origin":[8.50523,12.48777,15.50697]},"faces":{"north":{"uv":[7.625,5,10,5.375],"texture":"#0"},"east":{"uv":[7.25,5,7.625,5.375],"texture":"#0"},"south":{"uv":[10.375,5,12.75,5.375],"texture":"#0"},"west":{"uv":[10,5,10.375,5.375],"texture":"#0"},"up":{"uv":[10,5,7.625,4.625],"texture":"#0"},"down":{"uv":[12.375,4.625,10,5],"texture":"#0"}}},{"from":[0,0,21],"to":[16,15,22],"faces":{"north":{"uv":[6.875,8,8.875,9.875],"texture":"#0"},"east":{"uv":[6.75,8,6.875,9.875],"texture":"#0"},"south":{"uv":[9,8,11,9.875],"texture":"#0"},"west":{"uv":[8.875,8,9,9.875],"texture":"#0"},"up":{"uv":[8.875,8,6.875,7.875],"texture":"#0"},"down":{"uv":[10.875,7.875,8.875,8],"texture":"#0"}}},{"from":[1,1,22],"to":[15,14,23],"faces":{"north":{"uv":[6.875,8,8.875,9.875],"texture":"#0"},"east":{"uv":[6.75,8,6.875,9.875],"texture":"#0"},"south":{"uv":[9,8,11,9.875],"texture":"#0"},"west":{"uv":[8.875,8,9,9.875],"texture":"#0"},"up":{"uv":[8.875,8,6.875,7.875],"texture":"#0"},"down":{"uv":[10.875,7.875,8.875,8],"texture":"#0"}}},{"from":[-0.25,10.97606,6.7938],"to":[0.25,11.97606,7.7938],"rotation":{"angle":22.5,"axis":"x","origin":[0.00993,6.75636,1.03888]},"faces":{"north":{"uv":[7.125,1.625,7.25,1.75],"texture":"#0"},"east":{"uv":[7,1.625,7.125,1.75],"texture":"#0"},"south":{"uv":[7.375,1.625,7.5,1.75],"texture":"#0"},"west":{"uv":[7.25,1.625,7.375,1.75],"texture":"#0"},"up":{"uv":[7.25,1.625,7.125,1.5],"texture":"#0"},"down":{"uv":[7.375,1.5,7.25,1.625],"texture":"#0"}}},{"from":[15.75,10.97606,6.7938],"to":[16.25,11.97606,7.7938],"rotation":{"angle":22.5,"axis":"x","origin":[0.00993,6.75636,1.03888]},"faces":{"north":{"uv":[2.125,0.875,2.25,1],"texture":"#0"},"east":{"uv":[2,0.875,2.125,1],"texture":"#0"},"south":{"uv":[2.375,0.875,2.5,1],"texture":"#0"},"west":{"uv":[2.25,0.875,2.375,1],"texture":"#0"},"up":{"uv":[2.25,0.875,2.125,0.75],"texture":"#0"},"down":{"uv":[2.375,0.75,2.25,0.875],"texture":"#0"}}},{"from":[-0.25,4.53666,8.71604],"to":[0.25,5.53666,9.71604],"faces":{"north":{"uv":[0.875,7.125,1,7.25],"texture":"#0"},"east":{"uv":[0.75,7.125,0.875,7.25],"texture":"#0"},"south":{"uv":[1.125,7.125,1.25,7.25],"texture":"#0"},"west":{"uv":[1,7.125,1.125,7.25],"texture":"#0"},"up":{"uv":[1,7.125,0.875,7],"texture":"#0"},"down":{"uv":[1.125,7,1,7.125],"texture":"#0"}}},{"from":[15.75,4.53666,8.71604],"to":[16.25,5.53666,9.71604],"faces":{"north":{"uv":[0.125,4,0.25,4.125],"texture":"#0"},"east":{"uv":[0,4,0.125,4.125],"texture":"#0"},"south":{"uv":[0.375,4,0.5,4.125],"texture":"#0"},"west":{"uv":[0.25,4,0.375,4.125],"texture":"#0"},"up":{"uv":[0.25,4,0.125,3.875],"texture":"#0"},"down":{"uv":[0.375,3.875,0.25,4],"texture":"#0"}}},{"from":[-0.25,11.97606,5.7938],"to":[0.25,13.97606,7.7938],"rotation":{"angle":22.5,"axis":"x","origin":[0.00993,6.75636,1.03888]},"faces":{"north":{"uv":[0.75,3.875,0.875,4.125],"texture":"#0"},"east":{"uv":[0.5,3.875,0.75,4.125],"texture":"#0"},"south":{"uv":[1.125,3.875,1.25,4.125],"texture":"#0"},"west":{"uv":[0.875,3.875,1.125,4.125],"texture":"#0"},"up":{"uv":[0.875,3.875,0.75,3.625],"texture":"#0"},"down":{"uv":[1,3.625,0.875,3.875],"texture":"#0"}}},{"from":[15.75,11.97606,5.7938],"to":[16.25,13.97606,7.7938],"rotation":{"angle":22.5,"axis":"x","origin":[0.00993,6.75636,1.03888]},"faces":{"north":{"uv":[0.25,0.25,0.375,0.5],"texture":"#0"},"east":{"uv":[0,0.25,0.25,0.5],"texture":"#0"},"south":{"uv":[0.625,0.25,0.75,0.5],"texture":"#0"},"west":{"uv":[0.375,0.25,0.625,0.5],"texture":"#0"},"up":{"uv":[0.375,0.25,0.25,0],"texture":"#0"},"down":{"uv":[0.5,0,0.375,0.25],"texture":"#0"}}},{"from":[-0.25,2.53666,7.71604],"to":[0.25,4.53666,9.71604],"faces":{"north":{"uv":[0.75,2,0.875,2.25],"texture":"#0"},"east":{"uv":[0.5,2,0.75,2.25],"texture":"#0"},"south":{"uv":[1.125,2,1.25,2.25],"texture":"#0"},"west":{"uv":[0.875,2,1.125,2.25],"texture":"#0"},"up":{"uv":[0.875,2,0.75,1.75],"texture":"#0"},"down":{"uv":[1,1.75,0.875,2],"texture":"#0"}}},{"from":[15.75,2.53666,7.71604],"to":[16.25,4.53666,9.71604],"faces":{"north":{"uv":[0.25,1.75,0.375,2],"texture":"#0"},"east":{"uv":[0,1.75,0.25,2],"texture":"#0"},"south":{"uv":[0.625,1.75,0.75,2],"texture":"#0"},"west":{"uv":[0.375,1.75,0.625,2],"texture":"#0"},"up":{"uv":[0.375,1.75,0.25,1.5],"texture":"#0"},"down":{"uv":[0.5,1.5,0.375,1.75],"texture":"#0"}}},{"from":[-0.25,10.97606,3.7938],"to":[0.25,11.97606,4.7938],"rotation":{"angle":22.5,"axis":"x","origin":[0.00993,6.75636,1.03888]},"faces":{"north":{"uv":[7.125,1.25,7.25,1.375],"texture":"#0"},"east":{"uv":[7,1.25,7.125,1.375],"texture":"#0"},"south":{"uv":[7.375,1.25,7.5,1.375],"texture":"#0"},"west":{"uv":[7.25,1.25,7.375,1.375],"texture":"#0"},"up":{"uv":[7.25,1.25,7.125,1.125],"texture":"#0"},"down":{"uv":[7.375,1.125,7.25,1.25],"texture":"#0"}}},{"from":[15.75,10.97606,3.7938],"to":[16.25,11.97606,4.7938],"rotation":{"angle":22.5,"axis":"x","origin":[0.00993,6.75636,1.03888]},"faces":{"north":{"uv":[0.625,0.125,0.75,0.25],"texture":"#0"},"east":{"uv":[0.5,0.125,0.625,0.25],"texture":"#0"},"south":{"uv":[0.875,0.125,1,0.25],"texture":"#0"},"west":{"uv":[0.75,0.125,0.875,0.25],"texture":"#0"},"up":{"uv":[0.75,0.125,0.625,0],"texture":"#0"},"down":{"uv":[0.875,0,0.75,0.125],"texture":"#0"}}},{"from":[-0.25,4.53666,5.71604],"to":[0.25,5.53666,6.71604],"faces":{"north":{"uv":[6.625,4.125,6.75,4.25],"texture":"#0"},"east":{"uv":[6.5,4.125,6.625,4.25],"texture":"#0"},"south":{"uv":[6.875,4.125,7,4.25],"texture":"#0"},"west":{"uv":[6.75,4.125,6.875,4.25],"texture":"#0"},"up":{"uv":[6.75,4.125,6.625,4],"texture":"#0"},"down":{"uv":[6.875,4,6.75,4.125],"texture":"#0"}}},{"from":[15.75,4.53666,5.71604],"to":[16.25,5.53666,6.71604],"faces":{"north":{"uv":[0.625,3.5,0.75,3.625],"texture":"#0"},"east":{"uv":[0.5,3.5,0.625,3.625],"texture":"#0"},"south":{"uv":[0.875,3.5,1,3.625],"texture":"#0"},"west":{"uv":[0.75,3.5,0.875,3.625],"texture":"#0"},"up":{"uv":[0.75,3.5,0.625,3.375],"texture":"#0"},"down":{"uv":[0.875,3.375,0.75,3.5],"texture":"#0"}}},{"from":[-0.25,11.97606,2.7938],"to":[0.25,13.97606,4.7938],"rotation":{"angle":22.5,"axis":"x","origin":[0.00993,6.75636,1.03888]},"faces":{"north":{"uv":[0.25,3.625,0.375,3.875],"texture":"#0"},"east":{"uv":[0,3.625,0.25,3.875],"texture":"#0"},"south":{"uv":[0.625,3.625,0.75,3.875],"texture":"#0"},"west":{"uv":[0.375,3.625,0.625,3.875],"texture":"#0"},"up":{"uv":[0.375,3.625,0.25,3.375],"texture":"#0"},"down":{"uv":[0.5,3.375,0.375,3.625],"texture":"#0"}}},{"from":[15.75,11.97606,2.7938],"to":[16.25,13.97606,4.7938],"rotation":{"angle":22.5,"axis":"x","origin":[0.00993,6.75636,1.03888]},"faces":{"north":{"uv":[0.25,0.75,0.375,1],"texture":"#0"},"east":{"uv":[0,0.75,0.25,1],"texture":"#0"},"south":{"uv":[0.625,0.75,0.75,1],"texture":"#0"},"west":{"uv":[0.375,0.75,0.625,1],"texture":"#0"},"up":{"uv":[0.375,0.75,0.25,0.5],"texture":"#0"},"down":{"uv":[0.5,0.5,0.375,0.75],"texture":"#0"}}},{"from":[-0.25,2.53666,4.71604],"to":[0.25,4.53666,6.71604],"faces":{"north":{"uv":[1.75,1.5,1.875,1.75],"texture":"#0"},"east":{"uv":[1.5,1.5,1.75,1.75],"texture":"#0"},"south":{"uv":[2.125,1.5,2.25,1.75],"texture":"#0"},"west":{"uv":[1.875,1.5,2.125,1.75],"texture":"#0"},"up":{"uv":[1.875,1.5,1.75,1.25],"texture":"#0"},"down":{"uv":[2,1.25,1.875,1.5],"texture":"#0"}}},{"from":[15.75,2.53666,4.71604],"to":[16.25,4.53666,6.71604],"faces":{"north":{"uv":[0.75,1.5,0.875,1.75],"texture":"#0"},"east":{"uv":[0.5,1.5,0.75,1.75],"texture":"#0"},"south":{"uv":[1.125,1.5,1.25,1.75],"texture":"#0"},"west":{"uv":[0.875,1.5,1.125,1.75],"texture":"#0"},"up":{"uv":[0.875,1.5,0.75,1.25],"texture":"#0"},"down":{"uv":[1,1.25,0.875,1.5],"texture":"#0"}}},{"from":[-0.25,10.97606,0.7938],"to":[0.25,11.97606,1.7938],"rotation":{"angle":22.5,"axis":"x","origin":[0.00993,6.75636,1.03888]},"faces":{"north":{"uv":[6.5,7.125,6.625,7.25],"texture":"#0"},"east":{"uv":[6.375,7.125,6.5,7.25],"texture":"#0"},"south":{"uv":[6.75,7.125,6.875,7.25],"texture":"#0"},"west":{"uv":[6.625,7.125,6.75,7.25],"texture":"#0"},"up":{"uv":[6.625,7.125,6.5,7],"texture":"#0"},"down":{"uv":[6.75,7,6.625,7.125],"texture":"#0"}}},{"from":[15.75,10.97606,0.7938],"to":[16.25,11.97606,1.7938],"rotation":{"angle":22.5,"axis":"x","origin":[0.00993,6.75636,1.03888]},"faces":{"north":{"uv":[1.625,0.125,1.75,0.25],"texture":"#0"},"east":{"uv":[1.5,0.125,1.625,0.25],"texture":"#0"},"south":{"uv":[1.875,0.125,2,0.25],"texture":"#0"},"west":{"uv":[1.75,0.125,1.875,0.25],"texture":"#0"},"up":{"uv":[1.75,0.125,1.625,0],"texture":"#0"},"down":{"uv":[1.875,0,1.75,0.125],"texture":"#0"}}},{"from":[-0.25,4.53666,2.71604],"to":[0.25,5.53666,3.71604],"faces":{"north":{"uv":[6.625,3.75,6.75,3.875],"texture":"#0"},"east":{"uv":[6.5,3.75,6.625,3.875],"texture":"#0"},"south":{"uv":[6.875,3.75,7,3.875],"texture":"#0"},"west":{"uv":[6.75,3.75,6.875,3.875],"texture":"#0"},"up":{"uv":[6.75,3.75,6.625,3.625],"texture":"#0"},"down":{"uv":[6.875,3.625,6.75,3.75],"texture":"#0"}}},{"from":[15.75,4.53666,2.71604],"to":[16.25,5.53666,3.71604],"faces":{"north":{"uv":[1.875,2.375,2,2.5],"texture":"#0"},"east":{"uv":[1.75,2.375,1.875,2.5],"texture":"#0"},"south":{"uv":[2.125,2.375,2.25,2.5],"texture":"#0"},"west":{"uv":[2,2.375,2.125,2.5],"texture":"#0"},"up":{"uv":[2,2.375,1.875,2.25],"texture":"#0"},"down":{"uv":[2.125,2.25,2,2.375],"texture":"#0"}}},{"from":[-0.25,11.97606,-0.2062],"to":[0.25,13.97606,1.7938],"rotation":{"angle":22.5,"axis":"x","origin":[0.00993,6.75636,1.03888]},"faces":{"north":{"uv":[1.25,2.25,1.375,2.5],"texture":"#0"},"east":{"uv":[1,2.25,1.25,2.5],"texture":"#0"},"south":{"uv":[1.625,2.25,1.75,2.5],"texture":"#0"},"west":{"uv":[1.375,2.25,1.625,2.5],"texture":"#0"},"up":{"uv":[1.375,2.25,1.25,2],"texture":"#0"},"down":{"uv":[1.5,2,1.375,2.25],"texture":"#0"}}},{"from":[15.75,11.97606,-0.2062],"to":[16.25,13.97606,1.7938],"rotation":{"angle":22.5,"axis":"x","origin":[0.00993,6.75636,1.03888]},"faces":{"north":{"uv":[0.75,0.5,0.875,0.75],"texture":"#0"},"east":{"uv":[0.5,0.5,0.75,0.75],"texture":"#0"},"south":{"uv":[1.125,0.5,1.25,0.75],"texture":"#0"},"west":{"uv":[0.875,0.5,1.125,0.75],"texture":"#0"},"up":{"uv":[0.875,0.5,0.75,0.25],"texture":"#0"},"down":{"uv":[1,0.25,0.875,0.5],"texture":"#0"}}},{"from":[-0.25,2.53666,1.71604],"to":[0.25,4.53666,3.71604],"faces":{"north":{"uv":[1.75,1,1.875,1.25],"texture":"#0"},"east":{"uv":[1.5,1,1.75,1.25],"texture":"#0"},"south":{"uv":[2.125,1,2.25,1.25],"texture":"#0"},"west":{"uv":[1.875,1,2.125,1.25],"texture":"#0"},"up":{"uv":[1.875,1,1.75,0.75],"texture":"#0"},"down":{"uv":[2,0.75,1.875,1],"texture":"#0"}}},{"from":[15.75,2.53666,1.71604],"to":[16.25,4.53666,3.71604],"faces":{"north":{"uv":[1.25,0.75,1.375,1],"texture":"#0"},"east":{"uv":[1,0.75,1.25,1],"texture":"#0"},"south":{"uv":[1.625,0.75,1.75,1],"texture":"#0"},"west":{"uv":[1.375,0.75,1.625,1],"texture":"#0"},"up":{"uv":[1.375,0.75,1.25,0.5],"texture":"#0"},"down":{"uv":[1.5,0.5,1.375,0.75],"texture":"#0"}}},{"from":[-0.25,10.97606,-2.2062],"to":[0.25,11.97606,-1.2062],"rotation":{"angle":22.5,"axis":"x","origin":[0.00993,6.75636,1.03888]},"faces":{"north":{"uv":[6,7.125,6.125,7.25],"texture":"#0"},"east":{"uv":[5.875,7.125,6,7.25],"texture":"#0"},"south":{"uv":[6.25,7.125,6.375,7.25],"texture":"#0"},"west":{"uv":[6.125,7.125,6.25,7.25],"texture":"#0"},"up":{"uv":[6.125,7.125,6,7],"texture":"#0"},"down":{"uv":[6.25,7,6.125,7.125],"texture":"#0"}}},{"from":[15.75,10.97606,-2.2062],"to":[16.25,11.97606,-1.2062],"rotation":{"angle":22.5,"axis":"x","origin":[0.00993,6.75636,1.03888]},"faces":{"north":{"uv":[2.125,0.125,2.25,0.25],"texture":"#0"},"east":{"uv":[2,0.125,2.125,0.25],"texture":"#0"},"south":{"uv":[2.375,0.125,2.5,0.25],"texture":"#0"},"west":{"uv":[2.25,0.125,2.375,0.25],"texture":"#0"},"up":{"uv":[2.25,0.125,2.125,0],"texture":"#0"},"down":{"uv":[2.375,0,2.25,0.125],"texture":"#0"}}},{"from":[-0.25,4.53666,-0.28396],"to":[0.25,5.53666,0.71604],"faces":{"north":{"uv":[0.125,4.625,0.25,4.75],"texture":"#0"},"east":{"uv":[0,4.625,0.125,4.75],"texture":"#0"},"south":{"uv":[0.375,4.625,0.5,4.75],"texture":"#0"},"west":{"uv":[0.25,4.625,0.375,4.75],"texture":"#0"},"up":{"uv":[0.25,4.625,0.125,4.5],"texture":"#0"},"down":{"uv":[0.375,4.5,0.25,4.625],"texture":"#0"}}},{"from":[15.75,4.53666,-0.28396],"to":[16.25,5.53666,0.71604],"faces":{"north":{"uv":[2.125,1.875,2.25,2],"texture":"#0"},"east":{"uv":[2,1.875,2.125,2],"texture":"#0"},"south":{"uv":[2.375,1.875,2.5,2],"texture":"#0"},"west":{"uv":[2.25,1.875,2.375,2],"texture":"#0"},"up":{"uv":[2.25,1.875,2.125,1.75],"texture":"#0"},"down":{"uv":[2.375,1.75,2.25,1.875],"texture":"#0"}}},{"from":[-0.25,11.97606,-3.2062],"to":[0.25,13.97606,-1.2062],"rotation":{"angle":22.5,"axis":"x","origin":[0.00993,6.75636,1.03888]},"faces":{"north":{"uv":[0.25,2.25,0.375,2.5],"texture":"#0"},"east":{"uv":[0,2.25,0.25,2.5],"texture":"#0"},"south":{"uv":[0.625,2.25,0.75,2.5],"texture":"#0"},"west":{"uv":[0.375,2.25,0.625,2.5],"texture":"#0"},"up":{"uv":[0.375,2.25,0.25,2],"texture":"#0"},"down":{"uv":[0.5,2,0.375,2.25],"texture":"#0"}}},{"from":[15.75,11.97606,-3.2062],"to":[16.25,13.97606,-1.2062],"rotation":{"angle":22.5,"axis":"x","origin":[0.00993,6.75636,1.03888]},"faces":{"north":{"uv":[0.75,1,0.875,1.25],"texture":"#0"},"east":{"uv":[0.5,1,0.75,1.25],"texture":"#0"},"south":{"uv":[1.125,1,1.25,1.25],"texture":"#0"},"west":{"uv":[0.875,1,1.125,1.25],"texture":"#0"},"up":{"uv":[0.875,1,0.75,0.75],"texture":"#0"},"down":{"uv":[1,0.75,0.875,1],"texture":"#0"}}},{"from":[-0.25,2.53666,-1.28396],"to":[0.25,4.53666,0.71604],"faces":{"north":{"uv":[1.75,0.5,1.875,0.75],"texture":"#0"},"east":{"uv":[1.5,0.5,1.75,0.75],"texture":"#0"},"south":{"uv":[2.125,0.5,2.25,0.75],"texture":"#0"},"west":{"uv":[1.875,0.5,2.125,0.75],"texture":"#0"},"up":{"uv":[1.875,0.5,1.75,0.25],"texture":"#0"},"down":{"uv":[2,0.25,1.875,0.5],"texture":"#0"}}},{"from":[15.75,2.53666,-1.28396],"to":[16.25,4.53666,0.71604],"faces":{"north":{"uv":[1.25,0.25,1.375,0.5],"texture":"#0"},"east":{"uv":[1,0.25,1.25,0.5],"texture":"#0"},"south":{"uv":[1.625,0.25,1.75,0.5],"texture":"#0"},"west":{"uv":[1.375,0.25,1.625,0.5],"texture":"#0"},"up":{"uv":[1.375,0.25,1.25,0],"texture":"#0"},"down":{"uv":[1.5,0,1.375,0.25],"texture":"#0"}}},{"from":[-0.25,10.97606,-5.2062],"to":[0.25,11.97606,-4.2062],"rotation":{"angle":22.5,"axis":"x","origin":[0.00993,6.75636,1.03888]},"faces":{"north":{"uv":[5.5,7.125,5.625,7.25],"texture":"#0"},"east":{"uv":[5.375,7.125,5.5,7.25],"texture":"#0"},"south":{"uv":[5.75,7.125,5.875,7.25],"texture":"#0"},"west":{"uv":[5.625,7.125,5.75,7.25],"texture":"#0"},"up":{"uv":[5.625,7.125,5.5,7],"texture":"#0"},"down":{"uv":[5.75,7,5.625,7.125],"texture":"#0"}}},{"from":[15.75,10.97606,-5.2062],"to":[16.25,11.97606,-4.2062],"rotation":{"angle":22.5,"axis":"x","origin":[0.00993,6.75636,1.03888]},"faces":{"north":{"uv":[2.125,0.375,2.25,0.5],"texture":"#0"},"east":{"uv":[2,0.375,2.125,0.5],"texture":"#0"},"south":{"uv":[2.375,0.375,2.5,0.5],"texture":"#0"},"west":{"uv":[2.25,0.375,2.375,0.5],"texture":"#0"},"up":{"uv":[2.25,0.375,2.125,0.25],"texture":"#0"},"down":{"uv":[2.375,0.25,2.25,0.375],"texture":"#0"}}},{"from":[-0.25,4.53666,-3.28396],"to":[0.25,5.53666,-2.28396],"faces":{"north":{"uv":[0.875,4.25,1,4.375],"texture":"#0"},"east":{"uv":[0.75,4.25,0.875,4.375],"texture":"#0"},"south":{"uv":[1.125,4.25,1.25,4.375],"texture":"#0"},"west":{"uv":[1,4.25,1.125,4.375],"texture":"#0"},"up":{"uv":[1,4.25,0.875,4.125],"texture":"#0"},"down":{"uv":[1.125,4.125,1,4.25],"texture":"#0"}}},{"from":[15.75,4.53666,-3.28396],"to":[16.25,5.53666,-2.28396],"faces":{"north":{"uv":[2.125,1.375,2.25,1.5],"texture":"#0"},"east":{"uv":[2,1.375,2.125,1.5],"texture":"#0"},"south":{"uv":[2.375,1.375,2.5,1.5],"texture":"#0"},"west":{"uv":[2.25,1.375,2.375,1.5],"texture":"#0"},"up":{"uv":[2.25,1.375,2.125,1.25],"texture":"#0"},"down":{"uv":[2.375,1.25,2.25,1.375],"texture":"#0"}}},{"from":[-0.25,11.97606,-6.2062],"to":[0.25,13.97606,-4.2062],"rotation":{"angle":22.5,"axis":"x","origin":[0.00993,6.75636,1.03888]},"faces":{"north":{"uv":[1.75,2,1.875,2.25],"texture":"#0"},"east":{"uv":[1.5,2,1.75,2.25],"texture":"#0"},"south":{"uv":[2.125,2,2.25,2.25],"texture":"#0"},"west":{"uv":[1.875,2,2.125,2.25],"texture":"#0"},"up":{"uv":[1.875,2,1.75,1.75],"texture":"#0"},"down":{"uv":[2,1.75,1.875,2],"texture":"#0"}}},{"from":[13.25501,11.97606,-7.72105],"to":[15.25501,13.97606,-7.22105],"rotation":{"angle":22.5,"axis":"x","origin":[0.00993,6.75636,1.03888]},"faces":{"north":{"uv":[0.75,7.375,1,7.625],"texture":"#0"},"east":{"uv":[0.625,7.375,0.75,7.625],"texture":"#0"},"south":{"uv":[1.125,7.375,1.375,7.625],"texture":"#0"},"west":{"uv":[1,7.375,1.125,7.625],"texture":"#0"},"up":{"uv":[1,7.375,0.75,7.25],"texture":"#0"},"down":{"uv":[1.25,7.25,1,7.375],"texture":"#0"}}},{"from":[1.18591,2.36445,-4.72053],"to":[3.18591,4.36445,-4.22053],"faces":{"north":{"uv":[6,4.25,6.25,4.5],"texture":"#0"},"east":{"uv":[5.875,4.25,6,4.5],"texture":"#0"},"south":{"uv":[6.375,4.25,6.625,4.5],"texture":"#0"},"west":{"uv":[6.25,4.25,6.375,4.5],"texture":"#0"},"up":{"uv":[6.25,4.25,6,4.125],"texture":"#0"},"down":{"uv":[6.5,4.125,6.25,4.25],"texture":"#0"}}},{"from":[1.25501,11.97606,-7.72105],"to":[3.25501,13.97606,-7.22105],"rotation":{"angle":22.5,"axis":"x","origin":[0.00993,6.75636,1.03888]},"faces":{"north":{"uv":[7.125,0.875,7.375,1.125],"texture":"#0"},"east":{"uv":[7,0.875,7.125,1.125],"texture":"#0"},"south":{"uv":[7.5,0.875,7.75,1.125],"texture":"#0"},"west":{"uv":[7.375,0.875,7.5,1.125],"texture":"#0"},"up":{"uv":[7.375,0.875,7.125,0.75],"texture":"#0"},"down":{"uv":[7.625,0.75,7.375,0.875],"texture":"#0"}}},{"from":[13.18591,2.36445,-4.72053],"to":[15.18591,4.36445,-4.22053],"faces":{"north":{"uv":[0.125,4.25,0.375,4.5],"texture":"#0"},"east":{"uv":[0,4.25,0.125,4.5],"texture":"#0"},"south":{"uv":[0.5,4.25,0.75,4.5],"texture":"#0"},"west":{"uv":[0.375,4.25,0.5,4.5],"texture":"#0"},"up":{"uv":[0.375,4.25,0.125,4.125],"texture":"#0"},"down":{"uv":[0.625,4.125,0.375,4.25],"texture":"#0"}}},{"from":[4.25501,11.97606,-7.72105],"to":[6.25501,13.97606,-7.22105],"rotation":{"angle":22.5,"axis":"x","origin":[0.00993,6.75636,1.03888]},"faces":{"north":{"uv":[7.125,0.5,7.375,0.75],"texture":"#0"},"east":{"uv":[7,0.5,7.125,0.75],"texture":"#0"},"south":{"uv":[7.5,0.5,7.75,0.75],"texture":"#0"},"west":{"uv":[7.375,0.5,7.5,0.75],"texture":"#0"},"up":{"uv":[7.375,0.5,7.125,0.375],"texture":"#0"},"down":{"uv":[7.625,0.375,7.375,0.5],"texture":"#0"}}},{"from":[10.18591,2.36445,-4.72053],"to":[12.18591,4.36445,-4.22053],"faces":{"north":{"uv":[0.75,4.5,1,4.75],"texture":"#0"},"east":{"uv":[0.625,4.5,0.75,4.75],"texture":"#0"},"south":{"uv":[1.125,4.5,1.375,4.75],"texture":"#0"},"west":{"uv":[1,4.5,1.125,4.75],"texture":"#0"},"up":{"uv":[1,4.5,0.75,4.375],"texture":"#0"},"down":{"uv":[1.25,4.375,1,4.5],"texture":"#0"}}},{"from":[10.25501,11.97606,-7.72105],"to":[12.25501,13.97606,-7.22105],"rotation":{"angle":22.5,"axis":"x","origin":[0.00993,6.75636,1.03888]},"faces":{"north":{"uv":[7.125,0.125,7.375,0.375],"texture":"#0"},"east":{"uv":[7,0.125,7.125,0.375],"texture":"#0"},"south":{"uv":[7.5,0.125,7.75,0.375],"texture":"#0"},"west":{"uv":[7.375,0.125,7.5,0.375],"texture":"#0"},"up":{"uv":[7.375,0.125,7.125,0],"texture":"#0"},"down":{"uv":[7.625,0,7.375,0.125],"texture":"#0"}}},{"from":[4.18591,2.36445,-4.72053],"to":[6.18591,4.36445,-4.22053],"faces":{"north":{"uv":[6,3.875,6.25,4.125],"texture":"#0"},"east":{"uv":[5.875,3.875,6,4.125],"texture":"#0"},"south":{"uv":[6.375,3.875,6.625,4.125],"texture":"#0"},"west":{"uv":[6.25,3.875,6.375,4.125],"texture":"#0"},"up":{"uv":[6.25,3.875,6,3.75],"texture":"#0"},"down":{"uv":[6.5,3.75,6.25,3.875],"texture":"#0"}}},{"from":[7.25501,11.97606,-7.72105],"to":[9.25501,13.97606,-7.22105],"rotation":{"angle":22.5,"axis":"x","origin":[0.00993,6.75636,1.03888]},"faces":{"north":{"uv":[0.125,7.125,0.375,7.375],"texture":"#0"},"east":{"uv":[0,7.125,0.125,7.375],"texture":"#0"},"south":{"uv":[0.5,7.125,0.75,7.375],"texture":"#0"},"west":{"uv":[0.375,7.125,0.5,7.375],"texture":"#0"},"up":{"uv":[0.375,7.125,0.125,7],"texture":"#0"},"down":{"uv":[0.625,7,0.375,7.125],"texture":"#0"}}},{"from":[7.18591,2.36445,-4.72053],"to":[9.18591,4.36445,-4.22053],"faces":{"north":{"uv":[6,3.5,6.25,3.75],"texture":"#0"},"east":{"uv":[5.875,3.5,6,3.75],"texture":"#0"},"south":{"uv":[6.375,3.5,6.625,3.75],"texture":"#0"},"west":{"uv":[6.25,3.5,6.375,3.75],"texture":"#0"},"up":{"uv":[6.25,3.5,6,3.375],"texture":"#0"},"down":{"uv":[6.5,3.375,6.25,3.5],"texture":"#0"}}},{"from":[13.75501,10.97606,-7.72105],"to":[14.75501,11.97606,-7.22105],"rotation":{"angle":22.5,"axis":"x","origin":[0.00993,6.75636,1.03888]},"faces":{"north":{"uv":[7.875,1,8,1.125],"texture":"#0"},"east":{"uv":[7.75,1,7.875,1.125],"texture":"#0"},"south":{"uv":[8.125,1,8.25,1.125],"texture":"#0"},"west":{"uv":[8,1,8.125,1.125],"texture":"#0"},"up":{"uv":[8,1,7.875,0.875],"texture":"#0"},"down":{"uv":[8.125,0.875,8,1],"texture":"#0"}}},{"from":[1.68591,4.36445,-4.72053],"to":[2.68591,5.36445,-4.22053],"faces":{"north":{"uv":[7.125,1.875,7.25,2],"texture":"#0"},"east":{"uv":[7,1.875,7.125,2],"texture":"#0"},"south":{"uv":[7.375,1.875,7.5,2],"texture":"#0"},"west":{"uv":[7.25,1.875,7.375,2],"texture":"#0"},"up":{"uv":[7.25,1.875,7.125,1.75],"texture":"#0"},"down":{"uv":[7.375,1.75,7.25,1.875],"texture":"#0"}}},{"from":[1.75501,10.97606,-7.72105],"to":[2.75501,11.97606,-7.22105],"rotation":{"angle":22.5,"axis":"x","origin":[0.00993,6.75636,1.03888]},"faces":{"north":{"uv":[7.875,0.125,8,0.25],"texture":"#0"},"east":{"uv":[7.75,0.125,7.875,0.25],"texture":"#0"},"south":{"uv":[8.125,0.125,8.25,0.25],"texture":"#0"},"west":{"uv":[8,0.125,8.125,0.25],"texture":"#0"},"up":{"uv":[8,0.125,7.875,0],"texture":"#0"},"down":{"uv":[8.125,0,8,0.125],"texture":"#0"}}},{"from":[13.68591,4.36445,-4.72053],"to":[14.68591,5.36445,-4.22053],"faces":{"north":{"uv":[0.625,7.75,0.75,7.875],"texture":"#0"},"east":{"uv":[0.5,7.75,0.625,7.875],"texture":"#0"},"south":{"uv":[0.875,7.75,1,7.875],"texture":"#0"},"west":{"uv":[0.75,7.75,0.875,7.875],"texture":"#0"},"up":{"uv":[0.75,7.75,0.625,7.625],"texture":"#0"},"down":{"uv":[0.875,7.625,0.75,7.75],"texture":"#0"}}},{"from":[4.75501,10.97606,-7.72105],"to":[5.75501,11.97606,-7.22105],"rotation":{"angle":22.5,"axis":"x","origin":[0.00993,6.75636,1.03888]},"faces":{"north":{"uv":[1,7.875,1.125,8],"texture":"#0"},"east":{"uv":[0.875,7.875,1,8],"texture":"#0"},"south":{"uv":[1.25,7.875,1.375,8],"texture":"#0"},"west":{"uv":[1.125,7.875,1.25,8],"texture":"#0"},"up":{"uv":[1.125,7.875,1,7.75],"texture":"#0"},"down":{"uv":[1.25,7.75,1.125,7.875],"texture":"#0"}}},{"from":[10.68591,4.36445,-4.72053],"to":[11.68591,5.36445,-4.22053],"faces":{"north":{"uv":[0.125,7.75,0.25,7.875],"texture":"#0"},"east":{"uv":[0,7.75,0.125,7.875],"texture":"#0"},"south":{"uv":[0.375,7.75,0.5,7.875],"texture":"#0"},"west":{"uv":[0.25,7.75,0.375,7.875],"texture":"#0"},"up":{"uv":[0.25,7.75,0.125,7.625],"texture":"#0"},"down":{"uv":[0.375,7.625,0.25,7.75],"texture":"#0"}}},{"from":[10.75501,10.97606,-7.72105],"to":[11.75501,11.97606,-7.22105],"rotation":{"angle":22.5,"axis":"x","origin":[0.00993,6.75636,1.03888]},"faces":{"north":{"uv":[7.75,0.75,7.875,0.875],"texture":"#0"},"east":{"uv":[7.625,0.75,7.75,0.875],"texture":"#0"},"south":{"uv":[8,0.75,8.125,0.875],"texture":"#0"},"west":{"uv":[7.875,0.75,8,0.875],"texture":"#0"},"up":{"uv":[7.875,0.75,7.75,0.625],"texture":"#0"},"down":{"uv":[8,0.625,7.875,0.75],"texture":"#0"}}},{"from":[4.68591,4.36445,-4.72053],"to":[5.68591,5.36445,-4.22053],"faces":{"north":{"uv":[0.125,7.5,0.25,7.625],"texture":"#0"},"east":{"uv":[0,7.5,0.125,7.625],"texture":"#0"},"south":{"uv":[0.375,7.5,0.5,7.625],"texture":"#0"},"west":{"uv":[0.25,7.5,0.375,7.625],"texture":"#0"},"up":{"uv":[0.25,7.5,0.125,7.375],"texture":"#0"},"down":{"uv":[0.375,7.375,0.25,7.5],"texture":"#0"}}},{"from":[7.75501,10.97606,-7.72105],"to":[8.75501,11.97606,-7.22105],"rotation":{"angle":22.5,"axis":"x","origin":[0.00993,6.75636,1.03888]},"faces":{"north":{"uv":[7.75,0.375,7.875,0.5],"texture":"#0"},"east":{"uv":[7.625,0.375,7.75,0.5],"texture":"#0"},"south":{"uv":[8,0.375,8.125,0.5],"texture":"#0"},"west":{"uv":[7.875,0.375,8,0.5],"texture":"#0"},"up":{"uv":[7.875,0.375,7.75,0.25],"texture":"#0"},"down":{"uv":[8,0.25,7.875,0.375],"texture":"#0"}}},{"from":[7.68591,4.36445,-4.72053],"to":[8.68591,5.36445,-4.22053],"faces":{"north":{"uv":[7.625,1.25,7.75,1.375],"texture":"#0"},"east":{"uv":[7.5,1.25,7.625,1.375],"texture":"#0"},"south":{"uv":[7.875,1.25,8,1.375],"texture":"#0"},"west":{"uv":[7.75,1.25,7.875,1.375],"texture":"#0"},"up":{"uv":[7.75,1.25,7.625,1.125],"texture":"#0"},"down":{"uv":[7.875,1.125,7.75,1.25],"texture":"#0"}}},{"from":[15.75,11.97606,-6.2062],"to":[16.25,13.97606,-4.2062],"rotation":{"angle":22.5,"axis":"x","origin":[0.00993,6.75636,1.03888]},"faces":{"north":{"uv":[0.25,1.25,0.375,1.5],"texture":"#0"},"east":{"uv":[0,1.25,0.25,1.5],"texture":"#0"},"south":{"uv":[0.625,1.25,0.75,1.5],"texture":"#0"},"west":{"uv":[0.375,1.25,0.625,1.5],"texture":"#0"},"up":{"uv":[0.375,1.25,0.25,1],"texture":"#0"},"down":{"uv":[0.5,1,0.375,1.25],"texture":"#0"}}},{"from":[-0.25,2.53666,-4.28396],"to":[0.25,4.53666,-2.28396],"faces":{"north":{"uv":[1.25,1.75,1.375,2],"texture":"#0"},"east":{"uv":[1,1.75,1.25,2],"texture":"#0"},"south":{"uv":[1.625,1.75,1.75,2],"texture":"#0"},"west":{"uv":[1.375,1.75,1.625,2],"texture":"#0"},"up":{"uv":[1.375,1.75,1.25,1.5],"texture":"#0"},"down":{"uv":[1.5,1.5,1.375,1.75],"texture":"#0"}}},{"from":[15.75,2.53666,-4.28396],"to":[16.25,4.53666,-2.28396],"faces":{"north":{"uv":[1.25,1.25,1.375,1.5],"texture":"#0"},"east":{"uv":[1,1.25,1.25,1.5],"texture":"#0"},"south":{"uv":[1.625,1.25,1.75,1.5],"texture":"#0"},"west":{"uv":[1.375,1.25,1.625,1.5],"texture":"#0"},"up":{"uv":[1.375,1.25,1.25,1],"texture":"#0"},"down":{"uv":[1.5,1,1.375,1.25],"texture":"#0"}}}]}