{"display":{"thirdperson_righthand":{"rotation":[45,0,0],"scale":[0.4,0.4,0.4]},"firstperson_righthand":{"scale":[0.4,0.4,0.4]},"ground":{"scale":[0.5,0.5,0.5]},"gui":{"rotation":[22,0,21],"translation":[1.5,-3.75,0],"scale":[0.7,0.7,0.7]},"head":{"translation":[0,-1.5,0.25],"scale":[0.91,0.91,0.91]}},"textures":{"0":"wardrobe/head/xxxtentacion","particle":"wardrobe/head/xxxtentacion"},"elements":[{"from":[0,16,-0.25],"to":[16,18,16],"faces":{"north":{"uv":[2,4.375,4,4.625],"texture":"#0"},"east":{"uv":[0,4.375,2,4.625],"texture":"#0"},"south":{"uv":[6,4.375,8,4.625],"texture":"#0"},"west":{"uv":[4,4.375,6,4.625],"texture":"#0"},"up":{"uv":[4,4.375,2,2.375],"texture":"#0"},"down":{"uv":[6,2.375,4,4.375],"texture":"#0"}}},{"from":[0.75,17,0.5],"to":[15.25,18.5,15.5],"faces":{"north":{"uv":[7.5,7.5,9.25,7.625],"texture":"#0"},"east":{"uv":[5.625,7.5,7.5,7.625],"texture":"#0"},"south":{"uv":[11.125,7.5,12.875,7.625],"texture":"#0"},"west":{"uv":[9.25,7.5,11.125,7.625],"texture":"#0"},"up":{"uv":[9.25,7.5,7.5,5.625],"texture":"#0"},"down":{"uv":[11,5.625,9.25,7.5],"texture":"#0"}}},{"from":[2,18,1.75],"to":[14,19.5,14],"faces":{"north":{"uv":[7.5,1.5,9,1.625],"texture":"#0"},"east":{"uv":[6,1.5,7.5,1.625],"texture":"#0"},"south":{"uv":[10.5,1.5,12,1.625],"texture":"#0"},"west":{"uv":[9,1.5,10.5,1.625],"texture":"#0"},"up":{"uv":[9,1.5,7.5,0],"texture":"#0"},"down":{"uv":[10.5,0,9,1.5],"texture":"#0"}}},{"from":[-0.25,14,0.25],"to":[16.5,17.25,16.5],"faces":{"north":{"uv":[2,2,4,2.375],"texture":"#0"},"east":{"uv":[0,2,2,2.375],"texture":"#0"},"south":{"uv":[6,2,8,2.375],"texture":"#0"},"west":{"uv":[4,2,6,2.375],"texture":"#0"},"up":{"uv":[4,2,2,0],"texture":"#0"},"down":{"uv":[6,0,4,2],"texture":"#0"}}},{"from":[-0.75,11.75,3.75],"to":[16.75,14.25,16.75],"faces":{"north":{"uv":[1.625,6.25,3.75,6.75],"texture":"#0"},"east":{"uv":[0,6.25,1.625,6.75],"texture":"#0"},"south":{"uv":[5.375,6.25,7.5,6.75],"texture":"#0"},"west":{"uv":[3.75,6.25,5.375,6.75],"texture":"#0"},"up":{"uv":[3.75,6.25,1.625,4.625],"texture":"#0"},"down":{"uv":[5.875,4.625,3.75,6.25],"texture":"#0"}}},{"from":[14,14,0],"to":[16,18,2],"rotation":{"angle":-22.5,"axis":"z","origin":[17.97117,17.53317,0.99572]},"faces":{"north":{"uv":[2.25,10.625,2.5,11.125],"texture":"#0"},"east":{"uv":[2,10.625,2.25,11.125],"texture":"#0"},"south":{"uv":[2.75,10.625,3,11.125],"texture":"#0"},"west":{"uv":[2.5,10.625,2.75,11.125],"texture":"#0"},"up":{"uv":[2.5,10.625,2.25,10.375],"texture":"#0"},"down":{"uv":[2.75,10.375,2.5,10.625],"texture":"#0"}}},{"from":[15,13,0],"to":[17,20,2],"rotation":{"angle":22.5,"axis":"z","origin":[17.97117,17.53317,0.99572]},"faces":{"north":{"uv":[3,8.25,3.25,9.125],"texture":"#0"},"east":{"uv":[2.75,8.25,3,9.125],"texture":"#0"},"south":{"uv":[3.5,8.25,3.75,9.125],"texture":"#0"},"west":{"uv":[3.25,8.25,3.5,9.125],"texture":"#0"},"up":{"uv":[3.25,8.25,3,8],"texture":"#0"},"down":{"uv":[3.5,8,3.25,8.25],"texture":"#0"}}},{"from":[14,13,2.5],"to":[16,17,4.5],"rotation":{"angle":-22.5,"axis":"z","origin":[17.97117,16.53317,3.49572]},"faces":{"north":{"uv":[10.5,9.125,10.75,9.625],"texture":"#0"},"east":{"uv":[10.25,9.125,10.5,9.625],"texture":"#0"},"south":{"uv":[11,9.125,11.25,9.625],"texture":"#0"},"west":{"uv":[10.75,9.125,11,9.625],"texture":"#0"},"up":{"uv":[10.75,9.125,10.5,8.875],"texture":"#0"},"down":{"uv":[11,8.875,10.75,9.125],"texture":"#0"}}},{"from":[15,10,2.5],"to":[17,19,4.5],"rotation":{"angle":22.5,"axis":"z","origin":[17.97117,16.53317,3.49572]},"faces":{"north":{"uv":[0.25,7,0.5,8.125],"texture":"#0"},"east":{"uv":[0,7,0.25,8.125],"texture":"#0"},"south":{"uv":[0.75,7,1,8.125],"texture":"#0"},"west":{"uv":[0.5,7,0.75,8.125],"texture":"#0"},"up":{"uv":[0.5,7,0.25,6.75],"texture":"#0"},"down":{"uv":[0.75,6.75,0.5,7],"texture":"#0"}}},{"from":[14.75,14.5,5.25],"to":[16.75,18.5,7.25],"rotation":{"angle":-22.5,"axis":"z","origin":[18.72117,18.03317,6.24572]},"faces":{"north":{"uv":[9.25,10.5,9.5,11],"texture":"#0"},"east":{"uv":[9,10.5,9.25,11],"texture":"#0"},"south":{"uv":[9.75,10.5,10,11],"texture":"#0"},"west":{"uv":[9.5,10.5,9.75,11],"texture":"#0"},"up":{"uv":[9.5,10.5,9.25,10.25],"texture":"#0"},"down":{"uv":[9.75,10.25,9.5,10.5],"texture":"#0"}}},{"from":[15.75,13.5,5.25],"to":[17.75,20.5,7.25],"rotation":{"angle":22.5,"axis":"z","origin":[18.72117,18.03317,6.24572]},"faces":{"north":{"uv":[9.25,2.875,9.5,3.75],"texture":"#0"},"east":{"uv":[9,2.875,9.25,3.75],"texture":"#0"},"south":{"uv":[9.75,2.875,10,3.75],"texture":"#0"},"west":{"uv":[9.5,2.875,9.75,3.75],"texture":"#0"},"up":{"uv":[9.5,2.875,9.25,2.625],"texture":"#0"},"down":{"uv":[9.75,2.625,9.5,2.875],"texture":"#0"}}},{"from":[15.06617,13.84855,-0.78981],"to":[17.06617,17.84855,1.21019],"rotation":{"angle":-22.5,"axis":"x","origin":[16.06267,15.57235,-0.9035]},"faces":{"north":{"uv":[10.375,4.125,10.625,4.625],"texture":"#0"},"east":{"uv":[10.125,4.125,10.375,4.625],"texture":"#0"},"south":{"uv":[10.875,4.125,11.125,4.625],"texture":"#0"},"west":{"uv":[10.625,4.125,10.875,4.625],"texture":"#0"},"up":{"uv":[10.625,4.125,10.375,3.875],"texture":"#0"},"down":{"uv":[10.875,3.875,10.625,4.125],"texture":"#0"}}},{"from":[14.31617,13.09855,14.38981],"to":[16.31617,17.09855,16.38981],"rotation":{"angle":22.5,"axis":"x","origin":[15.31267,14.82235,16.5035]},"faces":{"north":{"uv":[10,7.875,10.25,8.375],"texture":"#0"},"east":{"uv":[9.75,7.875,10,8.375],"texture":"#0"},"south":{"uv":[10.5,7.875,10.75,8.375],"texture":"#0"},"west":{"uv":[10.25,7.875,10.5,8.375],"texture":"#0"},"up":{"uv":[10.25,7.875,10,7.625],"texture":"#0"},"down":{"uv":[10.5,7.625,10.25,7.875],"texture":"#0"}}},{"from":[15.06617,11.00517,-2.52519],"to":[17.06617,18.00517,-0.52519],"rotation":{"angle":22.5,"axis":"x","origin":[16.06267,15.57235,-0.9035]},"faces":{"north":{"uv":[3.75,9.25,4,10.125],"texture":"#0"},"east":{"uv":[3.5,9.25,3.75,10.125],"texture":"#0"},"south":{"uv":[4.25,9.25,4.5,10.125],"texture":"#0"},"west":{"uv":[4,9.25,4.25,10.125],"texture":"#0"},"up":{"uv":[4,9.25,3.75,9],"texture":"#0"},"down":{"uv":[4.25,9,4,9.25],"texture":"#0"}}},{"from":[14.31617,10.25517,16.12519],"to":[16.31617,17.25517,18.12519],"rotation":{"angle":-22.5,"axis":"x","origin":[15.31267,14.82235,16.5035]},"faces":{"north":{"uv":[2,8.25,2.25,9.125],"texture":"#0"},"east":{"uv":[1.75,8.25,2,9.125],"texture":"#0"},"south":{"uv":[2.5,8.25,2.75,9.125],"texture":"#0"},"west":{"uv":[2.25,8.25,2.5,9.125],"texture":"#0"},"up":{"uv":[2.25,8.25,2,8],"texture":"#0"},"down":{"uv":[2.5,8,2.25,8.25],"texture":"#0"}}},{"from":[12.81617,14.84855,-0.03981],"to":[14.81617,18.84855,1.96019],"rotation":{"angle":-22.5,"axis":"x","origin":[13.81267,16.57235,-0.1535]},"faces":{"north":{"uv":[1.25,10.375,1.5,10.875],"texture":"#0"},"east":{"uv":[1,10.375,1.25,10.875],"texture":"#0"},"south":{"uv":[1.75,10.375,2,10.875],"texture":"#0"},"west":{"uv":[1.5,10.375,1.75,10.875],"texture":"#0"},"up":{"uv":[1.5,10.375,1.25,10.125],"texture":"#0"},"down":{"uv":[1.75,10.125,1.5,10.375],"texture":"#0"}}},{"from":[12.06617,14.09855,13.63981],"to":[14.06617,17.84855,15.63981],"rotation":{"angle":22.5,"axis":"x","origin":[13.06267,15.82235,15.7535]},"faces":{"north":{"uv":[8.5,10,8.75,10.5],"texture":"#0"},"east":{"uv":[8.25,10,8.5,10.5],"texture":"#0"},"south":{"uv":[9,10,9.25,10.5],"texture":"#0"},"west":{"uv":[8.75,10,9,10.5],"texture":"#0"},"up":{"uv":[8.75,10,8.5,9.75],"texture":"#0"},"down":{"uv":[9,9.75,8.75,10],"texture":"#0"}}},{"from":[12.81617,12.00517,-1.77519],"to":[14.81617,19.00517,0.22481],"rotation":{"angle":22.5,"axis":"x","origin":[13.81267,16.57235,-0.1535]},"faces":{"north":{"uv":[7.75,9.125,8,10],"texture":"#0"},"east":{"uv":[7.5,9.125,7.75,10],"texture":"#0"},"south":{"uv":[8.25,9.125,8.5,10],"texture":"#0"},"west":{"uv":[8,9.125,8.25,10],"texture":"#0"},"up":{"uv":[8,9.125,7.75,8.875],"texture":"#0"},"down":{"uv":[8.25,8.875,8,9.125],"texture":"#0"}}},{"from":[12.06617,11.25517,15.37519],"to":[14.06617,18.25517,17.37519],"rotation":{"angle":-22.5,"axis":"x","origin":[13.06267,15.82235,15.7535]},"faces":{"north":{"uv":[1,8.25,1.25,9.125],"texture":"#0"},"east":{"uv":[0.75,8.25,1,9.125],"texture":"#0"},"south":{"uv":[1.5,8.25,1.75,9.125],"texture":"#0"},"west":{"uv":[1.25,8.25,1.5,9.125],"texture":"#0"},"up":{"uv":[1.25,8.25,1,8],"texture":"#0"},"down":{"uv":[1.5,8,1.25,8.25],"texture":"#0"}}},{"from":[10.56617,13.84855,-0.03981],"to":[12.56617,17.84855,1.96019],"rotation":{"angle":-22.5,"axis":"x","origin":[11.56267,15.57235,-0.1535]},"faces":{"north":{"uv":[9.375,4,9.625,4.75],"texture":"#0"},"east":{"uv":[9.125,4,9.375,4.75],"texture":"#0"},"south":{"uv":[9.875,4,10.125,4.75],"texture":"#0"},"west":{"uv":[9.625,4,9.875,4.75],"texture":"#0"},"up":{"uv":[9.625,4,9.375,3.75],"texture":"#0"},"down":{"uv":[9.875,3.75,9.625,4],"texture":"#0"}}},{"from":[9.81617,11.09855,13.63981],"to":[11.81617,17.09855,15.63981],"rotation":{"angle":22.5,"axis":"x","origin":[10.81267,14.82235,15.7535]},"faces":{"north":{"uv":[9,7.875,9.25,8.625],"texture":"#0"},"east":{"uv":[8.75,7.875,9,8.625],"texture":"#0"},"south":{"uv":[9.5,7.875,9.75,8.625],"texture":"#0"},"west":{"uv":[9.25,7.875,9.5,8.625],"texture":"#0"},"up":{"uv":[9.25,7.875,9,7.625],"texture":"#0"},"down":{"uv":[9.5,7.625,9.25,7.875],"texture":"#0"}}},{"from":[10.56617,8.00517,-1.77519],"to":[12.56617,18.00517,0.22481],"rotation":{"angle":22.5,"axis":"x","origin":[11.56267,15.57235,-0.1535]},"faces":{"north":{"uv":[0.25,2.625,0.5,3.875],"texture":"#0"},"east":{"uv":[0,2.625,0.25,3.875],"texture":"#0"},"south":{"uv":[0.75,2.625,1,3.875],"texture":"#0"},"west":{"uv":[0.5,2.625,0.75,3.875],"texture":"#0"},"up":{"uv":[0.5,2.625,0.25,2.375],"texture":"#0"},"down":{"uv":[0.75,2.375,0.5,2.625],"texture":"#0"}}},{"from":[9.81617,7.25517,15.37519],"to":[11.81617,17.25517,17.37519],"rotation":{"angle":-22.5,"axis":"x","origin":[10.81267,14.82235,15.7535]},"faces":{"north":{"uv":[1.25,0.25,1.5,1.5],"texture":"#0"},"east":{"uv":[1,0.25,1.25,1.5],"texture":"#0"},"south":{"uv":[1.75,0.25,2,1.5],"texture":"#0"},"west":{"uv":[1.5,0.25,1.75,1.5],"texture":"#0"},"up":{"uv":[1.5,0.25,1.25,0],"texture":"#0"},"down":{"uv":[1.75,0,1.5,0.25],"texture":"#0"}}},{"from":[8.31617,14.09855,-0.03981],"to":[10.31617,17.09855,1.96019],"rotation":{"angle":-22.5,"axis":"x","origin":[9.31267,14.82235,-0.1535]},"faces":{"north":{"uv":[10.25,3.375,10.5,3.875],"texture":"#0"},"east":{"uv":[10,3.375,10.25,3.875],"texture":"#0"},"south":{"uv":[10.75,3.375,11,3.875],"texture":"#0"},"west":{"uv":[10.5,3.375,10.75,3.875],"texture":"#0"},"up":{"uv":[10.5,3.375,10.25,3.125],"texture":"#0"},"down":{"uv":[10.75,3.125,10.5,3.375],"texture":"#0"}}},{"from":[7.56617,12.34855,13.63981],"to":[9.56617,16.34855,15.63981],"rotation":{"angle":22.5,"axis":"x","origin":[8.56267,14.07235,15.7535]},"faces":{"north":{"uv":[9.75,8.625,10,9.125],"texture":"#0"},"east":{"uv":[9.5,8.625,9.75,9.125],"texture":"#0"},"south":{"uv":[10.25,8.625,10.5,9.125],"texture":"#0"},"west":{"uv":[10,8.625,10.25,9.125],"texture":"#0"},"up":{"uv":[10,8.625,9.75,8.375],"texture":"#0"},"down":{"uv":[10.25,8.375,10,8.625],"texture":"#0"}}},{"from":[8.31617,10.25517,-1.77519],"to":[10.31617,17.25517,0.22481],"rotation":{"angle":22.5,"axis":"x","origin":[9.31267,14.82235,-0.1535]},"faces":{"north":{"uv":[0.25,9.125,0.5,10],"texture":"#0"},"east":{"uv":[0,9.125,0.25,10],"texture":"#0"},"south":{"uv":[0.75,9.125,1,10],"texture":"#0"},"west":{"uv":[0.5,9.125,0.75,10],"texture":"#0"},"up":{"uv":[0.5,9.125,0.25,8.875],"texture":"#0"},"down":{"uv":[0.75,8.875,0.5,9.125],"texture":"#0"}}},{"from":[7.56617,9.50517,15.37519],"to":[9.56617,16.50517,17.37519],"rotation":{"angle":-22.5,"axis":"x","origin":[8.56267,14.07235,15.7535]},"faces":{"north":{"uv":[8,8,8.25,8.875],"texture":"#0"},"east":{"uv":[7.75,8,8,8.875],"texture":"#0"},"south":{"uv":[8.5,8,8.75,8.875],"texture":"#0"},"west":{"uv":[8.25,8,8.5,8.875],"texture":"#0"},"up":{"uv":[8.25,8,8,7.75],"texture":"#0"},"down":{"uv":[8.5,7.75,8.25,8],"texture":"#0"}}},{"from":[7.31617,15.09855,-0.78981],"to":[9.31617,19.09855,1.21019],"rotation":{"angle":-22.5,"axis":"x","origin":[8.31267,16.82235,-0.9035]},"faces":{"north":{"uv":[10.25,2.625,10.5,3.125],"texture":"#0"},"east":{"uv":[10,2.625,10.25,3.125],"texture":"#0"},"south":{"uv":[10.75,2.625,11,3.125],"texture":"#0"},"west":{"uv":[10.5,2.625,10.75,3.125],"texture":"#0"},"up":{"uv":[10.5,2.625,10.25,2.375],"texture":"#0"},"down":{"uv":[10.75,2.375,10.5,2.625],"texture":"#0"}}},{"from":[6.56617,14.34855,14.38981],"to":[8.56617,18.34855,16.38981],"rotation":{"angle":22.5,"axis":"x","origin":[7.56267,16.07235,16.5035]},"faces":{"north":{"uv":[9.5,9.75,9.75,10.25],"texture":"#0"},"east":{"uv":[9.25,9.75,9.5,10.25],"texture":"#0"},"south":{"uv":[10,9.75,10.25,10.25],"texture":"#0"},"west":{"uv":[9.75,9.75,10,10.25],"texture":"#0"},"up":{"uv":[9.75,9.75,9.5,9.5],"texture":"#0"},"down":{"uv":[10,9.5,9.75,9.75],"texture":"#0"}}},{"from":[7.31617,12.25517,-2.52519],"to":[9.31617,19.25517,-0.52519],"rotation":{"angle":22.5,"axis":"x","origin":[8.31267,16.82235,-0.9035]},"faces":{"north":{"uv":[6.75,9,7,9.875],"texture":"#0"},"east":{"uv":[6.5,9,6.75,9.875],"texture":"#0"},"south":{"uv":[7.25,9,7.5,9.875],"texture":"#0"},"west":{"uv":[7,9,7.25,9.875],"texture":"#0"},"up":{"uv":[7,9,6.75,8.75],"texture":"#0"},"down":{"uv":[7.25,8.75,7,9],"texture":"#0"}}},{"from":[6.56617,11.50517,16.12519],"to":[8.56617,18.50517,18.12519],"rotation":{"angle":-22.5,"axis":"x","origin":[7.56267,16.07235,16.5035]},"faces":{"north":{"uv":[4,8.125,4.25,9],"texture":"#0"},"east":{"uv":[3.75,8.125,4,9],"texture":"#0"},"south":{"uv":[4.5,8.125,4.75,9],"texture":"#0"},"west":{"uv":[4.25,8.125,4.5,9],"texture":"#0"},"up":{"uv":[4.25,8.125,4,7.875],"texture":"#0"},"down":{"uv":[4.5,7.875,4.25,8.125],"texture":"#0"}}},{"from":[5.7927,17.01713,6.77176],"to":[17.7927,18.26713,8.77176],"rotation":{"angle":45,"axis":"z","origin":[8.29958,17.25053,7.7577]},"faces":{"north":{"uv":[6.125,5.375,7.625,5.5],"texture":"#0"},"east":{"uv":[5.875,5.375,6.125,5.5],"texture":"#0"},"south":{"uv":[7.875,5.375,9.375,5.5],"texture":"#0"},"west":{"uv":[7.625,5.375,7.875,5.5],"texture":"#0"},"up":{"uv":[7.625,5.375,6.125,5.125],"texture":"#0"},"down":{"uv":[9.125,5.125,7.625,5.375],"texture":"#0"}}},{"from":[6.28298,14.74366,6.77176],"to":[8.28298,26.74366,8.77176],"rotation":{"angle":45,"axis":"z","origin":[8.29958,17.25053,7.7577]},"faces":{"north":{"uv":[0.25,0.25,0.5,1.75],"texture":"#0"},"east":{"uv":[0,0.25,0.25,1.75],"texture":"#0"},"south":{"uv":[0.75,0.25,1,1.75],"texture":"#0"},"west":{"uv":[0.5,0.25,0.75,1.75],"texture":"#0"},"up":{"uv":[0.5,0.25,0.25,0],"texture":"#0"},"down":{"uv":[0.75,0,0.5,0.25],"texture":"#0"}}},{"from":[-1.19355,16.23394,4.77176],"to":[10.80645,18.23394,6.77176],"rotation":{"angle":-22.5,"axis":"z","origin":[8.29958,17.25053,7.7577]},"faces":{"north":{"uv":[6.125,4.875,7.625,5.125],"texture":"#0"},"east":{"uv":[5.875,4.875,6.125,5.125],"texture":"#0"},"south":{"uv":[7.875,4.875,9.375,5.125],"texture":"#0"},"west":{"uv":[7.625,4.875,7.875,5.125],"texture":"#0"},"up":{"uv":[7.625,4.875,6.125,4.625],"texture":"#0"},"down":{"uv":[9.125,4.625,7.625,4.875],"texture":"#0"}}},{"from":[7.7927,18.26713,5.77176],"to":[16.7927,20.26713,7.77176],"rotation":{"angle":22.5,"axis":"y","origin":[8.29958,17.25053,7.7577]},"faces":{"north":{"uv":[6.25,2.625,7.625,2.875],"texture":"#0"},"east":{"uv":[6,2.625,6.25,2.875],"texture":"#0"},"south":{"uv":[7.875,2.625,9.25,2.875],"texture":"#0"},"west":{"uv":[7.625,2.625,7.875,2.875],"texture":"#0"},"up":{"uv":[7.625,2.625,6.25,2.375],"texture":"#0"},"down":{"uv":[9,2.375,7.625,2.625],"texture":"#0"}}},{"from":[5.06617,13.84855,-0.03981],"to":[7.06617,17.84855,1.96019],"rotation":{"angle":-22.5,"axis":"x","origin":[6.06267,15.57235,-0.1535]},"faces":{"north":{"uv":[10.25,1.875,10.5,2.375],"texture":"#0"},"east":{"uv":[10,1.875,10.25,2.375],"texture":"#0"},"south":{"uv":[10.75,1.875,11,2.375],"texture":"#0"},"west":{"uv":[10.5,1.875,10.75,2.375],"texture":"#0"},"up":{"uv":[10.5,1.875,10.25,1.625],"texture":"#0"},"down":{"uv":[10.75,1.625,10.5,1.875],"texture":"#0"}}},{"from":[4.31617,13.09855,13.63981],"to":[6.31617,17.09855,15.63981],"rotation":{"angle":22.5,"axis":"x","origin":[5.31267,14.82235,15.7535]},"faces":{"north":{"uv":[9.625,5,9.875,5.5],"texture":"#0"},"east":{"uv":[9.375,5,9.625,5.5],"texture":"#0"},"south":{"uv":[10.125,5,10.375,5.5],"texture":"#0"},"west":{"uv":[9.875,5,10.125,5.5],"texture":"#0"},"up":{"uv":[9.875,5,9.625,4.75],"texture":"#0"},"down":{"uv":[10.125,4.75,9.875,5],"texture":"#0"}}},{"from":[5.06617,11.00517,-1.77519],"to":[7.06617,18.00517,0.22481],"rotation":{"angle":22.5,"axis":"x","origin":[6.06267,15.57235,-0.1535]},"faces":{"north":{"uv":[5.75,9,6,9.875],"texture":"#0"},"east":{"uv":[5.5,9,5.75,9.875],"texture":"#0"},"south":{"uv":[6.25,9,6.5,9.875],"texture":"#0"},"west":{"uv":[6,9,6.25,9.875],"texture":"#0"},"up":{"uv":[6,9,5.75,8.75],"texture":"#0"},"down":{"uv":[6.25,8.75,6,9],"texture":"#0"}}},{"from":[4.31617,10.25517,15.37519],"to":[6.31617,17.25517,17.37519],"rotation":{"angle":-22.5,"axis":"x","origin":[5.31267,14.82235,15.7535]},"faces":{"north":{"uv":[7,7.875,7.25,8.75],"texture":"#0"},"east":{"uv":[6.75,7.875,7,8.75],"texture":"#0"},"south":{"uv":[7.5,7.875,7.75,8.75],"texture":"#0"},"west":{"uv":[7.25,7.875,7.5,8.75],"texture":"#0"},"up":{"uv":[7.25,7.875,7,7.625],"texture":"#0"},"down":{"uv":[7.5,7.625,7.25,7.875],"texture":"#0"}}},{"from":[2.81617,14.84855,-0.03981],"to":[4.81617,18.84855,1.96019],"rotation":{"angle":-22.5,"axis":"x","origin":[3.81267,16.57235,-0.1535]},"faces":{"north":{"uv":[10.25,10.25,10.5,10.75],"texture":"#0"},"east":{"uv":[10,10.25,10.25,10.75],"texture":"#0"},"south":{"uv":[10.75,10.25,11,10.75],"texture":"#0"},"west":{"uv":[10.5,10.25,10.75,10.75],"texture":"#0"},"up":{"uv":[10.5,10.25,10.25,10],"texture":"#0"},"down":{"uv":[10.75,10,10.5,10.25],"texture":"#0"}}},{"from":[2.06617,14.09855,13.63981],"to":[4.06617,18.09855,15.63981],"rotation":{"angle":22.5,"axis":"x","origin":[3.06267,15.82235,15.7535]},"faces":{"north":{"uv":[8.25,1.875,8.5,2.375],"texture":"#0"},"east":{"uv":[8,1.875,8.25,2.375],"texture":"#0"},"south":{"uv":[8.75,1.875,9,2.375],"texture":"#0"},"west":{"uv":[8.5,1.875,8.75,2.375],"texture":"#0"},"up":{"uv":[8.5,1.875,8.25,1.625],"texture":"#0"},"down":{"uv":[8.75,1.625,8.5,1.875],"texture":"#0"}}},{"from":[2.81617,12.00517,-1.77519],"to":[4.81617,19.00517,0.22481],"rotation":{"angle":22.5,"axis":"x","origin":[3.81267,16.57235,-0.1535]},"faces":{"north":{"uv":[4.75,9,5,9.875],"texture":"#0"},"east":{"uv":[4.5,9,4.75,9.875],"texture":"#0"},"south":{"uv":[5.25,9,5.5,9.875],"texture":"#0"},"west":{"uv":[5,9,5.25,9.875],"texture":"#0"},"up":{"uv":[5,9,4.75,8.75],"texture":"#0"},"down":{"uv":[5.25,8.75,5,9],"texture":"#0"}}},{"from":[2.06617,11.25517,15.37519],"to":[4.06617,18.25517,17.37519],"rotation":{"angle":-22.5,"axis":"x","origin":[3.06267,15.82235,15.7535]},"faces":{"north":{"uv":[6,7.875,6.25,8.75],"texture":"#0"},"east":{"uv":[5.75,7.875,6,8.75],"texture":"#0"},"south":{"uv":[6.5,7.875,6.75,8.75],"texture":"#0"},"west":{"uv":[6.25,7.875,6.5,8.75],"texture":"#0"},"up":{"uv":[6.25,7.875,6,7.625],"texture":"#0"},"down":{"uv":[6.5,7.625,6.25,7.875],"texture":"#0"}}},{"from":[0.56617,13.59855,-0.03981],"to":[2.56617,17.34855,1.96019],"rotation":{"angle":-22.5,"axis":"x","origin":[1.56267,15.32235,-0.1535]},"faces":{"north":{"uv":[7.5,10.25,7.75,10.75],"texture":"#0"},"east":{"uv":[7.25,10.25,7.5,10.75],"texture":"#0"},"south":{"uv":[8,10.25,8.25,10.75],"texture":"#0"},"west":{"uv":[7.75,10.25,8,10.75],"texture":"#0"},"up":{"uv":[7.75,10.25,7.5,10],"texture":"#0"},"down":{"uv":[8,10,7.75,10.25],"texture":"#0"}}},{"from":[-0.18383,12.84855,13.63981],"to":[1.81617,16.84855,15.63981],"rotation":{"angle":22.5,"axis":"x","origin":[0.81267,14.57235,15.7535]},"faces":{"north":{"uv":[6.25,7,6.5,7.5],"texture":"#0"},"east":{"uv":[6,7,6.25,7.5],"texture":"#0"},"south":{"uv":[6.75,7,7,7.5],"texture":"#0"},"west":{"uv":[6.5,7,6.75,7.5],"texture":"#0"},"up":{"uv":[6.5,7,6.25,6.75],"texture":"#0"},"down":{"uv":[6.75,6.75,6.5,7],"texture":"#0"}}},{"from":[0.56617,9.75517,-1.77519],"to":[2.56617,17.75517,0.22481],"rotation":{"angle":22.5,"axis":"x","origin":[1.56267,15.32235,-0.1535]},"faces":{"north":{"uv":[3.25,7,3.5,8],"texture":"#0"},"east":{"uv":[3,7,3.25,8],"texture":"#0"},"south":{"uv":[3.75,7,4,8],"texture":"#0"},"west":{"uv":[3.5,7,3.75,8],"texture":"#0"},"up":{"uv":[3.5,7,3.25,6.75],"texture":"#0"},"down":{"uv":[3.75,6.75,3.5,7],"texture":"#0"}}},{"from":[-0.18383,9.00517,15.37519],"to":[1.81617,17.00517,17.37519],"rotation":{"angle":-22.5,"axis":"x","origin":[0.81267,14.57235,15.7535]},"faces":{"north":{"uv":[1.25,7,1.5,8],"texture":"#0"},"east":{"uv":[1,7,1.25,8],"texture":"#0"},"south":{"uv":[1.75,7,2,8],"texture":"#0"},"west":{"uv":[1.5,7,1.75,8],"texture":"#0"},"up":{"uv":[1.5,7,1.25,6.75],"texture":"#0"},"down":{"uv":[1.75,6.75,1.5,7],"texture":"#0"}}},{"from":[1,12.5,0],"to":[3,16.5,2],"rotation":{"angle":22.5,"axis":"z","origin":[-0.97117,16.03317,0.99572]},"faces":{"north":{"uv":[0.25,10.25,0.5,10.75],"texture":"#0"},"east":{"uv":[0,10.25,0.25,10.75],"texture":"#0"},"south":{"uv":[0.75,10.25,1,10.75],"texture":"#0"},"west":{"uv":[0.5,10.25,0.75,10.75],"texture":"#0"},"up":{"uv":[0.5,10.25,0.25,10],"texture":"#0"},"down":{"uv":[0.75,10,0.5,10.25],"texture":"#0"}}},{"from":[0,9.5,0],"to":[2,18.5,2],"rotation":{"angle":-22.5,"axis":"z","origin":[-0.97117,16.03317,0.99572]},"faces":{"north":{"uv":[6.25,3.125,6.5,4.25],"texture":"#0"},"east":{"uv":[6,3.125,6.25,4.25],"texture":"#0"},"south":{"uv":[6.75,3.125,7,4.25],"texture":"#0"},"west":{"uv":[6.5,3.125,6.75,4.25],"texture":"#0"},"up":{"uv":[6.5,3.125,6.25,2.875],"texture":"#0"},"down":{"uv":[6.75,2.875,6.5,3.125],"texture":"#0"}}},{"from":[0,14.5,2.5],"to":[2,18.5,4.5],"rotation":{"angle":22.5,"axis":"z","origin":[-1.97117,18.03317,3.49572]},"faces":{"north":{"uv":[6.5,10.125,6.75,10.625],"texture":"#0"},"east":{"uv":[6.25,10.125,6.5,10.625],"texture":"#0"},"south":{"uv":[7,10.125,7.25,10.625],"texture":"#0"},"west":{"uv":[6.75,10.125,7,10.625],"texture":"#0"},"up":{"uv":[6.75,10.125,6.5,9.875],"texture":"#0"},"down":{"uv":[7,9.875,6.75,10.125],"texture":"#0"}}},{"from":[-1,13.5,2.5],"to":[1,20.5,4.5],"rotation":{"angle":-22.5,"axis":"z","origin":[-1.97117,18.03317,3.49572]},"faces":{"north":{"uv":[8.75,8.875,9,9.75],"texture":"#0"},"east":{"uv":[8.5,8.875,8.75,9.75],"texture":"#0"},"south":{"uv":[9.25,8.875,9.5,9.75],"texture":"#0"},"west":{"uv":[9,8.875,9.25,9.75],"texture":"#0"},"up":{"uv":[9,8.875,8.75,8.625],"texture":"#0"},"down":{"uv":[9.25,8.625,9,8.875],"texture":"#0"}}},{"from":[0,11.25,5.25],"to":[2,17.25,7.25],"rotation":{"angle":22.5,"axis":"z","origin":[-1.97117,16.78317,6.24572]},"faces":{"north":{"uv":[2.25,9.375,2.5,10.125],"texture":"#0"},"east":{"uv":[2,9.375,2.25,10.125],"texture":"#0"},"south":{"uv":[2.75,9.375,3,10.125],"texture":"#0"},"west":{"uv":[2.5,9.375,2.75,10.125],"texture":"#0"},"up":{"uv":[2.5,9.375,2.25,9.125],"texture":"#0"},"down":{"uv":[2.75,9.125,2.5,9.375],"texture":"#0"}}},{"from":[-1,10.25,5.25],"to":[1,19.25,7.25],"rotation":{"angle":-22.5,"axis":"z","origin":[-1.97117,16.78317,6.24572]},"faces":{"north":{"uv":[6.25,0.25,6.5,1.375],"texture":"#0"},"east":{"uv":[6,0.25,6.25,1.375],"texture":"#0"},"south":{"uv":[6.75,0.25,7,1.375],"texture":"#0"},"west":{"uv":[6.5,0.25,6.75,1.375],"texture":"#0"},"up":{"uv":[6.5,0.25,6.25,0],"texture":"#0"},"down":{"uv":[6.75,0,6.5,0.25],"texture":"#0"}}},{"from":[0,13,8],"to":[2,17,10],"rotation":{"angle":22.5,"axis":"z","origin":[-1.97117,16.53317,8.99572]},"faces":{"north":{"uv":[5.5,10.125,5.75,10.625],"texture":"#0"},"east":{"uv":[5.25,10.125,5.5,10.625],"texture":"#0"},"south":{"uv":[6,10.125,6.25,10.625],"texture":"#0"},"west":{"uv":[5.75,10.125,6,10.625],"texture":"#0"},"up":{"uv":[5.75,10.125,5.5,9.875],"texture":"#0"},"down":{"uv":[6,9.875,5.75,10.125],"texture":"#0"}}},{"from":[-1,12,8],"to":[1,19,10],"rotation":{"angle":-22.5,"axis":"z","origin":[-1.97117,16.53317,8.99572]},"faces":{"north":{"uv":[8.25,3.125,8.5,4],"texture":"#0"},"east":{"uv":[8,3.125,8.25,4],"texture":"#0"},"south":{"uv":[8.75,3.125,9,4],"texture":"#0"},"west":{"uv":[8.5,3.125,8.75,4],"texture":"#0"},"up":{"uv":[8.5,3.125,8.25,2.875],"texture":"#0"},"down":{"uv":[8.75,2.875,8.5,3.125],"texture":"#0"}}},{"from":[0,11.75,10.5],"to":[2,15.75,12.5],"rotation":{"angle":22.5,"axis":"z","origin":[-1.97117,15.28317,11.49572]},"faces":{"north":{"uv":[4.5,10.125,4.75,10.625],"texture":"#0"},"east":{"uv":[4.25,10.125,4.5,10.625],"texture":"#0"},"south":{"uv":[5,10.125,5.25,10.625],"texture":"#0"},"west":{"uv":[4.75,10.125,5,10.625],"texture":"#0"},"up":{"uv":[4.75,10.125,4.5,9.875],"texture":"#0"},"down":{"uv":[5,9.875,4.75,10.125],"texture":"#0"}}},{"from":[-1,9.75,10.5],"to":[1,17.75,12.5],"rotation":{"angle":-22.5,"axis":"z","origin":[-1.97117,15.28317,11.49572]},"faces":{"north":{"uv":[2.25,7,2.5,8],"texture":"#0"},"east":{"uv":[2,7,2.25,8],"texture":"#0"},"south":{"uv":[2.75,7,3,8],"texture":"#0"},"west":{"uv":[2.5,7,2.75,8],"texture":"#0"},"up":{"uv":[2.5,7,2.25,6.75],"texture":"#0"},"down":{"uv":[2.75,6.75,2.5,7],"texture":"#0"}}},{"from":[0,13.75,12.75],"to":[2,17.75,14.75],"rotation":{"angle":22.5,"axis":"z","origin":[-1.97117,17.28317,13.74572]},"faces":{"north":{"uv":[3,10.125,3.25,10.625],"texture":"#0"},"east":{"uv":[2.75,10.125,3,10.625],"texture":"#0"},"south":{"uv":[3.5,10.125,3.75,10.625],"texture":"#0"},"west":{"uv":[3.25,10.125,3.5,10.625],"texture":"#0"},"up":{"uv":[3.25,10.125,3,9.875],"texture":"#0"},"down":{"uv":[3.5,9.875,3.25,10.125],"texture":"#0"}}},{"from":[-1,12.75,12.75],"to":[1,19.75,14.75],"rotation":{"angle":-22.5,"axis":"z","origin":[-1.97117,17.28317,13.74572]},"faces":{"north":{"uv":[5,7.875,5.25,8.75],"texture":"#0"},"east":{"uv":[4.75,7.875,5,8.75],"texture":"#0"},"south":{"uv":[5.5,7.875,5.75,8.75],"texture":"#0"},"west":{"uv":[5.25,7.875,5.5,8.75],"texture":"#0"},"up":{"uv":[5.25,7.875,5,7.625],"texture":"#0"},"down":{"uv":[5.5,7.625,5.25,7.875],"texture":"#0"}}},{"from":[14.75,11.5,8.25],"to":[16.75,17.5,10.25],"rotation":{"angle":-22.5,"axis":"z","origin":[18.72117,17.03317,9.24572]},"faces":{"north":{"uv":[1.25,9.375,1.5,10.125],"texture":"#0"},"east":{"uv":[1,9.375,1.25,10.125],"texture":"#0"},"south":{"uv":[1.75,9.375,2,10.125],"texture":"#0"},"west":{"uv":[1.5,9.375,1.75,10.125],"texture":"#0"},"up":{"uv":[1.5,9.375,1.25,9.125],"texture":"#0"},"down":{"uv":[1.75,9.125,1.5,9.375],"texture":"#0"}}},{"from":[15.75,10.5,8.25],"to":[17.75,19.5,10.25],"rotation":{"angle":22.5,"axis":"z","origin":[18.72117,17.03317,9.24572]},"faces":{"north":{"uv":[0.25,4.875,0.5,6],"texture":"#0"},"east":{"uv":[0,4.875,0.25,6],"texture":"#0"},"south":{"uv":[0.75,4.875,1,6],"texture":"#0"},"west":{"uv":[0.5,4.875,0.75,6],"texture":"#0"},"up":{"uv":[0.5,4.875,0.25,4.625],"texture":"#0"},"down":{"uv":[0.75,4.625,0.5,4.875],"texture":"#0"}}},{"from":[14.25,12.5,11.25],"to":[16.25,18.5,13.25],"rotation":{"angle":-22.5,"axis":"z","origin":[18.22117,18.03317,12.24572]},"faces":{"north":{"uv":[9.25,1.875,9.5,2.625],"texture":"#0"},"east":{"uv":[9,1.875,9.25,2.625],"texture":"#0"},"south":{"uv":[9.75,1.875,10,2.625],"texture":"#0"},"west":{"uv":[9.5,1.875,9.75,2.625],"texture":"#0"},"up":{"uv":[9.5,1.875,9.25,1.625],"texture":"#0"},"down":{"uv":[9.75,1.625,9.5,1.875],"texture":"#0"}}},{"from":[15.25,11.5,11.25],"to":[17.25,20.5,13.25],"rotation":{"angle":22.5,"axis":"z","origin":[18.22117,18.03317,12.24572]},"faces":{"north":{"uv":[1.25,2.625,1.5,3.75],"texture":"#0"},"east":{"uv":[1,2.625,1.25,3.75],"texture":"#0"},"south":{"uv":[1.75,2.625,2,3.75],"texture":"#0"},"west":{"uv":[1.5,2.625,1.75,3.75],"texture":"#0"},"up":{"uv":[1.5,2.625,1.25,2.375],"texture":"#0"},"down":{"uv":[1.75,2.375,1.5,2.625],"texture":"#0"}}},{"from":[0,12.25,15],"to":[2,16.25,17],"rotation":{"angle":22.5,"axis":"z","origin":[-1.97117,15.78317,15.99572]},"faces":{"north":{"uv":[5.25,7,5.5,7.5],"texture":"#0"},"east":{"uv":[5,7,5.25,7.5],"texture":"#0"},"south":{"uv":[5.75,7,6,7.5],"texture":"#0"},"west":{"uv":[5.5,7,5.75,7.5],"texture":"#0"},"up":{"uv":[5.5,7,5.25,6.75],"texture":"#0"},"down":{"uv":[5.75,6.75,5.5,7],"texture":"#0"}}},{"from":[-1,11.25,15],"to":[1,18.25,17],"rotation":{"angle":-22.5,"axis":"z","origin":[-1.97117,15.78317,15.99572]},"faces":{"north":{"uv":[7.25,3.125,7.5,4],"texture":"#0"},"east":{"uv":[7,3.125,7.25,4],"texture":"#0"},"south":{"uv":[7.75,3.125,8,4],"texture":"#0"},"west":{"uv":[7.5,3.125,7.75,4],"texture":"#0"},"up":{"uv":[7.5,3.125,7.25,2.875],"texture":"#0"},"down":{"uv":[7.75,2.875,7.5,3.125],"texture":"#0"}}},{"from":[14.25,13,14],"to":[16.25,17,16],"rotation":{"angle":-22.5,"axis":"z","origin":[18.22117,16.53317,14.99572]},"faces":{"north":{"uv":[6.125,5.75,6.375,6.25],"texture":"#0"},"east":{"uv":[5.875,5.75,6.125,6.25],"texture":"#0"},"south":{"uv":[6.625,5.75,6.875,6.25],"texture":"#0"},"west":{"uv":[6.375,5.75,6.625,6.25],"texture":"#0"},"up":{"uv":[6.375,5.75,6.125,5.5],"texture":"#0"},"down":{"uv":[6.625,5.5,6.375,5.75],"texture":"#0"}}},{"from":[15.25,12,14],"to":[17.25,19,16],"rotation":{"angle":22.5,"axis":"z","origin":[18.22117,16.53317,14.99572]},"faces":{"north":{"uv":[4.25,7,4.5,7.875],"texture":"#0"},"east":{"uv":[4,7,4.25,7.875],"texture":"#0"},"south":{"uv":[4.75,7,5,7.875],"texture":"#0"},"west":{"uv":[4.5,7,4.75,7.875],"texture":"#0"},"up":{"uv":[4.5,7,4.25,6.75],"texture":"#0"},"down":{"uv":[4.75,6.75,4.5,7],"texture":"#0"}}}]}