{"display":{"thirdperson_righthand":{"rotation":[75,0,0],"translation":[8.5,-7,3]},"thirdperson_lefthand":{"rotation":[-96,180,0],"translation":[7.25,-7.5,-2.5]},"firstperson_righthand":{"rotation":[0,146,0],"translation":[4.5,1,-16.5]},"firstperson_lefthand":{"rotation":[0,149,0],"translation":[20.5,-0.25,-10.25]},"gui":{"rotation":[0,160,0],"translation":[-4.5,-0.75,0],"scale":[0.9,0.9,0.9]},"head":{"translation":[32.25,-11.75,31.75],"scale":[4,4,4]},"fixed":{"translation":[8,-0.5,9.25]}},"texture_size":[32,32],"textures":{"0":"crates/christmas22_crate/minion"},"elements":[{"name":"torso","from":[-3,11,-2.25],"to":[3,17,1.75],"rotation":{"angle":0,"axis":"y","origin":[0,0,0.75]},"faces":{"north":{"uv":[0,0,3,3],"texture":"#0"},"east":{"uv":[5.5,0,7.5,3],"texture":"#0"},"south":{"uv":[0,3,3,6],"texture":"#0"},"west":{"uv":[5.5,3,7.5,6],"texture":"#0"},"up":{"uv":[3,8,0,6],"texture":"#0"},"down":{"uv":[6,6,3,8],"texture":"#0"}}},{"name":"torso","from":[2,13.25,-2.75],"to":[3,14.25,-1.75],"rotation":{"angle":45,"axis":"z","origin":[1.5,12.75,-2.25]},"faces":{"north":{"uv":[7,9,7.5,9.5],"texture":"#0"},"east":{"uv":[11.5,3,12,3.5],"texture":"#0"},"south":{"uv":[11.5,3.5,12,4],"texture":"#0"},"west":{"uv":[4,11.5,4.5,12],"texture":"#0"},"up":{"uv":[12,4.5,11.5,4],"texture":"#0"},"down":{"uv":[5,11.5,4.5,12],"texture":"#0"}}},{"name":"torso","from":[-0.75,15,-2.75],"to":[1.25,16,-1.75],"rotation":{"angle":-22.5,"axis":"z","origin":[1.5,12.75,-2.25]},"faces":{"north":{"uv":[9,2.5,10,3],"texture":"#0"},"east":{"uv":[11.5,7,12,7.5],"texture":"#0"},"south":{"uv":[11,5.5,12,6],"texture":"#0"},"west":{"uv":[11.5,7.5,12,8],"texture":"#0"},"up":{"uv":[11,11.5,10,11],"texture":"#0"},"down":{"uv":[12,11,11,11.5],"texture":"#0"}}},{"name":"torso","from":[-1.25,15,-2.75],"to":[0.75,16,-1.75],"rotation":{"angle":22.5,"axis":"z","origin":[-1.5,12.75,-2.25]},"faces":{"north":{"uv":[0,11.5,1,12],"texture":"#0"},"east":{"uv":[11.5,8,12,8.5],"texture":"#0"},"south":{"uv":[1,11.5,2,12],"texture":"#0"},"west":{"uv":[11.5,8.5,12,9],"texture":"#0"},"up":{"uv":[3,12,2,11.5],"texture":"#0"},"down":{"uv":[4,11.5,3,12],"texture":"#0"}}},{"name":"torso","from":[-1,13.25,-2.75],"to":[0,14.25,-1.75],"rotation":{"angle":45,"axis":"z","origin":[-1.5,12.75,-2.25]},"faces":{"north":{"uv":[5,11.5,5.5,12],"texture":"#0"},"east":{"uv":[5.5,11.5,6,12],"texture":"#0"},"south":{"uv":[6,11.5,6.5,12],"texture":"#0"},"west":{"uv":[11.5,6,12,6.5],"texture":"#0"},"up":{"uv":[7,12,6.5,11.5],"texture":"#0"},"down":{"uv":[12,6.5,11.5,7],"texture":"#0"}}},{"name":"arm_right","from":[2.5,4,-1.25],"to":[4.5,11,0.75],"rotation":{"angle":0,"axis":"y","origin":[0,0,-0.25]},"faces":{"north":{"uv":[7.5,6,8.5,9.5],"texture":"#0"},"east":{"uv":[0,8,1,11.5],"texture":"#0"},"south":{"uv":[8.5,6,7.5,9.5],"texture":"#0"},"west":{"uv":[1,8,0,11.5],"texture":"#0"},"up":{"uv":[11,6,10,5],"texture":"#0"},"down":{"uv":[11.5,6,10.5,7],"texture":"#0"}}},{"name":"arm_right","from":[-4.5,4,-1.25],"to":[-2.5,11,0.75],"rotation":{"angle":0,"axis":"y","origin":[0,0,-0.25]},"faces":{"north":{"uv":[8.5,6,7.5,9.5],"texture":"#0"},"east":{"uv":[0,8,1,11.5],"texture":"#0"},"south":{"uv":[7.5,6,8.5,9.5],"texture":"#0"},"west":{"uv":[1,8,0,11.5],"texture":"#0"},"up":{"uv":[10,6,11,5],"texture":"#0"},"down":{"uv":[10.5,6,11.5,7],"texture":"#0"}}},{"name":"arm_right","from":[-2.5,5,-1.75],"to":[2.5,11,1.25],"rotation":{"angle":0,"axis":"y","origin":[5,0,-0.25]},"faces":{"north":{"uv":[3,0,5.5,3],"texture":"#0"},"east":{"uv":[6,6,7.5,9],"texture":"#0"},"south":{"uv":[3,0,5.5,3],"texture":"#0"},"west":{"uv":[7.5,0,9,3],"texture":"#0"},"up":{"uv":[10,4.5,7.5,3],"texture":"#0"},"down":{"uv":[10,4.5,7.5,6],"texture":"#0"}}},{"name":"arm_right","from":[-0.5,9,-2.25],"to":[0.5,10,0.75],"rotation":{"angle":45,"axis":"z","origin":[0,9.5,-1.25]},"faces":{"north":{"uv":[11.5,9,12,9.5],"texture":"#0"},"east":{"uv":[11,2,12.5,2.5],"texture":"#0"},"south":{"uv":[11.5,9.5,12,10],"texture":"#0"},"west":{"uv":[11,2.5,12.5,3],"texture":"#0"},"up":{"uv":[9.5,11,9,9.5],"texture":"#0"},"down":{"uv":[11.5,3,11,4.5],"texture":"#0"}}},{"name":"arm_right","from":[-2.62132,6,-2.25],"to":[-1.62132,7,0.75],"rotation":{"angle":45,"axis":"z","origin":[-2.12132,9.5,-1.25]},"faces":{"north":{"uv":[10,11.5,10.5,12],"texture":"#0"},"east":{"uv":[11,4.5,12.5,5],"texture":"#0"},"south":{"uv":[11.5,10,12,10.5],"texture":"#0"},"west":{"uv":[11,5,12.5,5.5],"texture":"#0"},"up":{"uv":[9.5,12.5,9,11],"texture":"#0"},"down":{"uv":[10,11,9.5,12.5],"texture":"#0"}}},{"name":"leg_right","from":[0.25,0,-1.5],"to":[2.25,5,0.5],"faces":{"north":{"uv":[9,0,10,2.5],"texture":"#0"},"east":{"uv":[6,9,7,11.5],"texture":"#0"},"south":{"uv":[9.5,6,10.5,8.5],"texture":"#0"},"west":{"uv":[7,9.5,8,12],"texture":"#0"},"up":{"uv":[11.5,8,10.5,7],"texture":"#0"},"down":{"uv":[11.5,8,10.5,9],"texture":"#0"}}},{"name":"leg_right","from":[-2.25,0,-1.5],"to":[-0.25,5,0.5],"faces":{"north":{"uv":[8,9.5,9,12],"texture":"#0"},"east":{"uv":[9.5,8.5,10.5,11],"texture":"#0"},"south":{"uv":[10,0,11,2.5],"texture":"#0"},"west":{"uv":[10,2.5,11,5],"texture":"#0"},"up":{"uv":[12,1,11,0],"texture":"#0"},"down":{"uv":[12,1,11,2],"texture":"#0"}}}]}