{"display":{"thirdperson_righthand":{"translation":[0,2.75,0],"scale":[1.3,1.3,1.3]},"thirdperson_lefthand":{"translation":[0,2.75,0],"scale":[1.3,1.3,1.3]},"firstperson_righthand":{"rotation":[-3,-5,0],"translation":[2,7.5,0.25],"scale":[0.6,0.6,0.6]},"firstperson_lefthand":{"rotation":[-3,0,0],"translation":[2.25,7.5,0],"scale":[0.6,0.6,0.6]},"ground":{"rotation":[40,0,0],"translation":[0,8.75,0],"scale":[0.7,0.7,0.7]},"gui":{"rotation":[-90,42,90],"translation":[-3,0.5,0],"scale":[0.7,0.7,0.7]},"fixed":{"rotation":[-90,49.75,90],"translation":[-4,2.75,-0.25]}},"texture_size":[32,32],"textures":{"0":"crates/christmas22_crate/merry_bow","particle":"crates/christmas22_crate/merry_bow"},"elements":[{"from":[7.25,1.5,6],"to":[8.75,3.5,10.5],"rotation":{"angle":22.5,"axis":"x","origin":[8.25,2.25,7.75]},"faces":{"north":{"uv":[8.5,0,9.25,1],"texture":"#0"},"east":{"uv":[0,5.5,2.25,6.5],"texture":"#0"},"south":{"uv":[8.5,3,9.25,4],"texture":"#0"},"west":{"uv":[6,0,8.25,1],"texture":"#0"},"up":{"uv":[3.25,7.75,2.5,5.5],"texture":"#0"},"down":{"uv":[6.75,5,6,7.25],"texture":"#0"}}},{"from":[7.5,-2,7.75],"to":[8.5,2,9.25],"rotation":{"angle":-22.5,"axis":"x","origin":[8,2.25,7.75]},"faces":{"north":{"uv":[4,8,4.5,10],"texture":"#0"},"east":{"uv":[1,7.5,1.75,9.5],"texture":"#0"},"south":{"uv":[4.5,8,5,10],"texture":"#0"},"west":{"uv":[6,7.5,6.75,9.5],"texture":"#0"},"up":{"uv":[9.5,2.75,9,2],"texture":"#0"},"down":{"uv":[3.5,9,3,9.75],"texture":"#0"}}},{"from":[7.25,-2.75,3.25],"to":[8.75,-1.25,7.75],"rotation":{"angle":-45,"axis":"x","origin":[8.25,2.25,7.75]},"faces":{"north":{"uv":[8.5,4,9.25,4.75],"texture":"#0"},"east":{"uv":[0,6.5,2.25,7.25],"texture":"#0"},"south":{"uv":[8.5,7.5,9.25,8.25],"texture":"#0"},"west":{"uv":[7,5,9.25,5.75],"texture":"#0"},"up":{"uv":[7.75,8.25,7,6],"texture":"#0"},"down":{"uv":[0.75,7.5,0,9.75],"texture":"#0"}}},{"from":[7,-11.13948,5.68069],"to":[9,-3.63948,7.68069],"rotation":{"angle":-22.5,"axis":"x","origin":[7.75,-1.38948,5.43069]},"faces":{"north":{"uv":[4,0,5,3.75],"texture":"#0"},"east":{"uv":[4,4,5,7.75],"texture":"#0"},"south":{"uv":[5,0,6,3.75],"texture":"#0"},"west":{"uv":[5,4,6,7.75],"texture":"#0"},"up":{"uv":[9,3,8,2],"texture":"#0"},"down":{"uv":[6,8,5,9],"texture":"#0"}}},{"from":[8,-13,7.18069],"to":[8,-2.63948,11.18069],"rotation":{"angle":-22.5,"axis":"x","origin":[7.75,-1.38948,5.43069]},"faces":{"north":{"uv":[0,0,0,5.25],"texture":"#0"},"east":{"uv":[0,0,2,5.25],"texture":"#0"},"south":{"uv":[0,0,0,5.25],"texture":"#0"},"west":{"uv":[2,0,4,5.25],"texture":"#0"},"up":{"uv":[0,2,0,0],"texture":"#0"},"down":{"uv":[0,0,0,2],"texture":"#0"}}},{"from":[7.5,-3.63948,12.18069],"to":[8.5,-2.13948,17.18069],"rotation":{"angle":45,"axis":"x","origin":[7.75,-1.38948,5.43069]},"faces":{"north":{"uv":[5,9,5.5,9.75],"texture":"#0"},"east":{"uv":[6,3,8.5,3.75],"texture":"#0"},"south":{"uv":[5.5,9,6,9.75],"texture":"#0"},"west":{"uv":[6,4,8.5,4.75],"texture":"#0"},"up":{"uv":[4,8,3.5,5.5],"texture":"#0"},"down":{"uv":[4,8,3.5,10.5],"texture":"#0"}}},{"from":[7.25,5,6],"to":[8.75,7,10.5],"rotation":{"angle":-22.5,"axis":"x","origin":[8.25,6.25,7.75]},"faces":{"north":{"uv":[8.5,1,9.25,0],"texture":"#0"},"east":{"uv":[0,6.5,2.25,5.5],"texture":"#0"},"south":{"uv":[8.5,4,9.25,3],"texture":"#0"},"west":{"uv":[6,1,8.25,0],"texture":"#0"},"up":{"uv":[6.75,7.25,6,5],"texture":"#0"},"down":{"uv":[3.25,5.5,2.5,7.75],"texture":"#0"}}},{"from":[7.5,6.5,7.75],"to":[8.5,10.5,9.25],"rotation":{"angle":22.5,"axis":"x","origin":[8,6.25,7.75]},"faces":{"north":{"uv":[4,10,4.5,8],"texture":"#0"},"east":{"uv":[1,9.5,1.75,7.5],"texture":"#0"},"south":{"uv":[4.5,10,5,8],"texture":"#0"},"west":{"uv":[6,9.5,6.75,7.5],"texture":"#0"},"up":{"uv":[3.5,9.75,3,9],"texture":"#0"},"down":{"uv":[9.5,2,9,2.75],"texture":"#0"}}},{"from":[7.25,9.75,3.25],"to":[8.75,11.25,7.75],"rotation":{"angle":45,"axis":"x","origin":[8.25,6.25,7.75]},"faces":{"north":{"uv":[8.5,4.75,9.25,4],"texture":"#0"},"east":{"uv":[0,7.25,2.25,6.5],"texture":"#0"},"south":{"uv":[8.5,8.25,9.25,7.5],"texture":"#0"},"west":{"uv":[7,5.75,9.25,5],"texture":"#0"},"up":{"uv":[0.75,9.75,0,7.5],"texture":"#0"},"down":{"uv":[7.75,6,7,8.25],"texture":"#0"}}},{"from":[7,12.13948,5.68069],"to":[9,19.63948,7.68069],"rotation":{"angle":22.5,"axis":"x","origin":[7.75,9.88948,5.43069]},"faces":{"north":{"uv":[4,3.75,5,0],"texture":"#0"},"east":{"uv":[4,7.75,5,4],"texture":"#0"},"south":{"uv":[5,3.75,6,0],"texture":"#0"},"west":{"uv":[5,7.75,6,4],"texture":"#0"},"up":{"uv":[6,9,5,8],"texture":"#0"},"down":{"uv":[9,2,8,3],"texture":"#0"}}},{"from":[7.5,10.63948,12.18069],"to":[8.5,12.13948,17.18069],"rotation":{"angle":-45,"axis":"x","origin":[7.75,9.88948,5.43069]},"faces":{"north":{"uv":[5,9.75,5.5,9],"texture":"#0"},"east":{"uv":[6,3.75,8.5,3],"texture":"#0"},"south":{"uv":[5.5,9.75,6,9],"texture":"#0"},"west":{"uv":[6,4.75,8.5,4],"texture":"#0"},"up":{"uv":[4,10.5,3.5,8],"texture":"#0"},"down":{"uv":[4,5.5,3.5,8],"texture":"#0"}}},{"from":[8,11.13948,7.18069],"to":[8,21.5,11.18069],"rotation":{"angle":22.5,"axis":"x","origin":[7.75,9.88948,5.43069]},"faces":{"north":{"uv":[0,5.25,0,0],"texture":"#0"},"east":{"uv":[0,5.25,2,0],"texture":"#0"},"south":{"uv":[0,5.25,0,0],"texture":"#0"},"west":{"uv":[2,5.25,4,0],"texture":"#0"},"up":{"uv":[0,2,0,0],"texture":"#0"},"down":{"uv":[0,0,0,2],"texture":"#0"}}},{"from":[7.5,3.25,4.5],"to":[8.5,5.25,7.5],"rotation":{"angle":0,"axis":"y","origin":[8,2.25,7.75]},"faces":{"north":{"uv":[7.5,8.5,8,9.5],"texture":"#0"},"east":{"uv":[8,1,9.5,2],"texture":"#0"},"south":{"uv":[8.5,8.5,9,9.5],"texture":"#0"},"west":{"uv":[2,8,3.5,9],"texture":"#0"},"up":{"uv":[9,7.5,8.5,6],"texture":"#0"},"down":{"uv":[7.5,8.5,7,10],"texture":"#0"}}},{"from":[8,3.25,0.5],"to":[8,5.25,4.5],"rotation":{"angle":0,"axis":"y","origin":[8,2.25,7.75]},"faces":{"north":{"uv":[0,0,0,1],"texture":"#0"},"east":{"uv":[6,1,8,2],"texture":"#0"},"south":{"uv":[0,0,0,1],"texture":"#0"},"west":{"uv":[6,2,8,3],"texture":"#0"},"up":{"uv":[0,2,0,0],"texture":"#0"},"down":{"uv":[0,0,0,2],"texture":"#0"}}},{"from":[7.75,2,9],"to":[8.25,6,10],"rotation":{"angle":0,"axis":"y","origin":[7.75,2.25,7.75]},"faces":{"north":{"uv":[2,9,2.25,11],"texture":"#0"},"east":{"uv":[8,6,8.5,8],"texture":"#0"},"south":{"uv":[2.5,9,2.75,11],"texture":"#0"},"west":{"uv":[8,8,8.5,10],"texture":"#0"},"up":{"uv":[2.25,8,2,7.5],"texture":"#0"},"down":{"uv":[9.25,6,9,6.5],"texture":"#0"}}}]}