{"display":{"thirdperson_righthand":{"translation":[0,4,0.75],"scale":[0.8,0.8,0.8]},"thirdperson_lefthand":{"translation":[0,4,0.75],"scale":[0.8,0.8,0.8]},"firstperson_righthand":{"rotation":[0,15,0],"translation":[3.75,1,0],"scale":[0.8,0.8,0.8]},"firstperson_lefthand":{"rotation":[0,15,0],"translation":[3.75,1,0],"scale":[0.8,0.8,0.8]},"ground":{"translation":[0,4.25,0],"scale":[0.7,0.7,0.7]},"gui":{"rotation":[-15,146,0],"translation":[0,0.5,0],"scale":[0.8,0.8,0.8]},"head":{"translation":[0,9.75,-3],"scale":[1.7,1.7,1.7]},"fixed":{"rotation":[0,90,0]}},"texture_size":[64,64],"textures":{"0":"crates/christmas22_crate/pengun","particle":"crates/christmas22_crate/pengun"},"elements":[{"from":[4,2,3],"to":[12,9,16],"rotation":{"angle":0,"axis":"y","origin":[8,0,0]},"faces":{"north":{"uv":[4,0,6,1.75],"texture":"#0"},"east":{"uv":[0,3.25,3.25,5],"texture":"#0"},"south":{"uv":[0,5,2,6.75],"texture":"#0"},"west":{"uv":[3.25,3.25,6.5,5],"texture":"#0"},"up":{"uv":[2,3.25,0,0],"texture":"#0"},"down":{"uv":[4,0,2,3.25],"texture":"#0"}}},{"from":[12,0,3.5],"to":[14,6,7.5],"rotation":{"angle":22.5,"axis":"z","origin":[10,0.5,5]},"faces":{"north":{"uv":[6,1.75,6.5,3.25],"texture":"#0"},"east":{"uv":[4,1.75,5,3.25],"texture":"#0"},"south":{"uv":[1.75,8.25,2.25,9.75],"texture":"#0"},"west":{"uv":[5,1.75,6,3.25],"texture":"#0"},"up":{"uv":[8.75,8.5,8.25,7.5],"texture":"#0"},"down":{"uv":[0.5,8.5,0,9.5],"texture":"#0"}}},{"from":[10,-2.25,3.5],"to":[12,3.75,7.5],"rotation":{"angle":-45,"axis":"z","origin":[10,0.5,5]},"faces":{"north":{"uv":[2.25,8.25,2.75,9.75],"texture":"#0"},"east":{"uv":[6.5,3.5,7.5,5],"texture":"#0"},"south":{"uv":[8.25,2.5,8.75,4],"texture":"#0"},"west":{"uv":[1.75,6.75,2.75,8.25],"texture":"#0"},"up":{"uv":[9,1,8.5,0],"texture":"#0"},"down":{"uv":[1,8.5,0.5,9.5],"texture":"#0"}}},{"from":[4,-2.25,3.5],"to":[6,3.75,7.5],"rotation":{"angle":45,"axis":"z","origin":[6,0.5,5]},"faces":{"north":{"uv":[2.75,8.25,3.25,9.75],"texture":"#0"},"east":{"uv":[2.75,6.75,3.75,8.25],"texture":"#0"},"south":{"uv":[3.25,8.25,3.75,9.75],"texture":"#0"},"west":{"uv":[3.75,6.75,4.75,8.25],"texture":"#0"},"up":{"uv":[1.5,9.5,1,8.5],"texture":"#0"},"down":{"uv":[8.75,8.5,8.25,9.5],"texture":"#0"}}},{"from":[2.01,0.01,3.51],"to":[3.99,5.99,7.49],"rotation":{"angle":-22.5,"axis":"z","origin":[6,0.5,5]},"faces":{"north":{"uv":[3.75,8.25,4.25,9.75],"texture":"#0"},"east":{"uv":[4.75,6.75,5.75,8.25],"texture":"#0"},"south":{"uv":[4.25,8.25,4.75,9.75],"texture":"#0"},"west":{"uv":[5.75,6.75,6.75,8.25],"texture":"#0"},"up":{"uv":[9.25,3.5,8.75,2.5],"texture":"#0"},"down":{"uv":[9.25,4.75,8.75,5.75],"texture":"#0"}}},{"from":[4.5,6,-2],"to":[11.5,13,5],"rotation":{"angle":0,"axis":"y","origin":[7.5,0,0]},"faces":{"north":{"uv":[2,5,3.75,6.75],"texture":"#0"},"east":{"uv":[3.75,5,5.5,6.75],"texture":"#0"},"south":{"uv":[5.5,5,7.25,6.75],"texture":"#0"},"west":{"uv":[6,0,7.75,1.75],"texture":"#0"},"up":{"uv":[8.25,3.5,6.5,1.75],"texture":"#0"},"down":{"uv":[1.75,6.75,0,8.5],"texture":"#0"}}},{"from":[6.5,9,-6],"to":[9.5,10,0],"rotation":{"angle":22.5,"axis":"x","origin":[8,9.5,-3.5]},"faces":{"north":{"uv":[8.75,8,9.5,8.25],"texture":"#0"},"east":{"uv":[8.5,1,10,1.25],"texture":"#0"},"south":{"uv":[8.75,8.25,9.5,8.5],"texture":"#0"},"west":{"uv":[8.75,3.5,10.25,3.75],"texture":"#0"},"up":{"uv":[7.5,8.25,6.75,6.75],"texture":"#0"},"down":{"uv":[8,5,7.25,6.5],"texture":"#0"}}},{"from":[6.5,6,-6],"to":[9.5,7,0],"rotation":{"angle":-22.5,"axis":"x","origin":[8,9.5,-3.5]},"faces":{"north":{"uv":[8.75,8.5,9.5,8.75],"texture":"#0"},"east":{"uv":[8.75,3.75,10.25,4],"texture":"#0"},"south":{"uv":[8.75,8.75,9.5,9],"texture":"#0"},"west":{"uv":[8.75,5.75,10.25,6],"texture":"#0"},"up":{"uv":[8.25,5,7.5,3.5],"texture":"#0"},"down":{"uv":[8.25,6.5,7.5,8],"texture":"#0"}}},{"from":[7,7,-4],"to":[9,9,0],"rotation":{"angle":0,"axis":"y","origin":[7.5,9.5,-3.5]},"faces":{"north":{"uv":[12.25,11.75,12.75,12.25],"texture":"#0"},"east":{"uv":[12.25,7,13.25,7.5],"texture":"#0"},"south":{"uv":[11.75,11.75,12.25,12.25],"texture":"#0"},"west":{"uv":[12.25,9,13.25,9.5],"texture":"#0"},"up":{"uv":[11.5,7.75,11,6.75],"texture":"#0"},"down":{"uv":[11.5,9.75,11,10.75],"texture":"#0"}}},{"from":[7.5,12,-0.5],"to":[8.5,15,3.5],"rotation":{"angle":22.5,"axis":"x","origin":[8,13.5,1]},"faces":{"north":{"uv":[9,0,9.25,0.75],"texture":"#0"},"east":{"uv":[8.25,4,9.25,4.75],"texture":"#0"},"south":{"uv":[9,1.25,9.25,2],"texture":"#0"},"west":{"uv":[4.75,8.25,5.75,9],"texture":"#0"},"up":{"uv":[7.5,9.25,7.25,8.25],"texture":"#0"},"down":{"uv":[1.75,8.5,1.5,9.5],"texture":"#0"}}},{"from":[4.5,2,16.75],"to":[7.5,7,18.75],"rotation":{"angle":-45,"axis":"x","origin":[5.5,4.5,17]},"faces":{"north":{"uv":[7.75,0,8.5,1.25],"texture":"#0"},"east":{"uv":[5.75,8.25,6.25,9.5],"texture":"#0"},"south":{"uv":[8,5,8.75,6.25],"texture":"#0"},"west":{"uv":[6.25,8.25,6.75,9.5],"texture":"#0"},"up":{"uv":[9.5,6.5,8.75,6],"texture":"#0"},"down":{"uv":[9.5,6.5,8.75,7],"texture":"#0"}}},{"from":[8.5,2,16.75],"to":[11.5,7,18.75],"rotation":{"angle":-45,"axis":"x","origin":[10.5,4.5,17]},"faces":{"north":{"uv":[7.5,8,8.25,9.25],"texture":"#0"},"east":{"uv":[8.25,6.25,8.75,7.5],"texture":"#0"},"south":{"uv":[8.25,1.25,9,2.5],"texture":"#0"},"west":{"uv":[6.75,8.25,7.25,9.5],"texture":"#0"},"up":{"uv":[9.5,7.5,8.75,7],"texture":"#0"},"down":{"uv":[9.5,7.5,8.75,8],"texture":"#0"}}}]}