{"display":{"thirdperson_righthand":{"rotation":[75,45,0],"translation":[0,2.5,0],"scale":[0.375,0.375,0.375]},"thirdperson_lefthand":{"rotation":[75,45,0],"translation":[0,2.5,0],"scale":[0.375,0.375,0.375]},"firstperson_righthand":{"rotation":[0,45,0],"translation":[2,0,0],"scale":[0.4,0.4,0.4]},"firstperson_lefthand":{"rotation":[0,36,0],"translation":[2.5,0,0],"scale":[0.4,0.4,0.4]},"ground":{"translation":[0,3,0],"scale":[0.7,0.7,0.7]},"gui":{"rotation":[30,225,0],"translation":[-0.75,-1,0],"scale":[0.325,0.325,0.325]},"head":{"translation":[0,-33,15.25],"scale":[1.7,1.7,1.7]},"fixed":{"rotation":[0,90,0],"translation":[1.5,-1.75,0],"scale":[0.5,0.5,0.5]}},"texture_size":[128,128],"textures":{"0":"crates/christmas22_crate/santa_sleigh","particle":"crates/christmas22_crate/santa_sleigh"},"elements":[{"from":[2.5,6,-7],"to":[13.5,13,2],"rotation":{"angle":0,"axis":"y","origin":[-0.5,3,-4]},"faces":{"north":{"uv":[7.75,0,9.125,0.875],"texture":"#0"},"east":{"uv":[2.375,8.75,3.5,9.625],"texture":"#0"},"south":{"uv":[7.75,0.875,9.125,1.75],"texture":"#0"},"west":{"uv":[0.375,9,1.5,9.875],"texture":"#0"},"up":{"uv":[1.75,8,0.375,6.875],"texture":"#0"},"down":{"uv":[8.375,6.125,7,7.25],"texture":"#0"}}},{"from":[2.5,6,1.5],"to":[13.5,25,4.5],"rotation":{"angle":0,"axis":"y","origin":[7.5,14,0.5]},"faces":{"north":{"uv":[2.375,6.375,3.75,8.75],"texture":"#0"},"east":{"uv":[5.75,7.25,6.125,9.625],"texture":"#0"},"south":{"uv":[6.625,3.75,8,6.125],"texture":"#0"},"west":{"uv":[6.125,7.25,6.5,9.625],"texture":"#0"},"up":{"uv":[11.5,5.75,10.125,5.375],"texture":"#0"},"down":{"uv":[11.75,2.875,10.375,3.25],"texture":"#0"}}},{"from":[0.5,5,-11],"to":[15.5,9,5],"rotation":{"angle":0,"axis":"y","origin":[-0.5,3,-4]},"faces":{"north":{"uv":[7,9,8.875,9.5],"texture":"#0"},"east":{"uv":[9.125,0,10.875,0.5],"texture":"#0"},"south":{"uv":[8.875,9,10.75,9.5],"texture":"#0"},"west":{"uv":[9.125,0.5,10.875,1],"texture":"#0"},"up":{"uv":[6.625,5.5,4.75,3.75],"texture":"#0"},"down":{"uv":[6.625,5.5,4.75,7.25],"texture":"#0"}}},{"from":[-1.5,0,-14],"to":[1.5,2,24],"rotation":{"angle":0,"axis":"y","origin":[-2.5,3,-4]},"faces":{"north":{"uv":[9.125,1.5,9.5,1.75],"texture":"#0"},"east":{"uv":[11.75,7.75,7,8],"texture":"#0"},"south":{"uv":[9.5,1.5,9.875,1.75],"texture":"#0"},"west":{"uv":[7,7.75,11.75,8],"texture":"#0"},"up":{"uv":[4.125,11.125,3.75,6.375],"texture":"#0"},"down":{"uv":[4.5,6.375,4.125,11.125],"texture":"#0"}}},{"from":[-0.5,2,-6],"to":[0.5,5,-3],"rotation":{"angle":0,"axis":"y","origin":[-2.5,3,-4]},"faces":{"north":{"uv":[6.5,7.25,6.625,7.625],"texture":"#0"},"east":{"uv":[10.375,3.25,10.75,3.625],"texture":"#0"},"south":{"uv":[6.5,7.625,6.625,8],"texture":"#0"},"west":{"uv":[10.5,2.5,10.875,2.875],"texture":"#0"},"up":{"uv":[6.625,8.375,6.5,8],"texture":"#0"},"down":{"uv":[6.625,8.375,6.5,8.75],"texture":"#0"}}},{"from":[-1.49,0.54033,-15.95967],"to":[1.49,4.52033,-11.97967],"rotation":{"angle":45,"axis":"x","origin":[0,2.53033,-13.46967]},"faces":{"north":{"uv":[2.375,10.5,2.75,11],"texture":"#0"},"east":{"uv":[10.875,6.75,10.375,6.25],"texture":"#0"},"south":{"uv":[2.75,11,2.375,10.5],"texture":"#0"},"west":{"uv":[10.375,6.25,10.875,6.75],"texture":"#0"},"up":{"uv":[10.875,7.25,10.5,7.75],"texture":"#0"},"down":{"uv":[10.875,7.25,10.5,7.75],"texture":"#0"}}},{"from":[14.5,0,-14],"to":[17.5,2,24],"rotation":{"angle":0,"axis":"y","origin":[18.5,3,-4]},"faces":{"north":{"uv":[9.5,1.5,9.125,1.75],"texture":"#0"},"east":{"uv":[11.75,7.75,7,8],"texture":"#0"},"south":{"uv":[9.875,1.5,9.5,1.75],"texture":"#0"},"west":{"uv":[7,7.75,11.75,8],"texture":"#0"},"up":{"uv":[3.75,11.125,4.125,6.375],"texture":"#0"},"down":{"uv":[4.125,6.375,4.5,11.125],"texture":"#0"}}},{"from":[14.51,0.54033,-15.95967],"to":[17.49,4.52033,-11.97967],"rotation":{"angle":45,"axis":"x","origin":[16,2.53033,-13.46967]},"faces":{"north":{"uv":[2.75,10.5,2.375,11],"texture":"#0"},"east":{"uv":[10.875,6.25,10.375,6.75],"texture":"#0"},"south":{"uv":[2.375,11,2.75,10.5],"texture":"#0"},"west":{"uv":[10.375,6.75,10.875,6.25],"texture":"#0"},"up":{"uv":[10.5,7.25,10.875,7.75],"texture":"#0"},"down":{"uv":[10.5,7.25,10.875,7.75],"texture":"#0"}}},{"from":[15.5,2,-6],"to":[16.5,5,-3],"rotation":{"angle":0,"axis":"y","origin":[18.5,3,-4]},"faces":{"north":{"uv":[6.5,9.875,6.625,10.25],"texture":"#0"},"east":{"uv":[10.75,8.375,11.125,8.75],"texture":"#0"},"south":{"uv":[6.5,10.25,6.625,10.625],"texture":"#0"},"west":{"uv":[10.75,8.75,11.125,9.125],"texture":"#0"},"up":{"uv":[6.25,10.75,6.125,10.375],"texture":"#0"},"down":{"uv":[3.25,10.5,3.125,10.875],"texture":"#0"}}},{"from":[-0.5,2,13],"to":[0.5,5,16],"rotation":{"angle":0,"axis":"y","origin":[-2.5,3,-4]},"faces":{"north":{"uv":[6.5,7.25,6.625,7.625],"texture":"#0"},"east":{"uv":[10.375,3.25,10.75,3.625],"texture":"#0"},"south":{"uv":[6.5,7.625,6.625,8],"texture":"#0"},"west":{"uv":[10.5,2.5,10.875,2.875],"texture":"#0"},"up":{"uv":[6.625,8.375,6.5,8],"texture":"#0"},"down":{"uv":[6.625,8.375,6.5,8.75],"texture":"#0"}}},{"from":[15.5,2,13],"to":[16.5,5,16],"rotation":{"angle":0,"axis":"y","origin":[18.5,3,-4]},"faces":{"north":{"uv":[6.5,9.875,6.625,10.25],"texture":"#0"},"east":{"uv":[10.75,8.375,11.125,8.75],"texture":"#0"},"south":{"uv":[6.5,10.25,6.625,10.625],"texture":"#0"},"west":{"uv":[10.75,8.75,11.125,9.125],"texture":"#0"},"up":{"uv":[6.25,10.75,6.125,10.375],"texture":"#0"},"down":{"uv":[3.25,10.5,3.125,10.875],"texture":"#0"}}},{"from":[-1.5,5,0],"to":[0.5,22,5],"rotation":{"angle":0,"axis":"y","origin":[16.5,3,-4]},"faces":{"north":{"uv":[3.5,8.75,3.75,10.875],"texture":"#0"},"east":{"uv":[1.75,6.875,2.375,9],"texture":"#0"},"south":{"uv":[3.25,9.625,3.5,11.75],"texture":"#0"},"west":{"uv":[7.125,0,7.75,2.125],"texture":"#0"},"up":{"uv":[4.75,7,4.5,6.375],"texture":"#0"},"down":{"uv":[10.875,10.5,10.625,11.125],"texture":"#0"}}},{"from":[15.5,5,-11],"to":[17.5,13,0],"rotation":{"angle":0,"axis":"y","origin":[-0.5,3,-4]},"faces":{"north":{"uv":[1.75,8,1.5,9],"texture":"#0"},"east":{"uv":[13.875,4.875,12.5,5.875],"texture":"#0"},"south":{"uv":[8.75,10.375,8.5,11.375],"texture":"#0"},"west":{"uv":[1.5,8,0.375,9],"texture":"#0"},"up":{"uv":[5.625,11.5,5.875,10.375],"texture":"#0"},"down":{"uv":[5.875,10.375,6.125,11.5],"texture":"#0"}}},{"from":[15.5,13,-11],"to":[17.5,18,0],"rotation":{"angle":0,"axis":"y","origin":[-0.5,3,-4]},"faces":{"north":{"uv":[6.375,12.4375,6.125,13.0625],"texture":"#0"},"east":{"uv":[14,8.5625,12.625,9.1875],"texture":"#0"},"south":{"uv":[13.375,14.8125,13.125,15.4375],"texture":"#0"},"west":{"uv":[14,8.5625,12.625,9.1875],"texture":"#0"},"up":{"uv":[10.25,15.9375,10.5,14.5625],"texture":"#0"},"down":{"uv":[10.5,14.8125,10.75,15.9375],"texture":"#0"}}},{"from":[-1.5,5,-11],"to":[0.5,13,0],"rotation":{"angle":0,"axis":"y","origin":[16.5,3,-4]},"faces":{"north":{"uv":[1.5,8,1.75,9],"texture":"#0"},"east":{"uv":[0.375,8,1.5,9],"texture":"#0"},"south":{"uv":[8.5,10.375,8.75,11.375],"texture":"#0"},"west":{"uv":[12.5,4.875,13.875,5.875],"texture":"#0"},"up":{"uv":[5.875,11.5,5.625,10.375],"texture":"#0"},"down":{"uv":[6.125,10.375,5.875,11.5],"texture":"#0"}}},{"from":[-1.5,13,-11],"to":[0.5,18,0],"rotation":{"angle":0,"axis":"y","origin":[16.5,3,-4]},"faces":{"north":{"uv":[6.125,12.4375,6.375,13.0625],"texture":"#0"},"east":{"uv":[12.625,8.5625,14,9.1875],"texture":"#0"},"south":{"uv":[13.125,14.8125,13.375,15.4375],"texture":"#0"},"west":{"uv":[12.625,8.5625,14,9.1875],"texture":"#0"},"up":{"uv":[10.5,15.9375,10.25,14.5625],"texture":"#0"},"down":{"uv":[10.75,14.8125,10.5,15.9375],"texture":"#0"}}},{"from":[15.5,5,0],"to":[17.5,22,5],"rotation":{"angle":0,"axis":"y","origin":[-0.5,3,-4]},"faces":{"north":{"uv":[6.25,9.625,6.5,11.75],"texture":"#0"},"east":{"uv":[4.5,7.25,5.125,9.375],"texture":"#0"},"south":{"uv":[1.875,10,2.125,12.125],"texture":"#0"},"west":{"uv":[5.125,7.25,5.75,9.375],"texture":"#0"},"up":{"uv":[1.375,11.375,1.125,10.75],"texture":"#0"},"down":{"uv":[1.625,10.75,1.375,11.375],"texture":"#0"}}},{"from":[-1.5,5,5],"to":[17.5,22,24],"rotation":{"angle":0,"axis":"y","origin":[-0.5,3,-9]},"faces":{"north":{"uv":[2.375,0,4.75,2.125],"texture":"#0"},"east":{"uv":[2.375,2.125,4.75,4.25],"texture":"#0"},"south":{"uv":[2.375,4.25,4.75,6.375],"texture":"#0"},"west":{"uv":[0,4.75,2.375,6.875],"texture":"#0"},"up":{"uv":[2.375,2.375,0,0],"texture":"#0"},"down":{"uv":[2.375,2.375,0,4.75],"texture":"#0"}}},{"from":[-0.5,20,14],"to":[6.5,27,21],"rotation":{"angle":22.5,"axis":"z","origin":[4,23.5,16]},"faces":{"north":{"uv":[9.125,5,10,5.875],"texture":"#0"},"east":{"uv":[9.125,5,10,5.875],"texture":"#0"},"south":{"uv":[9.125,5,10,5.875],"texture":"#0"},"west":{"uv":[9.125,5,10,5.875],"texture":"#0"},"up":{"uv":[2.375,9.875,1.5,9],"texture":"#0"},"down":{"uv":[10,8,9.125,8.875],"texture":"#0"}}},{"from":[2.5,20,7],"to":[8.5,26,13],"rotation":{"angle":0,"axis":"y","origin":[4,23,8.5]},"faces":{"north":{"uv":[0.375,9.875,1.125,10.625],"texture":"#0"},"east":{"uv":[0.375,9.875,1.125,10.625],"texture":"#0"},"south":{"uv":[0.375,9.875,1.125,10.625],"texture":"#0"},"west":{"uv":[0.375,9.875,1.125,10.625],"texture":"#0"},"up":{"uv":[1.875,10.75,1.125,10],"texture":"#0"},"down":{"uv":[10.75,8,10,8.75],"texture":"#0"}}},{"from":[6.5,21,15],"to":[13.5,26,22],"rotation":{"angle":22.5,"axis":"x","origin":[11,24.5,18.5]},"faces":{"north":{"uv":[4.5,10.25,5.375,10.875],"texture":"#0"},"east":{"uv":[4.5,10.25,5.375,10.875],"texture":"#0"},"south":{"uv":[4.5,10.25,5.375,10.875],"texture":"#0"},"west":{"uv":[4.5,10.25,5.375,10.875],"texture":"#0"},"up":{"uv":[10.5,2.875,9.625,2],"texture":"#0"},"down":{"uv":[3.25,9.625,2.375,10.5],"texture":"#0"}}},{"from":[8.5,20,6],"to":[16.5,27,14],"rotation":{"angle":-22.5,"axis":"x","origin":[12,23.5,10]},"faces":{"north":{"uv":[10.375,5.875,9.375,6.75],"texture":"#0"},"east":{"uv":[9.375,5.875,10.375,6.75],"texture":"#0"},"south":{"uv":[10.375,5.875,9.375,6.75],"texture":"#0"},"west":{"uv":[9.375,5.875,10.375,6.75],"texture":"#0"},"up":{"uv":[9.125,9,8.125,8],"texture":"#0"},"down":{"uv":[9.375,6.125,8.375,7.125],"texture":"#0"}}},{"from":[-1.5,5,-13],"to":[17.5,20,-11],"rotation":{"angle":0,"axis":"y","origin":[-0.5,3,-6]},"faces":{"north":{"uv":[4.75,0,7.125,1.875],"texture":"#0"},"east":{"uv":[2.125,10,2.375,11.875],"texture":"#0"},"south":{"uv":[4.75,1.875,7.125,3.75],"texture":"#0"},"west":{"uv":[5.375,10.375,5.625,12.25],"texture":"#0"},"up":{"uv":[11.5,1.25,9.125,1],"texture":"#0"},"down":{"uv":[11.5,1.25,9.125,1.5],"texture":"#0"}}},{"from":[-2,18,-15],"to":[18,22,-11],"rotation":{"angle":-45,"axis":"x","origin":[8.5,20,-13]},"faces":{"north":{"uv":[7.125,2.125,9.625,2.625],"texture":"#0"},"east":{"uv":[9.25,10.375,9.75,10.875],"texture":"#0"},"south":{"uv":[9.625,2.625,7.125,2.125],"texture":"#0"},"west":{"uv":[10.5,2,11,2.5],"texture":"#0"},"up":{"uv":[9.625,3.625,7.125,3.125],"texture":"#0"},"down":{"uv":[9.5,7.25,7,7.75],"texture":"#0"}}}]}