{"file_name":"body","texture_size":[64,64],"textures":{"layer0":"manamodels/red"},"elements":[{"name":"body_0","from":[4.1,2.6,10.4],"to":[11.900001,13.400001,17.6],"rotation":{"angle":0.0,"axis":"z","origin":[8.0,8.0,8.0]},"faces":{"east":{"uv":[0.0,2.0,2.0,5.5],"texture":"#layer0","tintindex":0},"south":{"uv":[6.25,2.0,8.5,5.5],"texture":"#layer0","tintindex":0},"north":{"uv":[2.0,2.0,4.25,5.5],"texture":"#layer0","tintindex":0},"west":{"uv":[4.25,2.0,6.25,5.5],"texture":"#layer0","tintindex":0},"up":{"uv":[4.25,2.0,2.0,0.0],"texture":"#layer0","tintindex":0},"down":{"uv":[4.25,0.0,6.5,2.0],"texture":"#layer0","tintindex":0}}}],"display":{"head":{"translation":[0.0,-6.4,0.0],"rotation":[0.0,0.0,0.0],"scale":[3.8095,3.8095,3.8095]},"gui":{"translation":[0.0,0.0,0.0],"rotation":[35.0,225.0,0.0],"scale":[0.625,0.625,0.625]}}}