{"display":{"thirdperson_righthand":{"translation":[2.25,4,0],"scale":[0.5,0.5,0.5]},"thirdperson_lefthand":{"translation":[0,4.25,0.5],"scale":[0.5,0.5,0.5]},"firstperson_righthand":{"rotation":[40,11,16],"translation":[0,7,4.5],"scale":[0.63,0.64,0.65]},"firstperson_lefthand":{"rotation":[45,-49,9],"translation":[3,6.25,0],"scale":[0.6,0.6,0.6]},"ground":{"translation":[0,1.75,0],"scale":[0.6,0.6,0.6]},"gui":{"rotation":[70,-180,-1],"translation":[0.25,3,3]},"fixed":{"rotation":[96,6,-1],"translation":[0.25,0.25,7.25]}},"textures":{"0":"ui/buttons/transparent-goldenberries","particle":"ui/buttons/transparent-goldenberries"},"elements":[{"name":"goldenberries_0","from":[6,0,2],"to":[9,0.1,7],"faces":{"north":{"uv":[9,2,6,2.1],"texture":"#0"},"east":{"uv":[8.9,2,9,7],"rotation":90,"texture":"#0"},"south":{"uv":[6,6.9,9,7],"texture":"#0"},"west":{"uv":[6,2,6.1,7],"rotation":270,"texture":"#0"},"up":{"uv":[6,2,9,7],"texture":"#0"},"down":{"uv":[6,7,9,2],"texture":"#0"}}},{"name":"goldenberries_1","from":[5,0,3],"to":[6,0.1,6],"faces":{"north":{"uv":[6,3,5,3.1],"texture":"#0"},"east":{"uv":[5.9,3,6,6],"rotation":90,"texture":"#0"},"south":{"uv":[5,5.9,6,6],"texture":"#0"},"west":{"uv":[5,3,5.1,6],"rotation":270,"texture":"#0"},"up":{"uv":[5,3,6,6],"texture":"#0"},"down":{"uv":[5,6,6,3],"texture":"#0"}}},{"name":"goldenberries_2","from":[9,0,3],"to":[10,0.1,6],"faces":{"north":{"uv":[10,3,9,3.1],"texture":"#0"},"east":{"uv":[9.9,3,10,6],"rotation":90,"texture":"#0"},"south":{"uv":[9,5.9,10,6],"texture":"#0"},"west":{"uv":[9,3,9.1,6],"rotation":270,"texture":"#0"},"up":{"uv":[9,3,10,6],"texture":"#0"},"down":{"uv":[9,6,10,3],"texture":"#0"}}},{"name":"goldenberries_3","from":[12,0,4],"to":[14,0.1,8],"faces":{"north":{"uv":[14,4,12,4.1],"texture":"#0"},"east":{"uv":[13.9,4,14,8],"rotation":90,"texture":"#0"},"south":{"uv":[12,7.9,14,8],"texture":"#0"},"west":{"uv":[12,4,12.1,8],"rotation":270,"texture":"#0"},"up":{"uv":[12,4,14,8],"texture":"#0"},"down":{"uv":[12,8,14,4],"texture":"#0"}}},{"name":"goldenberries_4","from":[2,0,5],"to":[4,0.1,9],"faces":{"north":{"uv":[4,5,2,5.1],"texture":"#0"},"east":{"uv":[3.9,5,4,9],"rotation":90,"texture":"#0"},"south":{"uv":[2,8.9,4,9],"texture":"#0"},"west":{"uv":[2,5,2.1,9],"rotation":270,"texture":"#0"},"up":{"uv":[2,5,4,9],"texture":"#0"},"down":{"uv":[2,9,4,5],"texture":"#0"}}},{"name":"goldenberries_5","from":[11,0,5],"to":[12,0.1,11],"faces":{"north":{"uv":[12,5,11,5.1],"texture":"#0"},"east":{"uv":[11.9,5,12,11],"rotation":90,"texture":"#0"},"south":{"uv":[11,10.9,12,11],"texture":"#0"},"west":{"uv":[11,5,11.1,11],"rotation":270,"texture":"#0"},"up":{"uv":[11,5,12,11],"texture":"#0"},"down":{"uv":[11,11,12,5],"texture":"#0"}}},{"name":"goldenberries_6","from":[14,0,5],"to":[15,0.1,7],"faces":{"north":{"uv":[15,5,14,5.1],"texture":"#0"},"east":{"uv":[14.9,5,15,7],"rotation":90,"texture":"#0"},"south":{"uv":[14,6.9,15,7],"texture":"#0"},"west":{"uv":[14,5,14.1,7],"rotation":270,"texture":"#0"},"up":{"uv":[14,5,15,7],"texture":"#0"},"down":{"uv":[14,7,15,5],"texture":"#0"}}},{"name":"goldenberries_7","from":[4,0,6],"to":[5,0.1,10],"faces":{"north":{"uv":[5,6,4,6.1],"texture":"#0"},"east":{"uv":[4.9,6,5,10],"rotation":90,"texture":"#0"},"south":{"uv":[4,9.9,5,10],"texture":"#0"},"west":{"uv":[4,6,4.1,10],"rotation":270,"texture":"#0"},"up":{"uv":[4,6,5,10],"texture":"#0"},"down":{"uv":[4,10,5,6],"texture":"#0"}}},{"name":"goldenberries_8","from":[10,0,6],"to":[11,0.1,10],"faces":{"north":{"uv":[11,6,10,6.1],"texture":"#0"},"east":{"uv":[10.9,6,11,10],"rotation":90,"texture":"#0"},"south":{"uv":[10,9.9,11,10],"texture":"#0"},"west":{"uv":[10,6,10.1,10],"rotation":270,"texture":"#0"},"up":{"uv":[10,6,11,10],"texture":"#0"},"down":{"uv":[10,10,11,6],"texture":"#0"}}},{"name":"goldenberries_9","from":[7,0,7],"to":[10,0.1,8],"faces":{"north":{"uv":[10,7,7,7.1],"texture":"#0"},"east":{"uv":[9.9,7,10,8],"rotation":90,"texture":"#0"},"south":{"uv":[7,7.9,10,8],"texture":"#0"},"west":{"uv":[7,7,7.1,8],"rotation":270,"texture":"#0"},"up":{"uv":[7,7,10,8],"texture":"#0"},"down":{"uv":[7,8,10,7],"texture":"#0"}}},{"name":"goldenberries_10","from":[5,0,8],"to":[8,0.1,13],"faces":{"north":{"uv":[8,8,5,8.1],"texture":"#0"},"east":{"uv":[7.9,8,8,13],"rotation":90,"texture":"#0"},"south":{"uv":[5,12.9,8,13],"texture":"#0"},"west":{"uv":[5,8,5.1,13],"rotation":270,"texture":"#0"},"up":{"uv":[5,8,8,13],"texture":"#0"},"down":{"uv":[5,13,8,8],"texture":"#0"}}},{"name":"goldenberries_11","from":[9,0,8],"to":[10,0.1,9],"faces":{"north":{"uv":[10,8,9,8.1],"texture":"#0"},"east":{"uv":[9.9,8,10,9],"rotation":90,"texture":"#0"},"south":{"uv":[9,8.9,10,9],"texture":"#0"},"west":{"uv":[9,8,9.1,9],"rotation":270,"texture":"#0"},"up":{"uv":[9,8,10,9],"texture":"#0"},"down":{"uv":[9,9,10,8],"texture":"#0"}}},{"name":"goldenberries_12","from":[12,0,8],"to":[13,0.1,11],"faces":{"north":{"uv":[13,8,12,8.1],"texture":"#0"},"east":{"uv":[12.9,8,13,11],"rotation":90,"texture":"#0"},"south":{"uv":[12,10.9,13,11],"texture":"#0"},"west":{"uv":[12,8,12.1,11],"rotation":270,"texture":"#0"},"up":{"uv":[12,8,13,11],"texture":"#0"},"down":{"uv":[12,11,13,8],"texture":"#0"}}},{"name":"goldenberries_13","from":[3,0,9],"to":[4,0.1,11],"faces":{"north":{"uv":[4,9,3,9.1],"texture":"#0"},"east":{"uv":[3.9,9,4,11],"rotation":90,"texture":"#0"},"south":{"uv":[3,10.9,4,11],"texture":"#0"},"west":{"uv":[3,9,3.1,11],"rotation":270,"texture":"#0"},"up":{"uv":[3,9,4,11],"texture":"#0"},"down":{"uv":[3,11,4,9],"texture":"#0"}}},{"name":"goldenberries_14","from":[8,0,9],"to":[9,0.1,14],"faces":{"north":{"uv":[9,9,8,9.1],"texture":"#0"},"east":{"uv":[8.9,9,9,14],"rotation":90,"texture":"#0"},"south":{"uv":[8,13.9,9,14],"texture":"#0"},"west":{"uv":[8,9,8.1,14],"rotation":270,"texture":"#0"},"up":{"uv":[8,9,9,14],"texture":"#0"},"down":{"uv":[8,14,9,9],"texture":"#0"}}},{"name":"goldenberries_15","from":[13,0,9],"to":[14,0.1,11],"faces":{"north":{"uv":[14,9,13,9.1],"texture":"#0"},"east":{"uv":[13.9,9,14,11],"rotation":90,"texture":"#0"},"south":{"uv":[13,10.9,14,11],"texture":"#0"},"west":{"uv":[13,9,13.1,11],"rotation":270,"texture":"#0"},"up":{"uv":[13,9,14,11],"texture":"#0"},"down":{"uv":[13,11,14,9],"texture":"#0"}}},{"name":"goldenberries_16","from":[2,0,10],"to":[3,0.1,12],"faces":{"north":{"uv":[3,10,2,10.1],"texture":"#0"},"east":{"uv":[2.9,10,3,12],"rotation":90,"texture":"#0"},"south":{"uv":[2,11.9,3,12],"texture":"#0"},"west":{"uv":[2,10,2.1,12],"rotation":270,"texture":"#0"},"up":{"uv":[2,10,3,12],"texture":"#0"},"down":{"uv":[2,12,3,10],"texture":"#0"}}},{"name":"goldenberries_17","from":[9,0,10],"to":[10,0.1,13],"faces":{"north":{"uv":[10,10,9,10.1],"texture":"#0"},"east":{"uv":[9.9,10,10,13],"rotation":90,"texture":"#0"},"south":{"uv":[9,12.9,10,13],"texture":"#0"},"west":{"uv":[9,10,9.1,13],"rotation":270,"texture":"#0"},"up":{"uv":[9,10,10,13],"texture":"#0"},"down":{"uv":[9,13,10,10],"texture":"#0"}}},{"name":"goldenberries_18","from":[1,0,11],"to":[2,0.1,13],"faces":{"north":{"uv":[2,11,1,11.1],"texture":"#0"},"east":{"uv":[1.9,11,2,13],"rotation":90,"texture":"#0"},"south":{"uv":[1,12.9,2,13],"texture":"#0"},"west":{"uv":[1,11,1.1,13],"rotation":270,"texture":"#0"},"up":{"uv":[1,11,2,13],"texture":"#0"},"down":{"uv":[1,13,2,11],"texture":"#0"}}},{"name":"goldenberries_19","from":[6,0,13],"to":[8,0.1,14],"faces":{"north":{"uv":[8,13,6,13.1],"texture":"#0"},"east":{"uv":[7.9,13,8,14],"rotation":90,"texture":"#0"},"south":{"uv":[6,13.9,8,14],"texture":"#0"},"west":{"uv":[6,13,6.1,14],"rotation":270,"texture":"#0"},"up":{"uv":[6,13,8,14],"texture":"#0"},"down":{"uv":[6,14,8,13],"texture":"#0"}}}]}