{"file_name":"arm2","texture_size":[128,128],"textures":{"layer0":"manamodels/npc_coolcow"},"elements":[{"name":"arm2_0","from":[7.9858403,-0.41528845,6.95216],"to":[11.12936,9.015272,10.09568],"rotation":{"angle":0.0,"axis":"z","origin":[8.0,8.0,8.0]},"faces":{"east":{"uv":[5.5,1.0,6.0,2.5],"texture":"#layer0","tintindex":0},"south":{"uv":[2.375,5.5,2.875,7.0],"texture":"#layer0","tintindex":0},"north":{"uv":[5.25,4.875,5.75,6.375],"texture":"#layer0","tintindex":0},"west":{"uv":[3.0,5.5,3.5,7.0],"texture":"#layer0","tintindex":0},"up":{"uv":[7.375,5.0,6.875,4.5],"texture":"#layer0","tintindex":0},"down":{"uv":[7.0,3.0,7.5,3.5],"texture":"#layer0","tintindex":0}}}],"display":{"head":{"translation":[0.0,-6.4,0.0],"rotation":[0.0,0.0,0.0],"scale":[3.8095,3.8095,3.8095]},"gui":{"translation":[0.0,0.0,0.0],"rotation":[35.0,225.0,0.0],"scale":[0.625,0.625,0.625]}}}