{"file_name":"bell","texture_size":[128,128],"textures":{"layer0":"manamodels/npc_coolcow"},"elements":[{"name":"bell_0","from":[7.2141194,5.7950954,7.348634],"to":[8.785879,7.3668556,8.920394],"rotation":{"angle":0.0,"axis":"z","origin":[8.0,8.0,8.0]},"faces":{"east":{"uv":[7.625,1.875,7.875,2.125],"texture":"#layer0","tintindex":0},"south":{"uv":[2.125,7.625,2.375,7.875],"texture":"#layer0","tintindex":0},"north":{"uv":[1.75,7.625,2.0,7.875],"texture":"#layer0","tintindex":0},"west":{"uv":[2.5,7.625,2.75,7.875],"texture":"#layer0","tintindex":0},"up":{"uv":[7.875,3.0,7.625,2.75],"texture":"#layer0","tintindex":0},"down":{"uv":[2.875,7.625,3.125,7.875],"texture":"#layer0","tintindex":0}}},{"name":"bell_1","from":[6.8211803,5.7950954,6.9556937],"to":[9.178821,6.5809755,9.3133335],"rotation":{"angle":0.0,"axis":"z","origin":[8.0,8.0,8.0]},"faces":{"east":{"uv":[7.0,3.625,7.375,3.75],"texture":"#layer0","tintindex":0},"south":{"uv":[7.625,7.25,8.0,7.375],"texture":"#layer0","tintindex":0},"north":{"uv":[2.5,4.5,2.875,4.625],"texture":"#layer0","tintindex":0},"west":{"uv":[7.625,7.5,8.0,7.625],"texture":"#layer0","tintindex":0},"up":{"uv":[1.0,6.25,0.625,5.875],"texture":"#layer0","tintindex":0},"down":{"uv":[1.875,6.5,2.25,6.875],"texture":"#layer0","tintindex":0}}},{"name":"bell_2","from":[7.6070595,5.402156,7.741574],"to":[8.39294,6.188036,8.527453],"rotation":{"angle":0.0,"axis":"z","origin":[8.0,8.0,8.0]},"faces":{"east":{"uv":[7.875,6.875,8.0,7.0],"texture":"#layer0","tintindex":0},"south":{"uv":[7.125,7.875,7.25,8.0],"texture":"#layer0","tintindex":0},"north":{"uv":[6.875,7.875,7.0,8.0],"texture":"#layer0","tintindex":0},"west":{"uv":[7.375,7.875,7.5,8.0],"texture":"#layer0","tintindex":0},"up":{"uv":[8.0,7.875,7.875,7.75],"texture":"#layer0","tintindex":0},"down":{"uv":[0.0,8.0,0.125,8.125],"texture":"#layer0","tintindex":0}}},{"name":"bell_3","from":[7.6070595,7.3668556,7.741574],"to":[8.39294,8.152736,8.527453],"rotation":{"angle":0.0,"axis":"z","origin":[8.0,8.0,8.0]},"faces":{"east":{"uv":[7.875,6.125,8.0,6.25],"texture":"#layer0","tintindex":0},"south":{"uv":[6.375,7.875,6.5,8.0],"texture":"#layer0","tintindex":0},"north":{"uv":[7.875,5.875,8.0,6.0],"texture":"#layer0","tintindex":0},"west":{"uv":[7.875,6.375,8.0,6.5],"texture":"#layer0","tintindex":0},"up":{"uv":[6.75,8.0,6.625,7.875],"texture":"#layer0","tintindex":0},"down":{"uv":[7.875,6.625,8.0,6.75],"texture":"#layer0","tintindex":0}}}],"display":{"head":{"translation":[0.0,-6.4,0.0],"rotation":[0.0,0.0,0.0],"scale":[3.8095,3.8095,3.8095]},"gui":{"translation":[0.0,0.0,0.0],"rotation":[35.0,225.0,0.0],"scale":[0.625,0.625,0.625]}}}