{"file_name":"head","texture_size":[128,128],"textures":{"layer0":"manamodels/npc_coolcow"},"elements":[{"name":"head_0","from":[4.85648,7.9674325,4.6724],"to":[11.14352,14.254474,10.95944],"rotation":{"angle":0.0,"axis":"z","origin":[8.0,8.0,8.0]},"faces":{"east":{"uv":[3.0,3.625,4.0,4.625],"texture":"#layer0","tintindex":0},"south":{"uv":[1.375,3.75,2.375,4.75],"texture":"#layer0","tintindex":0},"north":{"uv":[3.25,1.125,4.25,2.125],"texture":"#layer0","tintindex":0},"west":{"uv":[0.0,4.0,1.0,5.0],"texture":"#layer0","tintindex":0},"up":{"uv":[5.125,4.625,4.125,3.625],"texture":"#layer0","tintindex":0},"down":{"uv":[4.375,1.125,5.375,2.125],"texture":"#layer0","tintindex":0}}},{"name":"head_1","from":[4.4635396,10.718012,4.27946],"to":[11.53646,13.075652,4.27946],"rotation":{"angle":0.0,"axis":"z","origin":[8.0,8.0,8.0]},"faces":{"east":{"uv":[2.875,3.75,2.875,4.125],"texture":"#layer0","tintindex":0},"south":{"uv":[5.875,5.625,7.0,6.0],"texture":"#layer0","tintindex":0},"north":{"uv":[5.875,5.125,7.0,5.5],"texture":"#layer0","tintindex":0},"west":{"uv":[2.375,4.875,2.375,5.25],"texture":"#layer0","tintindex":0},"up":{"uv":[9.0,7.125,7.875,7.125],"texture":"#layer0","tintindex":0},"down":{"uv":[8.0,0.25,9.125,0.25],"texture":"#layer0","tintindex":0}}},{"name":"head_2","from":[4.26707,12.6827135,5.45828],"to":[5.83883,15.826234,7.03004],"rotation":{"angle":22.5,"axis":"z","origin":[5.6423597,15.040352,6.24416]},"faces":{"east":{"uv":[7.125,5.125,7.375,5.625],"texture":"#layer0","tintindex":0},"south":{"uv":[7.125,6.625,7.375,7.125],"texture":"#layer0","tintindex":0},"north":{"uv":[4.5,7.125,4.75,7.625],"texture":"#layer0","tintindex":0},"west":{"uv":[6.5,7.25,6.75,7.75],"texture":"#layer0","tintindex":0},"up":{"uv":[7.75,2.625,7.5,2.375],"texture":"#layer0","tintindex":0},"down":{"uv":[7.5,5.125,7.75,5.375],"texture":"#layer0","tintindex":0}}},{"name":"head_3","from":[1.9094297,11.896833,6.6371],"to":[3.4811897,15.826234,7.4229803],"rotation":{"angle":45.0,"axis":"z","origin":[5.6423597,15.040352,6.24416]},"faces":{"east":{"uv":[1.375,2.75,1.5,3.375],"texture":"#layer0","tintindex":0},"south":{"uv":[0.625,5.125,0.875,5.75],"texture":"#layer0","tintindex":0},"north":{"uv":[2.5,3.75,2.75,4.375],"texture":"#layer0","tintindex":0},"west":{"uv":[1.125,4.0,1.25,4.625],"texture":"#layer0","tintindex":0},"up":{"uv":[4.25,2.375,4.0,2.25],"texture":"#layer0","tintindex":0},"down":{"uv":[5.75,0.75,6.0,0.875],"texture":"#layer0","tintindex":0}}},{"name":"head_4","from":[2.6953096,15.826234,6.6371],"to":[3.4811897,16.612114,7.4229803],"rotation":{"angle":45.0,"axis":"z","origin":[5.6423597,15.040352,6.24416]},"faces":{"east":{"uv":[0.25,8.0,0.375,8.125],"texture":"#layer0","tintindex":0},"south":{"uv":[0.5,8.0,0.625,8.125],"texture":"#layer0","tintindex":0},"north":{"uv":[8.0,0.0,8.125,0.125],"texture":"#layer0","tintindex":0},"west":{"uv":[8.0,0.625,8.125,0.75],"texture":"#layer0","tintindex":0},"up":{"uv":[0.875,8.125,0.75,8.0],"texture":"#layer0","tintindex":0},"down":{"uv":[8.0,0.875,8.125,1.0],"texture":"#layer0","tintindex":0}}},{"name":"head_5","from":[12.51881,15.826234,6.6371],"to":[13.30469,16.612114,7.4229803],"rotation":{"angle":-45.0,"axis":"z","origin":[10.357639,15.040352,6.24416]},"faces":{"east":{"uv":[1.25,8.0,1.375,8.125],"texture":"#layer0","tintindex":0},"south":{"uv":[1.5,8.0,1.625,8.125],"texture":"#layer0","tintindex":0},"north":{"uv":[1.0,8.0,1.125,8.125],"texture":"#layer0","tintindex":0},"west":{"uv":[1.75,8.0,1.875,8.125],"texture":"#layer0","tintindex":0},"up":{"uv":[8.125,2.0,8.0,1.875],"texture":"#layer0","tintindex":0},"down":{"uv":[2.0,8.0,2.125,8.125],"texture":"#layer0","tintindex":0}}},{"name":"head_6","from":[12.518811,11.896833,6.6371],"to":[14.090571,15.826234,7.4229803],"rotation":{"angle":-45.0,"axis":"z","origin":[10.357639,15.040352,6.24416]},"faces":{"east":{"uv":[7.5,3.625,7.625,4.25],"texture":"#layer0","tintindex":0},"south":{"uv":[6.125,7.0,6.375,7.625],"texture":"#layer0","tintindex":0},"north":{"uv":[4.75,5.5,5.0,6.125],"texture":"#layer0","tintindex":0},"west":{"uv":[7.5,4.375,7.625,5.0],"texture":"#layer0","tintindex":0},"up":{"uv":[5.125,6.375,4.875,6.25],"texture":"#layer0","tintindex":0},"down":{"uv":[6.625,3.0,6.875,3.125],"texture":"#layer0","tintindex":0}}},{"name":"head_7","from":[10.16117,12.6827135,5.45828],"to":[11.73293,15.826234,7.03004],"rotation":{"angle":-22.5,"axis":"z","origin":[10.357639,15.040352,6.24416]},"faces":{"east":{"uv":[7.25,7.25,7.5,7.75],"texture":"#layer0","tintindex":0},"south":{"uv":[0.0,7.375,0.25,7.875],"texture":"#layer0","tintindex":0},"north":{"uv":[6.875,7.25,7.125,7.75],"texture":"#layer0","tintindex":0},"west":{"uv":[0.375,7.375,0.625,7.875],"texture":"#layer0","tintindex":0},"up":{"uv":[7.75,6.75,7.5,6.5],"texture":"#layer0","tintindex":0},"down":{"uv":[7.5,6.875,7.75,7.125],"texture":"#layer0","tintindex":0}}},{"name":"head_8","from":[4.463948,15.240118,5.85122],"to":[5.249828,17.597757,6.6371],"rotation":{"angle":0.0,"axis":"z","origin":[8.0,8.0,8.0]},"faces":{"east":{"uv":[7.625,3.125,7.75,3.5],"texture":"#layer0","tintindex":0},"south":{"uv":[3.25,7.625,3.375,8.0],"texture":"#layer0","tintindex":0},"north":{"uv":[5.875,7.5,6.0,7.875],"texture":"#layer0","tintindex":0},"west":{"uv":[3.5,7.625,3.625,8.0],"texture":"#layer0","tintindex":0},"up":{"uv":[1.5,3.625,1.375,3.5],"texture":"#layer0","tintindex":0},"down":{"uv":[7.75,0.625,7.875,0.75],"texture":"#layer0","tintindex":0}}},{"name":"head_9","from":[10.750173,15.240118,5.85122],"to":[11.536053,17.597757,6.6371],"rotation":{"angle":0.0,"axis":"z","origin":[8.0,8.0,8.0]},"faces":{"east":{"uv":[4.0,7.625,4.125,8.0],"texture":"#layer0","tintindex":0},"south":{"uv":[4.25,7.625,4.375,8.0],"texture":"#layer0","tintindex":0},"north":{"uv":[3.75,7.625,3.875,8.0],"texture":"#layer0","tintindex":0},"west":{"uv":[7.625,5.5,7.75,5.875],"texture":"#layer0","tintindex":0},"up":{"uv":[0.875,7.875,0.75,7.75],"texture":"#layer0","tintindex":0},"down":{"uv":[7.75,0.875,7.875,1.0],"texture":"#layer0","tintindex":0}}},{"name":"head_10","from":[5.6423597,8.753313,3.1006398],"to":[10.357639,11.110952,4.6724],"rotation":{"angle":0.0,"axis":"z","origin":[8.0,8.0,8.0]},"faces":{"east":{"uv":[5.5,6.5,5.75,6.875],"texture":"#layer0","tintindex":0},"south":{"uv":[6.625,2.5,7.375,2.875],"texture":"#layer0","tintindex":0},"north":{"uv":[6.5,6.125,7.25,6.5],"texture":"#layer0","tintindex":0},"west":{"uv":[7.375,0.625,7.625,1.0],"texture":"#layer0","tintindex":0},"up":{"uv":[5.125,3.5,4.375,3.25],"texture":"#layer0","tintindex":0},"down":{"uv":[6.75,2.0,7.5,2.25],"texture":"#layer0","tintindex":0}}}],"display":{"head":{"translation":[0.0,-6.4,0.0],"rotation":[0.0,0.0,0.0],"scale":[3.8095,3.8095,3.8095]},"gui":{"translation":[0.0,0.0,0.0],"rotation":[35.0,225.0,0.0],"scale":[0.625,0.625,0.625]}}}