{"file_name":"leg","texture_size":[128,128],"textures":{"layer0":"manamodels/npc_coolcow"},"elements":[{"name":"leg_0","from":[7.7642355,4.9285216,5.3803997],"to":[10.121876,6.5002823,7.73804],"rotation":{"angle":45.0,"axis":"y","origin":[9.335997,5.7144017,6.95216]},"faces":{"east":{"uv":[4.875,7.375,5.25,7.625],"texture":"#layer0","tintindex":0},"south":{"uv":[7.375,6.125,7.75,6.375],"texture":"#layer0","tintindex":0},"north":{"uv":[7.375,1.5,7.75,1.75],"texture":"#layer0","tintindex":0},"west":{"uv":[7.5,0.0,7.875,0.25],"texture":"#layer0","tintindex":0},"up":{"uv":[3.875,7.5,3.5,7.125],"texture":"#layer0","tintindex":0},"down":{"uv":[4.0,7.125,4.375,7.5],"texture":"#layer0","tintindex":0}}},{"name":"leg_1","from":[7.2141194,4.9088717,6.95216],"to":[10.357639,9.624151,10.09568],"rotation":{"angle":0.0,"axis":"z","origin":[8.0,8.0,8.0]},"faces":{"east":{"uv":[6.125,1.625,6.625,2.375],"texture":"#layer0","tintindex":0},"south":{"uv":[5.875,6.125,6.375,6.875],"texture":"#layer0","tintindex":0},"north":{"uv":[6.125,0.75,6.625,1.5],"texture":"#layer0","tintindex":0},"west":{"uv":[3.625,6.25,4.125,7.0],"texture":"#layer0","tintindex":0},"up":{"uv":[7.0,7.125,6.5,6.625],"texture":"#layer0","tintindex":0},"down":{"uv":[0.0,6.75,0.5,7.25],"texture":"#layer0","tintindex":0}}}],"display":{"head":{"translation":[0.0,-6.4,0.0],"rotation":[0.0,0.0,0.0],"scale":[3.8095,3.8095,3.8095]},"gui":{"translation":[0.0,0.0,0.0],"rotation":[35.0,225.0,0.0],"scale":[0.625,0.625,0.625]}}}