{"file_name":"torso","texture_size":[128,128],"textures":{"layer0":"manamodels/npc_coolcow"},"elements":[{"name":"torso_0","from":[4.85648,23.769993,5.7733397],"to":[11.14352,26.913513,11.274501],"rotation":{"angle":0.0,"axis":"z","origin":[8.0,8.0,8.0]},"faces":{"east":{"uv":[5.875,3.875,6.75,4.375],"texture":"#layer0","tintindex":0},"south":{"uv":[5.875,3.25,6.875,3.75],"texture":"#layer0","tintindex":0},"north":{"uv":[5.5,2.625,6.5,3.125],"texture":"#layer0","tintindex":0},"west":{"uv":[5.875,4.5,6.75,5.0],"texture":"#layer0","tintindex":0},"up":{"uv":[5.375,3.125,4.375,2.25],"texture":"#layer0","tintindex":0},"down":{"uv":[4.625,0.0,5.625,0.875],"texture":"#layer0","tintindex":0}}},{"name":"torso_1","from":[4.0706,19.840591,5.18393],"to":[11.9294,23.769993,11.47097],"rotation":{"angle":0.0,"axis":"z","origin":[8.0,8.0,8.0]},"faces":{"east":{"uv":[3.625,5.5,4.625,6.125],"texture":"#layer0","tintindex":0},"south":{"uv":[3.875,4.75,5.125,5.375],"texture":"#layer0","tintindex":0},"north":{"uv":[2.5,4.75,3.75,5.375],"texture":"#layer0","tintindex":0},"west":{"uv":[5.75,0.0,6.75,0.625],"texture":"#layer0","tintindex":0},"up":{"uv":[4.25,3.5,3.0,2.5],"texture":"#layer0","tintindex":0},"down":{"uv":[3.25,0.0,4.5,1.0],"texture":"#layer0","tintindex":0}}},{"name":"torso_2","from":[3.2847192,12.767672,4.20158],"to":[12.71528,19.840591,12.06038],"rotation":{"angle":0.0,"axis":"z","origin":[8.0,8.0,8.0]},"faces":{"east":{"uv":[1.625,2.5,2.875,3.625],"texture":"#layer0","tintindex":0},"south":{"uv":[1.625,1.25,3.125,2.375],"texture":"#layer0","tintindex":0},"north":{"uv":[1.625,0.0,3.125,1.125],"texture":"#layer0","tintindex":0},"west":{"uv":[0.0,2.75,1.25,3.875],"texture":"#layer0","tintindex":0},"up":{"uv":[1.5,1.25,0.0,0.0],"texture":"#layer0","tintindex":0},"down":{"uv":[0.0,1.375,1.5,2.625],"texture":"#layer0","tintindex":0}}}],"display":{"head":{"translation":[0.0,-6.4,0.0],"rotation":[0.0,0.0,0.0],"scale":[3.8095,3.8095,3.8095]},"gui":{"translation":[0.0,0.0,0.0],"rotation":[35.0,225.0,0.0],"scale":[0.625,0.625,0.625]}}}