{"display":{"thirdperson_righthand":{"translation":[0,-1.25,-0.25],"scale":[0.6,0.6,0.6]},"thirdperson_lefthand":{"translation":[0,-1.25,-0.25],"scale":[0.6,0.6,0.6]},"firstperson_righthand":{"translation":[1.5,0,0],"scale":[0.6,0.6,0.6]},"firstperson_lefthand":{"translation":[1.5,0,0],"scale":[0.6,0.6,0.6]},"ground":{"scale":[0.6,0.6,0.6]},"gui":{"rotation":[20,122,-2],"translation":[0.25,-1.75,0],"scale":[0.7,0.7,0.7]},"head":{"scale":[1.6,1.6,1.6]},"fixed":{"translation":[0,-1.5,-1.25]}},"texture_size":[32,32],"textures":{"0":"crates/christmas21_crate/candy_cane","particle":"crates/christmas21_crate/candy_cane"},"elements":[{"from":[6.5,0,7],"to":[9.5,2,10],"rotation":{"angle":0,"axis":"y","origin":[8,5.5,8.5]},"faces":{"north":{"uv":[9.5,0,11,1],"texture":"#0"},"east":{"uv":[9.5,1,11,2],"texture":"#0"},"south":{"uv":[9.5,2,11,3],"texture":"#0"},"west":{"uv":[9.5,3,11,4],"texture":"#0"},"up":{"uv":[7,9.5,5.5,8],"texture":"#0"},"down":{"uv":[8.5,8,7,9.5],"texture":"#0"}}},{"from":[5.75,0.5,8],"to":[7.75,2.5,9],"rotation":{"angle":22.5,"axis":"z","origin":[6.5,1,8.5]},"faces":{"north":{"uv":[7.5,10.5,8.5,11.5],"texture":"#0"},"east":{"uv":[9.5,10.5,10,11.5],"texture":"#0"},"south":{"uv":[8.5,10.5,9.5,11.5],"texture":"#0"},"west":{"uv":[3,11.5,3.5,12.5],"texture":"#0"},"up":{"uv":[9.5,12,8.5,11.5],"texture":"#0"},"down":{"uv":[10.5,11.5,9.5,12],"texture":"#0"}}},{"from":[8.25,0.5,8],"to":[10.25,2.5,9],"rotation":{"angle":-22.5,"axis":"z","origin":[9.5,1,8.5]},"faces":{"north":{"uv":[0,11,1,12],"texture":"#0"},"east":{"uv":[10.5,11.5,11,12.5],"texture":"#0"},"south":{"uv":[11,0,12,1],"texture":"#0"},"west":{"uv":[0,12,0.5,13],"texture":"#0"},"up":{"uv":[13,0.5,12,0],"texture":"#0"},"down":{"uv":[13,0.5,12,1],"texture":"#0"}}},{"from":[6.5,6,7],"to":[9.5,11,10],"rotation":{"angle":0,"axis":"y","origin":[8,5.5,8.5]},"faces":{"north":{"uv":[8,0,9.5,2.5],"texture":"#0"},"east":{"uv":[8,2.5,9.5,5],"texture":"#0"},"south":{"uv":[4,8,5.5,10.5],"texture":"#0"},"west":{"uv":[8,5,9.5,7.5],"texture":"#0"},"up":{"uv":[1.5,10,0,8.5],"texture":"#0"},"down":{"uv":[3,8.5,1.5,10],"texture":"#0"}}},{"from":[6.5,12,7],"to":[9.5,14,10],"rotation":{"angle":0,"axis":"y","origin":[8,5.5,8.5]},"faces":{"north":{"uv":[9.5,4,11,5],"texture":"#0"},"east":{"uv":[9.5,5,11,6],"texture":"#0"},"south":{"uv":[5.5,9.5,7,10.5],"texture":"#0"},"west":{"uv":[9.5,6,11,7],"texture":"#0"},"up":{"uv":[10,9,8.5,7.5],"texture":"#0"},"down":{"uv":[10,9,8.5,10.5],"texture":"#0"}}},{"from":[7,2,7.5],"to":[9,19,9.5],"faces":{"north":{"uv":[0,0,1,8.5],"texture":"#0"},"east":{"uv":[1,0,2,8.5],"texture":"#0"},"south":{"uv":[2,0,3,8.5],"texture":"#0"},"west":{"uv":[3,0,4,8.5],"texture":"#0"},"up":{"uv":[12,2,11,1],"texture":"#0"},"down":{"uv":[12,2,11,3],"texture":"#0"}}},{"from":[7,17,2.25736],"to":[9,19,4.25736],"rotation":{"angle":0,"axis":"y","origin":[0,0,-0.24264]},"faces":{"north":{"uv":[11,3,12,4],"texture":"#0"},"east":{"uv":[11,4,12,5],"texture":"#0"},"south":{"uv":[11,5,12,6],"texture":"#0"},"west":{"uv":[11,6,12,7],"texture":"#0"},"up":{"uv":[12,8,11,7],"texture":"#0"},"down":{"uv":[12,8,11,9],"texture":"#0"}}},{"from":[3,5,8.5],"to":[7,13,8.5],"faces":{"north":{"uv":[4,0,6,4],"texture":"#0"},"east":{"uv":[0,0,0,4],"texture":"#0"},"south":{"uv":[4,4,6,8],"texture":"#0"},"west":{"uv":[0,0,0,4],"texture":"#0"},"up":{"uv":[2,0,0,0],"texture":"#0"},"down":{"uv":[2,0,0,0],"texture":"#0"}}},{"from":[9,5,8.5],"to":[13,13,8.5],"faces":{"north":{"uv":[6,0,8,4],"texture":"#0"},"east":{"uv":[0,0,0,4],"texture":"#0"},"south":{"uv":[6,4,8,8],"texture":"#0"},"west":{"uv":[0,0,0,4],"texture":"#0"},"up":{"uv":[2,0,0,0],"texture":"#0"},"down":{"uv":[2,0,0,0],"texture":"#0"}}},{"from":[7,19.12132,4.37868],"to":[9,21.12132,7.37868],"rotation":{"angle":0,"axis":"y","origin":[0,-0.87868,2.87868]},"faces":{"north":{"uv":[11,9,12,10],"texture":"#0"},"east":{"uv":[7,9.5,8.5,10.5],"texture":"#0"},"south":{"uv":[11,10,12,11],"texture":"#0"},"west":{"uv":[0,10,1.5,11],"texture":"#0"},"up":{"uv":[4,10,3,8.5],"texture":"#0"},"down":{"uv":[2.5,10,1.5,11.5],"texture":"#0"}}},{"from":[7.1,17.66066,6.12513],"to":[8.9,20.46066,7.92513],"rotation":{"angle":-45,"axis":"x","origin":[8,20.06066,7.02513]},"faces":{"north":{"uv":[2.5,10,3.5,11.5],"texture":"#0"},"east":{"uv":[10,7,11,8.5],"texture":"#0"},"south":{"uv":[10,8.5,11,10],"texture":"#0"},"west":{"uv":[10,10,11,11.5],"texture":"#0"},"up":{"uv":[12,12,11,11],"texture":"#0"},"down":{"uv":[2,11.5,1,12.5],"texture":"#0"}}},{"from":[7.1,17.66066,3.83223],"to":[8.9,20.46066,5.63223],"rotation":{"angle":45,"axis":"x","origin":[8,20.06066,4.73223]},"faces":{"north":{"uv":[3.5,10.5,4.5,12],"texture":"#0"},"east":{"uv":[4.5,10.5,5.5,12],"texture":"#0"},"south":{"uv":[5.5,10.5,6.5,12],"texture":"#0"},"west":{"uv":[6.5,10.5,7.5,12],"texture":"#0"},"up":{"uv":[3,12.5,2,11.5],"texture":"#0"},"down":{"uv":[8.5,11.5,7.5,12.5],"texture":"#0"}}}],"gui_light":"front"}