{"display":{"thirdperson_righthand":{"rotation":[0,90,0],"translation":[0,-2.25,2],"scale":[0.8,0.8,0.8]},"thirdperson_lefthand":{"rotation":[0,90,0],"translation":[0,-2.25,2],"scale":[0.8,0.8,0.8]},"firstperson_righthand":{"rotation":[0,90,0],"translation":[0,-0.25,2],"scale":[0.4,0.4,0.4]},"firstperson_lefthand":{"rotation":[0,90,0],"translation":[0,-0.25,2],"scale":[0.4,0.4,0.4]},"ground":{"scale":[0.4,0.4,0.4]},"gui":{"rotation":[7,-26,0],"translation":[0,-5.25,0],"scale":[0.6,0.6,0.6]},"head":{"scale":[1.6,1.6,1.6]},"fixed":{"translation":[0,-6,-2]}},"texture_size":[64,64],"textures":{"0":"crates/christmas21_crate/reindeer_pickaxe","particle":"crates/christmas21_crate/reindeer_pickaxe"},"elements":[{"from":[13.25,19.5,7.5],"to":[17.25,20.5,8.5],"rotation":{"angle":0,"axis":"y","origin":[20,20,8.25]},"faces":{"north":{"uv":[6.25,4.75,7.25,5],"texture":"#0"},"east":{"uv":[5.5,3.75,5.75,4],"texture":"#0"},"south":{"uv":[6.5,3.5,7.5,3.75],"texture":"#0"},"west":{"uv":[2.75,5.75,3,6],"texture":"#0"},"up":{"uv":[4.25,7,3.25,6.75],"texture":"#0"},"down":{"uv":[7.75,5,6.75,5.25],"texture":"#0"}}},{"from":[-1.25,19.5,7.5],"to":[2.75,20.5,8.5],"rotation":{"angle":0,"axis":"y","origin":[-4,20,8.25]},"faces":{"north":{"uv":[7.25,4.75,6.25,5],"texture":"#0"},"east":{"uv":[3,5.75,2.75,6],"texture":"#0"},"south":{"uv":[7.5,3.5,6.5,3.75],"texture":"#0"},"west":{"uv":[5.75,3.75,5.5,4],"texture":"#0"},"up":{"uv":[3.25,7,4.25,6.75],"texture":"#0"},"down":{"uv":[6.75,5,7.75,5.25],"texture":"#0"}}},{"from":[8,19,7],"to":[10,24,9],"rotation":{"angle":-22.5,"axis":"z","origin":[9,20,8]},"faces":{"north":{"uv":[1.5,5.75,2,7],"texture":"#0"},"east":{"uv":[5.75,3.75,6.25,5],"texture":"#0"},"south":{"uv":[5,5.75,5.5,7],"texture":"#0"},"west":{"uv":[5.5,5.75,6,7],"texture":"#0"},"up":{"uv":[2,7.5,1.5,7],"texture":"#0"},"down":{"uv":[3.75,7,3.25,7.5],"texture":"#0"}}},{"from":[9,19,7],"to":[15,21,9],"rotation":{"angle":-45,"axis":"x","origin":[13,20,8]},"faces":{"north":{"uv":[1.5,4,3,4.5],"texture":"#0"},"east":{"uv":[3.75,7,4.25,7.5],"texture":"#0"},"south":{"uv":[3,4,4.5,4.5],"texture":"#0"},"west":{"uv":[4.75,7,5.25,7.5],"texture":"#0"},"up":{"uv":[5.5,3.5,4,3],"texture":"#0"},"down":{"uv":[5.5,3.5,4,4],"texture":"#0"}}},{"from":[-2.55,7.45,7.2],"to":[1.05,9.05,8.8],"rotation":{"angle":-45,"axis":"z","origin":[20,-6,8.25]},"faces":{"north":{"uv":[6,5.75,7,6.25],"texture":"#0"},"east":{"uv":[5.25,7,5.75,7.5],"texture":"#0"},"south":{"uv":[6.25,3.75,7.25,4.25],"texture":"#0"},"west":{"uv":[5.75,7,6.25,7.5],"texture":"#0"},"up":{"uv":[7.25,4.75,6.25,4.25],"texture":"#0"},"down":{"uv":[7,6.25,6,6.75],"texture":"#0"}}},{"from":[10.2,24.45,6.7],"to":[11.8,30.05,8.3],"rotation":{"angle":-22.5,"axis":"z","origin":[7.5,19.75,7.5]},"faces":{"north":{"uv":[3,4.5,3.5,6],"texture":"#0"},"east":{"uv":[3.5,4.5,4,6],"texture":"#0"},"south":{"uv":[4,4.5,4.5,6],"texture":"#0"},"west":{"uv":[4.5,4,5,5.5],"texture":"#0"},"up":{"uv":[0.5,7.75,0,7.25],"texture":"#0"},"down":{"uv":[1,7.25,0.5,7.75],"texture":"#0"}}},{"from":[17.5,20,7],"to":[18.5,23,8],"rotation":{"angle":45,"axis":"z","origin":[7.5,19.75,7.5]},"faces":{"north":{"uv":[4.25,7.25,4.5,8],"texture":"#0"},"east":{"uv":[4.5,7.25,4.75,8],"texture":"#0"},"south":{"uv":[7.25,6.75,7.5,7.5],"texture":"#0"},"west":{"uv":[1,7.5,1.25,8.25],"texture":"#0"},"up":{"uv":[1.5,7.75,1.25,7.5],"texture":"#0"},"down":{"uv":[1.75,7.5,1.5,7.75],"texture":"#0"}}},{"from":[9.6,21.6,6.35],"to":[13.4,24.4,9.15],"rotation":{"angle":22.5,"axis":"x","origin":[12,23,8]},"faces":{"north":{"uv":[0,5,1,5.75],"texture":"#0"},"east":{"uv":[6,1.5,6.75,2.25],"texture":"#0"},"south":{"uv":[5,0,6,0.75],"texture":"#0"},"west":{"uv":[2,6,2.75,6.75],"texture":"#0"},"up":{"uv":[6,1.5,5,0.75],"texture":"#0"},"down":{"uv":[2,5,1,5.75],"texture":"#0"}}},{"from":[2.6,21.6,6.35],"to":[6.4,24.4,9.15],"rotation":{"angle":22.5,"axis":"x","origin":[4,23,8]},"faces":{"north":{"uv":[1,5,0,5.75],"texture":"#0"},"east":{"uv":[2.75,6,2,6.75],"texture":"#0"},"south":{"uv":[6,0,5,0.75],"texture":"#0"},"west":{"uv":[6.75,1.5,6,2.25],"texture":"#0"},"up":{"uv":[5,1.5,6,0.75],"texture":"#0"},"down":{"uv":[1,5,2,5.75],"texture":"#0"}}},{"from":[4.2,24.45,6.7],"to":[5.8,30.05,8.3],"rotation":{"angle":22.5,"axis":"z","origin":[8.5,19.75,7.5]},"faces":{"north":{"uv":[3.5,4.5,3,6],"texture":"#0"},"east":{"uv":[5,4,4.5,5.5],"texture":"#0"},"south":{"uv":[4.5,4.5,4,6],"texture":"#0"},"west":{"uv":[4,4.5,3.5,6],"texture":"#0"},"up":{"uv":[0,7.75,0.5,7.25],"texture":"#0"},"down":{"uv":[0.5,7.25,1,7.75],"texture":"#0"}}},{"from":[6,19,7],"to":[8,24,9],"rotation":{"angle":22.5,"axis":"z","origin":[7,20,8]},"faces":{"north":{"uv":[2,5.75,1.5,7],"texture":"#0"},"east":{"uv":[6,5.75,5.5,7],"texture":"#0"},"south":{"uv":[5.5,5.75,5,7],"texture":"#0"},"west":{"uv":[6.25,3.75,5.75,5],"texture":"#0"},"up":{"uv":[1.5,7.5,2,7],"texture":"#0"},"down":{"uv":[3.25,7,3.75,7.5],"texture":"#0"}}},{"from":[14.95,7.45,7.2],"to":[18.55,9.05,8.8],"rotation":{"angle":45,"axis":"z","origin":[-4,-6,8.25]},"faces":{"north":{"uv":[7,5.75,6,6.25],"texture":"#0"},"east":{"uv":[6.25,7,5.75,7.5],"texture":"#0"},"south":{"uv":[7.25,3.75,6.25,4.25],"texture":"#0"},"west":{"uv":[5.75,7,5.25,7.5],"texture":"#0"},"up":{"uv":[6.25,4.75,7.25,4.25],"texture":"#0"},"down":{"uv":[6,6.25,7,6.75],"texture":"#0"}}},{"from":[1,19,7],"to":[7,21,9],"rotation":{"angle":-45,"axis":"x","origin":[3,20,8]},"faces":{"north":{"uv":[3,4,1.5,4.5],"texture":"#0"},"east":{"uv":[5.25,7,4.75,7.5],"texture":"#0"},"south":{"uv":[4.5,4,3,4.5],"texture":"#0"},"west":{"uv":[4.25,7,3.75,7.5],"texture":"#0"},"up":{"uv":[4,3.5,5.5,3],"texture":"#0"},"down":{"uv":[4,3.5,5.5,4],"texture":"#0"}}},{"from":[-2.5,20,7],"to":[-1.5,23,8],"rotation":{"angle":-45,"axis":"z","origin":[8.5,19.75,7.5]},"faces":{"north":{"uv":[4.5,7.25,4.25,8],"texture":"#0"},"east":{"uv":[1.25,7.5,1,8.25],"texture":"#0"},"south":{"uv":[7.5,6.75,7.25,7.5],"texture":"#0"},"west":{"uv":[4.75,7.25,4.5,8],"texture":"#0"},"up":{"uv":[1.25,7.75,1.5,7.5],"texture":"#0"},"down":{"uv":[1.5,7.5,1.75,7.75],"texture":"#0"}}},{"from":[6,18,6.5],"to":[10,22,9.5],"rotation":{"angle":45,"axis":"z","origin":[8,20,8]},"faces":{"north":{"uv":[2,3,3,4],"texture":"#0"},"east":{"uv":[2,5,2.75,6],"texture":"#0"},"south":{"uv":[3,3,4,4],"texture":"#0"},"west":{"uv":[5,4,5.75,5],"texture":"#0"},"up":{"uv":[6,5.75,5,5],"texture":"#0"},"down":{"uv":[6.5,3,5.5,3.75],"texture":"#0"}}},{"from":[6.5,9,6.5],"to":[9.5,15,9.5],"rotation":{"angle":45,"axis":"y","origin":[8,17.5,8]},"faces":{"north":{"uv":[2,0,2.75,1.5],"texture":"#0"},"east":{"uv":[2,1.5,2.75,3],"texture":"#0"},"south":{"uv":[2.75,0,3.5,1.5],"texture":"#0"},"west":{"uv":[2.75,1.5,3.5,3],"texture":"#0"},"up":{"uv":[6.75,3,6,2.25],"texture":"#0"},"down":{"uv":[3.5,6,2.75,6.75],"texture":"#0"}}},{"from":[6.5,4,6.5],"to":[9.5,6,9.5],"rotation":{"angle":45,"axis":"y","origin":[8,17.5,8]},"faces":{"north":{"uv":[6.75,1.5,7.5,2],"texture":"#0"},"east":{"uv":[2,6.75,2.75,7.25],"texture":"#0"},"south":{"uv":[6.75,2,7.5,2.5],"texture":"#0"},"west":{"uv":[6.75,2.5,7.5,3],"texture":"#0"},"up":{"uv":[4.25,6.75,3.5,6],"texture":"#0"},"down":{"uv":[6.75,5,6,5.75],"texture":"#0"}}},{"from":[7,5,7],"to":[9,19,9],"rotation":{"angle":45,"axis":"y","origin":[8,17.5,8]},"faces":{"north":{"uv":[0,0,0.5,3.5],"texture":"#0"},"east":{"uv":[0.5,0,1,3.5],"texture":"#0"},"south":{"uv":[1,0,1.5,3.5],"texture":"#0"},"west":{"uv":[1.5,0,2,3.5],"texture":"#0"},"up":{"uv":[2.5,7.75,2,7.25],"texture":"#0"},"down":{"uv":[3,7.25,2.5,7.75],"texture":"#0"}}}],"gui_light":"front"}