{"display":{"thirdperson_righthand":{"translation":[0,9.75,1.5],"scale":[0.65,0.65,0.65]},"thirdperson_lefthand":{"translation":[0,9.75,1.5],"scale":[0.65,0.65,0.65]},"firstperson_righthand":{"rotation":[-47.5,0,0],"translation":[-3,6.75,0.25],"scale":[0.4,0.4,0.4]},"firstperson_lefthand":{"rotation":[-47.5,0,0],"translation":[-3,6.75,0.25],"scale":[0.4,0.4,0.4]},"ground":{"rotation":[-62,0,0],"scale":[0.2,0.2,0.2]},"gui":{"rotation":[125,157,43],"translation":[0.75,0.75,0],"scale":[-0.4,-0.4,0.4]},"head":{"rotation":[-68,0,0],"translation":[0,5.5,-11]},"fixed":{"rotation":[90,-135,90],"translation":[-1.5,0.25,-0.75],"scale":[0.45,0.45,0.45]}},"ambientocclusion":false,"texture_size":[128,128],"textures":{"0":"crates/christmas21_crate/xmas_fishingrod","particle":"crates/christmas21_crate/xmas_fishingrod"},"elements":[{"from":[7,-15,7],"to":[9,7,9],"faces":{"north":{"uv":[2.75,4.25,3,7],"texture":"#0"},"east":{"uv":[3.125,4.25,3.375,7],"texture":"#0"},"south":{"uv":[3.5,4.25,3.75,7],"texture":"#0"},"west":{"uv":[3.875,4.25,4.125,7],"texture":"#0"},"up":{"uv":[7,6.875,6.75,6.625],"texture":"#0"},"down":{"uv":[7.125,0,6.875,0.25],"texture":"#0"}}},{"from":[5,19,-8],"to":[11,25,-2],"rotation":{"angle":-22.5,"axis":"x","origin":[8,14,-5]},"faces":{"north":{"uv":[4.25,4.25,5,5],"texture":"#0"},"east":{"uv":[4.25,5.125,5,5.875],"texture":"#0"},"south":{"uv":[5.125,4.25,5.875,5],"texture":"#0"},"west":{"uv":[5.125,5.125,5.875,5.875],"texture":"#0"},"up":{"uv":[6.75,0.75,6,0],"texture":"#0"},"down":{"uv":[6.75,0.875,6,1.625],"texture":"#0"}}},{"from":[3,22,-14],"to":[13,22,3],"rotation":{"angle":-22.5,"axis":"x","origin":[8,14,-5]},"faces":{"north":{"uv":[7.125,6.875,8.375,6.875],"texture":"#0"},"east":{"uv":[7.25,5.75,9.375,5.75],"texture":"#0"},"south":{"uv":[6.375,7.25,7.625,7.25],"texture":"#0"},"west":{"uv":[7.375,1.5,9.5,1.5],"texture":"#0"},"up":{"uv":[1.25,6.375,0,4.25],"texture":"#0"},"down":{"uv":[2.625,4.25,1.375,6.375],"texture":"#0"}}},{"from":[8,-3,-15],"to":[8,30,8],"faces":{"north":{"uv":[6,7.25,6,11.375],"texture":"#0"},"east":{"uv":[0,0,2.875,4.125],"texture":"#0"},"south":{"uv":[6.125,7.25,6.125,11.375],"texture":"#0"},"west":{"uv":[3,0,5.875,4.125],"texture":"#0"},"up":{"uv":[7.25,5.625,7.25,2.75],"texture":"#0"},"down":{"uv":[6.25,7.25,6.25,10.125],"texture":"#0"}}},{"from":[7.5,7,7.5],"to":[8.5,29,8.5],"faces":{"north":{"uv":[6,3.25,6.125,6],"texture":"#0"},"east":{"uv":[4.25,6,4.375,8.75],"texture":"#0"},"south":{"uv":[4.5,6,4.625,8.75],"texture":"#0"},"west":{"uv":[4.75,6,4.875,8.75],"texture":"#0"},"up":{"uv":[5.875,7.25,5.75,7.125],"texture":"#0"},"down":{"uv":[2,7.25,1.875,7.375],"texture":"#0"}}},{"from":[4.5,-5,3.5],"to":[7.5,-1,7.5],"rotation":{"angle":45,"axis":"x","origin":[6,-3,5.5]},"faces":{"north":{"uv":[6.25,3.25,6.625,3.75],"texture":"#0"},"east":{"uv":[5,6,5.5,6.5],"texture":"#0"},"south":{"uv":[6.25,3.875,6.625,4.375],"texture":"#0"},"west":{"uv":[5.625,6.125,6.125,6.625],"texture":"#0"},"up":{"uv":[6.625,5,6.25,4.5],"texture":"#0"},"down":{"uv":[6.625,5.125,6.25,5.625],"texture":"#0"}}},{"from":[3.5,-6.5,5],"to":[4.5,-2.5,6],"rotation":{"angle":45,"axis":"x","origin":[6,-3,5.5]},"faces":{"north":{"uv":[2.5,6.5,2.625,7],"texture":"#0"},"east":{"uv":[1.125,7,1.25,7.5],"texture":"#0"},"south":{"uv":[1.375,7,1.5,7.5],"texture":"#0"},"west":{"uv":[1.625,7,1.75,7.5],"texture":"#0"},"up":{"uv":[7.375,2.125,7.25,2],"texture":"#0"},"down":{"uv":[2.25,7.25,2.125,7.375],"texture":"#0"}}},{"from":[1.5,-6.5,5],"to":[3.5,-5.5,6],"rotation":{"angle":45,"axis":"x","origin":[6,-3,5.5]},"faces":{"north":{"uv":[7.25,0.75,7.5,0.875],"texture":"#0"},"east":{"uv":[7.25,2.25,7.375,2.375],"texture":"#0"},"south":{"uv":[7.25,1,7.5,1.125],"texture":"#0"},"west":{"uv":[7.25,2.5,7.375,2.625],"texture":"#0"},"up":{"uv":[7.5,1.375,7.25,1.25],"texture":"#0"},"down":{"uv":[7.5,1.75,7.25,1.875],"texture":"#0"}}},{"from":[6.5,1,6.5],"to":[9.5,2,9.5],"faces":{"north":{"uv":[6.875,1.5,7.25,1.625],"texture":"#0"},"east":{"uv":[1.875,7,2.25,7.125],"texture":"#0"},"south":{"uv":[6,7,6.375,7.125],"texture":"#0"},"west":{"uv":[6.5,7,6.875,7.125],"texture":"#0"},"up":{"uv":[2.375,6.875,2,6.5],"texture":"#0"},"down":{"uv":[5.375,6.625,5,7],"texture":"#0"}}},{"from":[7,7.8,7],"to":[9,8.8,9],"faces":{"north":{"uv":[3.5,7.125,3.75,7.25],"texture":"#0"},"east":{"uv":[3.875,7.125,4.125,7.25],"texture":"#0"},"south":{"uv":[5,7.125,5.25,7.25],"texture":"#0"},"west":{"uv":[5.375,7.125,5.625,7.25],"texture":"#0"},"up":{"uv":[7.125,1.375,6.875,1.125],"texture":"#0"},"down":{"uv":[0.25,7,0,7.25],"texture":"#0"}}},{"from":[7,15.05,7],"to":[9,16.05,9],"faces":{"north":{"uv":[3.5,7.125,3.75,7.25],"texture":"#0"},"east":{"uv":[3.875,7.125,4.125,7.25],"texture":"#0"},"south":{"uv":[5,7.125,5.25,7.25],"texture":"#0"},"west":{"uv":[5.375,7.125,5.625,7.25],"texture":"#0"},"up":{"uv":[7.125,1.375,6.875,1.125],"texture":"#0"},"down":{"uv":[0.25,7,0,7.25],"texture":"#0"}}},{"from":[7,22.8,7],"to":[9,23.8,9],"faces":{"north":{"uv":[3.5,7.125,3.75,7.25],"texture":"#0"},"east":{"uv":[3.875,7.125,4.125,7.25],"texture":"#0"},"south":{"uv":[5,7.125,5.25,7.25],"texture":"#0"},"west":{"uv":[5.375,7.125,5.625,7.25],"texture":"#0"},"up":{"uv":[7.125,1.375,6.875,1.125],"texture":"#0"},"down":{"uv":[0.25,7,0,7.25],"texture":"#0"}}},{"from":[5.5,-6,5.5],"to":[10.5,-5,10.5],"faces":{"north":{"uv":[6.75,5.875,7.375,6],"texture":"#0"},"east":{"uv":[6,6.75,6.625,6.875],"texture":"#0"},"south":{"uv":[6.75,6.125,7.375,6.25],"texture":"#0"},"west":{"uv":[6.75,6.375,7.375,6.5],"texture":"#0"},"up":{"uv":[6.625,2.375,6,1.75],"texture":"#0"},"down":{"uv":[6.625,2.5,6,3.125],"texture":"#0"}}},{"from":[6.5,-12,6.5],"to":[9.5,-10,9.5],"faces":{"north":{"uv":[6.75,3.25,7.125,3.5],"texture":"#0"},"east":{"uv":[6.75,3.625,7.125,3.875],"texture":"#0"},"south":{"uv":[6.75,4,7.125,4.25],"texture":"#0"},"west":{"uv":[6.75,4.375,7.125,4.625],"texture":"#0"},"up":{"uv":[0.375,6.875,0,6.5],"texture":"#0"},"down":{"uv":[0.875,6.5,0.5,6.875],"texture":"#0"}}},{"from":[6.5,-8,6.5],"to":[9.5,-6,9.5],"faces":{"north":{"uv":[6.75,3.25,7.125,3.5],"texture":"#0"},"east":{"uv":[6.75,3.625,7.125,3.875],"texture":"#0"},"south":{"uv":[6.75,4,7.125,4.25],"texture":"#0"},"west":{"uv":[6.75,4.375,7.125,4.625],"texture":"#0"},"up":{"uv":[0.375,6.875,0,6.5],"texture":"#0"},"down":{"uv":[0.875,6.5,0.5,6.875],"texture":"#0"}}},{"from":[6.5,-16,6.5],"to":[9.5,-14,9.5],"faces":{"north":{"uv":[6.75,4.75,7.125,5],"texture":"#0"},"east":{"uv":[6.75,5.125,7.125,5.375],"texture":"#0"},"south":{"uv":[5.5,6.75,5.875,7],"texture":"#0"},"west":{"uv":[6.75,5.5,7.125,5.75],"texture":"#0"},"up":{"uv":[1.375,6.875,1,6.5],"texture":"#0"},"down":{"uv":[1.875,6.5,1.5,6.875],"texture":"#0"}}}],"gui_light":"front"}