{"display":{"thirdperson_righthand":{"rotation":[90,0,0],"translation":[0,-2,4],"scale":[0.76,0.76,0.76]},"thirdperson_lefthand":{"rotation":[90,0,0],"translation":[0,-2,4],"scale":[0.76,0.76,0.76]},"firstperson_righthand":{"rotation":[125,0,0],"translation":[0,-1,0],"scale":[0.7,0.7,0.7]},"firstperson_lefthand":{"rotation":[125,0,0],"translation":[0,-1,0],"scale":[0.7,0.7,0.7]},"ground":{"rotation":[45,0,0],"scale":[0.3,0.3,0.3]},"gui":{"rotation":[-38,152,30],"translation":[0,-1,0],"scale":[0.9,0.9,0.9]},"head":{"rotation":[-180,-180,0],"translation":[0,14.25,0]},"fixed":{"rotation":[0,0,45],"translation":[0,0,-1.25]}},"ambientocclusion":false,"texture_size":[64,64],"textures":{"0":"crates/christmas21_crate/xmas_gloves","particle":"crates/christmas21_crate/xmas_gloves"},"elements":[{"from":[5,2,5],"to":[11,13,11],"faces":{"north":{"uv":[0,0,1.5,2.75],"texture":"#0"},"east":{"uv":[1.75,0,3.25,2.75],"texture":"#0"},"south":{"uv":[0,3,1.5,5.75],"texture":"#0"},"west":{"uv":[1.75,3,3.25,5.75],"texture":"#0"},"up":{"uv":[7,3.5,5.5,2],"texture":"#0"},"down":{"uv":[7,3.75,5.5,5.25],"texture":"#0"}}},{"from":[4.5,13,4.5],"to":[11.5,16,11.5],"faces":{"north":{"uv":[5.5,5.5,7.25,6.25],"texture":"#0"},"east":{"uv":[0,6,1.75,6.75],"texture":"#0"},"south":{"uv":[2,6,3.75,6.75],"texture":"#0"},"west":{"uv":[4,6.5,5.75,7.25],"texture":"#0"},"up":{"uv":[5.25,1.75,3.5,0],"texture":"#0"},"down":{"uv":[5.25,2,3.5,3.75],"texture":"#0"}}},{"from":[4.5,5,4.5],"to":[11.5,7,11.5],"faces":{"north":{"uv":[6,6.5,7.75,7],"texture":"#0"},"east":{"uv":[0,7,1.75,7.5],"texture":"#0"},"south":{"uv":[2,7,3.75,7.5],"texture":"#0"},"west":{"uv":[7.25,2,9,2.5],"texture":"#0"},"up":{"uv":[5.25,5.75,3.5,4],"texture":"#0"},"down":{"uv":[7.25,0,5.5,1.75],"texture":"#0"}}},{"from":[7.5,4.5,4],"to":[10.5,7.5,5],"faces":{"north":{"uv":[7.25,2.75,8,3.5],"texture":"#0"},"east":{"uv":[7,7.25,7.25,8],"texture":"#0"},"south":{"uv":[7.25,3.75,8,4.5],"texture":"#0"},"west":{"uv":[7.5,0,7.75,0.75],"texture":"#0"},"up":{"uv":[4.75,6.25,4,6],"texture":"#0"},"down":{"uv":[8.25,1,7.5,1.25],"texture":"#0"}}},{"from":[10.5,5,4.475],"to":[13.5,7,4.5],"rotation":{"angle":22.5,"axis":"y","origin":[10.5,6,4.5]},"faces":{"north":{"uv":[7.25,4.75,8,5.25],"texture":"#0"},"east":{"uv":[4,7.5,4,8],"texture":"#0"},"south":{"uv":[6,7.25,6.75,7.75],"texture":"#0"},"west":{"uv":[4.25,7.5,4.25,8],"texture":"#0"},"up":{"uv":[8.25,1.5,7.5,1.5],"texture":"#0"},"down":{"uv":[8.25,1.75,7.5,1.75],"texture":"#0"}}}],"gui_light":"front"}