{"credit":"Copyright ManaLabs Inc","texture_size":[128,128],"textures":{"6":"manalabs:crates/christmas22_crate/frozen_multitool_anim","particle":"manalabs:crates/christmas22_crate/frozen_multitool_anim"},"elements":[{"from":[7.1,10.1,6.80711],"to":[9.9,13.9,9.60711],"rotation":{"angle":0,"axis":"y","origin":[8,-9,8.70711]},"faces":{"north":{"uv":[1,7,1.375,7.5],"texture":"#6"},"east":{"uv":[7,4.375,7.375,4.875],"texture":"#6"},"south":{"uv":[7,4.875,7.375,5.375],"texture":"#6"},"west":{"uv":[7,5.375,7.375,5.875],"texture":"#6"},"up":{"uv":[7.75,6.625,7.375,6.25],"texture":"#6"},"down":{"uv":[7,7.375,6.625,7.75],"texture":"#6"}}},{"from":[7.1,-6.9,6.80711],"to":[9.9,-3.1,9.60711],"rotation":{"angle":0,"axis":"y","origin":[8,23,8.70711]},"faces":{"north":{"uv":[7,5.875,7.375,6.375],"texture":"#6"},"east":{"uv":[7,6.375,7.375,6.875],"texture":"#6"},"south":{"uv":[7.125,1.75,7.5,2.25],"texture":"#6"},"west":{"uv":[7.125,2.25,7.5,2.75],"texture":"#6"},"up":{"uv":[7.75,7,7.375,6.625],"texture":"#6"},"down":{"uv":[7.375,7.375,7,7.75],"texture":"#6"}}},{"from":[7,-3,7],"to":[9,13,9],"rotation":{"angle":0,"axis":"y","origin":[8,-7,8]},"faces":{"north":{"uv":[4.375,0,4.625,2],"texture":"#6"},"east":{"uv":[1.25,4.375,1.5,6.375],"texture":"#6"},"south":{"uv":[1.5,4.375,1.75,6.375],"texture":"#6"},"west":{"uv":[1.75,4.375,2,6.375],"texture":"#6"},"up":{"uv":[8.25,5.75,8,5.5],"texture":"#6"},"down":{"uv":[8.25,5.75,8,6],"texture":"#6"}}},{"from":[6,-9,6],"to":[10,-5,10],"rotation":{"angle":0,"axis":"y","origin":[8,-8,8]},"faces":{"north":{"uv":[6.125,4.125,6.625,4.625],"texture":"#6"},"east":{"uv":[4.625,6.125,5.125,6.625],"texture":"#6"},"south":{"uv":[6.125,4.625,6.625,5.125],"texture":"#6"},"west":{"uv":[6.125,5.125,6.625,5.625],"texture":"#6"},"up":{"uv":[6.625,6.125,6.125,5.625],"texture":"#6"},"down":{"uv":[6.625,6.125,6.125,6.625],"texture":"#6"}}},{"from":[6,12,6],"to":[10,16,10],"rotation":{"angle":0,"axis":"y","origin":[8,-9,8]},"faces":{"north":{"uv":[0,6.25,0.5,6.75],"texture":"#6"},"east":{"uv":[6.25,0,6.75,0.5],"texture":"#6"},"south":{"uv":[6.25,1,6.75,1.5],"texture":"#6"},"west":{"uv":[6.25,1.5,6.75,2],"texture":"#6"},"up":{"uv":[6.75,2.5,6.25,2],"texture":"#6"},"down":{"uv":[6.75,2.5,6.25,3],"texture":"#6"}}},{"from":[7.5,15,4],"to":[8.5,23,12],"rotation":{"angle":0,"axis":"y","origin":[8,-9,8]},"faces":{"north":{"uv":[1.25,7.5,1.375,8.5],"texture":"#6"},"east":{"uv":[1.25,0,2.25,1],"texture":"#6"},"south":{"uv":[3.5,7.5,3.625,8.5],"texture":"#6"},"west":{"uv":[1.25,1,2.25,2],"texture":"#6"},"up":{"uv":[5.5,8.5,5.375,7.5],"texture":"#6"},"down":{"uv":[3.75,7.625,3.625,8.625],"texture":"#6"}}},{"from":[7.5,23,6],"to":[8.5,25,10],"rotation":{"angle":0,"axis":"y","origin":[8,-9,7]},"faces":{"north":{"uv":[2.875,6.5,3,6.75],"texture":"#6"},"east":{"uv":[7.5,2.75,8,3],"texture":"#6"},"south":{"uv":[5.75,6.75,5.875,7],"texture":"#6"},"west":{"uv":[7.625,7.375,8.125,7.625],"texture":"#6"},"up":{"uv":[4.75,8.5,4.625,8],"texture":"#6"},"down":{"uv":[7.125,8,7,8.5],"texture":"#6"}}},{"from":[7.51,14.7973,27.25264],"to":[8.49,16.7773,30.23264],"rotation":{"angle":-45,"axis":"x","origin":[8,-8.2127,8.24264]},"faces":{"north":{"uv":[8.125,1,8.25,1.25],"texture":"#6"},"east":{"uv":[7.75,6.625,8.125,6.875],"texture":"#6"},"south":{"uv":[8.125,1.25,8.25,1.5],"texture":"#6"},"west":{"uv":[6.75,7.75,7.125,8],"texture":"#6"},"up":{"uv":[4.5,2.375,4.375,2],"texture":"#6"},"down":{"uv":[3.75,4.5,3.625,4.875],"texture":"#6"}}},{"from":[7.51,14.7973,-14.23264],"to":[8.49,16.7773,-11.25264],"rotation":{"angle":45,"axis":"x","origin":[8,-8.2127,7.75736]},"faces":{"north":{"uv":[1.375,8.125,1.5,8.375],"texture":"#6"},"east":{"uv":[7.75,6.875,8.125,7.125],"texture":"#6"},"south":{"uv":[1.5,8.125,1.625,8.375],"texture":"#6"},"west":{"uv":[7.75,7.125,8.125,7.375],"texture":"#6"},"up":{"uv":[4.625,4.375,4.5,4],"texture":"#6"},"down":{"uv":[5.875,3.625,5.75,4],"texture":"#6"}}},{"from":[5,15,5.41421],"to":[11,17,7.41421],"rotation":{"angle":-45,"axis":"x","origin":[8,17,9.41421]},"faces":{"north":{"uv":[7,0.5,7.75,0.75],"texture":"#6"},"east":{"uv":[8,6,8.25,6.25],"texture":"#6"},"south":{"uv":[7.125,3.5,7.875,3.75],"texture":"#6"},"west":{"uv":[8,6.25,8.25,6.5],"texture":"#6"},"up":{"uv":[7.875,4,7.125,3.75],"texture":"#6"},"down":{"uv":[6.5,7.125,5.75,7.375],"texture":"#6"}}},{"from":[7,-12,7],"to":[9,-9,9],"rotation":{"angle":0,"axis":"y","origin":[8,-10.5,8]},"faces":{"north":{"uv":[6,7.75,6.25,8.125],"texture":"#6"},"east":{"uv":[6.25,7.75,6.5,8.125],"texture":"#6"},"south":{"uv":[7.75,6.25,8,6.625],"texture":"#6"},"west":{"uv":[6.5,7.75,6.75,8.125],"texture":"#6"},"up":{"uv":[7,8.25,6.75,8],"texture":"#6"},"down":{"uv":[8.375,0.75,8.125,1],"texture":"#6"}}},{"from":[8,-15,6.5],"to":[8,-7,9.5],"rotation":{"angle":0,"axis":"y","origin":[8,26.5,8]},"faces":{"north":{"uv":[0,0,0,1],"texture":"#6"},"east":{"uv":[5,0.5,5.375,1.5],"texture":"#6"},"south":{"uv":[0,0,0,1],"texture":"#6"},"west":{"uv":[2,5,2.375,6],"texture":"#6"},"up":{"uv":[0,0.375,0,0],"texture":"#6"},"down":{"uv":[0,0,0,0.375],"texture":"#6"}}},{"from":[7.1,13.1,6.80711],"to":[9.9,16.9,9.60711],"rotation":{"angle":0,"axis":"y","origin":[8,-6,8.70711]},"faces":{"north":{"uv":[6.75,1.75,7.125,2.25],"texture":"#6"},"east":{"uv":[6.75,2.25,7.125,2.75],"texture":"#6"},"south":{"uv":[6.75,3.5,7.125,4],"texture":"#6"},"west":{"uv":[5,6.75,5.375,7.25],"texture":"#6"},"up":{"uv":[7.75,5.875,7.375,5.5],"texture":"#6"},"down":{"uv":[6.25,7.375,5.875,7.75],"texture":"#6"}}},{"from":[7.1,-5.9,6.80711],"to":[9.9,-2.1,9.60711],"rotation":{"angle":0,"axis":"y","origin":[8,24,8.70711]},"faces":{"north":{"uv":[5.375,6.75,5.75,7.25],"texture":"#6"},"east":{"uv":[1.875,6.875,2.25,7.375],"texture":"#6"},"south":{"uv":[2.25,6.875,2.625,7.375],"texture":"#6"},"west":{"uv":[2.625,6.875,3,7.375],"texture":"#6"},"up":{"uv":[7.75,6.25,7.375,5.875],"texture":"#6"},"down":{"uv":[6.625,7.375,6.25,7.75],"texture":"#6"}}},{"from":[7,18.5,9.70711],"to":[9,21.5,13.70711],"rotation":{"angle":0,"axis":"y","origin":[8,-5.5,8.70711]},"faces":{"north":{"uv":[7.75,4.75,8,5.125],"texture":"#6"},"east":{"uv":[3,6.875,3.5,7.25],"texture":"#6"},"south":{"uv":[7.75,5.125,8,5.5],"texture":"#6"},"west":{"uv":[3.5,6.875,4,7.25],"texture":"#6"},"up":{"uv":[1.25,8,1,7.5],"texture":"#6"},"down":{"uv":[7.75,1.25,7.5,1.75],"texture":"#6"}}},{"from":[7.5,16.5,12.29289],"to":[8.5,21.5,16.29289],"rotation":{"angle":22.5,"axis":"x","origin":[8,20,11.79289]},"faces":{"north":{"uv":[0.5,7.875,0.625,8.5],"texture":"#6"},"east":{"uv":[5.25,2.125,5.75,2.75],"texture":"#6"},"south":{"uv":[0.625,7.875,0.75,8.5],"texture":"#6"},"west":{"uv":[5.25,2.75,5.75,3.375],"texture":"#6"},"up":{"uv":[1.25,8.5,1.125,8],"texture":"#6"},"down":{"uv":[8.125,2.75,8,3.25],"texture":"#6"}}},{"from":[7.49,12.0032,11.05248],"to":[8.51,17.0232,15.07248],"rotation":{"angle":-22.5,"axis":"x","origin":[8,19.5132,-3.43752]},"faces":{"north":{"uv":[7.875,0.625,8,1.25],"texture":"#6"},"east":{"uv":[5.25,3.375,5.75,4],"texture":"#6"},"south":{"uv":[0.75,7.875,0.875,8.5],"texture":"#6"},"west":{"uv":[5.375,0.5,5.875,1.125],"texture":"#6"},"up":{"uv":[3.125,8.5,3,8],"texture":"#6"},"down":{"uv":[3.25,8,3.125,8.5],"texture":"#6"}}},{"from":[7,-2,7],"to":[9,14,9],"rotation":{"angle":0,"axis":"y","origin":[8,-6,8]},"faces":{"north":{"uv":[0.75,4,1,6],"texture":"#6"},"east":{"uv":[1,4,1.25,6],"texture":"#6"},"south":{"uv":[4,2.375,4.25,4.375],"texture":"#6"},"west":{"uv":[4.25,2.375,4.5,4.375],"texture":"#6"},"up":{"uv":[3.5,8.25,3.25,8],"texture":"#6"},"down":{"uv":[4,8,3.75,8.25],"texture":"#6"}}},{"from":[6,-8,6],"to":[10,-4,10],"rotation":{"angle":0,"axis":"y","origin":[8,-7,8]},"faces":{"north":{"uv":[3.25,5.875,3.75,6.375],"texture":"#6"},"east":{"uv":[5.875,3.625,6.375,4.125],"texture":"#6"},"south":{"uv":[3.75,5.875,4.25,6.375],"texture":"#6"},"west":{"uv":[0.5,6,1,6.5],"texture":"#6"},"up":{"uv":[2.5,6.5,2,6],"texture":"#6"},"down":{"uv":[3,6,2.5,6.5],"texture":"#6"}}},{"from":[6,15,6],"to":[10,24,10],"rotation":{"angle":0,"axis":"y","origin":[8,-6,8]},"faces":{"north":{"uv":[2.25,3.25,2.75,4.375],"texture":"#6"},"east":{"uv":[2.75,3.375,3.25,4.5],"texture":"#6"},"south":{"uv":[3.25,3.375,3.75,4.5],"texture":"#6"},"west":{"uv":[3.5,0,4,1.125],"texture":"#6"},"up":{"uv":[5.625,6.5,5.125,6],"texture":"#6"},"down":{"uv":[6.125,6,5.625,6.5],"texture":"#6"}}},{"from":[6.5,17.5,-1],"to":[9.5,22.5,6],"rotation":{"angle":0,"axis":"y","origin":[8.5,-6,8]},"faces":{"north":{"uv":[6.25,3,6.625,3.625],"texture":"#6"},"east":{"uv":[3.5,1.125,4.375,1.75],"texture":"#6"},"south":{"uv":[1,6.375,1.375,7],"texture":"#6"},"west":{"uv":[3.5,1.75,4.375,2.375],"texture":"#6"},"up":{"uv":[2.75,5.875,2.375,5],"texture":"#6"},"down":{"uv":[5.375,4,5,4.875],"texture":"#6"}}},{"from":[7,19.5,4],"to":[9,23.5,11],"rotation":{"angle":-22.5,"axis":"x","origin":[8,-6,8]},"faces":{"north":{"uv":[4.875,7.5,5.125,8],"texture":"#6"},"east":{"uv":[3.75,4.375,4.625,4.875],"texture":"#6"},"south":{"uv":[5.125,7.5,5.375,8],"texture":"#6"},"west":{"uv":[2,4.5,2.875,5],"texture":"#6"},"up":{"uv":[1.625,7.25,1.375,6.375],"texture":"#6"},"down":{"uv":[1.875,6.375,1.625,7.25],"texture":"#6"}}},{"from":[8,19.5,-2],"to":[8,23.5,4],"rotation":{"angle":-22.5,"axis":"x","origin":[8,-6,8]},"faces":{"north":{"uv":[0,0,0,0.5],"texture":"#6"},"east":{"uv":[3.625,4.875,4.375,5.375],"texture":"#6"},"south":{"uv":[0,0,0,0.5],"texture":"#6"},"west":{"uv":[5,0,5.75,0.5],"texture":"#6"},"up":{"uv":[0,0.75,0,0],"texture":"#6"},"down":{"uv":[0,0,0,0.75],"texture":"#6"}}},{"from":[5,19,7],"to":[11,21,9],"rotation":{"angle":-45,"axis":"x","origin":[8,20,8]},"faces":{"north":{"uv":[6.75,2.75,7.5,3],"texture":"#6"},"east":{"uv":[4.375,8,4.625,8.25],"texture":"#6"},"south":{"uv":[6.625,6.875,7.375,7.125],"texture":"#6"},"west":{"uv":[8,4.75,8.25,5],"texture":"#6"},"up":{"uv":[7.75,0.25,7,0],"texture":"#6"},"down":{"uv":[7.75,0.25,7,0.5],"texture":"#6"}}},{"from":[7,-11,7],"to":[9,-8,9],"rotation":{"angle":0,"axis":"y","origin":[8,-9.5,8]},"faces":{"north":{"uv":[5.5,7.75,5.75,8.125],"texture":"#6"},"east":{"uv":[7.75,5.5,8,5.875],"texture":"#6"},"south":{"uv":[5.75,7.75,6,8.125],"texture":"#6"},"west":{"uv":[7.75,5.875,8,6.25],"texture":"#6"},"up":{"uv":[5.125,8.25,4.875,8],"texture":"#6"},"down":{"uv":[8.25,5,8,5.25],"texture":"#6"}}},{"from":[7,23,7],"to":[9,27,9],"rotation":{"angle":0,"axis":"y","origin":[8,24.5,8]},"faces":{"north":{"uv":[7.5,1.75,7.75,2.25],"texture":"#6"},"east":{"uv":[7.5,2.25,7.75,2.75],"texture":"#6"},"south":{"uv":[3,7.5,3.25,8],"texture":"#6"},"west":{"uv":[3.25,7.5,3.5,8],"texture":"#6"},"up":{"uv":[5.375,8.25,5.125,8],"texture":"#6"},"down":{"uv":[8.25,5.25,8,5.5],"texture":"#6"}}},{"from":[8,24,6.5],"to":[8,32,9.5],"rotation":{"angle":0,"axis":"y","origin":[8,28.5,8]},"faces":{"north":{"uv":[0,0,0,1],"texture":"#6"},"east":{"uv":[4.625,1,5,2],"texture":"#6"},"south":{"uv":[0,0,0,1],"texture":"#6"},"west":{"uv":[4.625,4,5,5],"texture":"#6"},"up":{"uv":[0,0.375,0,0],"texture":"#6"},"down":{"uv":[0,0,0,0.375],"texture":"#6"}}},{"from":[8,-14.75,6.5],"to":[8,-6.75,9.5],"rotation":{"angle":0,"axis":"y","origin":[8,27.5,8]},"faces":{"north":{"uv":[0,0,0,1],"texture":"#6"},"east":{"uv":[4.875,2,5.25,3],"texture":"#6"},"south":{"uv":[0,0,0,1],"texture":"#6"},"west":{"uv":[4.875,3,5.25,4],"texture":"#6"},"up":{"uv":[0,0.375,0,0],"texture":"#6"},"down":{"uv":[0,0,0,0.375],"texture":"#6"}}},{"from":[7.1,-0.9,6.80711],"to":[9.9,1.9,9.60711],"rotation":{"angle":0,"axis":"y","origin":[8.25,6.39142,8]},"faces":{"north":{"uv":[2,7.375,2.375,7.75],"texture":"#6"},"east":{"uv":[2.375,7.375,2.75,7.75],"texture":"#6"},"south":{"uv":[7.375,3,7.75,3.375],"texture":"#6"},"west":{"uv":[7.375,4,7.75,4.375],"texture":"#6"},"up":{"uv":[7.75,4.75,7.375,4.375],"texture":"#6"},"down":{"uv":[7.75,4.75,7.375,5.125],"texture":"#6"}}},{"from":[7.1,-8.9,6.78431],"to":[9.9,-5.1,9.58431],"rotation":{"angle":0,"axis":"y","origin":[8.25,6.39142,8]},"faces":{"north":{"uv":[5.875,6.625,6.25,7.125],"texture":"#6"},"east":{"uv":[6.625,5.875,7,6.375],"texture":"#6"},"south":{"uv":[6.25,6.625,6.625,7.125],"texture":"#6"},"west":{"uv":[6.625,6.375,7,6.875],"texture":"#6"},"up":{"uv":[7.75,5.5,7.375,5.125],"texture":"#6"},"down":{"uv":[5.875,7.375,5.5,7.75],"texture":"#6"}}},{"from":[7.01,-5.99,7.01],"to":[8.99,-0.01,8.99],"rotation":{"angle":0,"axis":"y","origin":[8.25,6.39142,8]},"faces":{"north":{"uv":[0.75,6.5,1,7.25],"texture":"#6"},"east":{"uv":[0,6.75,0.25,7.5],"texture":"#6"},"south":{"uv":[6.75,0,7,0.75],"texture":"#6"},"west":{"uv":[0.25,6.75,0.5,7.5],"texture":"#6"},"up":{"uv":[7.625,8.125,7.375,7.875],"texture":"#6"},"down":{"uv":[8.125,7.625,7.875,7.875],"texture":"#6"}}},{"from":[6,-11,6],"to":[10,-7,10],"rotation":{"angle":0,"axis":"y","origin":[8.25,6.39142,8]},"faces":{"north":{"uv":[0,5.75,0.5,6.25],"texture":"#6"},"east":{"uv":[5.75,0,6.25,0.5],"texture":"#6"},"south":{"uv":[5.75,1.125,6.25,1.625],"texture":"#6"},"west":{"uv":[5.75,1.625,6.25,2.125],"texture":"#6"},"up":{"uv":[6.25,2.625,5.75,2.125],"texture":"#6"},"down":{"uv":[6.25,2.625,5.75,3.125],"texture":"#6"}}},{"from":[7.49,17.73967,-7.36825],"to":[8.51,21.75967,-3.34825],"rotation":{"angle":45,"axis":"x","origin":[8.25,6.39142,8]},"faces":{"north":{"uv":[2.875,7.875,3,8.375],"texture":"#6"},"east":{"uv":[5.75,3.125,6.25,3.625],"texture":"#6"},"south":{"uv":[4.25,7.875,4.375,8.375],"texture":"#6"},"west":{"uv":[5.875,0.5,6.375,1],"texture":"#6"},"up":{"uv":[8.125,1.25,8,0.75],"texture":"#6"},"down":{"uv":[1.125,8,1,8.5],"texture":"#6"}}},{"from":[7.5,2,5.5],"to":[8.5,25,10.5],"rotation":{"angle":0,"axis":"y","origin":[8.25,6.39142,8]},"faces":{"north":{"uv":[4.375,4.875,4.5,7.75],"texture":"#6"},"east":{"uv":[0,0,0.625,2.875],"texture":"#6"},"south":{"uv":[4.5,4.875,4.625,7.75],"texture":"#6"},"west":{"uv":[0.625,0,1.25,2.875],"texture":"#6"},"up":{"uv":[7.875,8.25,7.75,7.625],"texture":"#6"},"down":{"uv":[8,0,7.875,0.625],"texture":"#6"}}},{"from":[7,0.00409,5.68173],"to":[9,2.00409,10.68173],"rotation":{"angle":22.5,"axis":"x","origin":[8.25,6.39142,8]},"faces":{"north":{"uv":[8,0.25,8.25,0.5],"texture":"#6"},"east":{"uv":[6.5,7.125,7.125,7.375],"texture":"#6"},"south":{"uv":[8,0.5,8.25,0.75],"texture":"#6"},"west":{"uv":[7.125,7.125,7.75,7.375],"texture":"#6"},"up":{"uv":[4.875,7.75,4.625,7.125],"texture":"#6"},"down":{"uv":[0.75,7.25,0.5,7.875],"texture":"#6"}}},{"from":[7,0.00409,5.31827],"to":[9,2.00409,10.31827],"rotation":{"angle":-22.5,"axis":"x","origin":[8.25,6.39142,8]},"faces":{"north":{"uv":[8,2.25,8.25,2.5],"texture":"#6"},"east":{"uv":[3,7.25,3.625,7.5],"texture":"#6"},"south":{"uv":[8,2.5,8.25,2.75],"texture":"#6"},"west":{"uv":[4.875,7.25,5.5,7.5],"texture":"#6"},"up":{"uv":[1,7.875,0.75,7.25],"texture":"#6"},"down":{"uv":[1.625,7.25,1.375,7.875],"texture":"#6"}}},{"from":[5,1.56299,10.79619],"to":[11,3.56299,12.79619],"rotation":{"angle":45,"axis":"x","origin":[8.25,6.39142,8]},"faces":{"north":{"uv":[6.75,0.75,7.5,1],"texture":"#6"},"east":{"uv":[8,0,8.25,0.25],"texture":"#6"},"south":{"uv":[6.75,1,7.5,1.25],"texture":"#6"},"west":{"uv":[0.25,8,0.5,8.25],"texture":"#6"},"up":{"uv":[7.5,1.5,6.75,1.25],"texture":"#6"},"down":{"uv":[7.5,1.5,6.75,1.75],"texture":"#6"}}},{"from":[7,-14,6.97721],"to":[9,-11,8.97721],"rotation":{"angle":0,"axis":"y","origin":[8.25,6.39142,8]},"faces":{"north":{"uv":[2.125,7.75,2.375,8.125],"texture":"#6"},"east":{"uv":[7.75,2.25,8,2.625],"texture":"#6"},"south":{"uv":[2.375,7.75,2.625,8.125],"texture":"#6"},"west":{"uv":[7.75,3,8,3.375],"texture":"#6"},"up":{"uv":[8.125,8.125,7.875,7.875],"texture":"#6"},"down":{"uv":[0.25,8,0,8.25],"texture":"#6"}}},{"from":[8,-16,6.47721],"to":[8,-8,9.47721],"rotation":{"angle":0,"axis":"y","origin":[8.25,6.39142,8]},"faces":{"north":{"uv":[0,0,0,1],"texture":"#6"},"east":{"uv":[3.25,4.5,3.625,5.5],"texture":"#6"},"south":{"uv":[0,0,0,1],"texture":"#6"},"west":{"uv":[4.625,0,5,1],"texture":"#6"},"up":{"uv":[0,0.375,0,0],"texture":"#6"},"down":{"uv":[0,0,0,0.375],"texture":"#6"}}},{"from":[6.6,13.1,6.80711],"to":[9.4,16.9,9.60711],"rotation":{"angle":0,"axis":"y","origin":[8,-6,8.70711]},"faces":{"north":{"uv":[6.375,0.5,6.75,1],"texture":"#6"},"east":{"uv":[3.25,6.375,3.625,6.875],"texture":"#6"},"south":{"uv":[3.625,6.375,4,6.875],"texture":"#6"},"west":{"uv":[6.375,3.625,6.75,4.125],"texture":"#6"},"up":{"uv":[5.75,1.5,5.375,1.125],"texture":"#6"},"down":{"uv":[3.625,5.5,3.25,5.875],"texture":"#6"}}},{"from":[7.1,-5.9,6.80711],"to":[9.9,-2.1,9.60711],"rotation":{"angle":0,"axis":"y","origin":[8,24,8.70711]},"faces":{"north":{"uv":[6.625,4.375,7,4.875],"texture":"#6"},"east":{"uv":[4.625,6.625,5,7.125],"texture":"#6"},"south":{"uv":[6.625,4.875,7,5.375],"texture":"#6"},"west":{"uv":[6.625,5.375,7,5.875],"texture":"#6"},"up":{"uv":[4,7.625,3.625,7.25],"texture":"#6"},"down":{"uv":[2,7.375,1.625,7.75],"texture":"#6"}}},{"from":[7,16,0.95711],"to":[9,23,6.95711],"rotation":{"angle":0,"axis":"y","origin":[8,-6,8.95711]},"faces":{"north":{"uv":[3.5,2.375,3.75,3.25],"texture":"#6"},"east":{"uv":[2.75,2.5,3.5,3.375],"texture":"#6"},"south":{"uv":[3,6,3.25,6.875],"texture":"#6"},"west":{"uv":[0,2.875,0.75,3.75],"texture":"#6"},"up":{"uv":[4.25,7.125,4,6.375],"texture":"#6"},"down":{"uv":[0.75,6.5,0.5,7.25],"texture":"#6"}}},{"from":[7,18,9.70711],"to":[9,21,13.70711],"rotation":{"angle":0,"axis":"y","origin":[8,-6,8.70711]},"faces":{"north":{"uv":[1.625,7.75,1.875,8.125],"texture":"#6"},"east":{"uv":[1.875,6.5,2.375,6.875],"texture":"#6"},"south":{"uv":[1.875,7.75,2.125,8.125],"texture":"#6"},"west":{"uv":[2.375,6.5,2.875,6.875],"texture":"#6"},"up":{"uv":[0.5,8,0.25,7.5],"texture":"#6"},"down":{"uv":[7.75,0.75,7.5,1.25],"texture":"#6"}}},{"from":[7.5,11,-4.04289],"to":[8.5,21,1.95711],"rotation":{"angle":-22.5,"axis":"x","origin":[8,19.5,0.45711]},"faces":{"north":{"uv":[4.25,5.375,4.375,6.625],"texture":"#6"},"east":{"uv":[1.25,2,2,3.25],"texture":"#6"},"south":{"uv":[4.25,6.625,4.375,7.875],"texture":"#6"},"west":{"uv":[2,2,2.75,3.25],"texture":"#6"},"up":{"uv":[7.75,8.375,7.625,7.625],"texture":"#6"},"down":{"uv":[7.875,0,7.75,0.75],"texture":"#6"}}},{"from":[7.49,11.5032,-2.82248],"to":[8.51,21.5232,3.19752],"rotation":{"angle":22.5,"axis":"x","origin":[8,19.0132,15.68752]},"faces":{"north":{"uv":[4,7.125,4.125,8.375],"texture":"#6"},"east":{"uv":[2.25,0,3,1.25],"texture":"#6"},"south":{"uv":[4.125,7.125,4.25,8.375],"texture":"#6"},"west":{"uv":[2.75,1.25,3.5,2.5],"texture":"#6"},"up":{"uv":[7.875,1.5,7.75,0.75],"texture":"#6"},"down":{"uv":[7.875,1.5,7.75,2.25],"texture":"#6"}}},{"from":[7.5,16,12.29289],"to":[8.5,21,16.29289],"rotation":{"angle":22.5,"axis":"x","origin":[8,19.5,11.79289]},"faces":{"north":{"uv":[7.125,7.75,7.25,8.375],"texture":"#6"},"east":{"uv":[5.125,4.875,5.625,5.5],"texture":"#6"},"south":{"uv":[7.25,7.75,7.375,8.375],"texture":"#6"},"west":{"uv":[5.25,1.5,5.75,2.125],"texture":"#6"},"up":{"uv":[1,8.375,0.875,7.875],"texture":"#6"},"down":{"uv":[2.875,7.875,2.75,8.375],"texture":"#6"}}},{"from":[7.49,11.5032,11.05248],"to":[8.51,16.5232,15.07248],"rotation":{"angle":-22.5,"axis":"x","origin":[8,19.0132,-3.43752]},"faces":{"north":{"uv":[2.625,7.75,2.75,8.375],"texture":"#6"},"east":{"uv":[2.25,1.25,2.75,1.875],"texture":"#6"},"south":{"uv":[4.75,7.75,4.875,8.375],"texture":"#6"},"west":{"uv":[4.625,5,5.125,5.625],"texture":"#6"},"up":{"uv":[2.875,5.5,2.75,5],"texture":"#6"},"down":{"uv":[4.25,5.375,4.125,5.875],"texture":"#6"}}},{"from":[7,-2,7],"to":[9,14,9],"rotation":{"angle":0,"axis":"y","origin":[8,-6,8]},"faces":{"north":{"uv":[0,3.75,0.25,5.75],"texture":"#6"},"east":{"uv":[0.25,3.75,0.5,5.75],"texture":"#6"},"south":{"uv":[0.5,3.75,0.75,5.75],"texture":"#6"},"west":{"uv":[3.75,2.375,4,4.375],"texture":"#6"},"up":{"uv":[1.625,8.125,1.375,7.875],"texture":"#6"},"down":{"uv":[8.125,1.5,7.875,1.75],"texture":"#6"}}},{"from":[6,-8,6],"to":[10,-4,10],"rotation":{"angle":0,"axis":"y","origin":[8,-7,8]},"faces":{"north":{"uv":[3.625,5.375,4.125,5.875],"texture":"#6"},"east":{"uv":[5.375,4,5.875,4.5],"texture":"#6"},"south":{"uv":[2.75,5.5,3.25,6],"texture":"#6"},"west":{"uv":[5.125,5.5,5.625,6],"texture":"#6"},"up":{"uv":[6.125,5,5.625,4.5],"texture":"#6"},"down":{"uv":[5.125,5.625,4.625,6.125],"texture":"#6"}}},{"from":[6,15,6],"to":[10,24,10],"rotation":{"angle":0,"axis":"y","origin":[8,-6,8]},"faces":{"north":{"uv":[0.75,2.875,1.25,4],"texture":"#6"},"east":{"uv":[3,0,3.5,1.125],"texture":"#6"},"south":{"uv":[1.25,3.25,1.75,4.375],"texture":"#6"},"west":{"uv":[1.75,3.25,2.25,4.375],"texture":"#6"},"up":{"uv":[6.125,5.5,5.625,5],"texture":"#6"},"down":{"uv":[6.125,5.5,5.625,6],"texture":"#6"}}},{"from":[5,19,7],"to":[11,21,9],"rotation":{"angle":-45,"axis":"x","origin":[8,20,8]},"faces":{"north":{"uv":[5.125,6.5,5.875,6.75],"texture":"#6"},"east":{"uv":[7.875,3.375,8.125,3.625],"texture":"#6"},"south":{"uv":[6.625,3,7.375,3.25],"texture":"#6"},"west":{"uv":[7.875,3.625,8.125,3.875],"texture":"#6"},"up":{"uv":[7.375,3.5,6.625,3.25],"texture":"#6"},"down":{"uv":[7.375,4.125,6.625,4.375],"texture":"#6"}}},{"from":[7,-11,7],"to":[9,-8,9],"rotation":{"angle":0,"axis":"y","origin":[8,-9.5,8]},"faces":{"north":{"uv":[5.375,4.5,5.625,4.875],"texture":"#6"},"east":{"uv":[5.875,4.125,6.125,4.5],"texture":"#6"},"south":{"uv":[1,6,1.25,6.375],"texture":"#6"},"west":{"uv":[3.75,7.625,4,8],"texture":"#6"},"up":{"uv":[0.75,6,0.5,5.75],"texture":"#6"},"down":{"uv":[8.125,1.25,7.875,1.5],"texture":"#6"}}},{"from":[7,23,7],"to":[9,27,9],"rotation":{"angle":0,"axis":"y","origin":[8,24.5,8]},"faces":{"north":{"uv":[5,1.5,5.25,2],"texture":"#6"},"east":{"uv":[2.75,7.375,3,7.875],"texture":"#6"},"south":{"uv":[7.375,7.375,7.625,7.875],"texture":"#6"},"west":{"uv":[0,7.5,0.25,8],"texture":"#6"},"up":{"uv":[8.125,2,7.875,1.75],"texture":"#6"},"down":{"uv":[8.125,2,7.875,2.25],"texture":"#6"}}},{"from":[8,24,6.5],"to":[8,32,9.5],"rotation":{"angle":0,"axis":"y","origin":[8,28.5,8]},"faces":{"north":{"uv":[0,0,0,1],"texture":"#6"},"east":{"uv":[4,0,4.375,1],"texture":"#6"},"south":{"uv":[0,0,0,1],"texture":"#6"},"west":{"uv":[4.5,2,4.875,3],"texture":"#6"},"up":{"uv":[0,0.375,0,0],"texture":"#6"},"down":{"uv":[0,0,0,0.375],"texture":"#6"}}},{"from":[8,-14.75,6.5],"to":[8,-6.75,9.5],"rotation":{"angle":0,"axis":"y","origin":[8,27.5,8]},"faces":{"north":{"uv":[0,0,0,1],"texture":"#6"},"east":{"uv":[2.875,4.5,3.25,5.5],"texture":"#6"},"south":{"uv":[0,0,0,1],"texture":"#6"},"west":{"uv":[4.5,3,4.875,4],"texture":"#6"},"up":{"uv":[0,0.375,0,0],"texture":"#6"},"down":{"uv":[0,0,0,0.375],"texture":"#6"}}}],"display":{"thirdperson_righthand":{"translation":[0,8.75,1.75],"scale":[0.8,0.8,0.8]},"thirdperson_lefthand":{"translation":[0,8.75,1.75],"scale":[0.8,0.8,0.8]},"firstperson_righthand":{"translation":[0,0.25,0],"scale":[0.6,0.6,0.6]},"firstperson_lefthand":{"translation":[0,0.25,0],"scale":[0.6,0.6,0.6]},"ground":{"rotation":[68,88,0]},"gui":{"rotation":[87.31,-137,88.23],"translation":[-0.5,0.5,0],"scale":[0.4,0.4,0.4]},"fixed":{"rotation":[0,88,0]}},"groups":[{"name":"bone","origin":[0,7,9],"color":0,"children":[]},{"name":"root","origin":[8,8,8],"color":0,"children":[{"name":"shovel","origin":[0,6,7],"color":0,"children":[0,1,2,3,4,5,6,7,8,9,10,11]},{"name":"pickaxe","origin":[0,8,8],"color":0,"children":[12,13,14,15,16,17,18,19,20,21,22,23,24,25,26,27]},{"name":"sword","origin":[8,-45,-18],"color":0,"children":[28,29,30,31,32,33,34,35,36,37,38]},{"name":"axe","origin":[0,8,8],"color":0,"children":[39,40,41,42,43,44,45,46,47,48,49,50,51,52,53,54]}]}]}