{"credit":"Copyright ManaLabs Inc","texture_size":[64,64],"textures":{"1":"manalabs:crates/christmas22_crate/miracle_staff","particle":"manalabs:crates/christmas22_crate/miracle_staff"},"elements":[{"from":[5.5,-9,6.20711],"to":[9.5,-6,10.20711],"rotation":{"angle":-45,"axis":"y","origin":[8,-7.5,8.70711]},"faces":{"north":{"uv":[9,7.5,10,8.25],"texture":"#1"},"east":{"uv":[9,7.5,10,8.25],"texture":"#1"},"south":{"uv":[9,7.5,10,8.25],"texture":"#1"},"west":{"uv":[9,7.5,10,8.25],"texture":"#1"},"up":{"uv":[3,5.5,2,4.5],"texture":"#1"},"down":{"uv":[7.25,8.5,6.25,9.5],"texture":"#1"}}},{"from":[7,-16,7],"to":[9,19,9],"rotation":{"angle":0,"axis":"y","origin":[7.5,-7.5,7.5]},"faces":{"north":{"uv":[0,0,0.5,8.75],"texture":"#1"},"east":{"uv":[0.5,0,0,8.75],"texture":"#1"},"south":{"uv":[0,0,0.5,8.75],"texture":"#1"},"west":{"uv":[0.5,0,0,8.75],"texture":"#1"},"up":{"uv":[3.5,7,3,6.5],"texture":"#1"},"down":{"uv":[4.5,7,4,7.5],"texture":"#1"}}},{"from":[4.64645,16.75,4],"to":[9.64645,22.75,7],"rotation":{"angle":-45,"axis":"z","origin":[7.64645,15.5,2.5]},"faces":{"north":{"uv":[2,0,3.25,1.5],"texture":"#1"},"east":{"uv":[7.25,1,8,2.5],"texture":"#1"},"south":{"uv":[2,0,3.25,1.5],"texture":"#1"},"west":{"uv":[7.25,2.5,8,4],"texture":"#1"},"up":{"uv":[10.25,0.75,9,0],"texture":"#1"},"down":{"uv":[10.25,5.25,9,6],"texture":"#1"}}},{"from":[6.36355,16.76,4.01],"to":[11.34355,22.74,6.99],"rotation":{"angle":45,"axis":"z","origin":[8.35355,15.5,2.5]},"faces":{"north":{"uv":[3.25,0,2,1.5],"texture":"#1"},"east":{"uv":[8,2.5,7.25,4],"texture":"#1"},"south":{"uv":[3.25,0,2,1.5],"texture":"#1"},"west":{"uv":[8,1,7.25,2.5],"texture":"#1"},"up":{"uv":[9,0.75,10.25,0],"texture":"#1"},"down":{"uv":[9,5.25,10.25,6],"texture":"#1"}}},{"from":[7.35355,9.75,4.5],"to":[10.35355,17.75,4.5],"rotation":{"angle":22.5,"axis":"z","origin":[8.35355,15.5,2]},"faces":{"north":{"uv":[3.25,1.5,4,3.5],"texture":"#1"},"east":{"uv":[0,0,0,2],"texture":"#1"},"south":{"uv":[3.25,1.5,4,3.5],"texture":"#1"},"west":{"uv":[0,0,0,2],"texture":"#1"},"up":{"uv":[0.75,0,0,0],"texture":"#1"},"down":{"uv":[0.75,0,0,0],"texture":"#1"}}},{"from":[5.64645,9.75,4.5],"to":[8.64645,17.75,4.5],"rotation":{"angle":-22.5,"axis":"z","origin":[7.64645,15.5,2]},"faces":{"north":{"uv":[4,1.5,3.25,3.5],"texture":"#1"},"east":{"uv":[0,0,0,2],"texture":"#1"},"south":{"uv":[4,1.5,3.25,3.5],"texture":"#1"},"west":{"uv":[0,0,0,2],"texture":"#1"},"up":{"uv":[0,0,0.75,0],"texture":"#1"},"down":{"uv":[0,0,0.75,0],"texture":"#1"}}},{"from":[6,15,3],"to":[10,19,7],"rotation":{"angle":0,"axis":"y","origin":[8,15.5,2.5]},"faces":{"north":{"uv":[7.25,8.5,8.25,9.5],"texture":"#1"},"east":{"uv":[8.25,8.5,9.25,9.5],"texture":"#1"},"south":{"uv":[0,8.75,1,9.75],"texture":"#1"},"west":{"uv":[1,8.75,2,9.75],"texture":"#1"},"up":{"uv":[9.75,3.25,8.75,2.25],"texture":"#1"},"down":{"uv":[9.75,3.25,8.75,4.25],"texture":"#1"}}},{"from":[6.5,-13,6.5],"to":[9.5,-11,9.5],"rotation":{"angle":-45,"axis":"y","origin":[8,-7.5,8]},"faces":{"north":{"uv":[9.75,4.75,10.5,5.25],"texture":"#1"},"east":{"uv":[10,9.75,10.75,10.25],"texture":"#1"},"south":{"uv":[9.75,4.75,10.5,5.25],"texture":"#1"},"west":{"uv":[9.75,4.75,10.5,5.25],"texture":"#1"},"up":{"uv":[4.25,10.75,3.5,10],"texture":"#1"},"down":{"uv":[10.75,7.5,10,8.25],"texture":"#1"}}},{"name":"octagon","from":[5.10051,28,6],"to":[10.89949,31,10],"rotation":{"angle":0,"axis":"y","origin":[8,24,8]},"faces":{"north":{"uv":[8,0.75,9.5,1.5],"texture":"#1"},"east":{"uv":[9.75,2.25,10.75,3],"texture":"#1"},"south":{"uv":[8,0.75,9.5,1.5],"texture":"#1"},"west":{"uv":[9.75,3,10.75,3.75],"texture":"#1"},"up":{"uv":[3.5,6.5,2,5.5],"texture":"#1"},"down":{"uv":[7.5,0,6,1],"texture":"#1"}}},{"name":"octagon","from":[5.10051,17,6],"to":[10.89949,20,10],"rotation":{"angle":0,"axis":"y","origin":[8,-8,8]},"faces":{"north":{"uv":[8,1.5,9.5,0.75],"texture":"#1"},"east":{"uv":[9.75,3,10.75,2.25],"texture":"#1"},"south":{"uv":[8,1.5,9.5,0.75],"texture":"#1"},"west":{"uv":[9.75,3.75,10.75,3],"texture":"#1"},"up":{"uv":[7.5,1,6,0],"texture":"#1"},"down":{"uv":[3.5,5.5,2,6.5],"texture":"#1"}}},{"name":"octagon","from":[5.10051,26,5.75],"to":[10.89949,32,5.75],"rotation":{"angle":45,"axis":"z","origin":[8,29,5]},"faces":{"north":{"uv":[14,10.75,15.44975,12.25],"texture":"#1"},"east":{"uv":[15.75,12.25,15.75,13.75],"texture":"#1"},"south":{"uv":[14,10.75,15.44975,12.25],"texture":"#1"},"west":{"uv":[15.75,13,15.75,14.5],"texture":"#1"},"up":{"uv":[9.44975,15.5,8,15.5],"texture":"#1"},"down":{"uv":[13.44975,10,12,10],"texture":"#1"}}},{"name":"octagon","from":[12.01,21.11051,6.01],"to":[14.99,26.88949,9.99],"rotation":{"angle":45,"axis":"z","origin":[8,24,8]},"faces":{"north":{"uv":[8,3.75,8.75,5.25],"texture":"#1"},"east":{"uv":[2,6.5,3,8],"texture":"#1"},"south":{"uv":[8.75,3.75,8,5.25],"texture":"#1"},"west":{"uv":[6.5,5.5,7.5,7],"texture":"#1"},"up":{"uv":[5.25,10.75,4.5,9.75],"texture":"#1"},"down":{"uv":[6,9.75,5.25,10.75],"texture":"#1"}}},{"name":"octagon","from":[12,21.10051,6],"to":[15,26.89949,10],"rotation":{"angle":0,"axis":"y","origin":[8,24,8]},"faces":{"north":{"uv":[5.5,8.25,6.25,9.75],"texture":"#1"},"east":{"uv":[3,7,4,8.5],"texture":"#1"},"south":{"uv":[6.25,8.25,5.5,9.75],"texture":"#1"},"west":{"uv":[6.5,7,7.5,8.5],"texture":"#1"},"up":{"uv":[10,10.75,9.25,9.75],"texture":"#1"},"down":{"uv":[3.5,10,2.75,11],"texture":"#1"}}},{"name":"octagon","from":[11.8,22.90051,5.8],"to":[15.2,25.30051,10.2],"rotation":{"angle":0,"axis":"y","origin":[8,24,8]},"faces":{"north":{"uv":[8.25,12.625,9.25,13.375],"texture":"#1"},"east":{"uv":[5.75,11.375,7,12.125],"texture":"#1"},"south":{"uv":[5.5,12.875,6.5,13.625],"texture":"#1"},"west":{"uv":[9.25,11.375,10.5,12.125],"texture":"#1"},"up":{"uv":[13,15.375,12,14.125],"texture":"#1"},"down":{"uv":[6.5,14.375,5.5,15.625],"texture":"#1"}}},{"name":"octagon","from":[0.8,22.90051,5.8],"to":[4.2,25.30051,10.2],"rotation":{"angle":0,"axis":"y","origin":[8,24,8]},"faces":{"north":{"uv":[9.25,12.625,8.25,13.375],"texture":"#1"},"east":{"uv":[10.5,11.375,9.25,12.125],"texture":"#1"},"south":{"uv":[6.5,12.875,5.5,13.625],"texture":"#1"},"west":{"uv":[7,11.375,5.75,12.125],"texture":"#1"},"up":{"uv":[12,15.375,13,14.125],"texture":"#1"},"down":{"uv":[5.5,14.375,6.5,15.625],"texture":"#1"}}},{"name":"octagon","from":[5.11051,17.01,6.01],"to":[10.88949,19.99,9.99],"rotation":{"angle":45,"axis":"z","origin":[8,24,8]},"faces":{"north":{"uv":[7.5,0,9,0.75],"texture":"#1"},"east":{"uv":[9.5,1.5,10.5,2.25],"texture":"#1"},"south":{"uv":[7.5,0,9,0.75],"texture":"#1"},"west":{"uv":[6.25,9.5,7.25,10.25],"texture":"#1"},"up":{"uv":[6,1,4.5,0],"texture":"#1"},"down":{"uv":[6.25,1,4.75,2],"texture":"#1"}}},{"name":"octagon","from":[1.01,21.11051,6.01],"to":[3.99,26.88949,9.99],"rotation":{"angle":-45,"axis":"z","origin":[8,24,8]},"faces":{"north":{"uv":[8.75,3.75,8,5.25],"texture":"#1"},"east":{"uv":[7.5,5.5,6.5,7],"texture":"#1"},"south":{"uv":[8,3.75,8.75,5.25],"texture":"#1"},"west":{"uv":[3,6.5,2,8],"texture":"#1"},"up":{"uv":[4.5,10.75,5.25,9.75],"texture":"#1"},"down":{"uv":[5.25,9.75,6,10.75],"texture":"#1"}}},{"name":"octagon","from":[5.11051,17.01,6.01],"to":[10.88949,19.99,9.99],"rotation":{"angle":-45,"axis":"z","origin":[8,24,8]},"faces":{"north":{"uv":[9,0,7.5,0.75],"texture":"#1"},"east":{"uv":[7.25,9.5,6.25,10.25],"texture":"#1"},"south":{"uv":[9,0,7.5,0.75],"texture":"#1"},"west":{"uv":[10.5,1.5,9.5,2.25],"texture":"#1"},"up":{"uv":[4.5,1,6,0],"texture":"#1"},"down":{"uv":[4.75,1,6.25,2],"texture":"#1"}}},{"name":"octagon","from":[1,21.10051,6],"to":[4,26.89949,10],"rotation":{"angle":0,"axis":"y","origin":[8,24,8]},"faces":{"north":{"uv":[6.25,8.25,5.5,9.75],"texture":"#1"},"east":{"uv":[7.5,7,6.5,8.5],"texture":"#1"},"south":{"uv":[5.5,8.25,6.25,9.75],"texture":"#1"},"west":{"uv":[4,7,3,8.5],"texture":"#1"},"up":{"uv":[9.25,10.75,10,9.75],"texture":"#1"},"down":{"uv":[2.75,10,3.5,11],"texture":"#1"}}}],"display":{"thirdperson_righthand":{"rotation":[0,-80,0],"translation":[0,-0.25,1.75],"scale":[0.8,0.8,0.8]},"thirdperson_lefthand":{"rotation":[0,-80,0],"translation":[0,-0.25,1.75],"scale":[0.8,0.8,0.8]},"firstperson_righthand":{"rotation":[-16,106,0],"translation":[0.5,2.25,1.25],"scale":[0.4,0.4,0.4]},"firstperson_lefthand":{"rotation":[-16,106,0],"translation":[0.5,2.25,1.25],"scale":[0.4,0.4,0.4]},"ground":{"translation":[0,13.75,0],"scale":[0.7,0.7,0.7]},"gui":{"rotation":[146,35,-121],"scale":[0.47,0.47,0.47]},"head":{"translation":[0,5.25,0]},"fixed":{"rotation":[0,-1,45],"translation":[0,-1,-1.5],"scale":[0.6,0.6,0.6]}},"groups":[{"name":"root","origin":[8,8,8],"color":0,"children":[0,1,2,3,4,5,6,7]},{"name":"octagon","origin":[8,8,8],"color":0,"children":[8,9,10,11,12,13,14,15,16,17,18]}]}