{"file_name":"sign3","texture_size":[256,256],"textures":{"layer0":"manamodels/sign_worlds"},"elements":[{"name":"sign3_0","from":[-8.8,3.199997,7.7],"to":[8.0,32.0,8.3],"rotation":{"angle":0.0,"axis":"z","origin":[8.0,3.199997,8.0]},"faces":{"east":{"uv":[0.0,0.0,0.0625,3.0],"texture":"#layer0","tintindex":0},"south":{"uv":[1.75,3.0625,3.5,6.0625],"texture":"#layer0","tintindex":0},"north":{"uv":[3.5,0.0,5.25,3.0],"texture":"#layer0","tintindex":0},"west":{"uv":[0.0,0.0,0.0625,3.0],"texture":"#layer0","tintindex":0},"up":{"uv":[0.0,0.0,1.75,0.0625],"texture":"#layer0","tintindex":0},"down":{"uv":[1.75,0.0,0.0,0.0625],"texture":"#layer0","tintindex":0}}}],"display":{"head":{"translation":[0.0,11.8856125,0.0],"rotation":[0.0,0.0,0.0],"scale":[3.8095,3.8095,3.8095]},"gui":{"translation":[0.0,0.0,0.0],"rotation":[35.0,225.0,0.0],"scale":[0.625,0.625,0.625]}}}