{"file_name":"bone9","texture_size":[128,128],"textures":{"layer0":"manamodels/giant_squid"},"elements":[{"name":"bone9_0","from":[4.742792,27.199997,7.1],"to":[9.542792,32.0,8.9],"rotation":{"angle":45.0,"axis":"z","origin":[7.922942,30.380146,8.0]},"faces":{"east":{"uv":[2.25,5.5,2.625,6.5],"texture":"#layer0","tintindex":0},"south":{"uv":[10.125,3.25,11.125,4.25],"texture":"#layer0","tintindex":0},"north":{"uv":[11.125,3.25,10.125,4.25],"texture":"#layer0","tintindex":0},"west":{"uv":[10.0,11.0,10.375,12.0],"texture":"#layer0","tintindex":0},"up":{"uv":[4.5,10.0,3.5,9.625],"texture":"#layer0","tintindex":0},"down":{"uv":[10.125,7.25,11.125,7.625],"texture":"#layer0","tintindex":0}}}],"display":{"head":{"translation":[0.0,48.913387,0.0],"rotation":[0.0,0.0,0.0],"scale":[3.8095,3.8095,3.8095]},"gui":{"translation":[0.0,0.0,0.0],"rotation":[35.0,225.0,0.0],"scale":[0.625,0.625,0.625]}}}