{"file_name":"bone46","texture_size":[128,128],"textures":{"layer0":"manamodels/giant_squid"},"elements":[{"name":"bone46_0","from":[7.1,0.7999997,7.01],"to":[8.9,8.0,8.96],"rotation":{"angle":0.0,"axis":"z","origin":[8.0,8.0,8.0]},"faces":{"east":{"uv":[13.25,9.125,12.875,10.625],"texture":"#layer0","tintindex":0},"south":{"uv":[13.25,9.125,12.875,10.625],"texture":"#layer0","tintindex":0},"north":{"uv":[13.25,9.125,12.875,10.625],"texture":"#layer0","tintindex":0},"west":{"uv":[13.25,9.125,12.875,10.625],"texture":"#layer0","tintindex":0},"up":{"uv":[14.125,1.625,14.5,1.25],"texture":"#layer0","tintindex":0},"down":{"uv":[14.5,1.625,14.125,2.0],"texture":"#layer0","tintindex":0}}}],"display":{"head":{"translation":[0.0,-6.4,0.0],"rotation":[0.0,0.0,0.0],"scale":[3.8095,3.8095,3.8095]},"gui":{"translation":[0.0,0.0,0.0],"rotation":[35.0,225.0,0.0],"scale":[0.625,0.625,0.625]}}}