{"file_name":"bone10","texture_size":[128,128],"textures":{"layer0":"manamodels/giant_squid"},"elements":[{"name":"bone10_0","from":[7.502791,19.399998,7.4],"to":[12.902791,32.0,8.6],"rotation":{"angle":22.5,"axis":"z","origin":[7.652792,25.55,8.0]},"faces":{"east":{"uv":[3.0,10.75,3.25,13.375],"texture":"#layer0","tintindex":0},"south":{"uv":[1.125,5.5,2.25,8.125],"texture":"#layer0","tintindex":0},"north":{"uv":[2.25,5.5,1.125,8.125],"texture":"#layer0","tintindex":0},"west":{"uv":[3.25,10.75,3.5,13.375],"texture":"#layer0","tintindex":0},"up":{"uv":[12.75,8.25,11.625,8.0],"texture":"#layer0","tintindex":0},"down":{"uv":[13.625,11.625,14.75,11.875],"texture":"#layer0","tintindex":0}}}],"display":{"head":{"translation":[0.0,37.599735,0.0],"rotation":[0.0,0.0,0.0],"scale":[3.8095,3.8095,3.8095]},"gui":{"translation":[0.0,0.0,0.0],"rotation":[35.0,225.0,0.0],"scale":[0.625,0.625,0.625]}}}