{"credit":"Copyright ManaLabs Inc","texture_size":[64,64],"textures":{"0":"manalabs:crates/anime21_crate/jotaro_hat","particle":"manalabs:crates/anime21_crate/jotaro_hat"},"elements":[{"from":[4,3.5,-2.75],"to":[12,3.5,5.25],"rotation":{"angle":-22.5,"axis":"x","origin":[6,4,1]},"faces":{"north":{"uv":[9,1,11,1],"texture":"#0"},"east":{"uv":[9,1.25,11,1.25],"texture":"#0"},"south":{"uv":[9,1.5,11,1.5],"texture":"#0"},"west":{"uv":[9,1.75,11,1.75],"texture":"#0"},"up":{"uv":[2,2,0,0],"texture":"#0"},"down":{"uv":[2,2.25,0,4.25],"texture":"#0"}}},{"from":[3.5,3.25,3.75],"to":[12.5,4.25,4.75],"rotation":{"angle":-22.5,"axis":"x","origin":[6.5,3.75,0.5]},"faces":{"north":{"uv":[6.75,7.5,9,7.75],"texture":"#0"},"east":{"uv":[3.75,8.75,4,9],"texture":"#0"},"south":{"uv":[3.5,7.75,5.75,8],"texture":"#0"},"west":{"uv":[4.25,8.75,4.5,9],"texture":"#0"},"up":{"uv":[10.25,5.25,8,5],"texture":"#0"},"down":{"uv":[10.25,5.5,8,5.75],"texture":"#0"}}},{"from":[3.475,4.53178,3.69395],"to":[4.475,5.53178,5.69395],"rotation":{"angle":0,"axis":"x","origin":[9.475,5.03178,0.44395]},"faces":{"north":{"uv":[5.25,8.75,5.5,9],"texture":"#0"},"east":{"uv":[3.25,8.25,3.75,8.5],"texture":"#0"},"south":{"uv":[5.75,8.75,6,9],"texture":"#0"},"west":{"uv":[4,8.25,4.5,8.5],"texture":"#0"},"up":{"uv":[1.75,8.75,1.5,8.25],"texture":"#0"},"down":{"uv":[5,8.25,4.75,8.75],"texture":"#0"}}},{"from":[3.25,4.5014,5.25149],"to":[4.25,5.5014,6.25149],"rotation":{"angle":45,"axis":"x","origin":[8,5.0014,5.75149]},"faces":{"north":{"uv":[8.5,6.5,8.75,6.75],"texture":"#0"},"east":{"uv":[0,8.75,0.25,9],"texture":"#0"},"south":{"uv":[0.5,8.75,0.75,9],"texture":"#0"},"west":{"uv":[1,8.75,1.25,9],"texture":"#0"},"up":{"uv":[2.25,9,2,8.75],"texture":"#0"},"down":{"uv":[3.5,8.75,3.25,9],"texture":"#0"}}},{"from":[11.525,4.53178,3.69395],"to":[12.525,5.53178,5.69395],"rotation":{"angle":0,"axis":"x","origin":[6.525,5.03178,0.44395]},"faces":{"north":{"uv":[9,0,9.25,0.25],"texture":"#0"},"east":{"uv":[5.25,8.25,5.75,8.5],"texture":"#0"},"south":{"uv":[9,0.5,9.25,0.75],"texture":"#0"},"west":{"uv":[8.5,6,9,6.25],"texture":"#0"},"up":{"uv":[8,9,7.75,8.5],"texture":"#0"},"down":{"uv":[8.75,8,8.5,8.5],"texture":"#0"}}},{"from":[11.75,4.5014,5.25149],"to":[12.75,5.5014,6.25149],"rotation":{"angle":45,"axis":"x","origin":[8,5.0014,5.75149]},"faces":{"north":{"uv":[6.25,8.75,6.5,9],"texture":"#0"},"east":{"uv":[6.75,8.75,7,9],"texture":"#0"},"south":{"uv":[8.75,7,9,7.25],"texture":"#0"},"west":{"uv":[7.25,8.75,7.5,9],"texture":"#0"},"up":{"uv":[8.5,9,8.25,8.75],"texture":"#0"},"down":{"uv":[9,8.75,8.75,9],"texture":"#0"}}},{"from":[4,5.5264,3.92649],"to":[12,9.5264,7.92649],"rotation":{"angle":0,"axis":"y","origin":[3.25,-1.9736,4.42649]},"faces":{"north":{"uv":[2.25,4.5,4.25,5.5],"texture":"#0"},"east":{"uv":[6.75,5,7.75,6],"texture":"#0"},"south":{"uv":[4.5,3,6.5,4],"texture":"#0"},"west":{"uv":[6.75,6.25,7.75,7.25],"texture":"#0"},"up":{"uv":[6.5,5.25,4.5,4.25],"texture":"#0"},"down":{"uv":[6.5,5.5,4.5,6.5],"texture":"#0"}}},{"from":[6.1,5.6264,3.67649],"to":[8.1,7.6264,4.67649],"rotation":{"angle":-45,"axis":"z","origin":[7.1,6.6264,4.17649]},"faces":{"north":{"uv":[3.5,7,4,7.5],"texture":"#0"},"east":{"uv":[6.75,8,7,8.5],"texture":"#0"},"south":{"uv":[2,8,2.5,8.5],"texture":"#0"},"west":{"uv":[7.25,8,7.5,8.5],"texture":"#0"},"up":{"uv":[8.5,7.25,8,7],"texture":"#0"},"down":{"uv":[8.25,8,7.75,8.25],"texture":"#0"}}},{"from":[3.675,5.5264,3.67649],"to":[5.675,8.5264,4.67649],"rotation":{"angle":22.5,"axis":"y","origin":[4.675,6.5264,4.17649]},"faces":{"north":{"uv":[1.25,7.25,1.75,8],"texture":"#0"},"east":{"uv":[2.75,8,3,8.75],"texture":"#0"},"south":{"uv":[6,7.75,6.5,8.5],"texture":"#0"},"west":{"uv":[8,6,8.25,6.75],"texture":"#0"},"up":{"uv":[0.5,8.5,0,8.25],"texture":"#0"},"down":{"uv":[1.25,8.25,0.75,8.5],"texture":"#0"}}},{"from":[4,5.6264,7.92649],"to":[12,8.6264,11.92649],"rotation":{"angle":0,"axis":"y","origin":[3.25,-1.8736,4.42649]},"faces":{"north":{"uv":[6.75,0,8.75,0.75],"texture":"#0"},"east":{"uv":[2.25,7,3.25,7.75],"texture":"#0"},"south":{"uv":[6.75,1,8.75,1.75],"texture":"#0"},"west":{"uv":[0,7.25,1,8],"texture":"#0"},"up":{"uv":[4.25,6.75,2.25,5.75],"texture":"#0"},"down":{"uv":[2,6,0,7],"texture":"#0"}}},{"from":[4,8.6264,11.92649],"to":[12,8.6264,14.92649],"rotation":{"angle":0,"axis":"y","origin":[3.25,-1.8736,4.42649]},"faces":{"north":{"uv":[9,2,11,2],"texture":"#0"},"east":{"uv":[9,2.25,9.75,2.25],"texture":"#0"},"south":{"uv":[9,2.5,11,2.5],"texture":"#0"},"west":{"uv":[9,2.75,9.75,2.75],"texture":"#0"},"up":{"uv":[8.75,2.75,6.75,2],"texture":"#0"},"down":{"uv":[8.75,3,6.75,3.75],"texture":"#0"}}},{"from":[4,3.6264,11.92649],"to":[12,8.6264,11.92649],"rotation":{"angle":0,"axis":"y","origin":[3.25,-1.8736,4.42649]},"faces":{"north":{"uv":[4.5,0,6.5,1.25],"texture":"#0"},"east":{"uv":[0.25,9.25,0.25,10.5],"texture":"#0"},"south":{"uv":[4.5,1.5,6.5,2.75],"texture":"#0"},"west":{"uv":[0.5,9.25,0.5,10.5],"texture":"#0"},"up":{"uv":[11,4,9,4],"texture":"#0"},"down":{"uv":[11,4.25,9,4.25],"texture":"#0"}}},{"from":[4,6.55554,16.51557],"to":[12,6.55554,19.51557],"rotation":{"angle":-22.5,"axis":"x","origin":[3.25,-3.94446,9.01557]},"faces":{"north":{"uv":[9,3,11,3],"texture":"#0"},"east":{"uv":[9,3.25,9.75,3.25],"texture":"#0"},"south":{"uv":[9,3.5,11,3.5],"texture":"#0"},"west":{"uv":[9,3.75,9.75,3.75],"texture":"#0"},"up":{"uv":[8.75,4.75,6.75,4],"texture":"#0"},"down":{"uv":[6.5,6.75,4.5,7.5],"texture":"#0"}}},{"from":[4.025,3.6264,6.92649],"to":[4.025,8.6264,14.92649],"rotation":{"angle":0,"axis":"y","origin":[3.25,-1.8736,4.42649]},"faces":{"north":{"uv":[2.5,8.75,2.5,10],"texture":"#0"},"east":{"uv":[2.25,0,4.25,1.25],"texture":"#0"},"south":{"uv":[1.5,9,1.5,10.25],"texture":"#0"},"west":{"uv":[2.25,1.5,4.25,2.75],"texture":"#0"},"up":{"uv":[1.75,11,1.75,9],"texture":"#0"},"down":{"uv":[2.75,9,2.75,11],"texture":"#0"}}},{"from":[11.975,3.6264,6.92649],"to":[11.975,8.6264,14.92649],"rotation":{"angle":0,"axis":"y","origin":[12.75,-1.8736,4.42649]},"faces":{"north":{"uv":[3,9,3,10.25],"texture":"#0"},"east":{"uv":[2.25,3,4.25,4.25],"texture":"#0"},"south":{"uv":[4.75,9,4.75,10.25],"texture":"#0"},"west":{"uv":[0,4.5,2,5.75],"texture":"#0"},"up":{"uv":[5,11,5,9],"texture":"#0"},"down":{"uv":[0,9.25,0,11.25],"texture":"#0"}}}],"gui_light":"front","display":{"thirdperson_righthand":{"translation":[-1.25,0,0],"scale":[0.5,0.5,0.5]},"thirdperson_lefthand":{"translation":[-1.25,0,0],"scale":[0.5,0.5,0.5]},"firstperson_righthand":{"rotation":[0,29,0],"translation":[0,1.75,0],"scale":[0.7,0.7,0.7]},"firstperson_lefthand":{"rotation":[0,29,0],"translation":[0,1.75,0],"scale":[0.7,0.7,0.7]},"ground":{"scale":[0.3,0.3,0.3]},"gui":{"rotation":[18,-144,0],"translation":[-0.75,2,0]},"head":{"translation":[0,6,0],"scale":[1.81,1.81,1.81]},"fixed":{"rotation":[-21,-24,0],"translation":[0,0,-6]}}}