{"display":{"gui":{"translation":[6,-0.25,0],"scale":[1.6,1.6,1.2]}},"textures":{"0":"emoji/pins/32s","particle":"emoji/pins/32s"},"elements":[{"from":[0,0,0],"to":[16,16,0],"faces":{"north":{"uv":[0,2,2,4],"texture":"#0","tintindex":0},"east":{"uv":[0,2,2,4],"texture":"#0","tintindex":0},"south":{"uv":[0,2,2,4],"texture":"#0","tintindex":0},"west":{"uv":[0,2,2,4],"texture":"#0","tintindex":0},"up":{"uv":[0,2,2,4],"texture":"#0","tintindex":0},"down":{"uv":[0,2,2,4],"texture":"#0","tintindex":0}}}],"gui_light":"front"}