{"display":{"gui":{"translation":[5.5,-0.5,0],"scale":[1.5,1.5,1.2]}},"textures":{"0":"emoji/pins/32s","particle":"emoji/pins/32s"},"elements":[{"from":[0,0,0],"to":[16,16,0],"faces":{"north":{"uv":[10,0,12,2],"texture":"#0","tintindex":0},"east":{"uv":[10,0,12,2],"texture":"#0","tintindex":0},"south":{"uv":[10,0,12,2],"texture":"#0","tintindex":0},"west":{"uv":[10,0,12,2],"texture":"#0","tintindex":0},"up":{"uv":[10,0,12,2],"texture":"#0","tintindex":0},"down":{"uv":[10,0,12,2],"texture":"#0","tintindex":0}}}],"gui_light":"front"}