{"file_name":"body_stem","texture_size":[64,64],"textures":{"layer0":"manamodels/kryknapet"},"elements":[{"name":"body_stem_0","from":[7.0495996,8.0,7.0495996],"to":[8.950399,9.900801,8.950399],"rotation":{"angle":0.0,"axis":"z","origin":[8.0,8.0,8.0]},"faces":{"east":{"uv":[8.0,5.5,9.5,7.0],"texture":"#layer0","tintindex":0},"south":{"uv":[4.0,9.0,5.5,10.5],"texture":"#layer0","tintindex":0},"north":{"uv":[8.0,4.0,9.5,5.5],"texture":"#layer0","tintindex":0},"west":{"uv":[5.5,9.0,7.0,10.5],"texture":"#layer0","tintindex":0},"up":{"uv":[11.0,5.5,9.5,4.0],"texture":"#layer0","tintindex":0},"down":{"uv":[9.5,5.5,11.0,7.0],"texture":"#layer0","tintindex":0}}},{"name":"body_stem_1","from":[6.7328005,8.6336,6.4159994],"to":[7.3664002,9.2672,7.0495996],"rotation":{"angle":0.0,"axis":"z","origin":[8.0,8.0,8.0]},"faces":{"east":{"uv":[12.0,0.0,12.5,0.5],"texture":"#layer0","tintindex":0},"south":{"uv":[12.0,0.5,12.5,1.0],"texture":"#layer0","tintindex":0},"north":{"uv":[12.0,12.0,12.5,12.5],"texture":"#layer0","tintindex":0},"west":{"uv":[12.0,1.0,12.5,1.5],"texture":"#layer0","tintindex":0},"up":{"uv":[12.5,2.0,12.0,1.5],"texture":"#layer0","tintindex":0},"down":{"uv":[12.0,2.0,12.5,2.5],"texture":"#layer0","tintindex":0}}},{"name":"body_stem_2","from":[6.7328005,8.6336,8.950399],"to":[7.3664002,9.2672,9.584],"rotation":{"angle":0.0,"axis":"z","origin":[8.0,8.0,8.0]},"faces":{"east":{"uv":[12.5,0.0,12.0,0.5],"texture":"#layer0","tintindex":0},"south":{"uv":[12.5,12.0,12.0,12.5],"texture":"#layer0","tintindex":0},"north":{"uv":[12.5,0.5,12.0,1.0],"texture":"#layer0","tintindex":0},"west":{"uv":[12.5,1.0,12.0,1.5],"texture":"#layer0","tintindex":0},"up":{"uv":[12.5,1.5,12.0,2.0],"texture":"#layer0","tintindex":0},"down":{"uv":[12.0,2.5,12.5,2.0],"texture":"#layer0","tintindex":0}}},{"name":"body_stem_3","from":[8.6336,8.6336,6.4159994],"to":[9.2672,9.2672,7.0495996],"rotation":{"angle":0.0,"axis":"z","origin":[8.0,8.0,8.0]},"faces":{"east":{"uv":[12.0,0.0,12.5,0.5],"texture":"#layer0","tintindex":0},"south":{"uv":[12.0,0.5,12.5,1.0],"texture":"#layer0","tintindex":0},"north":{"uv":[12.0,12.0,12.5,12.5],"texture":"#layer0","tintindex":0},"west":{"uv":[12.0,1.0,12.5,1.5],"texture":"#layer0","tintindex":0},"up":{"uv":[12.5,2.0,12.0,1.5],"texture":"#layer0","tintindex":0},"down":{"uv":[12.0,2.0,12.5,2.5],"texture":"#layer0","tintindex":0}}},{"name":"body_stem_4","from":[8.6336,8.6336,8.950399],"to":[9.2672,9.2672,9.584],"rotation":{"angle":0.0,"axis":"z","origin":[8.0,8.0,8.0]},"faces":{"east":{"uv":[12.5,0.0,12.0,0.5],"texture":"#layer0","tintindex":0},"south":{"uv":[12.5,12.0,12.0,12.5],"texture":"#layer0","tintindex":0},"north":{"uv":[12.5,0.5,12.0,1.0],"texture":"#layer0","tintindex":0},"west":{"uv":[12.5,1.0,12.0,1.5],"texture":"#layer0","tintindex":0},"up":{"uv":[12.5,1.5,12.0,2.0],"texture":"#layer0","tintindex":0},"down":{"uv":[12.0,2.5,12.5,2.0],"texture":"#layer0","tintindex":0}}},{"name":"body_stem_5","from":[8.950399,8.3168,8.3168],"to":[9.584,8.950399,8.950399],"rotation":{"angle":0.0,"axis":"z","origin":[8.0,8.0,8.0]},"faces":{"east":{"uv":[12.0,12.0,12.5,12.5],"texture":"#layer0","tintindex":0},"south":{"uv":[12.0,0.0,12.5,0.5],"texture":"#layer0","tintindex":0},"north":{"uv":[12.0,1.0,12.5,1.5],"texture":"#layer0","tintindex":0},"west":{"uv":[12.0,0.5,12.5,1.0],"texture":"#layer0","tintindex":0},"up":{"uv":[12.5,2.0,12.0,1.5],"texture":"#layer0","tintindex":0},"down":{"uv":[12.0,2.0,12.5,2.5],"texture":"#layer0","tintindex":0}}},{"name":"body_stem_6","from":[6.4160004,8.3168,8.3168],"to":[7.0496,8.950399,8.950399],"rotation":{"angle":0.0,"axis":"z","origin":[8.0,8.0,8.0]},"faces":{"east":{"uv":[12.5,0.5,12.0,1.0],"texture":"#layer0","tintindex":0},"south":{"uv":[12.5,0.0,12.0,0.5],"texture":"#layer0","tintindex":0},"north":{"uv":[12.5,1.0,12.0,1.5],"texture":"#layer0","tintindex":0},"west":{"uv":[12.5,12.0,12.0,12.5],"texture":"#layer0","tintindex":0},"up":{"uv":[12.5,1.5,12.0,2.0],"texture":"#layer0","tintindex":0},"down":{"uv":[12.0,2.5,12.5,2.0],"texture":"#layer0","tintindex":0}}},{"name":"body_stem_7","from":[8.950399,8.3168,7.0495996],"to":[9.584,8.950399,7.6832],"rotation":{"angle":0.0,"axis":"z","origin":[8.0,8.0,8.0]},"faces":{"east":{"uv":[12.0,12.0,12.5,12.5],"texture":"#layer0","tintindex":0},"south":{"uv":[12.0,0.0,12.5,0.5],"texture":"#layer0","tintindex":0},"north":{"uv":[12.0,1.0,12.5,1.5],"texture":"#layer0","tintindex":0},"west":{"uv":[12.0,0.5,12.5,1.0],"texture":"#layer0","tintindex":0},"up":{"uv":[12.5,2.0,12.0,1.5],"texture":"#layer0","tintindex":0},"down":{"uv":[12.0,2.0,12.5,2.5],"texture":"#layer0","tintindex":0}}},{"name":"body_stem_8","from":[6.4160004,8.3168,7.0495996],"to":[7.0496,8.950399,7.6832],"rotation":{"angle":0.0,"axis":"z","origin":[8.0,8.0,8.0]},"faces":{"east":{"uv":[12.5,0.5,12.0,1.0],"texture":"#layer0","tintindex":0},"south":{"uv":[12.5,0.0,12.0,0.5],"texture":"#layer0","tintindex":0},"north":{"uv":[12.5,1.0,12.0,1.5],"texture":"#layer0","tintindex":0},"west":{"uv":[12.5,12.0,12.0,12.5],"texture":"#layer0","tintindex":0},"up":{"uv":[12.5,1.5,12.0,2.0],"texture":"#layer0","tintindex":0},"down":{"uv":[12.0,2.5,12.5,2.0],"texture":"#layer0","tintindex":0}}},{"name":"body_stem_9","from":[7.6039996,8.2376,6.3367996],"to":[8.396,9.0296,7.1288],"rotation":{"angle":0.0,"axis":"z","origin":[8.0,8.0,8.0]},"faces":{"east":{"uv":[12.0,0.0,12.5,0.5],"texture":"#layer0","tintindex":0},"south":{"uv":[12.0,0.5,12.5,1.0],"texture":"#layer0","tintindex":0},"north":{"uv":[12.0,12.0,12.5,12.5],"texture":"#layer0","tintindex":0},"west":{"uv":[12.0,1.0,12.5,1.5],"texture":"#layer0","tintindex":0},"up":{"uv":[12.5,2.0,12.0,1.5],"texture":"#layer0","tintindex":0},"down":{"uv":[12.0,2.0,12.5,2.5],"texture":"#layer0","tintindex":0}}},{"name":"body_stem_10","from":[7.6039996,8.2376,8.8712],"to":[8.396,9.0296,9.6632],"rotation":{"angle":0.0,"axis":"z","origin":[8.0,8.0,8.0]},"faces":{"east":{"uv":[12.5,0.0,12.0,0.5],"texture":"#layer0","tintindex":0},"south":{"uv":[12.5,12.0,12.0,12.5],"texture":"#layer0","tintindex":0},"north":{"uv":[12.5,0.5,12.0,1.0],"texture":"#layer0","tintindex":0},"west":{"uv":[12.5,1.0,12.0,1.5],"texture":"#layer0","tintindex":0},"up":{"uv":[12.5,1.5,12.0,2.0],"texture":"#layer0","tintindex":0},"down":{"uv":[12.0,2.5,12.5,2.0],"texture":"#layer0","tintindex":0}}}],"display":{"head":{"translation":[0.0,-6.4,0.0],"rotation":[0.0,0.0,0.0],"scale":[3.8095,3.8095,3.8095]},"gui":{"translation":[0.0,0.0,0.0],"rotation":[35.0,225.0,0.0],"scale":[0.625,0.625,0.625]}}}