{"file_name":"bottomleg5","texture_size":[64,64],"textures":{"layer0":"manamodels/kryknapet"},"elements":[{"name":"bottomleg5_0","from":[2.9311998,7.6832,7.6832],"to":[8.0,8.3168,8.3168],"rotation":{"angle":0.0,"axis":"z","origin":[8.0,8.0,8.0]},"faces":{"east":{"uv":[8.0,12.0,7.5,12.5],"texture":"#layer0","tintindex":0},"south":{"uv":[12.0,7.5,8.0,8.0],"texture":"#layer0","tintindex":0},"north":{"uv":[12.0,7.0,8.0,7.5],"texture":"#layer0","tintindex":0},"west":{"uv":[7.5,12.0,7.0,12.5],"texture":"#layer0","tintindex":0},"up":{"uv":[0.0,10.5,4.0,10.0],"texture":"#layer0","tintindex":0},"down":{"uv":[4.0,10.5,0.0,11.0],"texture":"#layer0","tintindex":0}}}],"display":{"head":{"translation":[0.0,-6.4,0.0],"rotation":[0.0,0.0,0.0],"scale":[3.8095,3.8095,3.8095]},"gui":{"translation":[0.0,0.0,0.0],"rotation":[35.0,225.0,0.0],"scale":[0.625,0.625,0.625]}}}