{"file_name":"eggsac","texture_size":[64,64],"textures":{"layer0":"manamodels/kryknapet"},"elements":[{"name":"eggsac_0","from":[5.465599,8.0,5.4656],"to":[10.534399,14.336001,10.5344],"rotation":{"angle":0.0,"axis":"z","origin":[8.0,8.0,8.0]},"faces":{"east":{"uv":[4.0,4.0,8.0,9.0],"texture":"#layer0","tintindex":0},"south":{"uv":[0.0,5.0,4.0,10.0],"texture":"#layer0","tintindex":0},"north":{"uv":[0.0,0.0,4.0,5.0],"texture":"#layer0","tintindex":0},"west":{"uv":[8.0,8.0,12.0,13.0],"texture":"#layer0","tintindex":0},"up":{"uv":[8.0,4.0,4.0,0.0],"texture":"#layer0","tintindex":0},"down":{"uv":[8.0,0.0,12.0,4.0],"texture":"#layer0","tintindex":0}}}],"display":{"head":{"translation":[0.0,-6.4,0.0],"rotation":[0.0,0.0,0.0],"scale":[3.8095,3.8095,3.8095]},"gui":{"translation":[0.0,0.0,0.0],"rotation":[35.0,225.0,0.0],"scale":[0.625,0.625,0.625]}}}