{"display":{"thirdperson_righthand":{"translation":[0,4.5,1.75],"scale":[0.7,0.7,0.7]},"thirdperson_lefthand":{"translation":[0,4.5,1.75],"scale":[0.7,0.7,0.7]},"firstperson_righthand":{"translation":[0,1.75,0],"scale":[0.7,0.7,0.7]},"firstperson_lefthand":{"translation":[0,1.75,0],"scale":[0.7,0.7,0.7]},"ground":{"rotation":[54,0,0],"scale":[0.3,0.3,0.3]},"gui":{"rotation":[85,45,108],"translation":[1.75,2.25,0],"scale":[0.65,-0.65,0.65]},"head":{"translation":[0,4,0]},"fixed":{"rotation":[90,-45,90],"translation":[-1.5,0.75,-0.75],"scale":[0.65,0.65,0.65]}},"texture_size":[64,64],"textures":{"0":"gear/pickaxe/rage_pickaxe","particle":"gear/pickaxe/rage_pickaxe"},"elements":[{"from":[7.025,-3,7],"to":[8.975,8,9],"faces":{"north":{"uv":[3,2,3.5,4.75],"texture":"#0"},"east":{"uv":[3.75,2,4.25,4.75],"texture":"#0"},"south":{"uv":[4.5,2,5,4.75],"texture":"#0"},"west":{"uv":[3,5,3.5,7.75],"texture":"#0"},"up":{"uv":[7.25,2,6.75,1.5],"texture":"#0"},"down":{"uv":[7.75,0,7.25,0.5],"texture":"#0"}}},{"from":[7,7.35089,8.26327],"to":[9,15.35089,10.26327],"rotation":{"angle":22.5,"axis":"x","origin":[8,10.85089,9.26327]},"faces":{"north":{"uv":[5.25,2,5.75,4],"texture":"#0"},"east":{"uv":[5.25,4.25,5.75,6.25],"texture":"#0"},"south":{"uv":[0,6,0.5,8],"texture":"#0"},"west":{"uv":[6,0,6.5,2],"texture":"#0"},"up":{"uv":[7.75,1.25,7.25,0.75],"texture":"#0"},"down":{"uv":[8,1.5,7.5,2],"texture":"#0"}}},{"from":[7.5,11.35089,3.26327],"to":[8.5,14.35089,14.26327],"rotation":{"angle":22.5,"axis":"x","origin":[8,10.85089,9.26327]},"faces":{"north":{"uv":[7.5,2.25,7.75,3],"texture":"#0"},"east":{"uv":[3,0,5.75,0.75],"texture":"#0"},"south":{"uv":[3.75,7.5,4,8.25],"texture":"#0"},"west":{"uv":[3,1,5.75,1.75],"texture":"#0"},"up":{"uv":[1,8.75,0.75,6],"texture":"#0"},"down":{"uv":[1.5,6,1.25,8.75],"texture":"#0"}}},{"from":[8,4.71121,10.53386],"to":[8,15.71121,21.53386],"rotation":{"angle":-22.5,"axis":"x","origin":[8,10.21121,16.03386]},"faces":{"north":{"uv":[2.75,6,2.75,8.75],"texture":"#0"},"east":{"uv":[0,0,2.75,2.75],"texture":"#0"},"south":{"uv":[6.75,7,6.75,9.75],"texture":"#0"},"west":{"uv":[0,3,2.75,5.75],"texture":"#0"},"up":{"uv":[7,10.5,7,7.75],"texture":"#0"},"down":{"uv":[7.25,7.75,7.25,10.5],"texture":"#0"}}},{"from":[7.525,14.38057,0.05939],"to":[8.475,16.38057,5.05939],"rotation":{"angle":0,"axis":"x","origin":[8,12.88057,0.05939]},"faces":{"north":{"uv":[7.5,4.75,7.75,5.25],"texture":"#0"},"east":{"uv":[6,2.25,7.25,2.75],"texture":"#0"},"south":{"uv":[7.5,5.5,7.75,6],"texture":"#0"},"west":{"uv":[6,3,7.25,3.5],"texture":"#0"},"up":{"uv":[6.5,8.25,6.25,7],"texture":"#0"},"down":{"uv":[7.25,6.25,7,7.5],"texture":"#0"}}},{"from":[7.55,13.48358,-3.22062],"to":[8.45,14.48358,4.77938],"rotation":{"angle":-22.5,"axis":"x","origin":[8,11.23358,-3.22062]},"faces":{"north":{"uv":[7.5,6.75,7.75,7],"texture":"#0"},"east":{"uv":[6,3.75,8,4],"texture":"#0"},"south":{"uv":[7.5,7.25,7.75,7.5],"texture":"#0"},"west":{"uv":[6,4.25,8,4.5],"texture":"#0"},"up":{"uv":[6.25,6.75,6,4.75],"texture":"#0"},"down":{"uv":[6.75,4.75,6.5,6.75],"texture":"#0"}}},{"from":[7.5,-8,8],"to":[8.5,1,10],"faces":{"north":{"uv":[1.75,6,2,8.25],"texture":"#0"},"east":{"uv":[3.75,5,4.25,7.25],"texture":"#0"},"south":{"uv":[2.25,6,2.5,8.25],"texture":"#0"},"west":{"uv":[4.5,5,5,7.25],"texture":"#0"},"up":{"uv":[4.5,8,4.25,7.5],"texture":"#0"},"down":{"uv":[5,7.5,4.75,8],"texture":"#0"}}},{"from":[7.5,-13,8],"to":[8.5,-8,9],"faces":{"north":{"uv":[5.25,6.5,5.5,7.75],"texture":"#0"},"east":{"uv":[6.75,0,7,1.25],"texture":"#0"},"south":{"uv":[7,4.75,7.25,6],"texture":"#0"},"west":{"uv":[5.75,7,6,8.25],"texture":"#0"},"up":{"uv":[7.75,3.5,7.5,3.25],"texture":"#0"},"down":{"uv":[7.75,6.25,7.5,6.5],"texture":"#0"}}}],"gui_light":"front"}