{"display":{"thirdperson_righthand":{"translation":[0,-1.75,0.75],"scale":[0.8,0.8,0.8]},"thirdperson_lefthand":{"translation":[0,1.75,0.75],"scale":[0.8,0.8,0.8]},"firstperson_righthand":{"rotation":[21,21,0],"translation":[0,0,-1],"scale":[0.55,0.55,0.55]},"firstperson_lefthand":{"rotation":[21,21,0],"translation":[0,0,-1],"scale":[0.55,0.55,0.55]},"ground":{"rotation":[45,0,0],"scale":[0.25,0.25,0.25]},"gui":{"rotation":[102,45,68],"translation":[-1.75,4.25,0],"scale":[0.5,0.5,0.5]},"head":{"rotation":[-90,0,90],"translation":[0,4.5,-7.5]},"fixed":{"rotation":[90,-45,90],"translation":[2.75,2.75,-0.75],"scale":[0.5,0.5,0.5]}},"texture_size":[128,128],"textures":{"0":"crates/mythical/mythical_bow","particle":"crates/mythical/mythical_bow"},"elements":[{"from":[7,4,4],"to":[9,5,5],"rotation":{"angle":-45,"axis":"x","origin":[8,4.5,5]},"faces":{"north":{"uv":[4.5,2.75,4.75,2.875],"texture":"#0"},"east":{"uv":[2.25,6,2.375,6.125],"texture":"#0"},"south":{"uv":[2,5.75,2.25,5.875],"texture":"#0"},"west":{"uv":[2.5,6,2.625,6.125],"texture":"#0"},"up":{"uv":[2.625,5.875,2.375,5.75],"texture":"#0"},"down":{"uv":[3,5.75,2.75,5.875],"texture":"#0"}}},{"from":[7,-0.25,3.75],"to":[9,2.75,6.75],"rotation":{"angle":-45,"axis":"x","origin":[8,4.5,5]},"faces":{"north":{"uv":[2.25,4.5,2.5,4.875],"texture":"#0"},"east":{"uv":[4.5,0,4.875,0.375],"texture":"#0"},"south":{"uv":[4.5,2.25,4.75,2.625],"texture":"#0"},"west":{"uv":[0.5,4.5,0.875,4.875],"texture":"#0"},"up":{"uv":[2.875,4.875,2.625,4.5],"texture":"#0"},"down":{"uv":[5.125,1,4.875,1.375],"texture":"#0"}}},{"from":[7.525,3.26746,8.65538],"to":[8.475,7.26746,9.65538],"rotation":{"angle":22.5,"axis":"x","origin":[8,6.26746,9.15538]},"faces":{"north":{"uv":[5,4.5,5.125,5],"texture":"#0"},"east":{"uv":[4.75,5,4.875,5.5],"texture":"#0"},"south":{"uv":[1.5,5.125,1.625,5.625],"texture":"#0"},"west":{"uv":[1.75,5.125,1.875,5.625],"texture":"#0"},"up":{"uv":[6.125,0.875,6,0.75],"texture":"#0"},"down":{"uv":[6.125,1,6,1.125],"texture":"#0"}}},{"from":[7.5,6.73254,2.65538],"to":[8.5,9.73254,3.65538],"rotation":{"angle":-22.5,"axis":"x","origin":[8,9.73254,9.15538]},"faces":{"north":{"uv":[5,0.5,5.125,0.875],"texture":"#0"},"east":{"uv":[5.5,4.75,5.625,5.125],"texture":"#0"},"south":{"uv":[5.625,1.625,5.75,2],"texture":"#0"},"west":{"uv":[5.625,2.125,5.75,2.5],"texture":"#0"},"up":{"uv":[2.875,6.125,2.75,6],"texture":"#0"},"down":{"uv":[3.125,6,3,6.125],"texture":"#0"}}},{"from":[7.5,3.97867,6.78565],"to":[8.5,4.97867,9.78565],"rotation":{"angle":22.5,"axis":"x","origin":[8,10.47867,6.78565]},"faces":{"north":{"uv":[6,4.625,6.125,4.75],"texture":"#0"},"east":{"uv":[0.5,5.75,0.875,5.875],"texture":"#0"},"south":{"uv":[6,4.875,6.125,5],"texture":"#0"},"west":{"uv":[5.75,0.5,6.125,0.625],"texture":"#0"},"up":{"uv":[5.875,1.125,5.75,0.75],"texture":"#0"},"down":{"uv":[1.125,5.75,1,6.125],"texture":"#0"}}},{"from":[7.5,7,9],"to":[8.5,9,10],"rotation":{"angle":0,"axis":"y","origin":[-0.5,16,0]},"faces":{"north":{"uv":[1.25,6,1.375,5.75],"texture":"#0"},"east":{"uv":[5.75,1.5,5.875,1.25],"texture":"#0"},"south":{"uv":[1.5,6,1.625,5.75],"texture":"#0"},"west":{"uv":[1.75,6,1.875,5.75],"texture":"#0"},"up":{"uv":[0.875,6.125,0.75,6],"texture":"#0"},"down":{"uv":[0.625,6,0.5,6.125],"texture":"#0"}}},{"from":[7.525,8.73254,8.65538],"to":[8.475,12.73254,9.65538],"rotation":{"angle":-22.5,"axis":"x","origin":[8,9.73254,9.15538]},"faces":{"north":{"uv":[5,5,5.125,4.5],"texture":"#0"},"east":{"uv":[4.75,5.5,4.875,5],"texture":"#0"},"south":{"uv":[1.5,5.625,1.625,5.125],"texture":"#0"},"west":{"uv":[1.75,5.625,1.875,5.125],"texture":"#0"},"up":{"uv":[6.125,1.125,6,1],"texture":"#0"},"down":{"uv":[6.125,0.75,6,0.875],"texture":"#0"}}},{"from":[7,7,3],"to":[9,9,5],"rotation":{"angle":-45,"axis":"z","origin":[8,8,4.5]},"faces":{"north":{"uv":[5.25,2,5.5,1.75],"texture":"#0"},"east":{"uv":[5.25,2.375,5.5,2.125],"texture":"#0"},"south":{"uv":[5.25,2.75,5.5,2.5],"texture":"#0"},"west":{"uv":[5.25,3.125,5.5,2.875],"texture":"#0"},"up":{"uv":[5.5,3.875,5.25,3.625],"texture":"#0"},"down":{"uv":[5.5,3.25,5.25,3.5],"texture":"#0"}}},{"from":[7,11,4],"to":[9,12,5],"rotation":{"angle":45,"axis":"x","origin":[8,11.5,5]},"faces":{"north":{"uv":[4.5,2.875,4.75,2.75],"texture":"#0"},"east":{"uv":[2.25,6.125,2.375,6],"texture":"#0"},"south":{"uv":[2,5.875,2.25,5.75],"texture":"#0"},"west":{"uv":[2.5,6.125,2.625,6],"texture":"#0"},"up":{"uv":[3,5.875,2.75,5.75],"texture":"#0"},"down":{"uv":[2.625,5.75,2.375,5.875],"texture":"#0"}}},{"from":[7.5,6.26746,2.65538],"to":[8.5,9.26746,3.65538],"rotation":{"angle":22.5,"axis":"x","origin":[8,6.26746,9.15538]},"faces":{"north":{"uv":[5,0.875,5.125,0.5],"texture":"#0"},"east":{"uv":[5.5,5.125,5.625,4.75],"texture":"#0"},"south":{"uv":[5.625,2,5.75,1.625],"texture":"#0"},"west":{"uv":[5.625,2.5,5.75,2.125],"texture":"#0"},"up":{"uv":[3.125,6.125,3,6],"texture":"#0"},"down":{"uv":[2.875,6,2.75,6.125],"texture":"#0"}}},{"from":[7.5,11.02133,6.78565],"to":[8.5,12.02133,9.78565],"rotation":{"angle":-22.5,"axis":"x","origin":[8,5.52133,6.78565]},"faces":{"north":{"uv":[6,4.75,6.125,4.625],"texture":"#0"},"east":{"uv":[0.5,5.875,0.875,5.75],"texture":"#0"},"south":{"uv":[6,5,6.125,4.875],"texture":"#0"},"west":{"uv":[5.75,0.625,6.125,0.5],"texture":"#0"},"up":{"uv":[1.125,6.125,1,5.75],"texture":"#0"},"down":{"uv":[5.875,0.75,5.75,1.125],"texture":"#0"}}},{"from":[7,13.25,3.75],"to":[9,16.25,6.75],"rotation":{"angle":45,"axis":"x","origin":[8,11.5,5]},"faces":{"north":{"uv":[2.25,4.875,2.5,4.5],"texture":"#0"},"east":{"uv":[4.5,0.375,4.875,0],"texture":"#0"},"south":{"uv":[4.5,2.625,4.75,2.25],"texture":"#0"},"west":{"uv":[0.5,4.875,0.875,4.5],"texture":"#0"},"up":{"uv":[5.125,1.375,4.875,1],"texture":"#0"},"down":{"uv":[2.875,4.5,2.625,4.875],"texture":"#0"}}},{"from":[7.25,-8.12959,3.73553],"to":[7.25,2.87041,14.73553],"rotation":{"angle":22.5,"axis":"x","origin":[8,1.47183,6.72487]},"faces":{"north":{"uv":[5.5,6.125,5.5,7.5],"texture":"#0"},"east":{"uv":[1.5,0,2.875,1.375],"texture":"#0"},"south":{"uv":[5.625,6.125,5.625,7.5],"texture":"#0"},"west":{"uv":[1.5,1.5,2.875,2.875],"texture":"#0"},"up":{"uv":[6.25,1.375,6.25,0],"texture":"#0"},"down":{"uv":[0.5,6.25,0.5,7.625],"texture":"#0"}}},{"from":[8.75,-8.12959,3.73553],"to":[8.75,2.87041,14.73553],"rotation":{"angle":22.5,"axis":"x","origin":[8,1.47183,6.72487]},"faces":{"north":{"uv":[5.5,6.125,5.5,7.5],"texture":"#0"},"east":{"uv":[2.875,1.5,1.5,2.875],"texture":"#0"},"south":{"uv":[5.625,6.125,5.625,7.5],"texture":"#0"},"west":{"uv":[2.875,0,1.5,1.375],"texture":"#0"},"up":{"uv":[6.25,1.375,6.25,0],"texture":"#0"},"down":{"uv":[0.5,6.25,0.5,7.625],"texture":"#0"}}},{"from":[7.5,-2,7],"to":[8.5,2,9],"rotation":{"angle":0,"axis":"y","origin":[7.5,2.22183,7.97487]},"faces":{"north":{"uv":[5.25,4,5.375,4.5],"texture":"#0"},"east":{"uv":[4.5,1,4.75,1.5],"texture":"#0"},"south":{"uv":[5.25,4.625,5.375,5.125],"texture":"#0"},"west":{"uv":[1.5,4.5,1.75,5],"texture":"#0"},"up":{"uv":[5.875,5,5.75,4.75],"texture":"#0"},"down":{"uv":[5.125,5.75,5,6],"texture":"#0"}}},{"from":[7.525,-3.30556,5.45859],"to":[8.475,-1.30556,7.45859],"rotation":{"angle":-22.5,"axis":"x","origin":[7.5,2.22183,7.97487]},"faces":{"north":{"uv":[5.75,5.5,5.875,5.75],"texture":"#0"},"east":{"uv":[5.25,5.25,5.5,5.5],"texture":"#0"},"south":{"uv":[5.875,1.625,6,1.875],"texture":"#0"},"west":{"uv":[5.375,0,5.625,0.25],"texture":"#0"},"up":{"uv":[6,2.25,5.875,2],"texture":"#0"},"down":{"uv":[6,2.375,5.875,2.625],"texture":"#0"}}},{"from":[7.55,-8.30556,5.45859],"to":[8.45,-3.30556,6.45859],"rotation":{"angle":-22.5,"axis":"x","origin":[7.5,2.22183,7.97487]},"faces":{"north":{"uv":[0.5,5,0.625,5.625],"texture":"#0"},"east":{"uv":[0.75,5,0.875,5.625],"texture":"#0"},"south":{"uv":[1,5,1.125,5.625],"texture":"#0"},"west":{"uv":[1.25,5,1.375,5.625],"texture":"#0"},"up":{"uv":[6.125,5.625,6,5.5],"texture":"#0"},"down":{"uv":[6.125,5.75,6,5.875],"texture":"#0"}}},{"from":[7.575,-11.54127,1.62147],"to":[8.425,-6.54127,2.62147],"rotation":{"angle":-45,"axis":"x","origin":[7.5,2.22183,7.97487]},"faces":{"north":{"uv":[2.25,5,2.375,5.625],"texture":"#0"},"east":{"uv":[2.5,5,2.625,5.625],"texture":"#0"},"south":{"uv":[2.75,5,2.875,5.625],"texture":"#0"},"west":{"uv":[3,5,3.125,5.625],"texture":"#0"},"up":{"uv":[6.125,6.125,6,6],"texture":"#0"},"down":{"uv":[1.375,6.125,1.25,6.25],"texture":"#0"}}},{"from":[8,-16,10.65243],"to":[8,-8.82083,17.65243],"rotation":{"angle":0,"axis":"y","origin":[7.5,-11.27817,12.97487]},"faces":{"north":{"uv":[6.125,3.5,6.125,4.375],"texture":"#0"},"east":{"uv":[3,3,3.875,3.875],"texture":"#0"},"south":{"uv":[5.125,6.125,5.125,7],"texture":"#0"},"west":{"uv":[3,4,3.875,4.875],"texture":"#0"},"up":{"uv":[5.25,7,5.25,6.125],"texture":"#0"},"down":{"uv":[5.375,6.125,5.375,7],"texture":"#0"}}},{"from":[8,-10.17917,12.15243],"to":[8,8,12.65243],"rotation":{"angle":0,"axis":"y","origin":[8,27.9408,13.15243]},"faces":{"north":{"uv":[2.75,10.75,2.75,6.25],"texture":"#0"},"east":{"uv":[0,6.75,0.125,9],"texture":"#0"},"south":{"uv":[2.875,10.75,2.875,6.25],"texture":"#0"},"west":{"uv":[0.25,6.875,0.375,4.5],"texture":"#0"},"up":{"uv":[6.125,5.25,6.125,5.125],"texture":"#0"},"down":{"uv":[4.625,5.75,4.625,5.875],"texture":"#0"}}},{"from":[8,8,12.15243],"to":[8,26.17917,12.65243],"rotation":{"angle":0,"axis":"y","origin":[8,-11.9408,13.15243]},"faces":{"north":{"uv":[2.75,6.25,2.75,10.75],"texture":"#0"},"east":{"uv":[0,4.5,0.125,6.75],"texture":"#0"},"south":{"uv":[2.875,6.25,2.875,10.75],"texture":"#0"},"west":{"uv":[0.25,4.5,0.375,6.875],"texture":"#0"},"up":{"uv":[4.625,5.875,4.625,5.75],"texture":"#0"},"down":{"uv":[6.125,5.125,6.125,5.25],"texture":"#0"}}},{"from":[7.25,13.77817,1.97487],"to":[7.25,24.77817,12.97487],"rotation":{"angle":-22.5,"axis":"x","origin":[7.5,19.27817,7.47487]},"faces":{"north":{"uv":[5.5,7.5,5.5,6.125],"texture":"#0"},"east":{"uv":[1.5,1.375,2.875,0],"texture":"#0"},"south":{"uv":[5.625,7.5,5.625,6.125],"texture":"#0"},"west":{"uv":[1.5,2.875,2.875,1.5],"texture":"#0"},"up":{"uv":[0.5,7.625,0.5,6.25],"texture":"#0"},"down":{"uv":[6.25,0,6.25,1.375],"texture":"#0"}}},{"from":[8.75,13.77817,1.97487],"to":[8.75,24.77817,12.97487],"rotation":{"angle":-22.5,"axis":"x","origin":[8.5,19.27817,7.47487]},"faces":{"north":{"uv":[5.5,7.5,5.5,6.125],"texture":"#0"},"east":{"uv":[2.875,2.875,1.5,1.5],"texture":"#0"},"south":{"uv":[5.625,7.5,5.625,6.125],"texture":"#0"},"west":{"uv":[2.875,1.375,1.5,0],"texture":"#0"},"up":{"uv":[0.5,7.625,0.5,6.25],"texture":"#0"},"down":{"uv":[6.25,0,6.25,1.375],"texture":"#0"}}},{"from":[7.5,14,7],"to":[8.5,18,9],"rotation":{"angle":0,"axis":"y","origin":[-0.5,16,0]},"faces":{"north":{"uv":[5.25,4.5,5.375,4],"texture":"#0"},"east":{"uv":[4.5,1.5,4.75,1],"texture":"#0"},"south":{"uv":[5.25,5.125,5.375,4.625],"texture":"#0"},"west":{"uv":[1.5,5,1.75,4.5],"texture":"#0"},"up":{"uv":[5.125,6,5,5.75],"texture":"#0"},"down":{"uv":[5.875,4.75,5.75,5],"texture":"#0"}}},{"from":[7.525,17.46508,7.68925],"to":[8.475,19.46508,9.68925],"rotation":{"angle":22.5,"axis":"x","origin":[8,19.46508,8.68925]},"faces":{"north":{"uv":[5.75,5.75,5.875,5.5],"texture":"#0"},"east":{"uv":[5.25,5.5,5.5,5.25],"texture":"#0"},"south":{"uv":[5.875,1.875,6,1.625],"texture":"#0"},"west":{"uv":[5.375,0.25,5.625,0],"texture":"#0"},"up":{"uv":[6,2.625,5.875,2.375],"texture":"#0"},"down":{"uv":[6,2,5.875,2.25],"texture":"#0"}}},{"from":[7.55,19.46508,7.68925],"to":[8.45,24.46508,8.68925],"rotation":{"angle":22.5,"axis":"x","origin":[8,19.46508,8.68925]},"faces":{"north":{"uv":[0.5,5.625,0.625,5],"texture":"#0"},"east":{"uv":[0.75,5.625,0.875,5],"texture":"#0"},"south":{"uv":[1,5.625,1.125,5],"texture":"#0"},"west":{"uv":[1.25,5.625,1.375,5],"texture":"#0"},"up":{"uv":[6.125,5.875,6,5.75],"texture":"#0"},"down":{"uv":[6.125,5.5,6,5.625],"texture":"#0"}}},{"from":[7.575,23.76005,9.38589],"to":[8.425,28.76005,10.38589],"rotation":{"angle":45,"axis":"x","origin":[8,23.76005,10.38589]},"faces":{"north":{"uv":[2.25,5.625,2.375,5],"texture":"#0"},"east":{"uv":[2.5,5.625,2.625,5],"texture":"#0"},"south":{"uv":[2.75,5.625,2.875,5],"texture":"#0"},"west":{"uv":[3,5.625,3.125,5],"texture":"#0"},"up":{"uv":[1.375,6.25,1.25,6.125],"texture":"#0"},"down":{"uv":[6.125,6,6,6.125],"texture":"#0"}}},{"from":[8,24.82083,10.65243],"to":[8,32,17.65243],"rotation":{"angle":0,"axis":"y","origin":[8,27.9408,13.15243]},"faces":{"north":{"uv":[6.125,4.375,6.125,3.5],"texture":"#0"},"east":{"uv":[3,3.875,3.875,3],"texture":"#0"},"south":{"uv":[5.125,7,5.125,6.125],"texture":"#0"},"west":{"uv":[3,4.875,3.875,4],"texture":"#0"},"up":{"uv":[5.375,7,5.375,6.125],"texture":"#0"},"down":{"uv":[5.25,6.125,5.25,7],"texture":"#0"}}}],"gui_light":"front"}