{"credit":"Made with Blockbench","textures":{"0":"manalabs:gear/sword/goblin_dagger","particle":"minecraft:block/dirt"},"elements":[{"from":[7.05,3.00139,7.56428],"to":[8.25,6.00139,9.36428],"rotation":{"angle":22.5,"axis":"x","origin":[7.65,5.13037,8.78862]},"faces":{"north":{"uv":[8,11,7,14],"rotation":180,"texture":"#0"},"east":{"uv":[0,8,3,10],"rotation":270,"texture":"#0"},"south":{"uv":[12,8,11,5],"texture":"#0"},"west":{"uv":[3,8,6,10],"rotation":90,"texture":"#0"},"up":{"uv":[1,12,2,14],"rotation":180,"texture":"#0"},"down":{"uv":[12,1,13,3],"texture":"#0"}}},{"from":[7.35,1.31867,7.72437],"to":[7.95,4.01867,8.92437],"rotation":{"angle":0,"axis":"y","origin":[7.65,5.13037,8.78862]},"faces":{"north":{"uv":[1,12,0,15],"rotation":180,"texture":"#0"},"east":{"uv":[8,11,11,12],"rotation":270,"texture":"#0"},"south":{"uv":[12,12,11,9],"texture":"#0"},"west":{"uv":[11,8,14,9],"rotation":90,"texture":"#0"},"down":{"uv":[10,5,11,6],"texture":"#0"}}},{"from":[7.41,-0.25541,6.42228],"to":[7.89,2.02459,7.38228],"rotation":{"angle":-22.5,"axis":"x","origin":[7.65,5.13037,8.78862]},"faces":{"north":{"uv":[13,4,12,6],"rotation":180,"texture":"#0"},"east":{"uv":[2,12,4,13],"rotation":270,"texture":"#0"},"south":{"uv":[5,14,4,12],"texture":"#0"},"west":{"uv":[12,3,14,4],"rotation":90,"texture":"#0"},"down":{"uv":[13,1,14,2],"texture":"#0"}}},{"from":[7.4724,0.97792,12.88527],"to":[7.8276,1.68832,14.57247],"rotation":{"angle":45,"axis":"x","origin":[7.65,5.13037,8.78862]},"faces":{"east":{"uv":[12,6,13,8],"rotation":270,"texture":"#0"},"south":{"uv":[3,14,2,13],"texture":"#0"},"west":{"uv":[9,12,10,14],"rotation":90,"texture":"#0"},"up":{"uv":[5,12,6,14],"rotation":180,"texture":"#0"},"down":{"uv":[8,12,9,14],"texture":"#0"}}},{"from":[7.35,-2.28423,9.65841],"to":[7.95,-1.08423,10.85841],"rotation":{"angle":0,"axis":"y","origin":[7.65,5.13037,8.78862]},"faces":{"north":{"uv":[14,7,13,8],"rotation":180,"texture":"#0"},"east":{"uv":[3,13,4,14],"rotation":270,"texture":"#0"},"south":{"uv":[14,7,13,6],"texture":"#0"},"west":{"uv":[13,5,14,6],"rotation":90,"texture":"#0"},"up":{"uv":[13,2,14,3],"rotation":180,"texture":"#0"},"down":{"uv":[13,4,14,5],"texture":"#0"}}},{"from":[7.65,-3.76531,6.17306],"to":[7.65,4.93469,9.77306],"rotation":{"angle":-22.5,"axis":"x","origin":[7.65,5.13037,8.78862]},"faces":{"east":{"uv":[0,0,9,4],"rotation":270,"texture":"#0"},"west":{"uv":[0,4,9,8],"rotation":90,"texture":"#0"}}},{"from":[6.81,4.70987,7.61726],"to":[8.49,7.34987,10.25726],"rotation":{"angle":-45,"axis":"x","origin":[7.65,5.13037,8.78862]},"faces":{"north":{"uv":[13,11,12,13],"rotation":180,"texture":"#0"},"east":{"uv":[9,6,11,8],"rotation":270,"texture":"#0"},"south":{"uv":[12,14,11,12],"texture":"#0"},"west":{"uv":[7,9,9,11],"rotation":90,"texture":"#0"},"up":{"uv":[12,9,13,11],"rotation":180,"texture":"#0"},"down":{"uv":[10,12,11,14],"texture":"#0"}}},{"from":[7.05,6.89151,7.65768],"to":[8.25,11.69151,8.85768],"rotation":{"angle":0,"axis":"y","origin":[7.65,5.13037,8.78862]},"faces":{"north":{"uv":[7,9,6,14],"rotation":180,"texture":"#0"},"east":{"uv":[6,8,11,9],"rotation":270,"texture":"#0"},"south":{"uv":[10,6,9,1],"texture":"#0"},"west":{"uv":[9,0,14,1],"rotation":90,"texture":"#0"},"up":{"uv":[13,9,14,10],"rotation":180,"texture":"#0"},"down":{"uv":[13,10,14,11],"texture":"#0"}}},{"from":[6.9,9.00148,2.66666],"to":[8.4,10.50148,4.16666],"rotation":{"angle":45,"axis":"x","origin":[7.65,5.13037,8.78862]},"faces":{"north":{"uv":[6,10,4,12],"rotation":180,"texture":"#0"},"east":{"uv":[0,10,2,12],"rotation":270,"texture":"#0"},"south":{"uv":[12,5,10,3],"texture":"#0"},"west":{"uv":[2,10,4,12],"rotation":90,"texture":"#0"},"up":{"uv":[9,9,11,11],"rotation":180,"texture":"#0"},"down":{"uv":[10,1,12,3],"texture":"#0"}}}],"display":{"thirdperson_righthand":{"translation":[0,-3.5,1]},"thirdperson_lefthand":{"translation":[0,-3.5,1]},"firstperson_righthand":{"rotation":[-55,0,-10],"translation":[0,3.5,0]},"firstperson_lefthand":{"rotation":[-55,0,-10],"translation":[0,3.5,0]},"ground":{"rotation":[0,0,80],"translation":[-2,3,0],"scale":[0.8,0.8,0.8]},"gui":{"rotation":[50,-55,80],"translation":[0,3,0]},"fixed":{"rotation":[0,90,0],"translation":[-3,6.25,-1.25],"scale":[2,2,2]}},"groups":[{"name":"sword","origin":[7.65,3.67488,8.84959],"color":0,"children":[0,1,2,3,4,5,6,7,8]}]}