{"display":{"gui":{"rotation":[0,106,0],"translation":[0,2.25,0]},"head":{"translation":[0,14,0],"scale":[1.25,1.25,1.25]}},"texture_size":[64,64],"textures":{"0":"crates/valentine20_crate/hat","particle":"crates/valentine20_crate/hat"},"elements":[{"from":[3,0,3],"to":[13,12,13],"rotation":{"angle":0,"axis":"y","origin":[8,6,8]},"faces":{"north":{"uv":[6,6,8.5,9],"texture":"#0"},"east":{"uv":[6,0,8.5,3],"texture":"#0"},"south":{"uv":[3.5,3.5,6,6.5],"texture":"#0"},"west":{"uv":[3.5,0,6,3],"texture":"#0"},"up":{"uv":[8.5,5.5,6,3],"rotation":180,"texture":"#0"},"down":{"uv":[6,6.5,3.5,9],"rotation":180,"texture":"#0"}}},{"from":[2.75,1,2.75],"to":[8.75,7,2.75],"rotation":{"angle":45,"axis":"z","origin":[5.75,4,2.75]},"faces":{"north":{"uv":[8.5,0,10,1.5],"texture":"#0"},"east":{"uv":[0,0,0,1.5],"texture":"#0"},"south":{"uv":[8.5,1.5,10,3],"texture":"#0"},"west":{"uv":[0,0,0,1.5],"texture":"#0"},"up":{"uv":[1.5,0,0,0],"texture":"#0"},"down":{"uv":[1.5,0,0,0],"texture":"#0"}}},{"from":[1,-0.0625,1],"to":[15,2.4375,15],"rotation":{"angle":0,"axis":"y","origin":[11,7.9375,15]},"faces":{"north":{"uv":[0,7,3.5,7.75],"texture":"#0"},"east":{"uv":[0,7.75,3.5,8.5],"texture":"#0"},"south":{"uv":[0,8.5,3.5,9.25],"texture":"#0"},"west":{"uv":[8.5,8.5,12,9.25],"texture":"#0"},"up":{"uv":[3.5,3.5,0,0],"texture":"#0"},"down":{"uv":[3.5,3.5,0,7],"texture":"#0"}}}],"gui_light":"front"}