{"textures":{"0":"modelengine:custom/deer","particle":"modelengine:custom/deer"},"elements":[{"from":[3.2810602,-0.13425064,7.33936],"to":[7.50778,6.625139,12.175],"faces":{"east":{"uv":[0.625,5.0,0.0,5.875],"tintindex":0,"rotation":0,"texture":"#0"},"south":{"uv":[3.0,6.25,2.5,7.125],"tintindex":0,"rotation":0,"texture":"#0"},"north":{"uv":[4.25,5.75,3.75,6.625],"tintindex":0,"rotation":0,"texture":"#0"},"west":{"uv":[2.0,3.625,1.375,4.5],"tintindex":0,"rotation":0,"texture":"#0"},"up":{"uv":[2.5,7.75,3.0,7.125],"tintindex":0,"rotation":0,"texture":"#0"},"down":{"uv":[5.375,7.125,5.875,7.75],"tintindex":0,"rotation":0,"texture":"#0"}}},{"from":[4.57957,4.0667887,7.32238],"to":[10.618179,9.706879,12.26395],"faces":{"east":{"uv":[6.5,1.375,5.875,2.125],"tintindex":0,"rotation":0,"texture":"#0"},"south":{"uv":[6.125,3.75,5.375,4.5],"tintindex":0,"rotation":0,"texture":"#0"},"north":{"uv":[6.0,4.75,5.25,5.5],"tintindex":0,"rotation":0,"texture":"#0"},"west":{"uv":[0.625,5.875,0.0,6.625],"tintindex":0,"rotation":0,"texture":"#0"},"up":{"uv":[6.0,5.125,6.75,4.5],"tintindex":0,"rotation":0,"texture":"#0"},"down":{"uv":[6.125,2.125,6.875,2.75],"tintindex":0,"rotation":0,"texture":"#0"}},"rotation":{"origin":[6.99888,6.9868298,9.44316],"angle":-45.0,"axis":"z"}},{"from":[3.4785795,-1.6890106,7.02116],"to":[6.70234,1.3332596,14.26719],"faces":{"east":{"uv":[1.75,7.875,2.125,7.0],"tintindex":0,"rotation":270,"texture":"#0"},"south":{"uv":[3.5,8.375,3.875,8.75],"tintindex":0,"rotation":0,"texture":"#0"},"north":{"uv":[3.125,8.75,3.5,8.375],"tintindex":0,"rotation":180,"texture":"#0"},"west":{"uv":[1.0,7.875,1.375,7.0],"tintindex":0,"rotation":90,"texture":"#0"},"up":{"uv":[1.75,7.0,1.375,7.875],"tintindex":0,"rotation":0,"texture":"#0"},"down":{"uv":[1.0,7.0,0.625,7.875],"tintindex":0,"rotation":180,"texture":"#0"}},"rotation":{"origin":[5.0944204,-1.7649412,10.9571],"angle":22.5,"axis":"x"}}],"display":{"gui":{"rotation":[30,225,0]}}}