{"display":{"head":{"translation":[0,-8.5,0],"scale":[4,4,4]}},"texture_size":[64,64],"textures":{"0":"impostor/deco/cafetable","particle":"impostor/deco/cafetable"},"elements":[{"from":[5.6,-1,5.6],"to":[10.4,3.4,10.4],"rotation":{"angle":0,"axis":"y","origin":[24.8,20.2,24.8]},"faces":{"north":{"uv":[2.25,15,3.75,15.75],"texture":"#0"},"east":{"uv":[12.5,2.25,14,3],"texture":"#0"},"south":{"uv":[8.75,15,10.25,15.75],"texture":"#0"},"west":{"uv":[7.25,15,8.75,15.75],"texture":"#0"},"up":{"uv":[7.25,15,5.75,13.5],"texture":"#0"},"down":{"uv":[2.75,7,1.25,8.5],"texture":"#0"}}},{"from":[-1.6,3.4,-1.6],"to":[17.6,5.8,17.6],"rotation":{"angle":0,"axis":"y","origin":[24.8,22.6,24.8]},"faces":{"north":{"uv":[10,10.25,16,11],"texture":"#0"},"east":{"uv":[10,10.25,16,11],"texture":"#0"},"south":{"uv":[10,10.25,16,11],"texture":"#0"},"west":{"uv":[10,10.25,16,11],"texture":"#0"},"up":{"uv":[6.25,6.25,0.25,0.25],"texture":"#0"},"down":{"uv":[6.25,0.25,0.25,6.25],"texture":"#0"}}},{"from":[0.8,3.4,-4],"to":[15.2,5.8,-1.6],"rotation":{"angle":0,"axis":"y","origin":[24.8,22.6,5.6]},"faces":{"north":{"uv":[10.25,10.25,14.75,11],"texture":"#0"},"east":{"uv":[10.25,10.25,11,11],"texture":"#0"},"south":{"uv":[15.5,10.25,20,11],"texture":"#0"},"west":{"uv":[14.75,10.25,15.5,11],"texture":"#0"},"up":{"uv":[11.5,13.75,7,13],"texture":"#0"},"down":{"uv":[11.5,3,7,3.75],"texture":"#0"}}},{"from":[0.8,3.4,17.6],"to":[15.2,5.8,20],"rotation":{"angle":0,"axis":"y","origin":[24.8,22.6,27.2]},"faces":{"north":{"uv":[1,1,5.5,1.75],"texture":"#0"},"east":{"uv":[10.25,10.25,11,11],"texture":"#0"},"south":{"uv":[10,10.25,14.5,11],"texture":"#0"},"west":{"uv":[11.25,10.25,12,11],"texture":"#0"},"up":{"uv":[10.75,10,6.25,9.25],"texture":"#0"},"down":{"uv":[11.5,0.5,7,1.25],"texture":"#0"}}},{"from":[-4,3.4,0.8],"to":[-1.6,5.8,15.2],"rotation":{"angle":0,"axis":"y","origin":[5.6,22.6,24.8]},"faces":{"north":{"uv":[11.25,10.25,12,11],"texture":"#0"},"east":{"uv":[1,12.75,5.5,13.5],"texture":"#0"},"south":{"uv":[11.25,10.25,12,11],"texture":"#0"},"west":{"uv":[10.75,10.25,15.25,11],"texture":"#0"},"up":{"uv":[1.25,14.75,0.5,10.25],"texture":"#0"},"down":{"uv":[13.25,4.25,12.5,8.75],"texture":"#0"}}},{"from":[17.6,3.4,0.8],"to":[20,5.8,15.2],"rotation":{"angle":0,"axis":"y","origin":[27.2,22.6,24.8]},"faces":{"north":{"uv":[10.25,10.25,11,11],"texture":"#0"},"east":{"uv":[10,10.25,14.5,11],"texture":"#0"},"south":{"uv":[10,10.25,10.75,11],"texture":"#0"},"west":{"uv":[10.75,15.25,15.25,16],"texture":"#0"},"up":{"uv":[7,15.25,6.25,10.75],"texture":"#0"},"down":{"uv":[2.75,10.25,2,14.75],"texture":"#0"}}}]}