{"display":{"head":{"translation":[8,-27.25,-32.5],"scale":[2,2,2]}},"texture_size":[256,256],"textures":{"1":"impostor/deco/engineconsole"},"elements":[{"name":"body","from":[-6,28,-1],"to":[22,32,27],"rotation":{"angle":0,"axis":"y","origin":[0,12,5]},"faces":{"north":{"uv":[7,1.875,8.75,2.125],"texture":"#1"},"east":{"uv":[7,2.125,8.75,2.375],"texture":"#1"},"south":{"uv":[7,2.375,8.75,2.625],"texture":"#1"},"west":{"uv":[7,2.625,8.75,2.875],"texture":"#1"},"up":{"uv":[1.75,1.75,0,0],"texture":"#1"},"down":{"uv":[1.75,1.75,0,3.5],"texture":"#1"}}},{"name":"corner","from":[20.64214,0,-4.5],"to":[24.64214,27,1.5],"rotation":{"angle":45,"axis":"y","origin":[22.64214,13.5,-1.5]},"faces":{"north":{"uv":[6.25,7.5625,6.5,9.25],"texture":"#1"},"east":{"uv":[1.75,7,2.125,8.6875],"texture":"#1"},"south":{"uv":[6.5,7.5625,6.75,9.25],"texture":"#1"},"west":{"uv":[2.125,7,2.5,8.6875],"texture":"#1"},"up":{"uv":[8.25,7.9375,8,7.5625],"texture":"#1"},"down":{"uv":[1.875,8.6875,1.625,9.0625],"texture":"#1"}}},{"name":"corner","from":[20.58579,0,24.58579],"to":[24.58579,27,30.58579],"rotation":{"angle":-45,"axis":"y","origin":[22.58579,13.5,27.58579]},"faces":{"north":{"uv":[6.75,7.5625,7,9.25],"texture":"#1"},"east":{"uv":[2.5,7,2.875,8.6875],"texture":"#1"},"south":{"uv":[7,7.5625,7.25,9.25],"texture":"#1"},"west":{"uv":[2.875,7,3.25,8.6875],"texture":"#1"},"up":{"uv":[2.125,9.0625,1.875,8.6875],"texture":"#1"},"down":{"uv":[2.375,8.6875,2.125,9.0625],"texture":"#1"}}},{"name":"corner","from":[-8.7028,0,-4.56066],"to":[-4.7028,27,1.43934],"rotation":{"angle":-45,"axis":"y","origin":[-6.7028,13.5,-1.56066]},"faces":{"north":{"uv":[7.25,7.5625,7.5,9.25],"texture":"#1"},"east":{"uv":[3.25,7,3.625,8.6875],"texture":"#1"},"south":{"uv":[7.5,7.5625,7.75,9.25],"texture":"#1"},"west":{"uv":[3.625,7,4,8.6875],"texture":"#1"},"up":{"uv":[2.625,9.0625,2.375,8.6875],"texture":"#1"},"down":{"uv":[2.875,8.6875,2.625,9.0625],"texture":"#1"}}},{"name":"corner","from":[-8.58579,0,24.58579],"to":[-4.58579,27,30.58579],"rotation":{"angle":45,"axis":"y","origin":[-6.58579,13.5,27.58579]},"faces":{"north":{"uv":[7.75,7.75,8,9.4375],"texture":"#1"},"east":{"uv":[4,7,4.375,8.6875],"texture":"#1"},"south":{"uv":[7.75,2.875,8,4.5625],"texture":"#1"},"west":{"uv":[4.375,7,4.75,8.6875],"texture":"#1"},"up":{"uv":[3.125,9.0625,2.875,8.6875],"texture":"#1"},"down":{"uv":[3.375,8.6875,3.125,9.0625],"texture":"#1"}}},{"name":"body","from":[21,26,-0.5],"to":[25,31,26.5],"rotation":{"angle":45,"axis":"z","origin":[23,28.5,12.5]},"faces":{"north":{"uv":[3.8125,8.6875,4.0625,9],"texture":"#1"},"east":{"uv":[4.75,7,6.4375,7.3125],"texture":"#1"},"south":{"uv":[4.0625,8.6875,4.3125,9],"texture":"#1"},"west":{"uv":[6.4375,7,8.125,7.3125],"texture":"#1"},"up":{"uv":[8,6.25,7.75,4.5625],"texture":"#1"},"down":{"uv":[0.25,7.875,0,9.5625],"texture":"#1"}}},{"name":"body","from":[-6,0,27],"to":[22,28,31],"rotation":{"angle":0,"axis":"y","origin":[0,8,33]},"faces":{"north":{"uv":[1.75,1.75,3.5,3.5],"texture":"#1"},"east":{"uv":[7,2.875,7.25,4.625],"texture":"#1"},"south":{"uv":[1.75,0,3.5,1.75],"texture":"#1"},"west":{"uv":[7,4.625,7.25,6.375],"texture":"#1"},"up":{"uv":[8.75,6.625,7,6.375],"texture":"#1"},"down":{"uv":[8.75,6.625,7,6.875],"texture":"#1"}}},{"name":"body","from":[-6,0,-5],"to":[22,28,-1],"rotation":{"angle":0,"axis":"y","origin":[0,8,1]},"faces":{"north":{"uv":[0,3.5,1.75,5.25],"texture":"#1"},"east":{"uv":[7.25,2.875,7.5,4.625],"texture":"#1"},"south":{"uv":[1.75,3.5,3.5,5.25],"texture":"#1"},"west":{"uv":[7.25,4.625,7.5,6.375],"texture":"#1"},"up":{"uv":[6.5,7.5625,4.75,7.3125],"texture":"#1"},"down":{"uv":[8.25,7.3125,6.5,7.5625],"texture":"#1"}}},{"name":"body","from":[-5.5,26,26.56066],"to":[21.5,30,31.56066],"rotation":{"angle":45,"axis":"x","origin":[8,29.76777,29.06066]},"faces":{"north":{"uv":[8,8,9.6875,8.25],"texture":"#1"},"east":{"uv":[4.3125,8.6875,4.625,8.9375],"texture":"#1"},"south":{"uv":[8,2.875,9.6875,3.125],"texture":"#1"},"west":{"uv":[8.6875,0,9,0.25],"texture":"#1"},"up":{"uv":[8.6875,0.3125,7,0],"texture":"#1"},"down":{"uv":[8.6875,0.3125,7,0.625],"texture":"#1"}}},{"name":"body","from":[-5.5,27,-3],"to":[21.5,32,1],"rotation":{"angle":45,"axis":"x","origin":[8,30,-3]},"faces":{"north":{"uv":[7,0.625,8.6875,0.9375],"texture":"#1"},"east":{"uv":[8.6875,0.25,8.9375,0.5625],"texture":"#1"},"south":{"uv":[7,0.9375,8.6875,1.25],"texture":"#1"},"west":{"uv":[8.6875,0.5625,8.9375,0.875],"texture":"#1"},"up":{"uv":[9.6875,3.375,8,3.125],"texture":"#1"},"down":{"uv":[9.6875,3.375,8,3.625],"texture":"#1"}}},{"name":"body","from":[-6,0,-1],"to":[22,28,27],"rotation":{"angle":0,"axis":"y","origin":[0,8,5]},"faces":{"north":{"uv":[3.5,3.5,5.25,5.25],"texture":"#1"},"east":{"uv":[3.5,0,5.25,1.75],"texture":"#1"},"south":{"uv":[3.5,1.75,5.25,3.5],"texture":"#1"},"west":{"uv":[0,5.25,1.75,7],"texture":"#1"},"up":{"uv":[3.5,7,1.75,5.25],"texture":"#1"},"down":{"uv":[5.25,5.25,3.5,7],"texture":"#1"}}},{"name":"body","from":[22,0,-1],"to":[26,28,27],"rotation":{"angle":0,"axis":"y","origin":[4,8,5]},"faces":{"north":{"uv":[7.5,2.875,7.75,4.625],"texture":"#1"},"east":{"uv":[5.25,5.25,7,7],"texture":"#1"},"south":{"uv":[7.5,4.625,7.75,6.375],"texture":"#1"},"west":{"uv":[5.25,0,7,1.75],"texture":"#1"},"up":{"uv":[5,9.3125,4.75,7.5625],"texture":"#1"},"down":{"uv":[5.25,7.5625,5,9.3125],"texture":"#1"}}},{"name":"body","from":[-10,0,-1],"to":[-6,28,27],"rotation":{"angle":0,"axis":"y","origin":[-28,8,5]},"faces":{"north":{"uv":[5.25,7.5625,5.5,9.3125],"texture":"#1"},"east":{"uv":[5.25,1.75,7,3.5],"texture":"#1"},"south":{"uv":[5.5,7.5625,5.75,9.3125],"texture":"#1"},"west":{"uv":[5.25,3.5,7,5.25],"texture":"#1"},"up":{"uv":[6,9.3125,5.75,7.5625],"texture":"#1"},"down":{"uv":[6.25,7.5625,6,9.3125],"texture":"#1"}}},{"name":"body","from":[-9,26,-0.5],"to":[-5,31,26.5],"rotation":{"angle":-45,"axis":"z","origin":[-7,28.5,12.5]},"faces":{"north":{"uv":[8.6875,0.875,8.9375,1.1875],"texture":"#1"},"east":{"uv":[7,1.25,8.6875,1.5625],"texture":"#1"},"south":{"uv":[8.6875,1.1875,8.9375,1.5],"texture":"#1"},"west":{"uv":[7,1.5625,8.6875,1.875],"texture":"#1"},"up":{"uv":[0.5,9.5625,0.25,7.875],"texture":"#1"},"down":{"uv":[0.75,7.875,0.5,9.5625],"texture":"#1"}}},{"name":"console","from":[23,6.04329,3],"to":[29,20.04329,17],"rotation":{"angle":22.5,"axis":"z","origin":[27.1903,13.04329,10]},"faces":{"north":{"uv":[8,3.625,8.375,4.5],"texture":"#1"},"east":{"uv":[0,7,0.875,7.875],"texture":"#1"},"south":{"uv":[8,4.5,8.375,5.375],"texture":"#1"},"west":{"uv":[0.875,7,1.75,7.875],"texture":"#1"},"up":{"uv":[8.375,6.25,8,5.375],"texture":"#1"},"down":{"uv":[8.375,8.25,8,9.125],"texture":"#1"}}},{"name":"gauge","from":[5.0424,8.04329,-8],"to":[12.0424,22.04329,-5],"rotation":{"angle":-22.5,"axis":"y","origin":[8.5424,15.04329,-6.94673]},"faces":{"north":{"uv":[0.75,7.875,1.1875,8.75],"texture":"#1"},"east":{"uv":[8.375,5.3125,8.5625,6.1875],"texture":"#1"},"south":{"uv":[1.1875,7.875,1.625,8.75],"texture":"#1"},"west":{"uv":[8.5625,5.3125,8.75,6.1875],"texture":"#1"},"up":{"uv":[8.8125,6.375,8.375,6.1875],"texture":"#1"},"down":{"uv":[3.8125,8.6875,3.375,8.875],"texture":"#1"}}},{"name":"duct","from":[14,8,-10],"to":[23,17,-1],"rotation":{"angle":22.5,"axis":"x","origin":[20,14,-2.5]},"faces":{"north":{"uv":[8.25,6.875,8.8125,7.4375],"texture":"#1"},"east":{"uv":[8.25,7.4375,8.8125,8],"texture":"#1"},"south":{"uv":[8.375,8.375,8.9375,8.9375],"texture":"#1"},"west":{"uv":[8.375,3.625,8.9375,4.1875],"texture":"#1"},"up":{"uv":[8.9375,4.75,8.375,4.1875],"texture":"#1"},"down":{"uv":[8.9375,4.75,8.375,5.3125],"texture":"#1"}}}]}