{"display":{"head":{"translation":[0,4.75,-2.75],"scale":[2,2,2]},"fixed":{"translation":[0,0,-7]}},"texture_size":[128,128],"textures":{"1":"impostor/deco/engineback"},"elements":[{"name":"back","from":[-16,-16,0],"to":[32,32,16],"rotation":{"angle":0,"axis":"y","origin":[8,8,13]},"faces":{"north":{"uv":[0,0,6,6],"texture":"#1"},"east":{"uv":[6,6,7,12],"texture":"#1"},"south":{"uv":[0,6,6,12],"texture":"#1"},"west":{"uv":[6,0,7,6],"texture":"#1"},"up":{"uv":[13,8,7,7],"texture":"#1"},"down":{"uv":[12.99863,6.99963,6.99963,7.999],"texture":"#1"}}}]}