{"display":{"thirdperson_righthand":{"rotation":[69.25,90,-2],"translation":[0,-4.25,-5],"scale":[0.8,0.8,0.8]},"thirdperson_lefthand":{"rotation":[69.25,-90,-2],"translation":[0,-4.25,-5],"scale":[0.8,0.8,0.8]},"firstperson_righthand":{"rotation":[0,100.25,0],"scale":[0.8,0.8,0.8]},"firstperson_lefthand":{"rotation":[0,-93.5,0],"scale":[0.8,0.8,0.8]},"head":{"translation":[0,-33.75,0],"scale":[1.2,1.2,1.2]}},"texture_size":[64,64],"textures":{"0":"impostor/deco/jerry_can","particle":"impostor/deco/jerry_can"},"elements":[{"from":[3,0,5],"to":[13,14,11],"rotation":{"angle":0,"axis":"y","origin":[15,8,15]},"faces":{"north":{"uv":[1.75,1.75,4.25,5.25],"texture":"#0"},"east":{"uv":[0.25,1.75,1.75,5.25],"texture":"#0"},"south":{"uv":[5.75,1.75,8.25,5.25],"texture":"#0"},"west":{"uv":[4.25,1.75,5.75,5.25],"texture":"#0"},"up":{"uv":[4.25,1.75,1.75,0.25],"texture":"#0"},"down":{"uv":[6.75,0.25,4.25,1.75],"texture":"#0"}}},{"from":[5.25,15.25,7],"to":[10.75,16.25,9],"rotation":{"angle":0,"axis":"y","origin":[15.5,23.25,16]},"faces":{"north":{"uv":[0.75,6,2,6.25],"texture":"#0"},"east":{"uv":[0.25,6,0.75,6.25],"texture":"#0"},"south":{"uv":[2.5,6,3.75,6.25],"texture":"#0"},"west":{"uv":[2,6,2.5,6.25],"texture":"#0"},"up":{"uv":[2,6,0.75,5.5],"texture":"#0"},"down":{"uv":[3.25,5.5,2,6],"texture":"#0"}}},{"from":[-4.5,17.25,7.1],"to":[-1.5,18.25,8.9],"rotation":{"angle":45,"axis":"z","origin":[4.5,25.25,16]},"faces":{"north":{"uv":[6,5.75,6.75,6],"texture":"#0"},"east":{"uv":[5.75,5.75,6,6],"texture":"#0"},"south":{"uv":[7,5.75,7.75,6],"texture":"#0"},"west":{"uv":[6.75,5.75,7,6],"texture":"#0"},"up":{"uv":[6.75,5.75,6,5.5],"texture":"#0"},"down":{"uv":[7.5,5.5,6.75,5.75],"texture":"#0"}}},{"from":[17.5,17.25,7.1],"to":[20.5,18.25,8.9],"shade":false,"rotation":{"angle":-45,"axis":"z","origin":[11.5,25.25,16]},"faces":{"north":{"uv":[6.75,5.75,6,6],"texture":"#0"},"east":{"uv":[7,5.75,6.75,6],"texture":"#0"},"south":{"uv":[7.75,5.75,7,6],"texture":"#0"},"west":{"uv":[6,5.75,5.75,6],"texture":"#0"},"up":{"uv":[6,5.75,6.75,5.5],"texture":"#0"},"down":{"uv":[6.75,5.5,7.5,5.75],"texture":"#0"}}},{"from":[13.42893,12.17893,7.5],"to":[14.42893,16.17893,8.5],"shade":false,"rotation":{"angle":-45,"axis":"z","origin":[13.5,14.25,8]},"faces":{"north":{"uv":[1,0.5,0.75,1.5],"texture":"#0"},"east":{"uv":[1.25,0.5,1,1.5],"texture":"#0"},"south":{"uv":[1.5,0.5,1.25,1.5],"texture":"#0"},"west":{"uv":[0.75,0.5,0.5,1.5],"texture":"#0"},"up":{"uv":[0.75,0.5,1,0.25],"texture":"#0"},"down":{"uv":[1,0.25,1.25,0.5],"texture":"#0"}}},{"from":[13.17893,12.17893,7.25],"to":[14.67893,13.92893,8.75],"shade":false,"rotation":{"angle":-45,"axis":"z","origin":[13.5,14.25,8]},"faces":{"north":{"uv":[4.75,5.75,4.5,6],"texture":"#0"},"east":{"uv":[5,5.75,4.75,6],"texture":"#0"},"south":{"uv":[5.25,5.75,5,6],"texture":"#0"},"west":{"uv":[4.5,5.75,4.25,6],"texture":"#0"},"up":{"uv":[4.5,5.75,4.75,5.5],"texture":"#0"},"down":{"uv":[4.75,5.5,5,5.75],"texture":"#0"}}},{"from":[14.45393,15.17107,7.4],"to":[16.45393,16.37107,8.6],"shade":false,"rotation":{"angle":22.5,"axis":"z","origin":[16.525,16.2,8]},"faces":{"north":{"uv":[7.75,0.5,7.25,0.75],"texture":"#0"},"east":{"uv":[8,0.5,7.75,0.75],"texture":"#0"},"south":{"uv":[8.5,0.5,8,0.75],"texture":"#0"},"west":{"uv":[7.25,0.5,7,0.75],"texture":"#0"},"up":{"uv":[7.25,0.5,7.75,0.25],"texture":"#0"},"down":{"uv":[7.75,0.25,8.25,0.5],"texture":"#0"}}}]}