{"display":{"fixed":{"rotation":[-90,0,0],"translation":[11,-32,-70.5],"scale":[2.5,3,2.5]}},"texture_size":[256,256],"textures":{"0":"impostor/deco/reactortop","particle":"impostor/deco/reactortop"},"elements":[{"name":"body","from":[-4,29,-4],"to":[20,32,20],"rotation":{"angle":0,"axis":"y","origin":[8,31.5,8]},"faces":{"north":{"uv":[8.5,7.875,10,8.0625],"texture":"#0"},"east":{"uv":[8.5,8.0625,10,8.25],"texture":"#0"},"south":{"uv":[8.5,8.25,10,8.4375],"texture":"#0"},"west":{"uv":[8.75,0,10.25,0.1875],"texture":"#0"},"up":{"uv":[1.5,6.875,0,5.375],"texture":"#0"},"down":{"uv":[7.25,2,5.75,3.5],"texture":"#0"}}},{"name":"body","from":[-8,-16,-8],"to":[24,27,24],"rotation":{"angle":0,"axis":"y","origin":[8,6.5,8]},"faces":{"north":{"uv":[0,0,2,2.6875],"texture":"#0"},"east":{"uv":[0,0,1.99944,2.68731],"texture":"#0"},"south":{"uv":[0,0,1.99944,2.68731],"texture":"#0"},"west":{"uv":[0,0,1.99888,2.68731],"texture":"#0"},"up":{"uv":[4,2,2,0],"texture":"#0"},"down":{"uv":[6,0,4,2],"texture":"#0"}}},{"name":"body","from":[-6,26.5,-6],"to":[22,29.5,22],"rotation":{"angle":0,"axis":"y","origin":[8,29,8]},"faces":{"north":{"uv":[7.49994,7.31225,9.24987,7.49938],"texture":"#0"},"east":{"uv":[7.5,7.3125,9.25,7.5],"texture":"#0"},"south":{"uv":[7.49994,7.31225,9.24987,7.49938],"texture":"#0"},"west":{"uv":[7.5,7.31219,9.24906,7.49856],"texture":"#0"},"up":{"uv":[5.75,3.75,4,2],"texture":"#0"},"down":{"uv":[5.74944,1.99944,3.9995,3.74944],"texture":"#0"}}},{"name":"beam","from":[-9.5,-16,0],"to":[-7.5,9,2],"rotation":{"angle":0,"axis":"y","origin":[0,8,8]},"faces":{"north":{"uv":[8.99975,8.99975,9.12463,10.56181],"texture":"#0"},"east":{"uv":[8.99975,8.99975,9.12463,10.56181],"texture":"#0"},"south":{"uv":[8.99975,8.99975,9.12463,10.56181],"texture":"#0"},"west":{"uv":[8.99975,8.99975,9.12412,10.56125],"texture":"#0"},"up":{"uv":[5.875,3.625,5.75,3.5],"texture":"#0"},"down":{"uv":[5.875,3.625,5.75,3.75],"texture":"#0"}}},{"name":"beam","from":[23.5,-16,0],"to":[25.5,9,2],"rotation":{"angle":0,"axis":"y","origin":[33,8,8]},"faces":{"north":{"uv":[8.99975,8.99975,9.12463,10.56181],"texture":"#0"},"east":{"uv":[8.99975,8.99975,9.12463,10.56181],"texture":"#0"},"south":{"uv":[8.99975,8.99975,9.12463,10.56181],"texture":"#0"},"west":{"uv":[8.99975,8.99975,9.12412,10.56125],"texture":"#0"},"up":{"uv":[5.875,3.875,5.75,3.75],"texture":"#0"},"down":{"uv":[5.875,3.875,5.75,4],"texture":"#0"}}},{"name":"beam","from":[-9.5,-16,14],"to":[-7.5,9,16],"rotation":{"angle":0,"axis":"y","origin":[0,8,22]},"faces":{"north":{"uv":[8.99975,8.99975,9.12463,10.56181],"texture":"#0"},"east":{"uv":[8.99975,8.99975,9.12463,10.56181],"texture":"#0"},"south":{"uv":[8.99975,8.99975,9.12463,10.56181],"texture":"#0"},"west":{"uv":[8.99975,8.99975,9.12412,10.56125],"texture":"#0"},"up":{"uv":[6,3.625,5.875,3.5],"texture":"#0"},"down":{"uv":[6,3.625,5.875,3.75],"texture":"#0"}}},{"name":"beam","from":[23.5,-16,14],"to":[25.5,9,16],"rotation":{"angle":0,"axis":"y","origin":[24.5,-3.5,15]},"faces":{"north":{"uv":[8.99975,8.99975,9.12463,10.56181],"texture":"#0"},"east":{"uv":[8.99975,8.99975,9.12463,10.56181],"texture":"#0"},"south":{"uv":[8.99975,8.99975,9.12463,10.56181],"texture":"#0"},"west":{"uv":[8.99975,8.99975,9.12412,10.56125],"texture":"#0"},"up":{"uv":[6,3.875,5.875,3.75],"texture":"#0"},"down":{"uv":[6,3.875,5.875,4],"texture":"#0"}}},{"name":"beam","from":[0,-16,23.5],"to":[2,9,25.5],"rotation":{"angle":0,"axis":"y","origin":[1,-3.5,24.5]},"faces":{"north":{"uv":[8.99975,8.99975,9.12463,10.56181],"texture":"#0"},"east":{"uv":[8.99975,8.99975,9.12463,10.56181],"texture":"#0"},"south":{"uv":[8.99975,8.99975,9.12463,10.56181],"texture":"#0"},"west":{"uv":[8.99975,8.99975,9.12412,10.56125],"texture":"#0"},"up":{"uv":[3.875,6.375,3.75,6.25],"texture":"#0"},"down":{"uv":[4,6.25,3.875,6.375],"texture":"#0"}}},{"name":"beam","from":[0,-16,-9.5],"to":[2,9,-7.5],"rotation":{"angle":0,"axis":"y","origin":[1,-3.5,-8.5]},"faces":{"north":{"uv":[9,9,9.125,10.5625],"texture":"#0"},"east":{"uv":[8.99975,8.99975,9.12463,10.56181],"texture":"#0"},"south":{"uv":[8.99975,8.99975,9.12463,10.56181],"texture":"#0"},"west":{"uv":[8.99975,8.99975,9.12412,10.56125],"texture":"#0"},"up":{"uv":[7.125,1.6875,7,1.5625],"texture":"#0"},"down":{"uv":[7.125,1.6875,7,1.8125],"texture":"#0"}}},{"name":"beam","from":[14,-16,23.5],"to":[16,9,25.5],"rotation":{"angle":0,"axis":"y","origin":[15,-3.5,24.5]},"faces":{"north":{"uv":[8.99975,8.99975,9.12463,10.56181],"texture":"#0"},"east":{"uv":[8.99975,8.99975,9.12463,10.56181],"texture":"#0"},"south":{"uv":[8.99975,8.99975,9.12463,10.56181],"texture":"#0"},"west":{"uv":[8.99975,8.99975,9.12412,10.56125],"texture":"#0"},"up":{"uv":[7.125,1.9375,7,1.8125],"texture":"#0"},"down":{"uv":[7.25,1.5625,7.125,1.6875],"texture":"#0"}}},{"name":"beam","from":[14,-16,-9.5],"to":[16,9,-7.5],"rotation":{"angle":0,"axis":"y","origin":[15,-3.5,-8.5]},"faces":{"north":{"uv":[8.99975,8.99975,9.12463,10.56181],"texture":"#0"},"east":{"uv":[8.99975,8.99975,9.12463,10.56181],"texture":"#0"},"south":{"uv":[8.99975,8.99975,9.12463,10.56181],"texture":"#0"},"west":{"uv":[8.99975,8.99975,9.12412,10.56125],"texture":"#0"},"up":{"uv":[7.25,1.8125,7.125,1.6875],"texture":"#0"},"down":{"uv":[7.25,1.8125,7.125,1.9375],"texture":"#0"}}},{"name":"rod","from":[-14,-16,4],"to":[-6,23,12],"rotation":{"angle":0,"axis":"y","origin":[-10,5.5,8]},"faces":{"north":{"uv":[0.49988,6.87488,0.99975,9.31213],"texture":"#0"},"east":{"uv":[0.49988,6.87488,0.99975,9.31213],"texture":"#0"},"south":{"uv":[0.49988,6.87456,0.99969,9.31175],"texture":"#0"},"west":{"uv":[0.49988,6.87488,0.99975,9.31169],"texture":"#0"},"up":{"uv":[6.5,0.5,6,0],"texture":"#0"},"down":{"uv":[6.5,0.5,6,1],"texture":"#0"}}},{"name":"rod","from":[-13.5,23,4.5],"to":[-6.5,28,11.5],"rotation":{"angle":0,"axis":"y","origin":[-11,9.5,7]},"faces":{"north":{"uv":[9.43731,8.74969,9.87412,9.06175],"texture":"#0"},"east":{"uv":[9.43731,8.74969,9.87463,9.06175],"texture":"#0"},"south":{"uv":[9.43731,8.74969,9.87412,9.06175],"texture":"#0"},"west":{"uv":[9.43731,8.74969,9.87463,9.06175],"texture":"#0"},"up":{"uv":[9.56206,3.93688,9.12481,3.49963],"texture":"#0"},"down":{"uv":[9.4375,8.4375,9,8.875],"texture":"#0"}}},{"name":"rod","from":[18,-16,18],"to":[26,23,26],"rotation":{"angle":0,"axis":"y","origin":[22,5.5,22]},"faces":{"north":{"uv":[0.49988,6.87488,0.99975,9.31213],"texture":"#0"},"east":{"uv":[0.49988,6.87488,0.99975,9.31213],"texture":"#0"},"south":{"uv":[0.49988,6.87456,0.99969,9.31175],"texture":"#0"},"west":{"uv":[0.49988,6.87488,0.99975,9.31169],"texture":"#0"},"up":{"uv":[6.5,1.5,6,1],"texture":"#0"},"down":{"uv":[6.5,1.5,6,2],"texture":"#0"}}},{"name":"rod","from":[18.5,23,18.5],"to":[25.5,28,25.5],"rotation":{"angle":0,"axis":"y","origin":[22,9.5,22]},"faces":{"north":{"uv":[9.43731,8.74969,9.87412,9.06175],"texture":"#0"},"east":{"uv":[9.43731,8.74969,9.87463,9.06175],"texture":"#0"},"south":{"uv":[9.43731,8.74969,9.87463,9.06175],"texture":"#0"},"west":{"uv":[9.43731,8.74969,9.87463,9.06175],"texture":"#0"},"up":{"uv":[9.56206,3.93688,9.12481,3.49963],"texture":"#0"},"down":{"uv":[5.875,9.125,5.4375,9.5625],"texture":"#0"}}},{"name":"rod","from":[-10,-16,18],"to":[-2,23,26],"rotation":{"angle":0,"axis":"y","origin":[-6,5.5,22]},"faces":{"north":{"uv":[0.49988,6.87488,0.99975,9.31213],"texture":"#0"},"east":{"uv":[0.49988,6.87488,0.99975,9.31213],"texture":"#0"},"south":{"uv":[0.49988,6.87456,0.99969,9.31175],"texture":"#0"},"west":{"uv":[0.49988,6.87488,0.99975,9.31169],"texture":"#0"},"up":{"uv":[7,0.5,6.5,0],"texture":"#0"},"down":{"uv":[7,0.5,6.5,1],"texture":"#0"}}},{"name":"rod","from":[-9.5,23,18.5],"to":[-2.5,28,25.5],"rotation":{"angle":0,"axis":"y","origin":[-7,9.5,21]},"faces":{"north":{"uv":[9.43731,8.74969,9.87412,9.06175],"texture":"#0"},"east":{"uv":[9.43731,8.74969,9.87463,9.06175],"texture":"#0"},"south":{"uv":[9.43731,8.74969,9.87412,9.06175],"texture":"#0"},"west":{"uv":[9.43731,8.74969,9.87463,9.06175],"texture":"#0"},"up":{"uv":[9.56206,3.93688,9.12481,3.49963],"texture":"#0"},"down":{"uv":[9.5625,2.1875,9.125,2.625],"texture":"#0"}}},{"name":"rod","from":[4,-16,22],"to":[12,23,30],"rotation":{"angle":0,"axis":"y","origin":[8,5.5,26]},"faces":{"north":{"uv":[0.49988,6.87488,0.99975,9.31213],"texture":"#0"},"east":{"uv":[0.49988,6.87488,0.99975,9.31213],"texture":"#0"},"south":{"uv":[0.49988,6.87456,0.99969,9.31175],"texture":"#0"},"west":{"uv":[0.49988,6.87488,0.99975,9.31169],"texture":"#0"},"up":{"uv":[7,1.5,6.5,1],"texture":"#0"},"down":{"uv":[7,1.5,6.5,2],"texture":"#0"}}},{"name":"rod","from":[4.5,23,22.5],"to":[11.5,28,29.5],"rotation":{"angle":0,"axis":"y","origin":[7,9.5,25]},"faces":{"north":{"uv":[9.43731,8.74969,9.87412,9.06175],"texture":"#0"},"east":{"uv":[9.43731,8.74969,9.87463,9.06175],"texture":"#0"},"south":{"uv":[9.4375,8.75,9.875,9.0625],"texture":"#0"},"west":{"uv":[9.43731,8.74969,9.87463,9.06175],"texture":"#0"},"up":{"uv":[9.56206,3.93688,9.12481,3.49963],"texture":"#0"},"down":{"uv":[9.5625,3.0625,9.125,3.5],"texture":"#0"}}},{"name":"rod","from":[22,-16,4],"to":[30,23,12],"rotation":{"angle":0,"axis":"y","origin":[26,5.5,8]},"faces":{"north":{"uv":[0.49988,6.87488,0.99975,9.31213],"texture":"#0"},"east":{"uv":[0.49988,6.87488,0.99975,9.31213],"texture":"#0"},"south":{"uv":[0.49988,6.87456,0.99969,9.31175],"texture":"#0"},"west":{"uv":[0.49988,6.87488,0.99975,9.31169],"texture":"#0"},"up":{"uv":[7,6.4375,6.5,5.9375],"texture":"#0"},"down":{"uv":[7.5,5.9375,7,6.4375],"texture":"#0"}}},{"name":"rod","from":[22.5,23,4.5],"to":[29.5,28,11.5],"rotation":{"angle":0,"axis":"y","origin":[26,9.5,7]},"faces":{"north":{"uv":[9.43731,8.74969,9.87412,9.06175],"texture":"#0"},"east":{"uv":[9.43731,8.74969,9.87463,9.06175],"texture":"#0"},"south":{"uv":[9.43731,8.74969,9.87463,9.06175],"texture":"#0"},"west":{"uv":[9.43731,8.74969,9.87463,9.06175],"texture":"#0"},"up":{"uv":[9.56206,3.93688,9.12481,3.49963],"texture":"#0"},"down":{"uv":[9.5625,3.9375,9.125,4.375],"texture":"#0"}}},{"name":"rod","from":[18,-16,-10],"to":[26,23,-2],"rotation":{"angle":0,"axis":"y","origin":[22,5.5,-6]},"faces":{"north":{"uv":[0.49988,6.87488,0.99975,9.31213],"texture":"#0"},"east":{"uv":[0.49988,6.87488,0.99975,9.31213],"texture":"#0"},"south":{"uv":[0.49988,6.87456,0.99969,9.31175],"texture":"#0"},"west":{"uv":[0.49988,6.87488,0.99975,9.31169],"texture":"#0"},"up":{"uv":[7.5,6.9375,7,6.4375],"texture":"#0"},"down":{"uv":[9.25,0.1875,8.75,0.6875],"texture":"#0"}}},{"name":"rod","from":[18.5,23,-9.5],"to":[25.5,28,-2.5],"rotation":{"angle":0,"axis":"y","origin":[21,9.5,-7]},"faces":{"north":{"uv":[9.43731,8.74969,9.87412,9.06175],"texture":"#0"},"east":{"uv":[9.43731,8.74969,9.87463,9.06175],"texture":"#0"},"south":{"uv":[9.43731,8.74969,9.87463,9.06175],"texture":"#0"},"west":{"uv":[9.43731,8.74969,9.87463,9.06175],"texture":"#0"},"up":{"uv":[9.5625,4.8125,9.125,4.375],"texture":"#0"},"down":{"uv":[9.5625,4.8125,9.125,5.25],"texture":"#0"}}},{"name":"rod","from":[4,-16,-14],"to":[12,23,-6],"rotation":{"angle":0,"axis":"y","origin":[8,5.5,-10]},"faces":{"north":{"uv":[0.49988,6.87488,0.99975,9.31213],"texture":"#0"},"east":{"uv":[0.49988,6.87488,0.99975,9.31213],"texture":"#0"},"south":{"uv":[0.49988,6.87456,0.99969,9.31175],"texture":"#0"},"west":{"uv":[0.49988,6.87488,0.99975,9.31169],"texture":"#0"},"up":{"uv":[9.25,1.1875,8.75,0.6875],"texture":"#0"},"down":{"uv":[9.25,1.1875,8.75,1.6875],"texture":"#0"}}},{"name":"rod","from":[4.5,23,-13.5],"to":[11.5,28,-6.5],"rotation":{"angle":0,"axis":"y","origin":[7,9.5,-11]},"faces":{"north":{"uv":[9.43731,8.74969,9.87412,9.06175],"texture":"#0"},"east":{"uv":[9.43731,8.74969,9.87463,9.06175],"texture":"#0"},"south":{"uv":[9.43731,8.74969,9.87463,9.06175],"texture":"#0"},"west":{"uv":[9.43731,8.74969,9.87463,9.06175],"texture":"#0"},"up":{"uv":[9.56206,3.93688,9.12481,3.49963],"texture":"#0"},"down":{"uv":[9.5625,5.6875,9.125,6.125],"texture":"#0"}}},{"name":"rod","from":[-10,-16,-10],"to":[-2,23,-2],"rotation":{"angle":0,"axis":"y","origin":[-6,5.5,-6]},"faces":{"north":{"uv":[0.49988,6.87488,0.99975,9.31213],"texture":"#0"},"east":{"uv":[0.49988,6.87488,0.99975,9.31213],"texture":"#0"},"south":{"uv":[0.49988,6.87456,0.99969,9.31175],"texture":"#0"},"west":{"uv":[0.49988,6.87488,0.99975,9.31169],"texture":"#0"},"up":{"uv":[9.25,2.1875,8.75,1.6875],"texture":"#0"},"down":{"uv":[2.5,8.875,2,9.375],"texture":"#0"}}},{"name":"rod","from":[-9.5,23,-9.5],"to":[-2.5,28,-2.5],"rotation":{"angle":0,"axis":"y","origin":[-6,9.5,-6]},"faces":{"north":{"uv":[9.43731,8.74969,9.87412,9.06175],"texture":"#0"},"east":{"uv":[9.43731,8.74969,9.87463,9.06175],"texture":"#0"},"south":{"uv":[9.43731,8.74969,9.87463,9.06175],"texture":"#0"},"west":{"uv":[9.43731,8.74969,9.87463,9.06175],"texture":"#0"},"up":{"uv":[9.56206,3.93688,9.12481,3.49963],"texture":"#0"},"down":{"uv":[9.6875,0.1875,9.25,0.625],"texture":"#0"}}}]}