{"display":{"head":{"translation":[0,-31.25,0],"scale":[1.5,1.5,1]}},"textures":{"0":"impostor/deco/toiletpaper","particle":"impostor/deco/toiletpaper"},"elements":[{"from":[7,0,6],"to":[10,3,9],"rotation":{"angle":0,"axis":"y","origin":[15,8,14]},"faces":{"north":{"uv":[0,0,3,3],"texture":"#0"},"east":{"uv":[0,0,3,3],"texture":"#0"},"south":{"uv":[0,0,3,3],"texture":"#0"},"west":{"uv":[0,0,3,3],"texture":"#0"},"up":{"uv":[0,0,3,3],"texture":"#0"},"down":{"uv":[0,0,3,3],"texture":"#0"}}},{"from":[6.9,2.5,2.5],"to":[9.9,5.5,5.5],"rotation":{"angle":-22.5,"axis":"x","origin":[15,10.5,10.5]},"faces":{"north":{"uv":[0,0,3,3],"texture":"#0"},"east":{"uv":[0,0,3,3],"texture":"#0"},"south":{"uv":[0,0,3,3],"texture":"#0"},"west":{"uv":[0,0,3,3],"texture":"#0"},"up":{"uv":[0,0,3,3],"texture":"#0"},"down":{"uv":[0,0,3,3],"texture":"#0"}}},{"from":[7.2,-2.2,8.9],"to":[10.2,0.8,11.9],"rotation":{"angle":22.5,"axis":"x","origin":[2.1,5.8,16.9]},"faces":{"north":{"uv":[3,0,6,3],"texture":"#0"},"east":{"uv":[3,0,6,3],"texture":"#0"},"south":{"uv":[3,0,6,3],"texture":"#0"},"west":{"uv":[3,0,6,3],"texture":"#0"},"up":{"uv":[3,0,6,3],"texture":"#0"},"down":{"uv":[3,0,6,3],"texture":"#0"}}},{"from":[4.8,2.3,6.1],"to":[7.8,5.3,8.9],"rotation":{"angle":22.5,"axis":"z","origin":[12.8,10.3,14]},"faces":{"north":{"uv":[0,0,3,3],"texture":"#0"},"east":{"uv":[0,0,2.8,3],"texture":"#0"},"south":{"uv":[0,0,3,3],"texture":"#0"},"west":{"uv":[0,0,2.8,3],"texture":"#0"},"up":{"uv":[0,0,3,2.8],"texture":"#0"},"down":{"uv":[0,0,3,2.8],"texture":"#0"}}},{"from":[9.6,2.4,6.1],"to":[12.6,5.4,8.9],"rotation":{"angle":-22.5,"axis":"z","origin":[4.6,10.4,14]},"faces":{"north":{"uv":[3,0,6,3],"texture":"#0"},"east":{"uv":[2.8,0,5.6,3],"texture":"#0"},"south":{"uv":[3,0,6,3],"texture":"#0"},"west":{"uv":[2.8,0,5.6,3],"texture":"#0"},"up":{"uv":[3,0,6,2.8],"texture":"#0"},"down":{"uv":[3,0,6,2.8],"texture":"#0"}}}]}