{"display":{"head":{"translation":[15,-35,14.75],"scale":[1.08,1.08,1.08]}},"texture_size":[256,256],"textures":{"0":"impostor/deco/compactoremptyopen","particle":"impostor/deco/compactoremptyopen"},"elements":[{"name":"Side","from":[-16,0,-14],"to":[-14,16,32],"rotation":{"angle":0,"axis":"y","origin":[-15,8,9]},"faces":{"north":{"uv":[6.5,8.375,6.625,9.375],"texture":"#0"},"east":{"uv":[5.5,0,8.375,1],"texture":"#0"},"south":{"uv":[6.625,8.375,6.75,9.375],"texture":"#0"},"west":{"uv":[5.87469,5.87469,8.74963,6.87444],"texture":"#0"},"up":{"uv":[5.87469,10.62488,5.74994,7.74994],"texture":"#0"},"down":{"uv":[5.75,7.75,5.625,10.625],"texture":"#0"}}},{"name":"Side","from":[30,0,-16],"to":[32,16,30],"rotation":{"angle":0,"axis":"y","origin":[31,8,7]},"faces":{"north":{"uv":[6.75,8.375,6.875,9.375],"texture":"#0"},"east":{"uv":[5.87469,5.87469,8.74963,6.87444],"texture":"#0"},"south":{"uv":[6.875,8.375,7,9.375],"texture":"#0"},"west":{"uv":[5.5,0,8.375,0.99975],"texture":"#0"},"up":{"uv":[5.875,10.625,5.75,7.75],"texture":"#0"},"down":{"uv":[6,7.75,5.875,10.625],"texture":"#0"}}},{"name":"Side","from":[-16,0,-16],"to":[30,16,-14],"rotation":{"angle":0,"axis":"y","origin":[7,8,-15]},"faces":{"north":{"uv":[5.87494,5.87494,8.74912,6.87456],"texture":"#0"},"east":{"uv":[7,8.375,7.125,9.375],"texture":"#0"},"south":{"uv":[5.5,0,8.37363,0.99975],"texture":"#0"},"west":{"uv":[7.125,8.375,7.25,9.375],"texture":"#0"},"up":{"uv":[10.4375,7,7.5,6.875],"texture":"#0"},"down":{"uv":[10.4375,7,7.5,7.125],"texture":"#0"}}},{"name":"Side","from":[-14,0,30],"to":[32,16,32],"rotation":{"angle":0,"axis":"y","origin":[9,8,31]},"faces":{"north":{"uv":[5.49956,0,8.3745,0.99975],"texture":"#0"},"east":{"uv":[7.25,8.375,7.375,9.375],"texture":"#0"},"south":{"uv":[5.875,5.875,8.75,6.875],"texture":"#0"},"west":{"uv":[7.375,8.375,7.5,9.375],"texture":"#0"},"up":{"uv":[10.37494,6.99963,7.5,6.87488],"texture":"#0"},"down":{"uv":[10.375,7.25,7.5,7.375],"texture":"#0"}}},{"name":"bottom","from":[-14,0,-14],"to":[30,1,30],"rotation":{"angle":0,"axis":"y","origin":[8,0.5,8]},"faces":{"north":{"uv":[7.5,7.375,10.25,7.4375],"texture":"#0"},"east":{"uv":[7.5,7.4375,10.25,7.5],"texture":"#0"},"south":{"uv":[6.5,8.25,9.25,8.3125],"texture":"#0"},"west":{"uv":[6.5,8.3125,9.25,8.375],"texture":"#0"},"up":{"uv":[2.75,2.75,0,0],"texture":"#0"},"down":{"uv":[2.75,2.75,0,5.5],"texture":"#0"}}},{"name":"piston","from":[-14,1,-12],"to":[-12,15,28],"rotation":{"angle":0,"axis":"y","origin":[-13.5,1.5,0.5]},"faces":{"north":{"uv":[7.5,8.375,7.625,9.25],"texture":"#0"},"east":{"uv":[2.49987,6.49975,4.99969,7.37431],"texture":"#0"},"south":{"uv":[7.625,8.375,7.75,9.25],"texture":"#0"},"west":{"uv":[0,6.5,2.5,7.375],"texture":"#0"},"up":{"uv":[6.125,10.25,6,7.75],"texture":"#0"},"down":{"uv":[6.25,7.75,6.125,10.25],"texture":"#0"}}},{"name":"piston","from":[28,1,-12],"to":[30,15,28],"rotation":{"angle":0,"axis":"y","origin":[29,8,8]},"faces":{"north":{"uv":[7.75,8.375,7.875,9.25],"texture":"#0"},"east":{"uv":[2.49987,6.49975,4.99969,7.37431],"texture":"#0"},"south":{"uv":[7.875,8.375,8,9.25],"texture":"#0"},"west":{"uv":[2.49987,6.49975,4.99925,7.37431],"texture":"#0"},"up":{"uv":[6.375,10.25,6.25,7.75],"texture":"#0"},"down":{"uv":[6.5,7.75,6.375,10.25],"texture":"#0"}}}]}