{"display":{"head":{"translation":[0,-17.75,1.25],"scale":[2.4,3.2,3.5]}},"texture_size":[128,128],"textures":{"0":"impostor/deco/utilitypanel_01a","particle":"impostor/deco/utilitypanel_01a"},"elements":[{"from":[-6,30,4],"to":[6,32,12],"rotation":{"angle":0,"axis":"y","origin":[8,0,8]},"faces":{"north":{"uv":[9.75,1,11.25,1.25],"texture":"#0"},"east":{"uv":[8.75,1,9.75,1.25],"texture":"#0"},"south":{"uv":[12.25,1,13.75,1.25],"texture":"#0"},"west":{"uv":[11.25,1,12.25,1.25],"texture":"#0"},"up":{"uv":[11.25,1,9.75,0],"texture":"#0"},"down":{"uv":[12.75,0,11.25,1],"texture":"#0"}}},{"from":[-8,0,4],"to":[24,4,12],"rotation":{"angle":0,"axis":"y","origin":[8,0,8]},"faces":{"north":{"uv":[1,5.125,5,5.625],"texture":"#0"},"east":{"uv":[0,5.125,1,5.625],"texture":"#0"},"south":{"uv":[6,5.125,10,5.625],"texture":"#0"},"west":{"uv":[5,5.125,6,5.625],"texture":"#0"},"up":{"uv":[5,5.125,1,4.125],"texture":"#0"},"down":{"uv":[9,4.125,5,5.125],"texture":"#0"}}},{"from":[22,4,4],"to":[24,32,12],"rotation":{"angle":0,"axis":"y","origin":[8,0,8]},"faces":{"north":{"uv":[6.5,6.625,6.75,10.125],"texture":"#0"},"east":{"uv":[5.5,6.625,6.5,10.125],"texture":"#0"},"south":{"uv":[7.75,6.625,8,10.125],"texture":"#0"},"west":{"uv":[6.75,6.625,7.75,10.125],"texture":"#0"},"up":{"uv":[6.75,6.625,6.5,5.625],"texture":"#0"},"down":{"uv":[7,5.625,6.75,6.625],"texture":"#0"}}},{"from":[-8,4,4],"to":[-6,32,12],"rotation":{"angle":0,"axis":"y","origin":[8,0,8]},"faces":{"north":{"uv":[4,6.625,4.25,10.125],"texture":"#0"},"east":{"uv":[3,6.625,4,10.125],"texture":"#0"},"south":{"uv":[5.25,6.625,5.5,10.125],"texture":"#0"},"west":{"uv":[4.25,6.625,5.25,10.125],"texture":"#0"},"up":{"uv":[4.25,6.625,4,5.625],"texture":"#0"},"down":{"uv":[4.5,5.625,4.25,6.625],"texture":"#0"}}},{"from":[6,4,4],"to":[10,32,12],"rotation":{"angle":0,"axis":"y","origin":[8,0,8]},"faces":{"north":{"uv":[1,6.625,1.5,10.125],"texture":"#0"},"east":{"uv":[0,6.625,1,10.125],"texture":"#0"},"south":{"uv":[2.5,6.625,3,10.125],"texture":"#0"},"west":{"uv":[1.5,6.625,2.5,10.125],"texture":"#0"},"up":{"uv":[1.5,6.625,1,5.625],"texture":"#0"},"down":{"uv":[2,5.625,1.5,6.625],"texture":"#0"}}},{"from":[10,30,4],"to":[22,32,12],"rotation":{"angle":0,"axis":"y","origin":[8,0,8]},"faces":{"north":{"uv":[9,6.625,10.5,6.875],"texture":"#0"},"east":{"uv":[8,6.625,9,6.875],"texture":"#0"},"south":{"uv":[11.5,6.625,13,6.875],"texture":"#0"},"west":{"uv":[10.5,6.625,11.5,6.875],"texture":"#0"},"up":{"uv":[10.5,6.625,9,5.625],"texture":"#0"},"down":{"uv":[12,5.625,10.5,6.625],"texture":"#0"}}},{"from":[-6,4,5],"to":[22,30,12],"rotation":{"angle":0,"axis":"y","origin":[8,0,8]},"faces":{"north":{"uv":[0.875,0.875,4.375,4.125],"texture":"#0"},"east":{"uv":[0,0.875,0.875,4.125],"texture":"#0"},"south":{"uv":[5.25,0.875,8.75,4.125],"texture":"#0"},"west":{"uv":[4.375,0.875,5.25,4.125],"texture":"#0"},"up":{"uv":[4.375,0.875,0.875,0],"texture":"#0"},"down":{"uv":[7.875,0,4.375,0.875],"texture":"#0"}}}]}