{"display":{"head":{"translation":[0,-4.75,12.75],"scale":[1.6,1.6,1.6]}},"texture_size":[64,64],"textures":{"0":"impostor/deco/utilitypanel_02c","particle":"impostor/deco/utilitypanel_02c"},"elements":[{"from":[-4,-16,5],"to":[20,0,8],"rotation":{"angle":0,"axis":"y","origin":[8,-8,8]},"faces":{"north":{"uv":[0.75,0.75,6.75,4.75],"texture":"#0"},"east":{"uv":[0,0.75,0.75,4.75],"texture":"#0"},"south":{"uv":[7.5,0.75,13.5,4.75],"texture":"#0"},"west":{"uv":[6.75,0.75,7.5,4.75],"texture":"#0"},"up":{"uv":[6.75,0.75,0.75,0],"texture":"#0"},"down":{"uv":[12.75,0,6.75,0.75],"texture":"#0"}}},{"from":[6,0,5],"to":[10,1,8],"rotation":{"angle":0,"axis":"y","origin":[8,0.5,6.5]},"faces":{"north":{"uv":[2.75,5.5,3.75,5.75],"texture":"#0"},"east":{"uv":[2,5.5,2.75,5.75],"texture":"#0"},"south":{"uv":[4.5,5.5,5.5,5.75],"texture":"#0"},"west":{"uv":[3.75,5.5,4.5,5.75],"texture":"#0"},"up":{"uv":[3.75,5.5,2.75,4.75],"texture":"#0"},"down":{"uv":[4.75,4.75,3.75,5.5],"texture":"#0"}}},{"from":[7,1,6],"to":[9,32,8],"rotation":{"angle":0,"axis":"y","origin":[8,2.5,7]},"faces":{"north":{"uv":[0.5,5.25,1,13],"texture":"#0"},"east":{"uv":[0,5.25,0.5,13],"texture":"#0"},"south":{"uv":[1.5,5.25,2,13],"texture":"#0"},"west":{"uv":[1,5.25,1.5,13],"texture":"#0"},"up":{"uv":[1,5.25,0.5,4.75],"texture":"#0"},"down":{"uv":[1.5,4.75,1,5.25],"texture":"#0"}}}]}