{"file_name":"left_leg","texture_size":[32,32],"textures":{"layer0":"manamodels/dawf_miniature_pet"},"elements":[{"name":"left_leg_0","from":[7.7,7.4525657,6.139658],"to":[8.3,8.052567,7.339658],"rotation":{"angle":0.0,"axis":"z","origin":[8.0,8.0,8.0]},"faces":{"east":{"uv":[13.0,11.0,12.0,11.5],"texture":"#layer0","tintindex":0},"south":{"uv":[3.0,15.5,2.5,16.0],"texture":"#layer0","tintindex":0},"north":{"uv":[2.5,15.5,2.0,16.0],"texture":"#layer0","tintindex":0},"west":{"uv":[13.0,7.5,12.0,8.0],"texture":"#layer0","tintindex":0},"up":{"uv":[10.0,4.5,10.5,3.5],"texture":"#layer0","tintindex":0},"down":{"uv":[15.0,9.0,14.5,10.0],"texture":"#layer0","tintindex":0}}},{"name":"left_leg_1","from":[7.715,8.168491,6.0181637],"to":[8.285,8.768492,7.368164],"rotation":{"angle":-22.5,"axis":"x","origin":[8.0,8.715925,7.8785057]},"faces":{"east":{"uv":[16.0,15.0,15.0,15.5],"texture":"#layer0","tintindex":0},"south":{"uv":[6.0,15.5,5.5,16.0],"texture":"#layer0","tintindex":0},"north":{"uv":[5.5,15.5,5.0,16.0],"texture":"#layer0","tintindex":0},"west":{"uv":[15.0,15.0,14.0,15.5],"texture":"#layer0","tintindex":0},"up":{"uv":[8.0,16.0,8.5,15.0],"texture":"#layer0","tintindex":0},"down":{"uv":[15.5,0.0,15.0,1.0],"texture":"#layer0","tintindex":0}}},{"name":"left_leg_2","from":[7.4,7.4525657,7.339658],"to":[8.6,8.652566,8.539658],"rotation":{"angle":0.0,"axis":"z","origin":[8.0,8.0,8.0]},"faces":{"east":{"uv":[14.0,8.0,13.0,9.0],"texture":"#layer0","tintindex":0},"south":{"uv":[14.0,7.0,13.0,8.0],"texture":"#layer0","tintindex":0},"north":{"uv":[14.0,5.0,13.0,6.0],"texture":"#layer0","tintindex":0},"west":{"uv":[14.0,6.0,13.0,7.0],"texture":"#layer0","tintindex":0},"up":{"uv":[13.0,10.0,14.0,9.0],"texture":"#layer0","tintindex":0},"down":{"uv":[14.0,10.0,13.0,11.0],"texture":"#layer0","tintindex":0}}}],"display":{"head":{"translation":[0.0,-6.4,0.0],"rotation":[0.0,0.0,0.0],"scale":[3.8095,3.8095,3.8095]},"gui":{"translation":[0.0,0.0,0.0],"rotation":[35.0,225.0,0.0],"scale":[0.625,0.625,0.625]}}}