{"file_name":"leg2","texture_size":[128,128],"textures":{"layer0":"manamodels/npc_hugs"},"elements":[{"name":"leg2_0","from":[7.1120005,4.1720004,7.001],"to":[9.110001,8.168,8.999001],"rotation":{"angle":0.0,"axis":"z","origin":[8.0,8.0,8.0]},"faces":{"east":{"uv":[2.125,6.0,2.5,6.75],"texture":"#layer0","tintindex":0},"south":{"uv":[6.125,3.0,6.5,3.75],"texture":"#layer0","tintindex":0},"north":{"uv":[1.0,5.875,1.375,6.625],"texture":"#layer0","tintindex":0},"west":{"uv":[1.5,6.25,1.875,7.0],"texture":"#layer0","tintindex":0},"up":{"uv":[4.875,3.75,4.5,3.375],"texture":"#layer0","tintindex":0},"down":{"uv":[6.5,2.5,6.875,2.875],"texture":"#layer0","tintindex":0}}},{"name":"leg2_1","from":[7.1120005,4.1720004,6.335],"to":[9.110001,4.8380003,7.001],"rotation":{"angle":0.0,"axis":"z","origin":[8.0,8.0,8.0]},"faces":{"east":{"uv":[7.625,5.25,7.75,5.375],"texture":"#layer0","tintindex":0},"south":{"uv":[7.5,7.375,7.875,7.5],"texture":"#layer0","tintindex":0},"north":{"uv":[4.75,7.5,5.125,7.625],"texture":"#layer0","tintindex":0},"west":{"uv":[7.625,5.5,7.75,5.625],"texture":"#layer0","tintindex":0},"up":{"uv":[8.0,0.875,7.625,0.75],"texture":"#layer0","tintindex":0},"down":{"uv":[7.625,1.0,8.0,1.125],"texture":"#layer0","tintindex":0}}}],"display":{"head":{"translation":[0.0,-6.4,0.0],"rotation":[0.0,0.0,0.0],"scale":[3.8095,3.8095,3.8095]},"gui":{"translation":[0.0,0.0,0.0],"rotation":[35.0,225.0,0.0],"scale":[0.625,0.625,0.625]}}}