{"textures":{"0":"modelengine:custom/crocodile","particle":"modelengine:custom/crocodile"},"elements":[{"from":[8.5,7.935,0.5],"to":[8.5,9.934999,2.5],"faces":{"east":{"uv":[10.125,7.875,9.875,8.125],"tintindex":0,"rotation":0,"texture":"#0"},"west":{"uv":[8.625,9.375,8.375,9.625],"tintindex":0,"rotation":0,"texture":"#0"}},"rotation":{"origin":[6.0,8.0,5.5],"angle":-45.0,"axis":"y"}},{"from":[8.0,7.935,2.5],"to":[10.0,9.934999,6.5],"faces":{"east":{"uv":[6.5,9.625,6.0,9.875],"tintindex":0,"rotation":0,"texture":"#0"},"south":{"uv":[9.25,7.125,9.0,7.375],"tintindex":0,"rotation":0,"texture":"#0"},"north":{"uv":[9.0,6.5,8.75,6.75],"tintindex":0,"rotation":0,"texture":"#0"},"west":{"uv":[6.0,9.625,5.5,9.875],"tintindex":0,"rotation":0,"texture":"#0"},"up":{"uv":[1.125,9.5,1.375,9.0],"tintindex":0,"rotation":0,"texture":"#0"},"down":{"uv":[6.5,9.375,6.75,9.875],"tintindex":0,"rotation":0,"texture":"#0"}},"rotation":{"origin":[6.0,8.0,5.5],"angle":-45.0,"axis":"y"}}],"display":{"gui":{"rotation":[30,225,0]}}}