{"file_name":"body","texture_size":[128,128],"textures":{"layer0":"manamodels/horton_mount"},"elements":[{"name":"body_0","from":[9.2,14.0,5.94392],"to":[17.6,21.8,14.94392],"rotation":{"angle":0.0,"axis":"z","origin":[8.0,8.0,8.0]},"faces":{"east":{"uv":[5.375,3.625,7.25,5.25],"texture":"#layer0","tintindex":0},"south":{"uv":[0.0,5.75,1.75,7.375],"texture":"#layer0","tintindex":0},"north":{"uv":[5.75,1.75,7.5,3.375],"texture":"#layer0","tintindex":0},"west":{"uv":[3.5,5.625,5.375,7.25],"texture":"#layer0","tintindex":0},"up":{"uv":[5.375,5.625,3.5,3.875],"texture":"#layer0","tintindex":0},"down":{"uv":[4.0,0.0,5.875,1.75],"texture":"#layer0","tintindex":0}}},{"name":"body_1","from":[9.2,12.8,13.14392],"to":[17.6,14.0,20.343922],"rotation":{"angle":0.0,"axis":"z","origin":[8.0,8.0,8.0]},"faces":{"east":{"uv":[5.75,3.375,7.25,3.625],"texture":"#layer0","tintindex":0},"south":{"uv":[11.0,3.75,12.75,4.0],"texture":"#layer0","tintindex":0},"north":{"uv":[11.25,10.625,13.0,10.875],"texture":"#layer0","tintindex":0},"west":{"uv":[7.125,6.75,8.625,7.0],"texture":"#layer0","tintindex":0},"up":{"uv":[3.25,7.625,1.75,5.875],"texture":"#layer0","tintindex":0},"down":{"uv":[5.875,0.0,7.375,1.75],"texture":"#layer0","tintindex":0}}},{"name":"body_2","from":[9.215,13.675268,12.343664],"to":[17.585001,14.875268,15.943665],"rotation":{"angle":22.5,"axis":"x","origin":[12.2,20.275269,12.343664]},"faces":{"east":{"uv":[4.0,3.625,4.75,3.875],"texture":"#layer0","tintindex":0},"south":{"uv":[11.375,2.625,13.125,2.875],"texture":"#layer0","tintindex":0},"north":{"uv":[11.375,4.0,13.125,4.25],"texture":"#layer0","tintindex":0},"west":{"uv":[12.0,4.25,12.75,4.5],"texture":"#layer0","tintindex":0},"up":{"uv":[3.25,9.375,2.5,7.625],"texture":"#layer0","tintindex":0},"down":{"uv":[3.25,8.75,4.0,10.5],"texture":"#layer0","tintindex":0}}},{"name":"body_3","from":[11.015,15.475268,3.9436638],"to":[15.785001,21.47527,9.343664],"rotation":{"angle":22.5,"axis":"x","origin":[12.2,21.47527,5.743664]},"faces":{"east":{"uv":[7.375,0.0,8.5,1.25],"texture":"#layer0","tintindex":0},"south":{"uv":[4.0,8.75,5.0,10.0],"texture":"#layer0","tintindex":0},"north":{"uv":[5.0,8.75,6.0,10.0],"texture":"#layer0","tintindex":0},"west":{"uv":[7.5,1.25,8.625,2.5],"texture":"#layer0","tintindex":0},"up":{"uv":[10.75,5.625,9.625,4.625],"texture":"#layer0","tintindex":0},"down":{"uv":[9.625,5.625,10.75,6.625],"texture":"#layer0","tintindex":0}}},{"name":"body_4","from":[8.6,13.400001,13.74392],"to":[18.2,22.400002,22.14392],"rotation":{"angle":0.0,"axis":"z","origin":[8.0,8.0,8.0]},"faces":{"east":{"uv":[4.0,1.75,5.75,3.625],"texture":"#layer0","tintindex":0},"south":{"uv":[0.0,0.0,2.0,1.875],"texture":"#layer0","tintindex":0},"north":{"uv":[0.0,1.875,2.0,3.75],"texture":"#layer0","tintindex":0},"west":{"uv":[5.375,5.375,7.125,7.25],"texture":"#layer0","tintindex":0},"up":{"uv":[1.75,5.75,0.0,3.75],"texture":"#layer0","tintindex":0},"down":{"uv":[1.75,3.875,3.5,5.875],"texture":"#layer0","tintindex":0}}},{"name":"body_5","from":[8.6,13.400001,6.2439203],"to":[18.2,22.400002,9.24392],"rotation":{"angle":0.0,"axis":"z","origin":[8.0,8.0,8.0]},"faces":{"east":{"uv":[9.375,2.75,10.0,4.625],"texture":"#layer0","tintindex":0},"south":{"uv":[2.0,2.0,4.0,3.875],"texture":"#layer0","tintindex":0},"north":{"uv":[2.0,0.0,4.0,1.875],"texture":"#layer0","tintindex":0},"west":{"uv":[9.625,0.0,10.25,1.875],"texture":"#layer0","tintindex":0},"up":{"uv":[9.375,4.75,8.75,2.75],"texture":"#layer0","tintindex":0},"down":{"uv":[0.0,8.875,0.625,10.875],"texture":"#layer0","tintindex":0}}},{"name":"body_6","from":[12.8,12.2,21.543922],"to":[14.0,19.400002,22.74392],"rotation":{"angle":0.0,"axis":"z","origin":[8.0,8.0,8.0]},"faces":{"east":{"uv":[8.875,11.375,9.125,12.875],"texture":"#layer0","tintindex":0},"south":{"uv":[11.5,11.5,11.75,13.0],"texture":"#layer0","tintindex":0},"north":{"uv":[3.375,11.625,3.625,13.125],"texture":"#layer0","tintindex":0},"west":{"uv":[3.125,11.625,3.375,13.125],"texture":"#layer0","tintindex":0},"up":{"uv":[11.75,9.25,11.5,9.0],"texture":"#layer0","tintindex":0},"down":{"uv":[11.5,11.25,11.75,11.5],"texture":"#layer0","tintindex":0}}},{"name":"body_7","from":[13.1,8.6,21.843922],"to":[13.7,12.2,22.44392],"rotation":{"angle":0.0,"axis":"z","origin":[8.0,8.0,8.0]},"faces":{"east":{"uv":[3.875,10.5,4.0,11.25],"texture":"#layer0","tintindex":0},"south":{"uv":[10.625,6.625,10.75,7.375],"texture":"#layer0","tintindex":0},"north":{"uv":[1.125,12.125,1.25,12.875],"texture":"#layer0","tintindex":0},"west":{"uv":[3.125,10.75,3.25,11.5],"texture":"#layer0","tintindex":0},"up":{"uv":[12.25,7.375,12.125,7.25],"texture":"#layer0","tintindex":0},"down":{"uv":[12.125,10.5,12.25,10.625],"texture":"#layer0","tintindex":0}}}],"display":{"head":{"translation":[0.0,-6.4,0.0],"rotation":[0.0,0.0,0.0],"scale":[3.8095,3.8095,3.8095]},"gui":{"translation":[0.0,0.0,0.0],"rotation":[35.0,225.0,0.0],"scale":[0.625,0.625,0.625]}}}