{"file_name":"right_back_leg6","texture_size":[128,128],"textures":{"layer0":"manamodels/horton_mount"},"elements":[{"name":"right_back_leg6_0","from":[6.2,6.2,4.3999996],"to":[9.8,8.0,8.0],"rotation":{"angle":0.0,"axis":"z","origin":[8.0,8.0,8.0]},"faces":{"east":{"uv":[11.875,0.75,12.625,1.125],"texture":"#layer0","tintindex":0},"south":{"uv":[11.875,1.125,12.625,1.5],"texture":"#layer0","tintindex":0},"north":{"uv":[11.875,8.125,12.625,8.5],"texture":"#layer0","tintindex":0},"west":{"uv":[11.875,1.5,12.625,1.875],"texture":"#layer0","tintindex":0},"up":{"uv":[8.875,12.125,8.125,11.375],"texture":"#layer0","tintindex":0},"down":{"uv":[11.375,1.875,12.125,2.625],"texture":"#layer0","tintindex":0}}}],"display":{"head":{"translation":[0.0,-6.4,0.0],"rotation":[0.0,0.0,0.0],"scale":[3.8095,3.8095,3.8095]},"gui":{"translation":[0.0,0.0,0.0],"rotation":[35.0,225.0,0.0],"scale":[0.625,0.625,0.625]}}}