{"textures":{"0":"modelengine:custom/dragon","particle":"modelengine:custom/dragon"},"elements":[{"from":[4.99,1.3084414,6.9457874],"to":[11.01,7.3284416,12.965788],"faces":{"east":{"uv":[10.625,4.5,11.0,4.875],"tintindex":0,"rotation":0,"texture":"#0"},"south":{"uv":[10.625,4.875,11.0,5.25],"tintindex":0,"rotation":0,"texture":"#0"},"north":{"uv":[10.625,4.125,11.0,4.5],"tintindex":0,"rotation":0,"texture":"#0"},"west":{"uv":[10.625,5.25,11.0,5.625],"tintindex":0,"rotation":0,"texture":"#0"},"up":{"uv":[11.0,6.0,10.625,5.625],"tintindex":0,"rotation":0,"texture":"#0"},"down":{"uv":[11.0,6.0,10.625,6.375],"tintindex":0,"rotation":0,"texture":"#0"}},"rotation":{"origin":[8.0,4.3184414,7.4557877],"angle":-45.0,"axis":"z"}}],"display":{"gui":{"rotation":[30,225,0]}}}