{"textures":{"0":"modelengine:custom/dragon","particle":"modelengine:custom/dragon"},"elements":[{"from":[-6.0,-5.0,8.0],"to":[21.5,6.5,8.0],"faces":{"south":{"uv":[0.0,5.8125,3.4375,7.25],"tintindex":0,"rotation":0,"texture":"#0"},"north":{"uv":[3.4375,1.8125,6.875,3.25],"tintindex":0,"rotation":0,"texture":"#0"}}},{"from":[8.0,6.5,7.25],"to":[20.0,8.0,8.75],"faces":{"east":{"uv":[11.0,3.5625,11.1875,3.75],"tintindex":0,"rotation":0,"texture":"#0"},"south":{"uv":[4.9375,3.25,6.4375,3.4375],"tintindex":0,"rotation":0,"texture":"#0"},"north":{"uv":[3.4375,3.25,4.9375,3.4375],"tintindex":0,"rotation":0,"texture":"#0"},"west":{"uv":[11.0,3.75,11.1875,3.9375],"tintindex":0,"rotation":0,"texture":"#0"},"up":{"uv":[10.1875,8.625,8.6875,8.4375],"tintindex":0,"rotation":0,"texture":"#0"},"down":{"uv":[10.375,2.5,8.875,2.6875],"tintindex":0,"rotation":0,"texture":"#0"}}}],"display":{"gui":{"rotation":[30,225,0]}}}