{"display":{"thirdperson_righthand":{"translation":[-1.75,3.5,0],"scale":[0.5,0.5,0.5]},"thirdperson_lefthand":{"translation":[-1.75,3.5,0],"scale":[0.5,0.5,0.5]},"firstperson_righthand":{"rotation":[0,114,0],"translation":[0,3.25,0],"scale":[0.5,0.5,0.5]},"firstperson_lefthand":{"rotation":[0,114,0],"translation":[0,3.25,0],"scale":[0.5,0.5,0.5]},"ground":{"scale":[0.4,0.4,0.4]},"gui":{"rotation":[8,-166,0],"translation":[0,6,0],"scale":[1.2,1.2,1.2]},"head":{"translation":[0,6.25,-0.5],"scale":[1.55,1.55,1.55]},"fixed":{"translation":[0,5.25,-0.25]}},"texture_size":[64,64],"textures":{"0":"crates/anime21_crate/tokyo_ghoul_mask","particle":"crates/anime21_crate/tokyo_ghoul_mask"},"elements":[{"from":[3,2,3],"to":[13,3,4],"faces":{"north":{"uv":[4.5,1,7,1.25],"texture":"#0"},"east":{"uv":[9,8,9.25,8.25],"texture":"#0"},"south":{"uv":[4.5,1.5,7,1.75],"texture":"#0"},"west":{"uv":[9.25,2.75,9.5,3],"texture":"#0"},"up":{"uv":[7.75,5.25,5.25,5],"texture":"#0"},"down":{"uv":[7.75,5.5,5.25,5.75],"texture":"#0"}}},{"from":[5.87641,1.08031,3.025],"to":[8.87641,2.08031,4.025],"rotation":{"angle":22.5,"axis":"z","origin":[2.87641,-0.91969,0.025]},"faces":{"north":{"uv":[8.25,2,9,2.25],"texture":"#0"},"east":{"uv":[9.5,9.5,9.75,9.75],"texture":"#0"},"south":{"uv":[8.25,2.5,9,2.75],"texture":"#0"},"west":{"uv":[0,9.75,0.25,10],"texture":"#0"},"up":{"uv":[9,3.25,8.25,3],"texture":"#0"},"down":{"uv":[9,3.5,8.25,3.75],"texture":"#0"}}},{"from":[7.87641,0.08031,3.05],"to":[8.87641,1.08031,4.05],"rotation":{"angle":22.5,"axis":"z","origin":[2.87641,-0.91969,0.05]},"faces":{"north":{"uv":[5.75,9.5,6,9.75],"texture":"#0"},"east":{"uv":[6.25,9.5,6.5,9.75],"texture":"#0"},"south":{"uv":[9.5,6.5,9.75,6.75],"texture":"#0"},"west":{"uv":[9.5,7,9.75,7.25],"texture":"#0"},"up":{"uv":[9.75,7.75,9.5,7.5],"texture":"#0"},"down":{"uv":[9.75,8,9.5,8.25],"texture":"#0"}}},{"from":[8.25,-1,3.025],"to":[11.25,0,4.025],"rotation":{"angle":22.5,"axis":"z","origin":[8.75,2,3.525]},"faces":{"north":{"uv":[8,1,8.75,1.25],"texture":"#0"},"east":{"uv":[3.75,9.25,4,9.5],"texture":"#0"},"south":{"uv":[1.25,8,2,8.25],"texture":"#0"},"west":{"uv":[4.25,9.25,4.5,9.5],"texture":"#0"},"up":{"uv":[8.75,1.75,8,1.5],"texture":"#0"},"down":{"uv":[4.5,8,3.75,8.25],"texture":"#0"}}},{"from":[4.75,1.5,3.025],"to":[5.75,3.5,4.025],"rotation":{"angle":-22.5,"axis":"z","origin":[2.75,3,3.525]},"faces":{"north":{"uv":[0,9,0.25,9.5],"texture":"#0"},"east":{"uv":[9,6.5,9.25,7],"texture":"#0"},"south":{"uv":[9,7.25,9.25,7.75],"texture":"#0"},"west":{"uv":[8,9,8.25,9.5],"texture":"#0"},"up":{"uv":[9.75,8.75,9.5,8.5],"texture":"#0"},"down":{"uv":[9.75,9,9.5,9.25],"texture":"#0"}}},{"from":[10.25,1.5,3.025],"to":[11.25,3.5,4.025],"rotation":{"angle":22.5,"axis":"z","origin":[13.25,3,3.525]},"faces":{"north":{"uv":[8.5,9,8.75,9.5],"texture":"#0"},"east":{"uv":[9,9,9.25,9.5],"texture":"#0"},"south":{"uv":[2,9.25,2.25,9.75],"texture":"#0"},"west":{"uv":[9.25,2,9.5,2.5],"texture":"#0"},"up":{"uv":[10,0.25,9.75,0],"texture":"#0"},"down":{"uv":[10,0.5,9.75,0.75],"texture":"#0"}}},{"from":[8.31389,1.46298,3.05],"to":[10.31389,2.46298,4.05],"rotation":{"angle":22.5,"axis":"z","origin":[8.81389,4.46298,3.55]},"faces":{"north":{"uv":[9,0.5,9.5,0.75],"texture":"#0"},"east":{"uv":[0.5,9.5,0.75,9.75],"texture":"#0"},"south":{"uv":[9,1,9.5,1.25],"texture":"#0"},"west":{"uv":[1,9.5,1.25,9.75],"texture":"#0"},"up":{"uv":[9.5,1.75,9,1.5],"texture":"#0"},"down":{"uv":[9.5,4,9,4.25],"texture":"#0"}}},{"from":[5.68611,1.46298,3.05],"to":[7.68611,2.46298,4.05],"rotation":{"angle":-22.5,"axis":"z","origin":[7.18611,4.46298,3.55]},"faces":{"north":{"uv":[9,4.5,9.5,4.75],"texture":"#0"},"east":{"uv":[1.5,9.5,1.75,9.75],"texture":"#0"},"south":{"uv":[9,5,9.5,5.25],"texture":"#0"},"west":{"uv":[2.5,9.5,2.75,9.75],"texture":"#0"},"up":{"uv":[9.5,5.75,9,5.5],"texture":"#0"},"down":{"uv":[9.5,6,9,6.25],"texture":"#0"}}},{"from":[4.75,-1,3.025],"to":[7.75,0,4.025],"rotation":{"angle":-22.5,"axis":"z","origin":[7.25,2,3.525]},"faces":{"north":{"uv":[8,5,8.75,5.25],"texture":"#0"},"east":{"uv":[4.75,9.25,5,9.5],"texture":"#0"},"south":{"uv":[8,5.5,8.75,5.75],"texture":"#0"},"west":{"uv":[5.25,9.25,5.5,9.5],"texture":"#0"},"up":{"uv":[8.75,6.25,8,6],"texture":"#0"},"down":{"uv":[8.75,6.5,8,6.75],"texture":"#0"}}},{"from":[6.5,1.5,3.025],"to":[9.5,2.5,4.025],"rotation":{"angle":0,"axis":"y","origin":[9,4.5,3.525]},"faces":{"north":{"uv":[7,8,7.75,8.25],"texture":"#0"},"east":{"uv":[6.75,9.25,7,9.5],"texture":"#0"},"south":{"uv":[8,7,8.75,7.25],"texture":"#0"},"west":{"uv":[7.25,9.25,7.5,9.5],"texture":"#0"},"up":{"uv":[8.75,7.75,8,7.5],"texture":"#0"},"down":{"uv":[8.75,8,8,8.25],"texture":"#0"}}},{"from":[4.5,-0.5,3.525],"to":[11.5,2.5,4.525],"rotation":{"angle":0,"axis":"y","origin":[9,4.5,3.525]},"faces":{"north":{"uv":[2.25,2,4,2.75],"texture":"#0"},"east":{"uv":[1.5,8.5,1.75,9.25],"texture":"#0"},"south":{"uv":[2.25,3,4,3.75],"texture":"#0"},"west":{"uv":[2.75,8.5,3,9.25],"texture":"#0"},"up":{"uv":[1.75,6.5,0,6.25],"texture":"#0"},"down":{"uv":[3.75,6.25,2,6.5],"texture":"#0"}}},{"from":[3,-1,3],"to":[13,0,4],"faces":{"north":{"uv":[5.75,0,8.25,0.25],"texture":"#0"},"east":{"uv":[3.25,9.25,3.5,9.5],"texture":"#0"},"south":{"uv":[5.75,0.5,8.25,0.75],"texture":"#0"},"west":{"uv":[9.25,3.25,9.5,3.5],"texture":"#0"},"up":{"uv":[8.25,4.25,5.75,4],"texture":"#0"},"down":{"uv":[8.25,4.5,5.75,4.75],"texture":"#0"}}},{"from":[11,0,3],"to":[13,2,4],"faces":{"north":{"uv":[6,7,6.5,7.5],"texture":"#0"},"east":{"uv":[7,8.5,7.25,9],"texture":"#0"},"south":{"uv":[6.75,7,7.25,7.5],"texture":"#0"},"west":{"uv":[7.5,8.5,7.75,9],"texture":"#0"},"up":{"uv":[8.5,8.75,8,8.5],"texture":"#0"},"down":{"uv":[2.5,8.75,2,9],"texture":"#0"}}},{"from":[3,0,3],"to":[5,2,4],"rotation":{"angle":0,"axis":"y","origin":[16,0,0]},"faces":{"north":{"uv":[0,7.25,0.5,7.75],"texture":"#0"},"east":{"uv":[5.75,8.75,6,9.25],"texture":"#0"},"south":{"uv":[7.25,1,7.75,1.5],"texture":"#0"},"west":{"uv":[6.25,8.75,6.5,9.25],"texture":"#0"},"up":{"uv":[9.25,8.75,8.75,8.5],"texture":"#0"},"down":{"uv":[9.5,0,9,0.25],"texture":"#0"}}},{"from":[4,-1,12],"to":[12,2,13],"faces":{"north":{"uv":[2.25,0,4.25,0.75],"texture":"#0"},"east":{"uv":[6,7.75,6.25,8.5],"texture":"#0"},"south":{"uv":[2.25,1,4.25,1.75],"texture":"#0"},"west":{"uv":[6.5,7.75,6.75,8.5],"texture":"#0"},"up":{"uv":[2,6,0,5.75],"texture":"#0"},"down":{"uv":[8,2,6,2.25],"texture":"#0"}}},{"from":[4,-1,4],"to":[12,0,12],"faces":{"north":{"uv":[6,2.5,8,2.75],"texture":"#0"},"east":{"uv":[6,3,8,3.25],"texture":"#0"},"south":{"uv":[6,3.5,8,3.75],"texture":"#0"},"west":{"uv":[5.25,6,7.25,6.25],"texture":"#0"},"up":{"uv":[2,2,0,0],"texture":"#0"},"down":{"uv":[2,2.25,0,4.25],"texture":"#0"}}},{"from":[7.5,2.325,2.25],"to":[8.5,4.325,4.25],"rotation":{"angle":22.5,"axis":"x","origin":[8,1.5,2.5]},"faces":{"north":{"uv":[3.25,8.5,3.5,9],"texture":"#0"},"east":{"uv":[2.25,6.75,2.75,7.25],"texture":"#0"},"south":{"uv":[3.75,8.5,4,9],"texture":"#0"},"west":{"uv":[3,6.75,3.5,7.25],"texture":"#0"},"up":{"uv":[8.75,4.5,8.5,4],"texture":"#0"},"down":{"uv":[4.5,8.5,4.25,9],"texture":"#0"}}},{"from":[12,-1,4],"to":[13,3,7],"faces":{"north":{"uv":[1.25,6.75,1.5,7.75],"texture":"#0"},"east":{"uv":[1.25,4.5,2,5.5],"texture":"#0"},"south":{"uv":[1.75,6.75,2,7.75],"texture":"#0"},"west":{"uv":[2.25,5,3,6],"texture":"#0"},"up":{"uv":[7.75,6.75,7.5,6],"texture":"#0"},"down":{"uv":[7.75,7,7.5,7.75],"texture":"#0"}}},{"from":[3,-1,4],"to":[4,3,7],"rotation":{"angle":0,"axis":"y","origin":[16,0,0]},"faces":{"north":{"uv":[0.75,7.25,1,8.25],"texture":"#0"},"east":{"uv":[3.25,5,4,6],"texture":"#0"},"south":{"uv":[2.25,7.5,2.5,8.5],"texture":"#0"},"west":{"uv":[4.25,5,5,6],"texture":"#0"},"up":{"uv":[0.75,9.25,0.5,8.5],"texture":"#0"},"down":{"uv":[1.25,8.5,1,9.25],"texture":"#0"}}},{"from":[12,-1,7],"to":[13,2,13],"faces":{"north":{"uv":[0,8,0.25,8.75],"texture":"#0"},"east":{"uv":[2.25,4,3.75,4.75],"texture":"#0"},"south":{"uv":[4.75,8.25,5,9],"texture":"#0"},"west":{"uv":[4,4,5.5,4.75],"texture":"#0"},"up":{"uv":[4.25,7.75,4,6.25],"texture":"#0"},"down":{"uv":[4.75,6.25,4.5,7.75],"texture":"#0"}}},{"from":[3,-1,7],"to":[4,2,13],"rotation":{"angle":0,"axis":"y","origin":[16,0,0]},"faces":{"north":{"uv":[5.25,8.25,5.5,9],"texture":"#0"},"east":{"uv":[4.25,2,5.75,2.75],"texture":"#0"},"south":{"uv":[8.5,0,8.75,0.75],"texture":"#0"},"west":{"uv":[4.25,3,5.75,3.75],"texture":"#0"},"up":{"uv":[5.25,8,5,6.5],"texture":"#0"},"down":{"uv":[5.75,6.5,5.5,8],"texture":"#0"}}},{"from":[9,3,2.75],"to":[13,6,3.75],"rotation":{"angle":-22.5,"axis":"z","origin":[9,5,3.5]},"faces":{"north":{"uv":[0,4.5,1,5.25],"texture":"#0"},"east":{"uv":[2.75,7.5,3,8.25],"texture":"#0"},"south":{"uv":[4.5,0,5.5,0.75],"texture":"#0"},"west":{"uv":[3.25,7.5,3.5,8.25],"texture":"#0"},"up":{"uv":[7,6.75,6,6.5],"texture":"#0"},"down":{"uv":[1,6.75,0,7],"texture":"#0"}}},{"from":[12.5,-3.25,5],"to":[14.5,-0.25,8],"rotation":{"angle":-45,"axis":"x","origin":[14,-1.5,5.5]},"faces":{"north":{"uv":[10.25,5.25,10.75,6],"texture":"#0"},"east":{"uv":[11,0.5,11.75,1.25],"texture":"#0"},"south":{"uv":[10,6.75,10.5,7.5],"texture":"#0"},"west":{"uv":[10.25,9,11,9.75],"texture":"#0"},"up":{"uv":[10.5,2,11,2.75],"texture":"#0"},"down":{"uv":[10,3.75,10.5,4.5],"texture":"#0"}}},{"from":[1.5,-3.25,5],"to":[3.5,-0.25,8],"rotation":{"angle":-45,"axis":"x","origin":[2,-1.5,5.5]},"faces":{"north":{"uv":[10.75,5.25,10.25,6],"texture":"#0"},"east":{"uv":[11,9,10.25,9.75],"texture":"#0"},"south":{"uv":[10.5,6.75,10,7.5],"texture":"#0"},"west":{"uv":[11.75,0.5,11,1.25],"texture":"#0"},"up":{"uv":[11,2,10.5,2.75],"texture":"#0"},"down":{"uv":[10.5,3.75,10,4.5],"texture":"#0"}}}],"gui_light":"front"}