{"textures":{"0":"modelengine:custom/raven","particle":"modelengine:custom/raven"},"elements":[{"from":[8.5,8.0,8.0],"to":[15.5,8.0,11.0],"faces":{"up":{"uv":[0.0,7.0,1.75,6.25],"tintindex":0,"rotation":0,"texture":"#0"},"down":{"uv":[0.0,6.25,1.75,7.0],"tintindex":0,"rotation":0,"texture":"#0"}}},{"from":[15.5,8.5,9.0],"to":[8.5,7.5,4.0],"faces":{"east":{"uv":[9.0,1.75,7.75,1.5],"tintindex":0,"rotation":0,"texture":"#0"},"south":{"uv":[9.25,3.25,7.5,3.0],"tintindex":0,"rotation":0,"texture":"#0"},"north":{"uv":[9.25,3.5,7.5,3.25],"tintindex":0,"rotation":0,"texture":"#0"},"west":{"uv":[9.0,2.0,7.75,1.75],"tintindex":0,"rotation":0,"texture":"#0"},"up":{"uv":[3.5,5.25,5.25,6.5],"tintindex":0,"rotation":0,"texture":"#0"},"down":{"uv":[5.25,6.5,3.5,5.25],"tintindex":0,"rotation":0,"texture":"#0"}}},{"from":[15.5,8.0,11.0],"to":[8.5,8.0,8.0],"faces":{"up":{"uv":[1.75,6.25,0.0,7.0],"tintindex":0,"rotation":0,"texture":"#0"},"down":{"uv":[1.75,7.0,0.0,6.25],"tintindex":0,"rotation":0,"texture":"#0"}}},{"from":[8.5,7.5,4.0],"to":[15.5,8.5,9.0],"faces":{"east":{"uv":[9.0,1.75,7.75,2.0],"tintindex":0,"rotation":0,"texture":"#0"},"south":{"uv":[9.25,3.25,7.5,3.5],"tintindex":0,"rotation":0,"texture":"#0"},"north":{"uv":[9.25,3.0,7.5,3.25],"tintindex":0,"rotation":0,"texture":"#0"},"west":{"uv":[9.0,1.5,7.75,1.75],"tintindex":0,"rotation":0,"texture":"#0"},"up":{"uv":[3.5,6.5,5.25,5.25],"tintindex":0,"rotation":0,"texture":"#0"},"down":{"uv":[5.25,5.25,3.5,6.5],"tintindex":0,"rotation":0,"texture":"#0"}}}],"display":{"gui":{"rotation":[30,225,0]}}}