{"textures":{"0":"modelengine:custom/mana_golem_copper","particle":"modelengine:custom/mana_golem_copper"},"elements":[{"from":[6.0,5.0,6.0],"to":[10.0,9.0,10.0],"faces":{"east":{"uv":[11.0,8.0,10.0,9.0],"tintindex":0,"rotation":0,"texture":"#0"},"south":{"uv":[11.0,7.0,10.0,8.0],"tintindex":0,"rotation":0,"texture":"#0"},"north":{"uv":[11.0,5.0,10.0,6.0],"tintindex":0,"rotation":0,"texture":"#0"},"west":{"uv":[11.0,6.0,10.0,7.0],"tintindex":0,"rotation":0,"texture":"#0"},"up":{"uv":[10.0,10.0,11.0,9.0],"tintindex":0,"rotation":0,"texture":"#0"},"down":{"uv":[10.0,10.0,11.0,11.0],"tintindex":0,"rotation":0,"texture":"#0"}}}],"display":{"gui":{"rotation":[30,225,0]}}}