{"file_name":"rightleg","texture_size":[64,64],"textures":{"layer0":"manamodels/red"},"elements":[{"name":"rightleg_0","from":[6.2,5.8999996,11.900001],"to":[9.8,10.1,16.1],"rotation":{"angle":0.0,"axis":"z","origin":[8.0,8.0,8.0]},"faces":{"east":{"uv":[4.75,9.75,6.0,11.0],"texture":"#layer0","tintindex":0},"south":{"uv":[8.25,9.75,9.25,11.0],"texture":"#layer0","tintindex":0},"north":{"uv":[6.0,9.75,7.0,11.0],"texture":"#layer0","tintindex":0},"west":{"uv":[7.0,9.75,8.25,11.0],"texture":"#layer0","tintindex":0},"up":{"uv":[7.0,9.75,6.0,8.5],"texture":"#layer0","tintindex":0},"down":{"uv":[7.0,8.5,8.0,9.75],"texture":"#layer0","tintindex":0}}}],"display":{"head":{"translation":[0.0,-6.4,0.0],"rotation":[0.0,0.0,0.0],"scale":[3.8095,3.8095,3.8095]},"gui":{"translation":[0.0,0.0,0.0],"rotation":[35.0,225.0,0.0],"scale":[0.625,0.625,0.625]}}}