{"display":{"thirdperson_righthand":{"rotation":[0,-90,0],"translation":[0,9.75,0]},"thirdperson_lefthand":{"rotation":[0,-90,0],"translation":[0,9.75,0]},"firstperson_righthand":{"rotation":[-5,-72,9],"translation":[2,4.25,0],"scale":[0.7,0.7,0.7]},"firstperson_lefthand":{"rotation":[-5,-72,9],"translation":[2,4.5,0],"scale":[0.7,0.7,0.7]},"ground":{"rotation":[29,65,0],"translation":[0,12.75,0],"scale":[0.9,0.9,0.9]},"gui":{"rotation":[4,0,-45],"translation":[0.75,0.75,0],"scale":[0.6,0.6,0.6]},"fixed":{"rotation":[0,0,45],"translation":[-1,1,-0.5]}},"texture_size":[64,64],"textures":{"0":"crates/wild/peacock_feather","particle":"crates/wild/peacock_feather"},"elements":[{"from":[-0.27208,0,7],"to":[4.72792,5,9],"rotation":{"angle":-45,"axis":"z","origin":[20.72792,2,-15.5]},"faces":{"north":{"uv":[4.5,4.5,5.75,5.75],"texture":"#0"},"east":{"uv":[5.75,7,6.25,5.75],"texture":"#0"},"south":{"uv":[5.75,4.5,4.5,5.75],"texture":"#0"},"west":{"uv":[5.75,5.75,6.25,7],"texture":"#0"},"up":{"uv":[7.25,0.5,6,0],"texture":"#0"},"down":{"uv":[6,0,7.25,0.5],"texture":"#0"}}},{"from":[7.29289,-11,8],"to":[8.29289,15,9],"rotation":{"angle":45,"axis":"y","origin":[7.29289,2.5,8]},"faces":{"north":{"uv":[4,4.5,3.75,11],"texture":"#0"},"east":{"uv":[3.75,4.5,4,11],"texture":"#0"},"south":{"uv":[4,4.5,3.75,11],"texture":"#0"},"west":{"uv":[3.75,4.5,4,11],"texture":"#0"},"up":{"uv":[6.25,1.25,6,1],"texture":"#0"},"down":{"uv":[6.25,1.25,6,1.5],"texture":"#0"}}},{"from":[2,-2,8],"to":[14,16,8],"rotation":{"angle":0,"axis":"y","origin":[7,2.5,8]},"faces":{"north":{"uv":[0,0,3,4.5],"texture":"#0"},"east":{"uv":[0,0,0,4.5],"texture":"#0"},"south":{"uv":[3,0,6,4.5],"texture":"#0"},"west":{"uv":[0,0,0,4.5],"texture":"#0"},"up":{"uv":[3,0,0,0],"texture":"#0"},"down":{"uv":[3,0,0,0],"texture":"#0"}}},{"from":[4.5,15,8],"to":[11.5,25,8],"rotation":{"angle":0,"axis":"y","origin":[7.5,2.5,8]},"faces":{"north":{"uv":[0,4.5,1.75,7],"texture":"#0"},"east":{"uv":[0,0,0,2.5],"texture":"#0"},"south":{"uv":[1.75,4.5,3.5,7],"texture":"#0"},"west":{"uv":[0,0,0,2.5],"texture":"#0"},"up":{"uv":[1.75,0,0,0],"texture":"#0"},"down":{"uv":[1.75,0,0,0],"texture":"#0"}}},{"name":"cube inverted","from":[14,16,8],"to":[2,-2,8],"rotation":{"angle":0,"axis":"y","origin":[7,2.5,8]},"faces":{"north":{"uv":[3,4.5,6,0],"texture":"#0"},"east":{"uv":[0,4.5,0,0],"texture":"#0"},"south":{"uv":[0,4.5,3,0],"texture":"#0"},"west":{"uv":[0,4.5,0,0],"texture":"#0"},"up":{"uv":[0,0,3,0],"texture":"#0"},"down":{"uv":[0,0,3,0],"texture":"#0"}}},{"name":"cube inverted","from":[11.5,25,8],"to":[4.5,15,8],"rotation":{"angle":0,"axis":"y","origin":[7.5,2.5,8]},"faces":{"north":{"uv":[1.75,7,3.5,4.5],"texture":"#0"},"east":{"uv":[0,2.5,0,0],"texture":"#0"},"south":{"uv":[0,7,1.75,4.5],"texture":"#0"},"west":{"uv":[0,2.5,0,0],"texture":"#0"},"up":{"uv":[0,0,1.75,0],"texture":"#0"},"down":{"uv":[0,0,1.75,0],"texture":"#0"}}}]}