{"display":{"thirdperson_righthand":{"scale":[0.5,0.5,0.5]},"thirdperson_lefthand":{"scale":[0.5,0.5,0.5]},"firstperson_righthand":{"scale":[0.5,0.5,0.5]},"firstperson_lefthand":{"scale":[0.5,0.5,0.5]},"ground":{"translation":[0,0,-2.5],"scale":[0.5,0.5,0.5]},"gui":{"rotation":[0,-141,0],"translation":[2.25,-4.25,0],"scale":[0.5,0.5,0.5]},"head":{"translation":[0,-48.75,1.5],"scale":[1.7,1.7,1.7]},"fixed":{"rotation":[14,0,0],"translation":[0,-7.25,-9.25]}},"texture_size":[64,64],"textures":{"0":"crates/ocean21_crate/kraken_arms","particle":"crates/ocean21_crate/kraken_arms"},"elements":[{"from":[9,10,8],"to":[12,16,11],"rotation":{"angle":-22.5,"axis":"x","origin":[12,17.5,11.5]},"faces":{"north":{"uv":[12,5.25,12.75,6.75],"texture":"#0"},"east":{"uv":[11.25,5.25,12,6.75],"texture":"#0"},"south":{"uv":[13.5,5.25,14.25,6.75],"texture":"#0"},"west":{"uv":[12.75,5.25,13.5,6.75],"texture":"#0"},"up":{"uv":[12.75,5.25,12,4.5],"texture":"#0"},"down":{"uv":[13.5,4.5,12.75,5.25],"texture":"#0"}}},{"from":[11,9,11.75],"to":[21,12,14.75],"rotation":{"angle":-22.5,"axis":"y","origin":[12,17.5,11.5]},"faces":{"north":{"uv":[0.75,2.25,3.25,3],"texture":"#0"},"east":{"uv":[0,2.25,0.75,3],"texture":"#0"},"south":{"uv":[4,2.25,6.5,3],"texture":"#0"},"west":{"uv":[3.25,2.25,4,3],"texture":"#0"},"up":{"uv":[3.25,2.25,0.75,1.5],"texture":"#0"},"down":{"uv":[5.75,1.5,3.25,2.25],"texture":"#0"}}},{"from":[18.5,3,12.5],"to":[20.5,10,14.5],"rotation":{"angle":-22.5,"axis":"x","origin":[12,17.5,12]},"faces":{"north":{"uv":[12.5,2.75,13,4.5],"texture":"#0"},"east":{"uv":[12,2.75,12.5,4.5],"texture":"#0"},"south":{"uv":[13.5,2.75,14,4.5],"texture":"#0"},"west":{"uv":[13,2.75,13.5,4.5],"texture":"#0"},"up":{"uv":[13,2.75,12.5,2.25],"texture":"#0"},"down":{"uv":[13.5,2.25,13,2.75],"texture":"#0"}}},{"from":[19.7,1.95,18],"to":[21.3,5.55,19.6],"rotation":{"angle":45,"axis":"z","origin":[20.5,4.25,18.55]},"faces":{"north":{"uv":[8,12.75,8.5,13.75],"texture":"#0"},"east":{"uv":[7.5,12.75,8,13.75],"texture":"#0"},"south":{"uv":[9,12.75,9.5,13.75],"texture":"#0"},"west":{"uv":[8.5,12.75,9,13.75],"texture":"#0"},"up":{"uv":[8.5,12.75,8,12.25],"texture":"#0"},"down":{"uv":[9,12.25,8.5,12.75],"texture":"#0"}}},{"from":[28.1,4.6,17.6],"to":[28.9,5.4,18.4],"rotation":{"angle":-45,"axis":"z","origin":[24.25,10.25,13]},"faces":{"north":{"uv":[9.75,15,10,15.25],"texture":"#0"},"east":{"uv":[9.5,15,9.75,15.25],"texture":"#0"},"south":{"uv":[10.25,15,10.5,15.25],"texture":"#0"},"west":{"uv":[10,15,10.25,15.25],"texture":"#0"},"up":{"uv":[10,15,9.75,14.75],"texture":"#0"},"down":{"uv":[10.25,14.75,10,15],"texture":"#0"}}},{"from":[26.85,4.6,17.6],"to":[27.65,5.4,18.4],"rotation":{"angle":-45,"axis":"z","origin":[24.25,10.25,13]},"faces":{"north":{"uv":[9.75,15,10,15.25],"texture":"#0"},"east":{"uv":[9.5,15,9.75,15.25],"texture":"#0"},"south":{"uv":[10.25,15,10.5,15.25],"texture":"#0"},"west":{"uv":[10,15,10.25,15.25],"texture":"#0"},"up":{"uv":[10,15,9.75,14.75],"texture":"#0"},"down":{"uv":[10.25,14.75,10,15],"texture":"#0"}}},{"from":[26.85,5.6,17.6],"to":[27.65,6.4,18.4],"rotation":{"angle":-45,"axis":"z","origin":[24.25,10.25,13]},"faces":{"north":{"uv":[9.75,15,10,15.25],"texture":"#0"},"east":{"uv":[9.5,15,9.75,15.25],"texture":"#0"},"south":{"uv":[10.25,15,10.5,15.25],"texture":"#0"},"west":{"uv":[10,15,10.25,15.25],"texture":"#0"},"up":{"uv":[10,15,9.75,14.75],"texture":"#0"},"down":{"uv":[10.25,14.75,10,15],"texture":"#0"}}},{"from":[24.85,5.1,17.6],"to":[25.65,5.9,18.4],"rotation":{"angle":0,"axis":"y","origin":[24.25,10.25,13]},"faces":{"north":{"uv":[9.75,15,10,15.25],"texture":"#0"},"east":{"uv":[9.5,15,9.75,15.25],"texture":"#0"},"south":{"uv":[10.25,15,10.5,15.25],"texture":"#0"},"west":{"uv":[10,15,10.25,15.25],"texture":"#0"},"up":{"uv":[10,15,9.75,14.75],"texture":"#0"},"down":{"uv":[10.25,14.75,10,15],"texture":"#0"}}},{"from":[24.85,4.1,17.6],"to":[25.65,4.9,18.4],"rotation":{"angle":0,"axis":"y","origin":[24.25,10.25,13]},"faces":{"north":{"uv":[9.75,15,10,15.25],"texture":"#0"},"east":{"uv":[9.5,15,9.75,15.25],"texture":"#0"},"south":{"uv":[10.25,15,10.5,15.25],"texture":"#0"},"west":{"uv":[10,15,10.25,15.25],"texture":"#0"},"up":{"uv":[10,15,9.75,14.75],"texture":"#0"},"down":{"uv":[10.25,14.75,10,15],"texture":"#0"}}},{"from":[26.35,4.1,17.6],"to":[27.15,4.9,18.4],"rotation":{"angle":0,"axis":"y","origin":[24.25,10.25,13]},"faces":{"north":{"uv":[9.75,15,10,15.25],"texture":"#0"},"east":{"uv":[9.5,15,9.75,15.25],"texture":"#0"},"south":{"uv":[10.25,15,10.5,15.25],"texture":"#0"},"west":{"uv":[10,15,10.25,15.25],"texture":"#0"},"up":{"uv":[10,15,9.75,14.75],"texture":"#0"},"down":{"uv":[10.25,14.75,10,15],"texture":"#0"}}},{"from":[26.35,5.1,17.6],"to":[27.15,5.9,18.4],"rotation":{"angle":0,"axis":"y","origin":[24.25,10.25,13]},"faces":{"north":{"uv":[9.75,15,10,15.25],"texture":"#0"},"east":{"uv":[9.5,15,9.75,15.25],"texture":"#0"},"south":{"uv":[10.25,15,10.5,15.25],"texture":"#0"},"west":{"uv":[10,15,10.25,15.25],"texture":"#0"},"up":{"uv":[10,15,9.75,14.75],"texture":"#0"},"down":{"uv":[10.25,14.75,10,15],"texture":"#0"}}},{"from":[28.1,5.6,17.6],"to":[28.9,6.4,18.4],"rotation":{"angle":-45,"axis":"z","origin":[24.25,10.25,13]},"faces":{"north":{"uv":[9.75,15,10,15.25],"texture":"#0"},"east":{"uv":[9.5,15,9.75,15.25],"texture":"#0"},"south":{"uv":[10.25,15,10.5,15.25],"texture":"#0"},"west":{"uv":[10,15,10.25,15.25],"texture":"#0"},"up":{"uv":[10,15,9.75,14.75],"texture":"#0"},"down":{"uv":[10.25,14.75,10,15],"texture":"#0"}}},{"from":[20.8,1.55,18.1],"to":[24.2,2.95,19.5],"rotation":{"angle":45,"axis":"z","origin":[20.5,4.25,18.55]},"faces":{"north":{"uv":[6,15.25,7,15.75],"texture":"#0"},"east":{"uv":[5.5,15.25,6,15.75],"texture":"#0"},"south":{"uv":[7.5,15.25,8.5,15.75],"texture":"#0"},"west":{"uv":[7,15.25,7.5,15.75],"texture":"#0"},"up":{"uv":[7,15.25,6,14.75],"texture":"#0"},"down":{"uv":[8,14.75,7,15.25],"texture":"#0"}}},{"from":[23.9,4.4,18.2],"to":[28.1,5.6,19.4],"rotation":{"angle":0,"axis":"y","origin":[20.5,4,18.55]},"faces":{"north":{"uv":[0.75,15.5,1.75,15.75],"texture":"#0"},"east":{"uv":[0.5,15.5,0.75,15.75],"texture":"#0"},"south":{"uv":[2,15.5,3,15.75],"texture":"#0"},"west":{"uv":[1.75,15.5,2,15.75],"texture":"#0"},"up":{"uv":[1.75,15.5,0.75,15.25],"texture":"#0"},"down":{"uv":[2.75,15.25,1.75,15.5],"texture":"#0"}}},{"from":[27.71751,1.75,18.3],"to":[28.71751,4.75,19.3],"rotation":{"angle":22.5,"axis":"z","origin":[27.21751,4,18.8]},"faces":{"north":{"uv":[4.25,15,4.5,15.75],"texture":"#0"},"east":{"uv":[4,15,4.25,15.75],"texture":"#0"},"south":{"uv":[4.75,15,5,15.75],"texture":"#0"},"west":{"uv":[4.5,15,4.75,15.75],"texture":"#0"},"up":{"uv":[4.5,15,4.25,14.75],"texture":"#0"},"down":{"uv":[4.75,14.75,4.5,15],"texture":"#0"}}},{"from":[8.7,13.45,7.7],"to":[10.3,15.05,9.3],"rotation":{"angle":-22.5,"axis":"x","origin":[10.75,15.75,10]},"faces":{"north":{"uv":[2.25,14.75,2.75,15.25],"texture":"#0"},"east":{"uv":[1.75,14.75,2.25,15.25],"texture":"#0"},"south":{"uv":[3.25,14.75,3.75,15.25],"texture":"#0"},"west":{"uv":[2.75,14.75,3.25,15.25],"texture":"#0"},"up":{"uv":[2.75,14.75,2.25,14.25],"texture":"#0"},"down":{"uv":[3.25,14.25,2.75,14.75],"texture":"#0"}}},{"from":[10.7,13.45,7.7],"to":[12.3,15.05,9.3],"rotation":{"angle":-22.5,"axis":"x","origin":[10.75,15.75,10]},"faces":{"north":{"uv":[2.25,14.75,2.75,15.25],"texture":"#0"},"east":{"uv":[1.75,14.75,2.25,15.25],"texture":"#0"},"south":{"uv":[3.25,14.75,3.75,15.25],"texture":"#0"},"west":{"uv":[2.75,14.75,3.25,15.25],"texture":"#0"},"up":{"uv":[2.75,14.75,2.25,14.25],"texture":"#0"},"down":{"uv":[3.25,14.25,2.75,14.75],"texture":"#0"}}},{"from":[8.7,11.45,7.7],"to":[10.3,13.05,9.3],"rotation":{"angle":-22.5,"axis":"x","origin":[10.75,15.75,10]},"faces":{"north":{"uv":[2.25,14.75,2.75,15.25],"texture":"#0"},"east":{"uv":[1.75,14.75,2.25,15.25],"texture":"#0"},"south":{"uv":[3.25,14.75,3.75,15.25],"texture":"#0"},"west":{"uv":[2.75,14.75,3.25,15.25],"texture":"#0"},"up":{"uv":[2.75,14.75,2.25,14.25],"texture":"#0"},"down":{"uv":[3.25,14.25,2.75,14.75],"texture":"#0"}}},{"from":[10.7,11.45,7.7],"to":[12.3,13.05,9.3],"rotation":{"angle":-22.5,"axis":"x","origin":[10.75,15.75,10]},"faces":{"north":{"uv":[2.25,14.75,2.75,15.25],"texture":"#0"},"east":{"uv":[1.75,14.75,2.25,15.25],"texture":"#0"},"south":{"uv":[3.25,14.75,3.75,15.25],"texture":"#0"},"west":{"uv":[2.75,14.75,3.25,15.25],"texture":"#0"},"up":{"uv":[2.75,14.75,2.25,14.25],"texture":"#0"},"down":{"uv":[3.25,14.25,2.75,14.75],"texture":"#0"}}},{"from":[8.7,9.45,7.7],"to":[10.3,11.05,9.3],"rotation":{"angle":-22.5,"axis":"x","origin":[10.75,15.75,10]},"faces":{"north":{"uv":[2.25,14.75,2.75,15.25],"texture":"#0"},"east":{"uv":[1.75,14.75,2.25,15.25],"texture":"#0"},"south":{"uv":[3.25,14.75,3.75,15.25],"texture":"#0"},"west":{"uv":[2.75,14.75,3.25,15.25],"texture":"#0"},"up":{"uv":[2.75,14.75,2.25,14.25],"texture":"#0"},"down":{"uv":[3.25,14.25,2.75,14.75],"texture":"#0"}}},{"from":[10.7,9.45,7.7],"to":[12.3,11.05,9.3],"rotation":{"angle":-22.5,"axis":"x","origin":[10.75,15.75,10]},"faces":{"north":{"uv":[2.25,14.75,2.75,15.25],"texture":"#0"},"east":{"uv":[1.75,14.75,2.25,15.25],"texture":"#0"},"south":{"uv":[3.25,14.75,3.75,15.25],"texture":"#0"},"west":{"uv":[2.75,14.75,3.25,15.25],"texture":"#0"},"up":{"uv":[2.75,14.75,2.25,14.25],"texture":"#0"},"down":{"uv":[3.25,14.25,2.75,14.75],"texture":"#0"}}},{"from":[13.2,10.7,10.45],"to":[14.8,12.3,12.05],"rotation":{"angle":-22.5,"axis":"y","origin":[10.75,15.75,10]},"faces":{"north":{"uv":[2.25,14.75,2.75,15.25],"texture":"#0"},"east":{"uv":[1.75,14.75,2.25,15.25],"texture":"#0"},"south":{"uv":[3.25,14.75,3.75,15.25],"texture":"#0"},"west":{"uv":[2.75,14.75,3.25,15.25],"texture":"#0"},"up":{"uv":[2.75,14.75,2.25,14.25],"texture":"#0"},"down":{"uv":[3.25,14.25,2.75,14.75],"texture":"#0"}}},{"from":[13.2,8.7,10.45],"to":[14.8,10.3,12.05],"rotation":{"angle":-22.5,"axis":"y","origin":[10.75,15.75,10]},"faces":{"north":{"uv":[2.25,14.75,2.75,15.25],"texture":"#0"},"east":{"uv":[1.75,14.75,2.25,15.25],"texture":"#0"},"south":{"uv":[3.25,14.75,3.75,15.25],"texture":"#0"},"west":{"uv":[2.75,14.75,3.25,15.25],"texture":"#0"},"up":{"uv":[2.75,14.75,2.25,14.25],"texture":"#0"},"down":{"uv":[3.25,14.25,2.75,14.75],"texture":"#0"}}},{"from":[15.2,8.7,10.45],"to":[16.8,10.3,12.05],"rotation":{"angle":-22.5,"axis":"y","origin":[10.75,15.75,10]},"faces":{"north":{"uv":[2.25,14.75,2.75,15.25],"texture":"#0"},"east":{"uv":[1.75,14.75,2.25,15.25],"texture":"#0"},"south":{"uv":[3.25,14.75,3.75,15.25],"texture":"#0"},"west":{"uv":[2.75,14.75,3.25,15.25],"texture":"#0"},"up":{"uv":[2.75,14.75,2.25,14.25],"texture":"#0"},"down":{"uv":[3.25,14.25,2.75,14.75],"texture":"#0"}}},{"from":[15.2,10.7,10.45],"to":[16.8,12.3,12.05],"rotation":{"angle":-22.5,"axis":"y","origin":[10.75,15.75,10]},"faces":{"north":{"uv":[2.25,14.75,2.75,15.25],"texture":"#0"},"east":{"uv":[1.75,14.75,2.25,15.25],"texture":"#0"},"south":{"uv":[3.25,14.75,3.75,15.25],"texture":"#0"},"west":{"uv":[2.75,14.75,3.25,15.25],"texture":"#0"},"up":{"uv":[2.75,14.75,2.25,14.25],"texture":"#0"},"down":{"uv":[3.25,14.25,2.75,14.75],"texture":"#0"}}},{"from":[19.2,8.7,10.45],"to":[20.8,10.3,12.05],"rotation":{"angle":-22.5,"axis":"y","origin":[10.75,15.75,10]},"faces":{"north":{"uv":[2.25,14.75,2.75,15.25],"texture":"#0"},"east":{"uv":[1.75,14.75,2.25,15.25],"texture":"#0"},"south":{"uv":[3.25,14.75,3.75,15.25],"texture":"#0"},"west":{"uv":[2.75,14.75,3.25,15.25],"texture":"#0"},"up":{"uv":[2.75,14.75,2.25,14.25],"texture":"#0"},"down":{"uv":[3.25,14.25,2.75,14.75],"texture":"#0"}}},{"from":[19.65,3.9,14.9],"to":[20.85,5.1,16.1],"rotation":{"angle":-22.5,"axis":"x","origin":[20,9.5,11.25]},"faces":{"north":{"uv":[2.25,14.75,2.75,15.25],"texture":"#0"},"east":{"uv":[1.75,14.75,2.25,15.25],"texture":"#0"},"south":{"uv":[3.25,14.75,3.75,15.25],"texture":"#0"},"west":{"uv":[2.75,14.75,3.25,15.25],"texture":"#0"},"up":{"uv":[2.75,14.75,2.25,14.25],"texture":"#0"},"down":{"uv":[3.25,14.25,2.75,14.75],"texture":"#0"}}},{"from":[18.15,3.9,14.9],"to":[19.35,5.1,16.1],"rotation":{"angle":-22.5,"axis":"x","origin":[20,9.5,11.25]},"faces":{"north":{"uv":[2.25,14.75,2.75,15.25],"texture":"#0"},"east":{"uv":[1.75,14.75,2.25,15.25],"texture":"#0"},"south":{"uv":[3.25,14.75,3.75,15.25],"texture":"#0"},"west":{"uv":[2.75,14.75,3.25,15.25],"texture":"#0"},"up":{"uv":[2.75,14.75,2.25,14.25],"texture":"#0"},"down":{"uv":[3.25,14.25,2.75,14.75],"texture":"#0"}}},{"from":[18.15,1.9,14.9],"to":[19.35,3.1,16.1],"rotation":{"angle":-22.5,"axis":"x","origin":[20,9.5,11.25]},"faces":{"north":{"uv":[2.25,14.75,2.75,15.25],"texture":"#0"},"east":{"uv":[1.75,14.75,2.25,15.25],"texture":"#0"},"south":{"uv":[3.25,14.75,3.75,15.25],"texture":"#0"},"west":{"uv":[2.75,14.75,3.25,15.25],"texture":"#0"},"up":{"uv":[2.75,14.75,2.25,14.25],"texture":"#0"},"down":{"uv":[3.25,14.25,2.75,14.75],"texture":"#0"}}},{"from":[15.5,4,17.5],"to":[16.5,5,18.5],"rotation":{"angle":45,"axis":"z","origin":[20,9.5,11.25]},"faces":{"north":{"uv":[2.25,14.75,2.75,15.25],"texture":"#0"},"east":{"uv":[1.75,14.75,2.25,15.25],"texture":"#0"},"south":{"uv":[3.25,14.75,3.75,15.25],"texture":"#0"},"west":{"uv":[2.75,14.75,3.25,15.25],"texture":"#0"},"up":{"uv":[2.75,14.75,2.25,14.25],"texture":"#0"},"down":{"uv":[3.25,14.25,2.75,14.75],"texture":"#0"}}},{"from":[16.75,4,17.5],"to":[17.75,5,18.5],"rotation":{"angle":45,"axis":"z","origin":[20,9.5,11.25]},"faces":{"north":{"uv":[2.25,14.75,2.75,15.25],"texture":"#0"},"east":{"uv":[1.75,14.75,2.25,15.25],"texture":"#0"},"south":{"uv":[3.25,14.75,3.75,15.25],"texture":"#0"},"west":{"uv":[2.75,14.75,3.25,15.25],"texture":"#0"},"up":{"uv":[2.75,14.75,2.25,14.25],"texture":"#0"},"down":{"uv":[3.25,14.25,2.75,14.75],"texture":"#0"}}},{"from":[19.65,1.9,14.9],"to":[20.85,3.1,16.1],"rotation":{"angle":-22.5,"axis":"x","origin":[20,9.5,11.25]},"faces":{"north":{"uv":[2.25,14.75,2.75,15.25],"texture":"#0"},"east":{"uv":[1.75,14.75,2.25,15.25],"texture":"#0"},"south":{"uv":[3.25,14.75,3.75,15.25],"texture":"#0"},"west":{"uv":[2.75,14.75,3.25,15.25],"texture":"#0"},"up":{"uv":[2.75,14.75,2.25,14.25],"texture":"#0"},"down":{"uv":[3.25,14.25,2.75,14.75],"texture":"#0"}}},{"from":[19.65,5.9,14.9],"to":[20.85,7.1,16.1],"rotation":{"angle":-22.5,"axis":"x","origin":[20,9.5,11.25]},"faces":{"north":{"uv":[2.25,14.75,2.75,15.25],"texture":"#0"},"east":{"uv":[1.75,14.75,2.25,15.25],"texture":"#0"},"south":{"uv":[3.25,14.75,3.75,15.25],"texture":"#0"},"west":{"uv":[2.75,14.75,3.25,15.25],"texture":"#0"},"up":{"uv":[2.75,14.75,2.25,14.25],"texture":"#0"},"down":{"uv":[3.25,14.25,2.75,14.75],"texture":"#0"}}},{"from":[18.15,5.9,14.9],"to":[19.35,7.1,16.1],"rotation":{"angle":-22.5,"axis":"x","origin":[20,9.5,11.25]},"faces":{"north":{"uv":[2.25,14.75,2.75,15.25],"texture":"#0"},"east":{"uv":[1.75,14.75,2.25,15.25],"texture":"#0"},"south":{"uv":[3.25,14.75,3.75,15.25],"texture":"#0"},"west":{"uv":[2.75,14.75,3.25,15.25],"texture":"#0"},"up":{"uv":[2.75,14.75,2.25,14.25],"texture":"#0"},"down":{"uv":[3.25,14.25,2.75,14.75],"texture":"#0"}}},{"from":[19.2,10.7,10.45],"to":[20.8,12.3,12.05],"rotation":{"angle":-22.5,"axis":"y","origin":[10.75,15.75,10]},"faces":{"north":{"uv":[2.25,14.75,2.75,15.25],"texture":"#0"},"east":{"uv":[1.75,14.75,2.25,15.25],"texture":"#0"},"south":{"uv":[3.25,14.75,3.75,15.25],"texture":"#0"},"west":{"uv":[2.75,14.75,3.25,15.25],"texture":"#0"},"up":{"uv":[2.75,14.75,2.25,14.25],"texture":"#0"},"down":{"uv":[3.25,14.25,2.75,14.75],"texture":"#0"}}},{"from":[17.2,8.7,10.45],"to":[18.8,10.3,12.05],"rotation":{"angle":-22.5,"axis":"y","origin":[10.75,15.75,10]},"faces":{"north":{"uv":[2.25,14.75,2.75,15.25],"texture":"#0"},"east":{"uv":[1.75,14.75,2.25,15.25],"texture":"#0"},"south":{"uv":[3.25,14.75,3.75,15.25],"texture":"#0"},"west":{"uv":[2.75,14.75,3.25,15.25],"texture":"#0"},"up":{"uv":[2.75,14.75,2.25,14.25],"texture":"#0"},"down":{"uv":[3.25,14.25,2.75,14.75],"texture":"#0"}}},{"from":[17.2,10.7,10.45],"to":[18.8,12.3,12.05],"rotation":{"angle":-22.5,"axis":"y","origin":[10.75,15.75,10]},"faces":{"north":{"uv":[2.25,14.75,2.75,15.25],"texture":"#0"},"east":{"uv":[1.75,14.75,2.25,15.25],"texture":"#0"},"south":{"uv":[3.25,14.75,3.75,15.25],"texture":"#0"},"west":{"uv":[2.75,14.75,3.25,15.25],"texture":"#0"},"up":{"uv":[2.75,14.75,2.25,14.25],"texture":"#0"},"down":{"uv":[3.25,14.25,2.75,14.75],"texture":"#0"}}},{"from":[9.2,18.95,9.2],"to":[10.8,20.55,10.8],"rotation":{"angle":-22.5,"axis":"z","origin":[12,16.75,11.5]},"faces":{"north":{"uv":[2.25,14.75,2.75,15.25],"texture":"#0"},"east":{"uv":[1.75,14.75,2.25,15.25],"texture":"#0"},"south":{"uv":[3.25,14.75,3.75,15.25],"texture":"#0"},"west":{"uv":[2.75,14.75,3.25,15.25],"texture":"#0"},"up":{"uv":[2.75,14.75,2.25,14.25],"texture":"#0"},"down":{"uv":[3.25,14.25,2.75,14.75],"texture":"#0"}}},{"from":[23.75,30.95,11.5],"to":[24.55,31.75,12.3],"rotation":{"angle":-22.5,"axis":"x","origin":[23.5,21.35,13.05]},"faces":{"north":{"uv":[9.75,15,10,15.25],"texture":"#0"},"east":{"uv":[9.5,15,9.75,15.25],"texture":"#0"},"south":{"uv":[10.25,15,10.5,15.25],"texture":"#0"},"west":{"uv":[10,15,10.25,15.25],"texture":"#0"},"up":{"uv":[10,15,9.75,14.75],"texture":"#0"},"down":{"uv":[10.25,14.75,10,15],"texture":"#0"}}},{"from":[24.8,30.95,11.5],"to":[25.6,31.75,12.3],"rotation":{"angle":-22.5,"axis":"x","origin":[23.5,21.35,13.05]},"faces":{"north":{"uv":[9.75,15,10,15.25],"texture":"#0"},"east":{"uv":[9.5,15,9.75,15.25],"texture":"#0"},"south":{"uv":[10.25,15,10.5,15.25],"texture":"#0"},"west":{"uv":[10,15,10.25,15.25],"texture":"#0"},"up":{"uv":[10,15,9.75,14.75],"texture":"#0"},"down":{"uv":[10.25,14.75,10,15],"texture":"#0"}}},{"from":[24.8,29.8,11.5],"to":[25.6,30.6,12.3],"rotation":{"angle":-22.5,"axis":"x","origin":[23.5,21.35,13.05]},"faces":{"north":{"uv":[9.75,15,10,15.25],"texture":"#0"},"east":{"uv":[9.5,15,9.75,15.25],"texture":"#0"},"south":{"uv":[10.25,15,10.5,15.25],"texture":"#0"},"west":{"uv":[10,15,10.25,15.25],"texture":"#0"},"up":{"uv":[10,15,9.75,14.75],"texture":"#0"},"down":{"uv":[10.25,14.75,10,15],"texture":"#0"}}},{"from":[25.8,29.8,11.5],"to":[26.6,30.6,12.3],"rotation":{"angle":-22.5,"axis":"x","origin":[23.5,21.35,13.05]},"faces":{"north":{"uv":[9.75,15,10,15.25],"texture":"#0"},"east":{"uv":[9.5,15,9.75,15.25],"texture":"#0"},"south":{"uv":[10.25,15,10.5,15.25],"texture":"#0"},"west":{"uv":[10,15,10.25,15.25],"texture":"#0"},"up":{"uv":[10,15,9.75,14.75],"texture":"#0"},"down":{"uv":[10.25,14.75,10,15],"texture":"#0"}}},{"from":[25.8,30.95,11.5],"to":[26.6,31.75,12.3],"rotation":{"angle":-22.5,"axis":"x","origin":[23.5,21.35,13.05]},"faces":{"north":{"uv":[9.75,15,10,15.25],"texture":"#0"},"east":{"uv":[9.5,15,9.75,15.25],"texture":"#0"},"south":{"uv":[10.25,15,10.5,15.25],"texture":"#0"},"west":{"uv":[10,15,10.25,15.25],"texture":"#0"},"up":{"uv":[10,15,9.75,14.75],"texture":"#0"},"down":{"uv":[10.25,14.75,10,15],"texture":"#0"}}},{"from":[11.2,18.95,9.2],"to":[12.8,20.55,10.8],"rotation":{"angle":-22.5,"axis":"z","origin":[12,16.75,11.5]},"faces":{"north":{"uv":[2.25,14.75,2.75,15.25],"texture":"#0"},"east":{"uv":[1.75,14.75,2.25,15.25],"texture":"#0"},"south":{"uv":[3.25,14.75,3.75,15.25],"texture":"#0"},"west":{"uv":[2.75,14.75,3.25,15.25],"texture":"#0"},"up":{"uv":[2.75,14.75,2.25,14.25],"texture":"#0"},"down":{"uv":[3.25,14.25,2.75,14.75],"texture":"#0"}}},{"from":[11.2,20.95,9.2],"to":[12.8,22.55,10.8],"rotation":{"angle":-22.5,"axis":"z","origin":[12,16.75,11.5]},"faces":{"north":{"uv":[2.25,14.75,2.75,15.25],"texture":"#0"},"east":{"uv":[1.75,14.75,2.25,15.25],"texture":"#0"},"south":{"uv":[3.25,14.75,3.75,15.25],"texture":"#0"},"west":{"uv":[2.75,14.75,3.25,15.25],"texture":"#0"},"up":{"uv":[2.75,14.75,2.25,14.25],"texture":"#0"},"down":{"uv":[3.25,14.25,2.75,14.75],"texture":"#0"}}},{"from":[9.2,20.95,9.2],"to":[10.8,22.55,10.8],"rotation":{"angle":-22.5,"axis":"z","origin":[12,16.75,11.5]},"faces":{"north":{"uv":[2.25,14.75,2.75,15.25],"texture":"#0"},"east":{"uv":[1.75,14.75,2.25,15.25],"texture":"#0"},"south":{"uv":[3.25,14.75,3.75,15.25],"texture":"#0"},"west":{"uv":[2.75,14.75,3.25,15.25],"texture":"#0"},"up":{"uv":[2.75,14.75,2.25,14.25],"texture":"#0"},"down":{"uv":[3.25,14.25,2.75,14.75],"texture":"#0"}}},{"from":[11.2,22.95,9.2],"to":[12.8,24.55,10.8],"rotation":{"angle":-22.5,"axis":"z","origin":[12,16.75,11.5]},"faces":{"north":{"uv":[2.25,14.75,2.75,15.25],"texture":"#0"},"east":{"uv":[1.75,14.75,2.25,15.25],"texture":"#0"},"south":{"uv":[3.25,14.75,3.75,15.25],"texture":"#0"},"west":{"uv":[2.75,14.75,3.25,15.25],"texture":"#0"},"up":{"uv":[2.75,14.75,2.25,14.25],"texture":"#0"},"down":{"uv":[3.25,14.25,2.75,14.75],"texture":"#0"}}},{"from":[9.2,22.95,9.2],"to":[10.8,24.55,10.8],"rotation":{"angle":-22.5,"axis":"z","origin":[12,16.75,11.5]},"faces":{"north":{"uv":[2.25,14.75,2.75,15.25],"texture":"#0"},"east":{"uv":[1.75,14.75,2.25,15.25],"texture":"#0"},"south":{"uv":[3.25,14.75,3.75,15.25],"texture":"#0"},"west":{"uv":[2.75,14.75,3.25,15.25],"texture":"#0"},"up":{"uv":[2.75,14.75,2.25,14.25],"texture":"#0"},"down":{"uv":[3.25,14.25,2.75,14.75],"texture":"#0"}}},{"from":[11.2,26.45,9.2],"to":[12.8,28.05,10.8],"rotation":{"angle":-22.5,"axis":"z","origin":[12,16.75,11.5]},"faces":{"north":{"uv":[2.25,14.75,2.75,15.25],"texture":"#0"},"east":{"uv":[1.75,14.75,2.25,15.25],"texture":"#0"},"south":{"uv":[3.25,14.75,3.75,15.25],"texture":"#0"},"west":{"uv":[2.75,14.75,3.25,15.25],"texture":"#0"},"up":{"uv":[2.75,14.75,2.25,14.25],"texture":"#0"},"down":{"uv":[3.25,14.25,2.75,14.75],"texture":"#0"}}},{"from":[13.2,26.45,9.2],"to":[14.8,28.05,10.8],"rotation":{"angle":-22.5,"axis":"z","origin":[12,16.75,11.5]},"faces":{"north":{"uv":[2.25,14.75,2.75,15.25],"texture":"#0"},"east":{"uv":[1.75,14.75,2.25,15.25],"texture":"#0"},"south":{"uv":[3.25,14.75,3.75,15.25],"texture":"#0"},"west":{"uv":[2.75,14.75,3.25,15.25],"texture":"#0"},"up":{"uv":[2.75,14.75,2.25,14.25],"texture":"#0"},"down":{"uv":[3.25,14.25,2.75,14.75],"texture":"#0"}}},{"from":[13.2,24.45,9.2],"to":[14.8,26.05,10.8],"rotation":{"angle":-22.5,"axis":"z","origin":[12,16.75,11.5]},"faces":{"north":{"uv":[2.25,14.75,2.75,15.25],"texture":"#0"},"east":{"uv":[1.75,14.75,2.25,15.25],"texture":"#0"},"south":{"uv":[3.25,14.75,3.75,15.25],"texture":"#0"},"west":{"uv":[2.75,14.75,3.25,15.25],"texture":"#0"},"up":{"uv":[2.75,14.75,2.25,14.25],"texture":"#0"},"down":{"uv":[3.25,14.25,2.75,14.75],"texture":"#0"}}},{"from":[15.2,26.45,9.2],"to":[16.8,28.05,10.8],"rotation":{"angle":-22.5,"axis":"z","origin":[12,16.75,11.5]},"faces":{"north":{"uv":[2.25,14.75,2.75,15.25],"texture":"#0"},"east":{"uv":[1.75,14.75,2.25,15.25],"texture":"#0"},"south":{"uv":[3.25,14.75,3.75,15.25],"texture":"#0"},"west":{"uv":[2.75,14.75,3.25,15.25],"texture":"#0"},"up":{"uv":[2.75,14.75,2.25,14.25],"texture":"#0"},"down":{"uv":[3.25,14.25,2.75,14.75],"texture":"#0"}}},{"from":[15.2,24.45,9.2],"to":[16.8,26.05,10.8],"rotation":{"angle":-22.5,"axis":"z","origin":[12,16.75,11.5]},"faces":{"north":{"uv":[2.25,14.75,2.75,15.25],"texture":"#0"},"east":{"uv":[1.75,14.75,2.25,15.25],"texture":"#0"},"south":{"uv":[3.25,14.75,3.75,15.25],"texture":"#0"},"west":{"uv":[2.75,14.75,3.25,15.25],"texture":"#0"},"up":{"uv":[2.75,14.75,2.25,14.25],"texture":"#0"},"down":{"uv":[3.25,14.25,2.75,14.75],"texture":"#0"}}},{"from":[17.2,26.45,9.2],"to":[18.8,28.05,10.8],"rotation":{"angle":-22.5,"axis":"z","origin":[12,16.75,11.5]},"faces":{"north":{"uv":[2.25,14.75,2.75,15.25],"texture":"#0"},"east":{"uv":[1.75,14.75,2.25,15.25],"texture":"#0"},"south":{"uv":[3.25,14.75,3.75,15.25],"texture":"#0"},"west":{"uv":[2.75,14.75,3.25,15.25],"texture":"#0"},"up":{"uv":[2.75,14.75,2.25,14.25],"texture":"#0"},"down":{"uv":[3.25,14.25,2.75,14.75],"texture":"#0"}}},{"from":[22.65,24.4,8.65],"to":[23.85,25.6,9.85],"rotation":{"angle":-22.5,"axis":"x","origin":[18,27.25,10]},"faces":{"north":{"uv":[2.25,14.75,2.75,15.25],"texture":"#0"},"east":{"uv":[1.75,14.75,2.25,15.25],"texture":"#0"},"south":{"uv":[3.25,14.75,3.75,15.25],"texture":"#0"},"west":{"uv":[2.75,14.75,3.25,15.25],"texture":"#0"},"up":{"uv":[2.75,14.75,2.25,14.25],"texture":"#0"},"down":{"uv":[3.25,14.25,2.75,14.75],"texture":"#0"}}},{"from":[22.65,26,8.65],"to":[23.85,27.2,9.85],"rotation":{"angle":-22.5,"axis":"x","origin":[18,27.25,10]},"faces":{"north":{"uv":[2.25,14.75,2.75,15.25],"texture":"#0"},"east":{"uv":[1.75,14.75,2.25,15.25],"texture":"#0"},"south":{"uv":[3.25,14.75,3.75,15.25],"texture":"#0"},"west":{"uv":[2.75,14.75,3.25,15.25],"texture":"#0"},"up":{"uv":[2.75,14.75,2.25,14.25],"texture":"#0"},"down":{"uv":[3.25,14.25,2.75,14.75],"texture":"#0"}}},{"from":[22.35,27.85,8.75],"to":[23.35,28.85,9.75],"rotation":{"angle":-22.5,"axis":"x","origin":[18,27.25,10]},"faces":{"north":{"uv":[2.25,14.75,2.75,15.25],"texture":"#0"},"east":{"uv":[1.75,14.75,2.25,15.25],"texture":"#0"},"south":{"uv":[3.25,14.75,3.75,15.25],"texture":"#0"},"west":{"uv":[2.75,14.75,3.25,15.25],"texture":"#0"},"up":{"uv":[2.75,14.75,2.25,14.25],"texture":"#0"},"down":{"uv":[3.25,14.25,2.75,14.75],"texture":"#0"}}},{"from":[23.65,27.85,8.75],"to":[24.65,28.85,9.75],"rotation":{"angle":-22.5,"axis":"x","origin":[18,27.25,10]},"faces":{"north":{"uv":[2.25,14.75,2.75,15.25],"texture":"#0"},"east":{"uv":[1.75,14.75,2.25,15.25],"texture":"#0"},"south":{"uv":[3.25,14.75,3.75,15.25],"texture":"#0"},"west":{"uv":[2.75,14.75,3.25,15.25],"texture":"#0"},"up":{"uv":[2.75,14.75,2.25,14.25],"texture":"#0"},"down":{"uv":[3.25,14.25,2.75,14.75],"texture":"#0"}}},{"from":[21.15,26,8.65],"to":[22.35,27.2,9.85],"rotation":{"angle":-22.5,"axis":"x","origin":[18,27.25,10]},"faces":{"north":{"uv":[2.25,14.75,2.75,15.25],"texture":"#0"},"east":{"uv":[1.75,14.75,2.25,15.25],"texture":"#0"},"south":{"uv":[3.25,14.75,3.75,15.25],"texture":"#0"},"west":{"uv":[2.75,14.75,3.25,15.25],"texture":"#0"},"up":{"uv":[2.75,14.75,2.25,14.25],"texture":"#0"},"down":{"uv":[3.25,14.25,2.75,14.75],"texture":"#0"}}},{"from":[17.2,24.45,9.2],"to":[18.8,26.05,10.8],"rotation":{"angle":-22.5,"axis":"z","origin":[12,16.75,11.5]},"faces":{"north":{"uv":[2.25,14.75,2.75,15.25],"texture":"#0"},"east":{"uv":[1.75,14.75,2.25,15.25],"texture":"#0"},"south":{"uv":[3.25,14.75,3.75,15.25],"texture":"#0"},"west":{"uv":[2.75,14.75,3.25,15.25],"texture":"#0"},"up":{"uv":[2.75,14.75,2.25,14.25],"texture":"#0"},"down":{"uv":[3.25,14.25,2.75,14.75],"texture":"#0"}}},{"from":[9.2,24.95,9.2],"to":[10.8,26.55,10.8],"rotation":{"angle":-22.5,"axis":"z","origin":[12,16.75,11.5]},"faces":{"north":{"uv":[2.25,14.75,2.75,15.25],"texture":"#0"},"east":{"uv":[1.75,14.75,2.25,15.25],"texture":"#0"},"south":{"uv":[3.25,14.75,3.75,15.25],"texture":"#0"},"west":{"uv":[2.75,14.75,3.25,15.25],"texture":"#0"},"up":{"uv":[2.75,14.75,2.25,14.25],"texture":"#0"},"down":{"uv":[3.25,14.25,2.75,14.75],"texture":"#0"}}},{"from":[9,17,10],"to":[12,26,13],"rotation":{"angle":-22.5,"axis":"z","origin":[12,15.5,11.5]},"faces":{"north":{"uv":[10.5,10.25,11.25,12.5],"texture":"#0"},"east":{"uv":[9.75,10.25,10.5,12.5],"texture":"#0"},"south":{"uv":[12,10.25,12.75,12.5],"texture":"#0"},"west":{"uv":[11.25,10.25,12,12.5],"texture":"#0"},"up":{"uv":[11.25,10.25,10.5,9.5],"texture":"#0"},"down":{"uv":[12,9.5,11.25,10.25],"texture":"#0"}}},{"from":[14,23,10.25],"to":[23,26,13.25],"rotation":{"angle":-22.5,"axis":"z","origin":[18.5,25.5,11.75]},"faces":{"north":{"uv":[6.75,4.5,9,5.25],"texture":"#0"},"east":{"uv":[6,4.5,6.75,5.25],"texture":"#0"},"south":{"uv":[9.75,4.5,12,5.25],"texture":"#0"},"west":{"uv":[9,4.5,9.75,5.25],"texture":"#0"},"up":{"uv":[9,4.5,6.75,3.75],"texture":"#0"},"down":{"uv":[11.25,3.75,9,4.5],"texture":"#0"}}},{"from":[21.5,22,9],"to":[23.5,27,11],"rotation":{"angle":-22.5,"axis":"x","origin":[23.5,27.5,8.5]},"faces":{"north":{"uv":[8,12.5,8.5,13.75],"texture":"#0"},"east":{"uv":[7.5,12.5,8,13.75],"texture":"#0"},"south":{"uv":[9,12.5,9.5,13.75],"texture":"#0"},"west":{"uv":[8.5,12.5,9,13.75],"texture":"#0"},"up":{"uv":[8.5,12.5,8,12],"texture":"#0"},"down":{"uv":[9,12,8.5,12.5],"texture":"#0"}}},{"from":[22.6,25.7,9.25],"to":[24.4,29.5,11.05],"rotation":{"angle":-22.5,"axis":"x","origin":[23.5,27.1,8.8]},"faces":{"north":{"uv":[8,12.5,8.5,13.5],"texture":"#0"},"east":{"uv":[7.5,12.5,8,13.5],"texture":"#0"},"south":{"uv":[9,12.5,9.5,13.5],"texture":"#0"},"west":{"uv":[8.5,12.5,9,13.5],"texture":"#0"},"up":{"uv":[8.5,12.5,8,12],"texture":"#0"},"down":{"uv":[9,12,8.5,12.5],"texture":"#0"}}},{"from":[23.2,28.8,9.35],"to":[26.8,30.4,10.95],"rotation":{"angle":-22.5,"axis":"x","origin":[23.5,27.1,8.8]},"faces":{"north":{"uv":[0.5,13.5,1.5,14],"texture":"#0"},"east":{"uv":[0,13.5,0.5,14],"texture":"#0"},"south":{"uv":[2,13.5,3,14],"texture":"#0"},"west":{"uv":[1.5,13.5,2,14],"texture":"#0"},"up":{"uv":[1.5,13.5,0.5,13],"texture":"#0"},"down":{"uv":[2.5,13,1.5,13.5],"texture":"#0"}}},{"from":[26.5,27.1,8.65],"to":[27.5,30.1,9.65],"rotation":{"angle":0,"axis":"y","origin":[26.5,28.1,11.4]},"faces":{"north":{"uv":[4.25,15,4.5,15.75],"texture":"#0"},"east":{"uv":[4,15,4.25,15.75],"texture":"#0"},"south":{"uv":[4.75,15,5,15.75],"texture":"#0"},"west":{"uv":[4.5,15,4.75,15.75],"texture":"#0"},"up":{"uv":[4.5,15,4.25,14.75],"texture":"#0"},"down":{"uv":[4.75,14.75,4.5,15],"texture":"#0"}}},{"from":[24.5,15,13.75],"to":[31.5,22,13.75],"rotation":{"angle":22.5,"axis":"z","origin":[28.5,17,13.75]},"faces":{"north":{"uv":[6,10.25,7.75,12],"texture":"#0"},"east":{"uv":[6,10.25,6,12],"texture":"#0"},"south":{"uv":[7.75,10.25,9.5,12],"texture":"#0"},"west":{"uv":[7.75,10.25,7.75,12],"texture":"#0"},"up":{"uv":[7.75,10.25,6,10.25],"texture":"#0"},"down":{"uv":[9.5,10.25,7.75,10.25],"texture":"#0"}}},{"from":[9,15.25,10],"to":[18,18.25,13],"rotation":{"angle":-22.5,"axis":"y","origin":[12,16.75,11.5]},"faces":{"north":{"uv":[6.75,3,9,3.75],"texture":"#0"},"east":{"uv":[6,3,6.75,3.75],"texture":"#0"},"south":{"uv":[9.75,3,12,3.75],"texture":"#0"},"west":{"uv":[9,3,9.75,3.75],"texture":"#0"},"up":{"uv":[9,3,6.75,2.25],"texture":"#0"},"down":{"uv":[11.25,2.25,9,3],"texture":"#0"}}},{"from":[8.95,16.95,9.2],"to":[10.55,18.55,10.8],"rotation":{"angle":-22.5,"axis":"y","origin":[12,16.75,11.5]},"faces":{"north":{"uv":[2.25,14.75,2.75,15.25],"texture":"#0"},"east":{"uv":[1.75,14.75,2.25,15.25],"texture":"#0"},"south":{"uv":[3.25,14.75,3.75,15.25],"texture":"#0"},"west":{"uv":[2.75,14.75,3.25,15.25],"texture":"#0"},"up":{"uv":[2.75,14.75,2.25,14.25],"texture":"#0"},"down":{"uv":[3.25,14.25,2.75,14.75],"texture":"#0"}}},{"from":[8.95,14.95,9.2],"to":[10.55,16.55,10.8],"rotation":{"angle":-22.5,"axis":"y","origin":[12,16.75,11.5]},"faces":{"north":{"uv":[2.25,14.75,2.75,15.25],"texture":"#0"},"east":{"uv":[1.75,14.75,2.25,15.25],"texture":"#0"},"south":{"uv":[3.25,14.75,3.75,15.25],"texture":"#0"},"west":{"uv":[2.75,14.75,3.25,15.25],"texture":"#0"},"up":{"uv":[2.75,14.75,2.25,14.25],"texture":"#0"},"down":{"uv":[3.25,14.25,2.75,14.75],"texture":"#0"}}},{"from":[10.95,16.95,9.2],"to":[12.55,18.55,10.8],"rotation":{"angle":-22.5,"axis":"y","origin":[12,16.75,11.5]},"faces":{"north":{"uv":[2.25,14.75,2.75,15.25],"texture":"#0"},"east":{"uv":[1.75,14.75,2.25,15.25],"texture":"#0"},"south":{"uv":[3.25,14.75,3.75,15.25],"texture":"#0"},"west":{"uv":[2.75,14.75,3.25,15.25],"texture":"#0"},"up":{"uv":[2.75,14.75,2.25,14.25],"texture":"#0"},"down":{"uv":[3.25,14.25,2.75,14.75],"texture":"#0"}}},{"from":[10.95,14.95,9.2],"to":[12.55,16.55,10.8],"rotation":{"angle":-22.5,"axis":"y","origin":[12,16.75,11.5]},"faces":{"north":{"uv":[2.25,14.75,2.75,15.25],"texture":"#0"},"east":{"uv":[1.75,14.75,2.25,15.25],"texture":"#0"},"south":{"uv":[3.25,14.75,3.75,15.25],"texture":"#0"},"west":{"uv":[2.75,14.75,3.25,15.25],"texture":"#0"},"up":{"uv":[2.75,14.75,2.25,14.25],"texture":"#0"},"down":{"uv":[3.25,14.25,2.75,14.75],"texture":"#0"}}},{"from":[12.95,16.95,9.2],"to":[14.55,18.55,10.8],"rotation":{"angle":-22.5,"axis":"y","origin":[12,16.75,11.5]},"faces":{"north":{"uv":[2.25,14.75,2.75,15.25],"texture":"#0"},"east":{"uv":[1.75,14.75,2.25,15.25],"texture":"#0"},"south":{"uv":[3.25,14.75,3.75,15.25],"texture":"#0"},"west":{"uv":[2.75,14.75,3.25,15.25],"texture":"#0"},"up":{"uv":[2.75,14.75,2.25,14.25],"texture":"#0"},"down":{"uv":[3.25,14.25,2.75,14.75],"texture":"#0"}}},{"from":[12.95,14.95,9.2],"to":[14.55,16.55,10.8],"rotation":{"angle":-22.5,"axis":"y","origin":[12,16.75,11.5]},"faces":{"north":{"uv":[2.25,14.75,2.75,15.25],"texture":"#0"},"east":{"uv":[1.75,14.75,2.25,15.25],"texture":"#0"},"south":{"uv":[3.25,14.75,3.75,15.25],"texture":"#0"},"west":{"uv":[2.75,14.75,3.25,15.25],"texture":"#0"},"up":{"uv":[2.75,14.75,2.25,14.25],"texture":"#0"},"down":{"uv":[3.25,14.25,2.75,14.75],"texture":"#0"}}},{"from":[14.95,16.95,9.2],"to":[16.55,18.55,10.8],"rotation":{"angle":-22.5,"axis":"y","origin":[12,16.75,11.5]},"faces":{"north":{"uv":[2.25,14.75,2.75,15.25],"texture":"#0"},"east":{"uv":[1.75,14.75,2.25,15.25],"texture":"#0"},"south":{"uv":[3.25,14.75,3.75,15.25],"texture":"#0"},"west":{"uv":[2.75,14.75,3.25,15.25],"texture":"#0"},"up":{"uv":[2.75,14.75,2.25,14.25],"texture":"#0"},"down":{"uv":[3.25,14.25,2.75,14.75],"texture":"#0"}}},{"from":[14.95,14.95,9.2],"to":[16.55,16.55,10.8],"rotation":{"angle":-22.5,"axis":"y","origin":[12,16.75,11.5]},"faces":{"north":{"uv":[2.25,14.75,2.75,15.25],"texture":"#0"},"east":{"uv":[1.75,14.75,2.25,15.25],"texture":"#0"},"south":{"uv":[3.25,14.75,3.75,15.25],"texture":"#0"},"west":{"uv":[2.75,14.75,3.25,15.25],"texture":"#0"},"up":{"uv":[2.75,14.75,2.25,14.25],"texture":"#0"},"down":{"uv":[3.25,14.25,2.75,14.75],"texture":"#0"}}},{"from":[16.95,16.95,9.2],"to":[18.55,18.55,10.8],"rotation":{"angle":-22.5,"axis":"y","origin":[12,16.75,11.5]},"faces":{"north":{"uv":[2.25,14.75,2.75,15.25],"texture":"#0"},"east":{"uv":[1.75,14.75,2.25,15.25],"texture":"#0"},"south":{"uv":[3.25,14.75,3.75,15.25],"texture":"#0"},"west":{"uv":[2.75,14.75,3.25,15.25],"texture":"#0"},"up":{"uv":[2.75,14.75,2.25,14.25],"texture":"#0"},"down":{"uv":[3.25,14.25,2.75,14.75],"texture":"#0"}}},{"from":[19.15,17.15,12.4],"to":[20.35,18.35,13.6],"rotation":{"angle":0,"axis":"y","origin":[12,16.75,11.5]},"faces":{"north":{"uv":[2.25,14.75,2.75,15.25],"texture":"#0"},"east":{"uv":[1.75,14.75,2.25,15.25],"texture":"#0"},"south":{"uv":[3.25,14.75,3.75,15.25],"texture":"#0"},"west":{"uv":[2.75,14.75,3.25,15.25],"texture":"#0"},"up":{"uv":[2.75,14.75,2.25,14.25],"texture":"#0"},"down":{"uv":[3.25,14.25,2.75,14.75],"texture":"#0"}}},{"from":[19.15,15.65,12.4],"to":[20.35,16.85,13.6],"rotation":{"angle":0,"axis":"y","origin":[12,16.75,11.5]},"faces":{"north":{"uv":[2.25,14.75,2.75,15.25],"texture":"#0"},"east":{"uv":[1.75,14.75,2.25,15.25],"texture":"#0"},"south":{"uv":[3.25,14.75,3.75,15.25],"texture":"#0"},"west":{"uv":[2.75,14.75,3.25,15.25],"texture":"#0"},"up":{"uv":[2.75,14.75,2.25,14.25],"texture":"#0"},"down":{"uv":[3.25,14.25,2.75,14.75],"texture":"#0"}}},{"from":[21.15,17.15,12.4],"to":[22.35,18.35,13.6],"rotation":{"angle":0,"axis":"y","origin":[12,16.75,11.5]},"faces":{"north":{"uv":[2.25,14.75,2.75,15.25],"texture":"#0"},"east":{"uv":[1.75,14.75,2.25,15.25],"texture":"#0"},"south":{"uv":[3.25,14.75,3.75,15.25],"texture":"#0"},"west":{"uv":[2.75,14.75,3.25,15.25],"texture":"#0"},"up":{"uv":[2.75,14.75,2.25,14.25],"texture":"#0"},"down":{"uv":[3.25,14.25,2.75,14.75],"texture":"#0"}}},{"from":[21.15,15.65,12.4],"to":[22.35,16.85,13.6],"rotation":{"angle":0,"axis":"y","origin":[12,16.75,11.5]},"faces":{"north":{"uv":[2.25,14.75,2.75,15.25],"texture":"#0"},"east":{"uv":[1.75,14.75,2.25,15.25],"texture":"#0"},"south":{"uv":[3.25,14.75,3.75,15.25],"texture":"#0"},"west":{"uv":[2.75,14.75,3.25,15.25],"texture":"#0"},"up":{"uv":[2.75,14.75,2.25,14.25],"texture":"#0"},"down":{"uv":[3.25,14.25,2.75,14.75],"texture":"#0"}}},{"from":[23.15,17.15,12.4],"to":[24.35,18.35,13.6],"rotation":{"angle":0,"axis":"y","origin":[12,16.75,11.5]},"faces":{"north":{"uv":[2.25,14.75,2.75,15.25],"texture":"#0"},"east":{"uv":[1.75,14.75,2.25,15.25],"texture":"#0"},"south":{"uv":[3.25,14.75,3.75,15.25],"texture":"#0"},"west":{"uv":[2.75,14.75,3.25,15.25],"texture":"#0"},"up":{"uv":[2.75,14.75,2.25,14.25],"texture":"#0"},"down":{"uv":[3.25,14.25,2.75,14.75],"texture":"#0"}}},{"from":[23.15,15.65,12.4],"to":[24.35,16.85,13.6],"rotation":{"angle":0,"axis":"y","origin":[12,16.75,11.5]},"faces":{"north":{"uv":[2.25,14.75,2.75,15.25],"texture":"#0"},"east":{"uv":[1.75,14.75,2.25,15.25],"texture":"#0"},"south":{"uv":[3.25,14.75,3.75,15.25],"texture":"#0"},"west":{"uv":[2.75,14.75,3.25,15.25],"texture":"#0"},"up":{"uv":[2.75,14.75,2.25,14.25],"texture":"#0"},"down":{"uv":[3.25,14.25,2.75,14.75],"texture":"#0"}}},{"from":[25.15,17.15,12.4],"to":[26.35,18.35,13.6],"rotation":{"angle":0,"axis":"y","origin":[12,16.75,11.5]},"faces":{"north":{"uv":[2.25,14.75,2.75,15.25],"texture":"#0"},"east":{"uv":[1.75,14.75,2.25,15.25],"texture":"#0"},"south":{"uv":[3.25,14.75,3.75,15.25],"texture":"#0"},"west":{"uv":[2.75,14.75,3.25,15.25],"texture":"#0"},"up":{"uv":[2.75,14.75,2.25,14.25],"texture":"#0"},"down":{"uv":[3.25,14.25,2.75,14.75],"texture":"#0"}}},{"from":[25.15,15.65,12.4],"to":[26.35,16.85,13.6],"rotation":{"angle":0,"axis":"y","origin":[12,16.75,11.5]},"faces":{"north":{"uv":[2.25,14.75,2.75,15.25],"texture":"#0"},"east":{"uv":[1.75,14.75,2.25,15.25],"texture":"#0"},"south":{"uv":[3.25,14.75,3.75,15.25],"texture":"#0"},"west":{"uv":[2.75,14.75,3.25,15.25],"texture":"#0"},"up":{"uv":[2.75,14.75,2.25,14.25],"texture":"#0"},"down":{"uv":[3.25,14.25,2.75,14.75],"texture":"#0"}}},{"from":[27.15,15.65,12.4],"to":[28.35,16.85,13.6],"rotation":{"angle":22.5,"axis":"z","origin":[25.75,16.25,13]},"faces":{"north":{"uv":[2.25,14.75,2.75,15.25],"texture":"#0"},"east":{"uv":[1.75,14.75,2.25,15.25],"texture":"#0"},"south":{"uv":[3.25,14.75,3.75,15.25],"texture":"#0"},"west":{"uv":[2.75,14.75,3.25,15.25],"texture":"#0"},"up":{"uv":[2.75,14.75,2.25,14.25],"texture":"#0"},"down":{"uv":[3.25,14.25,2.75,14.75],"texture":"#0"}}},{"from":[27.15,16.9,12.4],"to":[28.35,18.1,13.6],"rotation":{"angle":22.5,"axis":"z","origin":[25.75,16.25,13]},"faces":{"north":{"uv":[2.25,14.75,2.75,15.25],"texture":"#0"},"east":{"uv":[1.75,14.75,2.25,15.25],"texture":"#0"},"south":{"uv":[3.25,14.75,3.75,15.25],"texture":"#0"},"west":{"uv":[2.75,14.75,3.25,15.25],"texture":"#0"},"up":{"uv":[2.75,14.75,2.25,14.25],"texture":"#0"},"down":{"uv":[3.25,14.25,2.75,14.75],"texture":"#0"}}},{"from":[16.95,14.95,9.2],"to":[18.55,16.55,10.8],"rotation":{"angle":-22.5,"axis":"y","origin":[12,16.75,11.5]},"faces":{"north":{"uv":[2.25,14.75,2.75,15.25],"texture":"#0"},"east":{"uv":[1.75,14.75,2.25,15.25],"texture":"#0"},"south":{"uv":[3.25,14.75,3.75,15.25],"texture":"#0"},"west":{"uv":[2.75,14.75,3.25,15.25],"texture":"#0"},"up":{"uv":[2.75,14.75,2.25,14.25],"texture":"#0"},"down":{"uv":[3.25,14.25,2.75,14.75],"texture":"#0"}}},{"from":[25.2,16.7,12.95],"to":[28.8,18.3,14.55],"rotation":{"angle":22.5,"axis":"z","origin":[27.5,17,13.75]},"faces":{"north":{"uv":[12.75,15,13.75,15.5],"texture":"#0"},"east":{"uv":[12.25,15,12.75,15.5],"texture":"#0"},"south":{"uv":[14.25,15,15.25,15.5],"texture":"#0"},"west":{"uv":[13.75,15,14.25,15.5],"texture":"#0"},"up":{"uv":[13.75,15,12.75,14.5],"texture":"#0"},"down":{"uv":[14.75,14.5,13.75,15],"texture":"#0"}}},{"from":[27.9,17.8,13.05],"to":[29.3,21.2,14.45],"rotation":{"angle":22.5,"axis":"z","origin":[27.5,17,13.75]},"faces":{"north":{"uv":[13.5,11,14,12],"texture":"#0"},"east":{"uv":[13,11,13.5,12],"texture":"#0"},"south":{"uv":[14.5,11,15,12],"texture":"#0"},"west":{"uv":[14,11,14.5,12],"texture":"#0"},"up":{"uv":[14,11,13.5,10.5],"texture":"#0"},"down":{"uv":[14.5,10.5,14,11],"texture":"#0"}}},{"from":[25.85,20.5,13.25],"to":[28.85,21.5,14.25],"rotation":{"angle":22.5,"axis":"z","origin":[27.5,17,13.75]},"faces":{"north":{"uv":[10,13,10.75,13.25],"texture":"#0"},"east":{"uv":[9.75,13,10,13.25],"texture":"#0"},"south":{"uv":[11,13,11.75,13.25],"texture":"#0"},"west":{"uv":[10.75,13,11,13.25],"texture":"#0"},"up":{"uv":[10.75,13,10,12.75],"texture":"#0"},"down":{"uv":[11.5,12.75,10.75,13],"texture":"#0"}}},{"from":[17,16,12.75],"to":[26,18,14.75],"rotation":{"angle":0,"axis":"y","origin":[12,16.75,11]},"faces":{"north":{"uv":[5.5,9.75,7.75,10.25],"texture":"#0"},"east":{"uv":[5,9.75,5.5,10.25],"texture":"#0"},"south":{"uv":[8.25,9.75,10.5,10.25],"texture":"#0"},"west":{"uv":[7.75,9.75,8.25,10.25],"texture":"#0"},"up":{"uv":[7.75,9.75,5.5,9.25],"texture":"#0"},"down":{"uv":[10,9.25,7.75,9.75],"texture":"#0"}}},{"from":[21,17.25,12.25],"to":[22,18.25,13.25],"rotation":{"angle":0,"axis":"y","origin":[12,16.75,11]},"faces":{"north":{"uv":[9.75,15,10,15.25],"texture":"#0"},"east":{"uv":[9.5,15,9.75,15.25],"texture":"#0"},"south":{"uv":[10.25,15,10.5,15.25],"texture":"#0"},"west":{"uv":[10,15,10.25,15.25],"texture":"#0"},"up":{"uv":[10,15,9.75,14.75],"texture":"#0"},"down":{"uv":[10.25,14.75,10,15],"texture":"#0"}}},{"from":[28.85,17.85,12.6],"to":[29.65,18.65,13.4],"rotation":{"angle":22.5,"axis":"z","origin":[25.5,16.25,12.75]},"faces":{"north":{"uv":[9.75,15,10,15.25],"texture":"#0"},"east":{"uv":[9.5,15,9.75,15.25],"texture":"#0"},"south":{"uv":[10.25,15,10.5,15.25],"texture":"#0"},"west":{"uv":[10,15,10.25,15.25],"texture":"#0"},"up":{"uv":[10,15,9.75,14.75],"texture":"#0"},"down":{"uv":[10.25,14.75,10,15],"texture":"#0"}}},{"from":[28.85,18.85,12.6],"to":[29.65,19.65,13.4],"rotation":{"angle":22.5,"axis":"z","origin":[25.5,16.25,12.75]},"faces":{"north":{"uv":[9.75,15,10,15.25],"texture":"#0"},"east":{"uv":[9.5,15,9.75,15.25],"texture":"#0"},"south":{"uv":[10.25,15,10.5,15.25],"texture":"#0"},"west":{"uv":[10,15,10.25,15.25],"texture":"#0"},"up":{"uv":[10,15,9.75,14.75],"texture":"#0"},"down":{"uv":[10.25,14.75,10,15],"texture":"#0"}}},{"from":[27.85,18.85,12.6],"to":[28.65,19.65,13.4],"rotation":{"angle":22.5,"axis":"z","origin":[25.5,16.25,12.75]},"faces":{"north":{"uv":[9.75,15,10,15.25],"texture":"#0"},"east":{"uv":[9.5,15,9.75,15.25],"texture":"#0"},"south":{"uv":[10.25,15,10.5,15.25],"texture":"#0"},"west":{"uv":[10,15,10.25,15.25],"texture":"#0"},"up":{"uv":[10,15,9.75,14.75],"texture":"#0"},"down":{"uv":[10.25,14.75,10,15],"texture":"#0"}}},{"from":[4,10,8],"to":[7,16,11],"shade":false,"rotation":{"angle":-22.5,"axis":"x","origin":[4,17.5,11.5]},"faces":{"north":{"uv":[12.75,5.25,12,6.75],"texture":"#0"},"east":{"uv":[13.5,5.25,12.75,6.75],"texture":"#0"},"south":{"uv":[14.25,5.25,13.5,6.75],"texture":"#0"},"west":{"uv":[12,5.25,11.25,6.75],"texture":"#0"},"up":{"uv":[12,5.25,12.75,4.5],"texture":"#0"},"down":{"uv":[12.75,4.5,13.5,5.25],"texture":"#0"}}},{"from":[-5,9,11.75],"to":[5,12,14.75],"shade":false,"rotation":{"angle":22.5,"axis":"y","origin":[4,17.5,11.5]},"faces":{"north":{"uv":[3.25,2.25,0.75,3],"texture":"#0"},"east":{"uv":[4,2.25,3.25,3],"texture":"#0"},"south":{"uv":[6.5,2.25,4,3],"texture":"#0"},"west":{"uv":[0.75,2.25,0,3],"texture":"#0"},"up":{"uv":[0.75,2.25,3.25,1.5],"texture":"#0"},"down":{"uv":[3.25,1.5,5.75,2.25],"texture":"#0"}}},{"from":[-4.5,3,12.5],"to":[-2.5,10,14.5],"shade":false,"rotation":{"angle":-22.5,"axis":"x","origin":[4,17.5,12]},"faces":{"north":{"uv":[13,2.75,12.5,4.5],"texture":"#0"},"east":{"uv":[13.5,2.75,13,4.5],"texture":"#0"},"south":{"uv":[14,2.75,13.5,4.5],"texture":"#0"},"west":{"uv":[12.5,2.75,12,4.5],"texture":"#0"},"up":{"uv":[12.5,2.75,13,2.25],"texture":"#0"},"down":{"uv":[13,2.25,13.5,2.75],"texture":"#0"}}},{"from":[-5.3,1.95,18],"to":[-3.7,5.55,19.6],"shade":false,"rotation":{"angle":-45,"axis":"z","origin":[-4.5,4.25,18.55]},"faces":{"north":{"uv":[8.5,12.75,8,13.75],"texture":"#0"},"east":{"uv":[9,12.75,8.5,13.75],"texture":"#0"},"south":{"uv":[9.5,12.75,9,13.75],"texture":"#0"},"west":{"uv":[8,12.75,7.5,13.75],"texture":"#0"},"up":{"uv":[8,12.75,8.5,12.25],"texture":"#0"},"down":{"uv":[8.5,12.25,9,12.75],"texture":"#0"}}},{"from":[-12.9,4.6,17.6],"to":[-12.1,5.4,18.4],"shade":false,"rotation":{"angle":45,"axis":"z","origin":[-8.25,10.25,13]},"faces":{"north":{"uv":[10,15,9.75,15.25],"texture":"#0"},"east":{"uv":[10.25,15,10,15.25],"texture":"#0"},"south":{"uv":[10.5,15,10.25,15.25],"texture":"#0"},"west":{"uv":[9.75,15,9.5,15.25],"texture":"#0"},"up":{"uv":[9.75,15,10,14.75],"texture":"#0"},"down":{"uv":[10,14.75,10.25,15],"texture":"#0"}}},{"from":[-11.65,4.6,17.6],"to":[-10.85,5.4,18.4],"shade":false,"rotation":{"angle":45,"axis":"z","origin":[-8.25,10.25,13]},"faces":{"north":{"uv":[10,15,9.75,15.25],"texture":"#0"},"east":{"uv":[10.25,15,10,15.25],"texture":"#0"},"south":{"uv":[10.5,15,10.25,15.25],"texture":"#0"},"west":{"uv":[9.75,15,9.5,15.25],"texture":"#0"},"up":{"uv":[9.75,15,10,14.75],"texture":"#0"},"down":{"uv":[10,14.75,10.25,15],"texture":"#0"}}},{"from":[-11.65,5.6,17.6],"to":[-10.85,6.4,18.4],"shade":false,"rotation":{"angle":45,"axis":"z","origin":[-8.25,10.25,13]},"faces":{"north":{"uv":[10,15,9.75,15.25],"texture":"#0"},"east":{"uv":[10.25,15,10,15.25],"texture":"#0"},"south":{"uv":[10.5,15,10.25,15.25],"texture":"#0"},"west":{"uv":[9.75,15,9.5,15.25],"texture":"#0"},"up":{"uv":[9.75,15,10,14.75],"texture":"#0"},"down":{"uv":[10,14.75,10.25,15],"texture":"#0"}}},{"from":[-9.65,5.1,17.6],"to":[-8.85,5.9,18.4],"shade":false,"rotation":{"angle":0,"axis":"y","origin":[-8.25,10.25,13]},"faces":{"north":{"uv":[10,15,9.75,15.25],"texture":"#0"},"east":{"uv":[10.25,15,10,15.25],"texture":"#0"},"south":{"uv":[10.5,15,10.25,15.25],"texture":"#0"},"west":{"uv":[9.75,15,9.5,15.25],"texture":"#0"},"up":{"uv":[9.75,15,10,14.75],"texture":"#0"},"down":{"uv":[10,14.75,10.25,15],"texture":"#0"}}},{"from":[-9.65,4.1,17.6],"to":[-8.85,4.9,18.4],"shade":false,"rotation":{"angle":0,"axis":"y","origin":[-8.25,10.25,13]},"faces":{"north":{"uv":[10,15,9.75,15.25],"texture":"#0"},"east":{"uv":[10.25,15,10,15.25],"texture":"#0"},"south":{"uv":[10.5,15,10.25,15.25],"texture":"#0"},"west":{"uv":[9.75,15,9.5,15.25],"texture":"#0"},"up":{"uv":[9.75,15,10,14.75],"texture":"#0"},"down":{"uv":[10,14.75,10.25,15],"texture":"#0"}}},{"from":[-11.15,4.1,17.6],"to":[-10.35,4.9,18.4],"shade":false,"rotation":{"angle":0,"axis":"y","origin":[-8.25,10.25,13]},"faces":{"north":{"uv":[10,15,9.75,15.25],"texture":"#0"},"east":{"uv":[10.25,15,10,15.25],"texture":"#0"},"south":{"uv":[10.5,15,10.25,15.25],"texture":"#0"},"west":{"uv":[9.75,15,9.5,15.25],"texture":"#0"},"up":{"uv":[9.75,15,10,14.75],"texture":"#0"},"down":{"uv":[10,14.75,10.25,15],"texture":"#0"}}},{"from":[-11.15,5.1,17.6],"to":[-10.35,5.9,18.4],"shade":false,"rotation":{"angle":0,"axis":"y","origin":[-8.25,10.25,13]},"faces":{"north":{"uv":[10,15,9.75,15.25],"texture":"#0"},"east":{"uv":[10.25,15,10,15.25],"texture":"#0"},"south":{"uv":[10.5,15,10.25,15.25],"texture":"#0"},"west":{"uv":[9.75,15,9.5,15.25],"texture":"#0"},"up":{"uv":[9.75,15,10,14.75],"texture":"#0"},"down":{"uv":[10,14.75,10.25,15],"texture":"#0"}}},{"from":[-12.9,5.6,17.6],"to":[-12.1,6.4,18.4],"shade":false,"rotation":{"angle":45,"axis":"z","origin":[-8.25,10.25,13]},"faces":{"north":{"uv":[10,15,9.75,15.25],"texture":"#0"},"east":{"uv":[10.25,15,10,15.25],"texture":"#0"},"south":{"uv":[10.5,15,10.25,15.25],"texture":"#0"},"west":{"uv":[9.75,15,9.5,15.25],"texture":"#0"},"up":{"uv":[9.75,15,10,14.75],"texture":"#0"},"down":{"uv":[10,14.75,10.25,15],"texture":"#0"}}},{"from":[-8.2,1.55,18.1],"to":[-4.8,2.95,19.5],"shade":false,"rotation":{"angle":-45,"axis":"z","origin":[-4.5,4.25,18.55]},"faces":{"north":{"uv":[7,15.25,6,15.75],"texture":"#0"},"east":{"uv":[7.5,15.25,7,15.75],"texture":"#0"},"south":{"uv":[8.5,15.25,7.5,15.75],"texture":"#0"},"west":{"uv":[6,15.25,5.5,15.75],"texture":"#0"},"up":{"uv":[6,15.25,7,14.75],"texture":"#0"},"down":{"uv":[7,14.75,8,15.25],"texture":"#0"}}},{"from":[-12.1,4.4,18.2],"to":[-7.9,5.6,19.4],"shade":false,"rotation":{"angle":0,"axis":"y","origin":[-4.5,4,18.55]},"faces":{"north":{"uv":[1.75,15.5,0.75,15.75],"texture":"#0"},"east":{"uv":[2,15.5,1.75,15.75],"texture":"#0"},"south":{"uv":[3,15.5,2,15.75],"texture":"#0"},"west":{"uv":[0.75,15.5,0.5,15.75],"texture":"#0"},"up":{"uv":[0.75,15.5,1.75,15.25],"texture":"#0"},"down":{"uv":[1.75,15.25,2.75,15.5],"texture":"#0"}}},{"from":[-12.71751,1.75,18.3],"to":[-11.71751,4.75,19.3],"shade":false,"rotation":{"angle":-22.5,"axis":"z","origin":[-11.21751,4,18.8]},"faces":{"north":{"uv":[4.5,15,4.25,15.75],"texture":"#0"},"east":{"uv":[4.75,15,4.5,15.75],"texture":"#0"},"south":{"uv":[5,15,4.75,15.75],"texture":"#0"},"west":{"uv":[4.25,15,4,15.75],"texture":"#0"},"up":{"uv":[4.25,15,4.5,14.75],"texture":"#0"},"down":{"uv":[4.5,14.75,4.75,15],"texture":"#0"}}},{"from":[5.7,13.45,7.7],"to":[7.3,15.05,9.3],"shade":false,"rotation":{"angle":-22.5,"axis":"x","origin":[5.25,15.75,10]},"faces":{"north":{"uv":[2.75,14.75,2.25,15.25],"texture":"#0"},"east":{"uv":[3.25,14.75,2.75,15.25],"texture":"#0"},"south":{"uv":[3.75,14.75,3.25,15.25],"texture":"#0"},"west":{"uv":[2.25,14.75,1.75,15.25],"texture":"#0"},"up":{"uv":[2.25,14.75,2.75,14.25],"texture":"#0"},"down":{"uv":[2.75,14.25,3.25,14.75],"texture":"#0"}}},{"from":[3.7,13.45,7.7],"to":[5.3,15.05,9.3],"shade":false,"rotation":{"angle":-22.5,"axis":"x","origin":[5.25,15.75,10]},"faces":{"north":{"uv":[2.75,14.75,2.25,15.25],"texture":"#0"},"east":{"uv":[3.25,14.75,2.75,15.25],"texture":"#0"},"south":{"uv":[3.75,14.75,3.25,15.25],"texture":"#0"},"west":{"uv":[2.25,14.75,1.75,15.25],"texture":"#0"},"up":{"uv":[2.25,14.75,2.75,14.25],"texture":"#0"},"down":{"uv":[2.75,14.25,3.25,14.75],"texture":"#0"}}},{"from":[5.7,11.45,7.7],"to":[7.3,13.05,9.3],"shade":false,"rotation":{"angle":-22.5,"axis":"x","origin":[5.25,15.75,10]},"faces":{"north":{"uv":[2.75,14.75,2.25,15.25],"texture":"#0"},"east":{"uv":[3.25,14.75,2.75,15.25],"texture":"#0"},"south":{"uv":[3.75,14.75,3.25,15.25],"texture":"#0"},"west":{"uv":[2.25,14.75,1.75,15.25],"texture":"#0"},"up":{"uv":[2.25,14.75,2.75,14.25],"texture":"#0"},"down":{"uv":[2.75,14.25,3.25,14.75],"texture":"#0"}}},{"from":[3.7,11.45,7.7],"to":[5.3,13.05,9.3],"shade":false,"rotation":{"angle":-22.5,"axis":"x","origin":[5.25,15.75,10]},"faces":{"north":{"uv":[2.75,14.75,2.25,15.25],"texture":"#0"},"east":{"uv":[3.25,14.75,2.75,15.25],"texture":"#0"},"south":{"uv":[3.75,14.75,3.25,15.25],"texture":"#0"},"west":{"uv":[2.25,14.75,1.75,15.25],"texture":"#0"},"up":{"uv":[2.25,14.75,2.75,14.25],"texture":"#0"},"down":{"uv":[2.75,14.25,3.25,14.75],"texture":"#0"}}},{"from":[5.7,9.45,7.7],"to":[7.3,11.05,9.3],"shade":false,"rotation":{"angle":-22.5,"axis":"x","origin":[5.25,15.75,10]},"faces":{"north":{"uv":[2.75,14.75,2.25,15.25],"texture":"#0"},"east":{"uv":[3.25,14.75,2.75,15.25],"texture":"#0"},"south":{"uv":[3.75,14.75,3.25,15.25],"texture":"#0"},"west":{"uv":[2.25,14.75,1.75,15.25],"texture":"#0"},"up":{"uv":[2.25,14.75,2.75,14.25],"texture":"#0"},"down":{"uv":[2.75,14.25,3.25,14.75],"texture":"#0"}}},{"from":[3.7,9.45,7.7],"to":[5.3,11.05,9.3],"shade":false,"rotation":{"angle":-22.5,"axis":"x","origin":[5.25,15.75,10]},"faces":{"north":{"uv":[2.75,14.75,2.25,15.25],"texture":"#0"},"east":{"uv":[3.25,14.75,2.75,15.25],"texture":"#0"},"south":{"uv":[3.75,14.75,3.25,15.25],"texture":"#0"},"west":{"uv":[2.25,14.75,1.75,15.25],"texture":"#0"},"up":{"uv":[2.25,14.75,2.75,14.25],"texture":"#0"},"down":{"uv":[2.75,14.25,3.25,14.75],"texture":"#0"}}},{"from":[1.2,10.7,10.45],"to":[2.8,12.3,12.05],"shade":false,"rotation":{"angle":22.5,"axis":"y","origin":[5.25,15.75,10]},"faces":{"north":{"uv":[2.75,14.75,2.25,15.25],"texture":"#0"},"east":{"uv":[3.25,14.75,2.75,15.25],"texture":"#0"},"south":{"uv":[3.75,14.75,3.25,15.25],"texture":"#0"},"west":{"uv":[2.25,14.75,1.75,15.25],"texture":"#0"},"up":{"uv":[2.25,14.75,2.75,14.25],"texture":"#0"},"down":{"uv":[2.75,14.25,3.25,14.75],"texture":"#0"}}},{"from":[1.2,8.7,10.45],"to":[2.8,10.3,12.05],"shade":false,"rotation":{"angle":22.5,"axis":"y","origin":[5.25,15.75,10]},"faces":{"north":{"uv":[2.75,14.75,2.25,15.25],"texture":"#0"},"east":{"uv":[3.25,14.75,2.75,15.25],"texture":"#0"},"south":{"uv":[3.75,14.75,3.25,15.25],"texture":"#0"},"west":{"uv":[2.25,14.75,1.75,15.25],"texture":"#0"},"up":{"uv":[2.25,14.75,2.75,14.25],"texture":"#0"},"down":{"uv":[2.75,14.25,3.25,14.75],"texture":"#0"}}},{"from":[-0.8,8.7,10.45],"to":[0.8,10.3,12.05],"shade":false,"rotation":{"angle":22.5,"axis":"y","origin":[5.25,15.75,10]},"faces":{"north":{"uv":[2.75,14.75,2.25,15.25],"texture":"#0"},"east":{"uv":[3.25,14.75,2.75,15.25],"texture":"#0"},"south":{"uv":[3.75,14.75,3.25,15.25],"texture":"#0"},"west":{"uv":[2.25,14.75,1.75,15.25],"texture":"#0"},"up":{"uv":[2.25,14.75,2.75,14.25],"texture":"#0"},"down":{"uv":[2.75,14.25,3.25,14.75],"texture":"#0"}}},{"from":[-0.8,10.7,10.45],"to":[0.8,12.3,12.05],"shade":false,"rotation":{"angle":22.5,"axis":"y","origin":[5.25,15.75,10]},"faces":{"north":{"uv":[2.75,14.75,2.25,15.25],"texture":"#0"},"east":{"uv":[3.25,14.75,2.75,15.25],"texture":"#0"},"south":{"uv":[3.75,14.75,3.25,15.25],"texture":"#0"},"west":{"uv":[2.25,14.75,1.75,15.25],"texture":"#0"},"up":{"uv":[2.25,14.75,2.75,14.25],"texture":"#0"},"down":{"uv":[2.75,14.25,3.25,14.75],"texture":"#0"}}},{"from":[-4.8,8.7,10.45],"to":[-3.2,10.3,12.05],"shade":false,"rotation":{"angle":22.5,"axis":"y","origin":[5.25,15.75,10]},"faces":{"north":{"uv":[2.75,14.75,2.25,15.25],"texture":"#0"},"east":{"uv":[3.25,14.75,2.75,15.25],"texture":"#0"},"south":{"uv":[3.75,14.75,3.25,15.25],"texture":"#0"},"west":{"uv":[2.25,14.75,1.75,15.25],"texture":"#0"},"up":{"uv":[2.25,14.75,2.75,14.25],"texture":"#0"},"down":{"uv":[2.75,14.25,3.25,14.75],"texture":"#0"}}},{"from":[-4.85,3.9,14.9],"to":[-3.65,5.1,16.1],"shade":false,"rotation":{"angle":-22.5,"axis":"x","origin":[-4,9.5,11.25]},"faces":{"north":{"uv":[2.75,14.75,2.25,15.25],"texture":"#0"},"east":{"uv":[3.25,14.75,2.75,15.25],"texture":"#0"},"south":{"uv":[3.75,14.75,3.25,15.25],"texture":"#0"},"west":{"uv":[2.25,14.75,1.75,15.25],"texture":"#0"},"up":{"uv":[2.25,14.75,2.75,14.25],"texture":"#0"},"down":{"uv":[2.75,14.25,3.25,14.75],"texture":"#0"}}},{"from":[-3.35,3.9,14.9],"to":[-2.15,5.1,16.1],"shade":false,"rotation":{"angle":-22.5,"axis":"x","origin":[-4,9.5,11.25]},"faces":{"north":{"uv":[2.75,14.75,2.25,15.25],"texture":"#0"},"east":{"uv":[3.25,14.75,2.75,15.25],"texture":"#0"},"south":{"uv":[3.75,14.75,3.25,15.25],"texture":"#0"},"west":{"uv":[2.25,14.75,1.75,15.25],"texture":"#0"},"up":{"uv":[2.25,14.75,2.75,14.25],"texture":"#0"},"down":{"uv":[2.75,14.25,3.25,14.75],"texture":"#0"}}},{"from":[-3.35,1.9,14.9],"to":[-2.15,3.1,16.1],"shade":false,"rotation":{"angle":-22.5,"axis":"x","origin":[-4,9.5,11.25]},"faces":{"north":{"uv":[2.75,14.75,2.25,15.25],"texture":"#0"},"east":{"uv":[3.25,14.75,2.75,15.25],"texture":"#0"},"south":{"uv":[3.75,14.75,3.25,15.25],"texture":"#0"},"west":{"uv":[2.25,14.75,1.75,15.25],"texture":"#0"},"up":{"uv":[2.25,14.75,2.75,14.25],"texture":"#0"},"down":{"uv":[2.75,14.25,3.25,14.75],"texture":"#0"}}},{"from":[-0.5,4,17.5],"to":[0.5,5,18.5],"shade":false,"rotation":{"angle":-45,"axis":"z","origin":[-4,9.5,11.25]},"faces":{"north":{"uv":[2.75,14.75,2.25,15.25],"texture":"#0"},"east":{"uv":[3.25,14.75,2.75,15.25],"texture":"#0"},"south":{"uv":[3.75,14.75,3.25,15.25],"texture":"#0"},"west":{"uv":[2.25,14.75,1.75,15.25],"texture":"#0"},"up":{"uv":[2.25,14.75,2.75,14.25],"texture":"#0"},"down":{"uv":[2.75,14.25,3.25,14.75],"texture":"#0"}}},{"from":[-1.75,4,17.5],"to":[-0.75,5,18.5],"shade":false,"rotation":{"angle":-45,"axis":"z","origin":[-4,9.5,11.25]},"faces":{"north":{"uv":[2.75,14.75,2.25,15.25],"texture":"#0"},"east":{"uv":[3.25,14.75,2.75,15.25],"texture":"#0"},"south":{"uv":[3.75,14.75,3.25,15.25],"texture":"#0"},"west":{"uv":[2.25,14.75,1.75,15.25],"texture":"#0"},"up":{"uv":[2.25,14.75,2.75,14.25],"texture":"#0"},"down":{"uv":[2.75,14.25,3.25,14.75],"texture":"#0"}}},{"from":[-4.85,1.9,14.9],"to":[-3.65,3.1,16.1],"shade":false,"rotation":{"angle":-22.5,"axis":"x","origin":[-4,9.5,11.25]},"faces":{"north":{"uv":[2.75,14.75,2.25,15.25],"texture":"#0"},"east":{"uv":[3.25,14.75,2.75,15.25],"texture":"#0"},"south":{"uv":[3.75,14.75,3.25,15.25],"texture":"#0"},"west":{"uv":[2.25,14.75,1.75,15.25],"texture":"#0"},"up":{"uv":[2.25,14.75,2.75,14.25],"texture":"#0"},"down":{"uv":[2.75,14.25,3.25,14.75],"texture":"#0"}}},{"from":[-4.85,5.9,14.9],"to":[-3.65,7.1,16.1],"shade":false,"rotation":{"angle":-22.5,"axis":"x","origin":[-4,9.5,11.25]},"faces":{"north":{"uv":[2.75,14.75,2.25,15.25],"texture":"#0"},"east":{"uv":[3.25,14.75,2.75,15.25],"texture":"#0"},"south":{"uv":[3.75,14.75,3.25,15.25],"texture":"#0"},"west":{"uv":[2.25,14.75,1.75,15.25],"texture":"#0"},"up":{"uv":[2.25,14.75,2.75,14.25],"texture":"#0"},"down":{"uv":[2.75,14.25,3.25,14.75],"texture":"#0"}}},{"from":[-3.35,5.9,14.9],"to":[-2.15,7.1,16.1],"shade":false,"rotation":{"angle":-22.5,"axis":"x","origin":[-4,9.5,11.25]},"faces":{"north":{"uv":[2.75,14.75,2.25,15.25],"texture":"#0"},"east":{"uv":[3.25,14.75,2.75,15.25],"texture":"#0"},"south":{"uv":[3.75,14.75,3.25,15.25],"texture":"#0"},"west":{"uv":[2.25,14.75,1.75,15.25],"texture":"#0"},"up":{"uv":[2.25,14.75,2.75,14.25],"texture":"#0"},"down":{"uv":[2.75,14.25,3.25,14.75],"texture":"#0"}}},{"from":[-4.8,10.7,10.45],"to":[-3.2,12.3,12.05],"shade":false,"rotation":{"angle":22.5,"axis":"y","origin":[5.25,15.75,10]},"faces":{"north":{"uv":[2.75,14.75,2.25,15.25],"texture":"#0"},"east":{"uv":[3.25,14.75,2.75,15.25],"texture":"#0"},"south":{"uv":[3.75,14.75,3.25,15.25],"texture":"#0"},"west":{"uv":[2.25,14.75,1.75,15.25],"texture":"#0"},"up":{"uv":[2.25,14.75,2.75,14.25],"texture":"#0"},"down":{"uv":[2.75,14.25,3.25,14.75],"texture":"#0"}}},{"from":[-2.8,8.7,10.45],"to":[-1.2,10.3,12.05],"shade":false,"rotation":{"angle":22.5,"axis":"y","origin":[5.25,15.75,10]},"faces":{"north":{"uv":[2.75,14.75,2.25,15.25],"texture":"#0"},"east":{"uv":[3.25,14.75,2.75,15.25],"texture":"#0"},"south":{"uv":[3.75,14.75,3.25,15.25],"texture":"#0"},"west":{"uv":[2.25,14.75,1.75,15.25],"texture":"#0"},"up":{"uv":[2.25,14.75,2.75,14.25],"texture":"#0"},"down":{"uv":[2.75,14.25,3.25,14.75],"texture":"#0"}}},{"from":[-2.8,10.7,10.45],"to":[-1.2,12.3,12.05],"shade":false,"rotation":{"angle":22.5,"axis":"y","origin":[5.25,15.75,10]},"faces":{"north":{"uv":[2.75,14.75,2.25,15.25],"texture":"#0"},"east":{"uv":[3.25,14.75,2.75,15.25],"texture":"#0"},"south":{"uv":[3.75,14.75,3.25,15.25],"texture":"#0"},"west":{"uv":[2.25,14.75,1.75,15.25],"texture":"#0"},"up":{"uv":[2.25,14.75,2.75,14.25],"texture":"#0"},"down":{"uv":[2.75,14.25,3.25,14.75],"texture":"#0"}}},{"from":[5.2,18.95,9.2],"to":[6.8,20.55,10.8],"shade":false,"rotation":{"angle":22.5,"axis":"z","origin":[4,16.75,11.5]},"faces":{"north":{"uv":[2.75,14.75,2.25,15.25],"texture":"#0"},"east":{"uv":[3.25,14.75,2.75,15.25],"texture":"#0"},"south":{"uv":[3.75,14.75,3.25,15.25],"texture":"#0"},"west":{"uv":[2.25,14.75,1.75,15.25],"texture":"#0"},"up":{"uv":[2.25,14.75,2.75,14.25],"texture":"#0"},"down":{"uv":[2.75,14.25,3.25,14.75],"texture":"#0"}}},{"from":[-8.55,30.95,11.5],"to":[-7.75,31.75,12.3],"shade":false,"rotation":{"angle":-22.5,"axis":"x","origin":[-7.5,21.35,13.05]},"faces":{"north":{"uv":[10,15,9.75,15.25],"texture":"#0"},"east":{"uv":[10.25,15,10,15.25],"texture":"#0"},"south":{"uv":[10.5,15,10.25,15.25],"texture":"#0"},"west":{"uv":[9.75,15,9.5,15.25],"texture":"#0"},"up":{"uv":[9.75,15,10,14.75],"texture":"#0"},"down":{"uv":[10,14.75,10.25,15],"texture":"#0"}}},{"from":[-9.6,30.95,11.5],"to":[-8.8,31.75,12.3],"shade":false,"rotation":{"angle":-22.5,"axis":"x","origin":[-7.5,21.35,13.05]},"faces":{"north":{"uv":[10,15,9.75,15.25],"texture":"#0"},"east":{"uv":[10.25,15,10,15.25],"texture":"#0"},"south":{"uv":[10.5,15,10.25,15.25],"texture":"#0"},"west":{"uv":[9.75,15,9.5,15.25],"texture":"#0"},"up":{"uv":[9.75,15,10,14.75],"texture":"#0"},"down":{"uv":[10,14.75,10.25,15],"texture":"#0"}}},{"from":[-9.6,29.8,11.5],"to":[-8.8,30.6,12.3],"shade":false,"rotation":{"angle":-22.5,"axis":"x","origin":[-7.5,21.35,13.05]},"faces":{"north":{"uv":[10,15,9.75,15.25],"texture":"#0"},"east":{"uv":[10.25,15,10,15.25],"texture":"#0"},"south":{"uv":[10.5,15,10.25,15.25],"texture":"#0"},"west":{"uv":[9.75,15,9.5,15.25],"texture":"#0"},"up":{"uv":[9.75,15,10,14.75],"texture":"#0"},"down":{"uv":[10,14.75,10.25,15],"texture":"#0"}}},{"from":[-10.6,29.8,11.5],"to":[-9.8,30.6,12.3],"shade":false,"rotation":{"angle":-22.5,"axis":"x","origin":[-7.5,21.35,13.05]},"faces":{"north":{"uv":[10,15,9.75,15.25],"texture":"#0"},"east":{"uv":[10.25,15,10,15.25],"texture":"#0"},"south":{"uv":[10.5,15,10.25,15.25],"texture":"#0"},"west":{"uv":[9.75,15,9.5,15.25],"texture":"#0"},"up":{"uv":[9.75,15,10,14.75],"texture":"#0"},"down":{"uv":[10,14.75,10.25,15],"texture":"#0"}}},{"from":[-10.6,30.95,11.5],"to":[-9.8,31.75,12.3],"shade":false,"rotation":{"angle":-22.5,"axis":"x","origin":[-7.5,21.35,13.05]},"faces":{"north":{"uv":[10,15,9.75,15.25],"texture":"#0"},"east":{"uv":[10.25,15,10,15.25],"texture":"#0"},"south":{"uv":[10.5,15,10.25,15.25],"texture":"#0"},"west":{"uv":[9.75,15,9.5,15.25],"texture":"#0"},"up":{"uv":[9.75,15,10,14.75],"texture":"#0"},"down":{"uv":[10,14.75,10.25,15],"texture":"#0"}}},{"from":[3.2,18.95,9.2],"to":[4.8,20.55,10.8],"shade":false,"rotation":{"angle":22.5,"axis":"z","origin":[4,16.75,11.5]},"faces":{"north":{"uv":[2.75,14.75,2.25,15.25],"texture":"#0"},"east":{"uv":[3.25,14.75,2.75,15.25],"texture":"#0"},"south":{"uv":[3.75,14.75,3.25,15.25],"texture":"#0"},"west":{"uv":[2.25,14.75,1.75,15.25],"texture":"#0"},"up":{"uv":[2.25,14.75,2.75,14.25],"texture":"#0"},"down":{"uv":[2.75,14.25,3.25,14.75],"texture":"#0"}}},{"from":[3.2,20.95,9.2],"to":[4.8,22.55,10.8],"shade":false,"rotation":{"angle":22.5,"axis":"z","origin":[4,16.75,11.5]},"faces":{"north":{"uv":[2.75,14.75,2.25,15.25],"texture":"#0"},"east":{"uv":[3.25,14.75,2.75,15.25],"texture":"#0"},"south":{"uv":[3.75,14.75,3.25,15.25],"texture":"#0"},"west":{"uv":[2.25,14.75,1.75,15.25],"texture":"#0"},"up":{"uv":[2.25,14.75,2.75,14.25],"texture":"#0"},"down":{"uv":[2.75,14.25,3.25,14.75],"texture":"#0"}}},{"from":[5.2,20.95,9.2],"to":[6.8,22.55,10.8],"shade":false,"rotation":{"angle":22.5,"axis":"z","origin":[4,16.75,11.5]},"faces":{"north":{"uv":[2.75,14.75,2.25,15.25],"texture":"#0"},"east":{"uv":[3.25,14.75,2.75,15.25],"texture":"#0"},"south":{"uv":[3.75,14.75,3.25,15.25],"texture":"#0"},"west":{"uv":[2.25,14.75,1.75,15.25],"texture":"#0"},"up":{"uv":[2.25,14.75,2.75,14.25],"texture":"#0"},"down":{"uv":[2.75,14.25,3.25,14.75],"texture":"#0"}}},{"from":[3.2,22.95,9.2],"to":[4.8,24.55,10.8],"shade":false,"rotation":{"angle":22.5,"axis":"z","origin":[4,16.75,11.5]},"faces":{"north":{"uv":[2.75,14.75,2.25,15.25],"texture":"#0"},"east":{"uv":[3.25,14.75,2.75,15.25],"texture":"#0"},"south":{"uv":[3.75,14.75,3.25,15.25],"texture":"#0"},"west":{"uv":[2.25,14.75,1.75,15.25],"texture":"#0"},"up":{"uv":[2.25,14.75,2.75,14.25],"texture":"#0"},"down":{"uv":[2.75,14.25,3.25,14.75],"texture":"#0"}}},{"from":[5.2,22.95,9.2],"to":[6.8,24.55,10.8],"shade":false,"rotation":{"angle":22.5,"axis":"z","origin":[4,16.75,11.5]},"faces":{"north":{"uv":[2.75,14.75,2.25,15.25],"texture":"#0"},"east":{"uv":[3.25,14.75,2.75,15.25],"texture":"#0"},"south":{"uv":[3.75,14.75,3.25,15.25],"texture":"#0"},"west":{"uv":[2.25,14.75,1.75,15.25],"texture":"#0"},"up":{"uv":[2.25,14.75,2.75,14.25],"texture":"#0"},"down":{"uv":[2.75,14.25,3.25,14.75],"texture":"#0"}}},{"from":[3.2,26.45,9.2],"to":[4.8,28.05,10.8],"shade":false,"rotation":{"angle":22.5,"axis":"z","origin":[4,16.75,11.5]},"faces":{"north":{"uv":[2.75,14.75,2.25,15.25],"texture":"#0"},"east":{"uv":[3.25,14.75,2.75,15.25],"texture":"#0"},"south":{"uv":[3.75,14.75,3.25,15.25],"texture":"#0"},"west":{"uv":[2.25,14.75,1.75,15.25],"texture":"#0"},"up":{"uv":[2.25,14.75,2.75,14.25],"texture":"#0"},"down":{"uv":[2.75,14.25,3.25,14.75],"texture":"#0"}}},{"from":[1.2,26.45,9.2],"to":[2.8,28.05,10.8],"shade":false,"rotation":{"angle":22.5,"axis":"z","origin":[4,16.75,11.5]},"faces":{"north":{"uv":[2.75,14.75,2.25,15.25],"texture":"#0"},"east":{"uv":[3.25,14.75,2.75,15.25],"texture":"#0"},"south":{"uv":[3.75,14.75,3.25,15.25],"texture":"#0"},"west":{"uv":[2.25,14.75,1.75,15.25],"texture":"#0"},"up":{"uv":[2.25,14.75,2.75,14.25],"texture":"#0"},"down":{"uv":[2.75,14.25,3.25,14.75],"texture":"#0"}}},{"from":[1.2,24.45,9.2],"to":[2.8,26.05,10.8],"shade":false,"rotation":{"angle":22.5,"axis":"z","origin":[4,16.75,11.5]},"faces":{"north":{"uv":[2.75,14.75,2.25,15.25],"texture":"#0"},"east":{"uv":[3.25,14.75,2.75,15.25],"texture":"#0"},"south":{"uv":[3.75,14.75,3.25,15.25],"texture":"#0"},"west":{"uv":[2.25,14.75,1.75,15.25],"texture":"#0"},"up":{"uv":[2.25,14.75,2.75,14.25],"texture":"#0"},"down":{"uv":[2.75,14.25,3.25,14.75],"texture":"#0"}}},{"from":[-0.8,26.45,9.2],"to":[0.8,28.05,10.8],"shade":false,"rotation":{"angle":22.5,"axis":"z","origin":[4,16.75,11.5]},"faces":{"north":{"uv":[2.75,14.75,2.25,15.25],"texture":"#0"},"east":{"uv":[3.25,14.75,2.75,15.25],"texture":"#0"},"south":{"uv":[3.75,14.75,3.25,15.25],"texture":"#0"},"west":{"uv":[2.25,14.75,1.75,15.25],"texture":"#0"},"up":{"uv":[2.25,14.75,2.75,14.25],"texture":"#0"},"down":{"uv":[2.75,14.25,3.25,14.75],"texture":"#0"}}},{"from":[-0.8,24.45,9.2],"to":[0.8,26.05,10.8],"shade":false,"rotation":{"angle":22.5,"axis":"z","origin":[4,16.75,11.5]},"faces":{"north":{"uv":[2.75,14.75,2.25,15.25],"texture":"#0"},"east":{"uv":[3.25,14.75,2.75,15.25],"texture":"#0"},"south":{"uv":[3.75,14.75,3.25,15.25],"texture":"#0"},"west":{"uv":[2.25,14.75,1.75,15.25],"texture":"#0"},"up":{"uv":[2.25,14.75,2.75,14.25],"texture":"#0"},"down":{"uv":[2.75,14.25,3.25,14.75],"texture":"#0"}}},{"from":[-2.8,26.45,9.2],"to":[-1.2,28.05,10.8],"shade":false,"rotation":{"angle":22.5,"axis":"z","origin":[4,16.75,11.5]},"faces":{"north":{"uv":[2.75,14.75,2.25,15.25],"texture":"#0"},"east":{"uv":[3.25,14.75,2.75,15.25],"texture":"#0"},"south":{"uv":[3.75,14.75,3.25,15.25],"texture":"#0"},"west":{"uv":[2.25,14.75,1.75,15.25],"texture":"#0"},"up":{"uv":[2.25,14.75,2.75,14.25],"texture":"#0"},"down":{"uv":[2.75,14.25,3.25,14.75],"texture":"#0"}}},{"from":[-7.85,24.4,8.65],"to":[-6.65,25.6,9.85],"shade":false,"rotation":{"angle":-22.5,"axis":"x","origin":[-2,27.25,10]},"faces":{"north":{"uv":[2.75,14.75,2.25,15.25],"texture":"#0"},"east":{"uv":[3.25,14.75,2.75,15.25],"texture":"#0"},"south":{"uv":[3.75,14.75,3.25,15.25],"texture":"#0"},"west":{"uv":[2.25,14.75,1.75,15.25],"texture":"#0"},"up":{"uv":[2.25,14.75,2.75,14.25],"texture":"#0"},"down":{"uv":[2.75,14.25,3.25,14.75],"texture":"#0"}}},{"from":[-7.85,26,8.65],"to":[-6.65,27.2,9.85],"shade":false,"rotation":{"angle":-22.5,"axis":"x","origin":[-2,27.25,10]},"faces":{"north":{"uv":[2.75,14.75,2.25,15.25],"texture":"#0"},"east":{"uv":[3.25,14.75,2.75,15.25],"texture":"#0"},"south":{"uv":[3.75,14.75,3.25,15.25],"texture":"#0"},"west":{"uv":[2.25,14.75,1.75,15.25],"texture":"#0"},"up":{"uv":[2.25,14.75,2.75,14.25],"texture":"#0"},"down":{"uv":[2.75,14.25,3.25,14.75],"texture":"#0"}}},{"from":[-7.35,27.85,8.75],"to":[-6.35,28.85,9.75],"shade":false,"rotation":{"angle":-22.5,"axis":"x","origin":[-2,27.25,10]},"faces":{"north":{"uv":[2.75,14.75,2.25,15.25],"texture":"#0"},"east":{"uv":[3.25,14.75,2.75,15.25],"texture":"#0"},"south":{"uv":[3.75,14.75,3.25,15.25],"texture":"#0"},"west":{"uv":[2.25,14.75,1.75,15.25],"texture":"#0"},"up":{"uv":[2.25,14.75,2.75,14.25],"texture":"#0"},"down":{"uv":[2.75,14.25,3.25,14.75],"texture":"#0"}}},{"from":[-8.65,27.85,8.75],"to":[-7.65,28.85,9.75],"shade":false,"rotation":{"angle":-22.5,"axis":"x","origin":[-2,27.25,10]},"faces":{"north":{"uv":[2.75,14.75,2.25,15.25],"texture":"#0"},"east":{"uv":[3.25,14.75,2.75,15.25],"texture":"#0"},"south":{"uv":[3.75,14.75,3.25,15.25],"texture":"#0"},"west":{"uv":[2.25,14.75,1.75,15.25],"texture":"#0"},"up":{"uv":[2.25,14.75,2.75,14.25],"texture":"#0"},"down":{"uv":[2.75,14.25,3.25,14.75],"texture":"#0"}}},{"from":[-6.35,26,8.65],"to":[-5.15,27.2,9.85],"shade":false,"rotation":{"angle":-22.5,"axis":"x","origin":[-2,27.25,10]},"faces":{"north":{"uv":[2.75,14.75,2.25,15.25],"texture":"#0"},"east":{"uv":[3.25,14.75,2.75,15.25],"texture":"#0"},"south":{"uv":[3.75,14.75,3.25,15.25],"texture":"#0"},"west":{"uv":[2.25,14.75,1.75,15.25],"texture":"#0"},"up":{"uv":[2.25,14.75,2.75,14.25],"texture":"#0"},"down":{"uv":[2.75,14.25,3.25,14.75],"texture":"#0"}}},{"from":[-2.8,24.45,9.2],"to":[-1.2,26.05,10.8],"shade":false,"rotation":{"angle":22.5,"axis":"z","origin":[4,16.75,11.5]},"faces":{"north":{"uv":[2.75,14.75,2.25,15.25],"texture":"#0"},"east":{"uv":[3.25,14.75,2.75,15.25],"texture":"#0"},"south":{"uv":[3.75,14.75,3.25,15.25],"texture":"#0"},"west":{"uv":[2.25,14.75,1.75,15.25],"texture":"#0"},"up":{"uv":[2.25,14.75,2.75,14.25],"texture":"#0"},"down":{"uv":[2.75,14.25,3.25,14.75],"texture":"#0"}}},{"from":[5.2,24.95,9.2],"to":[6.8,26.55,10.8],"shade":false,"rotation":{"angle":22.5,"axis":"z","origin":[4,16.75,11.5]},"faces":{"north":{"uv":[2.75,14.75,2.25,15.25],"texture":"#0"},"east":{"uv":[3.25,14.75,2.75,15.25],"texture":"#0"},"south":{"uv":[3.75,14.75,3.25,15.25],"texture":"#0"},"west":{"uv":[2.25,14.75,1.75,15.25],"texture":"#0"},"up":{"uv":[2.25,14.75,2.75,14.25],"texture":"#0"},"down":{"uv":[2.75,14.25,3.25,14.75],"texture":"#0"}}},{"from":[4,17,10],"to":[7,26,13],"shade":false,"rotation":{"angle":22.5,"axis":"z","origin":[4,15.5,11.5]},"faces":{"north":{"uv":[11.25,10.25,10.5,12.5],"texture":"#0"},"east":{"uv":[12,10.25,11.25,12.5],"texture":"#0"},"south":{"uv":[12.75,10.25,12,12.5],"texture":"#0"},"west":{"uv":[10.5,10.25,9.75,12.5],"texture":"#0"},"up":{"uv":[10.5,10.25,11.25,9.5],"texture":"#0"},"down":{"uv":[11.25,9.5,12,10.25],"texture":"#0"}}},{"from":[-7,23,10.25],"to":[2,26,13.25],"shade":false,"rotation":{"angle":22.5,"axis":"z","origin":[-2.5,25.5,11.75]},"faces":{"north":{"uv":[9,4.5,6.75,5.25],"texture":"#0"},"east":{"uv":[9.75,4.5,9,5.25],"texture":"#0"},"south":{"uv":[12,4.5,9.75,5.25],"texture":"#0"},"west":{"uv":[6.75,4.5,6,5.25],"texture":"#0"},"up":{"uv":[6.75,4.5,9,3.75],"texture":"#0"},"down":{"uv":[9,3.75,11.25,4.5],"texture":"#0"}}},{"from":[-7.5,22,9],"to":[-5.5,27,11],"shade":false,"rotation":{"angle":-22.5,"axis":"x","origin":[-7.5,27.5,8.5]},"faces":{"north":{"uv":[8.5,12.5,8,13.75],"texture":"#0"},"east":{"uv":[9,12.5,8.5,13.75],"texture":"#0"},"south":{"uv":[9.5,12.5,9,13.75],"texture":"#0"},"west":{"uv":[8,12.5,7.5,13.75],"texture":"#0"},"up":{"uv":[8,12.5,8.5,12],"texture":"#0"},"down":{"uv":[8.5,12,9,12.5],"texture":"#0"}}},{"from":[-8.4,25.7,9.25],"to":[-6.6,29.5,11.05],"shade":false,"rotation":{"angle":-22.5,"axis":"x","origin":[-7.5,27.1,8.8]},"faces":{"north":{"uv":[8.5,12.5,8,13.5],"texture":"#0"},"east":{"uv":[9,12.5,8.5,13.5],"texture":"#0"},"south":{"uv":[9.5,12.5,9,13.5],"texture":"#0"},"west":{"uv":[8,12.5,7.5,13.5],"texture":"#0"},"up":{"uv":[8,12.5,8.5,12],"texture":"#0"},"down":{"uv":[8.5,12,9,12.5],"texture":"#0"}}},{"from":[-10.8,28.8,9.35],"to":[-7.2,30.4,10.95],"shade":false,"rotation":{"angle":-22.5,"axis":"x","origin":[-7.5,27.1,8.8]},"faces":{"north":{"uv":[1.5,13.5,0.5,14],"texture":"#0"},"east":{"uv":[2,13.5,1.5,14],"texture":"#0"},"south":{"uv":[3,13.5,2,14],"texture":"#0"},"west":{"uv":[0.5,13.5,0,14],"texture":"#0"},"up":{"uv":[0.5,13.5,1.5,13],"texture":"#0"},"down":{"uv":[1.5,13,2.5,13.5],"texture":"#0"}}},{"from":[-11.5,27.1,8.65],"to":[-10.5,30.1,9.65],"shade":false,"rotation":{"angle":0,"axis":"y","origin":[-10.5,28.1,11.4]},"faces":{"north":{"uv":[4.5,15,4.25,15.75],"texture":"#0"},"east":{"uv":[4.75,15,4.5,15.75],"texture":"#0"},"south":{"uv":[5,15,4.75,15.75],"texture":"#0"},"west":{"uv":[4.25,15,4,15.75],"texture":"#0"},"up":{"uv":[4.25,15,4.5,14.75],"texture":"#0"},"down":{"uv":[4.5,14.75,4.75,15],"texture":"#0"}}},{"from":[-15.5,15,13.75],"to":[-8.5,22,13.75],"shade":false,"rotation":{"angle":-22.5,"axis":"z","origin":[-12.5,17,13.75]},"faces":{"north":{"uv":[7.75,10.25,6,12],"texture":"#0"},"east":{"uv":[7.75,10.25,7.75,12],"texture":"#0"},"south":{"uv":[9.5,10.25,7.75,12],"texture":"#0"},"west":{"uv":[6,10.25,6,12],"texture":"#0"},"up":{"uv":[6,10.25,7.75,10.25],"texture":"#0"},"down":{"uv":[7.75,10.25,9.5,10.25],"texture":"#0"}}},{"from":[-2,15.25,10],"to":[7,18.25,13],"shade":false,"rotation":{"angle":22.5,"axis":"y","origin":[4,16.75,11.5]},"faces":{"north":{"uv":[9,3,6.75,3.75],"texture":"#0"},"east":{"uv":[9.75,3,9,3.75],"texture":"#0"},"south":{"uv":[12,3,9.75,3.75],"texture":"#0"},"west":{"uv":[6.75,3,6,3.75],"texture":"#0"},"up":{"uv":[6.75,3,9,2.25],"texture":"#0"},"down":{"uv":[9,2.25,11.25,3],"texture":"#0"}}},{"from":[5.45,16.95,9.2],"to":[7.05,18.55,10.8],"shade":false,"rotation":{"angle":22.5,"axis":"y","origin":[4,16.75,11.5]},"faces":{"north":{"uv":[2.75,14.75,2.25,15.25],"texture":"#0"},"east":{"uv":[3.25,14.75,2.75,15.25],"texture":"#0"},"south":{"uv":[3.75,14.75,3.25,15.25],"texture":"#0"},"west":{"uv":[2.25,14.75,1.75,15.25],"texture":"#0"},"up":{"uv":[2.25,14.75,2.75,14.25],"texture":"#0"},"down":{"uv":[2.75,14.25,3.25,14.75],"texture":"#0"}}},{"from":[5.45,14.95,9.2],"to":[7.05,16.55,10.8],"shade":false,"rotation":{"angle":22.5,"axis":"y","origin":[4,16.75,11.5]},"faces":{"north":{"uv":[2.75,14.75,2.25,15.25],"texture":"#0"},"east":{"uv":[3.25,14.75,2.75,15.25],"texture":"#0"},"south":{"uv":[3.75,14.75,3.25,15.25],"texture":"#0"},"west":{"uv":[2.25,14.75,1.75,15.25],"texture":"#0"},"up":{"uv":[2.25,14.75,2.75,14.25],"texture":"#0"},"down":{"uv":[2.75,14.25,3.25,14.75],"texture":"#0"}}},{"from":[3.45,16.95,9.2],"to":[5.05,18.55,10.8],"shade":false,"rotation":{"angle":22.5,"axis":"y","origin":[4,16.75,11.5]},"faces":{"north":{"uv":[2.75,14.75,2.25,15.25],"texture":"#0"},"east":{"uv":[3.25,14.75,2.75,15.25],"texture":"#0"},"south":{"uv":[3.75,14.75,3.25,15.25],"texture":"#0"},"west":{"uv":[2.25,14.75,1.75,15.25],"texture":"#0"},"up":{"uv":[2.25,14.75,2.75,14.25],"texture":"#0"},"down":{"uv":[2.75,14.25,3.25,14.75],"texture":"#0"}}},{"from":[3.45,14.95,9.2],"to":[5.05,16.55,10.8],"shade":false,"rotation":{"angle":22.5,"axis":"y","origin":[4,16.75,11.5]},"faces":{"north":{"uv":[2.75,14.75,2.25,15.25],"texture":"#0"},"east":{"uv":[3.25,14.75,2.75,15.25],"texture":"#0"},"south":{"uv":[3.75,14.75,3.25,15.25],"texture":"#0"},"west":{"uv":[2.25,14.75,1.75,15.25],"texture":"#0"},"up":{"uv":[2.25,14.75,2.75,14.25],"texture":"#0"},"down":{"uv":[2.75,14.25,3.25,14.75],"texture":"#0"}}},{"from":[1.45,16.95,9.2],"to":[3.05,18.55,10.8],"shade":false,"rotation":{"angle":22.5,"axis":"y","origin":[4,16.75,11.5]},"faces":{"north":{"uv":[2.75,14.75,2.25,15.25],"texture":"#0"},"east":{"uv":[3.25,14.75,2.75,15.25],"texture":"#0"},"south":{"uv":[3.75,14.75,3.25,15.25],"texture":"#0"},"west":{"uv":[2.25,14.75,1.75,15.25],"texture":"#0"},"up":{"uv":[2.25,14.75,2.75,14.25],"texture":"#0"},"down":{"uv":[2.75,14.25,3.25,14.75],"texture":"#0"}}},{"from":[1.45,14.95,9.2],"to":[3.05,16.55,10.8],"shade":false,"rotation":{"angle":22.5,"axis":"y","origin":[4,16.75,11.5]},"faces":{"north":{"uv":[2.75,14.75,2.25,15.25],"texture":"#0"},"east":{"uv":[3.25,14.75,2.75,15.25],"texture":"#0"},"south":{"uv":[3.75,14.75,3.25,15.25],"texture":"#0"},"west":{"uv":[2.25,14.75,1.75,15.25],"texture":"#0"},"up":{"uv":[2.25,14.75,2.75,14.25],"texture":"#0"},"down":{"uv":[2.75,14.25,3.25,14.75],"texture":"#0"}}},{"from":[-0.55,16.95,9.2],"to":[1.05,18.55,10.8],"shade":false,"rotation":{"angle":22.5,"axis":"y","origin":[4,16.75,11.5]},"faces":{"north":{"uv":[2.75,14.75,2.25,15.25],"texture":"#0"},"east":{"uv":[3.25,14.75,2.75,15.25],"texture":"#0"},"south":{"uv":[3.75,14.75,3.25,15.25],"texture":"#0"},"west":{"uv":[2.25,14.75,1.75,15.25],"texture":"#0"},"up":{"uv":[2.25,14.75,2.75,14.25],"texture":"#0"},"down":{"uv":[2.75,14.25,3.25,14.75],"texture":"#0"}}},{"from":[-0.55,14.95,9.2],"to":[1.05,16.55,10.8],"shade":false,"rotation":{"angle":22.5,"axis":"y","origin":[4,16.75,11.5]},"faces":{"north":{"uv":[2.75,14.75,2.25,15.25],"texture":"#0"},"east":{"uv":[3.25,14.75,2.75,15.25],"texture":"#0"},"south":{"uv":[3.75,14.75,3.25,15.25],"texture":"#0"},"west":{"uv":[2.25,14.75,1.75,15.25],"texture":"#0"},"up":{"uv":[2.25,14.75,2.75,14.25],"texture":"#0"},"down":{"uv":[2.75,14.25,3.25,14.75],"texture":"#0"}}},{"from":[-2.55,16.95,9.2],"to":[-0.95,18.55,10.8],"shade":false,"rotation":{"angle":22.5,"axis":"y","origin":[4,16.75,11.5]},"faces":{"north":{"uv":[2.75,14.75,2.25,15.25],"texture":"#0"},"east":{"uv":[3.25,14.75,2.75,15.25],"texture":"#0"},"south":{"uv":[3.75,14.75,3.25,15.25],"texture":"#0"},"west":{"uv":[2.25,14.75,1.75,15.25],"texture":"#0"},"up":{"uv":[2.25,14.75,2.75,14.25],"texture":"#0"},"down":{"uv":[2.75,14.25,3.25,14.75],"texture":"#0"}}},{"from":[-4.35,17.15,12.4],"to":[-3.15,18.35,13.6],"shade":false,"rotation":{"angle":0,"axis":"y","origin":[4,16.75,11.5]},"faces":{"north":{"uv":[2.75,14.75,2.25,15.25],"texture":"#0"},"east":{"uv":[3.25,14.75,2.75,15.25],"texture":"#0"},"south":{"uv":[3.75,14.75,3.25,15.25],"texture":"#0"},"west":{"uv":[2.25,14.75,1.75,15.25],"texture":"#0"},"up":{"uv":[2.25,14.75,2.75,14.25],"texture":"#0"},"down":{"uv":[2.75,14.25,3.25,14.75],"texture":"#0"}}},{"from":[-4.35,15.65,12.4],"to":[-3.15,16.85,13.6],"shade":false,"rotation":{"angle":0,"axis":"y","origin":[4,16.75,11.5]},"faces":{"north":{"uv":[2.75,14.75,2.25,15.25],"texture":"#0"},"east":{"uv":[3.25,14.75,2.75,15.25],"texture":"#0"},"south":{"uv":[3.75,14.75,3.25,15.25],"texture":"#0"},"west":{"uv":[2.25,14.75,1.75,15.25],"texture":"#0"},"up":{"uv":[2.25,14.75,2.75,14.25],"texture":"#0"},"down":{"uv":[2.75,14.25,3.25,14.75],"texture":"#0"}}},{"from":[-6.35,17.15,12.4],"to":[-5.15,18.35,13.6],"shade":false,"rotation":{"angle":0,"axis":"y","origin":[4,16.75,11.5]},"faces":{"north":{"uv":[2.75,14.75,2.25,15.25],"texture":"#0"},"east":{"uv":[3.25,14.75,2.75,15.25],"texture":"#0"},"south":{"uv":[3.75,14.75,3.25,15.25],"texture":"#0"},"west":{"uv":[2.25,14.75,1.75,15.25],"texture":"#0"},"up":{"uv":[2.25,14.75,2.75,14.25],"texture":"#0"},"down":{"uv":[2.75,14.25,3.25,14.75],"texture":"#0"}}},{"from":[-6.35,15.65,12.4],"to":[-5.15,16.85,13.6],"shade":false,"rotation":{"angle":0,"axis":"y","origin":[4,16.75,11.5]},"faces":{"north":{"uv":[2.75,14.75,2.25,15.25],"texture":"#0"},"east":{"uv":[3.25,14.75,2.75,15.25],"texture":"#0"},"south":{"uv":[3.75,14.75,3.25,15.25],"texture":"#0"},"west":{"uv":[2.25,14.75,1.75,15.25],"texture":"#0"},"up":{"uv":[2.25,14.75,2.75,14.25],"texture":"#0"},"down":{"uv":[2.75,14.25,3.25,14.75],"texture":"#0"}}},{"from":[-8.35,17.15,12.4],"to":[-7.15,18.35,13.6],"shade":false,"rotation":{"angle":0,"axis":"y","origin":[4,16.75,11.5]},"faces":{"north":{"uv":[2.75,14.75,2.25,15.25],"texture":"#0"},"east":{"uv":[3.25,14.75,2.75,15.25],"texture":"#0"},"south":{"uv":[3.75,14.75,3.25,15.25],"texture":"#0"},"west":{"uv":[2.25,14.75,1.75,15.25],"texture":"#0"},"up":{"uv":[2.25,14.75,2.75,14.25],"texture":"#0"},"down":{"uv":[2.75,14.25,3.25,14.75],"texture":"#0"}}},{"from":[-8.35,15.65,12.4],"to":[-7.15,16.85,13.6],"shade":false,"rotation":{"angle":0,"axis":"y","origin":[4,16.75,11.5]},"faces":{"north":{"uv":[2.75,14.75,2.25,15.25],"texture":"#0"},"east":{"uv":[3.25,14.75,2.75,15.25],"texture":"#0"},"south":{"uv":[3.75,14.75,3.25,15.25],"texture":"#0"},"west":{"uv":[2.25,14.75,1.75,15.25],"texture":"#0"},"up":{"uv":[2.25,14.75,2.75,14.25],"texture":"#0"},"down":{"uv":[2.75,14.25,3.25,14.75],"texture":"#0"}}},{"from":[-10.35,17.15,12.4],"to":[-9.15,18.35,13.6],"shade":false,"rotation":{"angle":0,"axis":"y","origin":[4,16.75,11.5]},"faces":{"north":{"uv":[2.75,14.75,2.25,15.25],"texture":"#0"},"east":{"uv":[3.25,14.75,2.75,15.25],"texture":"#0"},"south":{"uv":[3.75,14.75,3.25,15.25],"texture":"#0"},"west":{"uv":[2.25,14.75,1.75,15.25],"texture":"#0"},"up":{"uv":[2.25,14.75,2.75,14.25],"texture":"#0"},"down":{"uv":[2.75,14.25,3.25,14.75],"texture":"#0"}}},{"from":[-10.35,15.65,12.4],"to":[-9.15,16.85,13.6],"shade":false,"rotation":{"angle":0,"axis":"y","origin":[4,16.75,11.5]},"faces":{"north":{"uv":[2.75,14.75,2.25,15.25],"texture":"#0"},"east":{"uv":[3.25,14.75,2.75,15.25],"texture":"#0"},"south":{"uv":[3.75,14.75,3.25,15.25],"texture":"#0"},"west":{"uv":[2.25,14.75,1.75,15.25],"texture":"#0"},"up":{"uv":[2.25,14.75,2.75,14.25],"texture":"#0"},"down":{"uv":[2.75,14.25,3.25,14.75],"texture":"#0"}}},{"from":[-12.35,15.65,12.4],"to":[-11.15,16.85,13.6],"shade":false,"rotation":{"angle":-22.5,"axis":"z","origin":[-9.75,16.25,13]},"faces":{"north":{"uv":[2.75,14.75,2.25,15.25],"texture":"#0"},"east":{"uv":[3.25,14.75,2.75,15.25],"texture":"#0"},"south":{"uv":[3.75,14.75,3.25,15.25],"texture":"#0"},"west":{"uv":[2.25,14.75,1.75,15.25],"texture":"#0"},"up":{"uv":[2.25,14.75,2.75,14.25],"texture":"#0"},"down":{"uv":[2.75,14.25,3.25,14.75],"texture":"#0"}}},{"from":[-12.35,16.9,12.4],"to":[-11.15,18.1,13.6],"shade":false,"rotation":{"angle":-22.5,"axis":"z","origin":[-9.75,16.25,13]},"faces":{"north":{"uv":[2.75,14.75,2.25,15.25],"texture":"#0"},"east":{"uv":[3.25,14.75,2.75,15.25],"texture":"#0"},"south":{"uv":[3.75,14.75,3.25,15.25],"texture":"#0"},"west":{"uv":[2.25,14.75,1.75,15.25],"texture":"#0"},"up":{"uv":[2.25,14.75,2.75,14.25],"texture":"#0"},"down":{"uv":[2.75,14.25,3.25,14.75],"texture":"#0"}}},{"from":[-2.55,14.95,9.2],"to":[-0.95,16.55,10.8],"shade":false,"rotation":{"angle":22.5,"axis":"y","origin":[4,16.75,11.5]},"faces":{"north":{"uv":[2.75,14.75,2.25,15.25],"texture":"#0"},"east":{"uv":[3.25,14.75,2.75,15.25],"texture":"#0"},"south":{"uv":[3.75,14.75,3.25,15.25],"texture":"#0"},"west":{"uv":[2.25,14.75,1.75,15.25],"texture":"#0"},"up":{"uv":[2.25,14.75,2.75,14.25],"texture":"#0"},"down":{"uv":[2.75,14.25,3.25,14.75],"texture":"#0"}}},{"from":[-12.8,16.7,12.95],"to":[-9.2,18.3,14.55],"shade":false,"rotation":{"angle":-22.5,"axis":"z","origin":[-11.5,17,13.75]},"faces":{"north":{"uv":[13.75,15,12.75,15.5],"texture":"#0"},"east":{"uv":[14.25,15,13.75,15.5],"texture":"#0"},"south":{"uv":[15.25,15,14.25,15.5],"texture":"#0"},"west":{"uv":[12.75,15,12.25,15.5],"texture":"#0"},"up":{"uv":[12.75,15,13.75,14.5],"texture":"#0"},"down":{"uv":[13.75,14.5,14.75,15],"texture":"#0"}}},{"from":[-13.3,17.8,13.05],"to":[-11.9,21.2,14.45],"shade":false,"rotation":{"angle":-22.5,"axis":"z","origin":[-11.5,17,13.75]},"faces":{"north":{"uv":[14,11,13.5,12],"texture":"#0"},"east":{"uv":[14.5,11,14,12],"texture":"#0"},"south":{"uv":[15,11,14.5,12],"texture":"#0"},"west":{"uv":[13.5,11,13,12],"texture":"#0"},"up":{"uv":[13.5,11,14,10.5],"texture":"#0"},"down":{"uv":[14,10.5,14.5,11],"texture":"#0"}}},{"from":[-12.85,20.5,13.25],"to":[-9.85,21.5,14.25],"shade":false,"rotation":{"angle":-22.5,"axis":"z","origin":[-11.5,17,13.75]},"faces":{"north":{"uv":[10.75,13,10,13.25],"texture":"#0"},"east":{"uv":[11,13,10.75,13.25],"texture":"#0"},"south":{"uv":[11.75,13,11,13.25],"texture":"#0"},"west":{"uv":[10,13,9.75,13.25],"texture":"#0"},"up":{"uv":[10,13,10.75,12.75],"texture":"#0"},"down":{"uv":[10.75,12.75,11.5,13],"texture":"#0"}}},{"from":[-10,16,12.75],"to":[-1,18,14.75],"shade":false,"rotation":{"angle":0,"axis":"y","origin":[4,16.75,11]},"faces":{"north":{"uv":[7.75,9.75,5.5,10.25],"texture":"#0"},"east":{"uv":[8.25,9.75,7.75,10.25],"texture":"#0"},"south":{"uv":[10.5,9.75,8.25,10.25],"texture":"#0"},"west":{"uv":[5.5,9.75,5,10.25],"texture":"#0"},"up":{"uv":[5.5,9.75,7.75,9.25],"texture":"#0"},"down":{"uv":[7.75,9.25,10,9.75],"texture":"#0"}}},{"from":[-6,17.25,12.25],"to":[-5,18.25,13.25],"shade":false,"rotation":{"angle":0,"axis":"y","origin":[4,16.75,11]},"faces":{"north":{"uv":[10,15,9.75,15.25],"texture":"#0"},"east":{"uv":[10.25,15,10,15.25],"texture":"#0"},"south":{"uv":[10.5,15,10.25,15.25],"texture":"#0"},"west":{"uv":[9.75,15,9.5,15.25],"texture":"#0"},"up":{"uv":[9.75,15,10,14.75],"texture":"#0"},"down":{"uv":[10,14.75,10.25,15],"texture":"#0"}}},{"from":[-13.65,17.85,12.6],"to":[-12.85,18.65,13.4],"shade":false,"rotation":{"angle":-22.5,"axis":"z","origin":[-9.5,16.25,12.75]},"faces":{"north":{"uv":[10,15,9.75,15.25],"texture":"#0"},"east":{"uv":[10.25,15,10,15.25],"texture":"#0"},"south":{"uv":[10.5,15,10.25,15.25],"texture":"#0"},"west":{"uv":[9.75,15,9.5,15.25],"texture":"#0"},"up":{"uv":[9.75,15,10,14.75],"texture":"#0"},"down":{"uv":[10,14.75,10.25,15],"texture":"#0"}}},{"from":[-13.65,18.85,12.6],"to":[-12.85,19.65,13.4],"shade":false,"rotation":{"angle":-22.5,"axis":"z","origin":[-9.5,16.25,12.75]},"faces":{"north":{"uv":[10,15,9.75,15.25],"texture":"#0"},"east":{"uv":[10.25,15,10,15.25],"texture":"#0"},"south":{"uv":[10.5,15,10.25,15.25],"texture":"#0"},"west":{"uv":[9.75,15,9.5,15.25],"texture":"#0"},"up":{"uv":[9.75,15,10,14.75],"texture":"#0"},"down":{"uv":[10,14.75,10.25,15],"texture":"#0"}}},{"from":[-12.65,18.85,12.6],"to":[-11.85,19.65,13.4],"shade":false,"rotation":{"angle":-22.5,"axis":"z","origin":[-9.5,16.25,12.75]},"faces":{"north":{"uv":[10,15,9.75,15.25],"texture":"#0"},"east":{"uv":[10.25,15,10,15.25],"texture":"#0"},"south":{"uv":[10.5,15,10.25,15.25],"texture":"#0"},"west":{"uv":[9.75,15,9.5,15.25],"texture":"#0"},"up":{"uv":[9.75,15,10,14.75],"texture":"#0"},"down":{"uv":[10,14.75,10.25,15],"texture":"#0"}}},{"from":[4,10,8],"to":[7,16,11],"shade":false,"rotation":{"angle":-22.5,"axis":"x","origin":[4,17.5,11.5]},"faces":{"north":{"uv":[12.75,5.25,12,6.75],"texture":"#0"},"east":{"uv":[13.5,5.25,12.75,6.75],"texture":"#0"},"south":{"uv":[14.25,5.25,13.5,6.75],"texture":"#0"},"west":{"uv":[12,5.25,11.25,6.75],"texture":"#0"},"up":{"uv":[12,5.25,12.75,4.5],"texture":"#0"},"down":{"uv":[12.75,4.5,13.5,5.25],"texture":"#0"}}},{"from":[-5,9,11.75],"to":[5,12,14.75],"shade":false,"rotation":{"angle":22.5,"axis":"y","origin":[4,17.5,11.5]},"faces":{"north":{"uv":[3.25,2.25,0.75,3],"texture":"#0"},"east":{"uv":[4,2.25,3.25,3],"texture":"#0"},"south":{"uv":[6.5,2.25,4,3],"texture":"#0"},"west":{"uv":[0.75,2.25,0,3],"texture":"#0"},"up":{"uv":[0.75,2.25,3.25,1.5],"texture":"#0"},"down":{"uv":[3.25,1.5,5.75,2.25],"texture":"#0"}}},{"from":[-4.5,3,12.5],"to":[-2.5,10,14.5],"shade":false,"rotation":{"angle":-22.5,"axis":"x","origin":[4,17.5,12]},"faces":{"north":{"uv":[13,2.75,12.5,4.5],"texture":"#0"},"east":{"uv":[13.5,2.75,13,4.5],"texture":"#0"},"south":{"uv":[14,2.75,13.5,4.5],"texture":"#0"},"west":{"uv":[12.5,2.75,12,4.5],"texture":"#0"},"up":{"uv":[12.5,2.75,13,2.25],"texture":"#0"},"down":{"uv":[13,2.25,13.5,2.75],"texture":"#0"}}},{"from":[-14.5,1,18.5],"to":[-2.5,8,18.5],"shade":false,"rotation":{"angle":0,"axis":"y","origin":[4,17.5,12]},"faces":{"north":{"uv":[3,4.75,0,6.5],"texture":"#0"},"east":{"uv":[3,4.75,3,6.5],"texture":"#0"},"south":{"uv":[6,4.75,3,6.5],"texture":"#0"},"west":{"uv":[0,4.75,0,6.5],"texture":"#0"},"up":{"uv":[0,4.75,3,4.75],"texture":"#0"},"down":{"uv":[3,4.75,6,4.75],"texture":"#0"}}},{"from":[4,17,10],"to":[7,26,13],"shade":false,"rotation":{"angle":22.5,"axis":"z","origin":[4,15.5,11.5]},"faces":{"north":{"uv":[11.25,10.25,10.5,12.5],"texture":"#0"},"east":{"uv":[12,10.25,11.25,12.5],"texture":"#0"},"south":{"uv":[12.75,10.25,12,12.5],"texture":"#0"},"west":{"uv":[10.5,10.25,9.75,12.5],"texture":"#0"},"up":{"uv":[10.5,10.25,11.25,9.5],"texture":"#0"},"down":{"uv":[11.25,9.5,12,10.25],"texture":"#0"}}},{"from":[-7,23,10.25],"to":[2,26,13.25],"shade":false,"rotation":{"angle":22.5,"axis":"z","origin":[-2.5,25.5,11.75]},"faces":{"north":{"uv":[9,4.5,6.75,5.25],"texture":"#0"},"east":{"uv":[9.75,4.5,9,5.25],"texture":"#0"},"south":{"uv":[12,4.5,9.75,5.25],"texture":"#0"},"west":{"uv":[6.75,4.5,6,5.25],"texture":"#0"},"up":{"uv":[6.75,4.5,9,3.75],"texture":"#0"},"down":{"uv":[9,3.75,11.25,4.5],"texture":"#0"}}},{"from":[-7.5,22,9],"to":[-5.5,27,11],"shade":false,"rotation":{"angle":-22.5,"axis":"x","origin":[-7.5,27.5,8.5]},"faces":{"north":{"uv":[8.5,12.5,8,13.75],"texture":"#0"},"east":{"uv":[9,12.5,8.5,13.75],"texture":"#0"},"south":{"uv":[9.5,12.5,9,13.75],"texture":"#0"},"west":{"uv":[8,12.5,7.5,13.75],"texture":"#0"},"up":{"uv":[8,12.5,8.5,12],"texture":"#0"},"down":{"uv":[8.5,12,9,12.5],"texture":"#0"}}},{"from":[-15.5,24,10.25],"to":[-5.5,32,10.25],"shade":false,"rotation":{"angle":0,"axis":"y","origin":[1,15.5,10]},"faces":{"north":{"uv":[7.5,7.25,5,9.25],"texture":"#0"},"east":{"uv":[7.5,7.25,7.5,9.25],"texture":"#0"},"south":{"uv":[10,7.25,7.5,9.25],"texture":"#0"},"west":{"uv":[5,7.25,5,9.25],"texture":"#0"},"up":{"uv":[5,7.25,7.5,7.25],"texture":"#0"},"down":{"uv":[7.5,7.25,10,7.25],"texture":"#0"}}},{"from":[-15.5,15,13.75],"to":[-8.5,22,13.75],"shade":false,"rotation":{"angle":-22.5,"axis":"z","origin":[-12.5,17,13.75]},"faces":{"north":{"uv":[7.75,10.25,6,12],"texture":"#0"},"east":{"uv":[7.75,10.25,7.75,12],"texture":"#0"},"south":{"uv":[9.5,10.25,7.75,12],"texture":"#0"},"west":{"uv":[6,10.25,6,12],"texture":"#0"},"up":{"uv":[6,10.25,7.75,10.25],"texture":"#0"},"down":{"uv":[7.75,10.25,9.5,10.25],"texture":"#0"}}},{"from":[-2,15.25,10],"to":[7,18.25,13],"shade":false,"rotation":{"angle":22.5,"axis":"y","origin":[4,16.75,11.5]},"faces":{"north":{"uv":[9,3,6.75,3.75],"texture":"#0"},"east":{"uv":[9.75,3,9,3.75],"texture":"#0"},"south":{"uv":[12,3,9.75,3.75],"texture":"#0"},"west":{"uv":[6.75,3,6,3.75],"texture":"#0"},"up":{"uv":[6.75,3,9,2.25],"texture":"#0"},"down":{"uv":[9,2.25,11.25,3],"texture":"#0"}}},{"from":[-10,16,12.75],"to":[-1,18,14.75],"shade":false,"rotation":{"angle":0,"axis":"y","origin":[4,16.75,11]},"faces":{"north":{"uv":[7.75,9.75,5.5,10.25],"texture":"#0"},"east":{"uv":[8.25,9.75,7.75,10.25],"texture":"#0"},"south":{"uv":[10.5,9.75,8.25,10.25],"texture":"#0"},"west":{"uv":[5.5,9.75,5,10.25],"texture":"#0"},"up":{"uv":[5.5,9.75,7.75,9.25],"texture":"#0"},"down":{"uv":[7.75,9.25,10,9.75],"texture":"#0"}}}],"gui_light":"front"}