{"display":{"thirdperson_righthand":{"rotation":[73,1,-18],"translation":[7,-0.75,2.25]},"thirdperson_lefthand":{"rotation":[73,1,-18],"translation":[7,-0.75,2.25]},"firstperson_righthand":{"rotation":[0,148,0],"translation":[1,4.5,0],"scale":[0.4,0.4,0.4]},"firstperson_lefthand":{"rotation":[0,148,0],"translation":[1,4.5,0],"scale":[0.4,0.4,0.4]},"ground":{"translation":[0,3.5,0],"scale":[0.6,0.6,0.6]},"gui":{"rotation":[27,145,0],"translation":[0,4.25,0]},"head":{"translation":[0,-30,0],"scale":[1.6,1.6,1.6]},"fixed":{"translation":[0,9.25,-1.75],"scale":[1.6,1.6,1.6]}},"texture_size":[64,64],"textures":{"0":"crates/ocean21_crate/octopus_plushie","particle":"crates/ocean21_crate/octopus_plushie"},"elements":[{"from":[4.5,0.5,4.5],"to":[11.5,6.5,11.5],"rotation":{"angle":0,"axis":"y","origin":[7.5,2.5,7]},"faces":{"north":{"uv":[1.75,1.75,3.5,3.25],"texture":"#0"},"east":{"uv":[0,1.75,1.75,3.25],"texture":"#0"},"south":{"uv":[5.25,1.75,7,3.25],"texture":"#0"},"west":{"uv":[3.5,1.75,5.25,3.25],"texture":"#0"},"up":{"uv":[3.5,1.75,1.75,0],"texture":"#0"},"down":{"uv":[5.25,0,3.5,1.75],"texture":"#0"}}},{"from":[5.15,0,0.4],"to":[7.35,1.2,5.6],"rotation":{"angle":22.5,"axis":"y","origin":[9,0.6,5.5]},"faces":{"north":{"uv":[5.75,6.25,6.25,6.5],"texture":"#0"},"east":{"uv":[4.5,6.25,5.75,6.5],"texture":"#0"},"south":{"uv":[7.5,6.25,8,6.5],"texture":"#0"},"west":{"uv":[6.25,6.25,7.5,6.5],"texture":"#0"},"up":{"uv":[6.25,6.25,5.75,5],"texture":"#0"},"down":{"uv":[6.75,5,6.25,6.25],"texture":"#0"}}},{"from":[8.65,0,0.4],"to":[10.85,1.2,5.6],"rotation":{"angle":-22.5,"axis":"y","origin":[7,0.6,5.5]},"faces":{"north":{"uv":[3.5,6,4,6.25],"texture":"#0"},"east":{"uv":[2.25,6,3.5,6.25],"texture":"#0"},"south":{"uv":[5.25,6,5.75,6.25],"texture":"#0"},"west":{"uv":[4,6,5.25,6.25],"texture":"#0"},"up":{"uv":[4,6,3.5,4.75],"texture":"#0"},"down":{"uv":[4.5,4.75,4,6],"texture":"#0"}}},{"from":[5.15,0,10.4],"to":[7.35,1.2,15.6],"rotation":{"angle":-22.5,"axis":"y","origin":[9,0.6,10.5]},"faces":{"north":{"uv":[1.25,5.25,1.75,5.5],"texture":"#0"},"east":{"uv":[0,5.25,1.25,5.5],"texture":"#0"},"south":{"uv":[3,5.25,3.5,5.5],"texture":"#0"},"west":{"uv":[1.75,5.25,3,5.5],"texture":"#0"},"up":{"uv":[1.75,5.25,1.25,4],"texture":"#0"},"down":{"uv":[2.25,4,1.75,5.25],"texture":"#0"}}},{"from":[8.65,0,10.4],"to":[10.85,1.2,15.6],"rotation":{"angle":22.5,"axis":"y","origin":[7,0.6,10.5]},"faces":{"north":{"uv":[4.5,4.5,5,4.75],"texture":"#0"},"east":{"uv":[3.25,4.5,4.5,4.75],"texture":"#0"},"south":{"uv":[6.25,4.5,6.75,4.75],"texture":"#0"},"west":{"uv":[5,4.5,6.25,4.75],"texture":"#0"},"up":{"uv":[5,4.5,4.5,3.25],"texture":"#0"},"down":{"uv":[5.5,3.25,5,4.5],"texture":"#0"}}},{"from":[5.15,0,10.4],"to":[7.35,1.2,15.6],"shade":false,"rotation":{"angle":-22.5,"axis":"y","origin":[9,0.6,10.5]},"faces":{"north":{"uv":[5,4.5,4.5,4.75],"texture":"#0"},"east":{"uv":[6.25,4.5,5,4.75],"texture":"#0"},"south":{"uv":[6.75,4.5,6.25,4.75],"texture":"#0"},"west":{"uv":[4.5,4.5,3.25,4.75],"texture":"#0"},"up":{"uv":[4.5,4.5,5,3.25],"texture":"#0"},"down":{"uv":[5,3.25,5.5,4.5],"texture":"#0"}}},{"from":[2,1,6.9],"to":[9.2,2.2,9.1],"rotation":{"angle":22.5,"axis":"z","origin":[7.75,0.5,7.75]},"faces":{"north":{"uv":[2.25,3.75,0.5,4],"texture":"#0"},"east":{"uv":[2.75,3.75,2.25,4],"texture":"#0"},"south":{"uv":[4.5,3.75,2.75,4],"texture":"#0"},"west":{"uv":[0.5,3.75,0,4],"texture":"#0"},"up":{"uv":[0.5,3.75,2.25,3.25],"texture":"#0"},"down":{"uv":[2.25,3.25,4,3.75],"texture":"#0"}}},{"from":[9.15,-2.85,6.9],"to":[14.35,-1.65,9.1],"rotation":{"angle":45,"axis":"z","origin":[7,0.5,5]},"faces":{"north":{"uv":[7,0.5,5.75,0.75],"texture":"#0"},"east":{"uv":[7.5,0.5,7,0.75],"texture":"#0"},"south":{"uv":[8.75,0.5,7.5,0.75],"texture":"#0"},"west":{"uv":[5.75,0.5,5.25,0.75],"texture":"#0"},"up":{"uv":[5.75,0.5,7,0],"texture":"#0"},"down":{"uv":[7,0,8.25,0.5],"texture":"#0"}}}],"gui_light":"front"}