{"display":{"thirdperson_righthand":{"translation":[0,-4,1],"scale":[0.8,0.8,0.8]},"thirdperson_lefthand":{"translation":[0,-4,1],"scale":[0.8,0.8,0.8]},"firstperson_righthand":{"rotation":[0,6,0],"translation":[1,2,0],"scale":[0.4,0.4,0.4]},"firstperson_lefthand":{"rotation":[0,6,0],"translation":[1,2,0],"scale":[0.4,0.4,0.4]},"ground":{"scale":[0.4,0.4,0.4]},"gui":{"rotation":[-90,45,90],"translation":[2.25,-2.75,0],"scale":[0.6,0.6,0.6]},"head":{"translation":[0,-17,0],"scale":[1.6,1.6,1.6]},"fixed":{"rotation":[-90,45,90],"translation":[5,-3.75,-2.25]}},"texture_size":[64,64],"textures":{"0":"crates/ocean21_crate/sea_serpent_scythe","particle":"crates/ocean21_crate/sea_serpent_scythe"},"elements":[{"from":[7,13.46508,8.68925],"to":[9,19.46508,10.68925],"rotation":{"angle":22.5,"axis":"x","origin":[8,15.46508,9.68925]},"faces":{"north":{"uv":[5.5,7.75,6,9.25],"texture":"#0"},"east":{"uv":[5,7.75,5.5,9.25],"texture":"#0"},"south":{"uv":[6.5,7.75,7,9.25],"texture":"#0"},"west":{"uv":[6,7.75,6.5,9.25],"texture":"#0"},"up":{"uv":[6,7.75,5.5,7.25],"texture":"#0"},"down":{"uv":[6.5,7.25,6,7.75],"texture":"#0"}}},{"from":[7,4,8],"to":[9,14,10],"rotation":{"angle":0,"axis":"y","origin":[-1,5,0]},"faces":{"north":{"uv":[0.5,6.25,1,8.75],"texture":"#0"},"east":{"uv":[0,6.25,0.5,8.75],"texture":"#0"},"south":{"uv":[1.5,6.25,2,8.75],"texture":"#0"},"west":{"uv":[1,6.25,1.5,8.75],"texture":"#0"},"up":{"uv":[1,6.25,0.5,5.75],"texture":"#0"},"down":{"uv":[1.5,5.75,1,6.25],"texture":"#0"}}},{"from":[6.5,3,7.5],"to":[9.5,5,10.5],"rotation":{"angle":0,"axis":"y","origin":[-0.5,5,0]},"faces":{"north":{"uv":[2.75,8,3.5,8.5],"texture":"#0"},"east":{"uv":[2,8,2.75,8.5],"texture":"#0"},"south":{"uv":[4.25,8,5,8.5],"texture":"#0"},"west":{"uv":[3.5,8,4.25,8.5],"texture":"#0"},"up":{"uv":[3.5,8,2.75,7.25],"texture":"#0"},"down":{"uv":[4.25,7.25,3.5,8],"texture":"#0"}}},{"from":[8,-2,6],"to":[8,5,13],"rotation":{"angle":0,"axis":"y","origin":[-1,5,0]},"faces":{"north":{"uv":[4.5,3,4.5,4.75],"texture":"#0"},"east":{"uv":[2.75,3,4.5,4.75],"texture":"#0"},"south":{"uv":[6.25,3,6.25,4.75],"texture":"#0"},"west":{"uv":[4.5,3,6.25,4.75],"texture":"#0"},"up":{"uv":[4.5,3,4.5,1.25],"texture":"#0"},"down":{"uv":[4.5,1.25,4.5,3],"texture":"#0"}}},{"from":[7.1,-1.9,6.1],"to":[8.9,2.9,7.9],"rotation":{"angle":-22.5,"axis":"x","origin":[-1,5,0]},"faces":{"north":{"uv":[7.5,8,8,9.25],"texture":"#0"},"east":{"uv":[7,8,7.5,9.25],"texture":"#0"},"south":{"uv":[8.5,8,9,9.25],"texture":"#0"},"west":{"uv":[8,8,8.5,9.25],"texture":"#0"},"up":{"uv":[8,8,7.5,7.5],"texture":"#0"},"down":{"uv":[8.5,7.5,8,8],"texture":"#0"}}},{"from":[6.9,18.9,9.65],"to":[9.1,26.1,11.85],"rotation":{"angle":0,"axis":"y","origin":[-1,5,0]},"faces":{"north":{"uv":[7.25,5.75,7.75,7.5],"texture":"#0"},"east":{"uv":[6.75,5.75,7.25,7.5],"texture":"#0"},"south":{"uv":[8.25,5.75,8.75,7.5],"texture":"#0"},"west":{"uv":[7.75,5.75,8.25,7.5],"texture":"#0"},"up":{"uv":[7.75,5.75,7.25,5.25],"texture":"#0"},"down":{"uv":[8.25,5.25,7.75,5.75],"texture":"#0"}}},{"from":[6,20.75,8.75],"to":[10,24.75,12.75],"rotation":{"angle":0,"axis":"y","origin":[-1,5,0]},"faces":{"north":{"uv":[6,1,7,2],"texture":"#0"},"east":{"uv":[5,1,6,2],"texture":"#0"},"south":{"uv":[8,1,9,2],"texture":"#0"},"west":{"uv":[7,1,8,2],"texture":"#0"},"up":{"uv":[7,1,6,0],"texture":"#0"},"down":{"uv":[8,0,7,1],"texture":"#0"}}},{"from":[6.5,20,2.75],"to":[9.5,25,9.75],"rotation":{"angle":0,"axis":"y","origin":[7.5,22,7.75]},"faces":{"north":{"uv":[1.75,1.75,2.5,3],"texture":"#0"},"east":{"uv":[0,1.75,1.75,3],"texture":"#0"},"south":{"uv":[4.25,1.75,5,3],"texture":"#0"},"west":{"uv":[2.5,1.75,4.25,3],"texture":"#0"},"up":{"uv":[2.5,1.75,1.75,0],"texture":"#0"},"down":{"uv":[3.25,0,2.5,1.75],"texture":"#0"}}},{"from":[7,19.75,10.75],"to":[9,24.75,15.75],"rotation":{"angle":45,"axis":"x","origin":[8.5,22.5,13.25]},"faces":{"north":{"uv":[4.5,6,5,7.25],"texture":"#0"},"east":{"uv":[3.25,6,4.5,7.25],"texture":"#0"},"south":{"uv":[6.25,6,6.75,7.25],"texture":"#0"},"west":{"uv":[5,6,6.25,7.25],"texture":"#0"},"up":{"uv":[5,6,4.5,4.75],"texture":"#0"},"down":{"uv":[5.5,4.75,5,6],"texture":"#0"}}},{"from":[7,18.25,-2.25],"to":[9,22.25,4.75],"rotation":{"angle":-22.5,"axis":"x","origin":[8,21.75,-2.75]},"faces":{"north":{"uv":[1.75,4.75,2.25,5.75],"texture":"#0"},"east":{"uv":[0,4.75,1.75,5.75],"texture":"#0"},"south":{"uv":[4,4.75,4.5,5.75],"texture":"#0"},"west":{"uv":[2.25,4.75,4,5.75],"texture":"#0"},"up":{"uv":[2.25,4.75,1.75,3],"texture":"#0"},"down":{"uv":[2.75,3,2.25,4.75],"texture":"#0"}}},{"from":[7.5,19,-7.25],"to":[8.5,21,-2.25],"rotation":{"angle":-45,"axis":"x","origin":[8,21.75,-2.75]},"faces":{"north":{"uv":[6.75,4.75,7,5.25],"texture":"#0"},"east":{"uv":[5.5,4.75,6.75,5.25],"texture":"#0"},"south":{"uv":[8.25,4.75,8.5,5.25],"texture":"#0"},"west":{"uv":[7,4.75,8.25,5.25],"texture":"#0"},"up":{"uv":[7,4.75,6.75,3.5],"texture":"#0"},"down":{"uv":[7.25,3.5,7,4.75],"texture":"#0"}}},{"from":[6.5,18,9.25],"to":[9.5,20,12.25],"rotation":{"angle":0,"axis":"y","origin":[-0.5,5,0]},"faces":{"north":{"uv":[7,2.75,7.75,3.25],"texture":"#0"},"east":{"uv":[6.25,2.75,7,3.25],"texture":"#0"},"south":{"uv":[8.5,2.75,9.25,3.25],"texture":"#0"},"west":{"uv":[7.75,2.75,8.5,3.25],"texture":"#0"},"up":{"uv":[7.75,2.75,7,2],"texture":"#0"},"down":{"uv":[8.5,2,7.75,2.75],"texture":"#0"}}}],"gui_light":"front"}