{"file_name":"crosier","texture_size":[128,128],"textures":{"layer0":"manamodels/daza"},"elements":[{"name":"crosier_0","from":[6.8,6.8,6.8],"to":[9.2,9.2,9.2],"rotation":{"angle":-45.0,"axis":"y","origin":[8.0,8.0,8.0]},"faces":{"east":{"uv":[12.5,6.75,13.0,7.25],"texture":"#layer0","tintindex":0},"south":{"uv":[14.0,6.75,14.5,7.25],"texture":"#layer0","tintindex":0},"north":{"uv":[13.0,6.75,13.5,7.25],"texture":"#layer0","tintindex":0},"west":{"uv":[13.5,6.75,14.0,7.25],"texture":"#layer0","tintindex":0},"up":{"uv":[13.5,6.75,13.0,6.25],"texture":"#layer0","tintindex":0},"down":{"uv":[13.5,6.25,14.0,6.75],"texture":"#layer0","tintindex":0}}},{"name":"crosier_1","from":[7.4,7.4,7.4],"to":[8.6,27.2,8.6],"rotation":{"angle":0.0,"axis":"z","origin":[8.0,8.0,8.0]},"faces":{"east":{"uv":[3.75,11.5,4.0,15.625],"texture":"#layer0","tintindex":0},"south":{"uv":[4.5,11.5,4.75,15.625],"texture":"#layer0","tintindex":0},"north":{"uv":[4.0,11.5,4.25,15.625],"texture":"#layer0","tintindex":0},"west":{"uv":[4.25,11.5,4.5,15.625],"texture":"#layer0","tintindex":0},"up":{"uv":[4.25,11.5,4.0,11.25],"texture":"#layer0","tintindex":0},"down":{"uv":[4.25,11.25,4.5,11.5],"texture":"#layer0","tintindex":0}}}],"display":{"head":{"translation":[0.0,-6.4,0.0],"rotation":[0.0,0.0,0.0],"scale":[3.8095,3.8095,3.8095]},"gui":{"translation":[0.0,0.0,0.0],"rotation":[35.0,225.0,0.0],"scale":[0.625,0.625,0.625]}}}