{"file_name":"crown","texture_size":[128,128],"textures":{"layer0":"manamodels/daza"},"elements":[{"name":"crown_0","from":[3.7999997,7.4,6.2],"to":[9.8,8.6,11.6],"rotation":{"angle":0.0,"axis":"z","origin":[8.0,8.0,8.0]},"faces":{"east":{"uv":[7.875,1.125,9.0,1.375],"texture":"#layer0","tintindex":0},"south":{"uv":[11.375,1.125,12.625,1.375],"texture":"#layer0","tintindex":0},"north":{"uv":[9.0,1.125,10.25,1.375],"texture":"#layer0","tintindex":0},"west":{"uv":[10.25,1.125,11.375,1.375],"texture":"#layer0","tintindex":0},"up":{"uv":[10.25,1.125,9.0,0.0],"texture":"#layer0","tintindex":0},"down":{"uv":[10.25,0.0,11.5,1.125],"texture":"#layer0","tintindex":0}}},{"name":"crown_1","from":[5.8999996,8.0,5.5999994],"to":[7.7,9.8,6.7999997],"rotation":{"angle":0.0,"axis":"z","origin":[8.0,8.0,8.0]},"faces":{"east":{"uv":[0.0,2.375,0.25,2.75],"texture":"#layer0","tintindex":0},"south":{"uv":[0.875,2.375,1.25,2.75],"texture":"#layer0","tintindex":0},"north":{"uv":[0.25,2.375,0.625,2.75],"texture":"#layer0","tintindex":0},"west":{"uv":[0.625,2.375,0.875,2.75],"texture":"#layer0","tintindex":0},"up":{"uv":[0.625,2.375,0.25,2.125],"texture":"#layer0","tintindex":0},"down":{"uv":[0.625,2.125,1.0,2.375],"texture":"#layer0","tintindex":0}}},{"name":"crown_2","from":[6.2,9.8,6.2],"to":[7.4,11.0,6.7999997],"rotation":{"angle":0.0,"axis":"z","origin":[8.0,8.0,8.0]},"faces":{"east":{"uv":[6.125,1.375,6.25,1.625],"texture":"#layer0","tintindex":0},"south":{"uv":[6.625,1.375,6.875,1.625],"texture":"#layer0","tintindex":0},"north":{"uv":[6.25,1.375,6.5,1.625],"texture":"#layer0","tintindex":0},"west":{"uv":[6.5,1.375,6.625,1.625],"texture":"#layer0","tintindex":0},"up":{"uv":[6.5,1.375,6.25,1.25],"texture":"#layer0","tintindex":0},"down":{"uv":[6.5,1.25,6.75,1.375],"texture":"#layer0","tintindex":0}}},{"name":"crown_3","from":[9.2,8.6,7.4],"to":[9.8,9.8,8.6],"rotation":{"angle":0.0,"axis":"z","origin":[8.0,8.0,8.0]},"faces":{"east":{"uv":[5.375,2.625,5.625,2.875],"texture":"#layer0","tintindex":0},"south":{"uv":[6.0,2.625,6.125,2.875],"texture":"#layer0","tintindex":0},"north":{"uv":[5.625,2.625,5.75,2.875],"texture":"#layer0","tintindex":0},"west":{"uv":[5.75,2.625,6.0,2.875],"texture":"#layer0","tintindex":0},"up":{"uv":[5.75,2.625,5.625,2.375],"texture":"#layer0","tintindex":0},"down":{"uv":[5.75,2.375,5.875,2.625],"texture":"#layer0","tintindex":0}}},{"name":"crown_4","from":[3.7999997,8.6,7.4],"to":[4.3999996,9.8,8.6],"rotation":{"angle":0.0,"axis":"z","origin":[8.0,8.0,8.0]},"faces":{"east":{"uv":[4.875,2.375,5.125,2.625],"texture":"#layer0","tintindex":0},"south":{"uv":[5.5,2.375,5.625,2.625],"texture":"#layer0","tintindex":0},"north":{"uv":[5.125,2.375,5.25,2.625],"texture":"#layer0","tintindex":0},"west":{"uv":[5.25,2.375,5.5,2.625],"texture":"#layer0","tintindex":0},"up":{"uv":[5.25,2.375,5.125,2.125],"texture":"#layer0","tintindex":0},"down":{"uv":[5.25,2.125,5.375,2.375],"texture":"#layer0","tintindex":0}}},{"name":"crown_5","from":[9.2,8.6,9.2],"to":[9.8,9.8,10.4],"rotation":{"angle":0.0,"axis":"z","origin":[8.0,8.0,8.0]},"faces":{"east":{"uv":[4.875,2.875,5.125,3.125],"texture":"#layer0","tintindex":0},"south":{"uv":[5.5,2.875,5.625,3.125],"texture":"#layer0","tintindex":0},"north":{"uv":[5.125,2.875,5.25,3.125],"texture":"#layer0","tintindex":0},"west":{"uv":[5.25,2.875,5.5,3.125],"texture":"#layer0","tintindex":0},"up":{"uv":[5.25,2.875,5.125,2.625],"texture":"#layer0","tintindex":0},"down":{"uv":[5.25,2.625,5.375,2.875],"texture":"#layer0","tintindex":0}}},{"name":"crown_6","from":[3.7999997,8.6,9.2],"to":[4.3999996,9.8,10.4],"rotation":{"angle":0.0,"axis":"z","origin":[8.0,8.0,8.0]},"faces":{"east":{"uv":[0.0,5.0,0.25,5.25],"texture":"#layer0","tintindex":0},"south":{"uv":[0.625,5.0,0.75,5.25],"texture":"#layer0","tintindex":0},"north":{"uv":[0.25,5.0,0.375,5.25],"texture":"#layer0","tintindex":0},"west":{"uv":[0.375,5.0,0.625,5.25],"texture":"#layer0","tintindex":0},"up":{"uv":[0.375,5.0,0.25,4.75],"texture":"#layer0","tintindex":0},"down":{"uv":[0.375,4.75,0.5,5.0],"texture":"#layer0","tintindex":0}}},{"name":"crown_7","from":[4.3999996,8.6,11.0],"to":[5.6,9.8,11.6],"rotation":{"angle":0.0,"axis":"z","origin":[8.0,8.0,8.0]},"faces":{"east":{"uv":[5.5,6.125,5.625,6.375],"texture":"#layer0","tintindex":0},"south":{"uv":[6.0,6.125,6.25,6.375],"texture":"#layer0","tintindex":0},"north":{"uv":[5.625,6.125,5.875,6.375],"texture":"#layer0","tintindex":0},"west":{"uv":[5.875,6.125,6.0,6.375],"texture":"#layer0","tintindex":0},"up":{"uv":[5.875,6.125,5.625,6.0],"texture":"#layer0","tintindex":0},"down":{"uv":[5.875,6.0,6.125,6.125],"texture":"#layer0","tintindex":0}}},{"name":"crown_8","from":[8.0,8.6,11.0],"to":[9.2,9.8,11.6],"rotation":{"angle":0.0,"axis":"z","origin":[8.0,8.0,8.0]},"faces":{"east":{"uv":[5.375,1.375,5.5,1.625],"texture":"#layer0","tintindex":0},"south":{"uv":[5.875,1.375,6.125,1.625],"texture":"#layer0","tintindex":0},"north":{"uv":[5.5,1.375,5.75,1.625],"texture":"#layer0","tintindex":0},"west":{"uv":[5.75,1.375,5.875,1.625],"texture":"#layer0","tintindex":0},"up":{"uv":[5.75,1.375,5.5,1.25],"texture":"#layer0","tintindex":0},"down":{"uv":[5.75,1.25,6.0,1.375],"texture":"#layer0","tintindex":0}}},{"name":"crown_9","from":[6.2,8.6,11.0],"to":[7.4,9.8,11.6],"rotation":{"angle":0.0,"axis":"z","origin":[8.0,8.0,8.0]},"faces":{"east":{"uv":[0.0,3.25,0.125,3.5],"texture":"#layer0","tintindex":0},"south":{"uv":[0.5,3.25,0.75,3.5],"texture":"#layer0","tintindex":0},"north":{"uv":[0.125,3.25,0.375,3.5],"texture":"#layer0","tintindex":0},"west":{"uv":[0.375,3.25,0.5,3.5],"texture":"#layer0","tintindex":0},"up":{"uv":[0.375,3.25,0.125,3.125],"texture":"#layer0","tintindex":0},"down":{"uv":[0.375,3.125,0.625,3.25],"texture":"#layer0","tintindex":0}}},{"name":"crown_10","from":[8.6,8.6,6.2],"to":[9.8,10.4,6.7999997],"rotation":{"angle":0.0,"axis":"z","origin":[8.0,8.0,8.0]},"faces":{"east":{"uv":[0.0,5.375,0.125,5.75],"texture":"#layer0","tintindex":0},"south":{"uv":[0.5,5.375,0.75,5.75],"texture":"#layer0","tintindex":0},"north":{"uv":[0.125,5.375,0.375,5.75],"texture":"#layer0","tintindex":0},"west":{"uv":[0.375,5.375,0.5,5.75],"texture":"#layer0","tintindex":0},"up":{"uv":[0.375,5.375,0.125,5.25],"texture":"#layer0","tintindex":0},"down":{"uv":[0.375,5.25,0.625,5.375],"texture":"#layer0","tintindex":0}}},{"name":"crown_11","from":[3.7999997,8.6,6.2],"to":[5.0,10.4,6.7999997],"rotation":{"angle":0.0,"axis":"z","origin":[8.0,8.0,8.0]},"faces":{"east":{"uv":[5.5,3.125,5.625,3.5],"texture":"#layer0","tintindex":0},"south":{"uv":[6.0,3.125,6.25,3.5],"texture":"#layer0","tintindex":0},"north":{"uv":[5.625,3.125,5.875,3.5],"texture":"#layer0","tintindex":0},"west":{"uv":[5.875,3.125,6.0,3.5],"texture":"#layer0","tintindex":0},"up":{"uv":[5.875,3.125,5.625,3.0],"texture":"#layer0","tintindex":0},"down":{"uv":[5.875,3.0,6.125,3.125],"texture":"#layer0","tintindex":0}}}],"display":{"head":{"translation":[0.0,-6.4,0.0],"rotation":[0.0,0.0,0.0],"scale":[3.8095,3.8095,3.8095]},"gui":{"translation":[0.0,0.0,0.0],"rotation":[35.0,225.0,0.0],"scale":[0.625,0.625,0.625]}}}