{"file_name":"crystal","texture_size":[128,128],"textures":{"layer0":"manamodels/daza"},"elements":[{"name":"crystal_0","from":[6.5,6.5,6.5],"to":[9.5,9.5,9.5],"rotation":{"angle":-45.0,"axis":"y","origin":[8.0,8.0,8.0]},"faces":{"east":{"uv":[4.25,5.375,4.875,6.0],"texture":"#layer0","tintindex":0},"south":{"uv":[6.125,5.375,6.75,6.0],"texture":"#layer0","tintindex":0},"north":{"uv":[4.875,5.375,5.5,6.0],"texture":"#layer0","tintindex":0},"west":{"uv":[5.5,5.375,6.125,6.0],"texture":"#layer0","tintindex":0},"up":{"uv":[5.5,5.375,4.875,4.75],"texture":"#layer0","tintindex":0},"down":{"uv":[5.5,4.75,6.125,5.375],"texture":"#layer0","tintindex":0}}}],"display":{"head":{"translation":[0.0,-6.4,0.0],"rotation":[0.0,0.0,0.0],"scale":[3.8095,3.8095,3.8095]},"gui":{"translation":[0.0,0.0,0.0],"rotation":[35.0,225.0,0.0],"scale":[0.625,0.625,0.625]}}}