{"textures":{"0":"modelengine:custom/troll_warrior","particle":"modelengine:custom/troll_warrior"},"elements":[{"from":[3.0,8.5,4.5],"to":[13.0,11.5,4.5],"faces":{"south":{"uv":[5.9355,3.8145,5.3145,3.998],"tintindex":0,"rotation":0,"texture":"#0"},"north":{"uv":[5.3145,3.8145,5.9355,3.998],"tintindex":0,"rotation":0,"texture":"#0"}}},{"from":[13.0,8.5,4.5],"to":[13.0,11.5,8.5],"faces":{"east":{"uv":[1.498,6.502,1.252,6.6855],"tintindex":0,"rotation":0,"texture":"#0"},"west":{"uv":[1.252,6.502,1.498,6.6855],"tintindex":0,"rotation":0,"texture":"#0"}}},{"from":[3.0,3.499998,4.5],"to":[13.0,8.5,8.5],"faces":{"east":{"uv":[2.127,6.0645,2.373,6.373],"tintindex":0,"rotation":0,"texture":"#0"},"south":{"uv":[3.752,1.002,4.373,1.3105],"tintindex":0,"rotation":0,"texture":"#0"},"north":{"uv":[3.6895,0.627,4.3105,0.9355],"tintindex":0,"rotation":0,"texture":"#0"},"west":{"uv":[6.0645,3.1895,6.3105,3.498],"tintindex":0,"rotation":0,"texture":"#0"},"up":{"uv":[0.623,4.623,0.002,4.377],"tintindex":0,"rotation":0,"texture":"#0"},"down":{"uv":[4.998,0.502,4.377,0.748],"tintindex":0,"rotation":0,"texture":"#0"}}},{"from":[3.0,8.5,4.5],"to":[3.0,11.5,8.5],"faces":{"east":{"uv":[1.498,6.502,1.252,6.6855],"tintindex":0,"rotation":0,"texture":"#0"},"west":{"uv":[1.252,6.502,1.498,6.6855],"tintindex":0,"rotation":0,"texture":"#0"}}}],"display":{"gui":{"rotation":[30,225,0]}}}