{"credit":"Copyright ManaLabs Inc","texture_size":[32,32],"textures":{"1":"manalabs:crates/mythology/gandiva_bow","particle":"minecraft:block/dirt"},"elements":[{"from":[7,6.75,3.5],"to":[9,10.75,7.5],"rotation":{"angle":45,"axis":"x","origin":[8,9,5.5]},"faces":{"north":{"uv":[8,8.5,9,10.5],"texture":"#1"},"east":{"uv":[4,1,2,3],"texture":"#1"},"south":{"uv":[9,3.5,10,5.5],"texture":"#1"},"west":{"uv":[2,1,4,3],"texture":"#1"},"up":{"uv":[10,7.5,9,5.5],"texture":"#1"},"down":{"uv":[10,7.5,9,9.5],"texture":"#1"}}},{"from":[7.01,2.76,5.01],"to":[8.99,7.74,6.99],"rotation":{"angle":-22.5,"axis":"x","origin":[9,9,5.5]},"faces":{"north":{"uv":[6.5,1,7.5,3.5],"texture":"#1"},"east":{"uv":[6.5,3.5,7.5,6],"texture":"#1"},"south":{"uv":[6.5,6,7.5,8.5],"texture":"#1"},"west":{"uv":[7.5,1,8.5,3.5],"texture":"#1"},"up":{"uv":[13,2.5,12,1.5],"texture":"#1"},"down":{"uv":[13,2.5,12,3.5],"texture":"#1"}}},{"from":[7.49,-3.51,2.74],"to":[8.51,3.51,4.76],"rotation":{"angle":-45,"axis":"x","origin":[9.5,9,5.5]},"faces":{"north":{"uv":[3.5,10.5,4,14],"texture":"#1"},"east":{"uv":[4,1,5,4.5],"texture":"#1"},"south":{"uv":[4,10.5,4.5,14],"texture":"#1"},"west":{"uv":[4,4.5,5,8],"texture":"#1"},"up":{"uv":[9.5,1,9,0],"texture":"#1"},"down":{"uv":[12.5,12,12,13],"texture":"#1"}}},{"from":[7.99,-0.51,12.74],"to":[8.01,13.51,13.76],"rotation":{"angle":0,"axis":"y","origin":[10,9,5.5]},"faces":{"north":{"uv":[0,0,0,7],"texture":"#1"},"east":{"uv":[1,5,1.5,12],"texture":"#1"},"south":{"uv":[0,0,0,7],"texture":"#1"},"west":{"uv":[5,1,5.5,8],"texture":"#1"},"up":{"uv":[0,0.5,0,0],"texture":"#1"},"down":{"uv":[0,0,0,0.5],"texture":"#1"}}},{"from":[7.5,1.5,5.75],"to":[8.5,8.5,6.75],"rotation":{"angle":-45,"axis":"x","origin":[9.5,9,5.5]},"faces":{"north":{"uv":[4.5,10.5,5,14],"texture":"#1"},"east":{"uv":[5,10.5,5.5,14],"texture":"#1"},"south":{"uv":[5.5,10.5,6,14],"texture":"#1"},"west":{"uv":[6,10.5,6.5,14],"texture":"#1"},"up":{"uv":[4,8,3.5,7.5],"texture":"#1"},"down":{"uv":[9,8,8.5,8.5],"texture":"#1"}}},{"from":[7.51,-6.447,8.35029],"to":[8.49,2.533,9.33029],"rotation":{"angle":-22.5,"axis":"x","origin":[9.5,9.293,5.09029]},"faces":{"north":{"uv":[1.5,8.5,2,13],"texture":"#1"},"east":{"uv":[2,8.5,2.5,13],"texture":"#1"},"south":{"uv":[2.5,8.5,3,13],"texture":"#1"},"west":{"uv":[3,8.5,3.5,13],"texture":"#1"},"up":{"uv":[13.5,1,13,0.5],"texture":"#1"},"down":{"uv":[13.5,1,13,1.5],"texture":"#1"}}},{"from":[7.5,-0.5,14.75],"to":[8.5,3.5,16.75],"rotation":{"angle":22.5,"axis":"x","origin":[9.5,9,5.5]},"faces":{"north":{"uv":[12,3.5,12.5,5.5],"texture":"#1"},"east":{"uv":[9.5,0,10.5,2],"texture":"#1"},"south":{"uv":[12,5.5,12.5,7.5],"texture":"#1"},"west":{"uv":[9,9.5,10,11.5],"texture":"#1"},"up":{"uv":[13,4.5,12.5,3.5],"texture":"#1"},"down":{"uv":[13,4.5,12.5,5.5],"texture":"#1"}}},{"from":[7,14.25,3.5],"to":[9,18.25,7.5],"rotation":{"angle":-45,"axis":"x","origin":[8,16,5.5]},"faces":{"north":{"uv":[8,10.5,9,8.5],"texture":"#1"},"east":{"uv":[4,3,2,1],"texture":"#1"},"south":{"uv":[9,5.5,10,3.5],"texture":"#1"},"west":{"uv":[2,3,4,1],"texture":"#1"},"up":{"uv":[10,9.5,9,7.5],"texture":"#1"},"down":{"uv":[10,5.5,9,7.5],"texture":"#1"}}},{"from":[7.01,17.26,5.01],"to":[8.99,22.24,6.99],"rotation":{"angle":22.5,"axis":"x","origin":[9,16,5.5]},"faces":{"north":{"uv":[6.5,3.5,7.5,1],"texture":"#1"},"east":{"uv":[6.5,6,7.5,3.5],"texture":"#1"},"south":{"uv":[6.5,8.5,7.5,6],"texture":"#1"},"west":{"uv":[7.5,3.5,8.5,1],"texture":"#1"},"up":{"uv":[13,3.5,12,2.5],"texture":"#1"},"down":{"uv":[13,1.5,12,2.5],"texture":"#1"}}},{"from":[7.49,21.49,2.74],"to":[8.51,28.51,4.76],"rotation":{"angle":45,"axis":"x","origin":[9.5,16,5.5]},"faces":{"north":{"uv":[3.5,14,4,10.5],"texture":"#1"},"east":{"uv":[4,4.5,5,1],"texture":"#1"},"south":{"uv":[4,14,4.5,10.5],"texture":"#1"},"west":{"uv":[4,8,5,4.5],"texture":"#1"},"up":{"uv":[12.5,13,12,12],"texture":"#1"},"down":{"uv":[9.5,0,9,1],"texture":"#1"}}},{"from":[7.5,21.5,14.75],"to":[8.5,25.5,16.75],"rotation":{"angle":-22.5,"axis":"x","origin":[9.5,16,5.5]},"faces":{"north":{"uv":[12,5.5,12.5,3.5],"texture":"#1"},"east":{"uv":[9.5,2,10.5,0],"texture":"#1"},"south":{"uv":[12,7.5,12.5,5.5],"texture":"#1"},"west":{"uv":[9,11.5,10,9.5],"texture":"#1"},"up":{"uv":[13,5.5,12.5,4.5],"texture":"#1"},"down":{"uv":[13,3.5,12.5,4.5],"texture":"#1"}}},{"from":[7.5,16.5,5.75],"to":[8.5,23.5,6.75],"rotation":{"angle":45,"axis":"x","origin":[9.5,16,5.5]},"faces":{"north":{"uv":[4.5,14,5,10.5],"texture":"#1"},"east":{"uv":[5,14,5.5,10.5],"texture":"#1"},"south":{"uv":[5.5,14,6,10.5],"texture":"#1"},"west":{"uv":[6,14,6.5,10.5],"texture":"#1"},"up":{"uv":[9,8.5,8.5,8],"texture":"#1"},"down":{"uv":[4,7.5,3.5,8],"texture":"#1"}}},{"from":[7.51,22.467,8.35029],"to":[8.49,31.447,9.33029],"rotation":{"angle":22.5,"axis":"x","origin":[9.5,15.707,5.09029]},"faces":{"north":{"uv":[1.5,13,2,8.5],"texture":"#1"},"east":{"uv":[2,13,2.5,8.5],"texture":"#1"},"south":{"uv":[2.5,13,3,8.5],"texture":"#1"},"west":{"uv":[3,13,3.5,8.5],"texture":"#1"},"up":{"uv":[13.5,1.5,13,1],"texture":"#1"},"down":{"uv":[13.5,0.5,13,1],"texture":"#1"}}},{"from":[7.99,11.49,12.74],"to":[8.01,25.51,13.76],"rotation":{"angle":0,"axis":"y","origin":[10,16,5.5]},"faces":{"north":{"uv":[0,7,0,0],"texture":"#1"},"east":{"uv":[1,12,1.5,5],"texture":"#1"},"south":{"uv":[0,7,0,0],"texture":"#1"},"west":{"uv":[5,8,5.5,1],"texture":"#1"},"up":{"uv":[0,0.5,0,0],"texture":"#1"},"down":{"uv":[0,0,0,0.5],"texture":"#1"}}},{"from":[7.01,10.01,4.51],"to":[8.99,14.99,5.49],"rotation":{"angle":0,"axis":"y","origin":[8,9,5.5]},"faces":{"north":{"uv":[5.5,8,6.5,10.5],"texture":"#1"},"east":{"uv":[3.5,5,4,7.5],"texture":"#1"},"south":{"uv":[8.5,1,9.5,3.5],"texture":"#1"},"west":{"uv":[1,12,1.5,14.5],"texture":"#1"},"up":{"uv":[13.5,12,12.5,11.5],"texture":"#1"},"down":{"uv":[13.5,12,12.5,12.5],"texture":"#1"}}},{"from":[8,12,0.5],"to":[8,13,18.5],"rotation":{"angle":0,"axis":"y","origin":[8.5,12.5,7]},"faces":{"north":{"uv":[0,0,0,0.5],"texture":"#1"},"east":{"uv":[0,0,9,0.5],"texture":"#1"},"south":{"uv":[0,0,0,0.5],"texture":"#1"},"west":{"uv":[0,0.5,9,1],"texture":"#1"},"up":{"uv":[0,9,0,0],"texture":"#1"},"down":{"uv":[0,0,0,9],"texture":"#1"}}},{"from":[7.15,13,17.5],"to":[9.15,13,20.5],"rotation":{"angle":-45,"axis":"z","origin":[7.5,13,7]},"faces":{"north":{"uv":[0,0,1,0],"texture":"#1"},"east":{"uv":[0,0,1.5,0],"texture":"#1"},"south":{"uv":[0,0,1,0],"texture":"#1"},"west":{"uv":[0,0,1.5,0],"texture":"#1"},"up":{"uv":[13,1.5,12,0],"texture":"#1"},"down":{"uv":[13,0,12,1.5],"texture":"#1"}}},{"from":[6.85,13,17.5],"to":[8.85,13,20.5],"rotation":{"angle":45,"axis":"z","origin":[8.5,13,7]},"faces":{"north":{"uv":[1,0,0,0],"texture":"#1"},"east":{"uv":[1.5,0,0,0],"texture":"#1"},"south":{"uv":[1,0,0,0],"texture":"#1"},"west":{"uv":[1.5,0,0,0],"texture":"#1"},"up":{"uv":[12,1.5,13,0],"texture":"#1"},"down":{"uv":[12,0,13,1.5],"texture":"#1"}}},{"from":[7.5,12,-0.5],"to":[8.5,13,2.5],"rotation":{"angle":45,"axis":"z","origin":[8,12.5,1]},"faces":{"north":{"uv":[2.5,13,3,13.5],"texture":"#1"},"east":{"uv":[12,10,13.5,10.5],"texture":"#1"},"south":{"uv":[13,2.5,13.5,3],"texture":"#1"},"west":{"uv":[12,10,13.5,10.5],"texture":"#1"},"up":{"uv":[10,3.5,9.5,2],"texture":"#1"},"down":{"uv":[12,10.5,13.5,10],"rotation":90,"texture":"#1"}}},{"from":[7.01,9.01,6.51],"to":[8.99,15.99,7.49],"rotation":{"angle":0,"axis":"y","origin":[8,9,5.5]},"faces":{"north":{"uv":[5.5,1,6.5,4.5],"texture":"#1"},"east":{"uv":[11.5,3.5,12,7],"texture":"#1"},"south":{"uv":[5.5,4.5,6.5,8],"texture":"#1"},"west":{"uv":[11.5,7,12,10.5],"texture":"#1"},"up":{"uv":[13.5,13,12.5,12.5],"texture":"#1"},"down":{"uv":[14,0,13,0.5],"texture":"#1"}}}],"display":{"thirdperson_righthand":{"translation":[0,-6,0.75]},"thirdperson_lefthand":{"translation":[0,-6,0.75]},"firstperson_righthand":{"translation":[0,4.75,0],"scale":[0.6,0.6,0.6]},"firstperson_lefthand":{"translation":[0,4.75,0],"scale":[0.6,0.6,0.6]},"ground":{"rotation":[18,0,0],"translation":[0,6.25,-2],"scale":[0.7,0.7,0.7]},"gui":{"rotation":[90,45,-90],"translation":[-4,0.25,0],"scale":[0.6,0.6,0.6]},"fixed":{"rotation":[0,93,0]}},"groups":[{"name":"root","origin":[8,8,8],"color":0,"children":[0,1,2,3,4,5,6,7,8,9,10,11,12,13,14,15,16,17,18,19]}]}