{"file_name":"tail","texture_size":[64,64],"textures":{"layer0":"manamodels/otter"},"elements":[{"name":"tail_0","from":[6.8599997,6.238112,7.7749457],"to":[9.139999,8.518112,11.854946],"rotation":{"angle":0.0,"axis":"z","origin":[8.0,8.0,8.0]},"faces":{"east":{"uv":[6.75,1.75,8.5,2.75],"texture":"#layer0","tintindex":0},"south":{"uv":[8.0,5.5,9.0,6.5],"texture":"#layer0","tintindex":0},"north":{"uv":[8.0,4.25,9.0,5.25],"texture":"#layer0","tintindex":0},"west":{"uv":[6.75,3.0,8.5,4.0],"texture":"#layer0","tintindex":0},"up":{"uv":[7.75,6.0,6.75,4.25],"texture":"#layer0","tintindex":0},"down":{"uv":[6.75,6.25,7.75,8.0],"texture":"#layer0","tintindex":0}}},{"name":"tail_1","from":[7.1,6.48125,10.895954],"to":[8.9,8.28125,13.295954],"rotation":{"angle":0.0,"axis":"z","origin":[8.0,8.0,8.0]},"faces":{"east":{"uv":[9.75,1.5,10.75,2.25],"texture":"#layer0","tintindex":0},"south":{"uv":[10.25,2.5,11.0,3.25],"texture":"#layer0","tintindex":0},"north":{"uv":[10.0,6.75,10.75,7.5],"texture":"#layer0","tintindex":0},"west":{"uv":[1.75,9.75,2.75,10.5],"texture":"#layer0","tintindex":0},"up":{"uv":[3.75,10.75,3.0,9.75],"texture":"#layer0","tintindex":0},"down":{"uv":[6.0,9.75,6.75,10.75],"texture":"#layer0","tintindex":0}}}],"display":{"head":{"translation":[0.0,-6.4,0.0],"rotation":[0.0,0.0,0.0],"scale":[3.8095,3.8095,3.8095]},"gui":{"translation":[0.0,0.0,0.0],"rotation":[35.0,225.0,0.0],"scale":[0.625,0.625,0.625]}}}