{"file_name":"head","texture_size":[64,64],"textures":{"layer0":"manamodels/snorlax"},"elements":[{"name":"head_0","from":[2.6,7.7,3.9499998],"to":[13.400001,14.45,12.05],"rotation":{"angle":0.0,"axis":"z","origin":[8.0,8.0,8.0]},"faces":{"east":{"uv":[0.0,7.0,1.5,8.25],"texture":"#layer0","tintindex":0},"south":{"uv":[6.0,2.75,8.0,4.0],"texture":"#layer0","tintindex":0},"north":{"uv":[6.0,1.5,8.0,2.75],"texture":"#layer0","tintindex":0},"west":{"uv":[1.5,7.0,3.0,8.25],"texture":"#layer0","tintindex":0},"up":{"uv":[2.0,7.0,0.0,5.5],"texture":"#layer0","tintindex":0},"down":{"uv":[6.0,0.0,8.0,1.5],"texture":"#layer0","tintindex":0}}},{"name":"head_1","from":[9.35,14.45,6.6499996],"to":[12.05,17.150002,9.35],"rotation":{"angle":0.0,"axis":"z","origin":[8.0,8.0,8.0]},"faces":{"east":{"uv":[6.5,9.25,7.0,9.75],"texture":"#layer0","tintindex":0},"south":{"uv":[7.5,9.25,8.0,9.75],"texture":"#layer0","tintindex":0},"north":{"uv":[6.0,9.25,6.5,9.75],"texture":"#layer0","tintindex":0},"west":{"uv":[8.0,9.25,8.5,9.75],"texture":"#layer0","tintindex":0},"up":{"uv":[9.75,9.5,9.25,9.0],"texture":"#layer0","tintindex":0},"down":{"uv":[9.5,0.0,10.0,0.5],"texture":"#layer0","tintindex":0}}},{"name":"head_2","from":[3.9499998,14.45,6.6499996],"to":[6.6499996,17.150002,9.35],"rotation":{"angle":0.0,"axis":"z","origin":[8.0,8.0,8.0]},"faces":{"east":{"uv":[3.5,9.25,4.0,9.75],"texture":"#layer0","tintindex":0},"south":{"uv":[4.0,9.25,4.5,9.75],"texture":"#layer0","tintindex":0},"north":{"uv":[7.0,4.0,7.5,4.5],"texture":"#layer0","tintindex":0},"west":{"uv":[4.5,9.25,5.0,9.75],"texture":"#layer0","tintindex":0},"up":{"uv":[5.5,9.75,5.0,9.25],"texture":"#layer0","tintindex":0},"down":{"uv":[5.5,9.25,6.0,9.75],"texture":"#layer0","tintindex":0}}}],"display":{"head":{"translation":[0.0,-6.4,0.0],"rotation":[0.0,0.0,0.0],"scale":[3.8095,3.8095,3.8095]},"gui":{"translation":[0.0,0.0,0.0],"rotation":[35.0,225.0,0.0],"scale":[0.625,0.625,0.625]}}}