{"file_name":"rightleg","texture_size":[64,64],"textures":{"layer0":"manamodels/snorlax"},"elements":[{"name":"rightleg_0","from":[6.2375,5.3,5.75],"to":[10.2875,10.700001,11.15],"rotation":{"angle":0.0,"axis":"z","origin":[8.0,8.0,8.0]},"faces":{"east":{"uv":[0.0,8.25,1.0,9.25],"texture":"#layer0","tintindex":0},"south":{"uv":[9.0,2.0,9.75,3.0],"texture":"#layer0","tintindex":0},"north":{"uv":[9.0,1.0,9.75,2.0],"texture":"#layer0","tintindex":0},"west":{"uv":[1.0,8.25,2.0,9.25],"texture":"#layer0","tintindex":0},"up":{"uv":[9.75,4.0,9.0,3.0],"texture":"#layer0","tintindex":0},"down":{"uv":[9.0,4.0,9.75,5.0],"texture":"#layer0","tintindex":0}}},{"name":"rightleg_1","from":[5.5625,4.7,11.15],"to":[10.9625,11.45,13.85],"rotation":{"angle":0.0,"axis":"z","origin":[8.0,8.0,8.0]},"faces":{"east":{"uv":[7.0,8.25,7.5,9.5],"texture":"#layer0","tintindex":0},"south":{"uv":[8.0,1.0,9.0,2.25],"texture":"#layer0","tintindex":0},"north":{"uv":[2.0,5.5,3.0,6.75],"texture":"#layer0","tintindex":0},"west":{"uv":[0.0,9.25,0.5,10.5],"texture":"#layer0","tintindex":0},"up":{"uv":[7.0,4.5,6.0,4.0],"texture":"#layer0","tintindex":0},"down":{"uv":[8.0,3.5,9.0,4.0],"texture":"#layer0","tintindex":0}}},{"name":"rightleg_2","from":[7.5875,11.45,12.5],"to":[8.9375,12.8,13.85],"rotation":{"angle":0.0,"axis":"z","origin":[8.0,8.0,8.0]},"faces":{"east":{"uv":[2.25,6.75,2.5,7.0],"texture":"#layer0","tintindex":0},"south":{"uv":[2.5,6.75,2.75,7.0],"texture":"#layer0","tintindex":0},"north":{"uv":[2.0,6.75,2.25,7.0],"texture":"#layer0","tintindex":0},"west":{"uv":[2.75,6.75,3.0,7.0],"texture":"#layer0","tintindex":0},"up":{"uv":[9.75,0.75,9.5,0.5],"texture":"#layer0","tintindex":0},"down":{"uv":[9.5,0.75,9.75,1.0],"texture":"#layer0","tintindex":0}}},{"name":"rightleg_3","from":[9.6125,11.45,12.837501],"to":[10.625,12.462501,13.85],"rotation":{"angle":0.0,"axis":"z","origin":[8.0,8.0,8.0]},"faces":{"east":{"uv":[9.5,9.5,9.75,9.75],"texture":"#layer0","tintindex":0},"south":{"uv":[9.75,0.5,10.0,0.75],"texture":"#layer0","tintindex":0},"north":{"uv":[9.25,9.5,9.5,9.75],"texture":"#layer0","tintindex":0},"west":{"uv":[9.75,0.75,10.0,1.0],"texture":"#layer0","tintindex":0},"up":{"uv":[10.0,1.25,9.75,1.0],"texture":"#layer0","tintindex":0},"down":{"uv":[9.75,1.25,10.0,1.5],"texture":"#layer0","tintindex":0}}},{"name":"rightleg_4","from":[5.8999996,11.45,12.837501],"to":[6.9125,12.462501,13.85],"rotation":{"angle":0.0,"axis":"z","origin":[8.0,8.0,8.0]},"faces":{"east":{"uv":[9.75,2.25,10.0,2.5],"texture":"#layer0","tintindex":0},"south":{"uv":[2.5,9.75,2.75,10.0],"texture":"#layer0","tintindex":0},"north":{"uv":[2.25,9.75,2.5,10.0],"texture":"#layer0","tintindex":0},"west":{"uv":[9.75,2.5,10.0,2.75],"texture":"#layer0","tintindex":0},"up":{"uv":[3.0,10.0,2.75,9.75],"texture":"#layer0","tintindex":0},"down":{"uv":[9.75,2.75,10.0,3.0],"texture":"#layer0","tintindex":0}}}],"display":{"head":{"translation":[0.0,-6.4,0.0],"rotation":[0.0,0.0,0.0],"scale":[3.8095,3.8095,3.8095]},"gui":{"translation":[0.0,0.0,0.0],"rotation":[35.0,225.0,0.0],"scale":[0.625,0.625,0.625]}}}