{"file_name":"rightarm","texture_size":[64,64],"textures":{"layer0":"manamodels/snorlax"},"elements":[{"name":"rightarm_0","from":[-0.10000038,5.675,5.6375],"to":[8.0,10.4,10.3625],"rotation":{"angle":0.0,"axis":"z","origin":[8.0,8.0,8.0]},"faces":{"east":{"uv":[4.0,8.25,4.875,9.125],"texture":"#layer0","tintindex":0},"south":{"uv":[4.5,7.25,6.0,8.125],"texture":"#layer0","tintindex":0},"north":{"uv":[3.0,7.25,4.5,8.125],"texture":"#layer0","tintindex":0},"west":{"uv":[5.0,8.25,5.875,9.125],"texture":"#layer0","tintindex":0},"up":{"uv":[7.5,8.125,6.0,7.25],"texture":"#layer0","tintindex":0},"down":{"uv":[7.5,4.0,9.0,4.875],"texture":"#layer0","tintindex":0}}},{"name":"rightarm_1","from":[-0.77500033,8.8475,5.7349997],"to":[-0.10000038,9.9275,6.8149996],"rotation":{"angle":0.0,"axis":"z","origin":[8.0,8.0,8.0]},"faces":{"east":{"uv":[3.75,9.75,4.0,10.0],"texture":"#layer0","tintindex":0},"south":{"uv":[9.75,5.25,9.875,5.5],"texture":"#layer0","tintindex":0},"north":{"uv":[5.25,9.75,5.375,10.0],"texture":"#layer0","tintindex":0},"west":{"uv":[9.75,3.75,10.0,4.0],"texture":"#layer0","tintindex":0},"up":{"uv":[5.625,10.0,5.5,9.75],"texture":"#layer0","tintindex":0},"down":{"uv":[9.75,5.5,9.875,5.75],"texture":"#layer0","tintindex":0}}},{"name":"rightarm_2","from":[-0.77500033,8.8475,7.46],"to":[-0.10000038,9.9275,8.54],"rotation":{"angle":0.0,"axis":"z","origin":[8.0,8.0,8.0]},"faces":{"east":{"uv":[4.75,9.75,5.0,10.0],"texture":"#layer0","tintindex":0},"south":{"uv":[9.75,7.25,9.875,7.5],"texture":"#layer0","tintindex":0},"north":{"uv":[7.25,9.75,7.375,10.0],"texture":"#layer0","tintindex":0},"west":{"uv":[9.75,4.75,10.0,5.0],"texture":"#layer0","tintindex":0},"up":{"uv":[7.625,10.0,7.5,9.75],"texture":"#layer0","tintindex":0},"down":{"uv":[9.75,7.5,9.875,7.75],"texture":"#layer0","tintindex":0}}},{"name":"rightarm_3","from":[-0.77500033,8.8475,9.185],"to":[-0.10000038,9.9275,10.265],"rotation":{"angle":0.0,"axis":"z","origin":[8.0,8.0,8.0]},"faces":{"east":{"uv":[4.25,9.75,4.5,10.0],"texture":"#layer0","tintindex":0},"south":{"uv":[9.75,6.25,9.875,6.5],"texture":"#layer0","tintindex":0},"north":{"uv":[6.25,9.75,6.375,10.0],"texture":"#layer0","tintindex":0},"west":{"uv":[9.75,4.25,10.0,4.5],"texture":"#layer0","tintindex":0},"up":{"uv":[6.625,10.0,6.5,9.75],"texture":"#layer0","tintindex":0},"down":{"uv":[9.75,6.5,9.875,6.75],"texture":"#layer0","tintindex":0}}}],"display":{"head":{"translation":[0.0,-6.4,0.0],"rotation":[0.0,0.0,0.0],"scale":[3.8095,3.8095,3.8095]},"gui":{"translation":[0.0,0.0,0.0],"rotation":[35.0,225.0,0.0],"scale":[0.625,0.625,0.625]}}}