{"file_name":"stomach","texture_size":[64,64],"textures":{"layer0":"manamodels/snorlax"},"elements":[{"name":"stomach_0","from":[-0.10000038,12.08,1.9249997],"to":[16.1,26.93,14.075],"rotation":{"angle":0.0,"axis":"z","origin":[8.0,8.0,8.0]},"faces":{"east":{"uv":[3.0,4.5,5.25,7.25],"texture":"#layer0","tintindex":0},"south":{"uv":[0.0,2.75,3.0,5.5],"texture":"#layer0","tintindex":0},"north":{"uv":[0.0,0.0,3.0,2.75],"texture":"#layer0","tintindex":0},"west":{"uv":[5.25,4.5,7.5,7.25],"texture":"#layer0","tintindex":0},"up":{"uv":[6.0,2.25,3.0,0.0],"texture":"#layer0","tintindex":0},"down":{"uv":[3.0,2.25,6.0,4.5],"texture":"#layer0","tintindex":0}}}],"display":{"head":{"translation":[0.0,-6.4,0.0],"rotation":[0.0,0.0,0.0],"scale":[3.8095,3.8095,3.8095]},"gui":{"translation":[0.0,0.0,0.0],"rotation":[35.0,225.0,0.0],"scale":[0.625,0.625,0.625]}}}