{"textures":{"0":"modelengine:custom/giant_squid","particle":"modelengine:custom/giant_squid"},"elements":[{"from":[5.43566,18.625,5.5],"to":[10.435659,24.125,10.5],"faces":{"east":{"uv":[8.875,5.0,10.125,6.375],"tintindex":0,"rotation":0,"texture":"#0"},"south":{"uv":[8.875,5.0,10.125,6.375],"tintindex":0,"rotation":0,"texture":"#0"},"north":{"uv":[8.875,5.0,10.125,6.375],"tintindex":0,"rotation":0,"texture":"#0"},"west":{"uv":[8.875,5.0,10.125,6.375],"tintindex":0,"rotation":0,"texture":"#0"},"up":{"uv":[6.0,4.75,4.75,3.5],"tintindex":0,"rotation":0,"texture":"#0"},"down":{"uv":[7.75,9.0,6.5,10.25],"tintindex":0,"rotation":0,"texture":"#0"}}}],"display":{"gui":{"rotation":[30,225,0]}}}