{"file_name":"leg3","texture_size":[64,64],"textures":{"layer0":"manamodels/capybara"},"elements":[{"name":"leg3_0","from":[7.106,6.2060003,7.106],"to":[8.894,8.594,8.894],"rotation":{"angle":0.0,"axis":"z","origin":[8.0,8.0,8.0]},"faces":{"east":{"uv":[6.5,7.0,5.75,8.0],"texture":"#layer0","tintindex":0},"south":{"uv":[5.0,7.0,5.75,8.0],"texture":"#layer0","tintindex":0},"north":{"uv":[3.5,7.0,4.25,8.0],"texture":"#layer0","tintindex":0},"west":{"uv":[5.75,7.0,6.5,8.0],"texture":"#layer0","tintindex":0},"up":{"uv":[6.5,8.75,5.75,8.0],"texture":"#layer0","tintindex":0},"down":{"uv":[6.5,8.0,7.25,8.75],"texture":"#layer0","tintindex":0}}}],"display":{"head":{"translation":[0.0,-6.4,0.0],"rotation":[0.0,0.0,0.0],"scale":[3.8095,3.8095,3.8095]},"gui":{"translation":[0.0,0.0,0.0],"rotation":[35.0,225.0,0.0],"scale":[0.625,0.625,0.625]}}}