{"credit":"Copyright ManaLabs Inc","texture_size":[64,64],"textures":{"0":"manalabs:crates/avatar/air_shield","particle":"manalabs:crates/avatar/air_shield"},"elements":[{"from":[1,-2,7],"to":[15,20,9],"rotation":{"angle":0,"axis":"y","origin":[7,4,7]},"faces":{"north":{"uv":[0,0,3.5,5.5],"texture":"#0"},"east":{"uv":[0,5.5,0.5,11],"texture":"#0"},"south":{"uv":[3.5,0,7,5.5],"texture":"#0"},"west":{"uv":[0.5,5.5,1,11],"texture":"#0"},"up":{"uv":[10.5,0.5,7,0],"texture":"#0"},"down":{"uv":[10.5,0.5,7,1],"texture":"#0"}}},{"from":[-1,-4,5.5],"to":[17,22,5.5],"rotation":{"angle":0,"axis":"y","origin":[7,4,5.5]},"faces":{"north":{"uv":[11.5,9.5,16,16],"texture":"#0"},"east":{"uv":[0,5.5,0,12],"texture":"#0"},"south":{"uv":[11.5,9.5,16,16],"texture":"#0"},"west":{"uv":[0.5,5.5,0.5,12],"texture":"#0"},"up":{"uv":[11.5,0,7,0],"texture":"#0"},"down":{"uv":[11.5,0.5,7,0.5],"texture":"#0"}}},{"from":[7,6,9],"to":[9,12,13],"rotation":{"angle":0,"axis":"z","origin":[13,8,11]},"faces":{"north":{"uv":[8,8.5,9.5,9],"rotation":90,"texture":"#0"},"east":{"uv":[8.5,4,7,5],"rotation":270,"texture":"#0"},"south":{"uv":[8.5,8,10,8.5],"rotation":270,"texture":"#0"},"west":{"uv":[8.5,5,7,4],"rotation":270,"texture":"#0"},"up":{"uv":[10,9.25,11,9.75],"rotation":270,"texture":"#0"},"down":{"uv":[10.5,5.5,11.5,6],"rotation":270,"texture":"#0"}}},{"from":[0,4,6.5],"to":[2,15,9.5],"rotation":{"angle":0,"axis":"y","origin":[8,4,7.5]},"faces":{"north":{"uv":[4,8,4.5,10.75],"texture":"#0"},"east":{"uv":[3.25,5.5,4,8.25],"texture":"#0"},"south":{"uv":[4.5,8,4,10.75],"texture":"#0"},"west":{"uv":[3.25,5.5,4,8.25],"texture":"#0"},"up":{"uv":[6.25,11.25,5.75,10.5],"texture":"#0"},"down":{"uv":[11,6,10.5,6.75],"texture":"#0"}}},{"from":[14,4,6.5],"to":[16,15,9.5],"rotation":{"angle":0,"axis":"y","origin":[8,4,7.5]},"faces":{"north":{"uv":[4.5,8,4,10.75],"texture":"#0"},"east":{"uv":[4,5.5,3.25,8.25],"texture":"#0"},"south":{"uv":[4,8,4.5,10.75],"texture":"#0"},"west":{"uv":[4,5.5,3.25,8.25],"texture":"#0"},"up":{"uv":[5.75,11.25,6.25,10.5],"texture":"#0"},"down":{"uv":[10.5,6,11,6.75],"texture":"#0"}}},{"from":[4.65685,-3.24264,6.5],"to":[6.65685,6.75736,9.5],"rotation":{"angle":45,"axis":"z","origin":[5.65685,-0.24264,8]},"faces":{"north":{"uv":[5,8,5.5,10.5],"texture":"#0"},"east":{"uv":[4.75,5.5,5.5,8],"texture":"#0"},"south":{"uv":[5.5,8,5,10.5],"texture":"#0"},"west":{"uv":[4.75,5.5,5.5,8],"texture":"#0"},"up":{"uv":[8.5,11.25,8,10.5],"texture":"#0"},"down":{"uv":[9,10.5,8.5,11.25],"texture":"#0"}}},{"from":[6.5,-3.24264,6],"to":[9.5,-0.24264,10],"rotation":{"angle":0,"axis":"y","origin":[6.5,-3.24264,9.5]},"faces":{"north":{"uv":[2.75,10,3.5,10.75],"texture":"#0"},"east":{"uv":[1,8.75,2,9.5],"texture":"#0"},"south":{"uv":[3.5,10,2.75,10.75],"texture":"#0"},"west":{"uv":[2,8.75,3,9.5],"texture":"#0"},"up":{"uv":[7.25,9.75,6.5,8.75],"texture":"#0"},"down":{"uv":[8,8.75,7.25,9.75],"texture":"#0"}}},{"from":[6.5,16.75736,6],"to":[9.5,19.75736,10],"rotation":{"angle":0,"axis":"y","origin":[6.5,16.75736,9.5]},"faces":{"north":{"uv":[2.75,10,3.5,10.75],"texture":"#0"},"east":{"uv":[1,8.75,2,9.5],"texture":"#0"},"south":{"uv":[2.75,10,3.5,10.75],"texture":"#0"},"west":{"uv":[2,8.75,3,9.5],"texture":"#0"},"up":{"uv":[7.25,9.75,6.5,8.75],"texture":"#0"},"down":{"uv":[8,8.75,7.25,9.75],"texture":"#0"}}},{"from":[-0.5,2.75736,6],"to":[2.5,5.75736,10],"rotation":{"angle":0,"axis":"y","origin":[2.5,2.75736,9.5]},"faces":{"north":{"uv":[1.75,10.25,2.5,11],"texture":"#0"},"east":{"uv":[3,9.25,4,10],"texture":"#0"},"south":{"uv":[2.5,10.25,1.75,11],"texture":"#0"},"west":{"uv":[9.25,3,10.25,3.75],"texture":"#0"},"up":{"uv":[10,8,9.25,7],"texture":"#0"},"down":{"uv":[1.75,9.5,1,10.5],"texture":"#0"}}},{"from":[6.5,-3.24264,6],"to":[9.5,-0.24264,10],"rotation":{"angle":0,"axis":"y","origin":[9.5,-3.24264,9.5]},"faces":{"north":{"uv":[3.5,10,2.75,10.75],"texture":"#0"},"east":{"uv":[3,8.75,2,9.5],"texture":"#0"},"south":{"uv":[2.75,10,3.5,10.75],"texture":"#0"},"west":{"uv":[2,8.75,1,9.5],"texture":"#0"},"up":{"uv":[6.5,9.75,7.25,8.75],"texture":"#0"},"down":{"uv":[7.25,8.75,8,9.75],"texture":"#0"}}},{"from":[9.34315,-3.24264,6.5],"to":[11.34315,6.75736,9.5],"rotation":{"angle":-45,"axis":"z","origin":[10.34315,-0.24264,8]},"faces":{"north":{"uv":[5.5,8,5,10.5],"texture":"#0"},"east":{"uv":[5.5,5.5,4.75,8],"texture":"#0"},"south":{"uv":[5,8,5.5,10.5],"texture":"#0"},"west":{"uv":[5.5,5.5,4.75,8],"texture":"#0"},"up":{"uv":[8,11.25,8.5,10.5],"texture":"#0"},"down":{"uv":[8.5,10.5,9,11.25],"texture":"#0"}}},{"from":[6.5,-3.24264,6],"to":[9.5,-0.24264,10],"rotation":{"angle":0,"axis":"y","origin":[9.5,-3.24264,9.5]},"faces":{"north":{"uv":[3.5,10,2.75,10.75],"texture":"#0"},"east":{"uv":[3,8.75,2,9.5],"texture":"#0"},"south":{"uv":[2.75,10,3.5,10.75],"texture":"#0"},"west":{"uv":[2,8.75,1,9.5],"texture":"#0"},"up":{"uv":[6.5,9.75,7.25,8.75],"texture":"#0"},"down":{"uv":[7.25,8.75,8,9.75],"texture":"#0"}}},{"from":[13.5,2.75736,6],"to":[16.5,5.75736,10],"rotation":{"angle":0,"axis":"y","origin":[13.5,2.75736,9.5]},"faces":{"north":{"uv":[2.5,10.25,1.75,11],"texture":"#0"},"east":{"uv":[10.25,3,9.25,3.75],"texture":"#0"},"south":{"uv":[1.75,10.25,2.5,11],"texture":"#0"},"west":{"uv":[4,9.25,3,10],"texture":"#0"},"up":{"uv":[9.25,8,10,7],"texture":"#0"},"down":{"uv":[1,9.5,1.75,10.5],"texture":"#0"}}},{"from":[6.5,-3.24264,6],"to":[9.5,-0.24264,10],"rotation":{"angle":0,"axis":"y","origin":[6.5,-3.24264,9.5]},"faces":{"north":{"uv":[2.75,10,3.5,10.75],"texture":"#0"},"east":{"uv":[1,8.75,2,9.5],"texture":"#0"},"south":{"uv":[3.5,10,2.75,10.75],"texture":"#0"},"west":{"uv":[2,8.75,3,9.5],"texture":"#0"},"up":{"uv":[7.25,9.75,6.5,8.75],"texture":"#0"},"down":{"uv":[8,8.75,7.25,9.75],"texture":"#0"}}},{"from":[-0.5,13.75736,6],"to":[2.5,16.75736,10],"rotation":{"angle":0,"axis":"y","origin":[2.5,13.75736,9.5]},"faces":{"north":{"uv":[1.75,10.25,2.5,11],"texture":"#0"},"east":{"uv":[3,9.25,4,10],"texture":"#0"},"south":{"uv":[2.5,10.25,1.75,11],"texture":"#0"},"west":{"uv":[9.25,3,10.25,3.75],"texture":"#0"},"up":{"uv":[10,8,9.25,7],"texture":"#0"},"down":{"uv":[1.75,9.5,1,10.5],"texture":"#0"}}},{"from":[13.5,13.75736,6],"to":[16.5,16.75736,10],"rotation":{"angle":0,"axis":"y","origin":[13.5,13.75736,9.5]},"faces":{"north":{"uv":[2.5,10.25,1.75,11],"texture":"#0"},"east":{"uv":[10.25,3,9.25,3.75],"texture":"#0"},"south":{"uv":[1.75,10.25,2.5,11],"texture":"#0"},"west":{"uv":[4,9.25,3,10],"texture":"#0"},"up":{"uv":[9.25,8,10,7],"texture":"#0"},"down":{"uv":[1,9.5,1.75,10.5],"texture":"#0"}}},{"from":[-0.34315,16.75736,6.5],"to":[8.65685,18.75736,9.5],"rotation":{"angle":22.5,"axis":"z","origin":[6.65685,17.75736,8]},"faces":{"north":{"uv":[8.5,4.5,10.75,5],"texture":"#0"},"east":{"uv":[10.75,1.75,11.5,2.25],"texture":"#0"},"south":{"uv":[10.75,4.5,8.5,5],"texture":"#0"},"west":{"uv":[2.5,10.75,3.25,11.25],"texture":"#0"},"up":{"uv":[9.25,3.25,7,2.5],"texture":"#0"},"down":{"uv":[9.25,3.25,7,2.5],"texture":"#0"}}},{"from":[7.34315,16.75736,6.5],"to":[16.34315,18.75736,9.5],"rotation":{"angle":-22.5,"axis":"z","origin":[9.34315,17.75736,8]},"faces":{"north":{"uv":[10.75,4.5,8.5,5],"texture":"#0"},"east":{"uv":[3.25,10.75,2.5,11.25],"texture":"#0"},"south":{"uv":[8.5,4.5,10.75,5],"texture":"#0"},"west":{"uv":[11.5,1.75,10.75,2.25],"texture":"#0"},"up":{"uv":[7,3.25,9.25,2.5],"texture":"#0"},"down":{"uv":[7,3.25,9.25,2.5],"texture":"#0"}}}],"gui_light":"front","display":{"thirdperson_righthand":{"rotation":[15,-54,0],"translation":[3.25,-3,0],"scale":[0.85,0.85,0.85]},"thirdperson_lefthand":{"rotation":[15,-54,0],"translation":[3.25,-3,0],"scale":[0.85,0.85,0.85]},"firstperson_righthand":{"translation":[0,2.2,1.13],"scale":[0.5,0.5,0.5]},"firstperson_lefthand":{"translation":[0,2.2,1.13],"scale":[0.5,0.5,0.5]},"ground":{"rotation":[32,31,0],"translation":[0,4.5,0],"scale":[0.5,0.5,0.5]},"gui":{"rotation":[11,-159,0],"scale":[0.65,0.65,0.65]},"head":{"rotation":[0,180,0],"translation":[0,-16.75,7]}},"groups":[{"name":"root","origin":[8,8,8],"color":0,"children":[0,1,2,3,4,5,6,7,8,9,10,11,12,13,14,15,16,17]}]}