{"credit":"Copyright ManaLabs Inc","texture_size":[64,64],"textures":{"0":"manalabs:crates/avatar/earth_pickaxe","particle":"manalabs:crates/avatar/earth_pickaxe"},"elements":[{"from":[6.5,10,6.5],"to":[9.5,20,9.5],"rotation":{"angle":45,"axis":"y","origin":[8,16,8]},"faces":{"north":{"uv":[1.5,5,0.75,7.5],"texture":"#0"},"east":{"uv":[0.75,5,1.5,7.5],"texture":"#0"},"south":{"uv":[1.5,5,0.75,7.5],"texture":"#0"},"west":{"uv":[0.75,5,1.5,7.5],"texture":"#0"},"up":{"uv":[7.5,4,6.75,3.25],"texture":"#0"},"down":{"uv":[5.25,8.75,4.5,9.5],"texture":"#0"}}},{"from":[5.5,-7,5.5],"to":[10.5,-3,10.5],"rotation":{"angle":0,"axis":"y","origin":[7.5,-5,7.5]},"faces":{"north":{"uv":[5.25,6.75,6.5,7.75],"texture":"#0"},"east":{"uv":[5.25,6.75,6.5,7.75],"texture":"#0"},"south":{"uv":[5.25,6.75,6.5,7.75],"texture":"#0"},"west":{"uv":[5.25,6.75,6.5,7.75],"texture":"#0"},"up":{"uv":[6.5,6,5.25,4.75],"texture":"#0"},"down":{"uv":[6.75,2.75,5.5,4],"texture":"#0"}}},{"from":[6.5,-3,6.5],"to":[9.5,8,9.5],"rotation":{"angle":0,"axis":"y","origin":[7.5,1,7.5]},"faces":{"north":{"uv":[3.75,4.75,4.5,7.5],"texture":"#0"},"east":{"uv":[3.75,4.75,4.5,7.5],"texture":"#0"},"south":{"uv":[3.75,4.75,4.5,7.5],"texture":"#0"},"west":{"uv":[3.75,4.75,4.5,7.5],"texture":"#0"},"up":{"uv":[6,9.5,5.25,8.75],"texture":"#0"},"down":{"uv":[6.75,8.75,6,9.5],"texture":"#0"}}},{"from":[5.5,8,5.5],"to":[10.5,10,10.5],"rotation":{"angle":0,"axis":"y","origin":[8,9,8]},"faces":{"north":{"uv":[7,2,8.25,2.5],"texture":"#0"},"east":{"uv":[7,2,8.25,2.5],"texture":"#0"},"south":{"uv":[7,2,8.25,2.5],"texture":"#0"},"west":{"uv":[7,2,8.25,2.5],"texture":"#0"},"up":{"uv":[7,1.25,5.75,0],"texture":"#0"},"down":{"uv":[7,1.25,5.75,2.5],"texture":"#0"}}},{"from":[4.5,16.75,5.5],"to":[11.5,23.75,10.5],"rotation":{"angle":0,"axis":"y","origin":[6.5,19.75,7.5]},"faces":{"north":{"uv":[0,0,1.75,1.75],"texture":"#0"},"east":{"uv":[3.75,0,5,1.75],"texture":"#0"},"south":{"uv":[0,0,1.75,1.75],"texture":"#0"},"west":{"uv":[3.75,1.75,5,3.5],"texture":"#0"},"up":{"uv":[3.75,5,2,3.75],"texture":"#0"},"down":{"uv":[5.5,3.5,3.75,4.75],"texture":"#0"}}},{"from":[10.25,15.5,6.5],"to":[18.25,20.5,9.5],"rotation":{"angle":-22.5,"axis":"z","origin":[15.25,19.5,8]},"faces":{"north":{"uv":[1.75,0,3.75,1.25],"texture":"#0"},"east":{"uv":[0,7.75,0.75,9],"texture":"#0"},"south":{"uv":[3.75,0,1.75,1.25],"texture":"#0"},"west":{"uv":[7,7.75,7.75,9],"texture":"#0"},"up":{"uv":[7.5,4.75,5.5,4],"texture":"#0"},"down":{"uv":[7.25,6,5.25,6.75],"texture":"#0"}}},{"from":[13.26,18.51,6.01],"to":[18.24,21.49,9.99],"rotation":{"angle":-22.5,"axis":"z","origin":[15.25,19.5,7.5]},"faces":{"north":{"uv":[7.75,7.5,9,8.25],"texture":"#0"},"east":{"uv":[1.5,8.5,2.5,9.25],"texture":"#0"},"south":{"uv":[9,7.5,7.75,8.25],"texture":"#0"},"west":{"uv":[2.5,8.5,3.5,9.25],"texture":"#0"},"up":{"uv":[8.5,6.5,7.25,5.5],"texture":"#0"},"down":{"uv":[2,7.5,0.75,8.5],"texture":"#0"}}},{"from":[18.25,15.5,7],"to":[23.25,19.5,9],"rotation":{"angle":-22.5,"axis":"z","origin":[15.25,19.5,7.5]},"faces":{"north":{"uv":[7.5,3.25,8.75,4.25],"texture":"#0"},"east":{"uv":[9,7.25,9.5,8.25],"texture":"#0"},"south":{"uv":[8.75,3.25,7.5,4.25],"texture":"#0"},"west":{"uv":[1.5,9.25,2,10.25],"texture":"#0"},"up":{"uv":[9.75,8.75,8.5,8.25],"texture":"#0"},"down":{"uv":[10,2.25,8.75,2.75],"texture":"#0"}}},{"from":[20.53955,13.29809,6.99],"to":[23.55955,16.31809,9.01],"rotation":{"angle":22.5,"axis":"z","origin":[22.54955,14.30809,8]},"faces":{"north":{"uv":[8.5,8.75,9.25,9.5],"texture":"#0"},"east":{"uv":[5,2.75,5.5,3.5],"texture":"#0"},"south":{"uv":[9.25,8.75,8.5,9.5],"texture":"#0"},"west":{"uv":[3,9.25,3.5,10],"texture":"#0"},"up":{"uv":[7.25,6,6.5,5.5],"texture":"#0"},"down":{"uv":[8.25,4.25,7.5,4.75],"texture":"#0"}}},{"from":[-2.25,15.5,6.5],"to":[5.75,20.5,9.5],"rotation":{"angle":22.5,"axis":"z","origin":[0.75,19.5,8]},"faces":{"north":{"uv":[3.75,0,1.75,1.25],"texture":"#0"},"east":{"uv":[7.75,7.75,7,9],"texture":"#0"},"south":{"uv":[1.75,0,3.75,1.25],"texture":"#0"},"west":{"uv":[0.75,7.75,0,9],"texture":"#0"},"up":{"uv":[5.5,4.75,7.5,4],"texture":"#0"},"down":{"uv":[5.25,6,7.25,6.75],"texture":"#0"}}},{"from":[-7.25,15.5,7],"to":[-2.25,19.5,9],"rotation":{"angle":22.5,"axis":"z","origin":[0.75,19.5,7.5]},"faces":{"north":{"uv":[8.75,3.25,7.5,4.25],"texture":"#0"},"east":{"uv":[2,9.25,1.5,10.25],"texture":"#0"},"south":{"uv":[7.5,3.25,8.75,4.25],"texture":"#0"},"west":{"uv":[9.5,7.25,9,8.25],"texture":"#0"},"up":{"uv":[8.5,8.75,9.75,8.25],"texture":"#0"},"down":{"uv":[8.75,2.25,10,2.75],"texture":"#0"}}},{"from":[-7.55955,13.29809,6.99],"to":[-4.53955,16.31809,9.01],"rotation":{"angle":-22.5,"axis":"z","origin":[-6.54955,14.30809,8]},"faces":{"north":{"uv":[9.25,8.75,8.5,9.5],"texture":"#0"},"east":{"uv":[3.5,9.25,3,10],"texture":"#0"},"south":{"uv":[8.5,8.75,9.25,9.5],"texture":"#0"},"west":{"uv":[5.5,2.75,5,3.5],"texture":"#0"},"up":{"uv":[6.5,6,7.25,5.5],"texture":"#0"},"down":{"uv":[7.5,4.25,8.25,4.75],"texture":"#0"}}},{"from":[-2.24,18.51,6.01],"to":[2.74,21.49,9.99],"rotation":{"angle":22.5,"axis":"z","origin":[0.75,19.5,7.5]},"faces":{"north":{"uv":[9,7.5,7.75,8.25],"texture":"#0"},"east":{"uv":[3.5,8.5,2.5,9.25],"texture":"#0"},"south":{"uv":[7.75,7.5,9,8.25],"texture":"#0"},"west":{"uv":[2.5,8.5,1.5,9.25],"texture":"#0"},"up":{"uv":[7.25,6.5,8.5,5.5],"texture":"#0"},"down":{"uv":[0.75,7.5,2,8.5],"texture":"#0"}}}],"gui_light":"front","display":{"thirdperson_righthand":{"rotation":[0,90,0],"translation":[0.25,0.75,2.5],"scale":[0.55,0.55,0.55]},"thirdperson_lefthand":{"rotation":[0,90,0],"translation":[0.25,0.75,2.5],"scale":[0.55,0.55,0.55]},"firstperson_righthand":{"rotation":[20,-64,25],"translation":[1.13,1.45,-1.62],"scale":[0.48,0.48,0.48]},"firstperson_lefthand":{"rotation":[20,-64,25],"translation":[1.13,1.45,-1.62],"scale":[0.48,0.48,0.48]},"ground":{"rotation":[39,0,0],"translation":[0,5.75,0],"scale":[0.5,0.5,0.5]},"gui":{"rotation":[-23.52,-25.75,-53.97],"translation":[-0.5,-1,0],"scale":[0.55,0.55,0.55]},"head":{"rotation":[180,0,-120.5],"translation":[0,-18.5,4.25],"scale":[0.7,0.7,0.7]},"fixed":{"rotation":[0,180,0]}},"groups":[{"name":"root","origin":[8,8,8],"color":0,"children":[0,1,2,3,4,5,6,7,8,9,10,11,12]}]}