{"display":{"thirdperson_righthand":{"rotation":[75,45,0],"translation":[0,2.5,0],"scale":[0.375,0.375,0.375]},"thirdperson_lefthand":{"rotation":[75,45,0],"translation":[0,2.5,0],"scale":[0.375,0.375,0.375]},"firstperson_righthand":{"rotation":[0,125,0],"translation":[2.25,0,0],"scale":[0.4,0.4,0.4]},"firstperson_lefthand":{"rotation":[0,125,0],"translation":[2.25,0,0],"scale":[0.4,0.4,0.4]},"ground":{"translation":[0,3,0],"scale":[0.25,0.25,0.25]},"gui":{"rotation":[30,153,0],"translation":[0,-3,0],"scale":[0.625,0.625,0.625]},"head":{"translation":[0,-30.5,0],"scale":[1.4,1.4,1.4]},"fixed":{"translation":[0,-3.75,-2],"scale":[0.8,0.8,0.8]}},"texture_size":[64,64],"textures":{"0":"crates/medieval_crate/sword_in_stone","particle":"crates/medieval_crate/sword_in_stone"},"elements":[{"from":[4,0,4],"to":[12,10,11],"rotation":{"angle":0,"axis":"y","origin":[7,0,0]},"faces":{"north":{"uv":[0,0,2,2.5],"texture":"#0"},"east":{"uv":[1.75,0,0,2.5],"texture":"#0"},"south":{"uv":[0,0,2,2.5],"texture":"#0"},"west":{"uv":[1.75,0,0,2.5],"texture":"#0"},"up":{"uv":[5.5,4.25,3.5,2.5],"texture":"#0"},"down":{"uv":[6,0,4,1.75],"texture":"#0"}}},{"from":[6,10,7],"to":[10,20,8],"rotation":{"angle":0,"axis":"y","origin":[6.5,2,0]},"faces":{"north":{"uv":[3.5,6,4.5,8.5],"texture":"#0"},"east":{"uv":[4.5,6,4.75,8.5],"texture":"#0"},"south":{"uv":[3.5,6,4.5,8.5],"texture":"#0"},"west":{"uv":[4.75,6,5,8.5],"texture":"#0"},"up":{"uv":[7,1.75,6,1.5],"texture":"#0"},"down":{"uv":[8.25,3,7.25,3.25],"texture":"#0"}}},{"from":[7,21,7],"to":[9,26,8],"rotation":{"angle":0,"axis":"y","origin":[6.5,2,0]},"faces":{"north":{"uv":[2.75,6.5,3.25,7.75],"texture":"#0"},"east":{"uv":[5,6,5.25,7.25],"texture":"#0"},"south":{"uv":[1.25,6.75,1.75,8],"texture":"#0"},"west":{"uv":[3.25,6.5,3.5,7.75],"texture":"#0"},"up":{"uv":[8.5,3,8,2.75],"texture":"#0"},"down":{"uv":[8,8,7.5,8.25],"texture":"#0"}}},{"from":[4.5,19,6.5],"to":[11.5,21,8.5],"rotation":{"angle":0,"axis":"y","origin":[7,2,0]},"faces":{"north":{"uv":[7,6.25,8.75,6.75],"texture":"#0"},"east":{"uv":[1.25,8,1.75,8.5],"texture":"#0"},"south":{"uv":[7,6.75,8.75,7.25],"texture":"#0"},"west":{"uv":[8,1.75,8.5,2.25],"texture":"#0"},"up":{"uv":[9,0.5,7.25,0],"texture":"#0"},"down":{"uv":[9,0.5,7.25,1],"texture":"#0"}}},{"from":[6.5,25,6.5],"to":[9.5,27,8.5],"rotation":{"angle":0,"axis":"y","origin":[7,2,0]},"faces":{"north":{"uv":[7.25,2.5,8,3],"texture":"#0"},"east":{"uv":[8,2.25,8.5,2.75],"texture":"#0"},"south":{"uv":[5,7.25,5.75,7.75],"texture":"#0"},"west":{"uv":[7,8,7.5,8.5],"texture":"#0"},"up":{"uv":[6.5,7.75,5.75,7.25],"texture":"#0"},"down":{"uv":[7.25,7.25,6.5,7.75],"texture":"#0"}}},{"from":[10.51,19.01,5.51],"to":[13.49,20.99,8.49],"rotation":{"angle":45,"axis":"y","origin":[13,20,7.5]},"faces":{"north":{"uv":[12.5,8.75,13.25,9.25],"texture":"#0"},"east":{"uv":[9.5,8,10.25,8.5],"texture":"#0"},"south":{"uv":[8,9.25,8.75,9.75],"texture":"#0"},"west":{"uv":[10.25,8,11,8.5],"texture":"#0"},"up":{"uv":[11,10,10.25,9.25],"texture":"#0"},"down":{"uv":[11.75,9.25,11,10],"texture":"#0"}}},{"from":[2.51,19.01,5.51],"to":[5.49,20.99,8.49],"rotation":{"angle":-45,"axis":"y","origin":[3,20,7.5]},"faces":{"north":{"uv":[13.25,8.75,12.5,9.25],"texture":"#0"},"east":{"uv":[11,8,10.25,8.5],"texture":"#0"},"south":{"uv":[8.75,9.25,8,9.75],"texture":"#0"},"west":{"uv":[10.25,8,9.5,8.5],"texture":"#0"},"up":{"uv":[10.25,10,11,9.25],"texture":"#0"},"down":{"uv":[11,9.25,11.75,10],"texture":"#0"}}},{"from":[8,0,2],"to":[15,6,9],"rotation":{"angle":0,"axis":"y","origin":[7,0,0]},"faces":{"north":{"uv":[1.75,5,3.5,6.5],"texture":"#0"},"east":{"uv":[5.25,4.25,7,5.75],"texture":"#0"},"south":{"uv":[5.5,1.75,7.25,3.25],"texture":"#0"},"west":{"uv":[5.25,5.75,7,7.25],"texture":"#0"},"up":{"uv":[5.25,6,3.5,4.25],"texture":"#0"},"down":{"uv":[1.75,5,0,6.75],"texture":"#0"}}},{"from":[2,0,8],"to":[7,4,14],"rotation":{"angle":0,"axis":"y","origin":[7,0,0]},"faces":{"north":{"uv":[7,4.25,8.25,5.25],"texture":"#0"},"east":{"uv":[5.5,3.25,7,4.25],"texture":"#0"},"south":{"uv":[7,5.25,8.25,6.25],"texture":"#0"},"west":{"uv":[7,3.25,8.5,4.25],"texture":"#0"},"up":{"uv":[7.25,1.5,6,0],"texture":"#0"},"down":{"uv":[1.25,6.75,0,8.25],"texture":"#0"}}}]}