{"display":{"thirdperson_righthand":{"rotation":[67,0,0],"translation":[0,2.75,1.5],"scale":[1.1,1.1,1.1]},"thirdperson_lefthand":{"rotation":[67,0,0],"translation":[0,2.75,1.5],"scale":[1.1,1.1,1.1]},"firstperson_righthand":{"rotation":[0,-6,0],"translation":[0,3,2.25],"scale":[0.5,0.5,0.5]},"firstperson_lefthand":{"rotation":[0,-6,0],"translation":[-0.25,3,2.25],"scale":[0.5,0.5,0.5]},"ground":{"translation":[0,3,0],"scale":[0.25,0.25,0.25]},"gui":{"rotation":[30,-144,0],"translation":[0.5,0.25,0],"scale":[0.625,0.625,0.625]},"fixed":{"translation":[0,2.25,-3.5],"scale":[0.8,0.8,0.8]}},"texture_size":[64,64],"textures":{"0":"crates/medieval_crate/templar_shield","particle":"crates/medieval_crate/templar_shield"},"elements":[{"from":[1,5,9],"to":[15,15,10],"faces":{"north":{"uv":[0,0,3.5,2.5],"texture":"#0"},"east":{"uv":[6.5,5,6.75,7.5],"texture":"#0"},"south":{"uv":[0,2.5,3.5,5],"texture":"#0"},"west":{"uv":[3,6.75,3.25,9.25],"texture":"#0"},"up":{"uv":[8.5,5,5,4.75],"texture":"#0"},"down":{"uv":[6.5,6.5,3,6.75],"texture":"#0"}}},{"from":[5,6,10],"to":[11,7,14],"faces":{"north":{"uv":[6.5,3.5,8,3.75],"texture":"#0"},"east":{"uv":[6.5,4.5,7.5,4.75],"texture":"#0"},"south":{"uv":[6.5,3.75,8,4],"texture":"#0"},"west":{"uv":[3.75,6.75,4.75,7],"texture":"#0"},"up":{"uv":[8,1,6.5,0],"texture":"#0"},"down":{"uv":[8,1,6.5,2],"texture":"#0"}}},{"from":[5,-3,9],"to":[11,5,10],"faces":{"north":{"uv":[1.5,5,3,7],"texture":"#0"},"east":{"uv":[3.25,6.75,3.5,8.75],"texture":"#0"},"south":{"uv":[5,2.5,6.5,4.5],"texture":"#0"},"west":{"uv":[3.5,6.75,3.75,8.75],"texture":"#0"},"up":{"uv":[8,4.25,6.5,4],"texture":"#0"},"down":{"uv":[8,4.25,6.5,4.5],"texture":"#0"}}},{"from":[5,-6,9.25],"to":[11,-3,9.25],"faces":{"north":{"uv":[6.5,2,8,2.75],"texture":"#0"},"east":{"uv":[0,0,0,0.75],"texture":"#0"},"south":{"uv":[6.5,2,8,2.75],"texture":"#0"},"west":{"uv":[0,0,0,0.75],"texture":"#0"},"up":{"uv":[1.5,0,0,0],"texture":"#0"},"down":{"uv":[1.5,0,0,0],"texture":"#0"}}},{"from":[5,-6,9.45],"to":[11,-3,9.45],"faces":{"north":{"uv":[6.5,8.625,8,9.375],"texture":"#0"},"east":{"uv":[0,6.625,0,7.375],"texture":"#0"},"south":{"uv":[6.5,8.625,8,9.375],"texture":"#0"},"west":{"uv":[0,6.625,0,7.375],"texture":"#0"},"up":{"uv":[1.5,6.625,0,6.625],"texture":"#0"},"down":{"uv":[1.5,6.625,0,6.625],"texture":"#0"}}},{"from":[1,15,9.25],"to":[15,18,9.25],"rotation":{"angle":0,"axis":"y","origin":[11.75,1,9.5]},"faces":{"north":{"uv":[3,5,6.5,5.75],"texture":"#0"},"east":{"uv":[0,0,0,0.75],"texture":"#0"},"south":{"uv":[3,5,6.5,5.75],"texture":"#0"},"west":{"uv":[0,0,0,0.75],"texture":"#0"},"up":{"uv":[3.5,0,0,0],"texture":"#0"},"down":{"uv":[3.5,0,0,0],"texture":"#0"}}},{"from":[1,15,9.5],"to":[15,18,9.5],"rotation":{"angle":0,"axis":"y","origin":[11.75,1,9.5]},"faces":{"north":{"uv":[6.75,5,10.25,5.75],"texture":"#0"},"east":{"uv":[3.75,0,3.75,0.75],"texture":"#0"},"south":{"uv":[6.75,5,10.25,5.75],"texture":"#0"},"west":{"uv":[3.75,0,3.75,0.75],"texture":"#0"},"up":{"uv":[7.25,0,3.75,0],"texture":"#0"},"down":{"uv":[7.25,0,3.75,0],"texture":"#0"}}},{"from":[2.75,-4,9.25],"to":[8.75,6,9.25],"rotation":{"angle":22.5,"axis":"z","origin":[4,1,9.5]},"faces":{"north":{"uv":[0,5,1.5,7.5],"texture":"#0"},"east":{"uv":[0,0,0,2.5],"texture":"#0"},"south":{"uv":[3.5,0,5,2.5],"texture":"#0"},"west":{"uv":[0,0,0,2.5],"texture":"#0"},"up":{"uv":[1.5,0,0,0],"texture":"#0"},"down":{"uv":[1.5,0,0,0],"texture":"#0"}}},{"from":[2.75,-4,9.45],"to":[8.75,6,9.45],"rotation":{"angle":22.5,"axis":"z","origin":[4,1,9.5]},"faces":{"north":{"uv":[0,5,1.5,7.5],"texture":"#0"},"east":{"uv":[0,0,0,2.5],"texture":"#0"},"south":{"uv":[9.75,7.875,11.25,10.375],"texture":"#0"},"west":{"uv":[0,0,0,2.5],"texture":"#0"},"up":{"uv":[1.5,0,0,0],"texture":"#0"},"down":{"uv":[1.5,0,0,0],"texture":"#0"}}},{"from":[7.25,-4,9.45],"to":[13.25,6,9.45],"rotation":{"angle":-22.5,"axis":"z","origin":[12,1,9.5]},"faces":{"north":{"uv":[1.5,5,0,7.5],"texture":"#0"},"east":{"uv":[0,0,0,2.5],"texture":"#0"},"south":{"uv":[11.25,7.875,9.75,10.375],"texture":"#0"},"west":{"uv":[0,0,0,2.5],"texture":"#0"},"up":{"uv":[0,0,1.5,0],"texture":"#0"},"down":{"uv":[0,0,1.5,0],"texture":"#0"}}},{"from":[7.25,-4,9.25],"to":[13.25,6,9.25],"rotation":{"angle":-22.5,"axis":"z","origin":[12,1,9.5]},"faces":{"north":{"uv":[1.5,5,0,7.5],"texture":"#0"},"east":{"uv":[0,0,0,2.5],"texture":"#0"},"south":{"uv":[5,0,3.5,2.5],"texture":"#0"},"west":{"uv":[0,0,0,2.5],"texture":"#0"},"up":{"uv":[0,0,1.5,0],"texture":"#0"},"down":{"uv":[0,0,1.5,0],"texture":"#0"}}}]}