{"display":{"thirdperson_righthand":{"rotation":[75,45,0],"translation":[0,2.5,0],"scale":[0.375,0.375,0.375]},"thirdperson_lefthand":{"rotation":[75,45,0],"translation":[0,2.5,0],"scale":[0.375,0.375,0.375]},"firstperson_righthand":{"rotation":[0,106,0],"scale":[0.4,0.4,0.4]},"firstperson_lefthand":{"rotation":[0,106,0],"scale":[0.4,0.4,0.4]},"ground":{"translation":[0,3,0],"scale":[0.25,0.25,0.25]},"gui":{"rotation":[30,225,0],"translation":[1.5,-1.25,0],"scale":[0.325,0.325,0.325]},"head":{"translation":[0,-3.5,-1.5],"scale":[1.6,1.6,1.6]},"fixed":{"translation":[0,-32,-13],"scale":[2,2,2]}},"texture_size":[64,64],"textures":{"1":"crates/medieval_crate/wall_flag_1","particle":"crates/medieval_crate/wall_flag_1"},"elements":[{"from":[-0.5,26.37006,16.95711],"to":[16.5,28.37006,18.95711],"rotation":{"angle":-45,"axis":"x","origin":[8,25.37006,12.20711]},"faces":{"north":{"uv":[7.5,0,11.75,0.5],"texture":"#1"},"east":{"uv":[8.75,5.75,9.25,6.25],"texture":"#1"},"south":{"uv":[7.5,0,11.75,0.5],"texture":"#1"},"west":{"uv":[8.75,6.25,9.25,6.75],"texture":"#1"},"up":{"uv":[11.75,1.5,7.5,1],"texture":"#1"},"down":{"uv":[11.75,1,7.5,1.5],"texture":"#1"}}},{"from":[0.5,25.87006,16.45711],"to":[2.5,28.87006,19.45711],"rotation":{"angle":-45,"axis":"x","origin":[8,25.37006,12.20711]},"faces":{"north":{"uv":[8.5,2,9,2.75],"texture":"#1"},"east":{"uv":[7.5,6.5,8.25,7.25],"texture":"#1"},"south":{"uv":[8.5,2.75,9,2],"texture":"#1"},"west":{"uv":[7.5,7.25,8.25,8],"texture":"#1"},"up":{"uv":[9,4.25,8.5,3.5],"texture":"#1"},"down":{"uv":[9,4.25,8.5,3.5],"texture":"#1"}}},{"from":[13.5,25.87006,16.45711],"to":[15.5,28.87006,19.45711],"rotation":{"angle":-45,"axis":"x","origin":[8,25.37006,12.20711]},"faces":{"north":{"uv":[9,2,8.5,2.75],"texture":"#1"},"east":{"uv":[8.25,7.25,7.5,8],"texture":"#1"},"south":{"uv":[9,2.75,8.5,2],"texture":"#1"},"west":{"uv":[8.25,6.5,7.5,7.25],"texture":"#1"},"up":{"uv":[8.5,4.25,9,3.5],"texture":"#1"},"down":{"uv":[8.5,4.25,9,3.5],"texture":"#1"}}},{"from":[6,25.87006,16.45711],"to":[10,28.87006,19.45711],"rotation":{"angle":-45,"axis":"x","origin":[14.5,25.37006,12.20711]},"faces":{"north":{"uv":[7.5,2,8.5,2.75],"texture":"#1"},"east":{"uv":[7.5,8,8.25,8.75],"texture":"#1"},"south":{"uv":[7.5,2.75,8.5,2],"texture":"#1"},"west":{"uv":[8.25,5,9,5.75],"texture":"#1"},"up":{"uv":[8.5,4.25,7.5,3.5],"texture":"#1"},"down":{"uv":[8.5,4.25,7.5,3.5],"texture":"#1"}}},{"from":[0.5,-16,14.95711],"to":[15.5,32,14.95711],"rotation":{"angle":0,"axis":"y","origin":[8,25.37006,12.20711]},"faces":{"north":{"uv":[0,0,3.75,12],"texture":"#1"},"east":{"uv":[0,0,0,12],"texture":"#1"},"south":{"uv":[0,0,3.75,12],"texture":"#1"},"west":{"uv":[0,0,0,12],"texture":"#1"},"up":{"uv":[3.75,0,0,0],"texture":"#1"},"down":{"uv":[3.75,0,0,0],"texture":"#1"}}}]}