{"textures":{"0":"modelengine:custom/tortoise","particle":"modelengine:custom/tortoise"},"elements":[{"from":[8.225,-4.0,6.0],"to":[14.225,4.0,12.0],"faces":{"east":{"uv":[4.5,8.625,5.25,9.625],"tintindex":0,"rotation":0,"texture":"#0"},"south":{"uv":[8.625,4.625,9.375,5.625],"tintindex":0,"rotation":0,"texture":"#0"},"north":{"uv":[3.75,8.625,4.5,9.625],"tintindex":0,"rotation":0,"texture":"#0"},"west":{"uv":[8.625,5.625,9.375,6.625],"tintindex":0,"rotation":0,"texture":"#0"},"up":{"uv":[10.125,3.625,9.375,2.875],"tintindex":0,"rotation":0,"texture":"#0"},"down":{"uv":[10.125,3.625,9.375,4.375],"tintindex":0,"rotation":0,"texture":"#0"}}}],"display":{"gui":{"rotation":[30,225,0]}}}