{"file_name":"backleg_left","texture_size":[128,128],"textures":{"layer0":"manamodels/rhino"},"elements":[{"name":"backleg_left_0","from":[6.5,-0.40000033,6.5],"to":[9.5,9.2,9.5],"rotation":{"angle":0.0,"axis":"z","origin":[8.0,8.0,8.0]},"faces":{"east":{"uv":[9.75,5.5,10.375,7.5],"texture":"#layer0","tintindex":0},"south":{"uv":[2.5,10.0,3.125,12.0],"texture":"#layer0","tintindex":0},"north":{"uv":[9.75,3.5,10.375,5.5],"texture":"#layer0","tintindex":0},"west":{"uv":[3.125,10.0,3.75,12.0],"texture":"#layer0","tintindex":0},"up":{"uv":[11.0,4.125,10.375,3.5],"texture":"#layer0","tintindex":0},"down":{"uv":[10.375,4.125,11.0,4.75],"texture":"#layer0","tintindex":0}}}],"display":{"head":{"translation":[0.0,-6.4,0.0],"rotation":[0.0,0.0,0.0],"scale":[3.8095,3.8095,3.8095]},"gui":{"translation":[0.0,0.0,0.0],"rotation":[35.0,225.0,0.0],"scale":[0.625,0.625,0.625]}}}