{"file_name":"ear_right","texture_size":[128,128],"textures":{"layer0":"manamodels/rhino"},"elements":[{"name":"ear_right_0","from":[7.01048,7.079048,8.219372],"to":[8.81048,10.679049,8.819372],"rotation":{"angle":0.0,"axis":"z","origin":[8.0,8.0,8.0]},"faces":{"east":{"uv":[6.625,3.25,6.75,4.0],"texture":"#layer0","tintindex":0},"south":{"uv":[10.375,6.0,10.75,6.75],"texture":"#layer0","tintindex":0},"north":{"uv":[2.5,9.0,2.875,9.75],"texture":"#layer0","tintindex":0},"west":{"uv":[8.375,5.0,8.5,5.75],"texture":"#layer0","tintindex":0},"up":{"uv":[7.125,6.125,6.75,6.0],"texture":"#layer0","tintindex":0},"down":{"uv":[6.75,6.125,7.125,6.25],"texture":"#layer0","tintindex":0}}}],"display":{"head":{"translation":[0.0,-6.4,0.0],"rotation":[0.0,0.0,0.0],"scale":[3.8095,3.8095,3.8095]},"gui":{"translation":[0.0,0.0,0.0],"rotation":[35.0,225.0,0.0],"scale":[0.625,0.625,0.625]}}}