{"textures":{"0":"modelengine:custom/goblin","1":"modelengine:custom/goblin_staff","particle":"modelengine:custom/goblin"},"elements":[{"from":[7.645062,3.8636227,7.1352253],"to":[10.1450615,6.8636227,10.135225],"faces":{"east":{"uv":[2.0,8.75,2.75,9.5],"tintindex":0,"rotation":0,"texture":"#0"},"south":{"uv":[2.75,8.75,3.5,9.5],"tintindex":0,"rotation":0,"texture":"#0"},"north":{"uv":[1.25,8.75,2.0,9.5],"tintindex":0,"rotation":0,"texture":"#0"},"west":{"uv":[4.25,8.75,5.0,9.5],"tintindex":0,"rotation":0,"texture":"#0"},"up":{"uv":[9.5,5.25,8.75,4.5],"tintindex":0,"rotation":0,"texture":"#0"},"down":{"uv":[9.5,5.25,8.75,6.0],"tintindex":0,"rotation":0,"texture":"#0"}}},{"from":[5.9,7.5,6.0],"to":[9.9,9.5,11.0],"faces":{"east":{"uv":[9.25,5.25,8.0,5.75],"tintindex":0,"rotation":0,"texture":"#1"},"south":{"uv":[7.75,8.5,6.75,9.0],"tintindex":0,"rotation":0,"texture":"#1"},"north":{"uv":[9.5,2.5,8.5,3.0],"tintindex":0,"rotation":0,"texture":"#1"},"west":{"uv":[9.25,3.25,8.0,3.75],"tintindex":0,"rotation":0,"texture":"#1"},"up":{"uv":[4.75,6.25,5.75,5.0],"tintindex":0,"rotation":0,"texture":"#1"},"down":{"uv":[5.25,2.75,6.25,4.0],"tintindex":0,"rotation":0,"texture":"#1"}},"rotation":{"origin":[10.0,8.5,8.5],"angle":45.0,"axis":"z"}},{"from":[5.665076,7.32929,5.9],"to":[9.865076,10.529289,11.1],"faces":{"east":{"uv":[7.5,2.5,6.25,3.25],"tintindex":0,"rotation":0,"texture":"#1"},"south":{"uv":[3.25,7.75,2.25,8.5],"tintindex":0,"rotation":0,"texture":"#1"},"north":{"uv":[8.5,2.5,7.5,3.25],"tintindex":0,"rotation":0,"texture":"#1"},"west":{"uv":[3.25,6.25,2.0,7.0],"tintindex":0,"rotation":0,"texture":"#1"},"up":{"uv":[2.75,6.25,3.75,5.0],"tintindex":0,"rotation":0,"texture":"#1"},"down":{"uv":[3.75,5.0,4.75,6.25],"tintindex":0,"rotation":0,"texture":"#1"}},"rotation":{"origin":[8.515076,8.42929,8.5],"angle":22.5,"axis":"z"}},{"from":[6.5450625,5.7636228,6.5352254],"to":[9.745062,9.963623,10.735226],"faces":{"east":{"uv":[4.25,7.75,5.25,8.75],"tintindex":0,"rotation":0,"texture":"#0"},"south":{"uv":[8.25,6.0,9.0,7.0],"tintindex":0,"rotation":0,"texture":"#0"},"north":{"uv":[8.25,3.5,9.0,4.5],"tintindex":0,"rotation":0,"texture":"#0"},"west":{"uv":[7.75,7.0,8.75,8.0],"tintindex":0,"rotation":0,"texture":"#0"},"up":{"uv":[7.5,9.5,6.75,8.5],"tintindex":0,"rotation":0,"texture":"#0"},"down":{"uv":[8.25,8.5,7.5,9.5],"tintindex":0,"rotation":0,"texture":"#0"}},"rotation":{"origin":[8.6450615,7.8636227,8.135225],"angle":22.5,"axis":"z"}}],"display":{"gui":{"rotation":[30,225,0]}}}