{"display":{"thirdperson_righthand":{"rotation":[90,180,0],"translation":[-2.5,-2,1.25],"scale":[0.9,1,1]},"thirdperson_lefthand":{"rotation":[90,0,0],"translation":[-2.5,-2,1.25],"scale":[0.9,1,1]},"firstperson_righthand":{"rotation":[112,-94,0],"translation":[1,0,0],"scale":[0.7,0.7,0.7]},"firstperson_lefthand":{"rotation":[112,94,0],"translation":[1,0,0],"scale":[0.7,0.7,0.7]},"ground":{"rotation":[0,0,-57],"translation":[0,-0.75,0],"scale":[0.7,0.7,0.7]},"gui":{"rotation":[25,145,-36],"translation":[-4,-1,0],"scale":[1.2,1.2,1.2]},"head":{"translation":[0,-31,0],"scale":[1.6,1.6,1.6]},"fixed":{"translation":[6.25,0,-1.25],"scale":[2,2,2]}},"texture_size":[32,32],"textures":{"0":"crates/retro/knuckles","particle":"crates/retro/knuckles"},"elements":[{"from":[2.5,9.5,5.5],"to":[7.5,11.5,10.5],"rotation":{"angle":0,"axis":"y","origin":[6.5,0,6.5]},"faces":{"north":{"uv":[7.5,8.5,10,9.5],"texture":"#0"},"east":{"uv":[7,5,9.5,6],"texture":"#0"},"south":{"uv":[10,8.5,7.5,9.5],"texture":"#0"},"west":{"uv":[5,8.5,7.5,9.5],"texture":"#0"},"up":{"uv":[9.5,5,7,2.5],"rotation":90,"texture":"#0"},"down":{"uv":[2.5,8.5,0,11],"rotation":270,"texture":"#0"}}},{"from":[1.5,4.5,4.5],"to":[7.5,9.5,11.5],"rotation":{"angle":0,"axis":"y","origin":[6.5,0,6.5]},"faces":{"north":{"uv":[0,6,3,8.5],"texture":"#0"},"east":{"uv":[0,3.5,3.5,6],"texture":"#0"},"south":{"uv":[3,6,0,8.5],"texture":"#0"},"west":{"uv":[3.5,3.5,7,6],"texture":"#0"},"up":{"uv":[3,3.5,0,0],"texture":"#0"},"down":{"uv":[6,0,3,3.5],"texture":"#0"}}},{"from":[0,5.5,4.75],"to":[2,7.5,5.25],"rotation":{"angle":0,"axis":"y","origin":[6.5,0,6.5]},"faces":{"north":{"uv":[5,15,6,16],"texture":"#0"},"east":{"uv":[7.25,15,7.5,16],"texture":"#0"},"south":{"uv":[6,15,5,16],"texture":"#0"},"west":{"uv":[6.25,15,6.5,16],"texture":"#0"},"up":{"uv":[4.5,15.25,3.5,15.5],"texture":"#0"},"down":{"uv":[5,14.5,4,14.75],"texture":"#0"}}},{"from":[0,5.5,8],"to":[2,7.5,8.5],"rotation":{"angle":0,"axis":"y","origin":[6.5,0,6.5]},"faces":{"north":{"uv":[5,15,6,16],"texture":"#0"},"east":{"uv":[7.25,15,7.5,16],"texture":"#0"},"south":{"uv":[6,15,5,16],"texture":"#0"},"west":{"uv":[6.25,15,6.5,16],"texture":"#0"},"up":{"uv":[4.5,15.25,3.5,15.5],"texture":"#0"},"down":{"uv":[5,14.5,4,14.75],"texture":"#0"}}},{"from":[0,5.5,10.75],"to":[2,7.5,11.25],"rotation":{"angle":0,"axis":"y","origin":[6.5,0,6.5]},"faces":{"north":{"uv":[5,15,6,16],"texture":"#0"},"east":{"uv":[7.25,15,7.5,16],"texture":"#0"},"south":{"uv":[6,15,5,16],"texture":"#0"},"west":{"uv":[6.25,15,6.5,16],"texture":"#0"},"up":{"uv":[4.5,15.25,3.5,15.5],"texture":"#0"},"down":{"uv":[5,14.5,4,14.75],"texture":"#0"}}},{"from":[-0.5,5.5,4.875],"to":[0,7.5,5.125],"faces":{"north":{"uv":[3,7.5,3.25,8.5],"texture":"#0"},"east":{"uv":[3,7.5,3.125,8.5],"texture":"#0"},"south":{"uv":[3,7.5,3.25,8.5],"texture":"#0"},"west":{"uv":[3,7.5,3.125,8.5],"texture":"#0"},"up":{"uv":[3,7.5,3.25,7.625],"texture":"#0"},"down":{"uv":[3,8.375,3.25,8.5],"texture":"#0"}}},{"from":[-1.5,6,4.875],"to":[-0.5,7,5.125],"faces":{"north":{"uv":[3.25,7.75,3.75,8.25],"texture":"#0"},"east":{"uv":[3.25,7.75,3.375,8.25],"texture":"#0"},"south":{"uv":[3.25,7.75,3.75,8.25],"texture":"#0"},"west":{"uv":[3.25,7.75,3.375,8.25],"texture":"#0"},"up":{"uv":[3.25,7.75,3.75,7.875],"texture":"#0"},"down":{"uv":[3.25,8.125,3.75,8.25],"texture":"#0"}}},{"from":[-2,6,4.875],"to":[-1.5,6.5,5.125],"faces":{"north":{"uv":[3.75,8,4,8.25],"texture":"#0"},"east":{"uv":[3.75,8,3.875,8.25],"texture":"#0"},"south":{"uv":[3.75,8,4,8.25],"texture":"#0"},"west":{"uv":[3.75,8,3.875,8.25],"texture":"#0"},"up":{"uv":[3.75,8,4,8.125],"texture":"#0"},"down":{"uv":[3.75,8,4,8.125],"texture":"#0"}}},{"from":[-0.5,5.5,8.125],"to":[0,7.5,8.375],"faces":{"north":{"uv":[3,7.5,3.25,8.5],"texture":"#0"},"east":{"uv":[3,7.5,3.125,8.5],"texture":"#0"},"south":{"uv":[3,7.5,3.25,8.5],"texture":"#0"},"west":{"uv":[3,7.5,3.125,8.5],"texture":"#0"},"up":{"uv":[3,7.5,3.25,7.625],"texture":"#0"},"down":{"uv":[3,8.375,3.25,8.5],"texture":"#0"}}},{"from":[-1.5,6,8.125],"to":[-0.5,7,8.375],"faces":{"north":{"uv":[3.25,7.75,3.75,8.25],"texture":"#0"},"east":{"uv":[3.25,7.75,3.375,8.25],"texture":"#0"},"south":{"uv":[3.25,7.75,3.75,8.25],"texture":"#0"},"west":{"uv":[3.25,7.75,3.375,8.25],"texture":"#0"},"up":{"uv":[3.25,7.75,3.75,7.875],"texture":"#0"},"down":{"uv":[3.25,8.125,3.75,8.25],"texture":"#0"}}},{"from":[-2,6,8.125],"to":[-1.5,6.5,8.375],"faces":{"north":{"uv":[3.75,8,4,8.25],"texture":"#0"},"east":{"uv":[3.75,8,3.875,8.25],"texture":"#0"},"south":{"uv":[3.75,8,4,8.25],"texture":"#0"},"west":{"uv":[3.75,8,3.875,8.25],"texture":"#0"},"up":{"uv":[3.75,8,4,8.125],"texture":"#0"},"down":{"uv":[3.75,8,4,8.125],"texture":"#0"}}},{"from":[-0.5,5.5,10.875],"to":[0,7.5,11.125],"faces":{"north":{"uv":[3,7.5,3.25,8.5],"texture":"#0"},"east":{"uv":[3,7.5,3.125,8.5],"texture":"#0"},"south":{"uv":[3,7.5,3.25,8.5],"texture":"#0"},"west":{"uv":[3,7.5,3.125,8.5],"texture":"#0"},"up":{"uv":[3,7.5,3.25,7.625],"texture":"#0"},"down":{"uv":[3,8.375,3.25,8.5],"texture":"#0"}}},{"from":[-1.5,6,10.875],"to":[-0.5,7,11.125],"faces":{"north":{"uv":[3.25,7.75,3.75,8.25],"texture":"#0"},"east":{"uv":[3.25,7.75,3.375,8.25],"texture":"#0"},"south":{"uv":[3.25,7.75,3.75,8.25],"texture":"#0"},"west":{"uv":[3.25,7.75,3.375,8.25],"texture":"#0"},"up":{"uv":[3.25,7.75,3.75,7.875],"texture":"#0"},"down":{"uv":[3.25,8.125,3.75,8.25],"texture":"#0"}}},{"from":[-2,6,10.875],"to":[-1.5,6.5,11.125],"faces":{"north":{"uv":[3.75,8,4,8.25],"texture":"#0"},"east":{"uv":[3.75,8,3.875,8.25],"texture":"#0"},"south":{"uv":[3.75,8,4,8.25],"texture":"#0"},"west":{"uv":[3.75,8,3.875,8.25],"texture":"#0"},"up":{"uv":[3.75,8,4,8.125],"texture":"#0"},"down":{"uv":[3.75,8,4,8.125],"texture":"#0"}}}]}