{"display":{"thirdperson_righthand":{"rotation":[75,45,0],"translation":[0,2.5,0],"scale":[0.375,0.375,0.375]},"thirdperson_lefthand":{"rotation":[75,45,0],"translation":[0,2.5,0],"scale":[0.375,0.375,0.375]},"firstperson_righthand":{"rotation":[0,133,0],"translation":[0,3,0],"scale":[0.3,0.3,0.3]},"firstperson_lefthand":{"rotation":[0,133,0],"translation":[0,3,0],"scale":[0.3,0.3,0.3]},"ground":{"translation":[0,3,0],"scale":[0.7,0.7,0.7]},"gui":{"rotation":[30,225,0],"translation":[0,-1.75,0],"scale":[0.45,0.45,0.45]},"head":{"translation":[1,-31,0],"scale":[1.6,1.6,1.6]},"fixed":{"translation":[0,0,-0.5]}},"texture_size":[128,128],"textures":{"1":"crates/retro/old_television","particle":"crates/retro/old_television"},"elements":[{"from":[-3,1,0],"to":[3,14,16],"rotation":{"angle":0,"axis":"y","origin":[-1,0,0]},"faces":{"north":{"uv":[1.5,6.5,2.25,8.125],"texture":"#1"},"east":{"uv":[0,1.875,2,3.5],"texture":"#1"},"south":{"uv":[2.25,6.625,3,8.25],"texture":"#1"},"west":{"uv":[2,1.875,4,3.5],"texture":"#1"},"up":{"uv":[0.75,8.5,0,6.5],"texture":"#1"},"down":{"uv":[1.5,6.5,0.75,8.5],"texture":"#1"}}},{"from":[-1.5,1.75,15.5],"to":[17.5,9.75,18.5],"rotation":{"angle":0,"axis":"y","origin":[-0.5,0.75,-0.5]},"faces":{"north":{"uv":[4.875,5.25,7.25,6.25],"texture":"#1"},"east":{"uv":[4,2,4.375,3],"texture":"#1"},"south":{"uv":[0,5.5,2.375,6.5],"texture":"#1"},"west":{"uv":[4.375,2,4.75,3],"texture":"#1"},"up":{"uv":[9.25,2.5,6.875,2.125],"texture":"#1"},"down":{"uv":[9.25,2.5,6.875,2.875],"texture":"#1"}}},{"from":[-1.49,8.26,15.76],"to":[17.49,12.24,18.74],"rotation":{"angle":-45,"axis":"x","origin":[8,8.75,17]},"faces":{"north":{"uv":[5.625,1.125,8,1.625],"texture":"#1"},"east":{"uv":[7.25,5.625,7.625,6.125],"texture":"#1"},"south":{"uv":[6.875,1.625,9.25,2.125],"texture":"#1"},"west":{"uv":[4.5,7.375,4.875,7.875],"texture":"#1"},"up":{"uv":[9.25,3.25,6.875,2.875],"texture":"#1"},"down":{"uv":[9.25,3.25,6.875,3.625],"texture":"#1"}}},{"from":[2.75,7,-1.5],"to":[4.75,9,0.5],"rotation":{"angle":45,"axis":"z","origin":[-0.5,3,-1]},"faces":{"north":{"uv":[5.875,7.375,6.125,7.625],"texture":"#1"},"east":{"uv":[6.125,7.375,6.375,7.625],"texture":"#1"},"south":{"uv":[6.375,7.375,6.625,7.625],"texture":"#1"},"west":{"uv":[6.625,7.375,6.875,7.625],"texture":"#1"},"up":{"uv":[7.125,7.625,6.875,7.375],"texture":"#1"},"down":{"uv":[7.375,7.375,7.125,7.625],"texture":"#1"}}},{"from":[0.25,4.5,-1.5],"to":[2.25,6.5,0.5],"rotation":{"angle":45,"axis":"z","origin":[-0.5,3,-1]},"faces":{"north":{"uv":[5.875,7.375,6.125,7.625],"texture":"#1"},"east":{"uv":[6.125,7.375,6.375,7.625],"texture":"#1"},"south":{"uv":[6.375,7.375,6.625,7.625],"texture":"#1"},"west":{"uv":[6.625,7.375,6.875,7.625],"texture":"#1"},"up":{"uv":[7.125,7.625,6.875,7.375],"texture":"#1"},"down":{"uv":[7.375,7.375,7.125,7.625],"texture":"#1"}}},{"from":[3,12,0],"to":[16,14,16],"rotation":{"angle":0,"axis":"y","origin":[-1,0,0]},"faces":{"north":{"uv":[6.875,4.625,8.5,4.875],"texture":"#1"},"east":{"uv":[6.875,3.625,8.875,3.875],"texture":"#1"},"south":{"uv":[6.875,4.875,8.5,5.125],"texture":"#1"},"west":{"uv":[6.875,3.875,8.875,4.125],"texture":"#1"},"up":{"uv":[1.625,5.5,0,3.5],"texture":"#1"},"down":{"uv":[3.25,3.5,1.625,5.5],"texture":"#1"}}},{"from":[5.5,14,5],"to":[10.5,16,9],"rotation":{"angle":0,"axis":"y","origin":[2.5,0,0]},"faces":{"north":{"uv":[5.625,1.625,6.25,1.875],"texture":"#1"},"east":{"uv":[3.5,1.625,4,1.875],"texture":"#1"},"south":{"uv":[4.25,6,4.875,6.25],"texture":"#1"},"west":{"uv":[6.25,1.625,6.75,1.875],"texture":"#1"},"up":{"uv":[4.625,3.5,4,3],"texture":"#1"},"down":{"uv":[4.875,5.5,4.25,6],"texture":"#1"}}},{"from":[9.75,16,7],"to":[11.75,32,7],"rotation":{"angle":-22.5,"axis":"z","origin":[7.5,21,6]},"faces":{"north":{"uv":[3,6.625,3.25,8.625],"texture":"#1"},"east":{"uv":[0,0,0,2],"texture":"#1"},"south":{"uv":[3.25,6.625,3.5,8.625],"texture":"#1"},"west":{"uv":[0,0,0,2],"texture":"#1"},"up":{"uv":[0.25,0,0,0],"texture":"#1"},"down":{"uv":[0.25,0,0,0],"texture":"#1"}}},{"from":[4.25,16,7],"to":[6.25,32,7],"rotation":{"angle":22.5,"axis":"z","origin":[8.5,21,6]},"faces":{"north":{"uv":[3.5,6.625,3.75,8.625],"texture":"#1"},"east":{"uv":[0,0,0,2],"texture":"#1"},"south":{"uv":[3.75,6.625,4,8.625],"texture":"#1"},"west":{"uv":[0,0,0,2],"texture":"#1"},"up":{"uv":[0.25,0,0,0],"texture":"#1"},"down":{"uv":[0.25,0,0,0],"texture":"#1"}}},{"from":[3,1,0],"to":[16,3,16],"rotation":{"angle":0,"axis":"y","origin":[-1,0,0]},"faces":{"north":{"uv":[7.25,5.125,8.875,5.375],"texture":"#1"},"east":{"uv":[6.875,4.125,8.875,4.375],"texture":"#1"},"south":{"uv":[7.25,5.375,8.875,5.625],"texture":"#1"},"west":{"uv":[6.875,4.375,8.875,4.625],"texture":"#1"},"up":{"uv":[4.875,5.5,3.25,3.5],"texture":"#1"},"down":{"uv":[5.625,0,4,2],"texture":"#1"}}},{"from":[2,3,1],"to":[16,12,16],"rotation":{"angle":0,"axis":"y","origin":[-1,0,0]},"faces":{"north":{"uv":[4.25,6.25,6,7.375],"texture":"#1"},"east":{"uv":[2.375,5.5,4.25,6.625],"texture":"#1"},"south":{"uv":[6,6.25,7.75,7.375],"texture":"#1"},"west":{"uv":[5.625,0,7.5,1.125],"texture":"#1"},"up":{"uv":[1.75,1.875,0,0],"texture":"#1"},"down":{"uv":[3.5,0,1.75,1.875],"texture":"#1"}}},{"from":[16,1,0],"to":[18,14,16],"rotation":{"angle":0,"axis":"y","origin":[-1,0,0]},"faces":{"north":{"uv":[3.5,0,3.75,1.625],"texture":"#1"},"east":{"uv":[4,1.875,2,3.5],"texture":"#1"},"south":{"uv":[3.75,0,4,1.625],"texture":"#1"},"west":{"uv":[4.875,3.625,6.875,5.25],"texture":"#1"},"up":{"uv":[4.25,8.625,4,6.625],"texture":"#1"},"down":{"uv":[4.5,7.375,4.25,9.375],"texture":"#1"}}},{"from":[15,0,1],"to":[17,2,3],"rotation":{"angle":0,"axis":"y","origin":[-1,0,0]},"faces":{"north":{"uv":[7.375,7.375,7.625,7.625],"texture":"#1"},"east":{"uv":[7.5,0,7.75,0.25],"texture":"#1"},"south":{"uv":[7.5,0.25,7.75,0.5],"texture":"#1"},"west":{"uv":[7.5,0.5,7.75,0.75],"texture":"#1"},"up":{"uv":[7.75,1,7.5,0.75],"texture":"#1"},"down":{"uv":[5.125,7.625,4.875,7.875],"texture":"#1"}}},{"from":[-2,0,1],"to":[0,2,3],"rotation":{"angle":0,"axis":"y","origin":[17.5,-1,0]},"faces":{"north":{"uv":[5.125,7.625,5.375,7.875],"texture":"#1"},"east":{"uv":[5.375,7.625,5.625,7.875],"texture":"#1"},"south":{"uv":[5.625,7.625,5.875,7.875],"texture":"#1"},"west":{"uv":[7.625,5.625,7.875,5.875],"texture":"#1"},"up":{"uv":[6.125,7.875,5.875,7.625],"texture":"#1"},"down":{"uv":[7.875,5.875,7.625,6.125],"texture":"#1"}}},{"from":[-2,0,13],"to":[0,2,15],"rotation":{"angle":0,"axis":"y","origin":[17,0,16]},"faces":{"north":{"uv":[6.125,7.625,6.375,7.875],"texture":"#1"},"east":{"uv":[6.375,7.625,6.625,7.875],"texture":"#1"},"south":{"uv":[6.625,7.625,6.875,7.875],"texture":"#1"},"west":{"uv":[6.875,7.625,7.125,7.875],"texture":"#1"},"up":{"uv":[7.375,7.875,7.125,7.625],"texture":"#1"},"down":{"uv":[7.625,7.625,7.375,7.875],"texture":"#1"}}},{"from":[15,0,13],"to":[17,2,15],"rotation":{"angle":0,"axis":"y","origin":[-1,0,16]},"faces":{"north":{"uv":[7.625,7.375,7.875,7.625],"texture":"#1"},"east":{"uv":[7.625,7.625,7.875,7.875],"texture":"#1"},"south":{"uv":[7.75,0,8,0.25],"texture":"#1"},"west":{"uv":[7.75,0.25,8,0.5],"texture":"#1"},"up":{"uv":[8,0.75,7.75,0.5],"texture":"#1"},"down":{"uv":[8,0.75,7.75,1],"texture":"#1"}}},{"name":"cube inverted","from":[6.25,32,7],"to":[4.25,16,7],"rotation":{"angle":22.5,"axis":"z","origin":[8.5,21,6]},"faces":{"north":{"uv":[3.75,8.625,4,6.625],"texture":"#1"},"east":{"uv":[0,2,0,0],"texture":"#1"},"south":{"uv":[3.5,8.625,3.75,6.625],"texture":"#1"},"west":{"uv":[0,2,0,0],"texture":"#1"},"up":{"uv":[0,0,0.25,0],"texture":"#1"},"down":{"uv":[0,0,0.25,0],"texture":"#1"}}},{"name":"cube inverted","from":[11.75,32,7],"to":[9.75,16,7],"rotation":{"angle":-22.5,"axis":"z","origin":[7.5,21,6]},"faces":{"north":{"uv":[3.25,8.625,3.5,6.625],"texture":"#1"},"east":{"uv":[0,2,0,0],"texture":"#1"},"south":{"uv":[3,8.625,3.25,6.625],"texture":"#1"},"west":{"uv":[0,2,0,0],"texture":"#1"},"up":{"uv":[0,0,0.25,0],"texture":"#1"},"down":{"uv":[0,0,0.25,0],"texture":"#1"}}}]}