{"display":{"thirdperson_righthand":{"rotation":[45,0,0],"translation":[0,-6.5,-6.25],"scale":[0.6,0.6,0.6]},"thirdperson_lefthand":{"rotation":[45,0,0],"translation":[0,-6.5,-6.25],"scale":[0.6,0.6,0.6]},"firstperson_righthand":{"rotation":[0,118,0],"translation":[0,-4.25,0],"scale":[0.6,0.6,0.6]},"firstperson_lefthand":{"rotation":[0,118,0],"translation":[0,-4.25,0],"scale":[0.6,0.6,0.6]},"ground":{"translation":[0,-13.25,0]},"gui":{"rotation":[14,-147,10],"translation":[-1.25,-13,0]},"head":{"translation":[0,-18,-0.75],"scale":[1.6,1.6,1.6]},"fixed":{"rotation":[-18,0,0],"translation":[0,-14,1.75]}},"texture_size":[64,64],"textures":{"0":"crates/pokemon21_crate/bulbasaur_hat","particle":"crates/pokemon21_crate/bulbasaur_hat"},"elements":[{"from":[3,21,3.5],"to":[13,27,13.5],"rotation":{"angle":22.5,"axis":"x","origin":[8,22,8]},"faces":{"north":{"uv":[2.5,2.5,5,4],"texture":"#0"},"east":{"uv":[0,2.5,2.5,4],"texture":"#0"},"south":{"uv":[7.5,2.5,10,4],"texture":"#0"},"west":{"uv":[5,2.5,7.5,4],"texture":"#0"},"up":{"uv":[5,2.5,2.5,0],"texture":"#0"},"down":{"uv":[7.5,0,5,2.5],"texture":"#0"}}},{"from":[12.5,14,6.5],"to":[12.5,23,9.5],"rotation":{"angle":0,"axis":"x","origin":[8,22,8]},"faces":{"north":{"uv":[2.25,5.75,2.25,8],"texture":"#0"},"east":{"uv":[1.5,5.75,2.25,8],"texture":"#0"},"south":{"uv":[3,5.75,3,8],"texture":"#0"},"west":{"uv":[2.25,5.75,1.5,8],"texture":"#0"},"up":{"uv":[2.25,5.75,2.25,5],"texture":"#0"},"down":{"uv":[2.25,5,2.25,5.75],"texture":"#0"}}},{"from":[3.5,14,6.5],"to":[3.5,23,9.5],"rotation":{"angle":0,"axis":"x","origin":[8,22,8]},"faces":{"north":{"uv":[0.75,5.75,0.75,8],"texture":"#0"},"east":{"uv":[1.5,5.75,0.75,8],"texture":"#0"},"south":{"uv":[1.5,5.75,1.5,8],"texture":"#0"},"west":{"uv":[0.75,5.75,1.5,8],"texture":"#0"},"up":{"uv":[0.75,5.75,0.75,5],"texture":"#0"},"down":{"uv":[0.75,5,0.75,5.75],"texture":"#0"}}},{"from":[3,19,3.5],"to":[13,21,3.5],"rotation":{"angle":22.5,"axis":"x","origin":[8,22,8]},"faces":{"north":{"uv":[0,5.25,2.5,5.75],"texture":"#0"},"east":{"uv":[0,5.25,0,5.75],"texture":"#0"},"south":{"uv":[0,5.25,2.5,5.75],"texture":"#0"},"west":{"uv":[2.5,5.25,2.5,5.75],"texture":"#0"},"up":{"uv":[2.5,5.25,0,5.25],"texture":"#0"},"down":{"uv":[5,5.25,2.5,5.25],"texture":"#0"}}},{"from":[0,24,8.5],"to":[16,29,8.5],"rotation":{"angle":22.5,"axis":"x","origin":[8,22,8]},"faces":{"north":{"uv":[0,4,4,5.25],"texture":"#0"},"east":{"uv":[0,4,0,5.25],"texture":"#0"},"south":{"uv":[4,4,0,5.25],"texture":"#0"},"west":{"uv":[4,4,4,5.25],"texture":"#0"},"up":{"uv":[4,4,0,4],"texture":"#0"},"down":{"uv":[8,4,4,4],"texture":"#0"}}}],"gui_light":"front"}