{"file_name":"head","texture_size":[64,64],"textures":{"layer0":"manamodels/slinky_dog"},"elements":[{"name":"head_0","from":[6.8,7.7,6.71],"to":[9.2,10.1,9.110001],"rotation":{"angle":0.0,"axis":"z","origin":[8.0,8.0,8.0]},"faces":{"east":{"uv":[0.0,8.0,1.0,9.0],"texture":"#layer0","tintindex":0},"south":{"uv":[1.25,8.0,2.25,9.0],"texture":"#layer0","tintindex":0},"north":{"uv":[7.75,6.75,8.75,7.75],"texture":"#layer0","tintindex":0},"west":{"uv":[8.0,2.5,9.0,3.5],"texture":"#layer0","tintindex":0},"up":{"uv":[9.0,6.25,8.0,5.25],"texture":"#layer0","tintindex":0},"down":{"uv":[7.75,8.0,8.75,9.0],"texture":"#layer0","tintindex":0}}},{"name":"head_1","from":[6.47849,7.436684,6.71],"to":[6.47849,9.836684,9.110001],"rotation":{"angle":-22.5,"axis":"z","origin":[7.67849,9.086684,7.61]},"faces":{"east":{"uv":[8.25,0.0,9.25,1.0],"texture":"#layer0","tintindex":0},"south":{"uv":[5.25,12.25,5.25,13.25],"texture":"#layer0","tintindex":0},"north":{"uv":[2.5,12.25,2.5,13.25],"texture":"#layer0","tintindex":0},"west":{"uv":[8.25,1.25,9.25,2.25],"texture":"#layer0","tintindex":0},"up":{"uv":[9.75,13.25,9.75,12.25],"texture":"#layer0","tintindex":0},"down":{"uv":[12.25,9.75,12.25,10.75],"texture":"#layer0","tintindex":0}}},{"name":"head_2","from":[9.521511,7.436684,6.71],"to":[9.521511,9.836684,9.110001],"rotation":{"angle":22.5,"axis":"z","origin":[8.32151,9.086684,7.61]},"faces":{"east":{"uv":[9.25,1.25,8.25,2.25],"texture":"#layer0","tintindex":0},"south":{"uv":[5.25,12.25,5.25,13.25],"texture":"#layer0","tintindex":0},"north":{"uv":[2.5,12.25,2.5,13.25],"texture":"#layer0","tintindex":0},"west":{"uv":[9.25,0.0,8.25,1.0],"texture":"#layer0","tintindex":0},"up":{"uv":[9.75,13.25,9.75,12.25],"texture":"#layer0","tintindex":0},"down":{"uv":[12.25,9.75,12.25,10.75],"texture":"#layer0","tintindex":0}}},{"name":"head_3","from":[5.937806,5.0215034,6.71],"to":[5.937806,8.021503,9.110001],"rotation":{"angle":0.0,"axis":"z","origin":[8.0,8.0,8.0]},"faces":{"east":{"uv":[1.25,6.5,2.25,7.75],"texture":"#layer0","tintindex":0},"south":{"uv":[11.0,12.25,11.0,13.5],"texture":"#layer0","tintindex":0},"north":{"uv":[10.75,12.25,10.75,13.5],"texture":"#layer0","tintindex":0},"west":{"uv":[6.75,2.5,7.75,3.75],"texture":"#layer0","tintindex":0},"up":{"uv":[11.25,13.25,11.25,12.25],"texture":"#layer0","tintindex":0},"down":{"uv":[11.5,12.25,11.5,13.25],"texture":"#layer0","tintindex":0}}},{"name":"head_4","from":[10.062195,5.0215034,6.71],"to":[10.062195,8.021503,9.110001],"rotation":{"angle":0.0,"axis":"z","origin":[8.0,8.0,8.0]},"faces":{"east":{"uv":[7.75,2.5,6.75,3.75],"texture":"#layer0","tintindex":0},"south":{"uv":[11.0,12.25,11.0,13.5],"texture":"#layer0","tintindex":0},"north":{"uv":[10.75,12.25,10.75,13.5],"texture":"#layer0","tintindex":0},"west":{"uv":[2.25,6.5,1.25,7.75],"texture":"#layer0","tintindex":0},"up":{"uv":[11.25,13.25,11.25,12.25],"texture":"#layer0","tintindex":0},"down":{"uv":[11.5,12.25,11.5,13.25],"texture":"#layer0","tintindex":0}}},{"name":"head_5","from":[7.1,8.3,4.91],"to":[8.9,8.9,6.71],"rotation":{"angle":0.0,"axis":"z","origin":[8.0,8.0,8.0]},"faces":{"east":{"uv":[7.75,9.25,8.5,9.5],"texture":"#layer0","tintindex":0},"south":{"uv":[9.5,0.0,10.25,0.5],"texture":"#layer0","tintindex":0},"north":{"uv":[9.25,5.75,10.0,6.0],"texture":"#layer0","tintindex":0},"west":{"uv":[9.5,0.75,10.25,1.0],"texture":"#layer0","tintindex":0},"up":{"uv":[5.75,9.0,5.0,8.25],"texture":"#layer0","tintindex":0},"down":{"uv":[6.0,8.25,6.75,9.0],"texture":"#layer0","tintindex":0}}},{"name":"head_6","from":[8.15,9.134342,6.498392],"to":[9.05,10.034342,7.098392],"rotation":{"angle":0.0,"axis":"z","origin":[8.0,8.0,8.0]},"faces":{"east":{"uv":[14.5,5.5,14.75,5.875],"texture":"#layer0","tintindex":0},"south":{"uv":[14.25,9.75,14.625,10.125],"texture":"#layer0","tintindex":0},"north":{"uv":[13.75,5.5,14.125,5.875],"texture":"#layer0","tintindex":0},"west":{"uv":[14.75,4.0,15.0,4.375],"texture":"#layer0","tintindex":0},"up":{"uv":[15.0,7.0,15.375,7.25],"texture":"#layer0","tintindex":0},"down":{"uv":[14.625,8.25,14.25,8.5],"texture":"#layer0","tintindex":0}}},{"name":"head_7","from":[6.95,9.134342,6.498392],"to":[7.85,10.034342,7.098392],"rotation":{"angle":0.0,"axis":"z","origin":[8.0,8.0,8.0]},"faces":{"east":{"uv":[15.0,4.0,14.75,4.375],"texture":"#layer0","tintindex":0},"south":{"uv":[14.625,9.75,14.25,10.125],"texture":"#layer0","tintindex":0},"north":{"uv":[14.125,5.5,13.75,5.875],"texture":"#layer0","tintindex":0},"west":{"uv":[14.75,5.5,14.5,5.875],"texture":"#layer0","tintindex":0},"up":{"uv":[15.375,7.0,15.0,7.25],"texture":"#layer0","tintindex":0},"down":{"uv":[14.25,8.25,14.625,8.5],"texture":"#layer0","tintindex":0}}},{"name":"head_8","from":[8.15,9.734343,6.948392],"to":[9.35,10.334342,6.948392],"rotation":{"angle":0.0,"axis":"z","origin":[8.0,8.0,8.0]},"faces":{"east":{"uv":[0.0,0.0,0.0,0.25],"texture":"#layer0","tintindex":0},"south":{"uv":[13.5,11.5,14.0,11.75],"texture":"#layer0","tintindex":0},"north":{"uv":[12.75,10.5,13.25,10.75],"texture":"#layer0","tintindex":0},"west":{"uv":[0.0,0.0,0.0,0.25],"texture":"#layer0","tintindex":0},"up":{"uv":[0.0,0.0,0.5,0.0],"texture":"#layer0","tintindex":0},"down":{"uv":[0.5,0.0,0.0,0.0],"texture":"#layer0","tintindex":0}}},{"name":"head_9","from":[6.6499996,9.734343,6.948392],"to":[7.85,10.334342,6.948392],"rotation":{"angle":0.0,"axis":"z","origin":[8.0,8.0,8.0]},"faces":{"east":{"uv":[0.0,0.0,0.0,0.25],"texture":"#layer0","tintindex":0},"south":{"uv":[14.0,11.5,13.5,11.75],"texture":"#layer0","tintindex":0},"north":{"uv":[13.25,10.5,12.75,10.75],"texture":"#layer0","tintindex":0},"west":{"uv":[0.0,0.0,0.0,0.25],"texture":"#layer0","tintindex":0},"up":{"uv":[0.5,0.0,0.0,0.0],"texture":"#layer0","tintindex":0},"down":{"uv":[0.0,0.0,0.5,0.0],"texture":"#layer0","tintindex":0}}},{"name":"head_10","from":[8.15,9.365,6.485],"to":[8.75,9.965,6.485],"rotation":{"angle":0.0,"axis":"z","origin":[8.0,8.0,8.0]},"faces":{"east":{"uv":[0.0,0.0,0.0,0.25],"texture":"#layer0","tintindex":0},"south":{"uv":[0.0,0.0,0.25,0.25],"texture":"#layer0","tintindex":0},"north":{"uv":[12.25,12.75,12.5,13.0],"texture":"#layer0","tintindex":0},"west":{"uv":[0.0,0.0,0.0,0.25],"texture":"#layer0","tintindex":0},"up":{"uv":[0.0,0.0,0.25,0.0],"texture":"#layer0","tintindex":0},"down":{"uv":[0.25,0.0,0.0,0.0],"texture":"#layer0","tintindex":0}}},{"name":"head_11","from":[7.25,9.365,6.485],"to":[7.85,9.965,6.485],"rotation":{"angle":0.0,"axis":"z","origin":[8.0,8.0,8.0]},"faces":{"east":{"uv":[0.0,0.0,0.0,0.25],"texture":"#layer0","tintindex":0},"south":{"uv":[0.25,0.0,0.0,0.25],"texture":"#layer0","tintindex":0},"north":{"uv":[12.5,12.75,12.25,13.0],"texture":"#layer0","tintindex":0},"west":{"uv":[0.0,0.0,0.0,0.25],"texture":"#layer0","tintindex":0},"up":{"uv":[0.25,0.0,0.0,0.0],"texture":"#layer0","tintindex":0},"down":{"uv":[0.0,0.0,0.25,0.0],"texture":"#layer0","tintindex":0}}}],"display":{"head":{"translation":[0.0,-6.4,0.0],"rotation":[0.0,0.0,0.0],"scale":[3.8095,3.8095,3.8095]},"gui":{"translation":[0.0,0.0,0.0],"rotation":[35.0,225.0,0.0],"scale":[0.625,0.625,0.625]}}}