{"file_name":"leg_front","texture_size":[256,256],"textures":{"layer0":"manamodels/buckbeak"},"elements":[{"name":"leg_front_0","from":[4.7975,5.75,6.5],"to":[7.0475,9.35,9.65],"rotation":{"angle":0.0,"axis":"z","origin":[8.0,8.0,8.0]},"faces":{"east":{"uv":[0.875,5.1875,1.3125,5.6875],"texture":"#layer0","tintindex":0},"south":{"uv":[5.8125,1.8125,6.125,2.3125],"texture":"#layer0","tintindex":0},"north":{"uv":[0.4375,5.8125,0.75,6.3125],"texture":"#layer0","tintindex":0},"west":{"uv":[1.375,5.1875,1.8125,5.6875],"texture":"#layer0","tintindex":0},"up":{"uv":[6.25,0.4375,5.9375,0.0],"texture":"#layer0","tintindex":0},"down":{"uv":[3.0,6.0,3.3125,6.4375],"texture":"#layer0","tintindex":0}}},{"name":"leg_front_1","from":[5.0225,2.8249998,7.175],"to":[6.8225,5.975,8.975],"rotation":{"angle":0.0,"axis":"z","origin":[8.0,8.0,8.0]},"faces":{"east":{"uv":[3.6875,6.3125,3.9375,6.75],"texture":"#layer0","tintindex":0},"south":{"uv":[0.375,6.375,0.625,6.8125],"texture":"#layer0","tintindex":0},"north":{"uv":[6.3125,1.0,6.5625,1.4375],"texture":"#layer0","tintindex":0},"west":{"uv":[2.125,6.375,2.375,6.8125],"texture":"#layer0","tintindex":0},"up":{"uv":[5.9375,7.125,5.6875,6.875],"texture":"#layer0","tintindex":0},"down":{"uv":[3.25,6.9375,3.5,7.1875],"texture":"#layer0","tintindex":0}}}],"display":{"head":{"translation":[0.0,-6.4,0.0],"rotation":[0.0,0.0,0.0],"scale":[3.8095,3.8095,3.8095]},"gui":{"translation":[0.0,0.0,0.0],"rotation":[35.0,225.0,0.0],"scale":[0.625,0.625,0.625]}}}