{"file_name":"wing_edge","texture_size":[256,256],"textures":{"layer0":"manamodels/buckbeak"},"elements":[{"name":"wing_edge_0","from":[7.8875,7.175,7.85],"to":[14.1875,7.625,8.3],"rotation":{"angle":0.0,"axis":"z","origin":[8.0,8.0,8.0]},"faces":{"east":{"uv":[5.9375,7.5625,6.0,7.625],"texture":"#layer0","tintindex":0},"south":{"uv":[7.0625,6.5625,7.9375,6.625],"texture":"#layer0","tintindex":0},"north":{"uv":[7.0625,3.875,7.9375,3.9375],"texture":"#layer0","tintindex":0},"west":{"uv":[6.0625,7.5625,6.125,7.625],"texture":"#layer0","tintindex":0},"up":{"uv":[8.0625,3.5,7.1875,3.4375],"texture":"#layer0","tintindex":0},"down":{"uv":[7.25,1.5,8.125,1.5625],"texture":"#layer0","tintindex":0}}},{"name":"wing_edge_1","from":[7.8875,7.3887506,7.85],"to":[22.287502,7.3887506,15.05],"rotation":{"angle":0.0,"axis":"z","origin":[8.0,8.0,8.0]},"faces":{"east":{"uv":[7.5625,6.1875,8.5625,6.1875],"texture":"#layer0","tintindex":0},"south":{"uv":[7.5625,6.25,9.5625,6.25],"texture":"#layer0","tintindex":0},"north":{"uv":[7.5625,5.625,9.5625,5.625],"texture":"#layer0","tintindex":0},"west":{"uv":[7.5625,6.6875,8.5625,6.6875],"texture":"#layer0","tintindex":0},"up":{"uv":[2.0,1.0,0.0,0.0],"texture":"#layer0","tintindex":0},"down":{"uv":[0.0,0.0,2.0,1.0],"texture":"#layer0","tintindex":0}}}],"display":{"head":{"translation":[0.0,-6.4,0.0],"rotation":[0.0,0.0,0.0],"scale":[3.8095,3.8095,3.8095]},"gui":{"translation":[0.0,0.0,0.0],"rotation":[35.0,225.0,0.0],"scale":[0.625,0.625,0.625]}}}