{"file_name":"leg1_1_left","texture_size":[128,128],"textures":{"layer0":"manamodels/scorpion"},"elements":[{"name":"leg1_1_left_0","from":[4.3999996,8.0,7.1],"to":[8.0,9.8,8.9],"rotation":{"angle":0.0,"axis":"z","origin":[8.0,8.0,8.0]},"faces":{"east":{"uv":[6.875,7.5,6.5,7.875],"texture":"#layer0","tintindex":0},"south":{"uv":[1.75,5.125,1.0,5.5],"texture":"#layer0","tintindex":0},"north":{"uv":[4.75,1.625,4.0,2.0],"texture":"#layer0","tintindex":0},"west":{"uv":[6.25,5.125,5.875,5.5],"texture":"#layer0","tintindex":0},"up":{"uv":[6.875,3.5,7.625,3.125],"texture":"#layer0","tintindex":0},"down":{"uv":[7.625,6.5,6.875,6.875],"texture":"#layer0","tintindex":0}}}],"display":{"head":{"translation":[0.0,-6.4,0.0],"rotation":[0.0,0.0,0.0],"scale":[3.8095,3.8095,3.8095]},"gui":{"translation":[0.0,0.0,0.0],"rotation":[35.0,225.0,0.0],"scale":[0.625,0.625,0.625]}}}