{"file_name":"leg1_2_left","texture_size":[128,128],"textures":{"layer0":"manamodels/scorpion"},"elements":[{"name":"leg1_2_left_0","from":[3.1939998,6.7939997,7.394],"to":[8.0060005,8.0060005,8.606],"rotation":{"angle":0.0,"axis":"z","origin":[8.0,8.0,8.0]},"faces":{"east":{"uv":[4.75,4.125,4.5,4.375],"texture":"#layer0","tintindex":0},"south":{"uv":[5.75,7.375,4.75,7.625],"texture":"#layer0","tintindex":0},"north":{"uv":[8.125,0.375,7.125,0.625],"texture":"#layer0","tintindex":0},"west":{"uv":[2.0,4.0,1.75,4.25],"texture":"#layer0","tintindex":0},"up":{"uv":[7.0,7.625,8.0,7.375],"texture":"#layer0","tintindex":0},"down":{"uv":[8.375,1.375,7.375,1.625],"texture":"#layer0","tintindex":0}}}],"display":{"head":{"translation":[0.0,-6.4,0.0],"rotation":[0.0,0.0,0.0],"scale":[3.8095,3.8095,3.8095]},"gui":{"translation":[0.0,0.0,0.0],"rotation":[35.0,225.0,0.0],"scale":[0.625,0.625,0.625]}}}