{"file_name":"leg3_1_right","texture_size":[128,128],"textures":{"layer0":"manamodels/scorpion"},"elements":[{"name":"leg3_1_right_0","from":[8.0,8.0,7.1],"to":[11.6,9.8,8.9],"rotation":{"angle":0.0,"axis":"z","origin":[8.0,8.0,8.0]},"faces":{"east":{"uv":[5.875,5.125,6.25,5.5],"texture":"#layer0","tintindex":0},"south":{"uv":[1.0,5.125,1.75,5.5],"texture":"#layer0","tintindex":0},"north":{"uv":[4.0,1.625,4.75,2.0],"texture":"#layer0","tintindex":0},"west":{"uv":[6.5,7.5,6.875,7.875],"texture":"#layer0","tintindex":0},"up":{"uv":[7.625,3.5,6.875,3.125],"texture":"#layer0","tintindex":0},"down":{"uv":[6.875,6.5,7.625,6.875],"texture":"#layer0","tintindex":0}}}],"display":{"head":{"translation":[0.0,-6.4,0.0],"rotation":[0.0,0.0,0.0],"scale":[3.8095,3.8095,3.8095]},"gui":{"translation":[0.0,0.0,0.0],"rotation":[35.0,225.0,0.0],"scale":[0.625,0.625,0.625]}}}