{"file_name":"pincer2_right","texture_size":[128,128],"textures":{"layer0":"manamodels/scorpion"},"elements":[{"name":"pincer2_right_0","from":[8.0,7.4,7.4],"to":[11.6,8.6,8.6],"rotation":{"angle":0.0,"axis":"z","origin":[8.0,8.0,8.0]},"faces":{"east":{"uv":[5.625,1.375,5.875,1.625],"texture":"#layer0","tintindex":0},"south":{"uv":[7.5,5.875,8.25,6.125],"texture":"#layer0","tintindex":0},"north":{"uv":[7.5,2.875,8.25,3.125],"texture":"#layer0","tintindex":0},"west":{"uv":[4.25,6.0,4.5,6.25],"texture":"#layer0","tintindex":0},"up":{"uv":[8.25,6.375,7.5,6.125],"texture":"#layer0","tintindex":0},"down":{"uv":[0.0,7.625,0.75,7.875],"texture":"#layer0","tintindex":0}}}],"display":{"head":{"translation":[0.0,-6.4,0.0],"rotation":[0.0,0.0,0.0],"scale":[3.8095,3.8095,3.8095]},"gui":{"translation":[0.0,0.0,0.0],"rotation":[35.0,225.0,0.0],"scale":[0.625,0.625,0.625]}}}