{"file_name":"tail1","texture_size":[128,128],"textures":{"layer0":"manamodels/scorpion"},"elements":[{"name":"tail1_0","from":[6.2,8.0,8.0],"to":[9.8,11.6,11.6],"rotation":{"angle":0.0,"axis":"z","origin":[8.0,8.0,8.0]},"faces":{"east":{"uv":[2.0,5.5,2.75,6.25],"texture":"#layer0","tintindex":0},"south":{"uv":[2.75,5.5,3.5,6.25],"texture":"#layer0","tintindex":0},"north":{"uv":[4.0,5.25,4.75,6.0],"texture":"#layer0","tintindex":0},"west":{"uv":[4.75,5.5,5.5,6.25],"texture":"#layer0","tintindex":0},"up":{"uv":[6.25,6.25,5.5,5.5],"texture":"#layer0","tintindex":0},"down":{"uv":[5.5,2.875,6.25,3.625],"texture":"#layer0","tintindex":0}}}],"display":{"head":{"translation":[0.0,-6.4,0.0],"rotation":[0.0,0.0,0.0],"scale":[3.8095,3.8095,3.8095]},"gui":{"translation":[0.0,0.0,0.0],"rotation":[35.0,225.0,0.0],"scale":[0.625,0.625,0.625]}}}