{"file_name":"tail4","texture_size":[128,128],"textures":{"layer0":"manamodels/scorpion"},"elements":[{"name":"tail4_0","from":[6.4939995,7.994,7.994],"to":[9.5060005,11.0060005,11.0060005],"rotation":{"angle":0.0,"axis":"z","origin":[8.0,8.0,8.0]},"faces":{"east":{"uv":[3.25,6.75,3.875,7.375],"texture":"#layer0","tintindex":0},"south":{"uv":[3.875,6.75,4.5,7.375],"texture":"#layer0","tintindex":0},"north":{"uv":[6.625,4.125,7.25,4.75],"texture":"#layer0","tintindex":0},"west":{"uv":[4.5,6.75,5.125,7.375],"texture":"#layer0","tintindex":0},"up":{"uv":[5.75,7.375,5.125,6.75],"texture":"#layer0","tintindex":0},"down":{"uv":[6.75,1.375,7.375,2.0],"texture":"#layer0","tintindex":0}}}],"display":{"head":{"translation":[0.0,-6.4,0.0],"rotation":[0.0,0.0,0.0],"scale":[3.8095,3.8095,3.8095]},"gui":{"translation":[0.0,0.0,0.0],"rotation":[35.0,225.0,0.0],"scale":[0.625,0.625,0.625]}}}