{"file_name":"tail6","texture_size":[128,128],"textures":{"layer0":"manamodels/scorpion"},"elements":[{"name":"tail6_0","from":[6.7939997,7.994,7.994],"to":[9.206,10.406,11.0060005],"rotation":{"angle":0.0,"axis":"z","origin":[8.0,8.0,8.0]},"faces":{"east":{"uv":[6.875,6.0,7.5,6.5],"texture":"#layer0","tintindex":0},"south":{"uv":[4.25,7.375,4.75,7.875],"texture":"#layer0","tintindex":0},"north":{"uv":[3.75,7.375,4.25,7.875],"texture":"#layer0","tintindex":0},"west":{"uv":[1.625,7.0,2.25,7.5],"texture":"#layer0","tintindex":0},"up":{"uv":[2.75,7.625,2.25,7.0],"texture":"#layer0","tintindex":0},"down":{"uv":[2.75,7.0,3.25,7.625],"texture":"#layer0","tintindex":0}}}],"display":{"head":{"translation":[0.0,-6.4,0.0],"rotation":[0.0,0.0,0.0],"scale":[3.8095,3.8095,3.8095]},"gui":{"translation":[0.0,0.0,0.0],"rotation":[35.0,225.0,0.0],"scale":[0.625,0.625,0.625]}}}