{"credit":"Copyright ManaLabs Inc","texture_size":[64,64],"textures":{"1":"manalabs:deco/summonstones/wolf_stone","10":"manalabs:deco/summonstones/wolf_constellation","particle":"manalabs:deco/summonstones/wolf_stone"},"elements":[{"from":[-8,-16,-5.25],"to":[23,32,-5.25],"faces":{"north":{"uv":[0,0,7.75,12],"texture":"#10"},"east":{"uv":[0,0,0,12],"texture":"#10"},"south":{"uv":[8.125,0,15.875,12],"texture":"#10"},"west":{"uv":[0,0,0,12],"texture":"#10"},"up":{"uv":[7.75,0,0,0],"texture":"#10"},"down":{"uv":[7.75,0,0,0],"texture":"#10"}}},{"from":[20,-9,-4.82194],"to":[24,17,11.17806],"rotation":{"angle":0,"axis":"y","origin":[-8,0,11.17806]},"faces":{"north":{"uv":[3.6875,6,3.9375,7.625],"texture":"#1"},"east":{"uv":[0.28125,0.875,1.28125,2.5],"texture":"#1"},"south":{"uv":[1.28125,0.875,1.53125,2.5],"texture":"#1"},"west":{"uv":[0,4.5,1,6.125],"texture":"#1"},"up":{"uv":[5.75,8.375,5.5,7.375],"texture":"#1"},"down":{"uv":[4.3125,7.8125,4.0625,8.8125],"texture":"#1"}}},{"from":[21.76,15.21,-4.81194],"to":[27.74,23.19,11.16806],"rotation":{"angle":22.5,"axis":"z","origin":[22,6.5,3.17806]},"faces":{"north":{"uv":[2.5625,4.5,2.9375,5],"texture":"#1"},"east":{"uv":[6.375,2.8125,7.375,3.3125],"texture":"#1"},"south":{"uv":[2.9375,4.5,2.5625,5],"texture":"#1"},"west":{"uv":[6.375,3.3125,7.375,3.8125],"texture":"#1"},"up":{"uv":[7.375,6.6875,7,5.6875],"texture":"#1"},"down":{"uv":[7.5,3.8125,7.125,4.8125],"texture":"#1"}}},{"from":[-5,-16,-4.82194],"to":[20,24,11.17806],"rotation":{"angle":0,"axis":"y","origin":[-8,0,11.17806]},"faces":{"north":{"uv":[0,0,1.5625,2.5],"texture":"#1"},"east":{"uv":[3,2.5,4,5],"texture":"#1"},"south":{"uv":[0,0,1.5625,2.5],"texture":"#1"},"west":{"uv":[3.125,0,4.125,2.5],"texture":"#1"},"up":{"uv":[2.5625,5.5,1,4.5],"texture":"#1"},"down":{"uv":[6.5625,1.8125,5,2.8125],"texture":"#1"}}},{"from":[23,-16,-6.82194],"to":[32,5,2.17806],"rotation":{"angle":22.5,"axis":"y","origin":[28,-11.5,5.67806]},"faces":{"north":{"uv":[2,5.5,2.5625,6.8125],"texture":"#1"},"east":{"uv":[0.875,1.1875,1.4375,2.5],"texture":"#1"},"south":{"uv":[0.3125,1.1875,0.875,2.5],"texture":"#1"},"west":{"uv":[3.125,6,3.6875,7.3125],"texture":"#1"},"up":{"uv":[4.5,7.8125,3.9375,7.25],"texture":"#1"},"down":{"uv":[3,7.3125,2.4375,7.875],"texture":"#1"}}},{"from":[18.5,-16,4.67806],"to":[27.5,-7,12.67806],"rotation":{"angle":22.5,"axis":"y","origin":[23,-5.5,10.67806]},"faces":{"north":{"uv":[3,7.3125,3.5625,7.875],"texture":"#1"},"east":{"uv":[0.5,1.9375,1,2.5],"texture":"#1"},"south":{"uv":[1,1.9375,1.5625,2.5],"texture":"#1"},"west":{"uv":[1.5,7.5,2,8.0625],"texture":"#1"},"up":{"uv":[8.0625,4.25,7.5,3.75],"texture":"#1"},"down":{"uv":[8.0625,4.25,7.5,4.75],"texture":"#1"}}},{"from":[-11.5,-16,4.67806],"to":[-2.5,-7,12.67806],"rotation":{"angle":-22.5,"axis":"y","origin":[-7,-5.5,10.67806]},"faces":{"north":{"uv":[7.375,3.1875,7.9375,3.75],"texture":"#1"},"east":{"uv":[7.5,6.5625,8,7.125],"texture":"#1"},"south":{"uv":[0.4375,1.90625,1,2.46875],"texture":"#1"},"west":{"uv":[1,1.90625,1.5,2.46875],"texture":"#1"},"up":{"uv":[7.875,8.0625,7.3125,7.5625],"texture":"#1"},"down":{"uv":[8.1875,0.6875,7.625,1.1875],"texture":"#1"}}},{"from":[24,5,-6.82194],"to":[31,16,-1.82194],"rotation":{"angle":22.5,"axis":"y","origin":[28,-11.5,5.67806]},"faces":{"north":{"uv":[7.4375,1.5,7.875,2.1875],"texture":"#1"},"east":{"uv":[0.8125,0.65625,1.125,1.34375],"texture":"#1"},"south":{"uv":[1.125,0.65625,1.5625,1.34375],"texture":"#1"},"west":{"uv":[7.9375,4.75,8.25,5.4375],"texture":"#1"},"up":{"uv":[7.9375,5.0625,7.5,4.75],"texture":"#1"},"down":{"uv":[8.4375,8.125,8,8.4375],"texture":"#1"}}},{"from":[-15,-10,-5.57194],"to":[-8,8,0.42806],"rotation":{"angle":-22.5,"axis":"y","origin":[-12,-11.5,3.92806]},"faces":{"north":{"uv":[2,6.8125,2.4375,7.9375],"texture":"#1"},"east":{"uv":[5.8125,6.875,6.1875,8],"texture":"#1"},"south":{"uv":[1.125,1.03125,0.6875,2.15625],"texture":"#1"},"west":{"uv":[1.125,1.03125,1.5,2.15625],"texture":"#1"},"up":{"uv":[7.75,8.4375,7.3125,8.0625],"texture":"#1"},"down":{"uv":[7.25,8.125,6.8125,8.5],"texture":"#1"}}},{"from":[-10.97136,7,-3.7706],"to":[-4.97136,16,0.2294],"rotation":{"angle":-22.5,"axis":"z","origin":[-8.97136,11,-0.7706]},"faces":{"north":{"uv":[4.9375,7.9375,5.3125,8.5],"texture":"#1"},"east":{"uv":[5.9375,8,6.1875,8.5625],"texture":"#1"},"south":{"uv":[0.875,0.46875,1.25,1.03125],"texture":"#1"},"west":{"uv":[1.28125,0.46875,1.53125,1.03125],"texture":"#1"},"up":{"uv":[7.5,5.0625,7.125,4.8125],"texture":"#1"},"down":{"uv":[8.4375,4.5,8.0625,4.75],"texture":"#1"}}},{"from":[-16,-16,-6.82194],"to":[-8,-7,2.17806],"rotation":{"angle":-22.5,"axis":"y","origin":[-12,-11.5,5.67806]},"faces":{"north":{"uv":[0,7.75,0.5,8.3125],"texture":"#1"},"east":{"uv":[7.375,5.4375,7.9375,6],"texture":"#1"},"south":{"uv":[1,1.9375,1.5,2.5],"texture":"#1"},"west":{"uv":[0.4375,1.9375,1,2.5],"texture":"#1"},"up":{"uv":[4.0625,8.375,3.5625,7.8125],"texture":"#1"},"down":{"uv":[8.375,1.1875,7.875,1.75],"texture":"#1"}}},{"from":[-4,-16,10.17806],"to":[20,16,18.17806],"rotation":{"angle":0,"axis":"y","origin":[-8,3,11.17806]},"faces":{"north":{"uv":[0,2.5,1.5,4.5],"texture":"#1"},"east":{"uv":[0,0.5,0.5,2.5],"texture":"#1"},"south":{"uv":[0,0.5,1.5,2.5],"texture":"#1"},"west":{"uv":[0,0.5,0.5,2.5],"texture":"#1"},"up":{"uv":[6.625,1.625,5.125,1.125],"texture":"#1"},"down":{"uv":[6.5,5.8125,5,6.3125],"texture":"#1"}}},{"from":[1,16,10.17806],"to":[15,22,18.17806],"rotation":{"angle":0,"axis":"y","origin":[-8,3,11.17806]},"faces":{"north":{"uv":[7.0625,5.0625,7.9375,5.4375],"texture":"#1"},"east":{"uv":[4.5,5.9375,5,6.3125],"texture":"#1"},"south":{"uv":[0.3125,0.09375,1.1875,0.46875],"texture":"#1"},"west":{"uv":[7.4375,2.25,7.9375,2.625],"texture":"#1"},"up":{"uv":[0.875,0.5,0,0],"texture":"#1"},"down":{"uv":[5.8125,6.875,4.9375,7.375],"texture":"#1"}}},{"from":[-4.99,26.01,10.18806],"to":[2.99,31.99,18.16806],"rotation":{"angle":-45,"axis":"z","origin":[-8,3,11.17806]},"faces":{"north":{"uv":[7.9375,6,8.4375,6.375],"texture":"#1"},"east":{"uv":[4.3125,8,4.8125,8.375],"texture":"#1"},"south":{"uv":[0.75,0.03125,1.25,0.40625],"texture":"#1"},"west":{"uv":[8,6.75,8.5,7.125],"texture":"#1"},"up":{"uv":[1.5625,0.5,1.0625,0],"texture":"#1"},"down":{"uv":[2.9375,7.875,2.4375,8.375],"texture":"#1"}}},{"from":[13.01,26.01,10.18806],"to":[20.99,31.99,18.16806],"rotation":{"angle":45,"axis":"z","origin":[24,3,11.17806]},"faces":{"north":{"uv":[1,8.0625,1.5,8.4375],"texture":"#1"},"east":{"uv":[1.5,8.0625,2,8.4375],"texture":"#1"},"south":{"uv":[0.625,0.09375,1.125,0.46875],"texture":"#1"},"west":{"uv":[8.0625,4.125,8.5625,4.5],"texture":"#1"},"up":{"uv":[0.5,0.5,0,0],"texture":"#1"},"down":{"uv":[8.375,7.125,7.875,7.625],"texture":"#1"}}},{"from":[-8,-9,-4.82194],"to":[-5,20,11.17806],"rotation":{"angle":0,"axis":"y","origin":[-8,0,11.17806]},"faces":{"north":{"uv":[6.4375,7.1875,6.625,9],"texture":"#1"},"east":{"uv":[4,2.5,5,4.3125],"texture":"#1"},"south":{"uv":[1.15625,0.25,1.34375,2.0625],"texture":"#1"},"west":{"uv":[0.15625,0.25,1.15625,2.0625],"texture":"#1"},"up":{"uv":[5.5,8.9375,5.3125,7.9375],"texture":"#1"},"down":{"uv":[5.9375,8,5.75,9],"texture":"#1"}}},{"from":[-7.54794,-14.80805,-4.81194],"to":[0.43206,-6.82805,11.16806],"rotation":{"angle":22.5,"axis":"z","origin":[-3.05794,-9.31805,3.17806]},"faces":{"north":{"uv":[7.875,7.625,8.375,8.125],"texture":"#1"},"east":{"uv":[6.5,0,7.5,0.5],"texture":"#1"},"south":{"uv":[7.9375,0,8.4375,0.5],"texture":"#1"},"west":{"uv":[6.5,0.5,7.5,1],"texture":"#1"},"up":{"uv":[7,6.6875,6.5,5.6875],"texture":"#1"},"down":{"uv":[7.0625,1.625,6.5625,2.625],"texture":"#1"}}},{"from":[15.56794,-14.80805,-4.81194],"to":[23.54794,-6.82805,11.16806],"rotation":{"angle":-22.5,"axis":"z","origin":[19.05794,-9.31805,3.17806]},"faces":{"north":{"uv":[7.9375,2.25,8.4375,2.75],"texture":"#1"},"east":{"uv":[6.625,1,7.625,1.5],"texture":"#1"},"south":{"uv":[7.9375,2.75,8.4375,3.25],"texture":"#1"},"west":{"uv":[6.5,6.6875,7.5,7.1875],"texture":"#1"},"up":{"uv":[0.5,7.75,0,6.75],"texture":"#1"},"down":{"uv":[1,6.75,0.5,7.75],"texture":"#1"}}},{"from":[-10.98,17.77,-4.80194],"to":[10.98,26.73,11.15806],"rotation":{"angle":22.5,"axis":"z","origin":[-5,28,3.17806]},"faces":{"north":{"uv":[5.125,0,6.5,0.5625],"texture":"#1"},"east":{"uv":[4.5,6.3125,5.5,6.875],"texture":"#1"},"south":{"uv":[6.5,0,5.125,0.5625],"texture":"#1"},"west":{"uv":[5.5,6.3125,6.5,6.875],"texture":"#1"},"up":{"uv":[3.9375,6,2.5625,5],"texture":"#1"},"down":{"uv":[6.375,2.8125,5,3.8125],"texture":"#1"}}},{"from":[7.01,15.01,-4.81194],"to":[23.99,24.99,11.16806],"rotation":{"angle":-45,"axis":"z","origin":[21,28,3.17806]},"faces":{"north":{"uv":[6.0625,3.8125,7.125,4.4375],"texture":"#1"},"east":{"uv":[6.0625,5.0625,7.0625,5.6875],"texture":"#1"},"south":{"uv":[7.125,3.8125,6.0625,4.4375],"texture":"#1"},"west":{"uv":[0,6.125,1,6.75],"texture":"#1"},"up":{"uv":[6.0625,4.8125,5,3.8125],"texture":"#1"},"down":{"uv":[6.0625,4.8125,5,5.8125],"texture":"#1"}}}],"display":{"thirdperson_righthand":{"rotation":[75,45,0],"translation":[0,2.5,0],"scale":[0.375,0.375,0.375]},"thirdperson_lefthand":{"rotation":[75,45,0],"translation":[0,2.5,0],"scale":[0.375,0.375,0.375]},"firstperson_righthand":{"rotation":[0,123,0],"translation":[2.25,2.5,0],"scale":[0.1,0.1,0.1]},"firstperson_lefthand":{"rotation":[0,123,0],"translation":[2.25,2.5,0],"scale":[0.1,0.1,0.1]},"ground":{"translation":[0,3,0],"scale":[0.25,0.25,0.25]},"gui":{"rotation":[30,225,0],"translation":[0,1,0],"scale":[0.325,0.325,0.325]},"head":{"translation":[0,28.5,66.25],"scale":[3.2,3.2,3.2]},"fixed":{"scale":[0.5,0.5,0.5]}},"groups":[{"name":"root","origin":[8,8,8],"color":0,"children":[0]},{"name":"root","origin":[21,28,8],"color":0,"children":[1,2,3,4,5,6,7,8,9,10,11,12,13,14,15,16,17,18,19]}]}