{"credit":"Made with Blockbench","ambientocclusion":false,"texture_size":[128,128],"textures":{"1":"manalabs:furniture/medieval/rug_2","particle":"manalabs:furniture/medieval/rug_2"},"elements":[{"from":[-16,0.1,-15],"to":[32,0.1,32],"shade":false,"rotation":{"angle":0,"axis":"y","origin":[9,0,40.5]},"faces":{"north":{"uv":[0,0,6,0],"texture":"#1"},"east":{"uv":[0,0,5.875,0],"texture":"#1"},"south":{"uv":[0,0,6,0],"texture":"#1"},"west":{"uv":[0,0,5.875,0],"texture":"#1"},"up":{"uv":[6,5.875,0,0],"texture":"#1"},"down":{"uv":[6,5.875,0,11.75],"texture":"#1"}}}],"gui_light":"front","display":{"thirdperson_righthand":{"rotation":[75,45,0],"translation":[0,2.5,2.25],"scale":[0.375,0.375,0.375]},"thirdperson_lefthand":{"rotation":[75,45,0],"translation":[0,2.5,2.25],"scale":[0.375,0.375,0.375]},"firstperson_righthand":{"rotation":[0,45,0],"translation":[0,3.25,0],"scale":[0.3,0.3,0.3]},"firstperson_lefthand":{"rotation":[0,45,0],"translation":[0,3.25,0],"scale":[0.3,0.3,0.3]},"ground":{"translation":[0,3,0],"scale":[0.25,0.25,0.25]},"gui":{"rotation":[30,225,0],"translation":[0,1.25,0],"scale":[0.23,0.23,0.23]},"head":{"translation":[0,-30,-0.75],"scale":[1.6,1.6,1.6]},"fixed":{"rotation":[-90,0,0],"translation":[0,0,-3.25],"scale":[0.4,0.4,0.4]}},"groups":[{"name":"rug2","origin":[9,0,39.5],"color":0,"shade":false,"children":[0]}]}