{"credit":"Made with Blockbench","textures":{"0":"manalabs:furniture/medieval/sandstone_corked_pot","particle":"minecraft:block/dirt"},"elements":[{"from":[1,0,1],"to":[15,13,15],"rotation":{"angle":0,"axis":"y","origin":[-1,0,0]},"faces":{"north":{"uv":[7.5,3.5,11,6.75],"texture":"#0"},"east":{"uv":[11,3.5,7.5,6.75],"texture":"#0"},"south":{"uv":[7.5,3.5,11,6.75],"texture":"#0"},"west":{"uv":[11,3.5,7.5,6.75],"texture":"#0"},"up":{"uv":[7.5,3.5,4,0],"texture":"#0"},"down":{"uv":[7.5,3.5,4,7],"texture":"#0"}}},{"from":[0,5,0],"to":[16,7,16],"rotation":{"angle":0,"axis":"y","origin":[-1,0,0]},"faces":{"north":{"uv":[11,7,15,7.5],"texture":"#0"},"east":{"uv":[11,7,15,7.5],"texture":"#0"},"south":{"uv":[11,7,15,7.5],"texture":"#0"},"west":{"uv":[11,7,15,7.5],"texture":"#0"},"up":{"uv":[4,4,0,0],"texture":"#0"},"down":{"uv":[4,4,0,8],"texture":"#0"}}},{"from":[0.8,2.8,0.8],"to":[15.2,5.2,15.2],"rotation":{"angle":0,"axis":"y","origin":[-1,0,0]},"faces":{"north":{"uv":[11,9,14.5,9.5],"texture":"#0"},"east":{"uv":[11,9,14.5,9.5],"texture":"#0"},"south":{"uv":[11,9,14.5,9.5],"texture":"#0"},"west":{"uv":[11,9,14.5,9.5],"texture":"#0"},"up":{"uv":[7.5,10.5,4,7],"texture":"#0"},"down":{"uv":[11,0,7.5,3.5],"texture":"#0"}}},{"from":[4,13,4],"to":[12,15,12],"rotation":{"angle":0,"axis":"y","origin":[-1,0,0]},"faces":{"north":{"uv":[11,11,13,11.5],"texture":"#0"},"east":{"uv":[13,11,11,11.5],"texture":"#0"},"south":{"uv":[11,11,13,11.5],"texture":"#0"},"west":{"uv":[13,11,11,11.5],"texture":"#0"},"up":{"uv":[5.5,12.5,3.5,10.5],"texture":"#0"},"down":{"uv":[7.5,10.5,5.5,12.5],"texture":"#0"}}},{"from":[3.8,14.8,3.8],"to":[12.2,17.2,12.2],"rotation":{"angle":0,"axis":"y","origin":[-1,0,0]},"faces":{"north":{"uv":[11,12,13,12.5],"texture":"#0"},"east":{"uv":[0,12.25,2,12.75],"texture":"#0"},"south":{"uv":[2,12.5,4,13],"texture":"#0"},"west":{"uv":[4,12.5,6,13],"texture":"#0"},"up":{"uv":[13,2,11,0],"texture":"#0"},"down":{"uv":[13,2,11,4],"texture":"#0"}}},{"from":[5,17,5],"to":[11,19,11],"rotation":{"angle":0,"axis":"z","origin":[-1,0,0]},"faces":{"north":{"uv":[2,11.25,3.5,11.75],"texture":"#0"},"east":{"uv":[2,11.75,3.5,12.25],"texture":"#0"},"south":{"uv":[12.5,4,14,4.5],"texture":"#0"},"west":{"uv":[12.5,4.5,14,5],"texture":"#0"},"up":{"uv":[12.5,5.5,11,4],"texture":"#0"},"down":{"uv":[12.5,5.5,11,7],"texture":"#0"}}}],"gui_light":"front","display":{"thirdperson_righthand":{"rotation":[64,18,0],"translation":[0,0.75,-4.75],"scale":[0.55,0.55,0.55]},"thirdperson_lefthand":{"rotation":[64,18,0],"translation":[0,0.75,-4.75],"scale":[0.55,0.55,0.55]},"firstperson_righthand":{"rotation":[0,45,0],"translation":[1.5,2.5,0],"scale":[0.3,0.3,0.3]},"firstperson_lefthand":{"rotation":[0,45,0],"translation":[1.5,2.5,0],"scale":[0.3,0.3,0.3]},"ground":{"translation":[0,3,0],"scale":[0.25,0.25,0.25]},"gui":{"rotation":[15,45,0],"translation":[0,-0.75,0],"scale":[0.6,0.6,0.6]},"head":{"translation":[0,-30.25,0],"scale":[1.6,1.6,1.6]}},"groups":[{"name":"root","origin":[-1,0,0],"color":0,"children":[0,1,2,3,4,5]}]}