{"display":{"thirdperson_righthand":{"translation":[0,3.75,0]},"thirdperson_lefthand":{"translation":[0,3.75,0]},"firstperson_righthand":{"translation":[0,3.75,0]},"firstperson_lefthand":{"translation":[0,3.75,0]},"ground":{"translation":[0,4,0]},"gui":{"rotation":[0,-155,0],"translation":[0,7.5,0],"scale":[2,2,2]},"head":{"translation":[0,16.25,0],"scale":[2.5,2.5,2.5]},"fixed":{"translation":[0,5,0]}},"texture_size":[64,64],"textures":{"0":"manamodels/totoro","particle":"manamodels/totoro"},"elements":[{"from":[4.5,0,4.5],"to":[11.5,5,11.5],"rotation":{"angle":0,"axis":"y","origin":[8,-11,8]},"faces":{"north":{"uv":[2,6,3.75,7.25],"texture":"#0"},"east":{"uv":[2,7.5,3.75,8.75],"texture":"#0"},"south":{"uv":[4,7.5,5.75,8.75],"texture":"#0"},"west":{"uv":[7.5,5.5,9.25,6.75],"texture":"#0"},"up":{"uv":[7.25,7.25,5.5,5.5],"texture":"#0"},"down":{"uv":[1.75,6,0,7.75],"texture":"#0"}}},{"name":"whiskers","from":[11.25,1.5,4.475],"to":[14.25,2,4.475],"shade":false,"rotation":{"angle":0,"axis":"y","origin":[8.75,-11.75,8]},"faces":{"north":{"uv":[10.25,4.75,11,5],"texture":"#0"},"east":{"uv":[10.75,2,10.75,2.25],"texture":"#0"},"south":{"uv":[10.25,5.25,11,5.5],"texture":"#0"},"west":{"uv":[2.25,10.75,2.25,11],"texture":"#0"},"up":{"uv":[3.25,10.75,2.5,10.75],"texture":"#0"},"down":{"uv":[11.5,2.5,10.75,2.5],"texture":"#0"}}},{"name":"whiskers","from":[11,2.75,4.475],"to":[13,3.25,4.475],"shade":false,"rotation":{"angle":22.5,"axis":"z","origin":[12.75,2.75,4.475]},"faces":{"north":{"uv":[4.5,10.5,5,10.75],"texture":"#0"},"east":{"uv":[10.75,0.75,10.75,1],"texture":"#0"},"south":{"uv":[5.25,10.5,5.75,10.75],"texture":"#0"},"west":{"uv":[10.75,1.25,10.75,1.5],"texture":"#0"},"up":{"uv":[2,10.75,1.5,10.75],"texture":"#0"},"down":{"uv":[11.25,1.75,10.75,1.75],"texture":"#0"}}},{"name":"whiskers","from":[11.25,0.25,4.475],"to":[14.25,0.75,4.475],"shade":false,"rotation":{"angle":-22.5,"axis":"z","origin":[12.75,0.75,4.475]},"faces":{"north":{"uv":[9,10,9.75,10.25],"texture":"#0"},"east":{"uv":[9.25,5,9.25,5.25],"texture":"#0"},"south":{"uv":[10,10,10.75,10.25],"texture":"#0"},"west":{"uv":[8,9.5,8,9.75],"texture":"#0"},"up":{"uv":[11.5,0.25,10.75,0.25],"texture":"#0"},"down":{"uv":[11.5,0.5,10.75,0.5],"texture":"#0"}}},{"from":[3.5,4.75,7.5],"to":[5.5,9.75,8.5],"rotation":{"angle":22.5,"axis":"z","origin":[5.5,7.5,8]},"faces":{"north":{"uv":[4,6,4.5,7.25],"texture":"#0"},"east":{"uv":[7.5,8.75,7.75,10],"texture":"#0"},"south":{"uv":[4.75,6,5.25,7.25],"texture":"#0"},"west":{"uv":[5.5,9,5.75,10.25],"texture":"#0"},"up":{"uv":[10.75,6,10.25,5.75],"texture":"#0"},"down":{"uv":[7.5,10.25,7,10.5],"texture":"#0"}}},{"from":[10.5,4.75,7.5],"to":[12.5,9.75,8.5],"shade":false,"rotation":{"angle":-22.5,"axis":"z","origin":[10.5,7.5,8]},"faces":{"north":{"uv":[8.25,7,8.75,8.25],"texture":"#0"},"east":{"uv":[6,9.25,6.25,10.5],"texture":"#0"},"south":{"uv":[8.25,8.5,8.75,9.75],"texture":"#0"},"west":{"uv":[6.5,9.25,6.75,10.5],"texture":"#0"},"up":{"uv":[0.5,10.75,0,10.5],"texture":"#0"},"down":{"uv":[1.25,10.5,0.75,10.75],"texture":"#0"}}},{"from":[9.65,2.175,4.45],"to":[10.15,2.675,4.45],"rotation":{"angle":0,"axis":"y","origin":[8,0,8]},"faces":{"north":{"uv":[1.5,8,1.75,8.25],"texture":"#0"},"east":{"uv":[10.75,2.75,10.75,3],"texture":"#0"},"south":{"uv":[1.5,8.5,1.75,8.75],"texture":"#0"},"west":{"uv":[10.75,3.25,10.75,3.5],"texture":"#0"},"up":{"uv":[7.25,10,7,10],"texture":"#0"},"down":{"uv":[3.75,10.75,3.5,10.75],"texture":"#0"}}},{"from":[5.85,2.175,4.45],"to":[6.35,2.675,4.45],"rotation":{"angle":0,"axis":"y","origin":[8,0,8]},"faces":{"north":{"uv":[1.75,8,1.5,8.25],"texture":"#0"},"east":{"uv":[10.75,3.25,10.75,3.5],"texture":"#0"},"south":{"uv":[1.75,8.5,1.5,8.75],"texture":"#0"},"west":{"uv":[10.75,2.75,10.75,3],"texture":"#0"},"up":{"uv":[7,10,7.25,10],"texture":"#0"},"down":{"uv":[3.5,10.75,3.75,10.75],"texture":"#0"}}},{"name":"whiskers","from":[1.75,0.25,4.475],"to":[4.75,0.75,4.475],"shade":false,"rotation":{"angle":22.5,"axis":"z","origin":[3.25,0.75,4.475]},"faces":{"north":{"uv":[9.75,10,9,10.25],"texture":"#0"},"east":{"uv":[8,9.5,8,9.75],"texture":"#0"},"south":{"uv":[10.75,10,10,10.25],"texture":"#0"},"west":{"uv":[9.25,5,9.25,5.25],"texture":"#0"},"up":{"uv":[10.75,0.25,11.5,0.25],"texture":"#0"},"down":{"uv":[10.75,0.5,11.5,0.5],"texture":"#0"}}},{"name":"whiskers","from":[1.75,1.5,4.475],"to":[4.75,2,4.475],"shade":false,"rotation":{"angle":0,"axis":"y","origin":[7.25,-11.75,8]},"faces":{"north":{"uv":[11,4.75,10.25,5],"texture":"#0"},"east":{"uv":[2.25,10.75,2.25,11],"texture":"#0"},"south":{"uv":[11,5.25,10.25,5.5],"texture":"#0"},"west":{"uv":[10.75,2,10.75,2.25],"texture":"#0"},"up":{"uv":[2.5,10.75,3.25,10.75],"texture":"#0"},"down":{"uv":[10.75,2.5,11.5,2.5],"texture":"#0"}}},{"name":"whiskers","from":[3,2.75,4.475],"to":[5,3.25,4.475],"shade":false,"rotation":{"angle":-22.5,"axis":"z","origin":[3.25,2.75,4.475]},"faces":{"north":{"uv":[5,10.5,4.5,10.75],"texture":"#0"},"east":{"uv":[10.75,1.25,10.75,1.5],"texture":"#0"},"south":{"uv":[5.75,10.5,5.25,10.75],"texture":"#0"},"west":{"uv":[10.75,0.75,10.75,1],"texture":"#0"},"up":{"uv":[1.5,10.75,2,10.75],"texture":"#0"},"down":{"uv":[10.75,1.75,11.25,1.75],"texture":"#0"}}},{"from":[7.5,1.75,4.45],"to":[8.5,2.25,4.45],"rotation":{"angle":0,"axis":"y","origin":[8,0,8]},"faces":{"north":{"uv":[1.75,8,1.5,8.25],"texture":"#0"},"east":{"uv":[10.75,3.25,10.75,3.5],"texture":"#0"},"south":{"uv":[1.75,8.5,1.5,8.75],"texture":"#0"},"west":{"uv":[10.75,2.75,10.75,3],"texture":"#0"},"up":{"uv":[7,10,7.25,10],"texture":"#0"},"down":{"uv":[3.5,10.75,3.75,10.75],"texture":"#0"}}}],"gui_light":"front"}