{"file_name":"leg_3","texture_size":[128,128],"textures":{"layer0":"manamodels/rudolph"},"elements":[{"name":"leg_3_0","from":[6.5,5.216048,4.462064],"to":[9.5,10.016048,8.662064],"rotation":{"angle":22.5,"axis":"x","origin":[8.0,3.7160478,7.762064]},"faces":{"east":{"uv":[5.625,0.0,6.5,1.0],"texture":"#layer0","tintindex":0},"south":{"uv":[5.25,5.875,5.875,6.875],"texture":"#layer0","tintindex":0},"north":{"uv":[5.875,5.125,6.5,6.125],"texture":"#layer0","tintindex":0},"west":{"uv":[5.625,2.375,6.5,3.375],"texture":"#layer0","tintindex":0},"up":{"uv":[7.5,1.875,6.875,1.0],"texture":"#layer0","tintindex":0},"down":{"uv":[6.875,1.875,7.5,2.75],"texture":"#layer0","tintindex":0}}}],"display":{"head":{"translation":[0.0,-6.4,0.0],"rotation":[0.0,0.0,0.0],"scale":[3.8095,3.8095,3.8095]},"gui":{"translation":[0.0,0.0,0.0],"rotation":[35.0,225.0,0.0],"scale":[0.625,0.625,0.625]}}}