{"file_name":"arm","texture_size":[128,128],"textures":{"layer0":"manamodels/npc_classes"},"elements":[{"name":"arm_0","from":[5.3359995,1.3399996,6.6679997],"to":[7.9999995,9.332,9.332],"rotation":{"angle":0.0,"axis":"z","origin":[8.0,8.0,8.0]},"faces":{"east":{"uv":[1.75,4.375,2.25,5.875],"texture":"#layer0","tintindex":0},"south":{"uv":[3.875,4.375,4.375,5.875],"texture":"#layer0","tintindex":0},"north":{"uv":[1.125,4.375,1.625,5.875],"texture":"#layer0","tintindex":0},"west":{"uv":[4.5,1.125,5.0,2.625],"texture":"#layer0","tintindex":0},"up":{"uv":[7.5,0.75,7.0,0.25],"texture":"#layer0","tintindex":0},"down":{"uv":[7.0,0.875,7.5,1.375],"texture":"#layer0","tintindex":0}}}],"display":{"head":{"translation":[0.0,-6.4,0.0],"rotation":[0.0,0.0,0.0],"scale":[3.8095,3.8095,3.8095]},"gui":{"translation":[0.0,0.0,0.0],"rotation":[35.0,225.0,0.0],"scale":[0.625,0.625,0.625]}}}