{"file_name":"torso","texture_size":[128,128],"textures":{"layer0":"manamodels/npc_classes"},"elements":[{"name":"torso_0","from":[5.3360004,15.992001,6.6679997],"to":[10.6640005,23.984001,9.332],"rotation":{"angle":0.0,"axis":"z","origin":[8.0,8.0,8.0]},"faces":{"east":{"uv":[3.875,1.125,4.375,2.625],"texture":"#layer0","tintindex":0},"south":{"uv":[1.625,1.625,2.625,3.125],"texture":"#layer0","tintindex":0},"north":{"uv":[1.625,0.0,2.625,1.5],"texture":"#layer0","tintindex":0},"west":{"uv":[3.875,2.75,4.375,4.25],"texture":"#layer0","tintindex":0},"up":{"uv":[4.625,6.5,3.625,6.0],"texture":"#layer0","tintindex":0},"down":{"uv":[1.375,6.125,2.375,6.625],"texture":"#layer0","tintindex":0}}},{"name":"torso_1","from":[8.0,21.986,6.002],"to":[10.6640005,23.318,6.668],"rotation":{"angle":-22.5,"axis":"z","origin":[9.332001,22.319,6.335]},"faces":{"east":{"uv":[3.75,7.875,3.875,8.125],"texture":"#layer0","tintindex":0},"south":{"uv":[2.5,7.25,3.0,7.5],"texture":"#layer0","tintindex":0},"north":{"uv":[0.0,7.25,0.5,7.5],"texture":"#layer0","tintindex":0},"west":{"uv":[4.0,7.875,4.125,8.125],"texture":"#layer0","tintindex":0},"up":{"uv":[8.125,1.875,7.625,1.75],"texture":"#layer0","tintindex":0},"down":{"uv":[2.5,7.625,3.0,7.75],"texture":"#layer0","tintindex":0}}},{"name":"torso_2","from":[5.336,21.986,6.002],"to":[8.0,23.318,6.668],"rotation":{"angle":22.5,"axis":"z","origin":[6.6679997,22.319,6.335]},"faces":{"east":{"uv":[4.25,7.875,4.375,8.125],"texture":"#layer0","tintindex":0},"south":{"uv":[3.75,7.5,4.25,7.75],"texture":"#layer0","tintindex":0},"north":{"uv":[3.125,7.5,3.625,7.75],"texture":"#layer0","tintindex":0},"west":{"uv":[4.5,7.875,4.625,8.125],"texture":"#layer0","tintindex":0},"up":{"uv":[4.875,7.75,4.375,7.625],"texture":"#layer0","tintindex":0},"down":{"uv":[5.625,7.625,6.125,7.75],"texture":"#layer0","tintindex":0}}},{"name":"torso_3","from":[7.334,21.986,5.6689997],"to":[8.666,23.318,7.001],"rotation":{"angle":0.0,"axis":"z","origin":[8.0,8.0,8.0]},"faces":{"east":{"uv":[0.625,5.125,0.875,5.375],"texture":"#layer0","tintindex":0},"south":{"uv":[0.625,5.5,0.875,5.75],"texture":"#layer0","tintindex":0},"north":{"uv":[0.625,4.75,0.875,5.0],"texture":"#layer0","tintindex":0},"west":{"uv":[4.75,6.0,5.0,6.25],"texture":"#layer0","tintindex":0},"up":{"uv":[3.375,6.375,3.125,6.125],"texture":"#layer0","tintindex":0},"down":{"uv":[5.0,7.625,5.25,7.875],"texture":"#layer0","tintindex":0}}}],"display":{"head":{"translation":[0.0,-6.4,0.0],"rotation":[0.0,0.0,0.0],"scale":[3.8095,3.8095,3.8095]},"gui":{"translation":[0.0,0.0,0.0],"rotation":[35.0,225.0,0.0],"scale":[0.625,0.625,0.625]}}}