{"display":{"gui":{"rotation":[35,225,0],"translation":[1.75,-0.5,0],"scale":[1.5,1.5,1.5]},"head":{"translation":[0,-6.4,0],"scale":[3.8095,3.8095,3.8095]}},"texture_size":[64,64],"textures":{"layer0":"manamodels/ghost"},"elements":[{"name":"root_0","from":[5.6,3.62346,7.18477],"to":[10.4,11.42346,11.98477],"rotation":{"angle":0,"axis":"z","origin":[8,8,8]},"faces":{"north":{"uv":[0,0,2,3.25],"texture":"#layer0","tintindex":0},"east":{"uv":[2,0,4,3.25],"texture":"#layer0","tintindex":0},"south":{"uv":[2,0,4,3.25],"texture":"#layer0","tintindex":0},"west":{"uv":[2,0,4,3.25],"texture":"#layer0","tintindex":0},"up":{"uv":[6,2,4,0],"texture":"#layer0","tintindex":0},"down":{"uv":[4,2,6,4],"texture":"#layer0","tintindex":0}}},{"name":"root_1","from":[10.4,11.42346,11.98477],"to":[5.6,3.62346,7.18477],"rotation":{"angle":0,"axis":"z","origin":[8,8,8]},"faces":{"north":{"uv":[2,3.25,4,0],"texture":"#layer0","tintindex":0},"east":{"uv":[2,3.25,4,0],"texture":"#layer0","tintindex":0},"south":{"uv":[0,3.25,2,0],"texture":"#layer0","tintindex":0},"west":{"uv":[2,3.25,4,0],"texture":"#layer0","tintindex":0},"up":{"uv":[4,2,6,4],"texture":"#layer0","tintindex":0},"down":{"uv":[6,2,4,0],"texture":"#layer0","tintindex":0}}}]}