{"file_name":"arm","texture_size":[256,256],"textures":{"layer0":"manamodels/girlmage"},"elements":[{"name":"arm_0","from":[11.15,9.35,7.25],"to":[12.95,9.35,9.05],"rotation":{"angle":-22.5,"axis":"y","origin":[9.8,5.6,9.2]},"faces":{"east":{"uv":[7.6875,5.875,7.875,5.875],"texture":"#layer0","tintindex":0},"south":{"uv":[1.5,8.1875,1.6875,8.1875],"texture":"#layer0","tintindex":0},"north":{"uv":[7.6875,2.5,7.875,2.5],"texture":"#layer0","tintindex":0},"west":{"uv":[8.1875,5.0625,8.375,5.0625],"texture":"#layer0","tintindex":0},"up":{"uv":[8.0,8.0,7.8125,7.8125],"texture":"#layer0","tintindex":0},"down":{"uv":[0.75,7.875,0.9375,8.0625],"texture":"#layer0","tintindex":0}}},{"name":"arm_1","from":[8.0,6.8,6.8],"to":[12.8,9.2,9.2],"rotation":{"angle":0.0,"axis":"z","origin":[8.0,8.0,8.0]},"faces":{"east":{"uv":[7.3125,6.0,7.5625,6.25],"texture":"#layer0","tintindex":0},"south":{"uv":[6.4375,3.3125,6.9375,3.5625],"texture":"#layer0","tintindex":0},"north":{"uv":[6.4375,3.0,6.9375,3.25],"texture":"#layer0","tintindex":0},"west":{"uv":[7.3125,6.75,7.5625,7.0],"texture":"#layer0","tintindex":0},"up":{"uv":[6.9375,3.875,6.4375,3.625],"texture":"#layer0","tintindex":0},"down":{"uv":[4.625,6.4375,5.125,6.6875],"texture":"#layer0","tintindex":0}}}],"display":{"head":{"translation":[0.0,-6.4,0.0],"rotation":[0.0,0.0,0.0],"scale":[3.8095,3.8095,3.8095]},"gui":{"translation":[0.0,0.0,0.0],"rotation":[35.0,225.0,0.0],"scale":[0.625,0.625,0.625]}}}