{"file_name":"arm_bottom","texture_size":[256,256],"textures":{"layer0":"manamodels/girlmage"},"elements":[{"name":"arm_bottom_0","from":[8.0,8.0,6.8],"to":[14.0,10.4,9.2],"rotation":{"angle":0.0,"axis":"z","origin":[8.0,8.0,8.0]},"faces":{"east":{"uv":[7.1875,7.3125,7.4375,7.5625],"texture":"#layer0","tintindex":0},"south":{"uv":[5.8125,0.0,6.4375,0.25],"texture":"#layer0","tintindex":0},"north":{"uv":[5.75,3.75,6.375,4.0],"texture":"#layer0","tintindex":0},"west":{"uv":[7.375,0.0,7.625,0.25],"texture":"#layer0","tintindex":0},"up":{"uv":[6.4375,0.5625,5.8125,0.3125],"texture":"#layer0","tintindex":0},"down":{"uv":[5.8125,0.625,6.4375,0.875],"texture":"#layer0","tintindex":0}}},{"name":"arm_bottom_1","from":[6.6242647,7.078682,6.815],"to":[10.224264,7.0936823,9.185],"rotation":{"angle":-45.0,"axis":"z","origin":[8.424267,5.878682,9.2]},"faces":{"east":{"uv":[7.6875,4.5625,7.9375,4.5625],"texture":"#layer0","tintindex":0},"south":{"uv":[8.1875,4.1875,8.5625,4.1875],"texture":"#layer0","tintindex":0},"north":{"uv":[8.1875,4.125,8.5625,4.125],"texture":"#layer0","tintindex":0},"west":{"uv":[8.1875,4.25,8.4375,4.25],"texture":"#layer0","tintindex":0},"up":{"uv":[3.25,7.1875,2.875,6.9375],"texture":"#layer0","tintindex":0},"down":{"uv":[3.3125,6.9375,3.6875,7.1875],"texture":"#layer0","tintindex":0}}},{"name":"arm_bottom_2","from":[6.6242647,7.078682,6.815],"to":[10.224264,10.678682,6.83],"rotation":{"angle":-45.0,"axis":"z","origin":[8.424267,5.878682,9.215]},"faces":{"east":{"uv":[7.1875,8.125,7.1875,8.5],"texture":"#layer0","tintindex":0},"south":{"uv":[2.9375,6.125,3.3125,6.5],"texture":"#layer0","tintindex":0},"north":{"uv":[6.125,2.5625,6.5,2.9375],"texture":"#layer0","tintindex":0},"west":{"uv":[7.625,8.125,7.625,8.5],"texture":"#layer0","tintindex":0},"up":{"uv":[8.5625,4.3125,8.1875,4.3125],"texture":"#layer0","tintindex":0},"down":{"uv":[8.1875,4.375,8.5625,4.375],"texture":"#layer0","tintindex":0}}},{"name":"arm_bottom_3","from":[6.6242647,7.078682,9.17],"to":[10.224264,10.678682,9.184999],"rotation":{"angle":-45.0,"axis":"z","origin":[8.424267,5.878682,6.785]},"faces":{"east":{"uv":[7.6875,8.125,7.6875,8.5],"texture":"#layer0","tintindex":0},"south":{"uv":[6.0,6.125,6.375,6.5],"texture":"#layer0","tintindex":0},"north":{"uv":[3.375,6.125,3.75,6.5],"texture":"#layer0","tintindex":0},"west":{"uv":[7.75,8.125,7.75,8.5],"texture":"#layer0","tintindex":0},"up":{"uv":[8.5625,4.4375,8.1875,4.4375],"texture":"#layer0","tintindex":0},"down":{"uv":[8.1875,5.0,8.5625,5.0],"texture":"#layer0","tintindex":0}}}],"display":{"head":{"translation":[0.0,-6.4,0.0],"rotation":[0.0,0.0,0.0],"scale":[3.8095,3.8095,3.8095]},"gui":{"translation":[0.0,0.0,0.0],"rotation":[35.0,225.0,0.0],"scale":[0.625,0.625,0.625]}}}