{"file_name":"foot","texture_size":[256,256],"textures":{"layer0":"manamodels/girlmage"},"elements":[{"name":"foot_0","from":[6.8,7.4,6.2],"to":[9.2,8.0,8.6],"rotation":{"angle":0.0,"axis":"z","origin":[8.0,8.0,8.0]},"faces":{"east":{"uv":[1.1875,4.4375,1.4375,4.5],"texture":"#layer0","tintindex":0},"south":{"uv":[6.125,3.0,6.375,3.0625],"texture":"#layer0","tintindex":0},"north":{"uv":[1.5,2.875,1.75,2.9375],"texture":"#layer0","tintindex":0},"west":{"uv":[0.375,6.375,0.625,6.4375],"texture":"#layer0","tintindex":0},"up":{"uv":[7.5625,3.25,7.3125,3.0],"texture":"#layer0","tintindex":0},"down":{"uv":[7.3125,3.3125,7.5625,3.5625],"texture":"#layer0","tintindex":0}}},{"name":"foot_1","from":[6.8,6.8,6.2],"to":[9.2,7.4,8.0],"rotation":{"angle":0.0,"axis":"z","origin":[8.0,8.0,8.0]},"faces":{"east":{"uv":[7.0625,6.0,7.25,6.0625],"texture":"#layer0","tintindex":0},"south":{"uv":[6.625,2.4375,6.875,2.5],"texture":"#layer0","tintindex":0},"north":{"uv":[6.4375,3.9375,6.6875,4.0],"texture":"#layer0","tintindex":0},"west":{"uv":[8.0,4.5,8.1875,4.5625],"texture":"#layer0","tintindex":0},"up":{"uv":[7.25,7.8125,7.0,7.625],"texture":"#layer0","tintindex":0},"down":{"uv":[7.625,7.0625,7.875,7.25],"texture":"#layer0","tintindex":0}}},{"name":"foot_2","from":[6.8,6.8,8.6],"to":[9.2,8.0,9.8],"rotation":{"angle":0.0,"axis":"z","origin":[8.0,8.0,8.0]},"faces":{"east":{"uv":[7.625,7.9375,7.75,8.0625],"texture":"#layer0","tintindex":0},"south":{"uv":[6.125,6.5625,6.375,6.6875],"texture":"#layer0","tintindex":0},"north":{"uv":[5.8125,0.9375,6.0625,1.0625],"texture":"#layer0","tintindex":0},"west":{"uv":[0.25,8.0,0.375,8.125],"texture":"#layer0","tintindex":0},"up":{"uv":[7.3125,0.875,7.0625,0.75],"texture":"#layer0","tintindex":0},"down":{"uv":[7.875,6.3125,8.125,6.4375],"texture":"#layer0","tintindex":0}}},{"name":"foot_3","from":[8.0,6.8,4.7],"to":[8.0,8.6,7.7],"rotation":{"angle":0.0,"axis":"z","origin":[8.0,8.0,8.0]},"faces":{"east":{"uv":[7.4375,2.75,7.75,2.9375],"texture":"#layer0","tintindex":0},"south":{"uv":[3.8125,5.875,3.8125,6.0625],"texture":"#layer0","tintindex":0},"north":{"uv":[3.8125,5.625,3.8125,5.8125],"texture":"#layer0","tintindex":0},"west":{"uv":[5.375,7.4375,5.6875,7.625],"texture":"#layer0","tintindex":0},"up":{"uv":[3.8125,6.4375,3.8125,6.125],"texture":"#layer0","tintindex":0},"down":{"uv":[2.25,6.75,2.25,7.0625],"texture":"#layer0","tintindex":0}}},{"name":"foot_4","from":[7.4,6.8,5.0],"to":[8.6,7.4,6.2],"rotation":{"angle":0.0,"axis":"z","origin":[8.0,8.0,8.0]},"faces":{"east":{"uv":[5.0625,0.3125,5.1875,0.375],"texture":"#layer0","tintindex":0},"south":{"uv":[6.3125,7.75,6.4375,7.8125],"texture":"#layer0","tintindex":0},"north":{"uv":[4.875,4.625,5.0,4.6875],"texture":"#layer0","tintindex":0},"west":{"uv":[1.75,8.125,1.875,8.1875],"texture":"#layer0","tintindex":0},"up":{"uv":[1.0625,3.875,0.9375,3.75],"texture":"#layer0","tintindex":0},"down":{"uv":[7.0,7.4375,7.125,7.5625],"texture":"#layer0","tintindex":0}}}],"display":{"head":{"translation":[0.0,-6.4,0.0],"rotation":[0.0,0.0,0.0],"scale":[3.8095,3.8095,3.8095]},"gui":{"translation":[0.0,0.0,0.0],"rotation":[35.0,225.0,0.0],"scale":[0.625,0.625,0.625]}}}