{"file_name":"leg2","texture_size":[256,256],"textures":{"layer0":"manamodels/girlmage"},"elements":[{"name":"leg2_0","from":[6.5,1.9999998,6.8],"to":[9.5,6.8,9.8],"rotation":{"angle":0.0,"axis":"z","origin":[8.0,8.0,8.0]},"faces":{"east":{"uv":[0.0,5.9375,0.3125,6.4375],"texture":"#layer0","tintindex":0},"south":{"uv":[1.0625,5.9375,1.375,6.4375],"texture":"#layer0","tintindex":0},"north":{"uv":[4.9375,5.875,5.25,6.375],"texture":"#layer0","tintindex":0},"west":{"uv":[5.9375,1.6875,6.25,2.1875],"texture":"#layer0","tintindex":0},"up":{"uv":[6.875,5.6875,6.5625,5.375],"texture":"#layer0","tintindex":0},"down":{"uv":[5.75,6.5625,6.0625,6.875],"texture":"#layer0","tintindex":0}}},{"name":"leg2_1","from":[6.2,6.8,6.5],"to":[9.8,8.6,10.700001],"rotation":{"angle":0.0,"axis":"z","origin":[8.0,8.0,8.0]},"faces":{"east":{"uv":[5.5625,6.9375,6.0,7.125],"texture":"#layer0","tintindex":0},"south":{"uv":[6.0625,7.125,6.4375,7.3125],"texture":"#layer0","tintindex":0},"north":{"uv":[4.375,7.125,4.75,7.3125],"texture":"#layer0","tintindex":0},"west":{"uv":[7.0,0.9375,7.4375,1.125],"texture":"#layer0","tintindex":0},"up":{"uv":[4.4375,5.9375,4.0625,5.5],"texture":"#layer0","tintindex":0},"down":{"uv":[4.5,5.5,4.875,5.9375],"texture":"#layer0","tintindex":0}}},{"name":"leg2_2","from":[7.121318,0.7999997,8.921318],"to":[7.121318,1.9999998,10.721318],"rotation":{"angle":-45.0,"axis":"y","origin":[10.121319,6.8,8.921318]},"faces":{"east":{"uv":[3.5625,7.9375,3.75,8.0625],"texture":"#layer0","tintindex":0},"south":{"uv":[6.0625,6.9375,6.0625,7.0625],"texture":"#layer0","tintindex":0},"north":{"uv":[2.875,6.75,2.875,6.875],"texture":"#layer0","tintindex":0},"west":{"uv":[7.9375,3.5625,8.125,3.6875],"texture":"#layer0","tintindex":0},"up":{"uv":[6.8125,7.3125,6.8125,7.125],"texture":"#layer0","tintindex":0},"down":{"uv":[4.3125,7.4375,4.3125,7.625],"texture":"#layer0","tintindex":0}}},{"name":"leg2_3","from":[7.121318,0.7999997,8.921318],"to":[8.921318,1.9999998,8.921318],"rotation":{"angle":-45.0,"axis":"y","origin":[10.121319,6.8,8.921318]},"faces":{"east":{"uv":[5.5,7.0,5.5,7.125],"texture":"#layer0","tintindex":0},"south":{"uv":[7.9375,3.9375,8.125,4.0625],"texture":"#layer0","tintindex":0},"north":{"uv":[7.9375,3.75,8.125,3.875],"texture":"#layer0","tintindex":0},"west":{"uv":[5.9375,7.1875,5.9375,7.3125],"texture":"#layer0","tintindex":0},"up":{"uv":[3.5,5.0,3.3125,5.0],"texture":"#layer0","tintindex":0},"down":{"uv":[6.0625,5.0,6.25,5.0],"texture":"#layer0","tintindex":0}}},{"name":"leg2_4","from":[7.121318,1.9999998,8.321318],"to":[8.921318,5.6,10.121319],"rotation":{"angle":-45.0,"axis":"y","origin":[10.121319,8.3,8.321318]},"faces":{"east":{"uv":[6.5,7.125,6.6875,7.5],"texture":"#layer0","tintindex":0},"south":{"uv":[0.0,7.1875,0.1875,7.5625],"texture":"#layer0","tintindex":0},"north":{"uv":[4.8125,7.125,5.0,7.5],"texture":"#layer0","tintindex":0},"west":{"uv":[1.375,7.1875,1.5625,7.5625],"texture":"#layer0","tintindex":0},"up":{"uv":[6.25,7.9375,6.0625,7.75],"texture":"#layer0","tintindex":0},"down":{"uv":[7.75,7.3125,7.9375,7.5],"texture":"#layer0","tintindex":0}}},{"name":"leg2_5","from":[6.0499997,-0.40000033,5.3],"to":[6.0649996,8.6,10.700001],"rotation":{"angle":-22.5,"axis":"x","origin":[9.950001,8.0,6.8]},"faces":{"east":{"uv":[1.8125,2.0,2.375,2.9375],"texture":"#layer0","tintindex":0},"south":{"uv":[2.5625,8.25,2.5625,9.1875],"texture":"#layer0","tintindex":0},"north":{"uv":[2.5,8.25,2.5,9.1875],"texture":"#layer0","tintindex":0},"west":{"uv":[2.4375,0.0,3.0,0.9375],"texture":"#layer0","tintindex":0},"up":{"uv":[2.625,8.8125,2.625,8.25],"texture":"#layer0","tintindex":0},"down":{"uv":[2.6875,8.25,2.6875,8.8125],"texture":"#layer0","tintindex":0}}},{"name":"leg2_6","from":[6.05,-0.40000033,10.685],"to":[10.25,8.6,10.700001],"rotation":{"angle":-22.5,"axis":"x","origin":[9.950001,8.0,6.8]},"faces":{"east":{"uv":[2.875,8.25,2.875,9.1875],"texture":"#layer0","tintindex":0},"south":{"uv":[3.0625,3.0,3.5,3.9375],"texture":"#layer0","tintindex":0},"north":{"uv":[3.0625,0.0,3.5,0.9375],"texture":"#layer0","tintindex":0},"west":{"uv":[2.9375,8.25,2.9375,9.1875],"texture":"#layer0","tintindex":0},"up":{"uv":[8.6875,2.75,8.25,2.75],"texture":"#layer0","tintindex":0},"down":{"uv":[8.25,2.8125,8.6875,2.8125],"texture":"#layer0","tintindex":0}}}],"display":{"head":{"translation":[0.0,-6.4,0.0],"rotation":[0.0,0.0,0.0],"scale":[3.8095,3.8095,3.8095]},"gui":{"translation":[0.0,0.0,0.0],"rotation":[35.0,225.0,0.0],"scale":[0.625,0.625,0.625]}}}