{"textures":{"0":"modelengine:custom/duck","particle":"modelengine:custom/duck"},"elements":[{"from":[5.0,6.2745,8.39242],"to":[11.0,13.2745,16.39242],"faces":{"east":{"uv":[0.0,12.25,2.0,14.0],"tintindex":0,"rotation":0,"texture":"#0"},"south":{"uv":[5.5,12.25,7.0,14.0],"tintindex":0,"rotation":0,"texture":"#0"},"north":{"uv":[2.0,12.25,3.5,14.0],"tintindex":0,"rotation":0,"texture":"#0"},"west":{"uv":[3.5,12.25,5.5,14.0],"tintindex":0,"rotation":0,"texture":"#0"},"up":{"uv":[3.5,12.25,2.0,10.25],"tintindex":0,"rotation":0,"texture":"#0"},"down":{"uv":[5.0,10.25,3.5,12.25],"tintindex":0,"rotation":0,"texture":"#0"}},"rotation":{"origin":[8.0,8.2745,14.39242],"angle":-22.5,"axis":"x"}}],"display":{"gui":{"rotation":[30,225,0]}}}