{"file_name":"bone4","texture_size":[128,128],"textures":{"layer0":"manamodels/fairy"},"elements":[{"name":"bone4_0","from":[8.6,8.6,8.6],"to":[10.4,9.8,8.6],"rotation":{"angle":0.0,"axis":"z","origin":[8.0,8.0,8.0]},"faces":{"east":{"uv":[3.5,10.25,3.5,10.5],"texture":"#layer0","tintindex":0},"south":{"uv":[10.375,8.625,10.75,8.875],"texture":"#layer0","tintindex":0},"north":{"uv":[10.375,8.25,10.75,8.5],"texture":"#layer0","tintindex":0},"west":{"uv":[3.875,10.75,3.875,11.0],"texture":"#layer0","tintindex":0},"up":{"uv":[2.625,8.5,2.25,8.5],"texture":"#layer0","tintindex":0},"down":{"uv":[8.625,5.125,9.0,5.125],"texture":"#layer0","tintindex":0}}}],"display":{"head":{"translation":[0.0,-6.4,0.0],"rotation":[0.0,0.0,0.0],"scale":[3.8095,3.8095,3.8095]},"gui":{"translation":[0.0,0.0,0.0],"rotation":[35.0,225.0,0.0],"scale":[0.625,0.625,0.625]}}}