{"file_name":"bone2","texture_size":[128,128],"textures":{"layer0":"manamodels/fairy"},"elements":[{"name":"bone2_0","from":[9.365,11.0,8.6],"to":[9.965,12.2,11.0],"rotation":{"angle":0.0,"axis":"z","origin":[8.0,8.0,8.0]},"faces":{"east":{"uv":[3.625,9.625,4.125,10.0],"texture":"#layer0","tintindex":0},"south":{"uv":[2.875,10.75,3.0,11.125],"texture":"#layer0","tintindex":0},"north":{"uv":[2.625,10.75,2.75,11.125],"texture":"#layer0","tintindex":0},"west":{"uv":[6.0,9.625,6.5,10.0],"texture":"#layer0","tintindex":0},"up":{"uv":[1.375,7.0,1.25,6.5],"texture":"#layer0","tintindex":0},"down":{"uv":[1.875,7.125,2.0,7.625],"texture":"#layer0","tintindex":0}}}],"display":{"head":{"translation":[0.0,-6.4,0.0],"rotation":[0.0,0.0,0.0],"scale":[3.8095,3.8095,3.8095]},"gui":{"translation":[0.0,0.0,0.0],"rotation":[35.0,225.0,0.0],"scale":[0.625,0.625,0.625]}}}