{"file_name":"lower_leg","texture_size":[128,128],"textures":{"layer0":"manamodels/fairy"},"elements":[{"name":"lower_leg_0","from":[6.95,4.3999996,7.4],"to":[8.75,8.0,9.2],"rotation":{"angle":0.0,"axis":"z","origin":[8.0,8.0,8.0]},"faces":{"east":{"uv":[8.0,5.25,8.375,6.0],"texture":"#layer0","tintindex":0},"south":{"uv":[5.625,8.125,6.0,8.875],"texture":"#layer0","tintindex":0},"north":{"uv":[0.75,7.875,1.125,8.625],"texture":"#layer0","tintindex":0},"west":{"uv":[6.125,8.125,6.5,8.875],"texture":"#layer0","tintindex":0},"up":{"uv":[8.0,10.0,7.625,9.625],"texture":"#layer0","tintindex":0},"down":{"uv":[8.125,9.625,8.5,10.0],"texture":"#layer0","tintindex":0}}},{"name":"lower_leg_1","from":[7.25,1.9999998,7.4],"to":[8.45,4.3999996,8.6],"rotation":{"angle":0.0,"axis":"z","origin":[8.0,8.0,8.0]},"faces":{"east":{"uv":[5.375,10.0,5.625,10.5],"texture":"#layer0","tintindex":0},"south":{"uv":[2.0,10.125,2.25,10.625],"texture":"#layer0","tintindex":0},"north":{"uv":[5.0,10.0,5.25,10.5],"texture":"#layer0","tintindex":0},"west":{"uv":[2.375,10.125,2.625,10.625],"texture":"#layer0","tintindex":0},"up":{"uv":[10.75,0.25,10.5,0.0],"texture":"#layer0","tintindex":0},"down":{"uv":[10.5,0.375,10.75,0.625],"texture":"#layer0","tintindex":0}}}],"display":{"head":{"translation":[0.0,-6.4,0.0],"rotation":[0.0,0.0,0.0],"scale":[3.8095,3.8095,3.8095]},"gui":{"translation":[0.0,0.0,0.0],"rotation":[35.0,225.0,0.0],"scale":[0.625,0.625,0.625]}}}