{"file_name":"bone3","texture_size":[32,32],"textures":{"layer0":"manamodels/space_invader"},"elements":[{"name":"bone3_0","from":[7.4,7.7,7.7],"to":[8.6,8.3,8.3],"rotation":{"angle":0.0,"axis":"z","origin":[8.0,8.0,8.0]},"faces":{"east":{"uv":[3.0,4.0,3.5,4.5],"texture":"#layer0","tintindex":0},"south":{"uv":[5.0,4.0,6.0,4.5],"texture":"#layer0","tintindex":0},"north":{"uv":[3.5,4.0,4.5,4.5],"texture":"#layer0","tintindex":0},"west":{"uv":[4.5,4.0,5.0,4.5],"texture":"#layer0","tintindex":0},"up":{"uv":[4.5,4.0,3.5,3.5],"texture":"#layer0","tintindex":0},"down":{"uv":[4.5,3.5,5.5,4.0],"texture":"#layer0","tintindex":0}}}],"display":{"head":{"translation":[0.0,-6.4,0.0],"rotation":[0.0,0.0,0.0],"scale":[3.8095,3.8095,3.8095]},"gui":{"translation":[0.0,0.0,0.0],"rotation":[35.0,225.0,0.0],"scale":[0.625,0.625,0.625]}}}