{"file_name":"owl_head","texture_size":[128,128],"textures":{"layer0":"manamodels/athena"},"elements":[{"name":"owl_head_0","from":[6.8,6.8,5.8999996],"to":[9.2,9.2,8.0],"rotation":{"angle":0.0,"axis":"z","origin":[8.0,8.0,8.0]},"faces":{"east":{"uv":[6.875,7.375,6.375,7.875],"texture":"#layer0","tintindex":0},"south":{"uv":[7.25,4.75,7.75,5.25],"texture":"#layer0","tintindex":0},"north":{"uv":[5.875,7.125,6.375,7.625],"texture":"#layer0","tintindex":0},"west":{"uv":[6.375,7.375,6.875,7.875],"texture":"#layer0","tintindex":0},"up":{"uv":[7.875,7.875,7.375,7.375],"texture":"#layer0","tintindex":0},"down":{"uv":[7.375,7.875,7.875,7.375],"texture":"#layer0","tintindex":0}}},{"name":"owl_head_1","from":[7.7,6.86,5.3],"to":[8.3,8.0,7.4],"rotation":{"angle":0.0,"axis":"z","origin":[8.0,8.0,8.0]},"faces":{"east":{"uv":[5.25,5.0,5.75,5.25],"texture":"#layer0","tintindex":0},"south":{"uv":[7.25,6.75,7.375,7.0],"texture":"#layer0","tintindex":0},"north":{"uv":[3.0,7.25,3.125,7.5],"texture":"#layer0","tintindex":0},"west":{"uv":[7.875,1.125,8.375,1.375],"texture":"#layer0","tintindex":0},"up":{"uv":[0.875,4.625,0.75,4.125],"texture":"#layer0","tintindex":0},"down":{"uv":[1.625,4.625,1.75,5.125],"texture":"#layer0","tintindex":0}}},{"name":"owl_head_2","from":[6.5,9.2,5.75],"to":[6.95,9.65,6.2],"rotation":{"angle":0.0,"axis":"z","origin":[8.0,8.0,8.0]},"faces":{"east":{"uv":[5.875,7.0,6.0,7.125],"texture":"#layer0","tintindex":0},"south":{"uv":[2.125,7.125,2.25,7.25],"texture":"#layer0","tintindex":0},"north":{"uv":[6.875,2.5,7.0,2.625],"texture":"#layer0","tintindex":0},"west":{"uv":[7.125,4.25,7.25,4.375],"texture":"#layer0","tintindex":0},"up":{"uv":[6.375,7.75,6.25,7.625],"texture":"#layer0","tintindex":0},"down":{"uv":[6.875,7.625,7.0,7.75],"texture":"#layer0","tintindex":0}}},{"name":"owl_head_3","from":[6.95,8.9,5.75],"to":[9.05,9.35,6.2],"rotation":{"angle":0.0,"axis":"z","origin":[8.0,8.0,8.0]},"faces":{"east":{"uv":[1.375,6.75,1.5,6.875],"texture":"#layer0","tintindex":0},"south":{"uv":[5.125,3.125,5.625,3.25],"texture":"#layer0","tintindex":0},"north":{"uv":[3.5,5.0,4.0,5.125],"texture":"#layer0","tintindex":0},"west":{"uv":[6.75,1.0,6.875,1.125],"texture":"#layer0","tintindex":0},"up":{"uv":[6.5,1.75,6.0,1.625],"texture":"#layer0","tintindex":0},"down":{"uv":[7.375,7.25,7.875,7.375],"texture":"#layer0","tintindex":0}}},{"name":"owl_head_4","from":[9.05,9.2,5.75],"to":[9.5,9.65,6.2],"rotation":{"angle":0.0,"axis":"z","origin":[8.0,8.0,8.0]},"faces":{"east":{"uv":[6.875,7.75,7.0,7.875],"texture":"#layer0","tintindex":0},"south":{"uv":[0.75,7.875,0.875,8.0],"texture":"#layer0","tintindex":0},"north":{"uv":[6.25,7.75,6.375,7.875],"texture":"#layer0","tintindex":0},"west":{"uv":[7.0,8.0,7.125,8.125],"texture":"#layer0","tintindex":0},"up":{"uv":[7.25,8.125,7.125,8.0],"texture":"#layer0","tintindex":0},"down":{"uv":[7.25,8.0,7.375,8.125],"texture":"#layer0","tintindex":0}}}],"display":{"head":{"translation":[0.0,-6.4,0.0],"rotation":[0.0,0.0,0.0],"scale":[3.8095,3.8095,3.8095]},"gui":{"translation":[0.0,0.0,0.0],"rotation":[35.0,225.0,0.0],"scale":[0.625,0.625,0.625]}}}