{"credit":"Copyright ManaLabs Inc","texture_size":[32,32],"textures":{"0":"manalabs:crates/valentines22_crate/bear_hood","particle":"manalabs:crates/valentines22_crate/bear_hood"},"elements":[{"from":[3,0,5],"to":[13,9,13],"faces":{"north":{"uv":[0,0,5,4.5],"texture":"#0"},"east":{"uv":[5,8,9,12.5],"texture":"#0"},"south":{"uv":[0,4.5,5,9],"texture":"#0"},"west":{"uv":[0,9,4,13.5],"texture":"#0"},"up":{"uv":[10,4,5,0],"texture":"#0"},"down":{"uv":[10,4,5,8],"texture":"#0"}}},{"from":[10.5,7.25,7],"to":[14.5,11.25,9],"rotation":{"angle":0,"axis":"y","origin":[12,9.25,8]},"faces":{"north":{"uv":[11,12,13,14],"texture":"#0"},"east":{"uv":[6,13,7,15],"texture":"#0"},"south":{"uv":[12,4,14,6],"texture":"#0"},"west":{"uv":[12,10,13,12],"texture":"#0"},"up":{"uv":[15,12,13,11],"texture":"#0"},"down":{"uv":[15,13,13,14],"texture":"#0"}}},{"from":[1.5,7.25,7],"to":[5.5,11.25,9],"rotation":{"angle":0,"axis":"y","origin":[4,9.25,8]},"faces":{"north":{"uv":[13,12,11,14],"texture":"#0"},"east":{"uv":[13,10,12,12],"texture":"#0"},"south":{"uv":[14,4,12,6],"texture":"#0"},"west":{"uv":[7,13,6,15],"texture":"#0"},"up":{"uv":[13,12,15,11],"texture":"#0"},"down":{"uv":[13,13,15,14],"texture":"#0"}}}],"gui_light":"front","display":{"thirdperson_righthand":{"rotation":[75,45,0],"translation":[0,2.5,0],"scale":[0.375,0.375,0.375]},"thirdperson_lefthand":{"rotation":[75,45,0],"translation":[0,2.5,0],"scale":[0.375,0.375,0.375]},"firstperson_righthand":{"rotation":[0,28,0],"translation":[1.5,3.25,0],"scale":[0.4,0.4,0.4]},"firstperson_lefthand":{"rotation":[0,28,0],"translation":[1.5,3.25,0],"scale":[0.4,0.4,0.4]},"ground":{"translation":[0,5,0]},"gui":{"rotation":[30,225,0],"translation":[0.5,2,0]},"head":{"translation":[0,6.25,0],"scale":[1.6,1.6,1.6]},"fixed":{"translation":[0,2.75,-1.75]}},"groups":[{"name":"steve","origin":[8,8,8],"color":0,"children":[0,1,2]}]}