{"display":{"thirdperson_righthand":{"rotation":[90,0,0],"translation":[0,3.75,7.5],"scale":[1.4,1.4,1.4]},"firstperson_righthand":{"rotation":[85,0,-20],"translation":[3.5,4,3]},"gui":{"rotation":[90,-45,0],"translation":[-1,-1.25,0],"scale":[1.4,1.4,1.4]},"fixed":{"rotation":[90,45,0],"translation":[1.5,-0.25,0],"scale":[1.5,1.5,1.5]}},"texture_size":[128,128],"textures":{"0":"manamodels/gorilla","particle":"manamodels/gorilla"},"elements":[{"name":"lowerarm_right_2","from":[6.8,2.8,9.8],"to":[9.2,5.2,13.4],"rotation":{"angle":0,"axis":"y","origin":[8,13,17]},"faces":{"north":{"uv":[6.125,2,6.625,2.5],"texture":"#0","tintindex":0},"east":{"uv":[4,9,4.75,9.5],"texture":"#0","tintindex":0},"south":{"uv":[6,7,6.5,7.5],"texture":"#0","tintindex":0},"west":{"uv":[4.75,9,5.5,9.5],"texture":"#0","tintindex":0},"up":{"uv":[6,9.75,5.5,9],"texture":"#0","tintindex":0},"down":{"uv":[9,9,9.5,9.75],"texture":"#0","tintindex":0}}},{"name":"lowerarm_right_3","from":[6.2,2.2,6.2],"to":[9.8,5.8,9.8],"rotation":{"angle":0,"axis":"y","origin":[8,13,17]},"faces":{"north":{"uv":[8.25,8.5,9,9.25],"texture":"#0","tintindex":0},"east":{"uv":[8.5,1.875,9.25,2.625],"texture":"#0","tintindex":0},"south":{"uv":[8.5,5.625,9.25,6.375],"texture":"#0","tintindex":0},"west":{"uv":[8.5,6.375,9.25,7.125],"texture":"#0","tintindex":0},"up":{"uv":[9.375,3.375,8.625,2.625],"texture":"#0","tintindex":0},"down":{"uv":[8.75,7.125,9.5,7.875],"texture":"#0","tintindex":0}}},{"name":"lowerarm_right_4","from":[5.6,1.6,1.4],"to":[10.4,6.4,6.2],"rotation":{"angle":0,"axis":"y","origin":[8,13,17]},"faces":{"north":{"uv":[6.75,2,7.75,3],"texture":"#0","tintindex":0},"east":{"uv":[6.875,3,7.875,4],"texture":"#0","tintindex":0},"south":{"uv":[1,7,2,8],"texture":"#0","tintindex":0},"west":{"uv":[2,7,3,8],"texture":"#0","tintindex":0},"up":{"uv":[4,8,3,7],"texture":"#0","tintindex":0},"down":{"uv":[4,7,5,8],"texture":"#0","tintindex":0}}}]}